mouvement_id,produit_id,date_mouvement,type,quantite
1,1,2023-12-15,ENTREE,521
2,2,2023-12-15,ENTREE,995
3,3,2023-12-15,ENTREE,812
4,4,2023-12-15,ENTREE,873
5,5,2023-12-15,ENTREE,933
6,6,2023-12-15,ENTREE,243
7,7,2023-12-15,ENTREE,620
8,8,2023-12-15,ENTREE,571
9,9,2023-12-15,ENTREE,793
10,10,2023-12-15,ENTREE,453
11,11,2023-12-15,ENTREE,487
12,12,2023-12-15,ENTREE,875
13,13,2023-12-15,ENTREE,314
14,14,2023-12-15,ENTREE,348
15,15,2023-12-15,ENTREE,598
16,16,2023-12-15,ENTREE,944
17,17,2023-12-15,ENTREE,330
18,18,2023-12-15,ENTREE,218
19,19,2023-12-15,ENTREE,699
20,20,2023-12-15,ENTREE,241
21,21,2023-12-15,ENTREE,511
22,22,2023-12-15,ENTREE,831
23,23,2023-12-15,ENTREE,821
24,24,2023-12-15,ENTREE,614
25,25,2023-12-15,ENTREE,408
26,26,2023-12-15,ENTREE,797
27,27,2023-12-15,ENTREE,960
28,28,2023-12-15,ENTREE,611
29,29,2023-12-15,ENTREE,777
30,30,2023-12-15,ENTREE,250
31,31,2023-12-15,ENTREE,321
32,32,2023-12-15,ENTREE,656
33,33,2023-12-15,ENTREE,518
34,34,2023-12-15,ENTREE,421
35,35,2023-12-15,ENTREE,351
36,3,2024-01-01,SORTIE,17
37,11,2024-01-01,SORTIE,23
38,32,2024-01-01,SORTIE,20
39,5,2024-01-01,SORTIE,22
40,13,2024-01-01,ENTREE,385
41,2,2024-01-02,SORTIE,26
42,33,2024-01-02,SORTIE,18
43,25,2024-01-02,SORTIE,9
44,24,2024-01-02,SORTIE,15
45,7,2024-01-02,SORTIE,29
46,26,2024-01-02,SORTIE,10
47,22,2024-01-02,SORTIE,17
48,8,2024-01-03,SORTIE,13
49,2,2024-01-03,SORTIE,24
50,24,2024-01-03,SORTIE,1
51,16,2024-01-03,SORTIE,7
52,13,2024-01-03,SORTIE,19
53,4,2024-01-03,SORTIE,18
54,13,2024-01-03,SORTIE,29
55,6,2024-01-03,SORTIE,1
56,19,2024-01-03,SORTIE,19
57,24,2024-01-03,SORTIE,26
58,32,2024-01-03,SORTIE,19
59,7,2024-01-03,SORTIE,22
60,33,2024-01-03,SORTIE,2
61,7,2024-01-03,SORTIE,18
62,24,2024-01-03,SORTIE,18
63,17,2024-01-03,SORTIE,26
64,27,2024-01-03,SORTIE,7
65,33,2024-01-03,SORTIE,7
66,14,2024-01-03,SORTIE,14
67,1,2024-01-03,SORTIE,26
68,11,2024-01-03,SORTIE,2
69,18,2024-01-03,SORTIE,16
70,27,2024-01-03,SORTIE,18
71,34,2024-01-03,SORTIE,21
72,18,2024-01-03,SORTIE,29
73,4,2024-01-04,SORTIE,15
74,33,2024-01-04,SORTIE,15
75,11,2024-01-04,SORTIE,27
76,30,2024-01-04,SORTIE,24
77,12,2024-01-04,SORTIE,20
78,4,2024-01-04,SORTIE,18
79,17,2024-01-04,SORTIE,12
80,22,2024-01-04,SORTIE,12
81,5,2024-01-04,SORTIE,17
82,31,2024-01-04,SORTIE,29
83,31,2024-01-04,SORTIE,15
84,14,2024-01-04,SORTIE,21
85,33,2024-01-04,SORTIE,28
86,12,2024-01-04,SORTIE,7
87,1,2024-01-04,SORTIE,20
88,30,2024-01-04,SORTIE,24
89,16,2024-01-04,SORTIE,4
90,15,2024-01-05,SORTIE,19
91,9,2024-01-05,SORTIE,24
92,26,2024-01-05,SORTIE,30
93,30,2024-01-05,SORTIE,28
94,25,2024-01-06,SORTIE,30
95,2,2024-01-06,SORTIE,24
96,16,2024-01-06,SORTIE,28
97,9,2024-01-06,SORTIE,12
98,4,2024-01-06,SORTIE,22
99,14,2024-01-06,SORTIE,29
100,16,2024-01-07,SORTIE,23
101,7,2024-01-07,SORTIE,15
102,26,2024-01-07,SORTIE,4
103,30,2024-01-07,SORTIE,28
104,25,2024-01-07,SORTIE,7
105,9,2024-01-07,SORTIE,11
106,25,2024-01-07,SORTIE,19
107,27,2024-01-07,SORTIE,12
108,25,2024-01-07,SORTIE,24
109,27,2024-01-07,SORTIE,10
110,23,2024-01-07,SORTIE,9
111,27,2024-01-07,SORTIE,5
112,5,2024-01-07,SORTIE,2
113,12,2024-01-07,SORTIE,5
114,20,2024-01-07,SORTIE,12
115,5,2024-01-07,SORTIE,27
116,10,2024-01-07,SORTIE,13
117,4,2024-01-07,SORTIE,21
118,33,2024-01-08,SORTIE,13
119,3,2024-01-08,SORTIE,18
120,32,2024-01-08,SORTIE,10
121,14,2024-01-08,SORTIE,11
122,9,2024-01-08,SORTIE,13
123,24,2024-01-08,SORTIE,8
124,34,2024-01-08,SORTIE,11
125,17,2024-01-08,SORTIE,19
126,24,2024-01-08,SORTIE,8
127,8,2024-01-08,SORTIE,4
128,4,2024-01-08,SORTIE,26
129,1,2024-01-08,SORTIE,9
130,17,2024-01-08,SORTIE,29
131,26,2024-01-08,SORTIE,30
132,31,2024-01-08,SORTIE,1
133,17,2024-01-08,SORTIE,25
134,6,2024-01-08,SORTIE,24
135,23,2024-01-08,SORTIE,2
136,17,2024-01-09,SORTIE,17
137,28,2024-01-09,SORTIE,5
138,3,2024-01-09,SORTIE,13
139,6,2024-01-09,SORTIE,4
140,6,2024-01-09,SORTIE,14
141,12,2024-01-09,SORTIE,20
142,34,2024-01-09,SORTIE,2
143,17,2024-01-09,SORTIE,12
144,25,2024-01-09,SORTIE,24
145,19,2024-01-09,SORTIE,15
146,17,2024-01-09,SORTIE,23
147,13,2024-01-09,SORTIE,26
148,8,2024-01-09,SORTIE,4
149,26,2024-01-09,SORTIE,16
150,2,2024-01-10,SORTIE,7
151,28,2024-01-10,SORTIE,17
152,16,2024-01-10,SORTIE,27
153,2,2024-01-10,SORTIE,22
154,4,2024-01-10,SORTIE,23
155,29,2024-01-10,SORTIE,27
156,15,2024-01-10,SORTIE,30
157,24,2024-01-10,SORTIE,7
158,23,2024-01-10,SORTIE,2
159,22,2024-01-10,SORTIE,1
160,6,2024-01-10,SORTIE,29
161,10,2024-01-10,SORTIE,20
162,14,2024-01-10,SORTIE,16
163,23,2024-01-10,SORTIE,26
164,10,2024-01-10,SORTIE,8
165,27,2024-01-11,SORTIE,1
166,10,2024-01-11,SORTIE,24
167,30,2024-01-11,SORTIE,3
168,19,2024-01-11,SORTIE,22
169,29,2024-01-11,SORTIE,5
170,26,2024-01-11,SORTIE,19
171,25,2024-01-11,SORTIE,25
172,17,2024-01-11,SORTIE,13
173,31,2024-01-11,SORTIE,17
174,20,2024-01-11,SORTIE,21
175,29,2024-01-11,SORTIE,30
176,5,2024-01-11,SORTIE,13
177,30,2024-01-11,SORTIE,17
178,10,2024-01-11,SORTIE,24
179,17,2024-01-11,SORTIE,27
180,31,2024-01-11,SORTIE,2
181,6,2024-01-12,SORTIE,14
182,7,2024-01-12,SORTIE,27
183,10,2024-01-12,SORTIE,1
184,2,2024-01-12,SORTIE,15
185,8,2024-01-12,SORTIE,1
186,20,2024-01-12,SORTIE,26
187,18,2024-01-12,SORTIE,22
188,34,2024-01-12,SORTIE,26
189,9,2024-01-12,SORTIE,3
190,19,2024-01-12,SORTIE,10
191,4,2024-01-12,SORTIE,16
192,30,2024-01-12,SORTIE,10
193,12,2024-01-12,SORTIE,25
194,5,2024-01-12,SORTIE,8
195,26,2024-01-12,SORTIE,30
196,28,2024-01-12,SORTIE,21
197,20,2024-01-12,SORTIE,20
198,17,2024-01-12,SORTIE,8
199,12,2024-01-12,SORTIE,7
200,25,2024-01-12,SORTIE,10
201,7,2024-01-12,SORTIE,7
202,15,2024-01-12,SORTIE,6
203,21,2024-01-12,ENTREE,264
204,32,2024-01-13,SORTIE,7
205,13,2024-01-13,SORTIE,27
206,30,2024-01-13,SORTIE,12
207,22,2024-01-13,SORTIE,1
208,29,2024-01-13,SORTIE,19
209,18,2024-01-13,SORTIE,24
210,29,2024-01-13,SORTIE,23
211,21,2024-01-13,SORTIE,25
212,11,2024-01-13,SORTIE,12
213,33,2024-01-13,SORTIE,17
214,31,2024-01-14,SORTIE,6
215,13,2024-01-14,SORTIE,18
216,33,2024-01-14,SORTIE,24
217,21,2024-01-14,SORTIE,11
218,29,2024-01-14,SORTIE,24
219,15,2024-01-14,SORTIE,12
220,3,2024-01-14,SORTIE,14
221,33,2024-01-14,SORTIE,28
222,34,2024-01-14,SORTIE,16
223,17,2024-01-14,SORTIE,27
224,17,2024-01-14,SORTIE,1
225,20,2024-01-14,SORTIE,18
226,14,2024-01-14,SORTIE,7
227,2,2024-01-14,SORTIE,22
228,9,2024-01-14,SORTIE,11
229,35,2024-01-14,SORTIE,29
230,4,2024-01-14,SORTIE,8
231,30,2024-01-14,SORTIE,16
232,19,2024-01-14,SORTIE,18
233,32,2024-01-14,ENTREE,442
234,33,2024-01-15,SORTIE,19
235,26,2024-01-15,SORTIE,20
236,34,2024-01-15,SORTIE,9
237,7,2024-01-15,SORTIE,4
238,15,2024-01-15,SORTIE,8
239,35,2024-01-15,SORTIE,2
240,26,2024-01-15,SORTIE,17
241,18,2024-01-15,SORTIE,13
242,25,2024-01-16,SORTIE,19
243,1,2024-01-16,SORTIE,5
244,34,2024-01-16,SORTIE,22
245,31,2024-01-16,SORTIE,26
246,5,2024-01-16,SORTIE,15
247,24,2024-01-16,SORTIE,21
248,20,2024-01-16,SORTIE,27
249,3,2024-01-16,SORTIE,4
250,8,2024-01-16,SORTIE,14
251,33,2024-01-16,SORTIE,22
252,21,2024-01-16,SORTIE,22
253,32,2024-01-16,SORTIE,4
254,34,2024-01-16,SORTIE,6
255,25,2024-01-16,SORTIE,9
256,3,2024-01-16,SORTIE,6
257,8,2024-01-16,SORTIE,28
258,28,2024-01-16,SORTIE,5
259,27,2024-01-16,SORTIE,14
260,11,2024-01-16,SORTIE,22
261,33,2024-01-16,ENTREE,154
262,1,2024-01-17,SORTIE,21
263,4,2024-01-17,SORTIE,10
264,11,2024-01-17,SORTIE,24
265,17,2024-01-17,SORTIE,15
266,26,2024-01-17,SORTIE,15
267,2,2024-01-17,SORTIE,9
268,18,2024-01-17,SORTIE,22
269,35,2024-01-17,SORTIE,19
270,22,2024-01-17,SORTIE,11
271,13,2024-01-17,SORTIE,6
272,26,2024-01-17,SORTIE,1
273,30,2024-01-17,SORTIE,19
274,22,2024-01-17,SORTIE,18
275,7,2024-01-17,SORTIE,3
276,14,2024-01-17,SORTIE,6
277,34,2024-01-17,SORTIE,19
278,25,2024-01-17,SORTIE,18
279,31,2024-01-18,SORTIE,4
280,21,2024-01-18,SORTIE,26
281,8,2024-01-18,SORTIE,20
282,27,2024-01-18,SORTIE,7
283,6,2024-01-18,SORTIE,14
284,33,2024-01-18,SORTIE,2
285,33,2024-01-18,SORTIE,13
286,34,2024-01-18,SORTIE,2
287,26,2024-01-18,SORTIE,16
288,18,2024-01-18,SORTIE,10
289,12,2024-01-18,SORTIE,15
290,32,2024-01-18,SORTIE,4
291,11,2024-01-18,SORTIE,29
292,20,2024-01-18,SORTIE,4
293,35,2024-01-18,SORTIE,11
294,19,2024-01-18,ENTREE,469
295,29,2024-01-19,SORTIE,28
296,33,2024-01-19,SORTIE,11
297,34,2024-01-19,SORTIE,25
298,16,2024-01-19,SORTIE,22
299,2,2024-01-19,SORTIE,16
300,6,2024-01-20,SORTIE,17
301,33,2024-01-20,SORTIE,22
302,19,2024-01-20,SORTIE,14
303,31,2024-01-20,SORTIE,12
304,31,2024-01-20,SORTIE,12
305,4,2024-01-20,SORTIE,24
306,25,2024-01-20,SORTIE,21
307,17,2024-01-20,SORTIE,14
308,33,2024-01-20,SORTIE,15
309,1,2024-01-20,SORTIE,29
310,21,2024-01-20,SORTIE,26
311,29,2024-01-20,SORTIE,22
312,9,2024-01-20,SORTIE,1
313,30,2024-01-20,SORTIE,4
314,24,2024-01-20,SORTIE,12
315,1,2024-01-20,SORTIE,18
316,15,2024-01-20,SORTIE,10
317,27,2024-01-20,SORTIE,23
318,11,2024-01-20,SORTIE,27
319,14,2024-01-20,SORTIE,5
320,9,2024-01-20,SORTIE,18
321,14,2024-01-20,SORTIE,25
322,7,2024-01-21,SORTIE,20
323,23,2024-01-21,SORTIE,7
324,14,2024-01-21,SORTIE,8
325,3,2024-01-21,SORTIE,25
326,4,2024-01-21,SORTIE,22
327,24,2024-01-21,SORTIE,7
328,1,2024-01-21,SORTIE,11
329,11,2024-01-21,SORTIE,18
330,27,2024-01-21,SORTIE,23
331,4,2024-01-21,SORTIE,4
332,20,2024-01-21,SORTIE,2
333,6,2024-01-21,SORTIE,26
334,11,2024-01-22,SORTIE,29
335,30,2024-01-22,SORTIE,14
336,16,2024-01-22,SORTIE,30
337,20,2024-01-22,SORTIE,11
338,31,2024-01-22,SORTIE,4
339,26,2024-01-22,SORTIE,17
340,25,2024-01-23,SORTIE,22
341,12,2024-01-23,SORTIE,6
342,24,2024-01-23,SORTIE,26
343,26,2024-01-23,SORTIE,28
344,2,2024-01-23,SORTIE,3
345,9,2024-01-23,SORTIE,9
346,25,2024-01-23,SORTIE,6
347,33,2024-01-23,SORTIE,25
348,25,2024-01-23,SORTIE,25
349,11,2024-01-23,SORTIE,4
350,22,2024-01-23,ENTREE,338
351,9,2024-01-24,SORTIE,21
352,28,2024-01-24,SORTIE,15
353,3,2024-01-24,SORTIE,22
354,3,2024-01-24,SORTIE,1
355,19,2024-01-24,SORTIE,28
356,7,2024-01-25,SORTIE,28
357,9,2024-01-25,SORTIE,6
358,22,2024-01-25,SORTIE,24
359,26,2024-01-25,SORTIE,20
360,33,2024-01-25,SORTIE,24
361,2,2024-01-25,SORTIE,29
362,30,2024-01-25,SORTIE,15
363,22,2024-01-25,SORTIE,19
364,29,2024-01-25,SORTIE,20
365,4,2024-01-25,SORTIE,4
366,33,2024-01-25,SORTIE,25
367,16,2024-01-25,SORTIE,2
368,11,2024-01-25,SORTIE,24
369,16,2024-01-25,SORTIE,9
370,6,2024-01-25,SORTIE,23
371,24,2024-01-25,SORTIE,14
372,20,2024-01-25,SORTIE,7
373,29,2024-01-26,SORTIE,30
374,3,2024-01-26,SORTIE,5
375,1,2024-01-26,SORTIE,28
376,31,2024-01-26,SORTIE,23
377,21,2024-01-26,SORTIE,14
378,7,2024-01-26,SORTIE,11
379,19,2024-01-26,SORTIE,21
380,16,2024-01-26,SORTIE,15
381,30,2024-01-26,SORTIE,4
382,25,2024-01-26,SORTIE,13
383,33,2024-01-26,SORTIE,18
384,14,2024-01-26,SORTIE,11
385,34,2024-01-26,SORTIE,2
386,9,2024-01-26,SORTIE,13
387,28,2024-01-26,SORTIE,21
388,33,2024-01-26,SORTIE,21
389,11,2024-01-26,SORTIE,7
390,32,2024-01-26,SORTIE,7
391,9,2024-01-26,SORTIE,2
392,9,2024-01-26,SORTIE,24
393,17,2024-01-27,SORTIE,29
394,1,2024-01-27,SORTIE,30
395,12,2024-01-27,SORTIE,2
396,19,2024-01-27,SORTIE,18
397,28,2024-01-27,SORTIE,5
398,1,2024-01-27,SORTIE,8
399,4,2024-01-27,SORTIE,2
400,12,2024-01-27,SORTIE,29
401,34,2024-01-27,SORTIE,24
402,24,2024-01-27,SORTIE,9
403,1,2024-01-27,SORTIE,4
404,8,2024-01-27,SORTIE,16
405,15,2024-01-27,SORTIE,3
406,25,2024-01-27,SORTIE,30
407,30,2024-01-28,SORTIE,25
408,35,2024-01-28,SORTIE,9
409,26,2024-01-28,SORTIE,3
410,22,2024-01-28,SORTIE,18
411,27,2024-01-28,SORTIE,13
412,32,2024-01-28,SORTIE,29
413,20,2024-01-28,SORTIE,21
414,3,2024-01-28,SORTIE,25
415,2,2024-01-28,SORTIE,17
416,6,2024-01-28,SORTIE,3
417,33,2024-01-28,SORTIE,1
418,10,2024-01-28,SORTIE,17
419,14,2024-01-28,SORTIE,29
420,24,2024-01-28,SORTIE,25
421,34,2024-01-28,SORTIE,19
422,21,2024-01-28,SORTIE,29
423,32,2024-01-28,SORTIE,21
424,22,2024-01-28,SORTIE,26
425,27,2024-01-28,SORTIE,12
426,35,2024-01-28,SORTIE,3
427,5,2024-01-28,SORTIE,8
428,35,2024-01-28,SORTIE,23
429,29,2024-01-28,SORTIE,19
430,13,2024-01-28,SORTIE,26
431,22,2024-01-28,SORTIE,11
432,23,2024-01-28,SORTIE,15
433,18,2024-01-28,SORTIE,20
434,31,2024-01-28,SORTIE,1
435,32,2024-01-29,SORTIE,3
436,32,2024-01-29,SORTIE,19
437,34,2024-01-29,SORTIE,21
438,33,2024-01-29,SORTIE,15
439,20,2024-01-29,SORTIE,30
440,4,2024-01-29,SORTIE,27
441,35,2024-01-29,SORTIE,17
442,26,2024-01-29,SORTIE,11
443,11,2024-01-29,SORTIE,4
444,6,2024-01-29,SORTIE,20
445,27,2024-01-29,SORTIE,19
446,14,2024-01-29,SORTIE,3
447,7,2024-01-29,SORTIE,4
448,10,2024-01-29,SORTIE,19
449,14,2024-01-29,SORTIE,7
450,12,2024-01-29,SORTIE,29
451,17,2024-01-29,SORTIE,23
452,12,2024-01-29,SORTIE,20
453,28,2024-01-29,SORTIE,25
454,19,2024-01-29,SORTIE,6
455,26,2024-01-29,SORTIE,26
456,22,2024-01-29,SORTIE,30
457,12,2024-01-29,ENTREE,413
458,19,2024-01-30,SORTIE,23
459,20,2024-01-30,SORTIE,10
460,12,2024-01-30,SORTIE,2
461,20,2024-01-30,SORTIE,22
462,12,2024-01-30,SORTIE,29
463,14,2024-01-30,SORTIE,15
464,4,2024-01-30,SORTIE,18
465,11,2024-01-30,SORTIE,21
466,31,2024-01-30,SORTIE,4
467,1,2024-01-30,SORTIE,24
468,1,2024-01-30,SORTIE,20
469,25,2024-01-30,SORTIE,5
470,17,2024-01-30,SORTIE,18
471,3,2024-01-30,SORTIE,18
472,4,2024-01-30,SORTIE,6
473,13,2024-01-30,SORTIE,30
474,34,2024-01-30,SORTIE,14
475,18,2024-01-30,SORTIE,11
476,14,2024-01-30,SORTIE,4
477,23,2024-01-30,SORTIE,3
478,27,2024-01-30,SORTIE,30
479,13,2024-01-30,SORTIE,26
480,9,2024-01-30,SORTIE,24
481,33,2024-01-30,SORTIE,11
482,1,2024-01-31,SORTIE,22
483,18,2024-01-31,SORTIE,22
484,2,2024-01-31,SORTIE,5
485,14,2024-01-31,SORTIE,7
486,10,2024-01-31,SORTIE,13
487,25,2024-01-31,SORTIE,29
488,33,2024-01-31,SORTIE,30
489,3,2024-01-31,SORTIE,2
490,22,2024-01-31,SORTIE,9
491,3,2024-01-31,SORTIE,17
492,20,2024-01-31,ENTREE,315
493,6,2024-02-01,SORTIE,25
494,31,2024-02-01,SORTIE,13
495,28,2024-02-01,SORTIE,21
496,5,2024-02-01,SORTIE,17
497,7,2024-02-01,SORTIE,19
498,28,2024-02-01,SORTIE,10
499,15,2024-02-01,SORTIE,8
500,17,2024-02-01,SORTIE,8
501,11,2024-02-01,SORTIE,24
502,32,2024-02-01,SORTIE,12
503,25,2024-02-01,SORTIE,30
504,30,2024-02-01,SORTIE,17
505,6,2024-02-01,SORTIE,9
506,26,2024-02-01,SORTIE,29
507,29,2024-02-01,SORTIE,14
508,33,2024-02-01,SORTIE,2
509,11,2024-02-01,SORTIE,8
510,23,2024-02-01,SORTIE,13
511,15,2024-02-01,SORTIE,19
512,21,2024-02-01,SORTIE,2
513,35,2024-02-01,SORTIE,21
514,6,2024-02-01,ENTREE,327
515,10,2024-02-02,SORTIE,14
516,4,2024-02-02,SORTIE,3
517,35,2024-02-02,SORTIE,25
518,14,2024-02-02,SORTIE,11
519,24,2024-02-02,SORTIE,27
520,21,2024-02-02,SORTIE,18
521,26,2024-02-02,SORTIE,10
522,19,2024-02-02,SORTIE,5
523,10,2024-02-02,SORTIE,30
524,26,2024-02-02,SORTIE,22
525,30,2024-02-02,SORTIE,2
526,13,2024-02-02,SORTIE,21
527,31,2024-02-02,SORTIE,7
528,14,2024-02-02,SORTIE,10
529,4,2024-02-02,SORTIE,9
530,23,2024-02-02,SORTIE,30
531,24,2024-02-03,SORTIE,28
532,21,2024-02-03,SORTIE,11
533,35,2024-02-03,SORTIE,14
534,14,2024-02-03,SORTIE,25
535,18,2024-02-03,SORTIE,16
536,2,2024-02-03,SORTIE,26
537,33,2024-02-03,SORTIE,12
538,18,2024-02-03,SORTIE,13
539,25,2024-02-03,SORTIE,22
540,6,2024-02-03,SORTIE,20
541,11,2024-02-03,SORTIE,29
542,1,2024-02-03,SORTIE,24
543,6,2024-02-03,SORTIE,3
544,23,2024-02-03,SORTIE,5
545,35,2024-02-03,SORTIE,8
546,27,2024-02-03,SORTIE,25
547,31,2024-02-03,SORTIE,22
548,31,2024-02-03,SORTIE,12
549,27,2024-02-03,SORTIE,14
550,25,2024-02-03,SORTIE,13
551,19,2024-02-03,SORTIE,24
552,7,2024-02-03,SORTIE,2
553,12,2024-02-03,SORTIE,16
554,25,2024-02-03,SORTIE,17
555,16,2024-02-03,SORTIE,11
556,35,2024-02-03,SORTIE,20
557,10,2024-02-04,SORTIE,3
558,7,2024-02-04,SORTIE,10
559,27,2024-02-04,SORTIE,30
560,2,2024-02-04,SORTIE,14
561,13,2024-02-04,SORTIE,26
562,21,2024-02-04,SORTIE,7
563,8,2024-02-04,SORTIE,30
564,12,2024-02-04,SORTIE,26
565,34,2024-02-04,SORTIE,26
566,20,2024-02-04,SORTIE,18
567,22,2024-02-04,SORTIE,4
568,10,2024-02-04,SORTIE,6
569,35,2024-02-04,SORTIE,19
570,34,2024-02-04,SORTIE,11
571,29,2024-02-04,SORTIE,25
572,15,2024-02-04,SORTIE,28
573,1,2024-02-05,SORTIE,13
574,1,2024-02-05,SORTIE,27
575,4,2024-02-05,SORTIE,14
576,12,2024-02-05,SORTIE,6
577,5,2024-02-05,SORTIE,26
578,25,2024-02-05,SORTIE,29
579,12,2024-02-05,SORTIE,23
580,15,2024-02-05,SORTIE,28
581,13,2024-02-05,SORTIE,14
582,19,2024-02-05,SORTIE,5
583,21,2024-02-05,SORTIE,10
584,14,2024-02-05,SORTIE,3
585,4,2024-02-05,SORTIE,22
586,34,2024-02-05,SORTIE,6
587,17,2024-02-05,SORTIE,11
588,19,2024-02-05,SORTIE,29
589,31,2024-02-05,SORTIE,27
590,33,2024-02-05,SORTIE,5
591,4,2024-02-05,SORTIE,4
592,8,2024-02-06,SORTIE,1
593,24,2024-02-06,SORTIE,14
594,30,2024-02-06,SORTIE,14
595,17,2024-02-06,SORTIE,29
596,28,2024-02-06,SORTIE,28
597,11,2024-02-06,SORTIE,28
598,29,2024-02-06,SORTIE,27
599,4,2024-02-06,SORTIE,20
600,10,2024-02-06,SORTIE,26
601,16,2024-02-06,SORTIE,2
602,15,2024-02-06,SORTIE,11
603,22,2024-02-07,SORTIE,18
604,27,2024-02-07,SORTIE,14
605,25,2024-02-07,SORTIE,15
606,13,2024-02-07,SORTIE,20
607,1,2024-02-07,SORTIE,14
608,2,2024-02-07,SORTIE,19
609,3,2024-02-07,SORTIE,13
610,25,2024-02-07,SORTIE,7
611,17,2024-02-07,SORTIE,22
612,17,2024-02-07,SORTIE,2
613,23,2024-02-07,SORTIE,28
614,18,2024-02-07,SORTIE,16
615,33,2024-02-07,SORTIE,12
616,23,2024-02-07,SORTIE,26
617,27,2024-02-07,SORTIE,3
618,8,2024-02-07,SORTIE,23
619,3,2024-02-07,SORTIE,18
620,33,2024-02-07,SORTIE,12
621,1,2024-02-08,SORTIE,14
622,27,2024-02-08,SORTIE,2
623,29,2024-02-08,SORTIE,3
624,24,2024-02-08,SORTIE,23
625,15,2024-02-08,SORTIE,26
626,14,2024-02-08,SORTIE,30
627,31,2024-02-08,SORTIE,10
628,13,2024-02-08,SORTIE,4
629,12,2024-02-08,SORTIE,30
630,30,2024-02-08,SORTIE,9
631,30,2024-02-08,SORTIE,12
632,1,2024-02-08,SORTIE,21
633,9,2024-02-08,SORTIE,6
634,31,2024-02-08,SORTIE,24
635,7,2024-02-08,SORTIE,30
636,1,2024-02-08,SORTIE,26
637,14,2024-02-08,SORTIE,11
638,8,2024-02-08,SORTIE,4
639,6,2024-02-08,SORTIE,2
640,25,2024-02-09,SORTIE,17
641,35,2024-02-09,SORTIE,23
642,19,2024-02-09,SORTIE,12
643,16,2024-02-09,SORTIE,9
644,10,2024-02-09,SORTIE,13
645,35,2024-02-09,SORTIE,7
646,22,2024-02-09,SORTIE,29
647,16,2024-02-09,SORTIE,21
648,12,2024-02-09,SORTIE,14
649,19,2024-02-10,SORTIE,3
650,28,2024-02-10,SORTIE,17
651,7,2024-02-10,SORTIE,27
652,27,2024-02-10,SORTIE,30
653,24,2024-02-10,SORTIE,5
654,5,2024-02-10,SORTIE,14
655,2,2024-02-10,SORTIE,13
656,17,2024-02-10,SORTIE,17
657,19,2024-02-11,SORTIE,22
658,5,2024-02-11,SORTIE,16
659,34,2024-02-11,SORTIE,15
660,20,2024-02-11,SORTIE,30
661,7,2024-02-11,SORTIE,7
662,2,2024-02-11,SORTIE,13
663,17,2024-02-11,SORTIE,17
664,32,2024-02-11,SORTIE,17
665,33,2024-02-11,SORTIE,9
666,3,2024-02-11,SORTIE,19
667,17,2024-02-11,SORTIE,15
668,25,2024-02-11,SORTIE,13
669,27,2024-02-11,SORTIE,22
670,20,2024-02-11,SORTIE,22
671,33,2024-02-11,SORTIE,3
672,35,2024-02-11,SORTIE,28
673,22,2024-02-11,SORTIE,3
674,30,2024-02-11,SORTIE,29
675,21,2024-02-11,SORTIE,12
676,18,2024-02-11,SORTIE,5
677,17,2024-02-11,SORTIE,27
678,14,2024-02-11,SORTIE,26
679,24,2024-02-11,SORTIE,9
680,30,2024-02-11,SORTIE,7
681,30,2024-02-11,SORTIE,24
682,5,2024-02-12,SORTIE,15
683,18,2024-02-12,SORTIE,19
684,31,2024-02-12,SORTIE,23
685,12,2024-02-12,SORTIE,9
686,6,2024-02-12,SORTIE,14
687,30,2024-02-12,SORTIE,23
688,16,2024-02-12,SORTIE,24
689,15,2024-02-12,SORTIE,13
690,18,2024-02-13,SORTIE,10
691,10,2024-02-13,SORTIE,22
692,26,2024-02-13,SORTIE,9
693,11,2024-02-13,SORTIE,26
694,1,2024-02-13,SORTIE,21
695,15,2024-02-13,SORTIE,7
696,26,2024-02-13,SORTIE,29
697,10,2024-02-13,SORTIE,16
698,9,2024-02-13,SORTIE,28
699,21,2024-02-14,SORTIE,24
700,32,2024-02-14,SORTIE,17
701,18,2024-02-14,SORTIE,13
702,20,2024-02-14,SORTIE,3
703,27,2024-02-14,SORTIE,11
704,32,2024-02-14,SORTIE,8
705,7,2024-02-14,SORTIE,6
706,9,2024-02-14,SORTIE,4
707,2,2024-02-14,SORTIE,16
708,13,2024-02-14,SORTIE,26
709,15,2024-02-14,SORTIE,14
710,30,2024-02-14,SORTIE,2
711,20,2024-02-14,SORTIE,18
712,34,2024-02-14,ENTREE,413
713,3,2024-02-15,SORTIE,4
714,15,2024-02-16,SORTIE,26
715,17,2024-02-16,SORTIE,1
716,19,2024-02-16,SORTIE,28
717,31,2024-02-16,SORTIE,20
718,14,2024-02-16,ENTREE,147
719,29,2024-02-17,SORTIE,26
720,9,2024-02-17,SORTIE,29
721,9,2024-02-17,SORTIE,6
722,33,2024-02-17,SORTIE,11
723,5,2024-02-17,SORTIE,16
724,14,2024-02-17,SORTIE,13
725,21,2024-02-17,SORTIE,20
726,16,2024-02-17,SORTIE,18
727,35,2024-02-17,SORTIE,10
728,1,2024-02-17,SORTIE,9
729,15,2024-02-17,SORTIE,10
730,6,2024-02-17,SORTIE,14
731,17,2024-02-18,SORTIE,10
732,20,2024-02-18,SORTIE,14
733,16,2024-02-18,SORTIE,22
734,8,2024-02-18,SORTIE,7
735,23,2024-02-18,SORTIE,23
736,10,2024-02-18,SORTIE,20
737,31,2024-02-18,SORTIE,10
738,14,2024-02-18,SORTIE,5
739,31,2024-02-18,SORTIE,10
740,15,2024-02-18,SORTIE,27
741,31,2024-02-18,SORTIE,2
742,5,2024-02-18,SORTIE,21
743,28,2024-02-18,SORTIE,2
744,32,2024-02-18,SORTIE,4
745,11,2024-02-19,SORTIE,30
746,27,2024-02-19,SORTIE,11
747,10,2024-02-19,SORTIE,30
748,13,2024-02-19,SORTIE,17
749,6,2024-02-19,SORTIE,3
750,32,2024-02-19,SORTIE,11
751,18,2024-02-19,SORTIE,5
752,7,2024-02-19,SORTIE,26
753,3,2024-02-19,SORTIE,5
754,12,2024-02-19,SORTIE,28
755,23,2024-02-19,SORTIE,7
756,16,2024-02-20,SORTIE,18
757,27,2024-02-20,SORTIE,11
758,6,2024-02-20,SORTIE,14
759,17,2024-02-20,SORTIE,3
760,27,2024-02-20,SORTIE,25
761,32,2024-02-20,SORTIE,2
762,17,2024-02-20,SORTIE,24
763,12,2024-02-20,SORTIE,1
764,30,2024-02-21,SORTIE,2
765,26,2024-02-21,SORTIE,8
766,19,2024-02-21,SORTIE,17
767,28,2024-02-21,SORTIE,23
768,25,2024-02-21,SORTIE,12
769,10,2024-02-21,SORTIE,20
770,4,2024-02-21,SORTIE,14
771,16,2024-02-21,SORTIE,11
772,22,2024-02-21,SORTIE,18
773,25,2024-02-21,SORTIE,7
774,14,2024-02-21,SORTIE,29
775,4,2024-02-21,SORTIE,24
776,12,2024-02-21,SORTIE,2
777,1,2024-02-21,SORTIE,2
778,24,2024-02-21,SORTIE,28
779,30,2024-02-21,SORTIE,22
780,29,2024-02-21,SORTIE,4
781,16,2024-02-21,SORTIE,8
782,26,2024-02-21,SORTIE,28
783,23,2024-02-21,SORTIE,24
784,27,2024-02-21,SORTIE,22
785,10,2024-02-21,SORTIE,16
786,8,2024-02-22,SORTIE,14
787,31,2024-02-22,SORTIE,13
788,8,2024-02-22,SORTIE,19
789,31,2024-02-22,SORTIE,22
790,29,2024-02-22,SORTIE,4
791,8,2024-02-22,SORTIE,22
792,24,2024-02-23,SORTIE,24
793,7,2024-02-23,SORTIE,5
794,28,2024-02-23,SORTIE,5
795,1,2024-02-23,SORTIE,1
796,12,2024-02-23,SORTIE,13
797,12,2024-02-23,SORTIE,10
798,30,2024-02-23,SORTIE,17
799,7,2024-02-24,SORTIE,6
800,17,2024-02-24,SORTIE,6
801,21,2024-02-24,SORTIE,21
802,35,2024-02-24,SORTIE,29
803,4,2024-02-24,SORTIE,25
804,15,2024-02-24,SORTIE,22
805,22,2024-02-24,SORTIE,1
806,35,2024-02-24,SORTIE,12
807,9,2024-02-24,SORTIE,20
808,15,2024-02-25,SORTIE,15
809,20,2024-02-25,SORTIE,7
810,7,2024-02-25,SORTIE,8
811,26,2024-02-25,SORTIE,15
812,11,2024-02-25,SORTIE,2
813,24,2024-02-25,SORTIE,8
814,22,2024-02-25,SORTIE,7
815,20,2024-02-25,SORTIE,13
816,5,2024-02-25,SORTIE,28
817,19,2024-02-25,SORTIE,25
818,13,2024-02-25,SORTIE,13
819,11,2024-02-25,SORTIE,3
820,31,2024-02-25,SORTIE,13
821,27,2024-02-25,SORTIE,13
822,5,2024-02-25,SORTIE,20
823,32,2024-02-25,SORTIE,16
824,10,2024-02-25,SORTIE,14
825,21,2024-02-25,SORTIE,25
826,3,2024-02-25,SORTIE,13
827,18,2024-02-25,ENTREE,407
828,20,2024-02-26,SORTIE,22
829,3,2024-02-26,SORTIE,27
830,9,2024-02-26,SORTIE,3
831,26,2024-02-26,SORTIE,25
832,34,2024-02-26,SORTIE,12
833,34,2024-02-26,SORTIE,3
834,16,2024-02-26,SORTIE,18
835,9,2024-02-26,SORTIE,12
836,32,2024-02-26,ENTREE,139
837,22,2024-02-27,SORTIE,12
838,23,2024-02-27,SORTIE,21
839,25,2024-02-27,SORTIE,26
840,31,2024-02-27,SORTIE,6
841,26,2024-02-27,SORTIE,26
842,21,2024-02-27,SORTIE,27
843,25,2024-02-27,SORTIE,16
844,23,2024-02-27,SORTIE,29
845,11,2024-02-27,SORTIE,2
846,12,2024-02-27,SORTIE,13
847,28,2024-02-27,SORTIE,27
848,1,2024-02-27,SORTIE,20
849,17,2024-02-27,SORTIE,14
850,25,2024-02-27,SORTIE,4
851,33,2024-02-27,SORTIE,10
852,26,2024-02-27,SORTIE,15
853,30,2024-02-27,SORTIE,14
854,30,2024-02-27,SORTIE,15
855,32,2024-02-27,SORTIE,25
856,35,2024-02-27,SORTIE,19
857,27,2024-02-27,SORTIE,13
858,19,2024-02-27,SORTIE,11
859,31,2024-02-27,SORTIE,17
860,17,2024-02-27,SORTIE,8
861,25,2024-02-27,SORTIE,25
862,21,2024-02-27,SORTIE,28
863,1,2024-02-27,ENTREE,481
864,25,2024-02-28,SORTIE,26
865,28,2024-02-28,SORTIE,25
866,30,2024-02-28,SORTIE,7
867,3,2024-02-28,SORTIE,21
868,5,2024-02-28,SORTIE,29
869,33,2024-02-28,SORTIE,3
870,33,2024-02-28,SORTIE,21
871,6,2024-02-28,SORTIE,25
872,17,2024-02-28,SORTIE,22
873,7,2024-02-28,SORTIE,2
874,27,2024-02-28,SORTIE,12
875,26,2024-02-28,SORTIE,11
876,1,2024-02-28,SORTIE,8
877,32,2024-02-28,SORTIE,3
878,18,2024-02-28,SORTIE,7
879,25,2024-02-28,SORTIE,22
880,9,2024-02-28,SORTIE,26
881,34,2024-02-28,SORTIE,9
882,25,2024-02-28,SORTIE,1
883,21,2024-02-28,SORTIE,6
884,30,2024-02-29,SORTIE,11
885,26,2024-02-29,SORTIE,7
886,34,2024-02-29,SORTIE,1
887,27,2024-02-29,SORTIE,10
888,25,2024-02-29,SORTIE,2
889,14,2024-02-29,SORTIE,18
890,14,2024-02-29,SORTIE,14
891,15,2024-02-29,SORTIE,21
892,29,2024-02-29,SORTIE,15
893,27,2024-02-29,SORTIE,21
894,19,2024-02-29,SORTIE,8
895,28,2024-02-29,SORTIE,13
896,16,2024-02-29,SORTIE,30
897,26,2024-02-29,SORTIE,1
898,1,2024-02-29,ENTREE,140
899,21,2024-03-01,SORTIE,25
900,9,2024-03-01,SORTIE,5
901,30,2024-03-01,SORTIE,3
902,26,2024-03-01,SORTIE,7
903,27,2024-03-01,SORTIE,22
904,18,2024-03-01,SORTIE,13
905,25,2024-03-01,SORTIE,21
906,31,2024-03-01,SORTIE,7
907,23,2024-03-01,SORTIE,24
908,19,2024-03-01,SORTIE,23
909,22,2024-03-01,SORTIE,15
910,14,2024-03-01,SORTIE,12
911,34,2024-03-01,SORTIE,10
912,21,2024-03-01,SORTIE,24
913,22,2024-03-01,SORTIE,14
914,18,2024-03-01,SORTIE,14
915,21,2024-03-01,SORTIE,21
916,32,2024-03-02,SORTIE,4
917,30,2024-03-02,SORTIE,22
918,31,2024-03-02,SORTIE,11
919,16,2024-03-02,SORTIE,30
920,3,2024-03-02,SORTIE,26
921,21,2024-03-02,SORTIE,1
922,31,2024-03-02,SORTIE,5
923,21,2024-03-02,SORTIE,8
924,2,2024-03-02,SORTIE,15
925,34,2024-03-02,SORTIE,29
926,14,2024-03-02,SORTIE,14
927,26,2024-03-02,SORTIE,20
928,10,2024-03-02,SORTIE,8
929,9,2024-03-02,SORTIE,15
930,27,2024-03-02,SORTIE,27
931,12,2024-03-02,SORTIE,30
932,4,2024-03-03,SORTIE,6
933,12,2024-03-03,SORTIE,22
934,5,2024-03-03,SORTIE,19
935,30,2024-03-03,SORTIE,29
936,9,2024-03-03,SORTIE,18
937,26,2024-03-03,SORTIE,17
938,30,2024-03-03,SORTIE,24
939,20,2024-03-03,SORTIE,19
940,12,2024-03-03,SORTIE,10
941,20,2024-03-03,SORTIE,8
942,34,2024-03-03,SORTIE,7
943,3,2024-03-03,SORTIE,29
944,25,2024-03-03,SORTIE,1
945,17,2024-03-03,SORTIE,19
946,5,2024-03-03,SORTIE,19
947,32,2024-03-03,SORTIE,6
948,33,2024-03-03,SORTIE,21
949,8,2024-03-03,SORTIE,3
950,22,2024-03-03,SORTIE,25
951,5,2024-03-04,SORTIE,6
952,16,2024-03-04,SORTIE,22
953,28,2024-03-04,SORTIE,14
954,25,2024-03-04,SORTIE,3
955,11,2024-03-04,SORTIE,18
956,21,2024-03-04,SORTIE,22
957,7,2024-03-04,SORTIE,30
958,26,2024-03-04,SORTIE,19
959,20,2024-03-04,SORTIE,4
960,14,2024-03-04,SORTIE,1
961,35,2024-03-04,SORTIE,26
962,19,2024-03-04,SORTIE,20
963,11,2024-03-04,SORTIE,16
964,2,2024-03-04,SORTIE,1
965,4,2024-03-04,SORTIE,12
966,24,2024-03-04,SORTIE,20
967,5,2024-03-04,SORTIE,1
968,28,2024-03-05,SORTIE,3
969,32,2024-03-05,SORTIE,14
970,1,2024-03-05,SORTIE,7
971,25,2024-03-05,SORTIE,11
972,28,2024-03-05,SORTIE,9
973,19,2024-03-05,SORTIE,12
974,17,2024-03-05,SORTIE,12
975,8,2024-03-05,SORTIE,8
976,29,2024-03-05,SORTIE,27
977,15,2024-03-05,SORTIE,9
978,30,2024-03-05,SORTIE,27
979,12,2024-03-05,SORTIE,10
980,24,2024-03-05,SORTIE,25
981,3,2024-03-05,SORTIE,30
982,16,2024-03-05,SORTIE,18
983,7,2024-03-05,SORTIE,4
984,1,2024-03-05,SORTIE,22
985,28,2024-03-05,SORTIE,6
986,31,2024-03-05,SORTIE,28
987,6,2024-03-05,SORTIE,1
988,6,2024-03-05,SORTIE,26
989,18,2024-03-05,SORTIE,1
990,1,2024-03-05,SORTIE,9
991,34,2024-03-05,SORTIE,21
992,25,2024-03-06,SORTIE,16
993,20,2024-03-06,SORTIE,16
994,35,2024-03-06,SORTIE,7
995,8,2024-03-06,SORTIE,16
996,18,2024-03-06,SORTIE,18
997,6,2024-03-06,SORTIE,22
998,32,2024-03-06,SORTIE,15
999,1,2024-03-06,SORTIE,2
1000,5,2024-03-06,SORTIE,21
1001,11,2024-03-06,SORTIE,7
1002,15,2024-03-06,SORTIE,13
1003,29,2024-03-06,SORTIE,21
1004,30,2024-03-06,SORTIE,8
1005,23,2024-03-06,SORTIE,29
1006,24,2024-03-06,SORTIE,25
1007,32,2024-03-06,SORTIE,8
1008,14,2024-03-06,SORTIE,3
1009,20,2024-03-07,SORTIE,6
1010,32,2024-03-07,SORTIE,18
1011,24,2024-03-07,SORTIE,14
1012,8,2024-03-07,SORTIE,4
1013,18,2024-03-07,SORTIE,19
1014,21,2024-03-07,SORTIE,12
1015,22,2024-03-08,SORTIE,25
1016,12,2024-03-08,SORTIE,8
1017,17,2024-03-08,SORTIE,17
1018,7,2024-03-08,SORTIE,15
1019,32,2024-03-09,SORTIE,4
1020,27,2024-03-09,SORTIE,3
1021,19,2024-03-09,SORTIE,3
1022,14,2024-03-09,SORTIE,4
1023,26,2024-03-09,SORTIE,12
1024,25,2024-03-09,SORTIE,7
1025,9,2024-03-09,ENTREE,310
1026,1,2024-03-10,SORTIE,3
1027,5,2024-03-10,SORTIE,25
1028,34,2024-03-10,SORTIE,21
1029,6,2024-03-10,SORTIE,27
1030,32,2024-03-10,SORTIE,24
1031,13,2024-03-10,SORTIE,12
1032,11,2024-03-10,SORTIE,23
1033,8,2024-03-10,SORTIE,12
1034,34,2024-03-10,SORTIE,6
1035,28,2024-03-10,SORTIE,14
1036,13,2024-03-10,SORTIE,27
1037,8,2024-03-10,SORTIE,1
1038,33,2024-03-10,SORTIE,15
1039,14,2024-03-10,SORTIE,10
1040,20,2024-03-10,SORTIE,29
1041,23,2024-03-10,SORTIE,29
1042,5,2024-03-10,SORTIE,10
1043,30,2024-03-10,SORTIE,23
1044,4,2024-03-10,SORTIE,20
1045,14,2024-03-10,SORTIE,3
1046,35,2024-03-10,SORTIE,7
1047,6,2024-03-10,SORTIE,7
1048,19,2024-03-10,SORTIE,23
1049,25,2024-03-10,SORTIE,8
1050,5,2024-03-10,SORTIE,21
1051,10,2024-03-10,SORTIE,6
1052,31,2024-03-10,SORTIE,5
1053,31,2024-03-10,SORTIE,6
1054,32,2024-03-10,SORTIE,4
1055,22,2024-03-10,SORTIE,23
1056,16,2024-03-10,SORTIE,11
1057,32,2024-03-10,ENTREE,274
1058,18,2024-03-11,SORTIE,25
1059,15,2024-03-11,SORTIE,10
1060,4,2024-03-11,SORTIE,9
1061,12,2024-03-11,SORTIE,14
1062,15,2024-03-11,SORTIE,3
1063,17,2024-03-11,SORTIE,30
1064,16,2024-03-11,SORTIE,23
1065,31,2024-03-11,SORTIE,3
1066,7,2024-03-11,SORTIE,9
1067,13,2024-03-11,SORTIE,7
1068,30,2024-03-11,SORTIE,29
1069,28,2024-03-11,SORTIE,19
1070,18,2024-03-11,SORTIE,15
1071,1,2024-03-11,SORTIE,11
1072,13,2024-03-11,SORTIE,21
1073,1,2024-03-11,SORTIE,26
1074,20,2024-03-11,SORTIE,5
1075,3,2024-03-11,SORTIE,1
1076,16,2024-03-12,SORTIE,8
1077,11,2024-03-12,SORTIE,13
1078,27,2024-03-12,SORTIE,6
1079,28,2024-03-12,SORTIE,27
1080,31,2024-03-12,SORTIE,1
1081,4,2024-03-12,SORTIE,2
1082,10,2024-03-12,SORTIE,22
1083,27,2024-03-12,SORTIE,15
1084,5,2024-03-12,SORTIE,18
1085,3,2024-03-12,SORTIE,22
1086,22,2024-03-12,SORTIE,2
1087,32,2024-03-12,SORTIE,7
1088,26,2024-03-12,SORTIE,29
1089,26,2024-03-12,SORTIE,2
1090,25,2024-03-12,SORTIE,30
1091,27,2024-03-12,SORTIE,17
1092,6,2024-03-12,SORTIE,4
1093,27,2024-03-12,SORTIE,10
1094,34,2024-03-12,ENTREE,374
1095,26,2024-03-13,SORTIE,9
1096,7,2024-03-13,SORTIE,5
1097,16,2024-03-13,SORTIE,20
1098,26,2024-03-13,SORTIE,26
1099,27,2024-03-13,SORTIE,18
1100,22,2024-03-13,SORTIE,1
1101,12,2024-03-13,SORTIE,21
1102,22,2024-03-13,SORTIE,15
1103,10,2024-03-13,SORTIE,6
1104,11,2024-03-13,SORTIE,29
1105,20,2024-03-13,SORTIE,5
1106,31,2024-03-13,SORTIE,5
1107,13,2024-03-13,SORTIE,30
1108,11,2024-03-13,SORTIE,30
1109,5,2024-03-14,SORTIE,21
1110,8,2024-03-14,SORTIE,28
1111,26,2024-03-14,SORTIE,20
1112,5,2024-03-14,SORTIE,19
1113,26,2024-03-14,SORTIE,21
1114,9,2024-03-14,SORTIE,12
1115,12,2024-03-14,SORTIE,5
1116,16,2024-03-14,SORTIE,28
1117,24,2024-03-14,SORTIE,16
1118,19,2024-03-14,ENTREE,449
1119,27,2024-03-15,SORTIE,25
1120,27,2024-03-15,SORTIE,9
1121,25,2024-03-15,SORTIE,5
1122,24,2024-03-15,SORTIE,16
1123,19,2024-03-15,SORTIE,28
1124,35,2024-03-15,SORTIE,2
1125,16,2024-03-15,SORTIE,8
1126,1,2024-03-15,SORTIE,7
1127,17,2024-03-15,SORTIE,9
1128,3,2024-03-15,SORTIE,14
1129,23,2024-03-15,SORTIE,6
1130,17,2024-03-15,SORTIE,6
1131,30,2024-03-15,SORTIE,24
1132,1,2024-03-15,SORTIE,10
1133,31,2024-03-15,SORTIE,20
1134,6,2024-03-15,SORTIE,28
1135,34,2024-03-15,SORTIE,10
1136,24,2024-03-15,SORTIE,7
1137,1,2024-03-15,SORTIE,8
1138,9,2024-03-15,SORTIE,17
1139,28,2024-03-15,SORTIE,19
1140,12,2024-03-17,SORTIE,5
1141,13,2024-03-17,SORTIE,15
1142,5,2024-03-17,SORTIE,20
1143,32,2024-03-17,SORTIE,16
1144,8,2024-03-17,SORTIE,7
1145,14,2024-03-17,SORTIE,4
1146,12,2024-03-17,SORTIE,22
1147,15,2024-03-17,SORTIE,17
1148,30,2024-03-17,SORTIE,24
1149,3,2024-03-17,SORTIE,25
1150,32,2024-03-17,SORTIE,2
1151,23,2024-03-17,SORTIE,16
1152,22,2024-03-17,SORTIE,7
1153,14,2024-03-17,SORTIE,11
1154,1,2024-03-17,SORTIE,8
1155,34,2024-03-17,SORTIE,29
1156,26,2024-03-17,SORTIE,25
1157,6,2024-03-17,SORTIE,1
1158,13,2024-03-17,SORTIE,21
1159,35,2024-03-17,SORTIE,19
1160,16,2024-03-17,SORTIE,2
1161,22,2024-03-17,SORTIE,20
1162,18,2024-03-17,SORTIE,29
1163,30,2024-03-17,SORTIE,5
1164,24,2024-03-17,SORTIE,23
1165,30,2024-03-17,ENTREE,379
1166,11,2024-03-18,SORTIE,24
1167,33,2024-03-18,SORTIE,16
1168,33,2024-03-18,SORTIE,23
1169,25,2024-03-18,SORTIE,15
1170,12,2024-03-18,SORTIE,18
1171,31,2024-03-18,SORTIE,16
1172,23,2024-03-18,SORTIE,2
1173,35,2024-03-18,SORTIE,15
1174,9,2024-03-18,SORTIE,18
1175,33,2024-03-18,SORTIE,7
1176,35,2024-03-18,SORTIE,30
1177,15,2024-03-18,SORTIE,16
1178,21,2024-03-18,SORTIE,25
1179,5,2024-03-18,SORTIE,30
1180,16,2024-03-18,SORTIE,25
1181,10,2024-03-18,SORTIE,3
1182,34,2024-03-18,SORTIE,26
1183,6,2024-03-18,SORTIE,25
1184,31,2024-03-18,SORTIE,11
1185,5,2024-03-18,SORTIE,28
1186,9,2024-03-18,SORTIE,20
1187,22,2024-03-18,SORTIE,17
1188,1,2024-03-18,SORTIE,2
1189,3,2024-03-18,SORTIE,23
1190,13,2024-03-19,SORTIE,29
1191,21,2024-03-19,SORTIE,27
1192,17,2024-03-19,SORTIE,15
1193,27,2024-03-19,SORTIE,21
1194,26,2024-03-19,SORTIE,5
1195,22,2024-03-19,SORTIE,18
1196,3,2024-03-19,SORTIE,2
1197,12,2024-03-19,SORTIE,14
1198,23,2024-03-19,SORTIE,4
1199,24,2024-03-19,ENTREE,367
1200,33,2024-03-20,SORTIE,1
1201,8,2024-03-20,SORTIE,12
1202,2,2024-03-20,SORTIE,17
1203,13,2024-03-20,SORTIE,29
1204,23,2024-03-20,SORTIE,3
1205,8,2024-03-20,SORTIE,12
1206,4,2024-03-20,SORTIE,25
1207,3,2024-03-20,SORTIE,10
1208,19,2024-03-20,SORTIE,28
1209,11,2024-03-20,SORTIE,16
1210,19,2024-03-20,SORTIE,18
1211,35,2024-03-20,SORTIE,28
1212,7,2024-03-20,SORTIE,5
1213,15,2024-03-20,SORTIE,18
1214,28,2024-03-21,SORTIE,7
1215,6,2024-03-21,SORTIE,15
1216,32,2024-03-21,SORTIE,2
1217,13,2024-03-21,SORTIE,11
1218,18,2024-03-21,SORTIE,11
1219,34,2024-03-21,SORTIE,6
1220,27,2024-03-21,SORTIE,18
1221,18,2024-03-22,SORTIE,7
1222,18,2024-03-22,SORTIE,19
1223,30,2024-03-22,SORTIE,20
1224,18,2024-03-22,SORTIE,13
1225,22,2024-03-22,SORTIE,18
1226,18,2024-03-22,SORTIE,10
1227,20,2024-03-22,SORTIE,15
1228,3,2024-03-22,SORTIE,10
1229,16,2024-03-22,SORTIE,13
1230,15,2024-03-23,SORTIE,28
1231,7,2024-03-23,SORTIE,30
1232,1,2024-03-23,SORTIE,27
1233,35,2024-03-23,SORTIE,17
1234,13,2024-03-23,SORTIE,8
1235,1,2024-03-23,SORTIE,19
1236,18,2024-03-23,SORTIE,9
1237,24,2024-03-23,SORTIE,9
1238,31,2024-03-23,SORTIE,10
1239,18,2024-03-23,SORTIE,26
1240,17,2024-03-23,SORTIE,29
1241,34,2024-03-23,SORTIE,21
1242,31,2024-03-24,SORTIE,10
1243,4,2024-03-24,SORTIE,16
1244,21,2024-03-24,SORTIE,7
1245,2,2024-03-24,SORTIE,5
1246,19,2024-03-24,SORTIE,23
1247,3,2024-03-24,SORTIE,5
1248,20,2024-03-24,SORTIE,1
1249,30,2024-03-24,SORTIE,4
1250,9,2024-03-24,SORTIE,16
1251,20,2024-03-24,SORTIE,10
1252,30,2024-03-24,SORTIE,12
1253,16,2024-03-24,SORTIE,10
1254,10,2024-03-24,SORTIE,18
1255,11,2024-03-24,SORTIE,23
1256,10,2024-03-24,SORTIE,18
1257,27,2024-03-24,SORTIE,17
1258,13,2024-03-24,SORTIE,18
1259,14,2024-03-24,SORTIE,15
1260,27,2024-03-24,SORTIE,30
1261,15,2024-03-24,SORTIE,3
1262,22,2024-03-24,SORTIE,18
1263,14,2024-03-24,ENTREE,132
1264,28,2024-03-25,SORTIE,1
1265,7,2024-03-25,SORTIE,30
1266,33,2024-03-25,SORTIE,15
1267,34,2024-03-25,SORTIE,22
1268,34,2024-03-25,SORTIE,28
1269,21,2024-03-25,SORTIE,27
1270,35,2024-03-25,SORTIE,22
1271,9,2024-03-25,SORTIE,6
1272,4,2024-03-25,SORTIE,4
1273,26,2024-03-25,SORTIE,8
1274,10,2024-03-26,SORTIE,19
1275,27,2024-03-26,SORTIE,25
1276,25,2024-03-26,SORTIE,2
1277,12,2024-03-26,SORTIE,23
1278,32,2024-03-26,SORTIE,1
1279,27,2024-03-26,SORTIE,22
1280,10,2024-03-26,SORTIE,15
1281,8,2024-03-26,SORTIE,20
1282,29,2024-03-26,SORTIE,15
1283,15,2024-03-26,SORTIE,5
1284,9,2024-03-26,SORTIE,30
1285,10,2024-03-26,SORTIE,18
1286,6,2024-03-26,SORTIE,5
1287,28,2024-03-26,SORTIE,7
1288,22,2024-03-26,SORTIE,4
1289,28,2024-03-26,SORTIE,25
1290,11,2024-03-26,SORTIE,8
1291,32,2024-03-27,SORTIE,4
1292,6,2024-03-27,SORTIE,3
1293,13,2024-03-27,SORTIE,30
1294,5,2024-03-27,SORTIE,6
1295,12,2024-03-27,SORTIE,28
1296,17,2024-03-27,SORTIE,12
1297,34,2024-03-27,SORTIE,12
1298,32,2024-03-27,SORTIE,21
1299,29,2024-03-27,SORTIE,23
1300,17,2024-03-28,SORTIE,22
1301,29,2024-03-28,SORTIE,14
1302,3,2024-03-28,SORTIE,22
1303,28,2024-03-28,SORTIE,22
1304,33,2024-03-28,SORTIE,2
1305,23,2024-03-28,SORTIE,18
1306,29,2024-03-28,SORTIE,12
1307,12,2024-03-28,SORTIE,4
1308,25,2024-03-28,SORTIE,20
1309,23,2024-03-28,SORTIE,26
1310,17,2024-03-28,SORTIE,17
1311,26,2024-03-28,SORTIE,24
1312,33,2024-03-28,SORTIE,24
1313,1,2024-03-28,SORTIE,27
1314,10,2024-03-28,SORTIE,8
1315,34,2024-03-28,SORTIE,25
1316,11,2024-03-28,SORTIE,4
1317,15,2024-03-28,SORTIE,24
1318,9,2024-03-28,SORTIE,1
1319,22,2024-03-28,SORTIE,2
1320,7,2024-03-28,SORTIE,17
1321,25,2024-03-28,ENTREE,263
1322,7,2024-03-29,SORTIE,5
1323,22,2024-03-29,SORTIE,13
1324,33,2024-03-29,SORTIE,7
1325,32,2024-03-29,SORTIE,28
1326,21,2024-03-29,SORTIE,11
1327,28,2024-03-29,SORTIE,2
1328,8,2024-03-29,SORTIE,4
1329,11,2024-03-29,SORTIE,21
1330,15,2024-03-29,SORTIE,2
1331,33,2024-03-29,SORTIE,19
1332,21,2024-03-29,SORTIE,9
1333,24,2024-03-29,SORTIE,9
1334,30,2024-03-29,SORTIE,6
1335,25,2024-03-29,SORTIE,5
1336,34,2024-03-29,SORTIE,20
1337,29,2024-03-29,SORTIE,15
1338,21,2024-03-29,SORTIE,25
1339,26,2024-03-29,SORTIE,11
1340,21,2024-03-29,SORTIE,20
1341,14,2024-03-29,SORTIE,17
1342,3,2024-03-29,SORTIE,24
1343,4,2024-03-29,SORTIE,12
1344,1,2024-03-30,SORTIE,16
1345,4,2024-03-30,SORTIE,26
1346,25,2024-03-30,SORTIE,10
1347,22,2024-03-30,SORTIE,16
1348,32,2024-03-30,SORTIE,14
1349,24,2024-03-30,SORTIE,2
1350,12,2024-03-30,SORTIE,7
1351,35,2024-03-31,SORTIE,3
1352,8,2024-03-31,SORTIE,20
1353,28,2024-03-31,SORTIE,9
1354,21,2024-03-31,SORTIE,20
1355,20,2024-03-31,SORTIE,7
1356,28,2024-03-31,ENTREE,473
1357,27,2024-04-01,SORTIE,7
1358,7,2024-04-01,SORTIE,20
1359,12,2024-04-01,SORTIE,21
1360,25,2024-04-01,SORTIE,19
1361,24,2024-04-01,SORTIE,22
1362,12,2024-04-02,SORTIE,12
1363,9,2024-04-02,SORTIE,18
1364,3,2024-04-02,SORTIE,26
1365,29,2024-04-02,SORTIE,27
1366,27,2024-04-02,SORTIE,16
1367,20,2024-04-02,SORTIE,17
1368,20,2024-04-02,SORTIE,22
1369,1,2024-04-02,SORTIE,18
1370,34,2024-04-02,SORTIE,4
1371,4,2024-04-02,SORTIE,14
1372,32,2024-04-03,SORTIE,2
1373,21,2024-04-03,SORTIE,7
1374,7,2024-04-03,SORTIE,24
1375,28,2024-04-03,SORTIE,17
1376,35,2024-04-03,SORTIE,21
1377,33,2024-04-03,SORTIE,10
1378,29,2024-04-03,SORTIE,27
1379,28,2024-04-03,SORTIE,7
1380,18,2024-04-03,SORTIE,30
1381,14,2024-04-03,SORTIE,28
1382,15,2024-04-03,SORTIE,23
1383,5,2024-04-03,SORTIE,9
1384,8,2024-04-03,SORTIE,3
1385,24,2024-04-04,SORTIE,15
1386,17,2024-04-04,SORTIE,7
1387,27,2024-04-04,SORTIE,22
1388,14,2024-04-04,SORTIE,1
1389,24,2024-04-04,SORTIE,15
1390,27,2024-04-04,SORTIE,15
1391,15,2024-04-04,SORTIE,17
1392,21,2024-04-04,SORTIE,18
1393,4,2024-04-04,SORTIE,30
1394,16,2024-04-04,SORTIE,17
1395,26,2024-04-04,SORTIE,7
1396,21,2024-04-04,SORTIE,12
1397,12,2024-04-04,SORTIE,6
1398,6,2024-04-04,SORTIE,1
1399,23,2024-04-04,SORTIE,18
1400,4,2024-04-04,SORTIE,9
1401,24,2024-04-05,SORTIE,25
1402,3,2024-04-05,SORTIE,3
1403,13,2024-04-05,SORTIE,14
1404,13,2024-04-05,SORTIE,22
1405,10,2024-04-05,SORTIE,26
1406,28,2024-04-05,ENTREE,396
1407,11,2024-04-06,SORTIE,7
1408,6,2024-04-06,SORTIE,11
1409,1,2024-04-06,SORTIE,14
1410,6,2024-04-06,SORTIE,4
1411,12,2024-04-06,SORTIE,8
1412,18,2024-04-06,SORTIE,24
1413,26,2024-04-06,SORTIE,13
1414,5,2024-04-06,SORTIE,3
1415,1,2024-04-06,SORTIE,2
1416,30,2024-04-06,SORTIE,22
1417,9,2024-04-06,ENTREE,203
1418,32,2024-04-07,SORTIE,1
1419,3,2024-04-07,SORTIE,1
1420,6,2024-04-07,SORTIE,8
1421,28,2024-04-07,SORTIE,27
1422,6,2024-04-07,SORTIE,1
1423,3,2024-04-07,SORTIE,15
1424,14,2024-04-07,SORTIE,20
1425,30,2024-04-07,SORTIE,22
1426,6,2024-04-07,SORTIE,18
1427,22,2024-04-07,SORTIE,19
1428,9,2024-04-07,SORTIE,8
1429,17,2024-04-07,SORTIE,4
1430,4,2024-04-07,SORTIE,15
1431,27,2024-04-07,ENTREE,413
1432,24,2024-04-08,SORTIE,30
1433,4,2024-04-08,SORTIE,4
1434,29,2024-04-08,SORTIE,12
1435,3,2024-04-08,SORTIE,3
1436,1,2024-04-08,SORTIE,9
1437,1,2024-04-08,SORTIE,30
1438,13,2024-04-08,SORTIE,13
1439,20,2024-04-08,SORTIE,26
1440,22,2024-04-08,SORTIE,6
1441,5,2024-04-08,SORTIE,21
1442,31,2024-04-08,SORTIE,13
1443,12,2024-04-08,SORTIE,4
1444,12,2024-04-08,SORTIE,3
1445,2,2024-04-08,SORTIE,27
1446,20,2024-04-08,SORTIE,28
1447,3,2024-04-08,SORTIE,13
1448,13,2024-04-08,SORTIE,1
1449,9,2024-04-08,SORTIE,30
1450,3,2024-04-08,SORTIE,26
1451,16,2024-04-08,SORTIE,8
1452,30,2024-04-08,SORTIE,15
1453,33,2024-04-08,SORTIE,1
1454,22,2024-04-08,SORTIE,2
1455,25,2024-04-09,SORTIE,23
1456,2,2024-04-09,SORTIE,8
1457,27,2024-04-09,SORTIE,15
1458,12,2024-04-09,SORTIE,25
1459,26,2024-04-09,SORTIE,16
1460,34,2024-04-09,SORTIE,14
1461,31,2024-04-09,SORTIE,29
1462,7,2024-04-09,SORTIE,10
1463,30,2024-04-09,SORTIE,2
1464,16,2024-04-09,SORTIE,4
1465,31,2024-04-09,SORTIE,20
1466,4,2024-04-09,SORTIE,20
1467,25,2024-04-09,SORTIE,25
1468,23,2024-04-09,SORTIE,3
1469,18,2024-04-09,ENTREE,255
1470,34,2024-04-10,SORTIE,29
1471,2,2024-04-10,SORTIE,9
1472,12,2024-04-10,SORTIE,30
1473,33,2024-04-10,SORTIE,17
1474,1,2024-04-10,SORTIE,29
1475,33,2024-04-10,SORTIE,4
1476,20,2024-04-10,SORTIE,14
1477,12,2024-04-10,SORTIE,2
1478,35,2024-04-10,SORTIE,8
1479,28,2024-04-10,SORTIE,1
1480,14,2024-04-10,SORTIE,3
1481,18,2024-04-10,SORTIE,15
1482,21,2024-04-11,SORTIE,7
1483,34,2024-04-11,SORTIE,25
1484,33,2024-04-11,SORTIE,28
1485,9,2024-04-11,SORTIE,25
1486,15,2024-04-11,SORTIE,28
1487,18,2024-04-11,SORTIE,5
1488,1,2024-04-11,SORTIE,8
1489,27,2024-04-11,SORTIE,17
1490,31,2024-04-11,SORTIE,25
1491,7,2024-04-11,SORTIE,8
1492,1,2024-04-11,SORTIE,25
1493,8,2024-04-11,SORTIE,6
1494,28,2024-04-11,SORTIE,6
1495,35,2024-04-11,SORTIE,11
1496,9,2024-04-11,SORTIE,20
1497,9,2024-04-12,SORTIE,7
1498,4,2024-04-12,SORTIE,14
1499,30,2024-04-12,SORTIE,10
1500,11,2024-04-12,SORTIE,11
1501,35,2024-04-12,SORTIE,18
1502,33,2024-04-12,SORTIE,24
1503,25,2024-04-12,SORTIE,25
1504,3,2024-04-12,SORTIE,30
1505,18,2024-04-12,SORTIE,12
1506,1,2024-04-12,SORTIE,24
1507,6,2024-04-12,SORTIE,2
1508,25,2024-04-12,SORTIE,27
1509,17,2024-04-12,SORTIE,24
1510,26,2024-04-12,SORTIE,11
1511,6,2024-04-12,SORTIE,28
1512,10,2024-04-12,SORTIE,13
1513,21,2024-04-12,SORTIE,6
1514,23,2024-04-12,SORTIE,16
1515,16,2024-04-12,SORTIE,12
1516,28,2024-04-12,SORTIE,8
1517,13,2024-04-12,SORTIE,12
1518,30,2024-04-13,SORTIE,21
1519,12,2024-04-13,SORTIE,30
1520,35,2024-04-13,SORTIE,27
1521,17,2024-04-13,SORTIE,25
1522,2,2024-04-13,SORTIE,3
1523,9,2024-04-13,SORTIE,12
1524,22,2024-04-13,SORTIE,19
1525,20,2024-04-13,SORTIE,29
1526,24,2024-04-13,SORTIE,11
1527,12,2024-04-13,SORTIE,19
1528,32,2024-04-13,SORTIE,3
1529,5,2024-04-13,SORTIE,19
1530,8,2024-04-13,SORTIE,20
1531,13,2024-04-13,SORTIE,24
1532,26,2024-04-13,SORTIE,5
1533,28,2024-04-13,SORTIE,4
1534,25,2024-04-13,SORTIE,25
1535,25,2024-04-13,SORTIE,25
1536,17,2024-04-13,SORTIE,12
1537,28,2024-04-13,SORTIE,24
1538,28,2024-04-13,SORTIE,1
1539,23,2024-04-13,SORTIE,1
1540,26,2024-04-13,SORTIE,7
1541,26,2024-04-13,SORTIE,22
1542,31,2024-04-13,SORTIE,4
1543,22,2024-04-13,SORTIE,4
1544,17,2024-04-13,SORTIE,2
1545,10,2024-04-13,SORTIE,20
1546,23,2024-04-14,SORTIE,24
1547,6,2024-04-14,SORTIE,22
1548,25,2024-04-14,SORTIE,28
1549,31,2024-04-14,SORTIE,29
1550,35,2024-04-14,SORTIE,12
1551,21,2024-04-14,SORTIE,4
1552,35,2024-04-14,SORTIE,9
1553,13,2024-04-14,SORTIE,16
1554,20,2024-04-14,SORTIE,26
1555,7,2024-04-14,SORTIE,8
1556,26,2024-04-14,SORTIE,13
1557,31,2024-04-14,ENTREE,256
1558,1,2024-04-15,SORTIE,30
1559,29,2024-04-15,SORTIE,5
1560,32,2024-04-15,SORTIE,21
1561,14,2024-04-15,SORTIE,28
1562,17,2024-04-15,SORTIE,2
1563,24,2024-04-15,SORTIE,22
1564,31,2024-04-15,SORTIE,18
1565,11,2024-04-15,SORTIE,26
1566,15,2024-04-15,SORTIE,27
1567,12,2024-04-15,SORTIE,1
1568,33,2024-04-16,SORTIE,3
1569,25,2024-04-16,SORTIE,23
1570,9,2024-04-16,SORTIE,3
1571,3,2024-04-16,SORTIE,13
1572,9,2024-04-16,SORTIE,16
1573,5,2024-04-16,SORTIE,14
1574,5,2024-04-17,SORTIE,4
1575,23,2024-04-17,SORTIE,20
1576,9,2024-04-17,SORTIE,16
1577,4,2024-04-17,SORTIE,11
1578,29,2024-04-17,SORTIE,29
1579,1,2024-04-17,SORTIE,8
1580,19,2024-04-17,SORTIE,25
1581,13,2024-04-17,SORTIE,4
1582,7,2024-04-17,SORTIE,14
1583,30,2024-04-17,SORTIE,11
1584,21,2024-04-17,SORTIE,30
1585,22,2024-04-17,SORTIE,24
1586,31,2024-04-18,SORTIE,18
1587,25,2024-04-18,SORTIE,21
1588,23,2024-04-18,SORTIE,6
1589,20,2024-04-18,SORTIE,3
1590,13,2024-04-18,SORTIE,19
1591,1,2024-04-18,SORTIE,5
1592,16,2024-04-18,SORTIE,25
1593,10,2024-04-18,SORTIE,4
1594,5,2024-04-18,SORTIE,17
1595,1,2024-04-18,SORTIE,6
1596,19,2024-04-18,SORTIE,6
1597,32,2024-04-18,SORTIE,5
1598,28,2024-04-18,SORTIE,23
1599,21,2024-04-18,SORTIE,27
1600,19,2024-04-18,SORTIE,21
1601,35,2024-04-18,SORTIE,16
1602,31,2024-04-18,SORTIE,8
1603,29,2024-04-18,SORTIE,29
1604,23,2024-04-18,SORTIE,2
1605,7,2024-04-18,SORTIE,5
1606,17,2024-04-18,SORTIE,23
1607,16,2024-04-19,SORTIE,29
1608,19,2024-04-19,SORTIE,6
1609,6,2024-04-19,SORTIE,24
1610,32,2024-04-19,SORTIE,5
1611,31,2024-04-19,SORTIE,2
1612,3,2024-04-19,SORTIE,14
1613,26,2024-04-19,SORTIE,19
1614,23,2024-04-19,SORTIE,16
1615,9,2024-04-20,SORTIE,7
1616,15,2024-04-20,SORTIE,24
1617,3,2024-04-20,ENTREE,322
1618,9,2024-04-21,SORTIE,19
1619,29,2024-04-21,SORTIE,1
1620,32,2024-04-21,SORTIE,12
1621,22,2024-04-21,SORTIE,21
1622,24,2024-04-21,SORTIE,22
1623,23,2024-04-21,SORTIE,18
1624,14,2024-04-21,SORTIE,21
1625,7,2024-04-21,SORTIE,5
1626,26,2024-04-21,SORTIE,28
1627,6,2024-04-21,SORTIE,22
1628,9,2024-04-21,SORTIE,3
1629,26,2024-04-21,SORTIE,25
1630,15,2024-04-21,SORTIE,3
1631,2,2024-04-21,SORTIE,13
1632,29,2024-04-21,SORTIE,30
1633,10,2024-04-21,SORTIE,3
1634,31,2024-04-21,SORTIE,10
1635,4,2024-04-21,SORTIE,15
1636,10,2024-04-21,ENTREE,107
1637,19,2024-04-22,SORTIE,19
1638,19,2024-04-22,SORTIE,9
1639,15,2024-04-22,SORTIE,15
1640,14,2024-04-22,SORTIE,12
1641,24,2024-04-22,SORTIE,23
1642,8,2024-04-22,SORTIE,1
1643,4,2024-04-22,SORTIE,7
1644,13,2024-04-22,SORTIE,12
1645,27,2024-04-22,SORTIE,16
1646,5,2024-04-22,SORTIE,26
1647,25,2024-04-22,SORTIE,30
1648,10,2024-04-22,SORTIE,24
1649,27,2024-04-23,SORTIE,2
1650,32,2024-04-23,SORTIE,13
1651,25,2024-04-23,SORTIE,10
1652,32,2024-04-23,SORTIE,17
1653,25,2024-04-23,SORTIE,8
1654,30,2024-04-23,SORTIE,4
1655,8,2024-04-23,SORTIE,24
1656,23,2024-04-23,SORTIE,18
1657,35,2024-04-23,SORTIE,4
1658,31,2024-04-23,SORTIE,13
1659,3,2024-04-23,SORTIE,28
1660,3,2024-04-23,SORTIE,7
1661,31,2024-04-23,SORTIE,17
1662,33,2024-04-23,SORTIE,10
1663,23,2024-04-23,SORTIE,5
1664,28,2024-04-23,SORTIE,13
1665,34,2024-04-23,SORTIE,28
1666,21,2024-04-23,SORTIE,30
1667,8,2024-04-24,SORTIE,16
1668,25,2024-04-24,SORTIE,30
1669,8,2024-04-24,SORTIE,18
1670,29,2024-04-24,SORTIE,14
1671,30,2024-04-24,SORTIE,21
1672,8,2024-04-24,SORTIE,17
1673,21,2024-04-24,SORTIE,23
1674,32,2024-04-24,SORTIE,12
1675,17,2024-04-24,ENTREE,335
1676,7,2024-04-25,SORTIE,6
1677,10,2024-04-25,SORTIE,7
1678,16,2024-04-25,SORTIE,23
1679,35,2024-04-25,SORTIE,19
1680,23,2024-04-25,SORTIE,28
1681,30,2024-04-25,SORTIE,30
1682,1,2024-04-25,SORTIE,26
1683,28,2024-04-25,SORTIE,20
1684,30,2024-04-25,SORTIE,11
1685,26,2024-04-25,SORTIE,5
1686,30,2024-04-25,SORTIE,2
1687,7,2024-04-25,SORTIE,18
1688,24,2024-04-25,SORTIE,17
1689,1,2024-04-25,SORTIE,28
1690,25,2024-04-25,SORTIE,2
1691,16,2024-04-25,SORTIE,25
1692,11,2024-04-26,SORTIE,8
1693,6,2024-04-26,SORTIE,18
1694,27,2024-04-26,SORTIE,7
1695,22,2024-04-26,SORTIE,16
1696,19,2024-04-26,SORTIE,12
1697,4,2024-04-26,SORTIE,29
1698,26,2024-04-26,SORTIE,10
1699,9,2024-04-26,ENTREE,490
1700,20,2024-04-27,SORTIE,6
1701,6,2024-04-27,SORTIE,14
1702,4,2024-04-27,SORTIE,16
1703,21,2024-04-27,SORTIE,9
1704,3,2024-04-28,SORTIE,10
1705,34,2024-04-28,SORTIE,17
1706,19,2024-04-28,SORTIE,23
1707,17,2024-04-28,SORTIE,30
1708,10,2024-04-28,SORTIE,23
1709,26,2024-04-28,SORTIE,20
1710,10,2024-04-28,SORTIE,7
1711,24,2024-04-28,SORTIE,8
1712,17,2024-04-28,SORTIE,18
1713,2,2024-04-28,SORTIE,17
1714,23,2024-04-28,SORTIE,5
1715,19,2024-04-28,SORTIE,3
1716,28,2024-04-28,SORTIE,15
1717,2,2024-04-28,SORTIE,29
1718,12,2024-04-28,ENTREE,336
1719,20,2024-04-29,SORTIE,16
1720,7,2024-04-29,SORTIE,2
1721,3,2024-04-29,SORTIE,13
1722,34,2024-04-29,SORTIE,8
1723,23,2024-04-29,SORTIE,1
1724,3,2024-04-29,SORTIE,23
1725,24,2024-04-29,SORTIE,19
1726,23,2024-04-29,SORTIE,27
1727,22,2024-04-29,SORTIE,22
1728,20,2024-04-29,SORTIE,19
1729,13,2024-04-29,SORTIE,13
1730,4,2024-04-29,SORTIE,10
1731,12,2024-04-29,SORTIE,27
1732,1,2024-04-29,SORTIE,30
1733,4,2024-04-29,SORTIE,4
1734,33,2024-04-29,SORTIE,28
1735,3,2024-04-29,SORTIE,2
1736,6,2024-04-29,SORTIE,9
1737,26,2024-04-29,SORTIE,28
1738,1,2024-04-29,SORTIE,30
1739,16,2024-04-29,SORTIE,20
1740,15,2024-04-29,SORTIE,16
1741,17,2024-04-29,SORTIE,8
1742,28,2024-04-29,SORTIE,5
1743,19,2024-04-30,SORTIE,10
1744,11,2024-04-30,SORTIE,11
1745,1,2024-04-30,SORTIE,22
1746,1,2024-04-30,SORTIE,26
1747,9,2024-04-30,SORTIE,23
1748,10,2024-04-30,SORTIE,24
1749,23,2024-04-30,SORTIE,8
1750,31,2024-04-30,SORTIE,12
1751,15,2024-04-30,SORTIE,27
1752,11,2024-04-30,SORTIE,30
1753,28,2024-04-30,SORTIE,4
1754,30,2024-04-30,SORTIE,14
1755,16,2024-05-01,SORTIE,24
1756,11,2024-05-01,SORTIE,29
1757,4,2024-05-01,SORTIE,4
1758,3,2024-05-01,SORTIE,5
1759,13,2024-05-01,SORTIE,5
1760,23,2024-05-01,SORTIE,10
1761,10,2024-05-01,SORTIE,14
1762,14,2024-05-01,SORTIE,1
1763,9,2024-05-01,SORTIE,20
1764,33,2024-05-01,SORTIE,26
1765,26,2024-05-01,SORTIE,10
1766,32,2024-05-01,SORTIE,27
1767,25,2024-05-01,SORTIE,15
1768,26,2024-05-02,SORTIE,30
1769,29,2024-05-02,SORTIE,25
1770,5,2024-05-02,SORTIE,7
1771,25,2024-05-02,SORTIE,17
1772,27,2024-05-02,SORTIE,20
1773,16,2024-05-02,SORTIE,30
1774,28,2024-05-02,SORTIE,8
1775,27,2024-05-03,SORTIE,28
1776,14,2024-05-03,SORTIE,10
1777,34,2024-05-03,SORTIE,20
1778,5,2024-05-03,SORTIE,12
1779,7,2024-05-03,SORTIE,25
1780,21,2024-05-03,SORTIE,3
1781,4,2024-05-03,SORTIE,15
1782,10,2024-05-03,SORTIE,28
1783,9,2024-05-03,SORTIE,23
1784,18,2024-05-03,SORTIE,22
1785,30,2024-05-03,SORTIE,7
1786,25,2024-05-03,SORTIE,20
1787,23,2024-05-03,SORTIE,26
1788,6,2024-05-03,SORTIE,23
1789,14,2024-05-03,SORTIE,30
1790,25,2024-05-03,SORTIE,10
1791,28,2024-05-03,SORTIE,7
1792,1,2024-05-03,SORTIE,28
1793,35,2024-05-03,SORTIE,9
1794,7,2024-05-03,SORTIE,24
1795,10,2024-05-03,SORTIE,14
1796,4,2024-05-04,SORTIE,3
1797,20,2024-05-04,SORTIE,11
1798,5,2024-05-04,SORTIE,18
1799,18,2024-05-04,SORTIE,7
1800,8,2024-05-04,SORTIE,9
1801,13,2024-05-04,SORTIE,8
1802,34,2024-05-04,SORTIE,6
1803,1,2024-05-04,ENTREE,443
1804,11,2024-05-05,SORTIE,24
1805,20,2024-05-05,SORTIE,27
1806,24,2024-05-05,SORTIE,12
1807,23,2024-05-05,ENTREE,241
1808,9,2024-05-06,SORTIE,8
1809,29,2024-05-06,SORTIE,16
1810,29,2024-05-06,SORTIE,17
1811,9,2024-05-06,SORTIE,2
1812,13,2024-05-06,SORTIE,9
1813,25,2024-05-06,SORTIE,18
1814,5,2024-05-06,SORTIE,10
1815,9,2024-05-06,SORTIE,3
1816,29,2024-05-06,SORTIE,10
1817,7,2024-05-06,SORTIE,24
1818,10,2024-05-06,SORTIE,13
1819,17,2024-05-06,SORTIE,30
1820,18,2024-05-06,SORTIE,20
1821,34,2024-05-06,SORTIE,12
1822,12,2024-05-06,SORTIE,11
1823,31,2024-05-06,SORTIE,1
1824,23,2024-05-06,SORTIE,13
1825,15,2024-05-06,SORTIE,20
1826,15,2024-05-06,ENTREE,166
1827,31,2024-05-07,SORTIE,13
1828,9,2024-05-07,SORTIE,22
1829,26,2024-05-07,SORTIE,20
1830,20,2024-05-07,SORTIE,16
1831,28,2024-05-07,SORTIE,2
1832,24,2024-05-07,SORTIE,15
1833,26,2024-05-07,SORTIE,8
1834,1,2024-05-07,SORTIE,20
1835,26,2024-05-07,SORTIE,9
1836,4,2024-05-07,SORTIE,21
1837,13,2024-05-07,SORTIE,16
1838,9,2024-05-07,SORTIE,17
1839,19,2024-05-07,SORTIE,17
1840,2,2024-05-07,SORTIE,10
1841,4,2024-05-07,SORTIE,10
1842,22,2024-05-08,SORTIE,20
1843,34,2024-05-08,SORTIE,7
1844,14,2024-05-08,SORTIE,10
1845,32,2024-05-08,SORTIE,14
1846,19,2024-05-08,SORTIE,27
1847,29,2024-05-08,SORTIE,10
1848,33,2024-05-08,ENTREE,224
1849,15,2024-05-09,SORTIE,25
1850,35,2024-05-09,SORTIE,9
1851,6,2024-05-09,SORTIE,17
1852,2,2024-05-09,SORTIE,5
1853,10,2024-05-09,SORTIE,1
1854,6,2024-05-09,SORTIE,22
1855,2,2024-05-09,SORTIE,3
1856,2,2024-05-09,SORTIE,10
1857,7,2024-05-09,SORTIE,20
1858,7,2024-05-09,SORTIE,6
1859,22,2024-05-09,SORTIE,22
1860,31,2024-05-09,SORTIE,30
1861,4,2024-05-09,SORTIE,26
1862,3,2024-05-09,SORTIE,17
1863,3,2024-05-09,SORTIE,2
1864,3,2024-05-09,SORTIE,6
1865,35,2024-05-09,SORTIE,26
1866,29,2024-05-09,SORTIE,7
1867,30,2024-05-10,SORTIE,13
1868,16,2024-05-10,SORTIE,19
1869,34,2024-05-10,SORTIE,19
1870,12,2024-05-10,SORTIE,27
1871,22,2024-05-10,SORTIE,21
1872,34,2024-05-10,SORTIE,30
1873,16,2024-05-10,SORTIE,8
1874,23,2024-05-10,SORTIE,18
1875,7,2024-05-10,SORTIE,29
1876,2,2024-05-10,SORTIE,20
1877,17,2024-05-10,SORTIE,24
1878,20,2024-05-10,SORTIE,2
1879,21,2024-05-10,SORTIE,11
1880,20,2024-05-10,SORTIE,2
1881,19,2024-05-10,SORTIE,1
1882,11,2024-05-10,SORTIE,3
1883,12,2024-05-10,SORTIE,10
1884,16,2024-05-10,SORTIE,22
1885,31,2024-05-10,SORTIE,24
1886,9,2024-05-10,SORTIE,8
1887,30,2024-05-10,SORTIE,20
1888,18,2024-05-10,SORTIE,15
1889,19,2024-05-10,ENTREE,295
1890,1,2024-05-11,SORTIE,28
1891,8,2024-05-11,SORTIE,7
1892,35,2024-05-11,SORTIE,12
1893,18,2024-05-11,SORTIE,21
1894,29,2024-05-11,SORTIE,28
1895,26,2024-05-11,SORTIE,14
1896,19,2024-05-11,SORTIE,22
1897,17,2024-05-11,SORTIE,19
1898,23,2024-05-11,SORTIE,4
1899,33,2024-05-11,SORTIE,20
1900,31,2024-05-11,SORTIE,19
1901,21,2024-05-11,SORTIE,15
1902,30,2024-05-11,SORTIE,7
1903,31,2024-05-11,SORTIE,26
1904,23,2024-05-11,SORTIE,10
1905,7,2024-05-11,SORTIE,7
1906,4,2024-05-11,SORTIE,27
1907,1,2024-05-11,SORTIE,21
1908,33,2024-05-11,SORTIE,6
1909,33,2024-05-11,SORTIE,15
1910,12,2024-05-11,SORTIE,30
1911,28,2024-05-11,SORTIE,2
1912,25,2024-05-11,SORTIE,16
1913,30,2024-05-11,ENTREE,481
1914,17,2024-05-12,SORTIE,18
1915,6,2024-05-12,SORTIE,2
1916,34,2024-05-12,SORTIE,8
1917,8,2024-05-12,SORTIE,28
1918,27,2024-05-12,SORTIE,2
1919,30,2024-05-12,SORTIE,8
1920,25,2024-05-12,SORTIE,15
1921,21,2024-05-12,SORTIE,4
1922,28,2024-05-12,SORTIE,15
1923,14,2024-05-13,SORTIE,16
1924,1,2024-05-13,SORTIE,6
1925,22,2024-05-13,SORTIE,19
1926,4,2024-05-13,SORTIE,29
1927,21,2024-05-13,SORTIE,15
1928,33,2024-05-13,SORTIE,17
1929,7,2024-05-13,SORTIE,2
1930,16,2024-05-13,SORTIE,1
1931,25,2024-05-13,SORTIE,24
1932,30,2024-05-13,SORTIE,20
1933,25,2024-05-13,SORTIE,27
1934,30,2024-05-13,SORTIE,12
1935,20,2024-05-13,SORTIE,23
1936,6,2024-05-13,ENTREE,312
1937,3,2024-05-14,SORTIE,22
1938,1,2024-05-14,SORTIE,23
1939,16,2024-05-14,SORTIE,2
1940,34,2024-05-14,SORTIE,10
1941,33,2024-05-14,SORTIE,10
1942,3,2024-05-14,SORTIE,18
1943,21,2024-05-14,SORTIE,27
1944,28,2024-05-14,SORTIE,28
1945,10,2024-05-15,SORTIE,17
1946,26,2024-05-15,SORTIE,2
1947,6,2024-05-15,SORTIE,20
1948,27,2024-05-15,SORTIE,19
1949,25,2024-05-15,SORTIE,8
1950,3,2024-05-15,SORTIE,26
1951,33,2024-05-15,SORTIE,9
1952,30,2024-05-15,SORTIE,8
1953,27,2024-05-15,SORTIE,22
1954,14,2024-05-15,SORTIE,17
1955,23,2024-05-15,SORTIE,7
1956,35,2024-05-15,SORTIE,18
1957,24,2024-05-15,SORTIE,22
1958,31,2024-05-15,SORTIE,15
1959,32,2024-05-15,SORTIE,27
1960,28,2024-05-15,SORTIE,25
1961,25,2024-05-15,SORTIE,28
1962,33,2024-05-15,SORTIE,2
1963,16,2024-05-15,SORTIE,12
1964,21,2024-05-15,SORTIE,10
1965,15,2024-05-15,SORTIE,14
1966,2,2024-05-15,SORTIE,14
1967,7,2024-05-15,SORTIE,18
1968,34,2024-05-15,SORTIE,23
1969,18,2024-05-15,SORTIE,19
1970,12,2024-05-15,ENTREE,446
1971,32,2024-05-16,SORTIE,29
1972,14,2024-05-16,SORTIE,23
1973,22,2024-05-16,SORTIE,13
1974,25,2024-05-16,SORTIE,28
1975,31,2024-05-16,SORTIE,25
1976,29,2024-05-16,SORTIE,22
1977,21,2024-05-16,SORTIE,19
1978,27,2024-05-16,SORTIE,25
1979,14,2024-05-16,SORTIE,19
1980,16,2024-05-16,SORTIE,19
1981,15,2024-05-16,SORTIE,16
1982,2,2024-05-16,SORTIE,8
1983,7,2024-05-16,SORTIE,10
1984,34,2024-05-16,SORTIE,27
1985,22,2024-05-16,ENTREE,198
1986,9,2024-05-17,SORTIE,4
1987,28,2024-05-17,SORTIE,18
1988,23,2024-05-17,SORTIE,26
1989,6,2024-05-17,SORTIE,23
1990,26,2024-05-17,SORTIE,13
1991,22,2024-05-17,SORTIE,5
1992,12,2024-05-17,SORTIE,27
1993,26,2024-05-17,SORTIE,8
1994,12,2024-05-17,SORTIE,17
1995,17,2024-05-17,SORTIE,27
1996,14,2024-05-17,SORTIE,26
1997,12,2024-05-17,ENTREE,182
1998,19,2024-05-18,SORTIE,21
1999,23,2024-05-18,SORTIE,10
2000,28,2024-05-18,SORTIE,30
2001,5,2024-05-18,SORTIE,23
2002,21,2024-05-19,SORTIE,18
2003,6,2024-05-19,SORTIE,8
2004,11,2024-05-19,SORTIE,3
2005,10,2024-05-19,SORTIE,27
2006,14,2024-05-19,SORTIE,2
2007,8,2024-05-19,SORTIE,25
2008,2,2024-05-19,SORTIE,20
2009,33,2024-05-19,SORTIE,2
2010,24,2024-05-19,SORTIE,20
2011,15,2024-05-19,SORTIE,27
2012,34,2024-05-19,SORTIE,15
2013,10,2024-05-19,SORTIE,22
2014,18,2024-05-19,SORTIE,12
2015,17,2024-05-19,SORTIE,13
2016,17,2024-05-19,SORTIE,3
2017,30,2024-05-19,SORTIE,4
2018,4,2024-05-19,SORTIE,6
2019,4,2024-05-19,SORTIE,5
2020,3,2024-05-20,SORTIE,26
2021,32,2024-05-20,SORTIE,6
2022,28,2024-05-20,SORTIE,2
2023,24,2024-05-20,SORTIE,23
2024,17,2024-05-20,SORTIE,2
2025,6,2024-05-20,SORTIE,8
2026,7,2024-05-20,SORTIE,23
2027,9,2024-05-20,SORTIE,29
2028,3,2024-05-20,SORTIE,12
2029,31,2024-05-21,SORTIE,7
2030,16,2024-05-21,SORTIE,29
2031,20,2024-05-21,SORTIE,10
2032,30,2024-05-21,SORTIE,9
2033,5,2024-05-21,SORTIE,21
2034,29,2024-05-21,SORTIE,4
2035,4,2024-05-21,ENTREE,350
2036,4,2024-05-22,SORTIE,2
2037,28,2024-05-22,SORTIE,29
2038,29,2024-05-22,SORTIE,3
2039,35,2024-05-22,SORTIE,29
2040,7,2024-05-22,SORTIE,15
2041,23,2024-05-22,SORTIE,14
2042,7,2024-05-22,SORTIE,30
2043,34,2024-05-22,SORTIE,18
2044,18,2024-05-22,SORTIE,6
2045,10,2024-05-22,SORTIE,25
2046,4,2024-05-22,SORTIE,18
2047,34,2024-05-22,SORTIE,7
2048,18,2024-05-22,SORTIE,12
2049,1,2024-05-22,ENTREE,426
2050,16,2024-05-23,SORTIE,1
2051,28,2024-05-23,SORTIE,27
2052,27,2024-05-23,SORTIE,17
2053,16,2024-05-23,SORTIE,1
2054,30,2024-05-23,SORTIE,27
2055,4,2024-05-24,SORTIE,21
2056,7,2024-05-24,SORTIE,24
2057,20,2024-05-24,SORTIE,19
2058,7,2024-05-24,SORTIE,24
2059,35,2024-05-24,SORTIE,7
2060,16,2024-05-24,SORTIE,19
2061,21,2024-05-24,SORTIE,29
2062,11,2024-05-24,SORTIE,13
2063,20,2024-05-24,SORTIE,8
2064,16,2024-05-24,SORTIE,8
2065,33,2024-05-24,SORTIE,25
2066,30,2024-05-24,SORTIE,20
2067,12,2024-05-24,SORTIE,27
2068,13,2024-05-24,SORTIE,19
2069,3,2024-05-24,SORTIE,14
2070,30,2024-05-24,SORTIE,26
2071,31,2024-05-24,SORTIE,20
2072,11,2024-05-24,SORTIE,18
2073,10,2024-05-24,ENTREE,213
2074,2,2024-05-25,SORTIE,20
2075,32,2024-05-25,SORTIE,1
2076,20,2024-05-25,SORTIE,25
2077,10,2024-05-25,SORTIE,17
2078,29,2024-05-25,SORTIE,11
2079,31,2024-05-25,SORTIE,4
2080,34,2024-05-25,SORTIE,17
2081,34,2024-05-25,SORTIE,2
2082,19,2024-05-25,SORTIE,2
2083,9,2024-05-25,SORTIE,15
2084,3,2024-05-25,SORTIE,8
2085,7,2024-05-25,SORTIE,29
2086,3,2024-05-25,SORTIE,27
2087,5,2024-05-25,SORTIE,7
2088,14,2024-05-25,SORTIE,26
2089,2,2024-05-25,SORTIE,27
2090,25,2024-05-25,SORTIE,21
2091,14,2024-05-25,SORTIE,3
2092,22,2024-05-25,SORTIE,7
2093,14,2024-05-25,SORTIE,10
2094,10,2024-05-25,SORTIE,30
2095,33,2024-05-25,SORTIE,3
2096,20,2024-05-25,ENTREE,285
2097,17,2024-05-26,SORTIE,1
2098,21,2024-05-26,SORTIE,24
2099,9,2024-05-26,SORTIE,27
2100,12,2024-05-26,SORTIE,19
2101,16,2024-05-26,SORTIE,3
2102,32,2024-05-26,SORTIE,11
2103,30,2024-05-26,SORTIE,30
2104,27,2024-05-26,SORTIE,22
2105,27,2024-05-26,SORTIE,18
2106,33,2024-05-26,SORTIE,20
2107,29,2024-05-26,SORTIE,11
2108,15,2024-05-26,SORTIE,6
2109,7,2024-05-26,SORTIE,19
2110,28,2024-05-26,SORTIE,11
2111,13,2024-05-26,SORTIE,30
2112,26,2024-05-26,SORTIE,25
2113,4,2024-05-26,SORTIE,25
2114,5,2024-05-27,SORTIE,8
2115,24,2024-05-27,SORTIE,22
2116,15,2024-05-27,SORTIE,15
2117,33,2024-05-27,SORTIE,26
2118,11,2024-05-27,SORTIE,21
2119,23,2024-05-27,SORTIE,18
2120,18,2024-05-27,SORTIE,10
2121,13,2024-05-27,SORTIE,19
2122,13,2024-05-27,SORTIE,20
2123,30,2024-05-27,SORTIE,17
2124,13,2024-05-27,SORTIE,7
2125,6,2024-05-27,SORTIE,27
2126,12,2024-05-27,SORTIE,21
2127,7,2024-05-27,SORTIE,17
2128,18,2024-05-27,SORTIE,1
2129,22,2024-05-27,SORTIE,17
2130,14,2024-05-27,SORTIE,17
2131,1,2024-05-27,SORTIE,25
2132,31,2024-05-27,SORTIE,5
2133,9,2024-05-27,SORTIE,25
2134,28,2024-05-27,SORTIE,11
2135,30,2024-05-27,SORTIE,3
2136,2,2024-05-27,SORTIE,3
2137,4,2024-05-27,SORTIE,20
2138,29,2024-05-27,SORTIE,6
2139,34,2024-05-27,SORTIE,9
2140,13,2024-05-27,SORTIE,8
2141,34,2024-05-27,SORTIE,10
2142,18,2024-05-27,SORTIE,15
2143,4,2024-05-27,SORTIE,22
2144,19,2024-05-27,SORTIE,21
2145,34,2024-05-28,SORTIE,21
2146,35,2024-05-28,SORTIE,4
2147,16,2024-05-28,SORTIE,8
2148,6,2024-05-28,SORTIE,24
2149,27,2024-05-28,SORTIE,25
2150,28,2024-05-28,SORTIE,12
2151,23,2024-05-28,SORTIE,4
2152,14,2024-05-28,SORTIE,2
2153,28,2024-05-28,SORTIE,29
2154,7,2024-05-28,SORTIE,21
2155,19,2024-05-28,SORTIE,27
2156,13,2024-05-28,SORTIE,13
2157,5,2024-05-28,SORTIE,13
2158,13,2024-05-28,SORTIE,20
2159,10,2024-05-28,SORTIE,13
2160,14,2024-05-28,SORTIE,30
2161,28,2024-05-28,SORTIE,20
2162,27,2024-05-28,SORTIE,29
2163,5,2024-05-28,SORTIE,20
2164,10,2024-05-28,SORTIE,26
2165,7,2024-05-29,SORTIE,10
2166,27,2024-05-29,SORTIE,30
2167,4,2024-05-29,SORTIE,21
2168,29,2024-05-29,SORTIE,15
2169,18,2024-05-29,SORTIE,18
2170,20,2024-05-29,ENTREE,166
2171,1,2024-05-30,SORTIE,23
2172,10,2024-05-30,SORTIE,8
2173,19,2024-05-30,SORTIE,10
2174,4,2024-05-30,SORTIE,12
2175,22,2024-05-30,SORTIE,8
2176,10,2024-05-30,SORTIE,5
2177,6,2024-05-30,SORTIE,2
2178,23,2024-05-30,SORTIE,27
2179,6,2024-05-30,SORTIE,4
2180,11,2024-05-30,ENTREE,169
2181,11,2024-05-31,SORTIE,30
2182,2,2024-05-31,SORTIE,6
2183,17,2024-05-31,SORTIE,30
2184,4,2024-05-31,SORTIE,19
2185,13,2024-05-31,SORTIE,9
2186,20,2024-05-31,SORTIE,1
2187,22,2024-05-31,SORTIE,2
2188,29,2024-05-31,SORTIE,29
2189,13,2024-05-31,SORTIE,8
2190,29,2024-05-31,SORTIE,22
2191,23,2024-05-31,SORTIE,23
2192,1,2024-05-31,SORTIE,14
2193,4,2024-05-31,SORTIE,19
2194,6,2024-05-31,SORTIE,4
2195,16,2024-05-31,SORTIE,23
2196,20,2024-05-31,SORTIE,21
2197,32,2024-05-31,SORTIE,23
2198,8,2024-05-31,SORTIE,25
2199,20,2024-05-31,SORTIE,4
2200,4,2024-05-31,SORTIE,25
2201,13,2024-05-31,SORTIE,16
2202,19,2024-05-31,SORTIE,5
2203,9,2024-05-31,SORTIE,25
2204,13,2024-05-31,SORTIE,20
2205,19,2024-05-31,SORTIE,15
2206,20,2024-05-31,SORTIE,14
2207,26,2024-06-01,SORTIE,13
2208,15,2024-06-01,SORTIE,16
2209,6,2024-06-01,SORTIE,21
2210,7,2024-06-01,SORTIE,23
2211,8,2024-06-01,SORTIE,19
2212,34,2024-06-01,SORTIE,22
2213,11,2024-06-01,SORTIE,15
2214,5,2024-06-01,SORTIE,22
2215,29,2024-06-01,SORTIE,14
2216,28,2024-06-01,SORTIE,14
2217,14,2024-06-01,SORTIE,3
2218,35,2024-06-01,SORTIE,13
2219,26,2024-06-01,SORTIE,1
2220,16,2024-06-01,SORTIE,18
2221,16,2024-06-01,SORTIE,3
2222,12,2024-06-01,SORTIE,9
2223,8,2024-06-01,SORTIE,25
2224,2,2024-06-01,SORTIE,20
2225,25,2024-06-01,SORTIE,15
2226,21,2024-06-01,SORTIE,21
2227,28,2024-06-01,ENTREE,193
2228,5,2024-06-02,SORTIE,25
2229,33,2024-06-02,SORTIE,18
2230,24,2024-06-02,SORTIE,1
2231,3,2024-06-02,SORTIE,6
2232,32,2024-06-02,SORTIE,12
2233,31,2024-06-02,SORTIE,24
2234,22,2024-06-02,SORTIE,25
2235,8,2024-06-02,SORTIE,3
2236,22,2024-06-02,SORTIE,23
2237,13,2024-06-02,SORTIE,30
2238,5,2024-06-02,SORTIE,15
2239,21,2024-06-02,SORTIE,28
2240,18,2024-06-02,SORTIE,30
2241,9,2024-06-02,SORTIE,26
2242,5,2024-06-02,SORTIE,20
2243,10,2024-06-02,SORTIE,27
2244,15,2024-06-02,SORTIE,8
2245,6,2024-06-02,SORTIE,24
2246,23,2024-06-02,SORTIE,18
2247,18,2024-06-02,SORTIE,10
2248,21,2024-06-02,SORTIE,20
2249,19,2024-06-03,SORTIE,19
2250,30,2024-06-03,SORTIE,17
2251,20,2024-06-03,SORTIE,4
2252,4,2024-06-03,SORTIE,24
2253,21,2024-06-03,SORTIE,13
2254,11,2024-06-03,SORTIE,18
2255,21,2024-06-03,SORTIE,21
2256,21,2024-06-03,SORTIE,23
2257,21,2024-06-03,SORTIE,2
2258,1,2024-06-03,SORTIE,3
2259,8,2024-06-03,SORTIE,7
2260,25,2024-06-03,SORTIE,4
2261,8,2024-06-03,SORTIE,16
2262,15,2024-06-03,SORTIE,1
2263,1,2024-06-03,SORTIE,6
2264,1,2024-06-03,SORTIE,11
2265,20,2024-06-03,SORTIE,17
2266,6,2024-06-03,SORTIE,9
2267,28,2024-06-03,SORTIE,5
2268,13,2024-06-04,SORTIE,2
2269,14,2024-06-04,SORTIE,20
2270,23,2024-06-04,SORTIE,24
2271,27,2024-06-04,SORTIE,22
2272,13,2024-06-04,SORTIE,29
2273,4,2024-06-04,SORTIE,23
2274,31,2024-06-04,SORTIE,2
2275,7,2024-06-04,SORTIE,27
2276,4,2024-06-04,SORTIE,19
2277,30,2024-06-04,SORTIE,30
2278,14,2024-06-04,SORTIE,17
2279,8,2024-06-05,SORTIE,17
2280,21,2024-06-05,SORTIE,27
2281,17,2024-06-05,SORTIE,16
2282,14,2024-06-05,SORTIE,16
2283,22,2024-06-05,SORTIE,23
2284,7,2024-06-05,SORTIE,9
2285,13,2024-06-05,SORTIE,7
2286,9,2024-06-06,SORTIE,29
2287,2,2024-06-06,SORTIE,9
2288,26,2024-06-06,SORTIE,22
2289,17,2024-06-06,SORTIE,13
2290,10,2024-06-06,SORTIE,9
2291,30,2024-06-06,SORTIE,19
2292,25,2024-06-06,SORTIE,1
2293,24,2024-06-06,SORTIE,17
2294,33,2024-06-06,SORTIE,15
2295,24,2024-06-06,SORTIE,16
2296,18,2024-06-06,SORTIE,20
2297,35,2024-06-06,SORTIE,12
2298,14,2024-06-06,SORTIE,21
2299,19,2024-06-06,SORTIE,20
2300,15,2024-06-06,SORTIE,4
2301,31,2024-06-06,SORTIE,19
2302,7,2024-06-06,SORTIE,22
2303,27,2024-06-06,SORTIE,27
2304,30,2024-06-06,SORTIE,28
2305,7,2024-06-06,SORTIE,2
2306,16,2024-06-06,SORTIE,1
2307,10,2024-06-06,SORTIE,22
2308,32,2024-06-06,SORTIE,4
2309,29,2024-06-06,SORTIE,18
2310,14,2024-06-06,ENTREE,493
2311,18,2024-06-07,SORTIE,9
2312,14,2024-06-07,SORTIE,8
2313,22,2024-06-07,SORTIE,26
2314,13,2024-06-07,SORTIE,20
2315,25,2024-06-07,SORTIE,22
2316,27,2024-06-07,SORTIE,2
2317,14,2024-06-07,SORTIE,6
2318,17,2024-06-07,SORTIE,6
2319,8,2024-06-07,SORTIE,12
2320,12,2024-06-07,SORTIE,29
2321,24,2024-06-07,SORTIE,10
2322,22,2024-06-07,SORTIE,15
2323,4,2024-06-07,SORTIE,2
2324,8,2024-06-07,SORTIE,15
2325,6,2024-06-07,SORTIE,21
2326,3,2024-06-08,SORTIE,20
2327,17,2024-06-08,SORTIE,2
2328,10,2024-06-08,SORTIE,20
2329,4,2024-06-08,SORTIE,27
2330,31,2024-06-08,SORTIE,3
2331,16,2024-06-08,SORTIE,1
2332,7,2024-06-08,SORTIE,21
2333,27,2024-06-08,SORTIE,26
2334,5,2024-06-08,SORTIE,1
2335,33,2024-06-08,SORTIE,28
2336,15,2024-06-08,SORTIE,15
2337,33,2024-06-08,SORTIE,24
2338,10,2024-06-08,SORTIE,1
2339,32,2024-06-08,SORTIE,16
2340,7,2024-06-08,SORTIE,2
2341,13,2024-06-08,SORTIE,22
2342,2,2024-06-08,SORTIE,30
2343,14,2024-06-08,SORTIE,29
2344,14,2024-06-08,ENTREE,435
2345,26,2024-06-09,SORTIE,27
2346,30,2024-06-09,SORTIE,8
2347,15,2024-06-10,SORTIE,5
2348,11,2024-06-10,SORTIE,24
2349,7,2024-06-10,SORTIE,19
2350,33,2024-06-10,SORTIE,30
2351,35,2024-06-10,SORTIE,5
2352,17,2024-06-10,SORTIE,1
2353,2,2024-06-10,SORTIE,12
2354,9,2024-06-10,SORTIE,16
2355,14,2024-06-10,SORTIE,20
2356,3,2024-06-10,SORTIE,10
2357,7,2024-06-10,SORTIE,20
2358,24,2024-06-10,SORTIE,6
2359,23,2024-06-10,SORTIE,14
2360,6,2024-06-10,SORTIE,29
2361,14,2024-06-10,SORTIE,19
2362,28,2024-06-10,SORTIE,6
2363,34,2024-06-10,SORTIE,9
2364,9,2024-06-10,SORTIE,7
2365,8,2024-06-10,SORTIE,27
2366,18,2024-06-10,SORTIE,1
2367,26,2024-06-10,SORTIE,1
2368,2,2024-06-10,SORTIE,12
2369,27,2024-06-10,SORTIE,12
2370,27,2024-06-10,ENTREE,228
2371,8,2024-06-11,SORTIE,18
2372,11,2024-06-11,SORTIE,27
2373,2,2024-06-11,SORTIE,19
2374,14,2024-06-11,SORTIE,4
2375,9,2024-06-11,SORTIE,19
2376,35,2024-06-11,SORTIE,20
2377,35,2024-06-11,SORTIE,25
2378,26,2024-06-11,SORTIE,29
2379,34,2024-06-11,SORTIE,2
2380,33,2024-06-11,SORTIE,11
2381,22,2024-06-12,SORTIE,3
2382,10,2024-06-12,SORTIE,25
2383,3,2024-06-12,SORTIE,12
2384,26,2024-06-12,SORTIE,8
2385,1,2024-06-12,SORTIE,25
2386,22,2024-06-12,SORTIE,1
2387,15,2024-06-12,SORTIE,6
2388,22,2024-06-12,SORTIE,2
2389,8,2024-06-12,SORTIE,20
2390,26,2024-06-12,SORTIE,3
2391,5,2024-06-12,SORTIE,23
2392,34,2024-06-12,SORTIE,14
2393,20,2024-06-12,SORTIE,18
2394,32,2024-06-12,SORTIE,17
2395,31,2024-06-12,SORTIE,13
2396,11,2024-06-12,SORTIE,28
2397,17,2024-06-12,SORTIE,15
2398,26,2024-06-12,SORTIE,17
2399,6,2024-06-12,SORTIE,25
2400,17,2024-06-13,SORTIE,2
2401,8,2024-06-13,SORTIE,27
2402,4,2024-06-13,ENTREE,334
2403,35,2024-06-14,SORTIE,1
2404,10,2024-06-14,SORTIE,7
2405,33,2024-06-14,SORTIE,23
2406,13,2024-06-14,SORTIE,30
2407,15,2024-06-14,SORTIE,16
2408,31,2024-06-14,SORTIE,15
2409,32,2024-06-14,SORTIE,28
2410,27,2024-06-14,SORTIE,30
2411,15,2024-06-14,SORTIE,30
2412,13,2024-06-14,SORTIE,27
2413,31,2024-06-14,SORTIE,12
2414,21,2024-06-14,SORTIE,30
2415,30,2024-06-14,SORTIE,21
2416,7,2024-06-14,SORTIE,13
2417,3,2024-06-14,SORTIE,30
2418,16,2024-06-14,SORTIE,6
2419,4,2024-06-14,SORTIE,13
2420,31,2024-06-14,SORTIE,27
2421,16,2024-06-14,SORTIE,22
2422,33,2024-06-14,SORTIE,3
2423,19,2024-06-15,SORTIE,2
2424,11,2024-06-15,SORTIE,12
2425,34,2024-06-15,SORTIE,24
2426,15,2024-06-15,SORTIE,5
2427,17,2024-06-15,SORTIE,16
2428,19,2024-06-15,SORTIE,2
2429,24,2024-06-15,SORTIE,20
2430,23,2024-06-15,SORTIE,6
2431,35,2024-06-15,SORTIE,8
2432,24,2024-06-15,SORTIE,15
2433,19,2024-06-15,SORTIE,13
2434,29,2024-06-15,SORTIE,23
2435,34,2024-06-15,SORTIE,4
2436,29,2024-06-15,SORTIE,7
2437,21,2024-06-15,SORTIE,1
2438,13,2024-06-16,SORTIE,23
2439,35,2024-06-16,SORTIE,1
2440,14,2024-06-16,SORTIE,23
2441,13,2024-06-16,SORTIE,7
2442,23,2024-06-16,ENTREE,195
2443,31,2024-06-17,SORTIE,24
2444,6,2024-06-17,SORTIE,27
2445,15,2024-06-17,SORTIE,29
2446,34,2024-06-17,SORTIE,3
2447,29,2024-06-17,SORTIE,6
2448,11,2024-06-17,SORTIE,13
2449,10,2024-06-17,SORTIE,19
2450,23,2024-06-17,SORTIE,11
2451,1,2024-06-17,SORTIE,18
2452,4,2024-06-18,SORTIE,22
2453,16,2024-06-18,SORTIE,6
2454,34,2024-06-18,SORTIE,19
2455,15,2024-06-18,SORTIE,2
2456,11,2024-06-18,SORTIE,5
2457,5,2024-06-18,SORTIE,29
2458,29,2024-06-18,SORTIE,3
2459,15,2024-06-18,SORTIE,28
2460,6,2024-06-18,SORTIE,20
2461,22,2024-06-18,SORTIE,30
2462,22,2024-06-18,SORTIE,23
2463,28,2024-06-18,SORTIE,27
2464,6,2024-06-18,SORTIE,29
2465,20,2024-06-18,SORTIE,28
2466,23,2024-06-18,SORTIE,17
2467,33,2024-06-19,SORTIE,11
2468,21,2024-06-19,SORTIE,7
2469,28,2024-06-19,SORTIE,1
2470,35,2024-06-19,SORTIE,25
2471,28,2024-06-19,SORTIE,24
2472,26,2024-06-19,SORTIE,24
2473,7,2024-06-19,SORTIE,26
2474,23,2024-06-19,SORTIE,9
2475,21,2024-06-19,SORTIE,16
2476,12,2024-06-19,SORTIE,11
2477,26,2024-06-19,SORTIE,11
2478,20,2024-06-19,SORTIE,11
2479,20,2024-06-19,SORTIE,13
2480,28,2024-06-19,SORTIE,20
2481,26,2024-06-19,SORTIE,26
2482,35,2024-06-20,SORTIE,11
2483,30,2024-06-20,SORTIE,28
2484,15,2024-06-20,SORTIE,30
2485,20,2024-06-20,SORTIE,22
2486,9,2024-06-20,SORTIE,19
2487,1,2024-06-20,SORTIE,2
2488,8,2024-06-20,SORTIE,8
2489,21,2024-06-20,ENTREE,390
2490,34,2024-06-21,SORTIE,28
2491,35,2024-06-21,SORTIE,20
2492,15,2024-06-21,SORTIE,7
2493,25,2024-06-21,SORTIE,28
2494,18,2024-06-21,SORTIE,4
2495,30,2024-06-21,SORTIE,24
2496,7,2024-06-21,SORTIE,30
2497,9,2024-06-21,SORTIE,26
2498,12,2024-06-21,SORTIE,3
2499,25,2024-06-21,SORTIE,13
2500,6,2024-06-21,SORTIE,5
2501,26,2024-06-21,SORTIE,1
2502,10,2024-06-21,SORTIE,25
2503,3,2024-06-21,SORTIE,9
2504,32,2024-06-21,SORTIE,2
2505,29,2024-06-21,SORTIE,25
2506,27,2024-06-21,SORTIE,1
2507,18,2024-06-21,SORTIE,23
2508,35,2024-06-21,SORTIE,7
2509,28,2024-06-21,SORTIE,25
2510,28,2024-06-21,SORTIE,5
2511,11,2024-06-21,SORTIE,13
2512,35,2024-06-21,SORTIE,6
2513,25,2024-06-21,ENTREE,187
2514,34,2024-06-22,SORTIE,12
2515,24,2024-06-22,SORTIE,17
2516,22,2024-06-22,SORTIE,5
2517,2,2024-06-22,SORTIE,26
2518,3,2024-06-22,SORTIE,6
2519,10,2024-06-22,SORTIE,4
2520,2,2024-06-22,SORTIE,5
2521,23,2024-06-22,SORTIE,11
2522,20,2024-06-22,SORTIE,9
2523,31,2024-06-22,SORTIE,5
2524,30,2024-06-22,SORTIE,4
2525,27,2024-06-22,SORTIE,23
2526,2,2024-06-22,SORTIE,26
2527,1,2024-06-22,SORTIE,12
2528,1,2024-06-22,SORTIE,19
2529,11,2024-06-22,SORTIE,15
2530,20,2024-06-22,SORTIE,20
2531,21,2024-06-22,SORTIE,12
2532,13,2024-06-22,SORTIE,12
2533,32,2024-06-22,SORTIE,1
2534,34,2024-06-22,SORTIE,19
2535,16,2024-06-22,SORTIE,28
2536,23,2024-06-22,SORTIE,11
2537,30,2024-06-22,SORTIE,28
2538,34,2024-06-23,SORTIE,29
2539,17,2024-06-23,SORTIE,22
2540,31,2024-06-23,SORTIE,24
2541,34,2024-06-23,SORTIE,29
2542,27,2024-06-23,SORTIE,1
2543,34,2024-06-23,SORTIE,12
2544,2,2024-06-23,SORTIE,4
2545,27,2024-06-23,SORTIE,17
2546,13,2024-06-23,SORTIE,11
2547,13,2024-06-23,SORTIE,23
2548,30,2024-06-23,SORTIE,10
2549,20,2024-06-23,SORTIE,16
2550,25,2024-06-23,SORTIE,28
2551,2,2024-06-23,SORTIE,16
2552,27,2024-06-23,SORTIE,15
2553,31,2024-06-23,SORTIE,4
2554,2,2024-06-23,SORTIE,20
2555,20,2024-06-23,SORTIE,15
2556,19,2024-06-23,SORTIE,8
2557,33,2024-06-23,SORTIE,16
2558,13,2024-06-23,SORTIE,4
2559,4,2024-06-23,SORTIE,2
2560,13,2024-06-23,SORTIE,4
2561,12,2024-06-24,SORTIE,17
2562,12,2024-06-24,SORTIE,6
2563,6,2024-06-24,SORTIE,30
2564,35,2024-06-24,SORTIE,25
2565,30,2024-06-24,SORTIE,8
2566,9,2024-06-24,SORTIE,24
2567,14,2024-06-24,SORTIE,16
2568,13,2024-06-24,SORTIE,22
2569,12,2024-06-24,SORTIE,4
2570,15,2024-06-24,SORTIE,13
2571,25,2024-06-24,SORTIE,5
2572,27,2024-06-25,SORTIE,12
2573,27,2024-06-25,SORTIE,2
2574,22,2024-06-25,SORTIE,7
2575,3,2024-06-25,SORTIE,20
2576,16,2024-06-25,SORTIE,29
2577,5,2024-06-25,SORTIE,14
2578,29,2024-06-25,SORTIE,29
2579,33,2024-06-25,SORTIE,18
2580,19,2024-06-25,SORTIE,16
2581,6,2024-06-25,SORTIE,1
2582,7,2024-06-25,SORTIE,28
2583,23,2024-06-25,SORTIE,28
2584,27,2024-06-25,SORTIE,15
2585,2,2024-06-25,SORTIE,23
2586,5,2024-06-25,SORTIE,20
2587,35,2024-06-25,SORTIE,18
2588,33,2024-06-25,SORTIE,25
2589,10,2024-06-25,SORTIE,8
2590,33,2024-06-25,SORTIE,16
2591,26,2024-06-25,SORTIE,19
2592,24,2024-06-25,SORTIE,20
2593,16,2024-06-25,SORTIE,9
2594,5,2024-06-25,SORTIE,30
2595,35,2024-06-26,SORTIE,18
2596,7,2024-06-26,SORTIE,29
2597,14,2024-06-26,SORTIE,4
2598,1,2024-06-26,SORTIE,1
2599,9,2024-06-26,SORTIE,30
2600,25,2024-06-26,SORTIE,26
2601,13,2024-06-26,SORTIE,6
2602,35,2024-06-26,SORTIE,5
2603,27,2024-06-26,SORTIE,10
2604,10,2024-06-26,SORTIE,20
2605,2,2024-06-26,SORTIE,4
2606,11,2024-06-26,SORTIE,20
2607,35,2024-06-26,SORTIE,21
2608,1,2024-06-26,SORTIE,13
2609,4,2024-06-26,SORTIE,8
2610,26,2024-06-26,SORTIE,1
2611,20,2024-06-26,SORTIE,29
2612,1,2024-06-26,SORTIE,16
2613,32,2024-06-26,SORTIE,13
2614,11,2024-06-26,SORTIE,18
2615,15,2024-06-26,ENTREE,179
2616,13,2024-06-27,SORTIE,10
2617,1,2024-06-27,SORTIE,17
2618,15,2024-06-27,SORTIE,21
2619,10,2024-06-27,SORTIE,5
2620,10,2024-06-27,SORTIE,18
2621,11,2024-06-27,SORTIE,14
2622,29,2024-06-27,SORTIE,8
2623,7,2024-06-27,SORTIE,20
2624,7,2024-06-27,SORTIE,3
2625,14,2024-06-27,SORTIE,10
2626,16,2024-06-27,SORTIE,25
2627,29,2024-06-27,SORTIE,5
2628,7,2024-06-27,SORTIE,6
2629,15,2024-06-27,SORTIE,25
2630,19,2024-06-27,SORTIE,25
2631,31,2024-06-27,SORTIE,30
2632,27,2024-06-27,SORTIE,15
2633,31,2024-06-27,SORTIE,4
2634,30,2024-06-27,SORTIE,4
2635,32,2024-06-28,SORTIE,8
2636,9,2024-06-28,SORTIE,19
2637,29,2024-06-28,SORTIE,4
2638,3,2024-06-28,ENTREE,311
2639,20,2024-06-29,SORTIE,28
2640,27,2024-06-29,SORTIE,4
2641,3,2024-06-29,SORTIE,15
2642,22,2024-06-29,SORTIE,15
2643,15,2024-06-29,SORTIE,25
2644,11,2024-06-29,SORTIE,7
2645,18,2024-06-29,SORTIE,23
2646,23,2024-06-29,SORTIE,18
2647,9,2024-06-29,SORTIE,6
2648,14,2024-06-30,SORTIE,16
2649,15,2024-06-30,SORTIE,29
2650,24,2024-06-30,SORTIE,25
2651,31,2024-06-30,SORTIE,7
2652,20,2024-06-30,SORTIE,14
2653,21,2024-06-30,SORTIE,1
2654,27,2024-06-30,SORTIE,19
2655,23,2024-07-01,SORTIE,12
2656,26,2024-07-01,SORTIE,23
2657,22,2024-07-01,SORTIE,7
2658,7,2024-07-01,SORTIE,16
2659,3,2024-07-01,SORTIE,18
2660,29,2024-07-01,SORTIE,30
2661,13,2024-07-01,SORTIE,11
2662,5,2024-07-01,SORTIE,11
2663,21,2024-07-01,SORTIE,2
2664,27,2024-07-01,SORTIE,21
2665,10,2024-07-01,SORTIE,22
2666,18,2024-07-01,SORTIE,10
2667,30,2024-07-01,SORTIE,29
2668,15,2024-07-01,SORTIE,8
2669,22,2024-07-01,SORTIE,26
2670,24,2024-07-02,SORTIE,24
2671,32,2024-07-02,SORTIE,30
2672,13,2024-07-02,SORTIE,3
2673,6,2024-07-02,SORTIE,29
2674,30,2024-07-02,SORTIE,4
2675,6,2024-07-02,SORTIE,14
2676,27,2024-07-02,SORTIE,11
2677,22,2024-07-02,SORTIE,20
2678,33,2024-07-02,SORTIE,15
2679,24,2024-07-02,SORTIE,17
2680,31,2024-07-02,SORTIE,7
2681,30,2024-07-02,SORTIE,21
2682,28,2024-07-02,SORTIE,14
2683,31,2024-07-02,SORTIE,25
2684,4,2024-07-02,SORTIE,29
2685,22,2024-07-02,SORTIE,17
2686,6,2024-07-02,SORTIE,25
2687,35,2024-07-03,SORTIE,23
2688,24,2024-07-03,SORTIE,1
2689,3,2024-07-03,SORTIE,11
2690,22,2024-07-03,SORTIE,14
2691,11,2024-07-03,SORTIE,28
2692,35,2024-07-03,SORTIE,21
2693,2,2024-07-03,SORTIE,1
2694,35,2024-07-03,SORTIE,30
2695,16,2024-07-03,SORTIE,17
2696,23,2024-07-03,SORTIE,25
2697,17,2024-07-03,SORTIE,23
2698,13,2024-07-03,SORTIE,11
2699,28,2024-07-03,SORTIE,19
2700,24,2024-07-03,SORTIE,6
2701,16,2024-07-03,SORTIE,8
2702,11,2024-07-03,SORTIE,26
2703,3,2024-07-03,SORTIE,12
2704,12,2024-07-03,SORTIE,19
2705,3,2024-07-03,SORTIE,9
2706,4,2024-07-03,SORTIE,29
2707,16,2024-07-03,SORTIE,24
2708,1,2024-07-03,SORTIE,3
2709,26,2024-07-03,ENTREE,339
2710,32,2024-07-04,SORTIE,18
2711,19,2024-07-04,SORTIE,25
2712,22,2024-07-04,SORTIE,26
2713,4,2024-07-04,SORTIE,18
2714,10,2024-07-04,SORTIE,16
2715,32,2024-07-04,SORTIE,4
2716,6,2024-07-04,SORTIE,11
2717,12,2024-07-04,SORTIE,23
2718,25,2024-07-04,SORTIE,6
2719,15,2024-07-04,SORTIE,21
2720,35,2024-07-04,SORTIE,11
2721,2,2024-07-04,SORTIE,12
2722,30,2024-07-04,SORTIE,26
2723,9,2024-07-04,SORTIE,22
2724,28,2024-07-04,SORTIE,17
2725,16,2024-07-04,SORTIE,28
2726,1,2024-07-05,SORTIE,18
2727,34,2024-07-05,SORTIE,11
2728,2,2024-07-05,ENTREE,195
2729,12,2024-07-06,SORTIE,19
2730,17,2024-07-06,SORTIE,7
2731,29,2024-07-06,SORTIE,22
2732,27,2024-07-06,ENTREE,195
2733,17,2024-07-07,SORTIE,12
2734,14,2024-07-07,SORTIE,14
2735,31,2024-07-07,SORTIE,6
2736,30,2024-07-07,SORTIE,13
2737,17,2024-07-07,SORTIE,21
2738,7,2024-07-07,SORTIE,25
2739,33,2024-07-07,SORTIE,9
2740,6,2024-07-07,SORTIE,13
2741,20,2024-07-07,SORTIE,4
2742,4,2024-07-07,SORTIE,25
2743,24,2024-07-07,SORTIE,27
2744,11,2024-07-07,SORTIE,10
2745,11,2024-07-07,SORTIE,10
2746,22,2024-07-07,SORTIE,30
2747,30,2024-07-07,SORTIE,13
2748,14,2024-07-07,SORTIE,11
2749,7,2024-07-07,SORTIE,13
2750,12,2024-07-07,SORTIE,4
2751,27,2024-07-07,SORTIE,29
2752,7,2024-07-07,SORTIE,24
2753,9,2024-07-07,SORTIE,7
2754,19,2024-07-07,SORTIE,5
2755,34,2024-07-07,SORTIE,1
2756,6,2024-07-07,SORTIE,2
2757,10,2024-07-08,SORTIE,18
2758,4,2024-07-08,SORTIE,1
2759,2,2024-07-08,SORTIE,13
2760,21,2024-07-08,SORTIE,30
2761,25,2024-07-08,SORTIE,3
2762,22,2024-07-09,SORTIE,20
2763,34,2024-07-09,SORTIE,21
2764,21,2024-07-09,SORTIE,10
2765,2,2024-07-09,SORTIE,27
2766,21,2024-07-09,SORTIE,5
2767,18,2024-07-09,SORTIE,22
2768,14,2024-07-09,SORTIE,18
2769,3,2024-07-09,SORTIE,29
2770,21,2024-07-09,SORTIE,23
2771,14,2024-07-09,SORTIE,1
2772,20,2024-07-09,SORTIE,2
2773,28,2024-07-09,SORTIE,3
2774,26,2024-07-09,SORTIE,20
2775,27,2024-07-09,SORTIE,11
2776,35,2024-07-09,SORTIE,23
2777,21,2024-07-09,SORTIE,18
2778,12,2024-07-09,ENTREE,151
2779,3,2024-07-10,SORTIE,1
2780,25,2024-07-10,SORTIE,20
2781,26,2024-07-10,SORTIE,7
2782,8,2024-07-10,SORTIE,3
2783,30,2024-07-10,SORTIE,24
2784,31,2024-07-10,SORTIE,23
2785,20,2024-07-10,SORTIE,10
2786,10,2024-07-10,SORTIE,26
2787,5,2024-07-10,SORTIE,12
2788,21,2024-07-10,SORTIE,11
2789,25,2024-07-10,SORTIE,18
2790,30,2024-07-10,SORTIE,15
2791,28,2024-07-10,SORTIE,29
2792,7,2024-07-10,SORTIE,23
2793,16,2024-07-10,SORTIE,26
2794,31,2024-07-10,SORTIE,23
2795,20,2024-07-10,SORTIE,23
2796,13,2024-07-10,SORTIE,12
2797,34,2024-07-10,SORTIE,12
2798,2,2024-07-10,SORTIE,3
2799,18,2024-07-10,ENTREE,216
2800,2,2024-07-11,SORTIE,4
2801,2,2024-07-11,SORTIE,21
2802,20,2024-07-11,SORTIE,24
2803,28,2024-07-11,SORTIE,7
2804,34,2024-07-11,SORTIE,19
2805,12,2024-07-11,SORTIE,11
2806,27,2024-07-11,SORTIE,6
2807,14,2024-07-11,SORTIE,5
2808,32,2024-07-11,SORTIE,13
2809,19,2024-07-11,SORTIE,3
2810,34,2024-07-11,SORTIE,9
2811,29,2024-07-11,SORTIE,15
2812,15,2024-07-11,SORTIE,15
2813,11,2024-07-11,SORTIE,1
2814,29,2024-07-12,SORTIE,27
2815,14,2024-07-12,SORTIE,29
2816,6,2024-07-12,SORTIE,2
2817,18,2024-07-12,SORTIE,9
2818,20,2024-07-12,SORTIE,23
2819,21,2024-07-12,SORTIE,2
2820,3,2024-07-12,SORTIE,28
2821,28,2024-07-12,SORTIE,3
2822,23,2024-07-12,SORTIE,11
2823,35,2024-07-12,SORTIE,13
2824,2,2024-07-12,SORTIE,2
2825,25,2024-07-12,SORTIE,30
2826,25,2024-07-12,SORTIE,18
2827,30,2024-07-12,SORTIE,14
2828,16,2024-07-12,SORTIE,29
2829,5,2024-07-12,SORTIE,15
2830,26,2024-07-12,SORTIE,21
2831,11,2024-07-12,SORTIE,21
2832,33,2024-07-13,SORTIE,3
2833,11,2024-07-13,SORTIE,12
2834,4,2024-07-13,SORTIE,9
2835,32,2024-07-13,SORTIE,17
2836,17,2024-07-13,SORTIE,10
2837,24,2024-07-13,SORTIE,30
2838,18,2024-07-13,SORTIE,26
2839,5,2024-07-13,SORTIE,6
2840,24,2024-07-13,ENTREE,186
2841,15,2024-07-14,SORTIE,27
2842,32,2024-07-14,SORTIE,7
2843,4,2024-07-14,SORTIE,13
2844,23,2024-07-14,SORTIE,29
2845,18,2024-07-14,SORTIE,4
2846,2,2024-07-14,SORTIE,1
2847,25,2024-07-14,SORTIE,21
2848,6,2024-07-14,ENTREE,185
2849,25,2024-07-15,SORTIE,3
2850,22,2024-07-15,SORTIE,28
2851,32,2024-07-15,SORTIE,9
2852,29,2024-07-15,SORTIE,26
2853,19,2024-07-15,SORTIE,8
2854,12,2024-07-15,SORTIE,1
2855,15,2024-07-15,SORTIE,25
2856,30,2024-07-15,SORTIE,25
2857,21,2024-07-15,SORTIE,14
2858,9,2024-07-15,SORTIE,18
2859,30,2024-07-15,SORTIE,28
2860,13,2024-07-15,SORTIE,22
2861,23,2024-07-15,SORTIE,15
2862,3,2024-07-15,SORTIE,25
2863,4,2024-07-15,SORTIE,4
2864,10,2024-07-15,SORTIE,11
2865,28,2024-07-15,SORTIE,30
2866,29,2024-07-15,SORTIE,15
2867,9,2024-07-16,SORTIE,30
2868,34,2024-07-16,SORTIE,6
2869,4,2024-07-16,SORTIE,4
2870,32,2024-07-16,SORTIE,22
2871,4,2024-07-16,SORTIE,17
2872,11,2024-07-16,SORTIE,13
2873,13,2024-07-16,SORTIE,15
2874,29,2024-07-16,SORTIE,12
2875,13,2024-07-16,SORTIE,7
2876,35,2024-07-16,SORTIE,28
2877,7,2024-07-16,SORTIE,6
2878,2,2024-07-16,SORTIE,7
2879,22,2024-07-16,SORTIE,26
2880,29,2024-07-16,SORTIE,21
2881,6,2024-07-16,SORTIE,6
2882,10,2024-07-16,SORTIE,26
2883,19,2024-07-16,SORTIE,12
2884,10,2024-07-16,SORTIE,17
2885,9,2024-07-16,SORTIE,10
2886,1,2024-07-16,SORTIE,21
2887,16,2024-07-16,SORTIE,12
2888,31,2024-07-16,SORTIE,17
2889,23,2024-07-16,SORTIE,11
2890,26,2024-07-16,SORTIE,11
2891,28,2024-07-16,SORTIE,8
2892,19,2024-07-16,SORTIE,2
2893,17,2024-07-16,ENTREE,172
2894,25,2024-07-17,SORTIE,26
2895,19,2024-07-17,SORTIE,23
2896,9,2024-07-17,SORTIE,29
2897,30,2024-07-17,SORTIE,20
2898,23,2024-07-17,SORTIE,1
2899,3,2024-07-17,SORTIE,19
2900,4,2024-07-17,SORTIE,2
2901,6,2024-07-17,SORTIE,7
2902,19,2024-07-17,SORTIE,21
2903,35,2024-07-17,SORTIE,16
2904,26,2024-07-17,SORTIE,20
2905,27,2024-07-17,SORTIE,23
2906,5,2024-07-17,ENTREE,218
2907,8,2024-07-18,SORTIE,19
2908,35,2024-07-18,SORTIE,3
2909,9,2024-07-18,SORTIE,22
2910,1,2024-07-18,SORTIE,17
2911,35,2024-07-18,SORTIE,22
2912,22,2024-07-19,SORTIE,2
2913,28,2024-07-19,SORTIE,23
2914,21,2024-07-19,SORTIE,27
2915,15,2024-07-19,SORTIE,9
2916,10,2024-07-19,SORTIE,5
2917,24,2024-07-19,SORTIE,19
2918,15,2024-07-19,SORTIE,28
2919,28,2024-07-19,SORTIE,1
2920,20,2024-07-19,SORTIE,18
2921,27,2024-07-19,SORTIE,25
2922,34,2024-07-19,SORTIE,17
2923,12,2024-07-19,SORTIE,10
2924,27,2024-07-19,SORTIE,6
2925,16,2024-07-19,SORTIE,10
2926,23,2024-07-19,SORTIE,9
2927,7,2024-07-19,SORTIE,21
2928,18,2024-07-19,SORTIE,22
2929,14,2024-07-20,SORTIE,23
2930,33,2024-07-20,SORTIE,20
2931,14,2024-07-20,SORTIE,29
2932,2,2024-07-20,SORTIE,16
2933,25,2024-07-20,SORTIE,5
2934,18,2024-07-20,SORTIE,24
2935,17,2024-07-20,SORTIE,1
2936,17,2024-07-20,SORTIE,9
2937,5,2024-07-20,SORTIE,18
2938,7,2024-07-20,SORTIE,5
2939,10,2024-07-20,SORTIE,16
2940,30,2024-07-20,SORTIE,6
2941,10,2024-07-20,ENTREE,308
2942,7,2024-07-21,SORTIE,21
2943,23,2024-07-21,SORTIE,10
2944,23,2024-07-21,SORTIE,2
2945,29,2024-07-21,SORTIE,4
2946,7,2024-07-21,SORTIE,18
2947,5,2024-07-21,SORTIE,18
2948,16,2024-07-21,SORTIE,29
2949,8,2024-07-21,SORTIE,25
2950,17,2024-07-21,SORTIE,8
2951,13,2024-07-21,SORTIE,8
2952,24,2024-07-21,SORTIE,4
2953,10,2024-07-21,SORTIE,23
2954,30,2024-07-21,SORTIE,3
2955,3,2024-07-21,SORTIE,27
2956,34,2024-07-21,SORTIE,15
2957,5,2024-07-21,SORTIE,4
2958,35,2024-07-21,SORTIE,15
2959,32,2024-07-21,SORTIE,4
2960,5,2024-07-21,SORTIE,28
2961,7,2024-07-21,SORTIE,13
2962,4,2024-07-21,SORTIE,2
2963,4,2024-07-21,ENTREE,220
2964,17,2024-07-22,SORTIE,2
2965,33,2024-07-22,SORTIE,6
2966,31,2024-07-22,SORTIE,4
2967,9,2024-07-22,SORTIE,28
2968,35,2024-07-22,SORTIE,26
2969,34,2024-07-22,SORTIE,26
2970,2,2024-07-22,ENTREE,315
2971,23,2024-07-23,SORTIE,2
2972,15,2024-07-23,SORTIE,4
2973,16,2024-07-23,SORTIE,11
2974,28,2024-07-23,SORTIE,26
2975,35,2024-07-23,SORTIE,6
2976,21,2024-07-23,SORTIE,24
2977,27,2024-07-23,SORTIE,2
2978,28,2024-07-23,SORTIE,30
2979,16,2024-07-23,SORTIE,24
2980,29,2024-07-23,SORTIE,6
2981,22,2024-07-23,SORTIE,23
2982,5,2024-07-23,SORTIE,3
2983,20,2024-07-23,SORTIE,30
2984,13,2024-07-23,SORTIE,1
2985,19,2024-07-23,SORTIE,27
2986,16,2024-07-23,SORTIE,21
2987,27,2024-07-23,SORTIE,22
2988,6,2024-07-23,SORTIE,2
2989,10,2024-07-24,SORTIE,4
2990,3,2024-07-24,SORTIE,12
2991,12,2024-07-24,SORTIE,19
2992,15,2024-07-24,SORTIE,29
2993,19,2024-07-24,SORTIE,6
2994,17,2024-07-25,SORTIE,16
2995,7,2024-07-25,SORTIE,16
2996,11,2024-07-25,SORTIE,4
2997,23,2024-07-26,SORTIE,7
2998,32,2024-07-26,SORTIE,8
2999,33,2024-07-26,SORTIE,19
3000,30,2024-07-26,SORTIE,6
3001,6,2024-07-26,SORTIE,25
3002,18,2024-07-26,SORTIE,23
3003,29,2024-07-26,SORTIE,25
3004,31,2024-07-26,SORTIE,12
3005,5,2024-07-26,SORTIE,26
3006,6,2024-07-26,SORTIE,27
3007,18,2024-07-27,SORTIE,1
3008,1,2024-07-27,SORTIE,3
3009,14,2024-07-27,SORTIE,1
3010,9,2024-07-27,SORTIE,19
3011,32,2024-07-27,SORTIE,16
3012,14,2024-07-27,SORTIE,22
3013,10,2024-07-27,SORTIE,26
3014,30,2024-07-27,SORTIE,20
3015,29,2024-07-27,SORTIE,26
3016,18,2024-07-27,SORTIE,3
3017,4,2024-07-27,SORTIE,7
3018,29,2024-07-27,SORTIE,7
3019,18,2024-07-27,SORTIE,19
3020,34,2024-07-27,SORTIE,2
3021,1,2024-07-27,SORTIE,23
3022,32,2024-07-28,SORTIE,29
3023,9,2024-07-28,SORTIE,30
3024,32,2024-07-28,SORTIE,1
3025,31,2024-07-28,SORTIE,5
3026,25,2024-07-28,SORTIE,10
3027,25,2024-07-28,SORTIE,28
3028,12,2024-07-28,SORTIE,12
3029,33,2024-07-28,SORTIE,18
3030,35,2024-07-28,SORTIE,7
3031,23,2024-07-28,SORTIE,2
3032,24,2024-07-28,SORTIE,13
3033,20,2024-07-28,SORTIE,29
3034,8,2024-07-28,SORTIE,3
3035,15,2024-07-28,SORTIE,25
3036,5,2024-07-28,ENTREE,117
3037,22,2024-07-29,SORTIE,12
3038,7,2024-07-29,SORTIE,24
3039,7,2024-07-29,SORTIE,1
3040,9,2024-07-29,SORTIE,27
3041,16,2024-07-29,SORTIE,22
3042,10,2024-07-29,SORTIE,21
3043,7,2024-07-29,SORTIE,28
3044,28,2024-07-29,SORTIE,17
3045,6,2024-07-29,SORTIE,17
3046,1,2024-07-29,SORTIE,3
3047,20,2024-07-29,SORTIE,22
3048,3,2024-07-29,SORTIE,25
3049,10,2024-07-29,SORTIE,2
3050,35,2024-07-29,SORTIE,17
3051,14,2024-07-29,SORTIE,26
3052,11,2024-07-30,SORTIE,11
3053,12,2024-07-30,SORTIE,2
3054,13,2024-07-30,SORTIE,1
3055,3,2024-07-30,SORTIE,9
3056,7,2024-07-30,SORTIE,8
3057,6,2024-07-30,SORTIE,14
3058,8,2024-07-30,SORTIE,2
3059,21,2024-07-30,SORTIE,8
3060,35,2024-07-30,SORTIE,8
3061,2,2024-07-30,SORTIE,3
3062,30,2024-07-30,SORTIE,17
3063,9,2024-07-30,SORTIE,20
3064,3,2024-07-30,SORTIE,11
3065,28,2024-07-30,SORTIE,7
3066,4,2024-07-30,SORTIE,16
3067,29,2024-07-30,SORTIE,10
3068,25,2024-07-30,SORTIE,16
3069,23,2024-07-30,SORTIE,29
3070,35,2024-07-30,SORTIE,16
3071,20,2024-07-31,SORTIE,27
3072,33,2024-07-31,SORTIE,15
3073,18,2024-07-31,SORTIE,24
3074,20,2024-07-31,SORTIE,22
3075,11,2024-07-31,SORTIE,26
3076,25,2024-07-31,SORTIE,6
3077,9,2024-07-31,SORTIE,30
3078,24,2024-07-31,SORTIE,1
3079,25,2024-08-01,SORTIE,20
3080,20,2024-08-01,SORTIE,17
3081,25,2024-08-01,SORTIE,8
3082,31,2024-08-01,SORTIE,2
3083,9,2024-08-01,SORTIE,19
3084,1,2024-08-01,SORTIE,30
3085,9,2024-08-01,SORTIE,22
3086,27,2024-08-01,SORTIE,7
3087,11,2024-08-01,SORTIE,4
3088,14,2024-08-01,SORTIE,21
3089,4,2024-08-01,SORTIE,8
3090,5,2024-08-01,SORTIE,20
3091,18,2024-08-01,SORTIE,24
3092,32,2024-08-01,SORTIE,6
3093,16,2024-08-01,SORTIE,20
3094,30,2024-08-01,SORTIE,9
3095,32,2024-08-01,SORTIE,19
3096,10,2024-08-01,SORTIE,20
3097,11,2024-08-01,SORTIE,5
3098,1,2024-08-01,SORTIE,11
3099,30,2024-08-01,SORTIE,11
3100,34,2024-08-01,SORTIE,6
3101,24,2024-08-01,SORTIE,7
3102,18,2024-08-01,SORTIE,12
3103,14,2024-08-01,SORTIE,15
3104,16,2024-08-01,ENTREE,491
3105,21,2024-08-02,SORTIE,24
3106,25,2024-08-02,SORTIE,28
3107,19,2024-08-02,SORTIE,10
3108,24,2024-08-02,SORTIE,17
3109,16,2024-08-02,SORTIE,3
3110,12,2024-08-02,SORTIE,10
3111,34,2024-08-02,SORTIE,30
3112,26,2024-08-02,SORTIE,8
3113,10,2024-08-02,SORTIE,6
3114,7,2024-08-02,SORTIE,14
3115,2,2024-08-02,SORTIE,7
3116,33,2024-08-02,SORTIE,28
3117,17,2024-08-02,SORTIE,11
3118,8,2024-08-02,SORTIE,9
3119,24,2024-08-02,SORTIE,8
3120,21,2024-08-02,SORTIE,5
3121,14,2024-08-02,SORTIE,30
3122,10,2024-08-02,SORTIE,26
3123,35,2024-08-02,SORTIE,26
3124,32,2024-08-02,SORTIE,18
3125,25,2024-08-02,SORTIE,19
3126,34,2024-08-02,SORTIE,28
3127,2,2024-08-03,SORTIE,19
3128,5,2024-08-03,SORTIE,20
3129,6,2024-08-03,SORTIE,12
3130,35,2024-08-03,SORTIE,17
3131,17,2024-08-03,SORTIE,11
3132,22,2024-08-03,SORTIE,5
3133,22,2024-08-03,SORTIE,19
3134,28,2024-08-03,SORTIE,30
3135,1,2024-08-03,SORTIE,10
3136,3,2024-08-03,SORTIE,18
3137,14,2024-08-03,SORTIE,4
3138,23,2024-08-03,SORTIE,4
3139,10,2024-08-03,SORTIE,6
3140,9,2024-08-03,ENTREE,422
3141,4,2024-08-04,SORTIE,20
3142,33,2024-08-04,SORTIE,21
3143,14,2024-08-04,SORTIE,25
3144,2,2024-08-04,SORTIE,18
3145,12,2024-08-04,SORTIE,4
3146,4,2024-08-04,SORTIE,12
3147,8,2024-08-04,SORTIE,30
3148,23,2024-08-04,SORTIE,9
3149,20,2024-08-04,SORTIE,11
3150,2,2024-08-04,SORTIE,15
3151,17,2024-08-04,SORTIE,5
3152,10,2024-08-04,SORTIE,11
3153,18,2024-08-04,SORTIE,10
3154,23,2024-08-04,SORTIE,25
3155,11,2024-08-04,SORTIE,3
3156,35,2024-08-04,SORTIE,18
3157,32,2024-08-04,ENTREE,103
3158,1,2024-08-05,SORTIE,1
3159,22,2024-08-05,SORTIE,20
3160,1,2024-08-05,SORTIE,29
3161,19,2024-08-05,SORTIE,17
3162,23,2024-08-05,SORTIE,13
3163,23,2024-08-05,SORTIE,1
3164,1,2024-08-05,SORTIE,12
3165,21,2024-08-05,SORTIE,3
3166,31,2024-08-05,SORTIE,14
3167,26,2024-08-05,SORTIE,1
3168,11,2024-08-05,SORTIE,26
3169,6,2024-08-05,SORTIE,26
3170,28,2024-08-05,SORTIE,9
3171,13,2024-08-05,SORTIE,20
3172,4,2024-08-05,SORTIE,27
3173,8,2024-08-06,SORTIE,8
3174,8,2024-08-06,SORTIE,8
3175,8,2024-08-06,SORTIE,12
3176,26,2024-08-06,SORTIE,4
3177,33,2024-08-06,SORTIE,15
3178,13,2024-08-06,SORTIE,4
3179,16,2024-08-06,SORTIE,14
3180,27,2024-08-06,SORTIE,22
3181,13,2024-08-06,SORTIE,3
3182,28,2024-08-06,SORTIE,21
3183,15,2024-08-06,SORTIE,24
3184,26,2024-08-07,SORTIE,18
3185,1,2024-08-07,SORTIE,25
3186,35,2024-08-07,SORTIE,29
3187,5,2024-08-07,SORTIE,9
3188,9,2024-08-07,SORTIE,5
3189,17,2024-08-07,SORTIE,12
3190,23,2024-08-07,SORTIE,18
3191,5,2024-08-07,SORTIE,11
3192,8,2024-08-07,SORTIE,22
3193,12,2024-08-07,SORTIE,30
3194,14,2024-08-07,SORTIE,10
3195,35,2024-08-07,SORTIE,3
3196,11,2024-08-07,SORTIE,28
3197,31,2024-08-07,SORTIE,8
3198,15,2024-08-07,SORTIE,19
3199,22,2024-08-07,SORTIE,13
3200,4,2024-08-07,SORTIE,20
3201,33,2024-08-07,SORTIE,21
3202,2,2024-08-07,SORTIE,10
3203,7,2024-08-07,SORTIE,2
3204,22,2024-08-07,SORTIE,25
3205,25,2024-08-07,SORTIE,24
3206,26,2024-08-07,SORTIE,6
3207,10,2024-08-08,SORTIE,16
3208,10,2024-08-08,SORTIE,4
3209,7,2024-08-08,SORTIE,23
3210,9,2024-08-08,SORTIE,9
3211,35,2024-08-08,SORTIE,19
3212,31,2024-08-08,SORTIE,29
3213,34,2024-08-08,SORTIE,9
3214,23,2024-08-08,SORTIE,21
3215,7,2024-08-08,SORTIE,8
3216,28,2024-08-08,SORTIE,27
3217,8,2024-08-08,SORTIE,5
3218,18,2024-08-08,SORTIE,12
3219,30,2024-08-08,SORTIE,3
3220,34,2024-08-08,SORTIE,9
3221,2,2024-08-08,SORTIE,13
3222,31,2024-08-08,SORTIE,11
3223,14,2024-08-08,SORTIE,21
3224,34,2024-08-08,SORTIE,21
3225,21,2024-08-08,SORTIE,12
3226,15,2024-08-08,SORTIE,22
3227,19,2024-08-08,SORTIE,21
3228,4,2024-08-08,ENTREE,155
3229,26,2024-08-09,SORTIE,5
3230,9,2024-08-09,SORTIE,19
3231,24,2024-08-09,SORTIE,13
3232,7,2024-08-09,SORTIE,21
3233,34,2024-08-09,SORTIE,13
3234,2,2024-08-09,SORTIE,12
3235,22,2024-08-09,SORTIE,25
3236,3,2024-08-09,SORTIE,13
3237,32,2024-08-09,SORTIE,2
3238,18,2024-08-09,SORTIE,29
3239,4,2024-08-09,SORTIE,29
3240,10,2024-08-09,SORTIE,28
3241,18,2024-08-10,SORTIE,20
3242,16,2024-08-10,SORTIE,5
3243,9,2024-08-10,SORTIE,12
3244,4,2024-08-10,SORTIE,21
3245,23,2024-08-10,SORTIE,24
3246,34,2024-08-10,SORTIE,16
3247,17,2024-08-10,SORTIE,26
3248,11,2024-08-10,ENTREE,270
3249,29,2024-08-11,SORTIE,3
3250,7,2024-08-11,SORTIE,8
3251,19,2024-08-11,SORTIE,23
3252,19,2024-08-11,SORTIE,4
3253,1,2024-08-11,SORTIE,26
3254,29,2024-08-11,SORTIE,25
3255,27,2024-08-12,SORTIE,22
3256,8,2024-08-12,SORTIE,9
3257,14,2024-08-12,SORTIE,11
3258,31,2024-08-12,SORTIE,17
3259,6,2024-08-12,SORTIE,8
3260,26,2024-08-12,SORTIE,1
3261,14,2024-08-12,SORTIE,10
3262,13,2024-08-12,SORTIE,12
3263,2,2024-08-12,SORTIE,23
3264,23,2024-08-12,SORTIE,14
3265,22,2024-08-12,SORTIE,16
3266,19,2024-08-12,SORTIE,4
3267,3,2024-08-12,SORTIE,3
3268,17,2024-08-13,SORTIE,6
3269,17,2024-08-13,SORTIE,8
3270,10,2024-08-13,SORTIE,21
3271,2,2024-08-13,SORTIE,10
3272,4,2024-08-13,SORTIE,11
3273,22,2024-08-13,SORTIE,25
3274,9,2024-08-13,SORTIE,27
3275,13,2024-08-13,SORTIE,2
3276,13,2024-08-13,SORTIE,17
3277,13,2024-08-13,SORTIE,27
3278,3,2024-08-13,SORTIE,9
3279,7,2024-08-13,SORTIE,10
3280,34,2024-08-13,SORTIE,28
3281,18,2024-08-13,SORTIE,16
3282,25,2024-08-13,SORTIE,6
3283,13,2024-08-13,SORTIE,14
3284,14,2024-08-13,SORTIE,17
3285,35,2024-08-13,SORTIE,12
3286,1,2024-08-13,SORTIE,1
3287,34,2024-08-13,SORTIE,24
3288,35,2024-08-13,SORTIE,23
3289,21,2024-08-13,SORTIE,19
3290,32,2024-08-14,SORTIE,22
3291,24,2024-08-14,SORTIE,14
3292,20,2024-08-14,SORTIE,10
3293,3,2024-08-14,SORTIE,30
3294,2,2024-08-14,SORTIE,23
3295,7,2024-08-14,SORTIE,24
3296,35,2024-08-14,SORTIE,15
3297,31,2024-08-14,SORTIE,26
3298,12,2024-08-14,SORTIE,28
3299,10,2024-08-14,SORTIE,16
3300,34,2024-08-14,SORTIE,8
3301,10,2024-08-14,SORTIE,6
3302,4,2024-08-14,SORTIE,2
3303,7,2024-08-14,SORTIE,26
3304,10,2024-08-14,SORTIE,3
3305,20,2024-08-14,SORTIE,4
3306,32,2024-08-14,SORTIE,30
3307,26,2024-08-14,SORTIE,10
3308,3,2024-08-14,SORTIE,30
3309,20,2024-08-15,SORTIE,3
3310,27,2024-08-15,SORTIE,13
3311,32,2024-08-15,SORTIE,29
3312,9,2024-08-15,SORTIE,7
3313,29,2024-08-15,SORTIE,7
3314,7,2024-08-15,SORTIE,10
3315,11,2024-08-15,SORTIE,12
3316,22,2024-08-15,SORTIE,6
3317,1,2024-08-16,SORTIE,12
3318,15,2024-08-16,SORTIE,11
3319,23,2024-08-16,SORTIE,19
3320,5,2024-08-16,SORTIE,30
3321,6,2024-08-16,SORTIE,26
3322,9,2024-08-16,SORTIE,28
3323,15,2024-08-16,SORTIE,19
3324,13,2024-08-16,SORTIE,8
3325,16,2024-08-17,SORTIE,6
3326,24,2024-08-17,SORTIE,22
3327,9,2024-08-17,SORTIE,26
3328,29,2024-08-17,SORTIE,21
3329,32,2024-08-17,SORTIE,18
3330,34,2024-08-17,SORTIE,13
3331,33,2024-08-17,SORTIE,9
3332,15,2024-08-17,SORTIE,5
3333,7,2024-08-17,SORTIE,9
3334,23,2024-08-17,SORTIE,16
3335,18,2024-08-17,SORTIE,12
3336,6,2024-08-17,SORTIE,12
3337,1,2024-08-17,SORTIE,23
3338,16,2024-08-17,SORTIE,30
3339,14,2024-08-18,SORTIE,11
3340,28,2024-08-18,SORTIE,7
3341,6,2024-08-18,SORTIE,17
3342,23,2024-08-18,SORTIE,13
3343,15,2024-08-18,SORTIE,20
3344,12,2024-08-18,SORTIE,17
3345,2,2024-08-18,SORTIE,1
3346,35,2024-08-18,SORTIE,29
3347,24,2024-08-18,SORTIE,10
3348,14,2024-08-18,SORTIE,26
3349,5,2024-08-18,ENTREE,233
3350,35,2024-08-19,SORTIE,9
3351,17,2024-08-19,SORTIE,30
3352,26,2024-08-19,SORTIE,2
3353,31,2024-08-19,SORTIE,12
3354,11,2024-08-19,SORTIE,20
3355,8,2024-08-19,SORTIE,25
3356,23,2024-08-19,SORTIE,1
3357,10,2024-08-19,SORTIE,4
3358,10,2024-08-19,SORTIE,30
3359,19,2024-08-19,SORTIE,13
3360,7,2024-08-19,SORTIE,15
3361,20,2024-08-19,SORTIE,14
3362,33,2024-08-19,ENTREE,412
3363,32,2024-08-20,SORTIE,27
3364,22,2024-08-20,SORTIE,4
3365,18,2024-08-20,SORTIE,7
3366,30,2024-08-20,SORTIE,24
3367,18,2024-08-20,SORTIE,12
3368,1,2024-08-20,SORTIE,28
3369,27,2024-08-20,SORTIE,11
3370,27,2024-08-21,SORTIE,5
3371,31,2024-08-21,SORTIE,30
3372,22,2024-08-21,SORTIE,4
3373,12,2024-08-21,SORTIE,29
3374,18,2024-08-21,SORTIE,15
3375,2,2024-08-21,SORTIE,17
3376,14,2024-08-21,SORTIE,5
3377,6,2024-08-21,SORTIE,7
3378,35,2024-08-21,SORTIE,16
3379,34,2024-08-21,SORTIE,2
3380,2,2024-08-21,SORTIE,29
3381,31,2024-08-21,SORTIE,22
3382,24,2024-08-21,SORTIE,4
3383,15,2024-08-21,SORTIE,14
3384,13,2024-08-21,SORTIE,1
3385,14,2024-08-21,SORTIE,4
3386,23,2024-08-21,SORTIE,1
3387,27,2024-08-21,SORTIE,11
3388,6,2024-08-21,SORTIE,14
3389,35,2024-08-22,SORTIE,5
3390,12,2024-08-22,SORTIE,10
3391,19,2024-08-22,SORTIE,18
3392,31,2024-08-22,SORTIE,8
3393,3,2024-08-22,SORTIE,22
3394,16,2024-08-22,SORTIE,8
3395,5,2024-08-22,SORTIE,5
3396,20,2024-08-22,SORTIE,16
3397,2,2024-08-22,SORTIE,13
3398,29,2024-08-22,SORTIE,30
3399,26,2024-08-22,SORTIE,3
3400,24,2024-08-22,SORTIE,8
3401,27,2024-08-22,SORTIE,25
3402,27,2024-08-22,SORTIE,10
3403,14,2024-08-22,SORTIE,6
3404,29,2024-08-22,SORTIE,29
3405,31,2024-08-22,SORTIE,11
3406,27,2024-08-23,SORTIE,19
3407,3,2024-08-23,SORTIE,1
3408,2,2024-08-23,SORTIE,26
3409,21,2024-08-23,SORTIE,26
3410,1,2024-08-23,SORTIE,14
3411,12,2024-08-23,SORTIE,9
3412,31,2024-08-23,SORTIE,16
3413,3,2024-08-23,SORTIE,20
3414,6,2024-08-23,SORTIE,21
3415,3,2024-08-23,SORTIE,6
3416,14,2024-08-23,SORTIE,1
3417,28,2024-08-23,SORTIE,3
3418,26,2024-08-23,SORTIE,21
3419,2,2024-08-23,SORTIE,17
3420,30,2024-08-23,SORTIE,22
3421,14,2024-08-23,SORTIE,16
3422,2,2024-08-23,SORTIE,21
3423,2,2024-08-23,SORTIE,17
3424,17,2024-08-23,SORTIE,14
3425,28,2024-08-23,SORTIE,22
3426,24,2024-08-23,SORTIE,26
3427,25,2024-08-23,SORTIE,25
3428,5,2024-08-23,SORTIE,28
3429,24,2024-08-23,SORTIE,3
3430,26,2024-08-23,SORTIE,13
3431,18,2024-08-23,SORTIE,21
3432,8,2024-08-24,SORTIE,27
3433,4,2024-08-24,SORTIE,10
3434,11,2024-08-24,SORTIE,24
3435,13,2024-08-24,SORTIE,11
3436,13,2024-08-24,SORTIE,23
3437,13,2024-08-24,SORTIE,18
3438,14,2024-08-24,SORTIE,13
3439,11,2024-08-24,SORTIE,25
3440,28,2024-08-24,SORTIE,21
3441,7,2024-08-24,SORTIE,24
3442,26,2024-08-24,SORTIE,12
3443,9,2024-08-25,SORTIE,8
3444,8,2024-08-25,SORTIE,10
3445,23,2024-08-25,SORTIE,15
3446,8,2024-08-25,SORTIE,12
3447,22,2024-08-25,SORTIE,1
3448,2,2024-08-25,SORTIE,25
3449,14,2024-08-25,SORTIE,8
3450,32,2024-08-25,SORTIE,4
3451,29,2024-08-25,SORTIE,17
3452,2,2024-08-25,ENTREE,319
3453,2,2024-08-26,SORTIE,14
3454,1,2024-08-26,SORTIE,28
3455,22,2024-08-26,SORTIE,22
3456,20,2024-08-26,SORTIE,17
3457,10,2024-08-26,SORTIE,2
3458,27,2024-08-26,SORTIE,19
3459,9,2024-08-26,SORTIE,25
3460,5,2024-08-26,SORTIE,21
3461,20,2024-08-26,SORTIE,28
3462,5,2024-08-26,SORTIE,22
3463,6,2024-08-26,SORTIE,6
3464,24,2024-08-26,SORTIE,30
3465,31,2024-08-26,SORTIE,15
3466,15,2024-08-26,SORTIE,16
3467,9,2024-08-26,SORTIE,5
3468,17,2024-08-26,SORTIE,14
3469,22,2024-08-26,SORTIE,23
3470,29,2024-08-26,SORTIE,22
3471,14,2024-08-26,ENTREE,330
3472,23,2024-08-27,SORTIE,26
3473,32,2024-08-27,SORTIE,19
3474,10,2024-08-27,SORTIE,4
3475,10,2024-08-27,SORTIE,8
3476,35,2024-08-27,SORTIE,27
3477,33,2024-08-27,SORTIE,1
3478,31,2024-08-27,SORTIE,24
3479,34,2024-08-27,SORTIE,30
3480,19,2024-08-27,SORTIE,11
3481,23,2024-08-27,SORTIE,23
3482,13,2024-08-27,SORTIE,30
3483,16,2024-08-27,SORTIE,12
3484,31,2024-08-27,SORTIE,16
3485,4,2024-08-27,SORTIE,23
3486,5,2024-08-27,SORTIE,6
3487,34,2024-08-27,SORTIE,11
3488,25,2024-08-27,SORTIE,30
3489,9,2024-08-27,SORTIE,21
3490,7,2024-08-27,SORTIE,2
3491,12,2024-08-27,SORTIE,10
3492,27,2024-08-27,SORTIE,28
3493,16,2024-08-27,SORTIE,16
3494,16,2024-08-27,SORTIE,21
3495,2,2024-08-27,SORTIE,5
3496,31,2024-08-27,SORTIE,11
3497,34,2024-08-28,SORTIE,30
3498,30,2024-08-28,SORTIE,12
3499,27,2024-08-28,SORTIE,20
3500,31,2024-08-28,SORTIE,15
3501,11,2024-08-28,SORTIE,9
3502,13,2024-08-28,SORTIE,27
3503,3,2024-08-28,SORTIE,11
3504,3,2024-08-28,SORTIE,13
3505,11,2024-08-28,SORTIE,22
3506,18,2024-08-28,SORTIE,9
3507,27,2024-08-28,SORTIE,2
3508,27,2024-08-28,SORTIE,27
3509,27,2024-08-28,SORTIE,18
3510,4,2024-08-28,SORTIE,26
3511,3,2024-08-28,SORTIE,18
3512,28,2024-08-28,SORTIE,25
3513,3,2024-08-28,SORTIE,24
3514,27,2024-08-28,SORTIE,27
3515,9,2024-08-28,SORTIE,20
3516,3,2024-08-28,SORTIE,14
3517,5,2024-08-28,SORTIE,10
3518,19,2024-08-28,SORTIE,9
3519,27,2024-08-28,SORTIE,22
3520,34,2024-08-28,SORTIE,6
3521,8,2024-08-28,SORTIE,1
3522,33,2024-08-28,SORTIE,14
3523,1,2024-08-28,SORTIE,6
3524,2,2024-08-28,SORTIE,13
3525,27,2024-08-29,SORTIE,14
3526,23,2024-08-29,SORTIE,8
3527,18,2024-08-29,SORTIE,23
3528,33,2024-08-29,SORTIE,27
3529,14,2024-08-29,SORTIE,3
3530,34,2024-08-29,SORTIE,5
3531,18,2024-08-29,SORTIE,5
3532,34,2024-08-29,SORTIE,27
3533,19,2024-08-29,SORTIE,23
3534,16,2024-08-29,SORTIE,24
3535,21,2024-08-29,SORTIE,6
3536,35,2024-08-29,SORTIE,18
3537,12,2024-08-29,SORTIE,17
3538,13,2024-08-30,SORTIE,25
3539,13,2024-08-30,SORTIE,28
3540,25,2024-08-30,SORTIE,30
3541,17,2024-08-30,SORTIE,20
3542,20,2024-08-30,SORTIE,24
3543,19,2024-08-30,SORTIE,4
3544,5,2024-08-30,SORTIE,28
3545,21,2024-08-30,SORTIE,4
3546,29,2024-08-30,SORTIE,19
3547,6,2024-08-30,SORTIE,2
3548,24,2024-08-30,SORTIE,4
3549,9,2024-08-30,SORTIE,19
3550,5,2024-08-30,SORTIE,16
3551,27,2024-08-30,ENTREE,385
3552,35,2024-08-31,SORTIE,6
3553,8,2024-08-31,SORTIE,9
3554,25,2024-08-31,SORTIE,11
3555,20,2024-08-31,SORTIE,20
3556,27,2024-08-31,SORTIE,5
3557,5,2024-08-31,SORTIE,11
3558,33,2024-08-31,SORTIE,14
3559,33,2024-08-31,SORTIE,10
3560,7,2024-09-01,SORTIE,2
3561,16,2024-09-01,SORTIE,1
3562,23,2024-09-01,SORTIE,2
3563,14,2024-09-01,SORTIE,1
3564,25,2024-09-01,SORTIE,17
3565,28,2024-09-01,SORTIE,26
3566,5,2024-09-01,SORTIE,25
3567,34,2024-09-01,SORTIE,22
3568,14,2024-09-01,SORTIE,21
3569,21,2024-09-01,SORTIE,29
3570,32,2024-09-01,SORTIE,19
3571,6,2024-09-01,SORTIE,17
3572,33,2024-09-01,SORTIE,11
3573,16,2024-09-01,SORTIE,5
3574,28,2024-09-01,SORTIE,17
3575,11,2024-09-01,SORTIE,9
3576,5,2024-09-01,SORTIE,26
3577,2,2024-09-01,SORTIE,3
3578,9,2024-09-01,SORTIE,11
3579,9,2024-09-01,ENTREE,110
3580,1,2024-09-02,SORTIE,25
3581,4,2024-09-02,SORTIE,5
3582,24,2024-09-02,SORTIE,3
3583,21,2024-09-02,SORTIE,26
3584,5,2024-09-02,SORTIE,10
3585,25,2024-09-02,SORTIE,5
3586,32,2024-09-02,SORTIE,17
3587,17,2024-09-02,SORTIE,2
3588,5,2024-09-02,SORTIE,2
3589,5,2024-09-02,SORTIE,2
3590,3,2024-09-02,SORTIE,25
3591,34,2024-09-02,SORTIE,2
3592,31,2024-09-02,SORTIE,6
3593,22,2024-09-02,SORTIE,11
3594,33,2024-09-03,SORTIE,16
3595,33,2024-09-03,SORTIE,6
3596,3,2024-09-03,SORTIE,29
3597,21,2024-09-03,SORTIE,17
3598,17,2024-09-03,SORTIE,8
3599,33,2024-09-03,SORTIE,5
3600,23,2024-09-03,SORTIE,3
3601,16,2024-09-03,SORTIE,17
3602,1,2024-09-04,SORTIE,19
3603,4,2024-09-04,SORTIE,18
3604,14,2024-09-04,SORTIE,3
3605,4,2024-09-05,SORTIE,23
3606,8,2024-09-05,SORTIE,19
3607,34,2024-09-05,SORTIE,23
3608,5,2024-09-05,SORTIE,3
3609,29,2024-09-05,SORTIE,2
3610,28,2024-09-05,SORTIE,19
3611,23,2024-09-05,SORTIE,7
3612,34,2024-09-05,SORTIE,14
3613,17,2024-09-05,SORTIE,7
3614,26,2024-09-05,SORTIE,18
3615,25,2024-09-05,SORTIE,11
3616,29,2024-09-05,SORTIE,13
3617,1,2024-09-05,SORTIE,2
3618,20,2024-09-05,SORTIE,5
3619,32,2024-09-05,SORTIE,10
3620,5,2024-09-05,SORTIE,28
3621,20,2024-09-05,SORTIE,29
3622,26,2024-09-05,SORTIE,10
3623,30,2024-09-05,SORTIE,5
3624,29,2024-09-05,SORTIE,10
3625,17,2024-09-05,SORTIE,26
3626,17,2024-09-05,SORTIE,28
3627,14,2024-09-05,SORTIE,7
3628,22,2024-09-05,ENTREE,134
3629,35,2024-09-06,SORTIE,26
3630,23,2024-09-06,SORTIE,15
3631,10,2024-09-06,SORTIE,20
3632,22,2024-09-06,SORTIE,18
3633,24,2024-09-06,SORTIE,23
3634,31,2024-09-06,SORTIE,28
3635,4,2024-09-06,SORTIE,20
3636,13,2024-09-06,SORTIE,8
3637,6,2024-09-06,SORTIE,1
3638,21,2024-09-06,SORTIE,13
3639,7,2024-09-06,SORTIE,3
3640,4,2024-09-06,SORTIE,27
3641,8,2024-09-06,SORTIE,15
3642,32,2024-09-07,SORTIE,7
3643,30,2024-09-07,SORTIE,11
3644,6,2024-09-07,SORTIE,3
3645,3,2024-09-07,SORTIE,25
3646,3,2024-09-07,SORTIE,8
3647,11,2024-09-07,SORTIE,30
3648,16,2024-09-07,SORTIE,29
3649,21,2024-09-07,ENTREE,294
3650,35,2024-09-08,SORTIE,19
3651,23,2024-09-08,SORTIE,8
3652,6,2024-09-08,SORTIE,19
3653,3,2024-09-08,SORTIE,16
3654,7,2024-09-08,SORTIE,26
3655,12,2024-09-08,SORTIE,9
3656,18,2024-09-08,SORTIE,4
3657,26,2024-09-08,SORTIE,18
3658,1,2024-09-08,SORTIE,21
3659,2,2024-09-08,SORTIE,30
3660,25,2024-09-08,SORTIE,12
3661,21,2024-09-08,SORTIE,22
3662,20,2024-09-08,SORTIE,19
3663,3,2024-09-08,SORTIE,6
3664,23,2024-09-09,SORTIE,13
3665,23,2024-09-09,SORTIE,19
3666,17,2024-09-09,SORTIE,23
3667,25,2024-09-09,SORTIE,8
3668,12,2024-09-09,SORTIE,29
3669,28,2024-09-09,SORTIE,25
3670,11,2024-09-09,SORTIE,9
3671,21,2024-09-10,SORTIE,8
3672,35,2024-09-10,SORTIE,8
3673,6,2024-09-10,SORTIE,8
3674,23,2024-09-10,SORTIE,25
3675,13,2024-09-10,SORTIE,9
3676,1,2024-09-10,SORTIE,28
3677,18,2024-09-10,SORTIE,16
3678,24,2024-09-10,SORTIE,9
3679,12,2024-09-10,SORTIE,11
3680,32,2024-09-10,SORTIE,4
3681,21,2024-09-10,SORTIE,12
3682,15,2024-09-11,SORTIE,24
3683,34,2024-09-11,SORTIE,30
3684,14,2024-09-11,SORTIE,21
3685,30,2024-09-11,SORTIE,5
3686,21,2024-09-12,SORTIE,3
3687,21,2024-09-12,SORTIE,8
3688,17,2024-09-12,SORTIE,24
3689,5,2024-09-12,SORTIE,6
3690,11,2024-09-12,SORTIE,25
3691,7,2024-09-12,SORTIE,17
3692,20,2024-09-12,SORTIE,30
3693,13,2024-09-12,SORTIE,8
3694,15,2024-09-12,SORTIE,12
3695,13,2024-09-12,SORTIE,20
3696,25,2024-09-12,SORTIE,5
3697,21,2024-09-12,SORTIE,5
3698,1,2024-09-12,SORTIE,11
3699,26,2024-09-12,SORTIE,10
3700,3,2024-09-13,SORTIE,3
3701,1,2024-09-13,SORTIE,8
3702,20,2024-09-13,SORTIE,29
3703,35,2024-09-13,SORTIE,18
3704,21,2024-09-13,SORTIE,12
3705,20,2024-09-13,SORTIE,11
3706,19,2024-09-13,SORTIE,8
3707,29,2024-09-13,SORTIE,26
3708,5,2024-09-13,SORTIE,1
3709,16,2024-09-13,SORTIE,2
3710,27,2024-09-13,SORTIE,25
3711,30,2024-09-13,SORTIE,6
3712,22,2024-09-13,ENTREE,406
3713,21,2024-09-14,SORTIE,14
3714,1,2024-09-14,SORTIE,21
3715,32,2024-09-14,SORTIE,8
3716,18,2024-09-14,SORTIE,18
3717,32,2024-09-14,SORTIE,17
3718,3,2024-09-14,SORTIE,3
3719,26,2024-09-14,SORTIE,2
3720,1,2024-09-14,SORTIE,1
3721,2,2024-09-14,SORTIE,4
3722,4,2024-09-14,SORTIE,13
3723,23,2024-09-14,SORTIE,25
3724,29,2024-09-14,SORTIE,8
3725,17,2024-09-14,SORTIE,26
3726,7,2024-09-14,SORTIE,3
3727,4,2024-09-14,SORTIE,28
3728,21,2024-09-14,SORTIE,5
3729,19,2024-09-14,SORTIE,19
3730,19,2024-09-14,SORTIE,29
3731,34,2024-09-14,SORTIE,9
3732,7,2024-09-14,SORTIE,5
3733,4,2024-09-14,SORTIE,2
3734,1,2024-09-14,SORTIE,20
3735,19,2024-09-14,SORTIE,20
3736,34,2024-09-14,SORTIE,11
3737,20,2024-09-14,SORTIE,2
3738,2,2024-09-15,SORTIE,23
3739,23,2024-09-15,SORTIE,15
3740,3,2024-09-15,SORTIE,26
3741,33,2024-09-15,SORTIE,1
3742,9,2024-09-15,SORTIE,16
3743,10,2024-09-15,SORTIE,3
3744,25,2024-09-15,SORTIE,24
3745,10,2024-09-15,SORTIE,7
3746,7,2024-09-15,SORTIE,12
3747,4,2024-09-16,SORTIE,5
3748,33,2024-09-16,SORTIE,6
3749,4,2024-09-16,SORTIE,3
3750,19,2024-09-16,SORTIE,6
3751,21,2024-09-16,SORTIE,7
3752,33,2024-09-16,SORTIE,22
3753,24,2024-09-16,SORTIE,4
3754,11,2024-09-16,SORTIE,26
3755,23,2024-09-16,SORTIE,27
3756,2,2024-09-16,SORTIE,5
3757,17,2024-09-16,SORTIE,19
3758,15,2024-09-16,SORTIE,27
3759,3,2024-09-16,SORTIE,30
3760,5,2024-09-16,SORTIE,24
3761,26,2024-09-16,SORTIE,25
3762,35,2024-09-16,SORTIE,22
3763,18,2024-09-16,SORTIE,17
3764,29,2024-09-16,SORTIE,7
3765,18,2024-09-16,SORTIE,20
3766,13,2024-09-16,SORTIE,26
3767,31,2024-09-16,ENTREE,202
3768,34,2024-09-17,SORTIE,24
3769,4,2024-09-17,SORTIE,21
3770,22,2024-09-17,SORTIE,20
3771,4,2024-09-17,SORTIE,8
3772,11,2024-09-17,SORTIE,16
3773,28,2024-09-17,SORTIE,18
3774,32,2024-09-17,SORTIE,29
3775,15,2024-09-17,SORTIE,29
3776,17,2024-09-17,SORTIE,13
3777,28,2024-09-17,SORTIE,4
3778,5,2024-09-17,SORTIE,10
3779,21,2024-09-17,SORTIE,18
3780,15,2024-09-17,SORTIE,10
3781,3,2024-09-17,SORTIE,6
3782,13,2024-09-18,SORTIE,9
3783,20,2024-09-18,SORTIE,30
3784,6,2024-09-18,SORTIE,3
3785,18,2024-09-18,SORTIE,30
3786,17,2024-09-18,SORTIE,26
3787,27,2024-09-18,SORTIE,6
3788,35,2024-09-18,SORTIE,23
3789,3,2024-09-18,SORTIE,23
3790,30,2024-09-18,SORTIE,15
3791,6,2024-09-18,SORTIE,2
3792,15,2024-09-18,SORTIE,30
3793,21,2024-09-18,SORTIE,25
3794,27,2024-09-18,SORTIE,5
3795,10,2024-09-18,SORTIE,25
3796,33,2024-09-18,SORTIE,15
3797,15,2024-09-19,SORTIE,29
3798,9,2024-09-19,SORTIE,30
3799,2,2024-09-19,SORTIE,22
3800,10,2024-09-19,SORTIE,26
3801,25,2024-09-19,SORTIE,5
3802,16,2024-09-20,SORTIE,2
3803,2,2024-09-20,SORTIE,10
3804,13,2024-09-20,SORTIE,11
3805,25,2024-09-20,SORTIE,20
3806,33,2024-09-20,SORTIE,5
3807,27,2024-09-20,SORTIE,6
3808,12,2024-09-20,SORTIE,29
3809,33,2024-09-20,SORTIE,10
3810,14,2024-09-20,SORTIE,10
3811,15,2024-09-20,SORTIE,19
3812,22,2024-09-20,SORTIE,23
3813,35,2024-09-20,SORTIE,14
3814,5,2024-09-20,SORTIE,24
3815,14,2024-09-20,SORTIE,9
3816,21,2024-09-20,SORTIE,20
3817,30,2024-09-20,SORTIE,17
3818,2,2024-09-20,SORTIE,26
3819,15,2024-09-21,SORTIE,21
3820,13,2024-09-21,SORTIE,19
3821,9,2024-09-21,SORTIE,6
3822,4,2024-09-21,SORTIE,20
3823,26,2024-09-21,SORTIE,26
3824,30,2024-09-21,SORTIE,29
3825,15,2024-09-21,SORTIE,11
3826,5,2024-09-21,SORTIE,6
3827,12,2024-09-21,SORTIE,28
3828,3,2024-09-21,SORTIE,19
3829,19,2024-09-22,SORTIE,14
3830,5,2024-09-22,SORTIE,17
3831,30,2024-09-22,SORTIE,9
3832,28,2024-09-22,SORTIE,4
3833,33,2024-09-22,SORTIE,28
3834,3,2024-09-22,SORTIE,4
3835,8,2024-09-22,SORTIE,4
3836,18,2024-09-23,SORTIE,4
3837,1,2024-09-23,SORTIE,25
3838,5,2024-09-23,SORTIE,7
3839,10,2024-09-23,SORTIE,28
3840,7,2024-09-23,SORTIE,1
3841,23,2024-09-23,SORTIE,18
3842,19,2024-09-23,SORTIE,15
3843,17,2024-09-23,SORTIE,1
3844,19,2024-09-23,SORTIE,16
3845,26,2024-09-23,SORTIE,25
3846,7,2024-09-23,SORTIE,4
3847,29,2024-09-23,SORTIE,28
3848,11,2024-09-23,SORTIE,27
3849,4,2024-09-23,SORTIE,26
3850,32,2024-09-23,SORTIE,25
3851,29,2024-09-23,SORTIE,21
3852,3,2024-09-23,SORTIE,7
3853,20,2024-09-23,SORTIE,10
3854,12,2024-09-23,SORTIE,5
3855,26,2024-09-23,SORTIE,10
3856,26,2024-09-23,SORTIE,10
3857,18,2024-09-23,SORTIE,3
3858,8,2024-09-23,SORTIE,15
3859,33,2024-09-23,SORTIE,18
3860,3,2024-09-23,SORTIE,28
3861,13,2024-09-24,SORTIE,18
3862,15,2024-09-24,SORTIE,18
3863,15,2024-09-24,SORTIE,16
3864,4,2024-09-24,SORTIE,17
3865,29,2024-09-24,SORTIE,16
3866,9,2024-09-24,SORTIE,23
3867,30,2024-09-24,SORTIE,6
3868,1,2024-09-24,SORTIE,17
3869,25,2024-09-24,SORTIE,15
3870,2,2024-09-24,SORTIE,12
3871,8,2024-09-24,SORTIE,28
3872,28,2024-09-24,SORTIE,27
3873,6,2024-09-24,SORTIE,28
3874,22,2024-09-24,SORTIE,27
3875,4,2024-09-24,SORTIE,28
3876,4,2024-09-24,SORTIE,1
3877,2,2024-09-24,SORTIE,22
3878,14,2024-09-24,SORTIE,14
3879,25,2024-09-24,SORTIE,13
3880,23,2024-09-24,SORTIE,7
3881,8,2024-09-25,SORTIE,27
3882,7,2024-09-25,SORTIE,18
3883,9,2024-09-25,SORTIE,1
3884,32,2024-09-25,SORTIE,12
3885,33,2024-09-25,SORTIE,23
3886,30,2024-09-25,SORTIE,3
3887,4,2024-09-25,SORTIE,30
3888,24,2024-09-25,SORTIE,23
3889,17,2024-09-25,SORTIE,30
3890,14,2024-09-25,SORTIE,6
3891,17,2024-09-25,SORTIE,28
3892,27,2024-09-25,SORTIE,4
3893,6,2024-09-25,SORTIE,26
3894,17,2024-09-25,SORTIE,29
3895,5,2024-09-25,SORTIE,17
3896,20,2024-09-25,SORTIE,12
3897,13,2024-09-25,SORTIE,27
3898,30,2024-09-25,SORTIE,12
3899,23,2024-09-25,SORTIE,20
3900,35,2024-09-25,SORTIE,22
3901,6,2024-09-25,SORTIE,25
3902,5,2024-09-25,SORTIE,20
3903,17,2024-09-25,SORTIE,21
3904,28,2024-09-25,SORTIE,3
3905,25,2024-09-25,SORTIE,15
3906,23,2024-09-26,SORTIE,4
3907,25,2024-09-26,SORTIE,21
3908,10,2024-09-26,SORTIE,20
3909,29,2024-09-26,SORTIE,1
3910,18,2024-09-26,SORTIE,13
3911,31,2024-09-27,SORTIE,16
3912,2,2024-09-27,SORTIE,15
3913,10,2024-09-27,SORTIE,8
3914,24,2024-09-27,SORTIE,28
3915,2,2024-09-27,SORTIE,14
3916,21,2024-09-27,SORTIE,12
3917,33,2024-09-27,SORTIE,27
3918,25,2024-09-27,SORTIE,13
3919,4,2024-09-27,SORTIE,8
3920,7,2024-09-27,SORTIE,29
3921,5,2024-09-27,SORTIE,2
3922,8,2024-09-27,SORTIE,3
3923,13,2024-09-27,SORTIE,20
3924,26,2024-09-27,SORTIE,10
3925,23,2024-09-27,SORTIE,7
3926,10,2024-09-27,SORTIE,30
3927,35,2024-09-27,SORTIE,26
3928,30,2024-09-27,SORTIE,14
3929,30,2024-09-28,SORTIE,22
3930,19,2024-09-28,SORTIE,6
3931,5,2024-09-28,SORTIE,18
3932,9,2024-09-28,SORTIE,27
3933,31,2024-09-28,SORTIE,15
3934,25,2024-09-28,SORTIE,29
3935,30,2024-09-28,SORTIE,29
3936,20,2024-09-28,SORTIE,27
3937,5,2024-09-28,SORTIE,13
3938,19,2024-09-28,SORTIE,30
3939,29,2024-09-28,SORTIE,3
3940,8,2024-09-28,SORTIE,13
3941,13,2024-09-28,SORTIE,13
3942,23,2024-09-28,SORTIE,8
3943,34,2024-09-28,SORTIE,24
3944,20,2024-09-28,SORTIE,5
3945,11,2024-09-28,SORTIE,1
3946,17,2024-09-28,SORTIE,24
3947,31,2024-09-28,SORTIE,3
3948,12,2024-09-28,SORTIE,15
3949,27,2024-09-28,ENTREE,333
3950,27,2024-09-29,SORTIE,24
3951,5,2024-09-29,SORTIE,18
3952,15,2024-09-29,SORTIE,2
3953,6,2024-09-29,SORTIE,19
3954,7,2024-09-29,SORTIE,3
3955,31,2024-09-29,SORTIE,26
3956,16,2024-09-29,SORTIE,30
3957,29,2024-09-29,SORTIE,14
3958,29,2024-09-29,SORTIE,17
3959,19,2024-09-29,SORTIE,30
3960,19,2024-09-29,SORTIE,25
3961,27,2024-09-29,SORTIE,15
3962,33,2024-09-29,SORTIE,20
3963,22,2024-09-29,SORTIE,16
3964,25,2024-09-30,SORTIE,11
3965,5,2024-09-30,SORTIE,23
3966,24,2024-09-30,SORTIE,29
3967,29,2024-09-30,SORTIE,28
3968,17,2024-09-30,SORTIE,7
3969,24,2024-09-30,SORTIE,13
3970,7,2024-09-30,SORTIE,21
3971,26,2024-09-30,SORTIE,2
3972,11,2024-09-30,SORTIE,5
3973,1,2024-09-30,SORTIE,12
3974,16,2024-09-30,SORTIE,13
3975,32,2024-09-30,SORTIE,30
3976,23,2024-09-30,SORTIE,23
3977,4,2024-09-30,SORTIE,28
3978,26,2024-09-30,SORTIE,22
3979,5,2024-09-30,SORTIE,10
3980,24,2024-09-30,SORTIE,30
3981,28,2024-09-30,SORTIE,23
3982,6,2024-10-01,SORTIE,12
3983,1,2024-10-01,SORTIE,25
3984,17,2024-10-01,SORTIE,14
3985,29,2024-10-01,SORTIE,17
3986,1,2024-10-01,SORTIE,1
3987,30,2024-10-01,SORTIE,5
3988,21,2024-10-01,SORTIE,8
3989,31,2024-10-01,SORTIE,23
3990,25,2024-10-01,SORTIE,29
3991,22,2024-10-01,SORTIE,25
3992,18,2024-10-01,SORTIE,5
3993,32,2024-10-01,SORTIE,21
3994,20,2024-10-01,SORTIE,18
3995,16,2024-10-01,SORTIE,16
3996,25,2024-10-01,SORTIE,22
3997,35,2024-10-01,SORTIE,20
3998,28,2024-10-01,SORTIE,27
3999,20,2024-10-01,SORTIE,19
4000,5,2024-10-01,SORTIE,29
4001,29,2024-10-01,SORTIE,3
4002,17,2024-10-01,SORTIE,16
4003,26,2024-10-01,ENTREE,479
4004,8,2024-10-02,SORTIE,23
4005,17,2024-10-02,SORTIE,28
4006,35,2024-10-02,SORTIE,14
4007,1,2024-10-02,SORTIE,12
4008,8,2024-10-02,SORTIE,13
4009,4,2024-10-02,SORTIE,3
4010,6,2024-10-02,SORTIE,16
4011,7,2024-10-02,SORTIE,14
4012,17,2024-10-02,SORTIE,27
4013,1,2024-10-02,SORTIE,10
4014,30,2024-10-02,SORTIE,17
4015,5,2024-10-02,SORTIE,5
4016,13,2024-10-02,SORTIE,23
4017,31,2024-10-02,SORTIE,13
4018,21,2024-10-02,SORTIE,7
4019,21,2024-10-03,SORTIE,4
4020,20,2024-10-03,SORTIE,13
4021,7,2024-10-03,SORTIE,14
4022,2,2024-10-03,SORTIE,4
4023,30,2024-10-03,SORTIE,22
4024,2,2024-10-03,SORTIE,4
4025,22,2024-10-03,SORTIE,30
4026,10,2024-10-03,SORTIE,14
4027,34,2024-10-03,SORTIE,10
4028,2,2024-10-03,SORTIE,23
4029,33,2024-10-03,SORTIE,24
4030,11,2024-10-03,SORTIE,24
4031,8,2024-10-03,SORTIE,13
4032,30,2024-10-03,SORTIE,27
4033,22,2024-10-03,SORTIE,7
4034,22,2024-10-03,SORTIE,12
4035,1,2024-10-03,SORTIE,29
4036,13,2024-10-03,SORTIE,24
4037,28,2024-10-03,SORTIE,16
4038,11,2024-10-03,SORTIE,14
4039,24,2024-10-03,SORTIE,6
4040,11,2024-10-04,SORTIE,21
4041,5,2024-10-04,SORTIE,13
4042,34,2024-10-04,SORTIE,27
4043,2,2024-10-04,SORTIE,17
4044,20,2024-10-04,SORTIE,28
4045,14,2024-10-04,SORTIE,6
4046,33,2024-10-04,SORTIE,17
4047,14,2024-10-04,SORTIE,27
4048,15,2024-10-04,SORTIE,15
4049,5,2024-10-04,SORTIE,9
4050,6,2024-10-04,SORTIE,1
4051,15,2024-10-04,SORTIE,29
4052,18,2024-10-04,SORTIE,5
4053,33,2024-10-04,SORTIE,24
4054,8,2024-10-04,SORTIE,24
4055,34,2024-10-04,SORTIE,3
4056,34,2024-10-04,SORTIE,25
4057,25,2024-10-04,SORTIE,25
4058,33,2024-10-04,SORTIE,18
4059,20,2024-10-04,SORTIE,20
4060,35,2024-10-04,SORTIE,24
4061,19,2024-10-04,SORTIE,22
4062,5,2024-10-04,SORTIE,18
4063,29,2024-10-04,SORTIE,17
4064,35,2024-10-04,SORTIE,29
4065,2,2024-10-04,SORTIE,28
4066,23,2024-10-05,SORTIE,1
4067,6,2024-10-05,SORTIE,22
4068,12,2024-10-05,SORTIE,12
4069,17,2024-10-05,SORTIE,18
4070,25,2024-10-05,SORTIE,2
4071,8,2024-10-05,SORTIE,16
4072,32,2024-10-05,SORTIE,28
4073,10,2024-10-05,SORTIE,28
4074,18,2024-10-05,SORTIE,3
4075,7,2024-10-05,SORTIE,9
4076,17,2024-10-05,SORTIE,24
4077,2,2024-10-05,SORTIE,24
4078,13,2024-10-05,SORTIE,18
4079,16,2024-10-05,SORTIE,23
4080,28,2024-10-06,SORTIE,23
4081,9,2024-10-06,SORTIE,20
4082,12,2024-10-06,SORTIE,9
4083,35,2024-10-06,SORTIE,28
4084,18,2024-10-06,SORTIE,15
4085,23,2024-10-06,SORTIE,5
4086,28,2024-10-06,SORTIE,10
4087,10,2024-10-06,SORTIE,15
4088,27,2024-10-06,SORTIE,28
4089,23,2024-10-06,SORTIE,11
4090,4,2024-10-06,SORTIE,30
4091,34,2024-10-06,SORTIE,4
4092,4,2024-10-06,SORTIE,11
4093,21,2024-10-06,SORTIE,9
4094,27,2024-10-06,SORTIE,28
4095,28,2024-10-06,SORTIE,3
4096,21,2024-10-06,SORTIE,3
4097,31,2024-10-06,SORTIE,16
4098,2,2024-10-06,SORTIE,14
4099,9,2024-10-06,ENTREE,463
4100,3,2024-10-07,SORTIE,23
4101,30,2024-10-07,SORTIE,11
4102,4,2024-10-07,SORTIE,25
4103,20,2024-10-07,SORTIE,8
4104,9,2024-10-07,SORTIE,15
4105,17,2024-10-07,SORTIE,18
4106,14,2024-10-07,SORTIE,7
4107,33,2024-10-07,SORTIE,26
4108,19,2024-10-07,SORTIE,17
4109,32,2024-10-07,SORTIE,8
4110,21,2024-10-07,SORTIE,10
4111,13,2024-10-07,SORTIE,7
4112,6,2024-10-07,SORTIE,28
4113,22,2024-10-07,SORTIE,10
4114,19,2024-10-07,SORTIE,17
4115,26,2024-10-07,SORTIE,28
4116,9,2024-10-07,SORTIE,2
4117,6,2024-10-07,SORTIE,15
4118,4,2024-10-08,SORTIE,21
4119,20,2024-10-08,SORTIE,12
4120,27,2024-10-08,SORTIE,30
4121,8,2024-10-08,SORTIE,5
4122,30,2024-10-08,SORTIE,13
4123,22,2024-10-08,SORTIE,12
4124,5,2024-10-08,SORTIE,15
4125,26,2024-10-08,SORTIE,16
4126,5,2024-10-09,SORTIE,3
4127,25,2024-10-09,SORTIE,18
4128,25,2024-10-09,SORTIE,24
4129,5,2024-10-09,SORTIE,30
4130,14,2024-10-09,SORTIE,17
4131,10,2024-10-09,SORTIE,18
4132,29,2024-10-09,SORTIE,24
4133,6,2024-10-09,SORTIE,3
4134,24,2024-10-09,SORTIE,13
4135,28,2024-10-09,SORTIE,1
4136,2,2024-10-09,SORTIE,13
4137,7,2024-10-09,SORTIE,8
4138,1,2024-10-09,SORTIE,26
4139,2,2024-10-09,SORTIE,28
4140,6,2024-10-09,SORTIE,26
4141,33,2024-10-10,SORTIE,16
4142,18,2024-10-10,SORTIE,1
4143,10,2024-10-10,SORTIE,10
4144,9,2024-10-10,SORTIE,21
4145,14,2024-10-10,SORTIE,18
4146,18,2024-10-10,SORTIE,29
4147,1,2024-10-10,SORTIE,17
4148,15,2024-10-10,SORTIE,21
4149,24,2024-10-10,SORTIE,11
4150,20,2024-10-10,SORTIE,20
4151,18,2024-10-11,SORTIE,30
4152,34,2024-10-11,SORTIE,26
4153,22,2024-10-11,SORTIE,22
4154,26,2024-10-11,SORTIE,19
4155,28,2024-10-11,SORTIE,5
4156,7,2024-10-11,SORTIE,30
4157,24,2024-10-11,SORTIE,12
4158,1,2024-10-11,ENTREE,418
4159,9,2024-10-12,SORTIE,7
4160,32,2024-10-12,SORTIE,6
4161,30,2024-10-12,SORTIE,3
4162,12,2024-10-12,SORTIE,1
4163,15,2024-10-12,SORTIE,22
4164,28,2024-10-12,SORTIE,25
4165,9,2024-10-12,SORTIE,17
4166,19,2024-10-12,SORTIE,14
4167,4,2024-10-12,SORTIE,7
4168,4,2024-10-12,SORTIE,7
4169,12,2024-10-12,SORTIE,9
4170,31,2024-10-12,ENTREE,362
4171,12,2024-10-13,SORTIE,16
4172,2,2024-10-13,SORTIE,21
4173,4,2024-10-13,SORTIE,24
4174,31,2024-10-13,SORTIE,14
4175,24,2024-10-13,SORTIE,20
4176,31,2024-10-13,SORTIE,28
4177,9,2024-10-13,SORTIE,5
4178,24,2024-10-13,SORTIE,9
4179,34,2024-10-13,SORTIE,23
4180,24,2024-10-13,SORTIE,6
4181,30,2024-10-13,SORTIE,20
4182,2,2024-10-13,SORTIE,26
4183,34,2024-10-13,SORTIE,14
4184,23,2024-10-13,SORTIE,2
4185,30,2024-10-13,SORTIE,10
4186,27,2024-10-13,SORTIE,12
4187,25,2024-10-13,SORTIE,26
4188,27,2024-10-13,SORTIE,21
4189,31,2024-10-13,SORTIE,30
4190,23,2024-10-13,SORTIE,6
4191,24,2024-10-13,SORTIE,7
4192,28,2024-10-14,SORTIE,5
4193,30,2024-10-14,SORTIE,27
4194,9,2024-10-14,SORTIE,11
4195,29,2024-10-14,SORTIE,5
4196,11,2024-10-14,SORTIE,14
4197,3,2024-10-14,SORTIE,17
4198,5,2024-10-14,SORTIE,30
4199,5,2024-10-14,SORTIE,3
4200,22,2024-10-14,SORTIE,7
4201,35,2024-10-14,SORTIE,19
4202,33,2024-10-14,SORTIE,13
4203,23,2024-10-14,SORTIE,4
4204,1,2024-10-14,SORTIE,1
4205,4,2024-10-14,SORTIE,12
4206,29,2024-10-14,SORTIE,8
4207,29,2024-10-14,SORTIE,3
4208,13,2024-10-14,SORTIE,2
4209,29,2024-10-14,SORTIE,14
4210,1,2024-10-14,SORTIE,12
4211,2,2024-10-15,SORTIE,15
4212,24,2024-10-15,SORTIE,21
4213,34,2024-10-15,SORTIE,20
4214,24,2024-10-15,SORTIE,12
4215,14,2024-10-15,SORTIE,6
4216,13,2024-10-15,SORTIE,17
4217,25,2024-10-15,SORTIE,15
4218,6,2024-10-15,SORTIE,26
4219,25,2024-10-15,SORTIE,24
4220,8,2024-10-15,SORTIE,11
4221,3,2024-10-15,SORTIE,12
4222,28,2024-10-15,SORTIE,8
4223,25,2024-10-15,SORTIE,26
4224,17,2024-10-15,SORTIE,10
4225,33,2024-10-15,SORTIE,3
4226,8,2024-10-15,SORTIE,28
4227,12,2024-10-15,SORTIE,20
4228,18,2024-10-15,SORTIE,1
4229,32,2024-10-15,SORTIE,16
4230,30,2024-10-15,SORTIE,19
4231,4,2024-10-15,SORTIE,21
4232,22,2024-10-15,SORTIE,22
4233,22,2024-10-15,ENTREE,392
4234,28,2024-10-16,SORTIE,16
4235,7,2024-10-16,SORTIE,15
4236,34,2024-10-16,SORTIE,6
4237,23,2024-10-16,SORTIE,3
4238,14,2024-10-16,SORTIE,9
4239,16,2024-10-16,SORTIE,5
4240,17,2024-10-16,SORTIE,26
4241,22,2024-10-16,SORTIE,18
4242,16,2024-10-16,SORTIE,3
4243,2,2024-10-16,SORTIE,14
4244,34,2024-10-16,SORTIE,18
4245,1,2024-10-16,SORTIE,28
4246,15,2024-10-16,SORTIE,21
4247,30,2024-10-16,SORTIE,16
4248,6,2024-10-16,SORTIE,9
4249,33,2024-10-17,SORTIE,3
4250,5,2024-10-17,SORTIE,12
4251,7,2024-10-17,SORTIE,11
4252,6,2024-10-17,SORTIE,14
4253,9,2024-10-17,SORTIE,3
4254,13,2024-10-17,SORTIE,18
4255,15,2024-10-17,SORTIE,17
4256,33,2024-10-17,SORTIE,4
4257,32,2024-10-17,SORTIE,13
4258,22,2024-10-17,SORTIE,1
4259,14,2024-10-17,SORTIE,18
4260,12,2024-10-17,SORTIE,6
4261,29,2024-10-17,SORTIE,15
4262,23,2024-10-17,SORTIE,5
4263,26,2024-10-17,SORTIE,4
4264,19,2024-10-17,SORTIE,17
4265,5,2024-10-18,SORTIE,24
4266,19,2024-10-18,SORTIE,27
4267,17,2024-10-18,SORTIE,28
4268,27,2024-10-18,SORTIE,17
4269,27,2024-10-18,SORTIE,10
4270,22,2024-10-18,SORTIE,2
4271,1,2024-10-18,SORTIE,30
4272,1,2024-10-18,SORTIE,21
4273,31,2024-10-19,SORTIE,6
4274,13,2024-10-19,SORTIE,21
4275,15,2024-10-19,SORTIE,6
4276,27,2024-10-19,SORTIE,24
4277,18,2024-10-19,SORTIE,13
4278,28,2024-10-19,SORTIE,30
4279,16,2024-10-19,SORTIE,26
4280,23,2024-10-19,SORTIE,21
4281,19,2024-10-19,SORTIE,2
4282,32,2024-10-19,SORTIE,3
4283,35,2024-10-19,SORTIE,30
4284,34,2024-10-19,SORTIE,24
4285,5,2024-10-19,SORTIE,11
4286,20,2024-10-19,SORTIE,25
4287,9,2024-10-19,SORTIE,13
4288,5,2024-10-19,SORTIE,26
4289,19,2024-10-19,SORTIE,5
4290,25,2024-10-19,SORTIE,26
4291,32,2024-10-19,SORTIE,7
4292,31,2024-10-19,SORTIE,30
4293,30,2024-10-19,SORTIE,4
4294,32,2024-10-19,SORTIE,10
4295,35,2024-10-19,SORTIE,2
4296,11,2024-10-19,SORTIE,20
4297,9,2024-10-20,SORTIE,12
4298,30,2024-10-20,SORTIE,21
4299,20,2024-10-20,SORTIE,14
4300,22,2024-10-20,SORTIE,9
4301,28,2024-10-20,SORTIE,12
4302,18,2024-10-20,SORTIE,29
4303,8,2024-10-20,SORTIE,20
4304,32,2024-10-20,SORTIE,24
4305,3,2024-10-20,SORTIE,13
4306,11,2024-10-20,SORTIE,25
4307,2,2024-10-20,SORTIE,30
4308,31,2024-10-20,ENTREE,161
4309,16,2024-10-21,SORTIE,11
4310,29,2024-10-21,SORTIE,28
4311,4,2024-10-21,SORTIE,29
4312,20,2024-10-21,SORTIE,10
4313,31,2024-10-21,SORTIE,15
4314,32,2024-10-21,SORTIE,27
4315,4,2024-10-21,SORTIE,9
4316,24,2024-10-21,SORTIE,2
4317,13,2024-10-21,SORTIE,1
4318,30,2024-10-21,SORTIE,7
4319,23,2024-10-21,SORTIE,6
4320,19,2024-10-21,SORTIE,19
4321,10,2024-10-21,SORTIE,5
4322,11,2024-10-21,ENTREE,421
4323,16,2024-10-22,SORTIE,23
4324,15,2024-10-22,SORTIE,14
4325,16,2024-10-22,SORTIE,11
4326,16,2024-10-22,SORTIE,10
4327,6,2024-10-22,SORTIE,3
4328,35,2024-10-23,SORTIE,29
4329,4,2024-10-23,SORTIE,3
4330,13,2024-10-23,SORTIE,12
4331,18,2024-10-23,SORTIE,22
4332,31,2024-10-23,SORTIE,27
4333,10,2024-10-23,ENTREE,109
4334,24,2024-10-24,SORTIE,12
4335,15,2024-10-24,SORTIE,10
4336,10,2024-10-24,SORTIE,2
4337,5,2024-10-24,SORTIE,10
4338,28,2024-10-24,SORTIE,14
4339,13,2024-10-24,ENTREE,132
4340,27,2024-10-25,SORTIE,13
4341,1,2024-10-25,SORTIE,15
4342,13,2024-10-25,SORTIE,21
4343,30,2024-10-25,SORTIE,4
4344,25,2024-10-25,SORTIE,14
4345,9,2024-10-25,SORTIE,16
4346,10,2024-10-25,SORTIE,4
4347,25,2024-10-25,SORTIE,12
4348,4,2024-10-25,SORTIE,28
4349,8,2024-10-25,SORTIE,13
4350,8,2024-10-25,SORTIE,18
4351,21,2024-10-25,SORTIE,6
4352,6,2024-10-25,SORTIE,11
4353,5,2024-10-25,SORTIE,29
4354,19,2024-10-26,SORTIE,12
4355,26,2024-10-26,SORTIE,16
4356,23,2024-10-26,SORTIE,26
4357,33,2024-10-26,SORTIE,2
4358,6,2024-10-26,SORTIE,10
4359,21,2024-10-27,SORTIE,5
4360,10,2024-10-27,SORTIE,16
4361,19,2024-10-27,SORTIE,4
4362,4,2024-10-27,SORTIE,8
4363,27,2024-10-27,SORTIE,4
4364,13,2024-10-27,SORTIE,14
4365,11,2024-10-27,SORTIE,5
4366,26,2024-10-27,SORTIE,6
4367,16,2024-10-27,SORTIE,23
4368,17,2024-10-27,SORTIE,13
4369,22,2024-10-27,SORTIE,11
4370,24,2024-10-27,SORTIE,27
4371,19,2024-10-27,SORTIE,10
4372,28,2024-10-27,SORTIE,4
4373,16,2024-10-27,SORTIE,24
4374,28,2024-10-27,SORTIE,1
4375,4,2024-10-27,SORTIE,22
4376,6,2024-10-27,SORTIE,30
4377,20,2024-10-27,SORTIE,9
4378,24,2024-10-27,SORTIE,7
4379,21,2024-10-27,SORTIE,27
4380,2,2024-10-27,SORTIE,23
4381,30,2024-10-28,SORTIE,16
4382,24,2024-10-28,SORTIE,6
4383,6,2024-10-28,SORTIE,1
4384,26,2024-10-28,SORTIE,13
4385,10,2024-10-28,SORTIE,19
4386,33,2024-10-28,ENTREE,384
4387,31,2024-10-29,SORTIE,29
4388,10,2024-10-29,SORTIE,22
4389,8,2024-10-29,SORTIE,4
4390,9,2024-10-29,SORTIE,15
4391,31,2024-10-29,SORTIE,10
4392,6,2024-10-29,SORTIE,20
4393,32,2024-10-29,SORTIE,11
4394,32,2024-10-29,SORTIE,30
4395,27,2024-10-29,SORTIE,29
4396,16,2024-10-29,SORTIE,25
4397,13,2024-10-29,SORTIE,17
4398,14,2024-10-29,SORTIE,4
4399,27,2024-10-29,SORTIE,16
4400,15,2024-10-29,SORTIE,19
4401,9,2024-10-29,SORTIE,25
4402,13,2024-10-29,SORTIE,20
4403,31,2024-10-29,SORTIE,27
4404,6,2024-10-29,SORTIE,17
4405,18,2024-10-29,SORTIE,17
4406,23,2024-10-29,SORTIE,14
4407,1,2024-10-29,SORTIE,10
4408,15,2024-10-29,SORTIE,21
4409,22,2024-10-29,SORTIE,21
4410,2,2024-10-30,SORTIE,9
4411,14,2024-10-30,SORTIE,7
4412,7,2024-10-30,SORTIE,30
4413,24,2024-10-30,SORTIE,13
4414,35,2024-10-30,SORTIE,30
4415,34,2024-10-30,SORTIE,26
4416,20,2024-10-30,SORTIE,20
4417,3,2024-10-30,SORTIE,15
4418,26,2024-10-30,SORTIE,30
4419,19,2024-10-30,SORTIE,16
4420,17,2024-10-30,SORTIE,8
4421,25,2024-10-30,SORTIE,26
4422,16,2024-10-30,SORTIE,17
4423,23,2024-10-30,SORTIE,24
4424,27,2024-10-30,SORTIE,24
4425,17,2024-10-30,SORTIE,4
4426,19,2024-10-30,SORTIE,4
4427,30,2024-10-30,SORTIE,2
4428,30,2024-10-30,SORTIE,24
4429,32,2024-10-30,SORTIE,22
4430,19,2024-10-30,SORTIE,26
4431,16,2024-10-30,SORTIE,12
4432,7,2024-10-30,ENTREE,445
4433,32,2024-10-31,SORTIE,17
4434,32,2024-10-31,SORTIE,7
4435,35,2024-10-31,SORTIE,29
4436,14,2024-10-31,SORTIE,11
4437,22,2024-10-31,SORTIE,9
4438,1,2024-10-31,SORTIE,12
4439,17,2024-10-31,SORTIE,8
4440,20,2024-10-31,SORTIE,5
4441,10,2024-10-31,SORTIE,27
4442,7,2024-10-31,SORTIE,9
4443,13,2024-10-31,SORTIE,15
4444,22,2024-10-31,SORTIE,17
4445,35,2024-10-31,SORTIE,3
4446,11,2024-10-31,SORTIE,30
4447,3,2024-10-31,SORTIE,12
4448,19,2024-10-31,SORTIE,12
4449,5,2024-10-31,SORTIE,16
4450,13,2024-10-31,SORTIE,12
4451,35,2024-10-31,SORTIE,13
4452,9,2024-10-31,SORTIE,29
4453,3,2024-10-31,SORTIE,15
4454,3,2024-10-31,SORTIE,2
4455,7,2024-11-01,SORTIE,18
4456,2,2024-11-01,SORTIE,6
4457,11,2024-11-01,SORTIE,7
4458,15,2024-11-01,SORTIE,12
4459,7,2024-11-01,SORTIE,24
4460,14,2024-11-01,SORTIE,16
4461,14,2024-11-01,SORTIE,11
4462,14,2024-11-01,SORTIE,14
4463,9,2024-11-01,SORTIE,27
4464,35,2024-11-01,SORTIE,22
4465,1,2024-11-01,SORTIE,5
4466,33,2024-11-01,SORTIE,12
4467,22,2024-11-01,SORTIE,18
4468,35,2024-11-01,SORTIE,13
4469,13,2024-11-01,SORTIE,13
4470,5,2024-11-01,SORTIE,14
4471,10,2024-11-02,SORTIE,23
4472,15,2024-11-02,SORTIE,10
4473,31,2024-11-02,SORTIE,30
4474,14,2024-11-02,SORTIE,14
4475,5,2024-11-02,SORTIE,22
4476,6,2024-11-02,SORTIE,29
4477,15,2024-11-02,SORTIE,15
4478,16,2024-11-02,SORTIE,22
4479,27,2024-11-02,SORTIE,7
4480,27,2024-11-03,SORTIE,26
4481,19,2024-11-03,SORTIE,18
4482,19,2024-11-03,SORTIE,6
4483,26,2024-11-03,SORTIE,26
4484,34,2024-11-03,SORTIE,16
4485,9,2024-11-03,SORTIE,19
4486,9,2024-11-03,SORTIE,28
4487,24,2024-11-03,SORTIE,23
4488,22,2024-11-03,ENTREE,392
4489,24,2024-11-04,SORTIE,24
4490,1,2024-11-04,SORTIE,15
4491,15,2024-11-04,SORTIE,30
4492,10,2024-11-04,SORTIE,14
4493,28,2024-11-04,SORTIE,19
4494,14,2024-11-04,SORTIE,20
4495,24,2024-11-04,SORTIE,17
4496,9,2024-11-04,SORTIE,27
4497,35,2024-11-04,SORTIE,22
4498,7,2024-11-04,SORTIE,29
4499,4,2024-11-04,SORTIE,28
4500,3,2024-11-04,SORTIE,25
4501,19,2024-11-04,SORTIE,28
4502,34,2024-11-04,SORTIE,1
4503,4,2024-11-04,SORTIE,23
4504,20,2024-11-04,SORTIE,8
4505,16,2024-11-04,SORTIE,8
4506,33,2024-11-04,SORTIE,25
4507,20,2024-11-04,SORTIE,3
4508,17,2024-11-04,SORTIE,4
4509,28,2024-11-04,SORTIE,8
4510,7,2024-11-05,SORTIE,14
4511,4,2024-11-05,SORTIE,17
4512,10,2024-11-05,SORTIE,6
4513,11,2024-11-05,SORTIE,1
4514,31,2024-11-05,SORTIE,26
4515,30,2024-11-05,SORTIE,16
4516,34,2024-11-05,SORTIE,17
4517,34,2024-11-05,SORTIE,12
4518,19,2024-11-05,SORTIE,8
4519,34,2024-11-05,SORTIE,17
4520,26,2024-11-05,SORTIE,30
4521,15,2024-11-06,SORTIE,17
4522,31,2024-11-06,SORTIE,24
4523,30,2024-11-06,SORTIE,7
4524,16,2024-11-06,SORTIE,10
4525,16,2024-11-06,SORTIE,5
4526,21,2024-11-06,SORTIE,22
4527,32,2024-11-06,SORTIE,9
4528,16,2024-11-06,SORTIE,8
4529,28,2024-11-06,SORTIE,6
4530,32,2024-11-06,SORTIE,21
4531,5,2024-11-06,SORTIE,23
4532,10,2024-11-07,SORTIE,7
4533,8,2024-11-07,SORTIE,16
4534,19,2024-11-07,SORTIE,16
4535,26,2024-11-07,SORTIE,13
4536,12,2024-11-07,SORTIE,5
4537,18,2024-11-07,SORTIE,14
4538,3,2024-11-07,SORTIE,10
4539,26,2024-11-07,SORTIE,19
4540,27,2024-11-07,SORTIE,1
4541,5,2024-11-07,SORTIE,7
4542,27,2024-11-07,SORTIE,22
4543,21,2024-11-07,SORTIE,29
4544,22,2024-11-07,SORTIE,15
4545,3,2024-11-07,SORTIE,27
4546,26,2024-11-07,SORTIE,24
4547,8,2024-11-07,SORTIE,28
4548,35,2024-11-07,SORTIE,3
4549,6,2024-11-07,SORTIE,10
4550,29,2024-11-07,SORTIE,20
4551,8,2024-11-07,SORTIE,6
4552,6,2024-11-07,SORTIE,25
4553,3,2024-11-07,SORTIE,27
4554,10,2024-11-07,SORTIE,27
4555,31,2024-11-07,SORTIE,25
4556,17,2024-11-07,SORTIE,2
4557,2,2024-11-07,SORTIE,21
4558,23,2024-11-07,SORTIE,6
4559,2,2024-11-07,SORTIE,25
4560,6,2024-11-07,SORTIE,1
4561,35,2024-11-07,SORTIE,4
4562,27,2024-11-07,SORTIE,29
4563,14,2024-11-08,SORTIE,21
4564,9,2024-11-08,SORTIE,13
4565,26,2024-11-08,SORTIE,12
4566,28,2024-11-08,SORTIE,19
4567,27,2024-11-08,ENTREE,217
4568,18,2024-11-09,SORTIE,8
4569,28,2024-11-09,SORTIE,17
4570,34,2024-11-09,SORTIE,2
4571,26,2024-11-09,SORTIE,18
4572,22,2024-11-10,SORTIE,22
4573,25,2024-11-10,SORTIE,5
4574,31,2024-11-10,SORTIE,11
4575,24,2024-11-10,SORTIE,30
4576,9,2024-11-10,SORTIE,11
4577,35,2024-11-10,SORTIE,27
4578,27,2024-11-10,SORTIE,10
4579,17,2024-11-10,SORTIE,18
4580,11,2024-11-10,SORTIE,8
4581,25,2024-11-10,SORTIE,2
4582,27,2024-11-10,SORTIE,8
4583,1,2024-11-10,SORTIE,5
4584,18,2024-11-10,SORTIE,3
4585,7,2024-11-10,SORTIE,10
4586,3,2024-11-10,SORTIE,1
4587,11,2024-11-10,SORTIE,17
4588,35,2024-11-10,SORTIE,5
4589,9,2024-11-10,SORTIE,30
4590,12,2024-11-10,SORTIE,25
4591,6,2024-11-10,SORTIE,13
4592,12,2024-11-10,SORTIE,25
4593,29,2024-11-10,SORTIE,29
4594,12,2024-11-11,SORTIE,3
4595,26,2024-11-11,SORTIE,29
4596,2,2024-11-11,SORTIE,14
4597,10,2024-11-11,SORTIE,30
4598,32,2024-11-11,SORTIE,28
4599,20,2024-11-11,SORTIE,7
4600,21,2024-11-11,SORTIE,18
4601,9,2024-11-11,SORTIE,19
4602,27,2024-11-11,SORTIE,25
4603,29,2024-11-11,SORTIE,13
4604,31,2024-11-11,SORTIE,14
4605,6,2024-11-11,SORTIE,20
4606,2,2024-11-11,SORTIE,25
4607,12,2024-11-11,SORTIE,25
4608,21,2024-11-11,SORTIE,10
4609,10,2024-11-11,SORTIE,25
4610,32,2024-11-11,SORTIE,30
4611,30,2024-11-11,SORTIE,24
4612,13,2024-11-11,SORTIE,23
4613,33,2024-11-12,SORTIE,15
4614,20,2024-11-12,SORTIE,1
4615,24,2024-11-12,SORTIE,12
4616,19,2024-11-12,SORTIE,26
4617,3,2024-11-12,SORTIE,5
4618,21,2024-11-12,SORTIE,3
4619,8,2024-11-12,ENTREE,199
4620,22,2024-11-13,SORTIE,18
4621,31,2024-11-13,SORTIE,27
4622,26,2024-11-13,SORTIE,13
4623,5,2024-11-13,SORTIE,30
4624,28,2024-11-13,SORTIE,10
4625,10,2024-11-13,SORTIE,20
4626,30,2024-11-13,SORTIE,22
4627,17,2024-11-13,SORTIE,3
4628,29,2024-11-13,SORTIE,2
4629,2,2024-11-13,SORTIE,20
4630,30,2024-11-13,SORTIE,24
4631,14,2024-11-14,SORTIE,21
4632,22,2024-11-14,SORTIE,7
4633,2,2024-11-14,SORTIE,4
4634,15,2024-11-14,SORTIE,12
4635,2,2024-11-14,SORTIE,25
4636,10,2024-11-14,SORTIE,15
4637,20,2024-11-14,SORTIE,29
4638,30,2024-11-14,SORTIE,22
4639,13,2024-11-15,SORTIE,4
4640,5,2024-11-15,SORTIE,5
4641,2,2024-11-15,SORTIE,11
4642,13,2024-11-15,SORTIE,21
4643,31,2024-11-15,SORTIE,6
4644,32,2024-11-15,SORTIE,22
4645,32,2024-11-15,SORTIE,3
4646,4,2024-11-15,SORTIE,15
4647,17,2024-11-15,SORTIE,23
4648,18,2024-11-15,SORTIE,13
4649,22,2024-11-15,SORTIE,10
4650,19,2024-11-15,SORTIE,16
4651,13,2024-11-15,SORTIE,28
4652,25,2024-11-15,SORTIE,2
4653,20,2024-11-15,SORTIE,18
4654,18,2024-11-15,SORTIE,24
4655,29,2024-11-16,SORTIE,6
4656,23,2024-11-16,SORTIE,26
4657,3,2024-11-16,SORTIE,29
4658,5,2024-11-16,SORTIE,26
4659,26,2024-11-16,SORTIE,4
4660,25,2024-11-17,SORTIE,3
4661,28,2024-11-17,SORTIE,22
4662,20,2024-11-17,SORTIE,13
4663,10,2024-11-17,SORTIE,19
4664,11,2024-11-17,SORTIE,25
4665,19,2024-11-17,SORTIE,4
4666,6,2024-11-17,SORTIE,4
4667,10,2024-11-17,SORTIE,29
4668,10,2024-11-17,SORTIE,26
4669,15,2024-11-17,SORTIE,1
4670,11,2024-11-17,SORTIE,27
4671,13,2024-11-17,SORTIE,30
4672,7,2024-11-17,SORTIE,13
4673,27,2024-11-17,SORTIE,30
4674,8,2024-11-17,SORTIE,5
4675,16,2024-11-17,SORTIE,18
4676,27,2024-11-17,SORTIE,18
4677,22,2024-11-17,SORTIE,1
4678,16,2024-11-17,SORTIE,10
4679,6,2024-11-17,SORTIE,5
4680,15,2024-11-17,ENTREE,430
4681,34,2024-11-18,SORTIE,2
4682,31,2024-11-18,SORTIE,4
4683,9,2024-11-18,SORTIE,15
4684,6,2024-11-18,SORTIE,17
4685,30,2024-11-18,SORTIE,9
4686,30,2024-11-18,SORTIE,24
4687,10,2024-11-18,SORTIE,15
4688,15,2024-11-18,SORTIE,13
4689,28,2024-11-18,SORTIE,20
4690,27,2024-11-18,SORTIE,28
4691,29,2024-11-18,SORTIE,6
4692,13,2024-11-18,SORTIE,20
4693,2,2024-11-18,SORTIE,18
4694,2,2024-11-18,SORTIE,12
4695,1,2024-11-18,SORTIE,19
4696,34,2024-11-18,SORTIE,27
4697,19,2024-11-18,SORTIE,20
4698,26,2024-11-18,SORTIE,12
4699,5,2024-11-18,SORTIE,28
4700,31,2024-11-18,SORTIE,1
4701,11,2024-11-18,SORTIE,2
4702,24,2024-11-18,SORTIE,9
4703,33,2024-11-18,ENTREE,372
4704,25,2024-11-19,SORTIE,4
4705,3,2024-11-19,SORTIE,28
4706,3,2024-11-19,SORTIE,7
4707,11,2024-11-19,SORTIE,28
4708,30,2024-11-19,SORTIE,2
4709,14,2024-11-19,SORTIE,27
4710,6,2024-11-19,SORTIE,9
4711,4,2024-11-19,SORTIE,17
4712,17,2024-11-19,SORTIE,23
4713,3,2024-11-19,SORTIE,17
4714,13,2024-11-19,SORTIE,30
4715,14,2024-11-19,SORTIE,4
4716,3,2024-11-19,SORTIE,26
4717,30,2024-11-19,SORTIE,13
4718,20,2024-11-19,SORTIE,5
4719,20,2024-11-19,SORTIE,25
4720,9,2024-11-19,SORTIE,8
4721,32,2024-11-19,SORTIE,27
4722,14,2024-11-19,SORTIE,9
4723,12,2024-11-19,SORTIE,1
4724,7,2024-11-19,SORTIE,24
4725,16,2024-11-19,SORTIE,3
4726,16,2024-11-19,SORTIE,24
4727,8,2024-11-20,SORTIE,10
4728,34,2024-11-20,SORTIE,26
4729,1,2024-11-20,SORTIE,7
4730,32,2024-11-20,SORTIE,8
4731,21,2024-11-20,SORTIE,24
4732,1,2024-11-20,SORTIE,6
4733,27,2024-11-20,SORTIE,8
4734,12,2024-11-20,SORTIE,19
4735,17,2024-11-20,SORTIE,12
4736,18,2024-11-21,SORTIE,20
4737,14,2024-11-21,SORTIE,28
4738,21,2024-11-21,SORTIE,16
4739,22,2024-11-21,SORTIE,18
4740,15,2024-11-21,SORTIE,30
4741,5,2024-11-21,SORTIE,11
4742,29,2024-11-21,SORTIE,28
4743,35,2024-11-21,SORTIE,16
4744,20,2024-11-21,SORTIE,3
4745,14,2024-11-21,SORTIE,22
4746,6,2024-11-21,SORTIE,14
4747,12,2024-11-21,SORTIE,15
4748,27,2024-11-21,SORTIE,13
4749,23,2024-11-21,SORTIE,21
4750,20,2024-11-21,SORTIE,5
4751,35,2024-11-21,SORTIE,20
4752,17,2024-11-21,SORTIE,15
4753,17,2024-11-21,SORTIE,14
4754,14,2024-11-21,SORTIE,12
4755,11,2024-11-21,SORTIE,13
4756,30,2024-11-21,SORTIE,18
4757,23,2024-11-21,SORTIE,1
4758,27,2024-11-21,SORTIE,10
4759,19,2024-11-21,SORTIE,25
4760,23,2024-11-21,SORTIE,28
4761,17,2024-11-21,SORTIE,14
4762,24,2024-11-21,SORTIE,1
4763,27,2024-11-21,SORTIE,30
4764,6,2024-11-21,SORTIE,27
4765,11,2024-11-21,ENTREE,277
4766,22,2024-11-22,SORTIE,2
4767,24,2024-11-22,SORTIE,21
4768,2,2024-11-22,SORTIE,29
4769,1,2024-11-22,SORTIE,11
4770,14,2024-11-22,SORTIE,10
4771,20,2024-11-22,SORTIE,26
4772,10,2024-11-22,SORTIE,20
4773,9,2024-11-22,ENTREE,204
4774,7,2024-11-23,SORTIE,2
4775,1,2024-11-23,SORTIE,7
4776,9,2024-11-23,SORTIE,11
4777,11,2024-11-23,SORTIE,9
4778,21,2024-11-23,SORTIE,26
4779,28,2024-11-23,SORTIE,18
4780,7,2024-11-23,SORTIE,9
4781,12,2024-11-23,SORTIE,6
4782,23,2024-11-23,SORTIE,23
4783,8,2024-11-24,SORTIE,24
4784,18,2024-11-24,SORTIE,10
4785,22,2024-11-24,SORTIE,22
4786,19,2024-11-24,SORTIE,7
4787,2,2024-11-24,SORTIE,27
4788,22,2024-11-24,SORTIE,11
4789,19,2024-11-24,SORTIE,26
4790,2,2024-11-24,SORTIE,19
4791,22,2024-11-24,SORTIE,11
4792,33,2024-11-24,SORTIE,21
4793,4,2024-11-24,SORTIE,17
4794,2,2024-11-24,SORTIE,18
4795,32,2024-11-25,SORTIE,12
4796,20,2024-11-25,SORTIE,28
4797,27,2024-11-25,SORTIE,3
4798,9,2024-11-25,SORTIE,28
4799,14,2024-11-25,SORTIE,14
4800,22,2024-11-25,SORTIE,30
4801,21,2024-11-25,SORTIE,18
4802,35,2024-11-25,SORTIE,9
4803,13,2024-11-25,SORTIE,15
4804,18,2024-11-25,SORTIE,9
4805,32,2024-11-25,SORTIE,11
4806,6,2024-11-25,ENTREE,373
4807,20,2024-11-26,SORTIE,1
4808,30,2024-11-26,SORTIE,3
4809,10,2024-11-26,SORTIE,19
4810,13,2024-11-26,SORTIE,1
4811,14,2024-11-26,SORTIE,20
4812,31,2024-11-26,SORTIE,14
4813,29,2024-11-26,SORTIE,7
4814,34,2024-11-26,SORTIE,27
4815,12,2024-11-26,SORTIE,24
4816,16,2024-11-26,SORTIE,9
4817,30,2024-11-26,SORTIE,26
4818,30,2024-11-26,SORTIE,5
4819,27,2024-11-26,SORTIE,10
4820,22,2024-11-26,SORTIE,5
4821,30,2024-11-26,SORTIE,20
4822,19,2024-11-26,SORTIE,19
4823,22,2024-11-26,SORTIE,20
4824,31,2024-11-26,SORTIE,16
4825,20,2024-11-26,SORTIE,23
4826,28,2024-11-26,SORTIE,28
4827,16,2024-11-26,SORTIE,14
4828,5,2024-11-26,SORTIE,30
4829,14,2024-11-26,SORTIE,6
4830,30,2024-11-26,SORTIE,6
4831,10,2024-11-26,SORTIE,8
4832,22,2024-11-26,SORTIE,19
4833,20,2024-11-26,SORTIE,30
4834,15,2024-11-27,SORTIE,6
4835,25,2024-11-27,SORTIE,19
4836,32,2024-11-27,SORTIE,20
4837,29,2024-11-27,SORTIE,11
4838,26,2024-11-27,SORTIE,19
4839,6,2024-11-27,SORTIE,16
4840,2,2024-11-27,SORTIE,28
4841,17,2024-11-27,SORTIE,1
4842,11,2024-11-27,SORTIE,15
4843,4,2024-11-27,SORTIE,11
4844,11,2024-11-27,SORTIE,2
4845,6,2024-11-27,SORTIE,18
4846,15,2024-11-27,SORTIE,22
4847,26,2024-11-27,SORTIE,17
4848,33,2024-11-27,SORTIE,4
4849,29,2024-11-27,SORTIE,11
4850,23,2024-11-27,SORTIE,4
4851,15,2024-11-27,SORTIE,23
4852,34,2024-11-27,SORTIE,12
4853,3,2024-11-27,ENTREE,204
4854,18,2024-11-28,SORTIE,9
4855,16,2024-11-28,SORTIE,21
4856,11,2024-11-28,SORTIE,11
4857,30,2024-11-28,SORTIE,27
4858,18,2024-11-28,SORTIE,24
4859,24,2024-11-28,SORTIE,5
4860,12,2024-11-28,SORTIE,11
4861,28,2024-11-28,SORTIE,18
4862,13,2024-11-28,SORTIE,26
4863,15,2024-11-29,SORTIE,25
4864,8,2024-11-29,SORTIE,7
4865,33,2024-11-29,SORTIE,4
4866,20,2024-11-29,SORTIE,15
4867,19,2024-11-29,SORTIE,4
4868,28,2024-11-29,SORTIE,26
4869,21,2024-11-29,SORTIE,14
4870,5,2024-11-29,SORTIE,5
4871,21,2024-11-29,SORTIE,21
4872,11,2024-11-30,SORTIE,1
4873,34,2024-11-30,SORTIE,4
4874,8,2024-11-30,SORTIE,29
4875,32,2024-11-30,SORTIE,10
4876,22,2024-11-30,SORTIE,23
4877,11,2024-12-01,SORTIE,19
4878,2,2024-12-01,SORTIE,21
4879,19,2024-12-01,SORTIE,20
4880,16,2024-12-01,SORTIE,8
4881,13,2024-12-01,SORTIE,12
4882,14,2024-12-01,SORTIE,25
4883,6,2024-12-01,SORTIE,3
4884,29,2024-12-01,SORTIE,2
4885,35,2024-12-01,SORTIE,14
4886,25,2024-12-01,SORTIE,28
4887,26,2024-12-01,SORTIE,6
4888,23,2024-12-01,SORTIE,4
4889,5,2024-12-01,SORTIE,15
4890,34,2024-12-01,SORTIE,26
4891,7,2024-12-01,SORTIE,27
4892,20,2024-12-01,SORTIE,10
4893,6,2024-12-01,SORTIE,12
4894,33,2024-12-01,SORTIE,11
4895,31,2024-12-01,SORTIE,10
4896,21,2024-12-01,ENTREE,330
4897,28,2024-12-02,SORTIE,6
4898,11,2024-12-02,SORTIE,23
4899,4,2024-12-02,SORTIE,27
4900,13,2024-12-02,SORTIE,11
4901,29,2024-12-02,ENTREE,364
4902,3,2024-12-03,SORTIE,23
4903,31,2024-12-03,SORTIE,4
4904,18,2024-12-03,SORTIE,17
4905,24,2024-12-03,SORTIE,23
4906,18,2024-12-03,SORTIE,7
4907,10,2024-12-03,SORTIE,18
4908,24,2024-12-03,SORTIE,3
4909,2,2024-12-03,SORTIE,24
4910,34,2024-12-03,SORTIE,2
4911,30,2024-12-03,SORTIE,1
4912,22,2024-12-03,SORTIE,14
4913,7,2024-12-03,SORTIE,1
4914,23,2024-12-03,SORTIE,19
4915,27,2024-12-03,SORTIE,13
4916,5,2024-12-03,SORTIE,2
4917,24,2024-12-03,SORTIE,4
4918,29,2024-12-03,SORTIE,4
4919,19,2024-12-03,SORTIE,5
4920,9,2024-12-03,SORTIE,26
4921,22,2024-12-03,SORTIE,24
4922,16,2024-12-03,SORTIE,29
4923,19,2024-12-03,SORTIE,4
4924,21,2024-12-03,SORTIE,29
4925,4,2024-12-03,SORTIE,17
4926,29,2024-12-03,SORTIE,16
4927,18,2024-12-03,SORTIE,28
4928,12,2024-12-03,ENTREE,451
4929,17,2024-12-04,SORTIE,13
4930,16,2024-12-04,SORTIE,29
4931,9,2024-12-04,SORTIE,28
4932,26,2024-12-04,SORTIE,29
4933,11,2024-12-04,SORTIE,6
4934,4,2024-12-04,SORTIE,25
4935,19,2024-12-04,SORTIE,8
4936,14,2024-12-04,SORTIE,2
4937,18,2024-12-04,SORTIE,5
4938,28,2024-12-04,SORTIE,5
4939,23,2024-12-04,SORTIE,12
4940,27,2024-12-04,SORTIE,25
4941,33,2024-12-04,SORTIE,29
4942,2,2024-12-04,SORTIE,9
4943,13,2024-12-05,SORTIE,4
4944,2,2024-12-05,SORTIE,25
4945,6,2024-12-05,ENTREE,205
4946,23,2024-12-06,SORTIE,15
4947,4,2024-12-06,SORTIE,28
4948,30,2024-12-06,SORTIE,9
4949,34,2024-12-06,SORTIE,18
4950,1,2024-12-06,SORTIE,9
4951,1,2024-12-06,SORTIE,27
4952,12,2024-12-06,SORTIE,14
4953,2,2024-12-06,SORTIE,16
4954,22,2024-12-06,SORTIE,25
4955,22,2024-12-06,SORTIE,14
4956,29,2024-12-06,SORTIE,26
4957,34,2024-12-06,SORTIE,22
4958,10,2024-12-06,SORTIE,10
4959,28,2024-12-06,SORTIE,22
4960,32,2024-12-06,SORTIE,27
4961,1,2024-12-06,SORTIE,26
4962,4,2024-12-06,SORTIE,5
4963,25,2024-12-06,SORTIE,8
4964,28,2024-12-06,SORTIE,20
4965,15,2024-12-06,SORTIE,9
4966,32,2024-12-06,SORTIE,1
4967,5,2024-12-06,SORTIE,10
4968,8,2024-12-06,SORTIE,12
4969,11,2024-12-06,SORTIE,19
4970,13,2024-12-07,SORTIE,17
4971,17,2024-12-07,SORTIE,14
4972,32,2024-12-07,SORTIE,28
4973,23,2024-12-07,SORTIE,29
4974,17,2024-12-07,SORTIE,22
4975,19,2024-12-07,SORTIE,8
4976,12,2024-12-07,SORTIE,23
4977,24,2024-12-07,SORTIE,30
4978,25,2024-12-07,SORTIE,21
4979,27,2024-12-07,SORTIE,21
4980,33,2024-12-07,SORTIE,23
4981,32,2024-12-07,SORTIE,10
4982,10,2024-12-08,SORTIE,30
4983,3,2024-12-08,SORTIE,10
4984,12,2024-12-08,SORTIE,9
4985,6,2024-12-08,SORTIE,19
4986,10,2024-12-08,SORTIE,16
4987,33,2024-12-08,SORTIE,17
4988,14,2024-12-08,SORTIE,30
4989,6,2024-12-08,SORTIE,8
4990,13,2024-12-08,SORTIE,10
4991,29,2024-12-08,SORTIE,13
4992,8,2024-12-08,SORTIE,4
4993,14,2024-12-08,SORTIE,5
4994,20,2024-12-08,SORTIE,23
4995,29,2024-12-09,SORTIE,9
4996,7,2024-12-09,SORTIE,29
4997,20,2024-12-09,SORTIE,29
4998,15,2024-12-09,SORTIE,27
4999,22,2024-12-09,SORTIE,8
5000,11,2024-12-09,SORTIE,10
5001,22,2024-12-09,SORTIE,28
5002,11,2024-12-09,SORTIE,14
5003,1,2024-12-09,SORTIE,7
5004,2,2024-12-09,SORTIE,11
5005,12,2024-12-09,SORTIE,18
5006,30,2024-12-09,SORTIE,13
5007,20,2024-12-09,SORTIE,4
5008,30,2024-12-09,SORTIE,23
5009,22,2024-12-09,SORTIE,17
5010,4,2024-12-09,ENTREE,450
5011,8,2024-12-10,SORTIE,25
5012,19,2024-12-10,SORTIE,15
5013,31,2024-12-10,SORTIE,23
5014,9,2024-12-10,SORTIE,28
5015,34,2024-12-11,SORTIE,27
5016,28,2024-12-11,SORTIE,14
5017,6,2024-12-11,SORTIE,5
5018,21,2024-12-11,SORTIE,11
5019,9,2024-12-11,SORTIE,29
5020,11,2024-12-11,SORTIE,13
5021,27,2024-12-11,SORTIE,4
5022,23,2024-12-11,SORTIE,12
5023,7,2024-12-11,SORTIE,21
5024,5,2024-12-11,SORTIE,4
5025,6,2024-12-12,SORTIE,24
5026,12,2024-12-12,SORTIE,21
5027,10,2024-12-12,SORTIE,28
5028,4,2024-12-12,SORTIE,6
5029,26,2024-12-12,SORTIE,20
5030,23,2024-12-12,SORTIE,26
5031,29,2024-12-12,SORTIE,29
5032,15,2024-12-12,SORTIE,18
5033,11,2024-12-12,SORTIE,24
5034,24,2024-12-12,SORTIE,11
5035,30,2024-12-12,SORTIE,26
5036,8,2024-12-12,SORTIE,3
5037,20,2024-12-12,SORTIE,17
5038,18,2024-12-12,SORTIE,13
5039,22,2024-12-12,SORTIE,12
5040,4,2024-12-12,SORTIE,30
5041,27,2024-12-12,SORTIE,8
5042,26,2024-12-12,SORTIE,28
5043,33,2024-12-12,SORTIE,4
5044,24,2024-12-13,SORTIE,14
5045,29,2024-12-13,SORTIE,10
5046,30,2024-12-13,SORTIE,22
5047,15,2024-12-13,SORTIE,20
5048,22,2024-12-13,SORTIE,20
5049,25,2024-12-13,SORTIE,20
5050,5,2024-12-13,SORTIE,30
5051,29,2024-12-13,SORTIE,14
5052,13,2024-12-13,SORTIE,20
5053,8,2024-12-13,SORTIE,19
5054,4,2024-12-13,SORTIE,9
5055,7,2024-12-13,SORTIE,9
5056,25,2024-12-13,SORTIE,22
5057,17,2024-12-13,SORTIE,24
5058,11,2024-12-13,SORTIE,22
5059,5,2024-12-13,SORTIE,20
5060,27,2024-12-13,SORTIE,29
5061,12,2024-12-13,SORTIE,10
5062,14,2024-12-13,SORTIE,28
5063,1,2024-12-13,SORTIE,9
5064,24,2024-12-13,SORTIE,16
5065,7,2024-12-13,SORTIE,8
5066,33,2024-12-13,SORTIE,14
5067,6,2024-12-13,SORTIE,8
5068,28,2024-12-13,SORTIE,30
5069,10,2024-12-13,SORTIE,12
5070,11,2024-12-13,SORTIE,7
5071,23,2024-12-13,SORTIE,14
5072,5,2024-12-13,SORTIE,12
5073,13,2024-12-14,SORTIE,8
5074,24,2024-12-14,SORTIE,21
5075,21,2024-12-14,SORTIE,1
5076,18,2024-12-14,SORTIE,16
5077,25,2024-12-14,SORTIE,23
5078,26,2024-12-14,SORTIE,28
5079,27,2024-12-14,SORTIE,22
5080,16,2024-12-14,SORTIE,8
5081,4,2024-12-14,SORTIE,17
5082,15,2024-12-14,SORTIE,26
5083,21,2024-12-15,SORTIE,2
5084,25,2024-12-15,SORTIE,24
5085,24,2024-12-15,SORTIE,30
5086,12,2024-12-15,SORTIE,4
5087,27,2024-12-15,SORTIE,28
5088,29,2024-12-15,SORTIE,22
5089,31,2024-12-15,SORTIE,21
5090,34,2024-12-15,SORTIE,11
5091,26,2024-12-15,SORTIE,25
5092,2,2024-12-15,SORTIE,12
5093,1,2024-12-15,SORTIE,15
5094,16,2024-12-15,SORTIE,26
5095,23,2024-12-15,SORTIE,16
5096,22,2024-12-15,SORTIE,5
5097,19,2024-12-16,SORTIE,27
5098,19,2024-12-16,SORTIE,5
5099,11,2024-12-16,SORTIE,1
5100,23,2024-12-16,SORTIE,29
5101,27,2024-12-16,SORTIE,2
5102,16,2024-12-16,SORTIE,16
5103,7,2024-12-16,SORTIE,25
5104,9,2024-12-16,SORTIE,17
5105,33,2024-12-16,SORTIE,10
5106,27,2024-12-16,SORTIE,19
5107,34,2024-12-16,SORTIE,13
5108,25,2024-12-16,SORTIE,13
5109,30,2024-12-16,SORTIE,4
5110,2,2024-12-16,SORTIE,1
5111,26,2024-12-16,SORTIE,22
5112,16,2024-12-16,SORTIE,4
5113,34,2024-12-16,SORTIE,30
5114,4,2024-12-16,SORTIE,17
5115,18,2024-12-16,SORTIE,6
5116,32,2024-12-17,SORTIE,1
5117,34,2024-12-17,SORTIE,19
5118,5,2024-12-17,SORTIE,2
5119,2,2024-12-17,SORTIE,2
5120,20,2024-12-17,SORTIE,6
5121,27,2024-12-17,SORTIE,1
5122,16,2024-12-17,SORTIE,5
5123,30,2024-12-17,SORTIE,24
5124,31,2024-12-17,SORTIE,7
5125,16,2024-12-17,SORTIE,1
5126,3,2024-12-18,SORTIE,29
5127,13,2024-12-18,SORTIE,21
5128,30,2024-12-18,SORTIE,3
5129,4,2024-12-19,SORTIE,28
5130,29,2024-12-19,SORTIE,5
5131,32,2024-12-19,SORTIE,20
5132,10,2024-12-19,SORTIE,12
5133,11,2024-12-19,SORTIE,9
5134,34,2024-12-19,SORTIE,14
5135,22,2024-12-19,SORTIE,26
5136,29,2024-12-19,SORTIE,21
5137,12,2024-12-19,SORTIE,3
5138,28,2024-12-19,SORTIE,25
5139,20,2024-12-19,SORTIE,28
5140,21,2024-12-19,SORTIE,11
5141,33,2024-12-19,SORTIE,13
5142,15,2024-12-19,SORTIE,3
5143,15,2024-12-19,SORTIE,22
5144,12,2024-12-19,SORTIE,23
5145,30,2024-12-19,SORTIE,24
5146,34,2024-12-19,SORTIE,14
5147,14,2024-12-19,SORTIE,28
5148,16,2024-12-19,SORTIE,28
5149,34,2024-12-19,SORTIE,22
5150,13,2024-12-19,SORTIE,20
5151,3,2024-12-19,SORTIE,24
5152,11,2024-12-19,SORTIE,8
5153,20,2024-12-19,ENTREE,225
5154,22,2024-12-20,SORTIE,3
5155,35,2024-12-20,SORTIE,30
5156,24,2024-12-20,SORTIE,8
5157,20,2024-12-20,SORTIE,30
5158,26,2024-12-20,SORTIE,19
5159,30,2024-12-20,SORTIE,12
5160,27,2024-12-20,SORTIE,19
5161,10,2024-12-20,SORTIE,27
5162,30,2024-12-20,SORTIE,20
5163,19,2024-12-20,SORTIE,17
5164,14,2024-12-20,SORTIE,11
5165,2,2024-12-20,SORTIE,19
5166,26,2024-12-20,SORTIE,27
5167,20,2024-12-20,SORTIE,2
5168,35,2024-12-20,SORTIE,20
5169,18,2024-12-20,SORTIE,21
5170,12,2024-12-20,SORTIE,30
5171,10,2024-12-20,SORTIE,19
5172,26,2024-12-20,SORTIE,20
5173,20,2024-12-20,SORTIE,16
5174,2,2024-12-20,SORTIE,2
5175,7,2024-12-20,ENTREE,140
5176,28,2024-12-21,SORTIE,23
5177,19,2024-12-21,SORTIE,16
5178,33,2024-12-21,SORTIE,10
5179,22,2024-12-21,SORTIE,3
5180,20,2024-12-21,SORTIE,2
5181,30,2024-12-21,SORTIE,14
5182,4,2024-12-21,SORTIE,14
5183,33,2024-12-21,SORTIE,13
5184,3,2024-12-21,SORTIE,18
5185,28,2024-12-21,SORTIE,26
5186,34,2024-12-21,SORTIE,3
5187,22,2024-12-21,SORTIE,26
5188,30,2024-12-21,SORTIE,23
5189,34,2024-12-21,SORTIE,8
5190,22,2024-12-21,SORTIE,6
5191,4,2024-12-21,SORTIE,1
5192,17,2024-12-21,SORTIE,18
5193,26,2024-12-21,SORTIE,4
5194,27,2024-12-21,SORTIE,17
5195,26,2024-12-21,SORTIE,8
5196,18,2024-12-21,SORTIE,5
5197,25,2024-12-21,SORTIE,25
5198,15,2024-12-21,SORTIE,7
5199,33,2024-12-22,SORTIE,23
5200,22,2024-12-22,SORTIE,5
5201,14,2024-12-22,SORTIE,2
5202,3,2024-12-22,SORTIE,8
5203,10,2024-12-22,SORTIE,10
5204,1,2024-12-22,SORTIE,16
5205,13,2024-12-22,SORTIE,29
5206,2,2024-12-22,SORTIE,25
5207,8,2024-12-22,SORTIE,21
5208,6,2024-12-22,SORTIE,29
5209,21,2024-12-22,SORTIE,1
5210,27,2024-12-22,SORTIE,19
5211,1,2024-12-22,SORTIE,24
5212,33,2024-12-22,SORTIE,3
5213,4,2024-12-22,SORTIE,10
5214,2,2024-12-22,SORTIE,18
5215,12,2024-12-22,SORTIE,6
5216,22,2024-12-22,ENTREE,421
5217,8,2024-12-23,SORTIE,30
5218,20,2024-12-23,SORTIE,26
5219,15,2024-12-23,SORTIE,6
5220,25,2024-12-23,SORTIE,19
5221,29,2024-12-23,SORTIE,7
5222,35,2024-12-23,SORTIE,21
5223,22,2024-12-23,SORTIE,13
5224,17,2024-12-23,SORTIE,6
5225,31,2024-12-23,SORTIE,27
5226,26,2024-12-24,SORTIE,28
5227,33,2024-12-24,SORTIE,20
5228,17,2024-12-24,SORTIE,29
5229,14,2024-12-24,SORTIE,26
5230,35,2024-12-24,SORTIE,4
5231,15,2024-12-24,SORTIE,13
5232,2,2024-12-24,SORTIE,21
5233,15,2024-12-24,SORTIE,4
5234,28,2024-12-24,SORTIE,18
5235,29,2024-12-24,SORTIE,25
5236,26,2024-12-24,SORTIE,23
5237,18,2024-12-24,SORTIE,26
5238,6,2024-12-24,SORTIE,17
5239,15,2024-12-24,SORTIE,27
5240,4,2024-12-24,SORTIE,4
5241,25,2024-12-24,SORTIE,17
5242,29,2024-12-24,SORTIE,29
5243,10,2024-12-24,SORTIE,10
5244,3,2024-12-24,SORTIE,30
5245,10,2024-12-24,SORTIE,15
5246,11,2024-12-24,SORTIE,26
5247,24,2024-12-24,SORTIE,10
5248,4,2024-12-24,SORTIE,22
5249,9,2024-12-24,SORTIE,11
5250,11,2024-12-24,SORTIE,8
5251,29,2024-12-25,SORTIE,15
5252,2,2024-12-25,SORTIE,1
5253,19,2024-12-25,SORTIE,26
5254,33,2024-12-25,SORTIE,17
5255,19,2024-12-25,SORTIE,15
5256,6,2024-12-25,SORTIE,16
5257,6,2024-12-25,SORTIE,11
5258,21,2024-12-25,SORTIE,29
5259,31,2024-12-25,SORTIE,15
5260,16,2024-12-25,SORTIE,3
5261,35,2024-12-25,SORTIE,24
5262,19,2024-12-26,SORTIE,3
5263,16,2024-12-26,SORTIE,2
5264,14,2024-12-26,SORTIE,25
5265,25,2024-12-26,SORTIE,12
5266,5,2024-12-26,SORTIE,1
5267,30,2024-12-26,SORTIE,26
5268,8,2024-12-26,SORTIE,25
5269,20,2024-12-26,SORTIE,21
5270,31,2024-12-26,SORTIE,1
5271,4,2024-12-26,SORTIE,6
5272,13,2024-12-26,SORTIE,2
5273,18,2024-12-26,SORTIE,1
5274,32,2024-12-26,SORTIE,21
5275,32,2024-12-26,SORTIE,2
5276,24,2024-12-26,SORTIE,20
5277,8,2024-12-26,SORTIE,11
5278,22,2024-12-26,SORTIE,29
5279,30,2024-12-26,SORTIE,11
5280,14,2024-12-26,SORTIE,3
5281,33,2024-12-26,SORTIE,28
5282,32,2024-12-26,SORTIE,3
5283,1,2024-12-26,SORTIE,4
5284,16,2024-12-26,SORTIE,18
5285,14,2024-12-26,ENTREE,198
5286,6,2024-12-27,SORTIE,19
5287,14,2024-12-27,SORTIE,1
5288,8,2024-12-27,SORTIE,18
5289,18,2024-12-27,SORTIE,24
5290,29,2024-12-27,SORTIE,2
5291,5,2024-12-27,SORTIE,3
5292,26,2024-12-28,SORTIE,12
5293,18,2024-12-28,SORTIE,11
5294,33,2024-12-28,SORTIE,1
5295,24,2024-12-28,SORTIE,10
5296,13,2024-12-28,SORTIE,13
5297,32,2024-12-28,SORTIE,6
5298,23,2024-12-28,SORTIE,14
5299,25,2024-12-28,SORTIE,10
5300,23,2024-12-28,SORTIE,15
5301,7,2024-12-28,SORTIE,9
5302,16,2024-12-28,SORTIE,30
5303,28,2024-12-28,SORTIE,11
5304,17,2024-12-28,SORTIE,14
5305,5,2024-12-28,SORTIE,26
5306,29,2024-12-28,SORTIE,15
5307,12,2024-12-28,SORTIE,24
5308,21,2024-12-28,SORTIE,27
5309,33,2024-12-28,SORTIE,13
5310,21,2024-12-29,SORTIE,6
5311,14,2024-12-29,SORTIE,10
5312,11,2024-12-29,SORTIE,5
5313,22,2024-12-29,SORTIE,21
5314,30,2024-12-29,SORTIE,14
5315,12,2024-12-29,SORTIE,7
5316,28,2024-12-29,SORTIE,20
5317,9,2024-12-29,SORTIE,24
5318,11,2024-12-29,SORTIE,3
5319,13,2024-12-29,SORTIE,8
5320,17,2024-12-29,SORTIE,15
5321,32,2024-12-29,SORTIE,10
5322,3,2024-12-29,SORTIE,30
5323,17,2024-12-29,SORTIE,11
5324,1,2024-12-29,SORTIE,11
5325,4,2024-12-29,SORTIE,21
5326,11,2024-12-29,SORTIE,8
5327,7,2024-12-29,SORTIE,1
5328,17,2024-12-29,SORTIE,24
5329,20,2024-12-29,SORTIE,1
5330,9,2024-12-29,SORTIE,26
5331,2,2024-12-29,SORTIE,19
5332,1,2024-12-30,SORTIE,2
5333,31,2024-12-30,SORTIE,22
5334,20,2024-12-30,SORTIE,30
5335,7,2024-12-30,SORTIE,7
5336,18,2024-12-30,SORTIE,21
5337,10,2024-12-30,SORTIE,24
5338,25,2024-12-30,ENTREE,453
5339,26,2024-12-31,SORTIE,11
5340,27,2024-12-31,SORTIE,20
5341,13,2024-12-31,SORTIE,18
5342,19,2024-12-31,SORTIE,1
5343,26,2024-12-31,SORTIE,28
5344,26,2024-12-31,SORTIE,20
5345,35,2024-12-31,SORTIE,20
5346,31,2024-12-31,SORTIE,8
5347,16,2024-12-31,SORTIE,7
5348,24,2025-01-01,SORTIE,18
5349,23,2025-01-01,SORTIE,20
5350,18,2025-01-01,SORTIE,10
5351,11,2025-01-01,SORTIE,4
5352,3,2025-01-01,SORTIE,4
5353,23,2025-01-01,SORTIE,22
5354,32,2025-01-01,SORTIE,21
5355,22,2025-01-01,SORTIE,26
5356,18,2025-01-01,SORTIE,9
5357,25,2025-01-01,SORTIE,23
5358,31,2025-01-01,SORTIE,10
5359,17,2025-01-01,SORTIE,22
5360,28,2025-01-01,SORTIE,11
5361,5,2025-01-01,SORTIE,10
5362,35,2025-01-01,ENTREE,331
5363,15,2025-01-02,SORTIE,17
5364,10,2025-01-02,SORTIE,27
5365,8,2025-01-02,SORTIE,14
5366,18,2025-01-02,SORTIE,26
5367,14,2025-01-02,SORTIE,29
5368,18,2025-01-02,SORTIE,16
5369,17,2025-01-02,SORTIE,12
5370,18,2025-01-02,SORTIE,29
5371,1,2025-01-02,SORTIE,19
5372,6,2025-01-02,SORTIE,23
5373,18,2025-01-02,SORTIE,12
5374,7,2025-01-02,SORTIE,8
5375,26,2025-01-02,SORTIE,17
5376,8,2025-01-02,SORTIE,10
5377,35,2025-01-02,SORTIE,28
5378,23,2025-01-02,SORTIE,29
5379,17,2025-01-02,SORTIE,23
5380,18,2025-01-02,ENTREE,371
5381,9,2025-01-03,SORTIE,7
5382,4,2025-01-03,SORTIE,14
5383,31,2025-01-03,SORTIE,15
5384,20,2025-01-03,SORTIE,14
5385,3,2025-01-03,SORTIE,28
5386,13,2025-01-03,SORTIE,17
5387,17,2025-01-03,SORTIE,16
5388,11,2025-01-03,SORTIE,27
5389,1,2025-01-03,SORTIE,13
5390,2,2025-01-03,SORTIE,3
5391,29,2025-01-03,SORTIE,10
5392,16,2025-01-03,SORTIE,30
5393,8,2025-01-03,SORTIE,7
5394,17,2025-01-03,SORTIE,22
5395,20,2025-01-03,SORTIE,10
5396,2,2025-01-03,SORTIE,5
5397,1,2025-01-03,SORTIE,1
5398,34,2025-01-03,SORTIE,26
5399,8,2025-01-03,SORTIE,14
5400,22,2025-01-03,SORTIE,11
5401,3,2025-01-03,SORTIE,29
5402,9,2025-01-04,SORTIE,28
5403,32,2025-01-04,SORTIE,23
5404,18,2025-01-04,SORTIE,21
5405,35,2025-01-04,SORTIE,30
5406,18,2025-01-04,SORTIE,27
5407,2,2025-01-04,SORTIE,13
5408,5,2025-01-04,SORTIE,1
5409,31,2025-01-04,SORTIE,24
5410,14,2025-01-04,SORTIE,27
5411,12,2025-01-04,SORTIE,4
5412,17,2025-01-04,SORTIE,20
5413,2,2025-01-04,SORTIE,26
5414,32,2025-01-04,SORTIE,1
5415,34,2025-01-04,SORTIE,18
5416,19,2025-01-04,SORTIE,15
5417,25,2025-01-04,SORTIE,1
5418,27,2025-01-04,SORTIE,28
5419,17,2025-01-04,SORTIE,24
5420,14,2025-01-04,SORTIE,8
5421,28,2025-01-04,SORTIE,19
5422,27,2025-01-04,SORTIE,18
5423,21,2025-01-04,SORTIE,29
5424,27,2025-01-04,SORTIE,4
5425,3,2025-01-04,SORTIE,19
5426,18,2025-01-04,SORTIE,26
5427,12,2025-01-04,ENTREE,248
5428,29,2025-01-05,SORTIE,8
5429,10,2025-01-05,SORTIE,27
5430,1,2025-01-05,SORTIE,27
5431,16,2025-01-05,SORTIE,28
5432,26,2025-01-05,SORTIE,13
5433,1,2025-01-05,SORTIE,15
5434,19,2025-01-05,SORTIE,13
5435,17,2025-01-05,SORTIE,7
5436,33,2025-01-05,SORTIE,16
5437,31,2025-01-05,SORTIE,19
5438,1,2025-01-05,SORTIE,29
5439,25,2025-01-05,SORTIE,19
5440,9,2025-01-05,SORTIE,5
5441,16,2025-01-06,SORTIE,6
5442,7,2025-01-06,SORTIE,11
5443,22,2025-01-06,SORTIE,21
5444,2,2025-01-06,SORTIE,10
5445,29,2025-01-06,SORTIE,3
5446,29,2025-01-06,SORTIE,30
5447,12,2025-01-06,SORTIE,10
5448,8,2025-01-06,SORTIE,5
5449,7,2025-01-06,SORTIE,17
5450,13,2025-01-06,ENTREE,190
5451,15,2025-01-07,SORTIE,6
5452,30,2025-01-07,SORTIE,8
5453,13,2025-01-07,SORTIE,30
5454,4,2025-01-07,SORTIE,1
5455,10,2025-01-07,SORTIE,23
5456,29,2025-01-07,SORTIE,23
5457,34,2025-01-07,SORTIE,5
5458,19,2025-01-07,SORTIE,8
5459,19,2025-01-08,SORTIE,30
5460,19,2025-01-08,SORTIE,22
5461,5,2025-01-08,SORTIE,15
5462,28,2025-01-08,SORTIE,22
5463,17,2025-01-08,SORTIE,12
5464,24,2025-01-08,SORTIE,11
5465,27,2025-01-08,SORTIE,15
5466,7,2025-01-08,SORTIE,17
5467,7,2025-01-08,SORTIE,13
5468,24,2025-01-08,SORTIE,7
5469,34,2025-01-08,SORTIE,11
5470,25,2025-01-08,SORTIE,20
5471,26,2025-01-08,SORTIE,6
5472,26,2025-01-09,SORTIE,12
5473,3,2025-01-09,SORTIE,29
5474,24,2025-01-09,SORTIE,27
5475,12,2025-01-09,SORTIE,14
5476,27,2025-01-09,SORTIE,15
5477,14,2025-01-09,SORTIE,12
5478,21,2025-01-09,SORTIE,22
5479,24,2025-01-09,SORTIE,3
5480,28,2025-01-09,SORTIE,24
5481,23,2025-01-09,SORTIE,26
5482,2,2025-01-09,SORTIE,9
5483,10,2025-01-09,SORTIE,21
5484,1,2025-01-09,SORTIE,6
5485,34,2025-01-09,SORTIE,4
5486,21,2025-01-09,ENTREE,296
5487,21,2025-01-10,SORTIE,20
5488,30,2025-01-10,SORTIE,28
5489,24,2025-01-10,SORTIE,14
5490,23,2025-01-10,SORTIE,20
5491,15,2025-01-10,SORTIE,9
5492,2,2025-01-10,SORTIE,19
5493,35,2025-01-10,SORTIE,1
5494,3,2025-01-10,SORTIE,27
5495,33,2025-01-10,SORTIE,14
5496,33,2025-01-10,SORTIE,13
5497,14,2025-01-10,SORTIE,28
5498,11,2025-01-10,SORTIE,8
5499,7,2025-01-10,SORTIE,25
5500,22,2025-01-10,ENTREE,499
5501,23,2025-01-11,SORTIE,16
5502,25,2025-01-11,SORTIE,18
5503,20,2025-01-11,SORTIE,4
5504,16,2025-01-11,SORTIE,9
5505,21,2025-01-11,SORTIE,22
5506,22,2025-01-11,SORTIE,3
5507,27,2025-01-11,SORTIE,30
5508,13,2025-01-11,ENTREE,122
5509,12,2025-01-12,SORTIE,29
5510,20,2025-01-12,SORTIE,22
5511,28,2025-01-12,SORTIE,14
5512,11,2025-01-12,SORTIE,29
5513,3,2025-01-13,SORTIE,15
5514,9,2025-01-13,SORTIE,26
5515,21,2025-01-13,SORTIE,26
5516,19,2025-01-13,SORTIE,12
5517,19,2025-01-13,SORTIE,22
5518,15,2025-01-13,SORTIE,10
5519,2,2025-01-13,SORTIE,15
5520,28,2025-01-13,SORTIE,8
5521,31,2025-01-13,SORTIE,17
5522,2,2025-01-13,SORTIE,23
5523,11,2025-01-13,SORTIE,9
5524,2,2025-01-13,ENTREE,395
5525,17,2025-01-14,SORTIE,10
5526,32,2025-01-14,SORTIE,30
5527,13,2025-01-14,SORTIE,1
5528,32,2025-01-14,SORTIE,16
5529,13,2025-01-14,SORTIE,1
5530,31,2025-01-14,SORTIE,13
5531,14,2025-01-14,SORTIE,12
5532,10,2025-01-14,SORTIE,11
5533,12,2025-01-14,SORTIE,1
5534,21,2025-01-14,SORTIE,26
5535,31,2025-01-14,SORTIE,27
5536,15,2025-01-14,SORTIE,20
5537,8,2025-01-14,SORTIE,28
5538,5,2025-01-14,SORTIE,26
5539,20,2025-01-14,SORTIE,12
5540,1,2025-01-14,SORTIE,10
5541,1,2025-01-14,SORTIE,7
5542,33,2025-01-14,SORTIE,10
5543,3,2025-01-15,SORTIE,15
5544,7,2025-01-15,SORTIE,17
5545,12,2025-01-15,SORTIE,2
5546,9,2025-01-15,SORTIE,12
5547,5,2025-01-15,SORTIE,2
5548,8,2025-01-15,SORTIE,14
5549,27,2025-01-15,SORTIE,29
5550,10,2025-01-15,SORTIE,5
5551,6,2025-01-15,SORTIE,3
5552,21,2025-01-15,SORTIE,13
5553,15,2025-01-15,SORTIE,19
5554,35,2025-01-15,SORTIE,8
5555,20,2025-01-15,SORTIE,2
5556,11,2025-01-15,SORTIE,7
5557,14,2025-01-15,SORTIE,10
5558,2,2025-01-15,SORTIE,3
5559,30,2025-01-15,SORTIE,19
5560,29,2025-01-15,SORTIE,8
5561,5,2025-01-15,SORTIE,9
5562,13,2025-01-15,SORTIE,21
5563,17,2025-01-15,SORTIE,13
5564,8,2025-01-15,SORTIE,20
5565,19,2025-01-15,SORTIE,15
5566,28,2025-01-15,SORTIE,11
5567,28,2025-01-15,SORTIE,27
5568,14,2025-01-16,SORTIE,7
5569,13,2025-01-16,SORTIE,22
5570,26,2025-01-16,SORTIE,17
5571,32,2025-01-16,SORTIE,25
5572,25,2025-01-16,SORTIE,7
5573,4,2025-01-16,SORTIE,19
5574,35,2025-01-16,SORTIE,19
5575,3,2025-01-16,SORTIE,23
5576,33,2025-01-16,SORTIE,22
5577,25,2025-01-16,SORTIE,6
5578,3,2025-01-16,SORTIE,14
5579,29,2025-01-16,SORTIE,30
5580,6,2025-01-16,SORTIE,16
5581,6,2025-01-16,SORTIE,13
5582,12,2025-01-16,SORTIE,21
5583,1,2025-01-16,SORTIE,26
5584,19,2025-01-16,SORTIE,1
5585,3,2025-01-16,SORTIE,4
5586,8,2025-01-16,SORTIE,2
5587,33,2025-01-16,SORTIE,25
5588,16,2025-01-16,SORTIE,22
5589,9,2025-01-17,SORTIE,2
5590,5,2025-01-17,SORTIE,10
5591,7,2025-01-17,SORTIE,8
5592,19,2025-01-17,SORTIE,20
5593,22,2025-01-17,SORTIE,27
5594,17,2025-01-17,SORTIE,15
5595,26,2025-01-17,SORTIE,17
5596,4,2025-01-17,SORTIE,26
5597,25,2025-01-17,SORTIE,14
5598,2,2025-01-17,SORTIE,23
5599,2,2025-01-17,SORTIE,9
5600,10,2025-01-17,SORTIE,20
5601,11,2025-01-17,SORTIE,13
5602,3,2025-01-17,SORTIE,12
5603,21,2025-01-17,SORTIE,20
5604,22,2025-01-17,SORTIE,16
5605,16,2025-01-17,SORTIE,24
5606,19,2025-01-17,SORTIE,28
5607,35,2025-01-17,SORTIE,30
5608,25,2025-01-17,SORTIE,21
5609,15,2025-01-17,SORTIE,7
5610,29,2025-01-17,SORTIE,12
5611,9,2025-01-17,SORTIE,24
5612,26,2025-01-18,SORTIE,20
5613,23,2025-01-18,SORTIE,15
5614,24,2025-01-18,SORTIE,5
5615,6,2025-01-18,SORTIE,19
5616,6,2025-01-18,SORTIE,2
5617,13,2025-01-18,SORTIE,22
5618,12,2025-01-18,SORTIE,23
5619,20,2025-01-18,SORTIE,15
5620,11,2025-01-18,SORTIE,7
5621,8,2025-01-18,SORTIE,18
5622,25,2025-01-18,SORTIE,18
5623,6,2025-01-18,SORTIE,28
5624,6,2025-01-18,SORTIE,6
5625,10,2025-01-18,SORTIE,2
5626,35,2025-01-18,SORTIE,21
5627,32,2025-01-18,SORTIE,12
5628,13,2025-01-18,SORTIE,11
5629,8,2025-01-18,SORTIE,6
5630,20,2025-01-18,SORTIE,3
5631,33,2025-01-18,SORTIE,6
5632,18,2025-01-19,SORTIE,24
5633,28,2025-01-19,SORTIE,21
5634,15,2025-01-19,SORTIE,24
5635,28,2025-01-19,SORTIE,3
5636,7,2025-01-19,SORTIE,18
5637,26,2025-01-19,SORTIE,28
5638,19,2025-01-19,SORTIE,9
5639,32,2025-01-19,SORTIE,2
5640,8,2025-01-19,SORTIE,22
5641,12,2025-01-19,SORTIE,28
5642,15,2025-01-19,SORTIE,5
5643,16,2025-01-19,SORTIE,15
5644,30,2025-01-19,SORTIE,26
5645,7,2025-01-19,SORTIE,22
5646,30,2025-01-19,SORTIE,8
5647,1,2025-01-19,SORTIE,23
5648,34,2025-01-19,SORTIE,6
5649,14,2025-01-19,SORTIE,1
5650,9,2025-01-19,SORTIE,20
5651,24,2025-01-19,SORTIE,25
5652,1,2025-01-19,SORTIE,25
5653,20,2025-01-19,SORTIE,9
5654,26,2025-01-19,SORTIE,15
5655,25,2025-01-19,SORTIE,23
5656,16,2025-01-19,SORTIE,28
5657,31,2025-01-19,SORTIE,12
5658,10,2025-01-19,SORTIE,10
5659,35,2025-01-19,SORTIE,17
5660,20,2025-01-19,SORTIE,9
5661,30,2025-01-19,SORTIE,2
5662,1,2025-01-19,SORTIE,7
5663,19,2025-01-19,ENTREE,391
5664,25,2025-01-20,SORTIE,6
5665,1,2025-01-20,SORTIE,9
5666,7,2025-01-20,SORTIE,20
5667,19,2025-01-20,SORTIE,17
5668,15,2025-01-20,SORTIE,21
5669,18,2025-01-20,SORTIE,6
5670,29,2025-01-20,SORTIE,21
5671,12,2025-01-21,SORTIE,13
5672,13,2025-01-21,SORTIE,12
5673,8,2025-01-21,SORTIE,16
5674,32,2025-01-21,SORTIE,25
5675,19,2025-01-21,SORTIE,28
5676,22,2025-01-21,SORTIE,26
5677,22,2025-01-21,SORTIE,25
5678,30,2025-01-21,SORTIE,15
5679,21,2025-01-21,SORTIE,15
5680,4,2025-01-21,SORTIE,15
5681,9,2025-01-21,SORTIE,24
5682,27,2025-01-21,SORTIE,5
5683,28,2025-01-21,SORTIE,18
5684,7,2025-01-21,ENTREE,237
5685,13,2025-01-22,SORTIE,12
5686,6,2025-01-22,SORTIE,3
5687,20,2025-01-22,SORTIE,29
5688,25,2025-01-22,SORTIE,5
5689,23,2025-01-22,SORTIE,19
5690,27,2025-01-22,ENTREE,329
5691,25,2025-01-23,SORTIE,5
5692,8,2025-01-23,SORTIE,26
5693,21,2025-01-23,SORTIE,3
5694,35,2025-01-23,SORTIE,15
5695,15,2025-01-23,SORTIE,29
5696,25,2025-01-23,SORTIE,30
5697,4,2025-01-23,SORTIE,10
5698,33,2025-01-23,SORTIE,17
5699,2,2025-01-23,SORTIE,30
5700,32,2025-01-23,SORTIE,6
5701,14,2025-01-23,SORTIE,12
5702,11,2025-01-23,SORTIE,19
5703,34,2025-01-23,SORTIE,11
5704,5,2025-01-23,SORTIE,8
5705,3,2025-01-24,SORTIE,13
5706,33,2025-01-24,SORTIE,5
5707,8,2025-01-24,SORTIE,9
5708,7,2025-01-24,SORTIE,16
5709,16,2025-01-24,SORTIE,27
5710,27,2025-01-24,SORTIE,17
5711,31,2025-01-24,SORTIE,26
5712,28,2025-01-24,SORTIE,7
5713,17,2025-01-24,SORTIE,25
5714,10,2025-01-24,SORTIE,4
5715,16,2025-01-24,SORTIE,27
5716,10,2025-01-24,SORTIE,23
5717,14,2025-01-24,SORTIE,3
5718,29,2025-01-24,SORTIE,14
5719,22,2025-01-24,SORTIE,23
5720,32,2025-01-24,SORTIE,1
5721,23,2025-01-24,SORTIE,15
5722,30,2025-01-24,SORTIE,28
5723,7,2025-01-24,SORTIE,29
5724,1,2025-01-24,SORTIE,19
5725,5,2025-01-24,SORTIE,20
5726,19,2025-01-25,SORTIE,2
5727,13,2025-01-25,SORTIE,21
5728,18,2025-01-25,SORTIE,17
5729,30,2025-01-25,SORTIE,11
5730,3,2025-01-25,SORTIE,21
5731,25,2025-01-25,SORTIE,7
5732,12,2025-01-25,SORTIE,20
5733,12,2025-01-25,SORTIE,28
5734,26,2025-01-25,SORTIE,6
5735,1,2025-01-25,SORTIE,28
5736,5,2025-01-25,SORTIE,27
5737,20,2025-01-25,SORTIE,22
5738,9,2025-01-25,SORTIE,18
5739,3,2025-01-25,SORTIE,22
5740,28,2025-01-25,SORTIE,22
5741,2,2025-01-25,SORTIE,16
5742,15,2025-01-25,SORTIE,29
5743,25,2025-01-25,SORTIE,30
5744,1,2025-01-26,SORTIE,20
5745,14,2025-01-26,SORTIE,6
5746,26,2025-01-26,SORTIE,22
5747,26,2025-01-26,SORTIE,14
5748,34,2025-01-26,SORTIE,17
5749,5,2025-01-26,SORTIE,24
5750,3,2025-01-26,SORTIE,29
5751,32,2025-01-26,SORTIE,25
5752,7,2025-01-26,SORTIE,28
5753,30,2025-01-26,SORTIE,27
5754,7,2025-01-26,SORTIE,16
5755,24,2025-01-26,SORTIE,8
5756,16,2025-01-26,SORTIE,15
5757,9,2025-01-26,SORTIE,24
5758,23,2025-01-26,SORTIE,1
5759,34,2025-01-26,SORTIE,4
5760,20,2025-01-26,SORTIE,10
5761,16,2025-01-26,SORTIE,20
5762,11,2025-01-26,SORTIE,1
5763,19,2025-01-27,SORTIE,22
5764,25,2025-01-27,SORTIE,21
5765,1,2025-01-27,SORTIE,13
5766,7,2025-01-27,SORTIE,18
5767,21,2025-01-27,SORTIE,16
5768,6,2025-01-27,SORTIE,14
5769,30,2025-01-27,SORTIE,23
5770,17,2025-01-27,SORTIE,30
5771,7,2025-01-27,SORTIE,21
5772,5,2025-01-27,ENTREE,210
5773,18,2025-01-28,SORTIE,7
5774,16,2025-01-28,SORTIE,13
5775,1,2025-01-28,SORTIE,4
5776,16,2025-01-28,SORTIE,17
5777,18,2025-01-28,SORTIE,8
5778,26,2025-01-28,SORTIE,16
5779,32,2025-01-28,SORTIE,29
5780,22,2025-01-28,SORTIE,6
5781,17,2025-01-28,SORTIE,10
5782,7,2025-01-28,SORTIE,6
5783,12,2025-01-28,SORTIE,17
5784,20,2025-01-28,SORTIE,16
5785,32,2025-01-28,SORTIE,24
5786,33,2025-01-28,SORTIE,27
5787,9,2025-01-28,SORTIE,17
5788,1,2025-01-28,SORTIE,29
5789,28,2025-01-28,SORTIE,15
5790,13,2025-01-28,SORTIE,7
5791,26,2025-01-28,SORTIE,12
5792,2,2025-01-28,SORTIE,18
5793,7,2025-01-28,SORTIE,16
5794,15,2025-01-28,SORTIE,2
5795,12,2025-01-28,ENTREE,368
5796,25,2025-01-29,SORTIE,25
5797,16,2025-01-29,SORTIE,11
5798,10,2025-01-29,SORTIE,24
5799,27,2025-01-29,SORTIE,21
5800,15,2025-01-29,SORTIE,9
5801,18,2025-01-29,SORTIE,19
5802,2,2025-01-29,SORTIE,17
5803,32,2025-01-29,SORTIE,29
5804,14,2025-01-29,SORTIE,25
5805,10,2025-01-29,SORTIE,15
5806,20,2025-01-29,SORTIE,1
5807,25,2025-01-29,SORTIE,13
5808,19,2025-01-30,SORTIE,21
5809,31,2025-01-30,SORTIE,2
5810,18,2025-01-30,SORTIE,24
5811,21,2025-01-30,SORTIE,26
5812,17,2025-01-30,SORTIE,5
5813,6,2025-01-30,SORTIE,30
5814,30,2025-01-30,SORTIE,5
5815,18,2025-01-30,SORTIE,28
5816,35,2025-01-30,SORTIE,14
5817,10,2025-01-30,SORTIE,12
5818,27,2025-01-30,ENTREE,179
5819,34,2025-01-31,SORTIE,27
5820,8,2025-01-31,SORTIE,10
5821,25,2025-01-31,SORTIE,24
5822,11,2025-01-31,SORTIE,11
5823,9,2025-01-31,SORTIE,19
5824,21,2025-01-31,SORTIE,28
5825,30,2025-01-31,SORTIE,13
5826,13,2025-01-31,SORTIE,7
5827,13,2025-01-31,SORTIE,23
5828,13,2025-01-31,SORTIE,12
5829,3,2025-01-31,SORTIE,27
5830,33,2025-01-31,SORTIE,10
5831,31,2025-01-31,SORTIE,19
5832,17,2025-01-31,SORTIE,29
5833,29,2025-01-31,SORTIE,1
5834,27,2025-01-31,SORTIE,12
5835,13,2025-01-31,SORTIE,19
5836,8,2025-01-31,SORTIE,2
5837,27,2025-01-31,SORTIE,3
5838,21,2025-01-31,SORTIE,11
5839,8,2025-01-31,SORTIE,30
5840,10,2025-01-31,SORTIE,18
5841,24,2025-02-01,SORTIE,30
5842,27,2025-02-01,SORTIE,1
5843,21,2025-02-01,SORTIE,23
5844,23,2025-02-01,SORTIE,11
5845,21,2025-02-01,SORTIE,22
5846,33,2025-02-01,SORTIE,5
5847,14,2025-02-01,SORTIE,3
5848,13,2025-02-01,SORTIE,22
5849,28,2025-02-01,ENTREE,381
5850,14,2025-02-02,SORTIE,28
5851,5,2025-02-02,SORTIE,17
5852,3,2025-02-02,SORTIE,11
5853,29,2025-02-02,SORTIE,11
5854,24,2025-02-02,SORTIE,14
5855,1,2025-02-02,SORTIE,9
5856,21,2025-02-02,SORTIE,24
5857,27,2025-02-02,SORTIE,2
5858,14,2025-02-03,SORTIE,11
5859,33,2025-02-03,SORTIE,28
5860,6,2025-02-03,SORTIE,12
5861,21,2025-02-03,SORTIE,27
5862,32,2025-02-03,SORTIE,9
5863,4,2025-02-03,SORTIE,5
5864,34,2025-02-03,SORTIE,10
5865,31,2025-02-03,SORTIE,28
5866,8,2025-02-03,SORTIE,4
5867,12,2025-02-03,SORTIE,24
5868,18,2025-02-03,SORTIE,17
5869,16,2025-02-03,SORTIE,17
5870,23,2025-02-03,SORTIE,29
5871,21,2025-02-03,SORTIE,7
5872,29,2025-02-03,SORTIE,6
5873,20,2025-02-03,SORTIE,22
5874,11,2025-02-03,SORTIE,7
5875,3,2025-02-03,SORTIE,28
5876,16,2025-02-03,SORTIE,28
5877,19,2025-02-03,SORTIE,27
5878,9,2025-02-03,SORTIE,22
5879,10,2025-02-03,SORTIE,21
5880,30,2025-02-03,SORTIE,14
5881,33,2025-02-04,SORTIE,30
5882,10,2025-02-04,SORTIE,9
5883,1,2025-02-04,SORTIE,13
5884,17,2025-02-04,SORTIE,5
5885,26,2025-02-04,SORTIE,30
5886,25,2025-02-04,SORTIE,9
5887,14,2025-02-04,SORTIE,3
5888,5,2025-02-04,SORTIE,24
5889,7,2025-02-04,ENTREE,323
5890,35,2025-02-05,SORTIE,16
5891,9,2025-02-05,SORTIE,17
5892,19,2025-02-05,SORTIE,18
5893,24,2025-02-05,SORTIE,1
5894,1,2025-02-05,SORTIE,3
5895,13,2025-02-05,SORTIE,26
5896,30,2025-02-05,SORTIE,30
5897,33,2025-02-05,SORTIE,14
5898,17,2025-02-05,SORTIE,19
5899,4,2025-02-06,SORTIE,26
5900,1,2025-02-06,SORTIE,5
5901,31,2025-02-06,SORTIE,12
5902,4,2025-02-06,SORTIE,9
5903,1,2025-02-06,SORTIE,15
5904,22,2025-02-06,SORTIE,26
5905,20,2025-02-06,SORTIE,15
5906,15,2025-02-06,SORTIE,1
5907,35,2025-02-06,SORTIE,18
5908,27,2025-02-06,SORTIE,4
5909,32,2025-02-06,SORTIE,25
5910,9,2025-02-06,SORTIE,11
5911,22,2025-02-06,SORTIE,9
5912,15,2025-02-06,SORTIE,2
5913,27,2025-02-06,SORTIE,26
5914,2,2025-02-06,SORTIE,10
5915,22,2025-02-06,SORTIE,15
5916,27,2025-02-06,SORTIE,26
5917,8,2025-02-06,SORTIE,8
5918,16,2025-02-06,SORTIE,10
5919,24,2025-02-06,SORTIE,24
5920,19,2025-02-06,ENTREE,473
5921,6,2025-02-07,SORTIE,20
5922,26,2025-02-07,SORTIE,15
5923,11,2025-02-07,SORTIE,25
5924,17,2025-02-07,SORTIE,26
5925,8,2025-02-07,SORTIE,26
5926,35,2025-02-08,SORTIE,6
5927,12,2025-02-08,SORTIE,22
5928,1,2025-02-08,SORTIE,5
5929,33,2025-02-08,SORTIE,20
5930,12,2025-02-08,SORTIE,8
5931,10,2025-02-08,SORTIE,26
5932,29,2025-02-08,SORTIE,18
5933,35,2025-02-08,SORTIE,7
5934,4,2025-02-08,SORTIE,1
5935,4,2025-02-08,SORTIE,1
5936,25,2025-02-08,SORTIE,21
5937,34,2025-02-08,SORTIE,16
5938,15,2025-02-08,SORTIE,20
5939,1,2025-02-08,SORTIE,2
5940,12,2025-02-08,SORTIE,22
5941,17,2025-02-08,SORTIE,2
5942,26,2025-02-08,SORTIE,12
5943,18,2025-02-08,SORTIE,11
5944,26,2025-02-08,SORTIE,6
5945,13,2025-02-08,SORTIE,25
5946,25,2025-02-08,SORTIE,13
5947,26,2025-02-08,SORTIE,9
5948,9,2025-02-08,SORTIE,5
5949,22,2025-02-08,SORTIE,2
5950,35,2025-02-08,SORTIE,20
5951,22,2025-02-08,SORTIE,3
5952,27,2025-02-08,SORTIE,1
5953,25,2025-02-09,SORTIE,1
5954,23,2025-02-09,SORTIE,12
5955,25,2025-02-09,SORTIE,17
5956,33,2025-02-09,SORTIE,14
5957,10,2025-02-09,SORTIE,25
5958,26,2025-02-09,SORTIE,29
5959,10,2025-02-09,SORTIE,15
5960,21,2025-02-09,SORTIE,3
5961,32,2025-02-09,SORTIE,21
5962,18,2025-02-09,SORTIE,10
5963,32,2025-02-09,SORTIE,19
5964,15,2025-02-09,SORTIE,21
5965,35,2025-02-09,SORTIE,28
5966,10,2025-02-09,SORTIE,16
5967,35,2025-02-10,SORTIE,9
5968,2,2025-02-10,SORTIE,2
5969,19,2025-02-10,SORTIE,6
5970,6,2025-02-10,SORTIE,18
5971,34,2025-02-10,SORTIE,6
5972,30,2025-02-10,SORTIE,7
5973,12,2025-02-10,SORTIE,27
5974,14,2025-02-10,SORTIE,12
5975,11,2025-02-10,SORTIE,15
5976,30,2025-02-11,SORTIE,27
5977,6,2025-02-11,SORTIE,6
5978,35,2025-02-11,SORTIE,19
5979,23,2025-02-11,SORTIE,3
5980,29,2025-02-11,SORTIE,25
5981,3,2025-02-11,SORTIE,8
5982,9,2025-02-11,SORTIE,8
5983,25,2025-02-11,SORTIE,24
5984,16,2025-02-11,SORTIE,30
5985,16,2025-02-11,ENTREE,142
5986,1,2025-02-12,SORTIE,23
5987,25,2025-02-12,SORTIE,29
5988,24,2025-02-12,SORTIE,7
5989,34,2025-02-12,SORTIE,11
5990,19,2025-02-12,SORTIE,27
5991,29,2025-02-12,SORTIE,11
5992,15,2025-02-12,SORTIE,17
5993,34,2025-02-13,SORTIE,18
5994,33,2025-02-13,SORTIE,8
5995,8,2025-02-13,SORTIE,27
5996,16,2025-02-13,SORTIE,22
5997,20,2025-02-13,SORTIE,15
5998,31,2025-02-13,SORTIE,10
5999,3,2025-02-13,SORTIE,27
6000,2,2025-02-13,SORTIE,13
6001,16,2025-02-13,SORTIE,12
6002,3,2025-02-13,SORTIE,11
6003,34,2025-02-13,SORTIE,28
6004,8,2025-02-13,SORTIE,22
6005,14,2025-02-14,SORTIE,4
6006,27,2025-02-14,SORTIE,16
6007,12,2025-02-14,SORTIE,16
6008,17,2025-02-14,SORTIE,29
6009,33,2025-02-14,SORTIE,17
6010,7,2025-02-14,SORTIE,2
6011,28,2025-02-14,SORTIE,11
6012,27,2025-02-14,SORTIE,22
6013,18,2025-02-14,SORTIE,17
6014,6,2025-02-14,SORTIE,25
6015,24,2025-02-14,SORTIE,16
6016,35,2025-02-14,SORTIE,23
6017,23,2025-02-14,SORTIE,28
6018,25,2025-02-14,SORTIE,24
6019,15,2025-02-14,SORTIE,26
6020,17,2025-02-14,SORTIE,12
6021,15,2025-02-14,SORTIE,16
6022,4,2025-02-14,SORTIE,18
6023,6,2025-02-15,SORTIE,4
6024,4,2025-02-15,SORTIE,8
6025,26,2025-02-15,SORTIE,2
6026,23,2025-02-15,SORTIE,12
6027,1,2025-02-15,SORTIE,29
6028,2,2025-02-15,SORTIE,6
6029,1,2025-02-15,SORTIE,28
6030,1,2025-02-15,SORTIE,14
6031,22,2025-02-15,SORTIE,14
6032,5,2025-02-15,SORTIE,19
6033,23,2025-02-15,SORTIE,20
6034,32,2025-02-15,SORTIE,10
6035,26,2025-02-15,SORTIE,25
6036,1,2025-02-15,SORTIE,13
6037,24,2025-02-15,SORTIE,12
6038,33,2025-02-15,SORTIE,3
6039,24,2025-02-15,SORTIE,19
6040,12,2025-02-15,SORTIE,16
6041,25,2025-02-16,SORTIE,2
6042,17,2025-02-16,SORTIE,29
6043,28,2025-02-16,SORTIE,28
6044,18,2025-02-16,SORTIE,22
6045,8,2025-02-16,SORTIE,26
6046,13,2025-02-16,SORTIE,27
6047,33,2025-02-16,SORTIE,23
6048,18,2025-02-16,SORTIE,18
6049,30,2025-02-16,SORTIE,19
6050,25,2025-02-16,SORTIE,13
6051,31,2025-02-16,SORTIE,8
6052,25,2025-02-16,SORTIE,13
6053,30,2025-02-16,SORTIE,6
6054,14,2025-02-16,SORTIE,23
6055,27,2025-02-16,SORTIE,1
6056,33,2025-02-16,SORTIE,8
6057,26,2025-02-16,SORTIE,4
6058,7,2025-02-16,SORTIE,17
6059,23,2025-02-16,SORTIE,21
6060,17,2025-02-16,SORTIE,27
6061,14,2025-02-16,SORTIE,29
6062,23,2025-02-16,SORTIE,25
6063,27,2025-02-16,SORTIE,23
6064,21,2025-02-16,SORTIE,4
6065,34,2025-02-16,SORTIE,8
6066,31,2025-02-17,SORTIE,24
6067,5,2025-02-17,SORTIE,25
6068,23,2025-02-17,SORTIE,11
6069,35,2025-02-17,SORTIE,14
6070,21,2025-02-17,SORTIE,23
6071,24,2025-02-17,SORTIE,11
6072,25,2025-02-17,SORTIE,7
6073,21,2025-02-17,SORTIE,25
6074,35,2025-02-17,SORTIE,3
6075,26,2025-02-17,SORTIE,23
6076,27,2025-02-17,SORTIE,1
6077,25,2025-02-17,SORTIE,8
6078,7,2025-02-17,SORTIE,11
6079,23,2025-02-17,SORTIE,4
6080,19,2025-02-17,SORTIE,29
6081,5,2025-02-17,SORTIE,1
6082,12,2025-02-17,SORTIE,19
6083,34,2025-02-17,SORTIE,2
6084,6,2025-02-17,SORTIE,12
6085,6,2025-02-17,SORTIE,12
6086,32,2025-02-17,SORTIE,10
6087,35,2025-02-18,SORTIE,6
6088,3,2025-02-18,SORTIE,19
6089,6,2025-02-18,SORTIE,23
6090,2,2025-02-18,SORTIE,12
6091,35,2025-02-18,SORTIE,14
6092,17,2025-02-18,SORTIE,9
6093,28,2025-02-18,SORTIE,6
6094,7,2025-02-18,SORTIE,8
6095,1,2025-02-18,SORTIE,25
6096,15,2025-02-19,SORTIE,12
6097,16,2025-02-19,SORTIE,3
6098,33,2025-02-19,SORTIE,15
6099,7,2025-02-19,SORTIE,21
6100,24,2025-02-19,SORTIE,16
6101,15,2025-02-19,SORTIE,26
6102,8,2025-02-19,SORTIE,8
6103,5,2025-02-19,SORTIE,26
6104,2,2025-02-19,SORTIE,15
6105,29,2025-02-19,SORTIE,11
6106,10,2025-02-19,SORTIE,19
6107,20,2025-02-20,SORTIE,7
6108,11,2025-02-20,SORTIE,26
6109,9,2025-02-20,SORTIE,6
6110,17,2025-02-20,SORTIE,5
6111,26,2025-02-20,SORTIE,21
6112,5,2025-02-20,SORTIE,27
6113,33,2025-02-21,SORTIE,24
6114,11,2025-02-21,SORTIE,4
6115,25,2025-02-21,SORTIE,19
6116,13,2025-02-21,SORTIE,21
6117,19,2025-02-21,SORTIE,23
6118,16,2025-02-21,SORTIE,23
6119,21,2025-02-21,SORTIE,8
6120,32,2025-02-21,SORTIE,29
6121,5,2025-02-21,SORTIE,19
6122,9,2025-02-21,SORTIE,12
6123,24,2025-02-21,SORTIE,26
6124,23,2025-02-21,SORTIE,15
6125,31,2025-02-21,SORTIE,30
6126,16,2025-02-21,SORTIE,12
6127,5,2025-02-21,SORTIE,18
6128,34,2025-02-21,SORTIE,6
6129,12,2025-02-21,SORTIE,24
6130,3,2025-02-21,SORTIE,22
6131,17,2025-02-21,SORTIE,25
6132,23,2025-02-21,SORTIE,28
6133,8,2025-02-21,SORTIE,9
6134,3,2025-02-21,SORTIE,30
6135,29,2025-02-21,SORTIE,1
6136,9,2025-02-21,SORTIE,8
6137,2,2025-02-21,SORTIE,15
6138,6,2025-02-21,SORTIE,25
6139,7,2025-02-22,SORTIE,20
6140,19,2025-02-22,SORTIE,11
6141,17,2025-02-22,SORTIE,3
6142,29,2025-02-22,SORTIE,3
6143,28,2025-02-22,SORTIE,27
6144,26,2025-02-22,SORTIE,13
6145,22,2025-02-22,SORTIE,10
6146,29,2025-02-22,SORTIE,24
6147,2,2025-02-22,SORTIE,24
6148,27,2025-02-22,SORTIE,10
6149,14,2025-02-22,SORTIE,5
6150,21,2025-02-23,SORTIE,19
6151,24,2025-02-23,SORTIE,15
6152,8,2025-02-23,SORTIE,5
6153,30,2025-02-23,SORTIE,14
6154,34,2025-02-23,SORTIE,27
6155,27,2025-02-23,SORTIE,11
6156,3,2025-02-23,SORTIE,4
6157,23,2025-02-23,SORTIE,30
6158,31,2025-02-23,SORTIE,15
6159,27,2025-02-23,SORTIE,7
6160,25,2025-02-23,SORTIE,26
6161,34,2025-02-23,SORTIE,17
6162,30,2025-02-23,SORTIE,2
6163,16,2025-02-23,SORTIE,1
6164,29,2025-02-23,SORTIE,22
6165,21,2025-02-23,SORTIE,15
6166,29,2025-02-23,SORTIE,1
6167,14,2025-02-23,SORTIE,10
6168,11,2025-02-23,SORTIE,5
6169,32,2025-02-23,SORTIE,29
6170,33,2025-02-23,SORTIE,25
6171,35,2025-02-23,SORTIE,2
6172,24,2025-02-24,SORTIE,13
6173,32,2025-02-24,SORTIE,14
6174,17,2025-02-24,SORTIE,1
6175,30,2025-02-24,SORTIE,16
6176,32,2025-02-24,SORTIE,8
6177,25,2025-02-24,SORTIE,2
6178,24,2025-02-24,SORTIE,3
6179,2,2025-02-24,SORTIE,27
6180,20,2025-02-24,SORTIE,3
6181,16,2025-02-24,SORTIE,28
6182,24,2025-02-24,SORTIE,15
6183,22,2025-02-24,SORTIE,25
6184,27,2025-02-24,SORTIE,4
6185,26,2025-02-24,SORTIE,8
6186,35,2025-02-24,SORTIE,13
6187,17,2025-02-24,SORTIE,29
6188,33,2025-02-24,SORTIE,18
6189,16,2025-02-24,SORTIE,19
6190,28,2025-02-24,SORTIE,24
6191,6,2025-02-24,SORTIE,11
6192,17,2025-02-24,SORTIE,6
6193,5,2025-02-24,SORTIE,30
6194,30,2025-02-24,SORTIE,15
6195,7,2025-02-24,SORTIE,3
6196,15,2025-02-25,SORTIE,29
6197,28,2025-02-25,SORTIE,9
6198,10,2025-02-25,SORTIE,10
6199,9,2025-02-25,SORTIE,22
6200,21,2025-02-25,SORTIE,18
6201,10,2025-02-25,SORTIE,21
6202,33,2025-02-25,SORTIE,27
6203,3,2025-02-26,SORTIE,24
6204,4,2025-02-26,SORTIE,15
6205,25,2025-02-26,SORTIE,14
6206,9,2025-02-26,SORTIE,26
6207,29,2025-02-26,SORTIE,23
6208,17,2025-02-26,SORTIE,23
6209,7,2025-02-26,SORTIE,2
6210,24,2025-02-26,SORTIE,2
6211,10,2025-02-26,SORTIE,14
6212,27,2025-02-26,SORTIE,18
6213,7,2025-02-26,SORTIE,2
6214,18,2025-02-26,SORTIE,8
6215,24,2025-02-27,SORTIE,7
6216,15,2025-02-27,SORTIE,2
6217,20,2025-02-27,SORTIE,1
6218,31,2025-02-27,SORTIE,8
6219,20,2025-02-27,SORTIE,17
6220,32,2025-02-27,SORTIE,3
6221,22,2025-02-27,SORTIE,24
6222,23,2025-02-27,SORTIE,6
6223,9,2025-02-27,SORTIE,27
6224,26,2025-02-27,SORTIE,15
6225,26,2025-02-27,SORTIE,27
6226,32,2025-02-27,SORTIE,18
6227,7,2025-02-27,SORTIE,12
6228,19,2025-02-27,SORTIE,16
6229,8,2025-02-27,SORTIE,7
6230,11,2025-02-27,SORTIE,12
6231,34,2025-02-27,SORTIE,22
6232,16,2025-02-27,SORTIE,12
6233,35,2025-02-27,SORTIE,2
6234,8,2025-02-27,SORTIE,7
6235,26,2025-02-27,SORTIE,6
6236,16,2025-02-27,SORTIE,26
6237,29,2025-02-27,SORTIE,14
6238,16,2025-02-28,SORTIE,12
6239,21,2025-02-28,SORTIE,11
6240,30,2025-02-28,SORTIE,21
6241,14,2025-02-28,SORTIE,9
6242,25,2025-02-28,SORTIE,18
6243,33,2025-02-28,ENTREE,330
6244,19,2025-03-01,SORTIE,29
6245,35,2025-03-01,SORTIE,13
6246,24,2025-03-01,SORTIE,11
6247,23,2025-03-02,SORTIE,23
6248,35,2025-03-02,SORTIE,10
6249,9,2025-03-02,SORTIE,11
6250,2,2025-03-02,SORTIE,6
6251,18,2025-03-02,SORTIE,2
6252,27,2025-03-02,SORTIE,5
6253,9,2025-03-02,SORTIE,20
6254,12,2025-03-02,SORTIE,27
6255,24,2025-03-02,SORTIE,29
6256,18,2025-03-02,SORTIE,3
6257,11,2025-03-02,SORTIE,24
6258,20,2025-03-02,SORTIE,26
6259,4,2025-03-02,SORTIE,7
6260,4,2025-03-02,SORTIE,18
6261,35,2025-03-02,SORTIE,9
6262,10,2025-03-03,SORTIE,24
6263,34,2025-03-03,SORTIE,1
6264,2,2025-03-03,SORTIE,16
6265,21,2025-03-03,SORTIE,20
6266,16,2025-03-03,SORTIE,24
6267,12,2025-03-03,SORTIE,4
6268,22,2025-03-03,SORTIE,23
6269,1,2025-03-03,SORTIE,16
6270,7,2025-03-03,SORTIE,9
6271,35,2025-03-03,SORTIE,27
6272,19,2025-03-03,SORTIE,12
6273,14,2025-03-03,SORTIE,1
6274,21,2025-03-03,SORTIE,5
6275,6,2025-03-03,SORTIE,26
6276,20,2025-03-03,SORTIE,8
6277,14,2025-03-03,SORTIE,1
6278,26,2025-03-03,SORTIE,23
6279,15,2025-03-03,SORTIE,14
6280,24,2025-03-04,SORTIE,15
6281,28,2025-03-04,SORTIE,16
6282,29,2025-03-04,SORTIE,8
6283,10,2025-03-04,SORTIE,28
6284,14,2025-03-04,SORTIE,28
6285,10,2025-03-04,SORTIE,6
6286,33,2025-03-04,SORTIE,2
6287,35,2025-03-04,SORTIE,16
6288,23,2025-03-04,SORTIE,8
6289,29,2025-03-04,SORTIE,5
6290,20,2025-03-04,SORTIE,25
6291,22,2025-03-04,SORTIE,26
6292,20,2025-03-04,SORTIE,15
6293,16,2025-03-04,SORTIE,27
6294,13,2025-03-04,SORTIE,12
6295,24,2025-03-05,SORTIE,13
6296,2,2025-03-05,SORTIE,1
6297,30,2025-03-05,SORTIE,10
6298,15,2025-03-05,SORTIE,26
6299,9,2025-03-05,SORTIE,10
6300,28,2025-03-05,SORTIE,21
6301,7,2025-03-05,SORTIE,9
6302,23,2025-03-05,SORTIE,17
6303,12,2025-03-05,SORTIE,8
6304,20,2025-03-05,SORTIE,14
6305,16,2025-03-05,SORTIE,18
6306,9,2025-03-05,SORTIE,11
6307,17,2025-03-05,SORTIE,30
6308,2,2025-03-06,SORTIE,25
6309,16,2025-03-06,SORTIE,7
6310,12,2025-03-06,SORTIE,7
6311,25,2025-03-06,SORTIE,9
6312,3,2025-03-06,SORTIE,25
6313,35,2025-03-06,SORTIE,8
6314,27,2025-03-06,SORTIE,28
6315,20,2025-03-06,SORTIE,2
6316,5,2025-03-06,SORTIE,25
6317,27,2025-03-06,SORTIE,28
6318,14,2025-03-06,SORTIE,10
6319,3,2025-03-06,SORTIE,3
6320,17,2025-03-06,SORTIE,24
6321,16,2025-03-06,SORTIE,17
6322,14,2025-03-06,SORTIE,20
6323,29,2025-03-06,SORTIE,19
6324,10,2025-03-06,SORTIE,16
6325,16,2025-03-06,SORTIE,9
6326,18,2025-03-06,SORTIE,7
6327,26,2025-03-06,SORTIE,18
6328,4,2025-03-06,SORTIE,5
6329,14,2025-03-06,SORTIE,7
6330,6,2025-03-06,SORTIE,27
6331,35,2025-03-07,SORTIE,7
6332,5,2025-03-07,SORTIE,6
6333,6,2025-03-07,SORTIE,7
6334,1,2025-03-07,SORTIE,15
6335,13,2025-03-07,SORTIE,23
6336,33,2025-03-07,SORTIE,13
6337,18,2025-03-07,SORTIE,13
6338,8,2025-03-07,SORTIE,14
6339,15,2025-03-07,SORTIE,15
6340,14,2025-03-07,SORTIE,13
6341,16,2025-03-07,SORTIE,14
6342,35,2025-03-07,SORTIE,9
6343,21,2025-03-07,SORTIE,25
6344,33,2025-03-07,SORTIE,27
6345,7,2025-03-07,SORTIE,7
6346,10,2025-03-07,SORTIE,17
6347,9,2025-03-07,SORTIE,10
6348,7,2025-03-07,SORTIE,14
6349,3,2025-03-07,SORTIE,10
6350,31,2025-03-07,SORTIE,10
6351,3,2025-03-08,SORTIE,15
6352,35,2025-03-08,SORTIE,1
6353,28,2025-03-08,SORTIE,23
6354,19,2025-03-08,SORTIE,18
6355,2,2025-03-08,SORTIE,4
6356,1,2025-03-08,SORTIE,20
6357,18,2025-03-08,SORTIE,7
6358,26,2025-03-08,SORTIE,3
6359,18,2025-03-08,SORTIE,1
6360,11,2025-03-08,SORTIE,16
6361,34,2025-03-08,SORTIE,20
6362,22,2025-03-08,ENTREE,292
6363,25,2025-03-09,SORTIE,10
6364,24,2025-03-09,SORTIE,19
6365,26,2025-03-09,SORTIE,7
6366,10,2025-03-09,SORTIE,8
6367,14,2025-03-09,SORTIE,20
6368,13,2025-03-09,SORTIE,20
6369,22,2025-03-09,SORTIE,21
6370,23,2025-03-09,SORTIE,7
6371,8,2025-03-09,SORTIE,17
6372,31,2025-03-09,SORTIE,13
6373,33,2025-03-09,SORTIE,11
6374,18,2025-03-09,SORTIE,23
6375,1,2025-03-09,SORTIE,12
6376,17,2025-03-10,SORTIE,27
6377,1,2025-03-10,SORTIE,10
6378,24,2025-03-10,SORTIE,25
6379,29,2025-03-10,SORTIE,28
6380,25,2025-03-10,SORTIE,9
6381,18,2025-03-10,SORTIE,21
6382,17,2025-03-10,SORTIE,21
6383,8,2025-03-10,SORTIE,22
6384,31,2025-03-10,SORTIE,12
6385,2,2025-03-10,SORTIE,18
6386,29,2025-03-10,SORTIE,1
6387,9,2025-03-10,SORTIE,14
6388,10,2025-03-10,SORTIE,25
6389,23,2025-03-10,SORTIE,18
6390,3,2025-03-10,SORTIE,25
6391,30,2025-03-10,SORTIE,20
6392,15,2025-03-10,SORTIE,2
6393,25,2025-03-10,SORTIE,20
6394,16,2025-03-10,SORTIE,29
6395,29,2025-03-10,SORTIE,26
6396,4,2025-03-10,SORTIE,11
6397,14,2025-03-10,SORTIE,14
6398,12,2025-03-10,SORTIE,7
6399,32,2025-03-11,SORTIE,17
6400,24,2025-03-11,SORTIE,5
6401,7,2025-03-11,SORTIE,22
6402,13,2025-03-11,SORTIE,14
6403,4,2025-03-11,SORTIE,22
6404,8,2025-03-11,SORTIE,9
6405,2,2025-03-11,SORTIE,25
6406,14,2025-03-11,SORTIE,30
6407,2,2025-03-11,SORTIE,24
6408,32,2025-03-11,SORTIE,19
6409,32,2025-03-11,SORTIE,13
6410,1,2025-03-11,SORTIE,21
6411,28,2025-03-11,SORTIE,25
6412,29,2025-03-11,SORTIE,5
6413,2,2025-03-11,SORTIE,9
6414,18,2025-03-11,SORTIE,20
6415,9,2025-03-11,SORTIE,20
6416,26,2025-03-11,SORTIE,30
6417,25,2025-03-11,SORTIE,30
6418,12,2025-03-11,SORTIE,3
6419,22,2025-03-11,SORTIE,30
6420,4,2025-03-11,SORTIE,17
6421,9,2025-03-11,SORTIE,4
6422,35,2025-03-12,SORTIE,19
6423,30,2025-03-12,SORTIE,21
6424,17,2025-03-12,SORTIE,19
6425,28,2025-03-12,SORTIE,23
6426,20,2025-03-12,SORTIE,26
6427,19,2025-03-12,SORTIE,24
6428,5,2025-03-12,SORTIE,22
6429,1,2025-03-12,SORTIE,13
6430,24,2025-03-12,SORTIE,14
6431,32,2025-03-12,SORTIE,29
6432,10,2025-03-12,SORTIE,10
6433,2,2025-03-12,SORTIE,25
6434,32,2025-03-12,SORTIE,14
6435,25,2025-03-12,SORTIE,21
6436,25,2025-03-12,SORTIE,14
6437,18,2025-03-12,SORTIE,29
6438,12,2025-03-12,SORTIE,6
6439,31,2025-03-12,SORTIE,16
6440,7,2025-03-12,SORTIE,3
6441,3,2025-03-12,SORTIE,25
6442,24,2025-03-12,SORTIE,26
6443,10,2025-03-13,SORTIE,12
6444,25,2025-03-13,SORTIE,28
6445,33,2025-03-13,SORTIE,2
6446,5,2025-03-13,SORTIE,8
6447,31,2025-03-13,SORTIE,18
6448,6,2025-03-13,SORTIE,13
6449,19,2025-03-13,SORTIE,30
6450,18,2025-03-13,SORTIE,22
6451,16,2025-03-13,SORTIE,17
6452,17,2025-03-13,SORTIE,4
6453,9,2025-03-13,SORTIE,21
6454,21,2025-03-13,SORTIE,23
6455,19,2025-03-13,SORTIE,25
6456,24,2025-03-13,SORTIE,4
6457,18,2025-03-13,SORTIE,23
6458,11,2025-03-13,ENTREE,414
6459,20,2025-03-14,SORTIE,9
6460,7,2025-03-14,SORTIE,14
6461,18,2025-03-14,SORTIE,5
6462,26,2025-03-14,SORTIE,28
6463,3,2025-03-14,SORTIE,10
6464,9,2025-03-14,SORTIE,7
6465,10,2025-03-14,SORTIE,8
6466,6,2025-03-14,SORTIE,20
6467,23,2025-03-14,SORTIE,2
6468,7,2025-03-15,SORTIE,8
6469,21,2025-03-15,SORTIE,1
6470,7,2025-03-15,SORTIE,6
6471,32,2025-03-15,SORTIE,30
6472,9,2025-03-16,SORTIE,4
6473,8,2025-03-16,SORTIE,14
6474,17,2025-03-16,SORTIE,21
6475,2,2025-03-16,SORTIE,13
6476,14,2025-03-16,SORTIE,5
6477,17,2025-03-16,SORTIE,19
6478,18,2025-03-16,SORTIE,15
6479,11,2025-03-16,SORTIE,21
6480,31,2025-03-16,SORTIE,21
6481,1,2025-03-16,SORTIE,20
6482,1,2025-03-16,SORTIE,16
6483,13,2025-03-16,SORTIE,29
6484,27,2025-03-16,SORTIE,20
6485,29,2025-03-16,SORTIE,5
6486,12,2025-03-16,SORTIE,16
6487,20,2025-03-16,SORTIE,27
6488,35,2025-03-16,SORTIE,25
6489,30,2025-03-16,SORTIE,3
6490,13,2025-03-16,SORTIE,29
6491,8,2025-03-16,SORTIE,7
6492,14,2025-03-16,SORTIE,23
6493,21,2025-03-16,SORTIE,7
6494,23,2025-03-16,ENTREE,411
6495,35,2025-03-17,SORTIE,22
6496,1,2025-03-17,SORTIE,5
6497,12,2025-03-17,SORTIE,12
6498,33,2025-03-17,SORTIE,16
6499,24,2025-03-17,SORTIE,6
6500,9,2025-03-17,SORTIE,9
6501,34,2025-03-17,SORTIE,17
6502,11,2025-03-17,SORTIE,5
6503,23,2025-03-17,SORTIE,24
6504,24,2025-03-17,SORTIE,11
6505,14,2025-03-17,SORTIE,18
6506,34,2025-03-17,SORTIE,25
6507,19,2025-03-17,SORTIE,30
6508,2,2025-03-17,SORTIE,30
6509,35,2025-03-17,SORTIE,16
6510,26,2025-03-18,SORTIE,9
6511,6,2025-03-19,SORTIE,10
6512,19,2025-03-19,SORTIE,20
6513,15,2025-03-19,SORTIE,30
6514,3,2025-03-19,SORTIE,30
6515,18,2025-03-19,SORTIE,14
6516,6,2025-03-19,SORTIE,21
6517,30,2025-03-19,SORTIE,17
6518,15,2025-03-19,SORTIE,12
6519,25,2025-03-19,SORTIE,4
6520,25,2025-03-19,SORTIE,17
6521,26,2025-03-19,SORTIE,18
6522,7,2025-03-19,SORTIE,17
6523,7,2025-03-19,SORTIE,15
6524,22,2025-03-19,SORTIE,20
6525,11,2025-03-19,SORTIE,23
6526,3,2025-03-19,SORTIE,22
6527,21,2025-03-19,SORTIE,14
6528,26,2025-03-19,SORTIE,15
6529,13,2025-03-19,SORTIE,8
6530,20,2025-03-20,SORTIE,4
6531,32,2025-03-20,SORTIE,29
6532,25,2025-03-20,SORTIE,5
6533,27,2025-03-20,SORTIE,27
6534,8,2025-03-20,SORTIE,16
6535,13,2025-03-20,SORTIE,19
6536,18,2025-03-20,SORTIE,14
6537,32,2025-03-20,SORTIE,27
6538,8,2025-03-20,SORTIE,16
6539,8,2025-03-20,SORTIE,6
6540,28,2025-03-20,SORTIE,4
6541,28,2025-03-20,SORTIE,8
6542,30,2025-03-20,SORTIE,12
6543,20,2025-03-20,SORTIE,4
6544,32,2025-03-20,SORTIE,28
6545,34,2025-03-20,SORTIE,28
6546,2,2025-03-20,SORTIE,28
6547,17,2025-03-20,SORTIE,30
6548,10,2025-03-21,SORTIE,19
6549,34,2025-03-21,SORTIE,19
6550,10,2025-03-21,SORTIE,22
6551,8,2025-03-21,SORTIE,14
6552,26,2025-03-21,SORTIE,23
6553,35,2025-03-21,SORTIE,28
6554,25,2025-03-21,SORTIE,13
6555,16,2025-03-21,SORTIE,12
6556,6,2025-03-21,SORTIE,15
6557,21,2025-03-21,SORTIE,26
6558,33,2025-03-21,SORTIE,6
6559,16,2025-03-21,SORTIE,1
6560,26,2025-03-21,SORTIE,13
6561,14,2025-03-21,SORTIE,8
6562,24,2025-03-21,SORTIE,3
6563,20,2025-03-21,SORTIE,22
6564,9,2025-03-21,SORTIE,20
6565,17,2025-03-21,SORTIE,27
6566,12,2025-03-21,ENTREE,453
6567,30,2025-03-22,SORTIE,18
6568,12,2025-03-22,SORTIE,13
6569,16,2025-03-22,SORTIE,27
6570,23,2025-03-22,SORTIE,1
6571,18,2025-03-22,SORTIE,8
6572,24,2025-03-22,SORTIE,11
6573,2,2025-03-22,SORTIE,6
6574,4,2025-03-22,SORTIE,12
6575,22,2025-03-22,SORTIE,1
6576,15,2025-03-23,SORTIE,1
6577,5,2025-03-23,SORTIE,4
6578,25,2025-03-23,SORTIE,1
6579,4,2025-03-23,SORTIE,12
6580,25,2025-03-23,SORTIE,25
6581,9,2025-03-23,SORTIE,15
6582,21,2025-03-23,SORTIE,3
6583,6,2025-03-23,SORTIE,29
6584,34,2025-03-23,SORTIE,21
6585,27,2025-03-23,SORTIE,3
6586,19,2025-03-23,SORTIE,21
6587,27,2025-03-23,SORTIE,18
6588,9,2025-03-23,SORTIE,13
6589,30,2025-03-23,SORTIE,28
6590,31,2025-03-23,SORTIE,29
6591,34,2025-03-23,SORTIE,11
6592,35,2025-03-23,SORTIE,16
6593,22,2025-03-23,SORTIE,5
6594,1,2025-03-23,SORTIE,12
6595,21,2025-03-23,SORTIE,11
6596,25,2025-03-23,SORTIE,19
6597,10,2025-03-23,SORTIE,9
6598,15,2025-03-23,SORTIE,4
6599,2,2025-03-23,SORTIE,13
6600,7,2025-03-24,SORTIE,19
6601,9,2025-03-24,SORTIE,11
6602,1,2025-03-24,SORTIE,3
6603,34,2025-03-24,SORTIE,1
6604,30,2025-03-24,SORTIE,22
6605,8,2025-03-24,SORTIE,26
6606,16,2025-03-24,SORTIE,10
6607,29,2025-03-24,SORTIE,18
6608,31,2025-03-24,SORTIE,24
6609,15,2025-03-24,SORTIE,30
6610,13,2025-03-24,SORTIE,24
6611,35,2025-03-24,SORTIE,24
6612,30,2025-03-24,SORTIE,3
6613,3,2025-03-24,SORTIE,25
6614,29,2025-03-24,SORTIE,17
6615,13,2025-03-24,SORTIE,7
6616,25,2025-03-24,SORTIE,30
6617,11,2025-03-24,SORTIE,27
6618,33,2025-03-24,SORTIE,4
6619,19,2025-03-24,SORTIE,9
6620,21,2025-03-24,SORTIE,8
6621,32,2025-03-24,SORTIE,9
6622,23,2025-03-24,SORTIE,5
6623,32,2025-03-24,SORTIE,25
6624,23,2025-03-24,SORTIE,30
6625,2,2025-03-24,SORTIE,12
6626,23,2025-03-24,SORTIE,29
6627,19,2025-03-24,ENTREE,121
6628,12,2025-03-25,SORTIE,1
6629,33,2025-03-25,SORTIE,3
6630,21,2025-03-25,SORTIE,8
6631,23,2025-03-25,SORTIE,25
6632,33,2025-03-25,SORTIE,14
6633,27,2025-03-25,SORTIE,9
6634,8,2025-03-25,SORTIE,15
6635,9,2025-03-25,SORTIE,27
6636,23,2025-03-25,SORTIE,9
6637,28,2025-03-25,SORTIE,9
6638,24,2025-03-25,SORTIE,1
6639,13,2025-03-25,SORTIE,18
6640,14,2025-03-25,SORTIE,13
6641,2,2025-03-25,SORTIE,25
6642,35,2025-03-26,SORTIE,13
6643,16,2025-03-26,SORTIE,24
6644,30,2025-03-26,SORTIE,9
6645,29,2025-03-26,SORTIE,7
6646,19,2025-03-26,SORTIE,22
6647,23,2025-03-26,SORTIE,23
6648,4,2025-03-26,SORTIE,27
6649,1,2025-03-26,SORTIE,22
6650,9,2025-03-26,SORTIE,23
6651,7,2025-03-26,SORTIE,19
6652,14,2025-03-26,SORTIE,9
6653,24,2025-03-26,SORTIE,12
6654,29,2025-03-26,SORTIE,19
6655,24,2025-03-26,SORTIE,19
6656,12,2025-03-26,SORTIE,15
6657,3,2025-03-26,SORTIE,25
6658,24,2025-03-26,SORTIE,28
6659,14,2025-03-26,SORTIE,30
6660,8,2025-03-26,SORTIE,7
6661,7,2025-03-26,SORTIE,24
6662,28,2025-03-26,SORTIE,20
6663,25,2025-03-26,SORTIE,20
6664,16,2025-03-26,SORTIE,16
6665,30,2025-03-26,SORTIE,11
6666,18,2025-03-27,SORTIE,2
6667,7,2025-03-27,SORTIE,1
6668,31,2025-03-27,SORTIE,16
6669,6,2025-03-27,SORTIE,24
6670,23,2025-03-27,SORTIE,30
6671,26,2025-03-27,SORTIE,26
6672,1,2025-03-27,SORTIE,20
6673,15,2025-03-27,SORTIE,9
6674,16,2025-03-27,SORTIE,22
6675,13,2025-03-27,SORTIE,28
6676,21,2025-03-27,SORTIE,15
6677,29,2025-03-27,SORTIE,30
6678,32,2025-03-28,SORTIE,4
6679,1,2025-03-28,SORTIE,26
6680,3,2025-03-28,SORTIE,27
6681,22,2025-03-28,SORTIE,11
6682,11,2025-03-28,SORTIE,28
6683,22,2025-03-28,SORTIE,3
6684,26,2025-03-28,SORTIE,26
6685,21,2025-03-28,SORTIE,26
6686,25,2025-03-28,SORTIE,7
6687,21,2025-03-28,SORTIE,2
6688,35,2025-03-28,SORTIE,20
6689,29,2025-03-28,SORTIE,29
6690,1,2025-03-28,SORTIE,27
6691,3,2025-03-28,SORTIE,26
6692,7,2025-03-28,SORTIE,20
6693,30,2025-03-28,SORTIE,27
6694,31,2025-03-28,SORTIE,18
6695,20,2025-03-28,SORTIE,27
6696,29,2025-03-28,SORTIE,2
6697,16,2025-03-28,SORTIE,3
6698,6,2025-03-28,SORTIE,16
6699,35,2025-03-29,SORTIE,19
6700,16,2025-03-29,SORTIE,4
6701,18,2025-03-29,SORTIE,30
6702,15,2025-03-29,SORTIE,21
6703,23,2025-03-29,SORTIE,30
6704,2,2025-03-29,SORTIE,26
6705,23,2025-03-29,SORTIE,3
6706,21,2025-03-29,SORTIE,7
6707,24,2025-03-29,SORTIE,20
6708,34,2025-03-29,SORTIE,9
6709,35,2025-03-30,SORTIE,23
6710,29,2025-03-30,SORTIE,15
6711,21,2025-03-30,SORTIE,26
6712,35,2025-03-30,SORTIE,11
6713,26,2025-03-30,SORTIE,5
6714,1,2025-03-30,SORTIE,10
6715,13,2025-03-30,SORTIE,11
6716,34,2025-03-30,SORTIE,7
6717,4,2025-03-30,SORTIE,1
6718,23,2025-03-30,SORTIE,30
6719,35,2025-03-30,SORTIE,30
6720,21,2025-03-30,SORTIE,5
6721,17,2025-03-30,SORTIE,11
6722,3,2025-03-30,SORTIE,2
6723,23,2025-03-30,ENTREE,400
6724,6,2025-03-31,SORTIE,13
6725,4,2025-03-31,SORTIE,17
6726,3,2025-03-31,SORTIE,9
6727,33,2025-03-31,SORTIE,6
6728,9,2025-03-31,SORTIE,22
6729,9,2025-03-31,SORTIE,17
6730,25,2025-03-31,SORTIE,10
6731,4,2025-03-31,SORTIE,13
6732,10,2025-03-31,SORTIE,9
6733,3,2025-03-31,SORTIE,28
6734,5,2025-03-31,SORTIE,15
6735,29,2025-03-31,SORTIE,30
6736,17,2025-03-31,SORTIE,20
6737,33,2025-03-31,SORTIE,11
6738,33,2025-03-31,SORTIE,18
6739,31,2025-03-31,SORTIE,1
6740,4,2025-03-31,SORTIE,9
6741,16,2025-03-31,SORTIE,26
6742,13,2025-04-01,SORTIE,26
6743,5,2025-04-01,SORTIE,8
6744,17,2025-04-01,SORTIE,26
6745,26,2025-04-01,SORTIE,4
6746,2,2025-04-02,SORTIE,14
6747,12,2025-04-02,SORTIE,7
6748,2,2025-04-02,SORTIE,23
6749,33,2025-04-02,SORTIE,25
6750,32,2025-04-02,SORTIE,21
6751,18,2025-04-02,SORTIE,13
6752,20,2025-04-02,SORTIE,24
6753,14,2025-04-02,SORTIE,26
6754,4,2025-04-02,SORTIE,2
6755,26,2025-04-02,SORTIE,22
6756,29,2025-04-02,SORTIE,27
6757,10,2025-04-02,SORTIE,17
6758,29,2025-04-02,SORTIE,14
6759,24,2025-04-02,SORTIE,30
6760,4,2025-04-02,SORTIE,5
6761,23,2025-04-02,SORTIE,29
6762,30,2025-04-02,SORTIE,19
6763,9,2025-04-02,SORTIE,1
6764,3,2025-04-02,SORTIE,4
6765,12,2025-04-02,SORTIE,18
6766,9,2025-04-02,SORTIE,8
6767,8,2025-04-02,SORTIE,2
6768,32,2025-04-02,SORTIE,22
6769,31,2025-04-02,SORTIE,26
6770,34,2025-04-03,SORTIE,21
6771,27,2025-04-03,SORTIE,27
6772,9,2025-04-03,SORTIE,20
6773,25,2025-04-03,SORTIE,28
6774,28,2025-04-03,SORTIE,13
6775,3,2025-04-03,SORTIE,17
6776,34,2025-04-03,SORTIE,8
6777,4,2025-04-03,SORTIE,13
6778,1,2025-04-03,SORTIE,29
6779,14,2025-04-03,SORTIE,30
6780,2,2025-04-03,SORTIE,26
6781,30,2025-04-03,SORTIE,1
6782,1,2025-04-03,SORTIE,6
6783,11,2025-04-03,SORTIE,18
6784,17,2025-04-03,SORTIE,12
6785,21,2025-04-03,SORTIE,8
6786,35,2025-04-03,SORTIE,10
6787,32,2025-04-03,SORTIE,26
6788,9,2025-04-03,SORTIE,18
6789,31,2025-04-03,SORTIE,22
6790,10,2025-04-03,SORTIE,23
6791,12,2025-04-03,SORTIE,29
6792,2,2025-04-04,SORTIE,25
6793,19,2025-04-04,SORTIE,19
6794,24,2025-04-04,SORTIE,25
6795,30,2025-04-04,SORTIE,20
6796,15,2025-04-04,SORTIE,3
6797,26,2025-04-04,SORTIE,2
6798,8,2025-04-04,SORTIE,22
6799,27,2025-04-04,SORTIE,2
6800,27,2025-04-04,SORTIE,26
6801,6,2025-04-04,SORTIE,1
6802,2,2025-04-04,SORTIE,12
6803,17,2025-04-04,SORTIE,5
6804,4,2025-04-04,SORTIE,2
6805,10,2025-04-04,SORTIE,21
6806,34,2025-04-04,SORTIE,2
6807,15,2025-04-04,SORTIE,22
6808,14,2025-04-04,SORTIE,4
6809,10,2025-04-04,SORTIE,13
6810,35,2025-04-04,SORTIE,7
6811,23,2025-04-04,SORTIE,1
6812,29,2025-04-04,SORTIE,18
6813,35,2025-04-04,SORTIE,22
6814,16,2025-04-04,SORTIE,3
6815,25,2025-04-05,SORTIE,4
6816,5,2025-04-05,SORTIE,7
6817,25,2025-04-05,SORTIE,15
6818,15,2025-04-05,SORTIE,27
6819,2,2025-04-05,SORTIE,25
6820,20,2025-04-05,SORTIE,22
6821,15,2025-04-05,SORTIE,10
6822,26,2025-04-05,SORTIE,2
6823,8,2025-04-05,SORTIE,27
6824,11,2025-04-05,SORTIE,6
6825,5,2025-04-05,SORTIE,26
6826,21,2025-04-05,SORTIE,14
6827,21,2025-04-05,SORTIE,2
6828,28,2025-04-05,SORTIE,5
6829,26,2025-04-05,SORTIE,11
6830,15,2025-04-05,SORTIE,18
6831,1,2025-04-05,SORTIE,11
6832,21,2025-04-05,SORTIE,24
6833,14,2025-04-05,SORTIE,16
6834,16,2025-04-05,SORTIE,24
6835,8,2025-04-06,SORTIE,9
6836,4,2025-04-06,SORTIE,5
6837,33,2025-04-06,SORTIE,6
6838,26,2025-04-06,SORTIE,3
6839,35,2025-04-06,SORTIE,5
6840,16,2025-04-06,SORTIE,29
6841,28,2025-04-06,SORTIE,9
6842,20,2025-04-06,SORTIE,16
6843,35,2025-04-06,SORTIE,6
6844,13,2025-04-06,SORTIE,17
6845,14,2025-04-06,SORTIE,1
6846,3,2025-04-06,SORTIE,28
6847,2,2025-04-06,SORTIE,4
6848,27,2025-04-06,SORTIE,16
6849,32,2025-04-06,SORTIE,21
6850,35,2025-04-07,SORTIE,17
6851,31,2025-04-07,SORTIE,9
6852,1,2025-04-07,SORTIE,25
6853,12,2025-04-07,SORTIE,1
6854,20,2025-04-07,SORTIE,13
6855,33,2025-04-07,SORTIE,11
6856,34,2025-04-07,SORTIE,22
6857,17,2025-04-07,SORTIE,6
6858,23,2025-04-07,SORTIE,2
6859,23,2025-04-07,SORTIE,15
6860,32,2025-04-07,SORTIE,3
6861,9,2025-04-07,SORTIE,6
6862,3,2025-04-07,SORTIE,17
6863,12,2025-04-07,SORTIE,27
6864,5,2025-04-07,SORTIE,3
6865,33,2025-04-07,SORTIE,18
6866,18,2025-04-07,SORTIE,13
6867,16,2025-04-08,SORTIE,14
6868,24,2025-04-08,SORTIE,11
6869,3,2025-04-08,SORTIE,3
6870,1,2025-04-08,SORTIE,21
6871,33,2025-04-08,SORTIE,13
6872,23,2025-04-08,SORTIE,3
6873,8,2025-04-08,SORTIE,13
6874,31,2025-04-08,SORTIE,3
6875,18,2025-04-08,SORTIE,10
6876,5,2025-04-08,SORTIE,19
6877,29,2025-04-08,SORTIE,25
6878,32,2025-04-08,SORTIE,29
6879,5,2025-04-08,SORTIE,21
6880,28,2025-04-08,SORTIE,30
6881,19,2025-04-08,SORTIE,23
6882,12,2025-04-08,SORTIE,11
6883,17,2025-04-08,SORTIE,8
6884,13,2025-04-08,SORTIE,10
6885,3,2025-04-08,SORTIE,17
6886,28,2025-04-08,SORTIE,16
6887,28,2025-04-08,SORTIE,14
6888,6,2025-04-08,SORTIE,4
6889,7,2025-04-08,SORTIE,17
6890,23,2025-04-08,SORTIE,13
6891,19,2025-04-08,SORTIE,6
6892,24,2025-04-09,SORTIE,25
6893,27,2025-04-09,SORTIE,16
6894,1,2025-04-09,SORTIE,5
6895,35,2025-04-09,SORTIE,26
6896,35,2025-04-09,SORTIE,1
6897,24,2025-04-09,SORTIE,12
6898,20,2025-04-09,SORTIE,30
6899,27,2025-04-09,SORTIE,17
6900,4,2025-04-09,SORTIE,18
6901,5,2025-04-09,SORTIE,29
6902,25,2025-04-10,SORTIE,29
6903,17,2025-04-10,SORTIE,18
6904,30,2025-04-10,SORTIE,20
6905,14,2025-04-10,SORTIE,1
6906,8,2025-04-10,SORTIE,17
6907,30,2025-04-10,SORTIE,28
6908,30,2025-04-10,SORTIE,6
6909,10,2025-04-10,SORTIE,6
6910,19,2025-04-10,SORTIE,28
6911,20,2025-04-10,SORTIE,18
6912,16,2025-04-10,SORTIE,20
6913,16,2025-04-10,SORTIE,19
6914,20,2025-04-10,SORTIE,12
6915,6,2025-04-10,SORTIE,1
6916,4,2025-04-10,SORTIE,19
6917,18,2025-04-11,SORTIE,3
6918,8,2025-04-11,SORTIE,11
6919,31,2025-04-11,SORTIE,25
6920,2,2025-04-11,SORTIE,21
6921,21,2025-04-11,SORTIE,30
6922,26,2025-04-11,SORTIE,18
6923,11,2025-04-11,SORTIE,3
6924,16,2025-04-11,SORTIE,17
6925,26,2025-04-11,SORTIE,7
6926,27,2025-04-12,SORTIE,5
6927,6,2025-04-12,SORTIE,6
6928,28,2025-04-12,SORTIE,17
6929,27,2025-04-12,SORTIE,18
6930,31,2025-04-12,SORTIE,7
6931,15,2025-04-12,SORTIE,26
6932,6,2025-04-12,SORTIE,29
6933,1,2025-04-12,SORTIE,10
6934,29,2025-04-12,SORTIE,14
6935,18,2025-04-12,SORTIE,5
6936,7,2025-04-12,SORTIE,5
6937,18,2025-04-12,SORTIE,27
6938,7,2025-04-12,ENTREE,207
6939,28,2025-04-13,SORTIE,7
6940,12,2025-04-13,SORTIE,9
6941,33,2025-04-13,SORTIE,18
6942,16,2025-04-13,SORTIE,23
6943,27,2025-04-13,SORTIE,17
6944,7,2025-04-13,SORTIE,8
6945,15,2025-04-13,SORTIE,7
6946,26,2025-04-13,SORTIE,28
6947,17,2025-04-13,SORTIE,7
6948,8,2025-04-13,SORTIE,18
6949,17,2025-04-13,SORTIE,21
6950,1,2025-04-13,SORTIE,30
6951,18,2025-04-13,SORTIE,19
6952,3,2025-04-13,SORTIE,18
6953,9,2025-04-13,SORTIE,12
6954,31,2025-04-13,SORTIE,22
6955,25,2025-04-13,SORTIE,18
6956,21,2025-04-13,SORTIE,10
6957,27,2025-04-13,SORTIE,26
6958,33,2025-04-13,SORTIE,29
6959,18,2025-04-14,SORTIE,29
6960,13,2025-04-14,SORTIE,2
6961,20,2025-04-14,SORTIE,11
6962,10,2025-04-14,SORTIE,7
6963,28,2025-04-14,SORTIE,2
6964,27,2025-04-14,SORTIE,29
6965,10,2025-04-14,SORTIE,3
6966,5,2025-04-14,SORTIE,17
6967,4,2025-04-14,SORTIE,15
6968,9,2025-04-14,SORTIE,23
6969,19,2025-04-14,SORTIE,15
6970,13,2025-04-14,SORTIE,15
6971,10,2025-04-14,SORTIE,9
6972,18,2025-04-14,SORTIE,15
6973,24,2025-04-14,SORTIE,7
6974,8,2025-04-14,SORTIE,24
6975,11,2025-04-14,SORTIE,17
6976,17,2025-04-14,SORTIE,27
6977,30,2025-04-14,SORTIE,17
6978,35,2025-04-14,SORTIE,19
6979,19,2025-04-14,SORTIE,11
6980,22,2025-04-14,ENTREE,161
6981,3,2025-04-15,SORTIE,15
6982,20,2025-04-15,SORTIE,5
6983,3,2025-04-15,SORTIE,3
6984,25,2025-04-15,SORTIE,27
6985,9,2025-04-15,SORTIE,2
6986,18,2025-04-15,SORTIE,26
6987,30,2025-04-15,SORTIE,6
6988,31,2025-04-15,SORTIE,19
6989,19,2025-04-15,SORTIE,9
6990,33,2025-04-15,SORTIE,21
6991,13,2025-04-15,SORTIE,23
6992,10,2025-04-15,SORTIE,7
6993,29,2025-04-15,SORTIE,8
6994,27,2025-04-15,SORTIE,5
6995,3,2025-04-15,SORTIE,27
6996,13,2025-04-15,SORTIE,11
6997,15,2025-04-15,SORTIE,30
6998,12,2025-04-15,SORTIE,19
6999,6,2025-04-15,SORTIE,4
7000,18,2025-04-15,SORTIE,28
7001,29,2025-04-16,SORTIE,20
7002,1,2025-04-16,SORTIE,20
7003,8,2025-04-16,SORTIE,10
7004,7,2025-04-16,SORTIE,27
7005,9,2025-04-16,SORTIE,29
7006,12,2025-04-16,SORTIE,7
7007,4,2025-04-16,SORTIE,2
7008,10,2025-04-16,SORTIE,24
7009,27,2025-04-16,SORTIE,23
7010,15,2025-04-16,SORTIE,13
7011,3,2025-04-16,SORTIE,25
7012,14,2025-04-17,SORTIE,20
7013,13,2025-04-17,SORTIE,20
7014,22,2025-04-17,SORTIE,22
7015,33,2025-04-17,SORTIE,9
7016,27,2025-04-17,SORTIE,11
7017,16,2025-04-17,SORTIE,24
7018,13,2025-04-17,SORTIE,6
7019,18,2025-04-17,SORTIE,4
7020,6,2025-04-17,SORTIE,24
7021,3,2025-04-17,SORTIE,26
7022,34,2025-04-17,SORTIE,22
7023,3,2025-04-17,SORTIE,3
7024,16,2025-04-17,SORTIE,23
7025,13,2025-04-17,SORTIE,7
7026,18,2025-04-17,SORTIE,12
7027,11,2025-04-17,SORTIE,9
7028,5,2025-04-17,ENTREE,139
7029,14,2025-04-18,SORTIE,3
7030,12,2025-04-18,SORTIE,20
7031,9,2025-04-18,SORTIE,16
7032,1,2025-04-18,SORTIE,11
7033,6,2025-04-18,SORTIE,27
7034,27,2025-04-18,SORTIE,24
7035,31,2025-04-18,SORTIE,13
7036,3,2025-04-19,SORTIE,13
7037,6,2025-04-19,SORTIE,6
7038,32,2025-04-19,SORTIE,26
7039,15,2025-04-19,SORTIE,8
7040,10,2025-04-19,SORTIE,25
7041,17,2025-04-19,SORTIE,25
7042,25,2025-04-19,SORTIE,20
7043,27,2025-04-19,SORTIE,12
7044,2,2025-04-19,SORTIE,8
7045,2,2025-04-19,SORTIE,24
7046,30,2025-04-19,SORTIE,28
7047,22,2025-04-19,SORTIE,26
7048,15,2025-04-19,SORTIE,26
7049,24,2025-04-19,SORTIE,7
7050,20,2025-04-20,SORTIE,13
7051,25,2025-04-20,SORTIE,13
7052,6,2025-04-20,SORTIE,7
7053,21,2025-04-20,SORTIE,1
7054,1,2025-04-20,SORTIE,24
7055,24,2025-04-20,SORTIE,29
7056,35,2025-04-20,SORTIE,20
7057,7,2025-04-20,SORTIE,8
7058,3,2025-04-20,SORTIE,26
7059,35,2025-04-20,SORTIE,14
7060,23,2025-04-20,SORTIE,29
7061,10,2025-04-20,SORTIE,28
7062,27,2025-04-20,SORTIE,25
7063,22,2025-04-20,SORTIE,21
7064,19,2025-04-20,SORTIE,3
7065,11,2025-04-20,SORTIE,21
7066,23,2025-04-21,SORTIE,6
7067,19,2025-04-21,SORTIE,19
7068,10,2025-04-21,SORTIE,3
7069,26,2025-04-21,SORTIE,26
7070,7,2025-04-21,SORTIE,12
7071,32,2025-04-21,SORTIE,7
7072,15,2025-04-21,SORTIE,24
7073,9,2025-04-21,SORTIE,1
7074,20,2025-04-21,SORTIE,27
7075,20,2025-04-21,SORTIE,20
7076,31,2025-04-21,SORTIE,1
7077,8,2025-04-21,SORTIE,21
7078,5,2025-04-21,SORTIE,2
7079,20,2025-04-21,SORTIE,28
7080,2,2025-04-21,SORTIE,7
7081,13,2025-04-21,SORTIE,24
7082,30,2025-04-21,SORTIE,22
7083,4,2025-04-21,SORTIE,12
7084,30,2025-04-21,SORTIE,13
7085,19,2025-04-21,SORTIE,30
7086,29,2025-04-21,SORTIE,29
7087,30,2025-04-21,SORTIE,5
7088,1,2025-04-21,SORTIE,1
7089,28,2025-04-22,SORTIE,29
7090,16,2025-04-22,SORTIE,24
7091,5,2025-04-22,SORTIE,4
7092,31,2025-04-22,SORTIE,20
7093,4,2025-04-22,SORTIE,19
7094,18,2025-04-22,SORTIE,28
7095,19,2025-04-22,SORTIE,15
7096,4,2025-04-22,SORTIE,6
7097,14,2025-04-22,SORTIE,7
7098,27,2025-04-22,SORTIE,5
7099,5,2025-04-22,SORTIE,1
7100,7,2025-04-22,SORTIE,7
7101,6,2025-04-22,SORTIE,2
7102,23,2025-04-22,SORTIE,30
7103,17,2025-04-22,SORTIE,20
7104,5,2025-04-22,SORTIE,8
7105,5,2025-04-22,SORTIE,11
7106,1,2025-04-23,SORTIE,16
7107,34,2025-04-23,SORTIE,10
7108,30,2025-04-23,SORTIE,12
7109,6,2025-04-23,SORTIE,13
7110,26,2025-04-23,SORTIE,27
7111,24,2025-04-24,SORTIE,20
7112,12,2025-04-24,SORTIE,27
7113,18,2025-04-24,SORTIE,8
7114,33,2025-04-24,SORTIE,4
7115,32,2025-04-24,SORTIE,28
7116,34,2025-04-24,SORTIE,30
7117,35,2025-04-24,ENTREE,229
7118,3,2025-04-25,SORTIE,25
7119,19,2025-04-25,SORTIE,10
7120,8,2025-04-25,SORTIE,27
7121,24,2025-04-25,SORTIE,23
7122,21,2025-04-25,SORTIE,17
7123,9,2025-04-25,SORTIE,24
7124,20,2025-04-25,SORTIE,10
7125,20,2025-04-25,SORTIE,12
7126,17,2025-04-25,SORTIE,13
7127,30,2025-04-25,SORTIE,11
7128,11,2025-04-25,SORTIE,21
7129,9,2025-04-25,SORTIE,5
7130,3,2025-04-25,SORTIE,23
7131,28,2025-04-25,SORTIE,5
7132,8,2025-04-25,SORTIE,3
7133,12,2025-04-25,SORTIE,15
7134,21,2025-04-25,SORTIE,23
7135,18,2025-04-26,SORTIE,9
7136,15,2025-04-26,SORTIE,18
7137,11,2025-04-26,SORTIE,21
7138,30,2025-04-26,SORTIE,18
7139,20,2025-04-26,SORTIE,30
7140,7,2025-04-26,SORTIE,9
7141,15,2025-04-26,SORTIE,17
7142,21,2025-04-26,SORTIE,18
7143,7,2025-04-26,SORTIE,21
7144,24,2025-04-26,SORTIE,18
7145,16,2025-04-26,SORTIE,22
7146,23,2025-04-26,SORTIE,14
7147,9,2025-04-26,SORTIE,7
7148,13,2025-04-26,SORTIE,19
7149,29,2025-04-26,ENTREE,341
7150,22,2025-04-27,SORTIE,24
7151,30,2025-04-27,SORTIE,3
7152,18,2025-04-27,SORTIE,19
7153,8,2025-04-27,SORTIE,7
7154,18,2025-04-27,SORTIE,6
7155,22,2025-04-27,SORTIE,24
7156,30,2025-04-27,SORTIE,6
7157,1,2025-04-27,SORTIE,4
7158,7,2025-04-27,SORTIE,22
7159,4,2025-04-27,SORTIE,12
7160,11,2025-04-27,SORTIE,7
7161,14,2025-04-27,SORTIE,11
7162,21,2025-04-27,SORTIE,10
7163,33,2025-04-27,SORTIE,5
7164,16,2025-04-27,SORTIE,8
7165,1,2025-04-27,SORTIE,5
7166,11,2025-04-27,ENTREE,320
7167,27,2025-04-28,SORTIE,29
7168,25,2025-04-28,SORTIE,30
7169,4,2025-04-28,SORTIE,3
7170,15,2025-04-28,SORTIE,20
7171,30,2025-04-28,SORTIE,12
7172,21,2025-04-28,SORTIE,7
7173,6,2025-04-28,SORTIE,21
7174,16,2025-04-28,SORTIE,26
7175,35,2025-04-28,SORTIE,8
7176,22,2025-04-28,SORTIE,6
7177,11,2025-04-28,SORTIE,28
7178,21,2025-04-28,SORTIE,28
7179,20,2025-04-28,SORTIE,11
7180,14,2025-04-28,SORTIE,21
7181,33,2025-04-28,SORTIE,3
7182,29,2025-04-28,SORTIE,6
7183,9,2025-04-28,SORTIE,18
7184,26,2025-04-28,SORTIE,28
7185,8,2025-04-28,SORTIE,29
7186,22,2025-04-28,SORTIE,26
7187,1,2025-04-28,SORTIE,12
7188,8,2025-04-28,SORTIE,15
7189,20,2025-04-28,SORTIE,18
7190,34,2025-04-28,SORTIE,29
7191,16,2025-04-28,SORTIE,21
7192,14,2025-04-28,SORTIE,21
7193,32,2025-04-28,SORTIE,28
7194,8,2025-04-29,SORTIE,5
7195,3,2025-04-29,SORTIE,1
7196,6,2025-04-29,SORTIE,11
7197,30,2025-04-29,SORTIE,22
7198,29,2025-04-29,SORTIE,5
7199,32,2025-04-29,SORTIE,13
7200,12,2025-04-29,SORTIE,21
7201,17,2025-04-29,SORTIE,25
7202,23,2025-04-29,SORTIE,13
7203,29,2025-04-29,SORTIE,2
7204,29,2025-04-29,SORTIE,7
7205,2,2025-04-29,SORTIE,30
7206,1,2025-04-29,SORTIE,22
7207,20,2025-04-29,SORTIE,5
7208,32,2025-04-29,SORTIE,9
7209,16,2025-04-29,SORTIE,29
7210,13,2025-04-29,SORTIE,14
7211,11,2025-04-29,SORTIE,9
7212,11,2025-04-29,SORTIE,8
7213,1,2025-04-29,SORTIE,1
7214,2,2025-04-29,SORTIE,3
7215,10,2025-04-29,SORTIE,12
7216,2,2025-04-30,SORTIE,11
7217,2,2025-04-30,SORTIE,12
7218,16,2025-04-30,SORTIE,5
7219,10,2025-04-30,SORTIE,12
7220,10,2025-04-30,SORTIE,4
7221,23,2025-04-30,SORTIE,18
7222,13,2025-04-30,SORTIE,23
7223,34,2025-04-30,SORTIE,16
7224,21,2025-04-30,SORTIE,2
7225,3,2025-04-30,SORTIE,3
7226,19,2025-04-30,SORTIE,11
7227,27,2025-04-30,SORTIE,9
7228,4,2025-04-30,SORTIE,28
7229,20,2025-04-30,SORTIE,2
7230,35,2025-04-30,SORTIE,17
7231,33,2025-05-01,SORTIE,2
7232,35,2025-05-01,SORTIE,13
7233,14,2025-05-01,SORTIE,17
7234,15,2025-05-01,SORTIE,8
7235,18,2025-05-01,SORTIE,15
7236,13,2025-05-01,SORTIE,25
7237,28,2025-05-02,SORTIE,18
7238,33,2025-05-02,SORTIE,1
7239,8,2025-05-02,SORTIE,12
7240,21,2025-05-02,SORTIE,25
7241,21,2025-05-02,SORTIE,27
7242,4,2025-05-02,SORTIE,6
7243,27,2025-05-02,SORTIE,23
7244,8,2025-05-02,SORTIE,20
7245,34,2025-05-02,SORTIE,1
7246,26,2025-05-02,ENTREE,266
7247,27,2025-05-03,SORTIE,20
7248,4,2025-05-03,SORTIE,15
7249,30,2025-05-03,SORTIE,1
7250,24,2025-05-03,SORTIE,22
7251,12,2025-05-03,SORTIE,23
7252,12,2025-05-03,SORTIE,14
7253,8,2025-05-03,SORTIE,5
7254,26,2025-05-03,SORTIE,16
7255,20,2025-05-03,SORTIE,15
7256,24,2025-05-03,SORTIE,11
7257,32,2025-05-03,SORTIE,11
7258,8,2025-05-03,SORTIE,11
7259,3,2025-05-03,SORTIE,10
7260,30,2025-05-03,SORTIE,6
7261,34,2025-05-03,SORTIE,27
7262,5,2025-05-03,SORTIE,28
7263,13,2025-05-03,SORTIE,3
7264,4,2025-05-03,SORTIE,22
7265,11,2025-05-03,SORTIE,19
7266,10,2025-05-03,SORTIE,20
7267,18,2025-05-03,SORTIE,30
7268,1,2025-05-03,SORTIE,4
7269,34,2025-05-03,SORTIE,14
7270,14,2025-05-03,SORTIE,28
7271,3,2025-05-03,SORTIE,9
7272,1,2025-05-04,SORTIE,13
7273,24,2025-05-04,SORTIE,12
7274,25,2025-05-04,SORTIE,16
7275,12,2025-05-04,SORTIE,26
7276,23,2025-05-04,SORTIE,15
7277,14,2025-05-04,SORTIE,17
7278,24,2025-05-04,SORTIE,11
7279,12,2025-05-04,SORTIE,21
7280,3,2025-05-04,SORTIE,4
7281,3,2025-05-04,SORTIE,5
7282,16,2025-05-04,SORTIE,13
7283,32,2025-05-04,SORTIE,29
7284,14,2025-05-04,SORTIE,25
7285,32,2025-05-05,SORTIE,23
7286,9,2025-05-05,SORTIE,26
7287,7,2025-05-05,SORTIE,6
7288,20,2025-05-05,SORTIE,17
7289,16,2025-05-05,SORTIE,7
7290,4,2025-05-05,SORTIE,10
7291,14,2025-05-05,SORTIE,5
7292,13,2025-05-05,SORTIE,4
7293,15,2025-05-05,SORTIE,12
7294,25,2025-05-05,SORTIE,24
7295,1,2025-05-05,SORTIE,12
7296,1,2025-05-05,SORTIE,19
7297,5,2025-05-05,SORTIE,18
7298,32,2025-05-05,SORTIE,29
7299,1,2025-05-05,SORTIE,6
7300,2,2025-05-05,SORTIE,15
7301,15,2025-05-05,SORTIE,12
7302,32,2025-05-05,SORTIE,22
7303,24,2025-05-06,SORTIE,24
7304,13,2025-05-06,SORTIE,30
7305,3,2025-05-06,SORTIE,28
7306,24,2025-05-06,SORTIE,7
7307,21,2025-05-06,SORTIE,25
7308,13,2025-05-06,SORTIE,22
7309,35,2025-05-06,SORTIE,20
7310,34,2025-05-06,SORTIE,12
7311,16,2025-05-06,SORTIE,27
7312,24,2025-05-06,SORTIE,6
7313,27,2025-05-06,SORTIE,7
7314,16,2025-05-06,SORTIE,7
7315,5,2025-05-06,SORTIE,12
7316,35,2025-05-07,SORTIE,7
7317,8,2025-05-07,SORTIE,19
7318,31,2025-05-07,SORTIE,12
7319,15,2025-05-07,SORTIE,3
7320,21,2025-05-07,SORTIE,12
7321,1,2025-05-07,SORTIE,16
7322,34,2025-05-07,SORTIE,9
7323,25,2025-05-07,SORTIE,30
7324,33,2025-05-07,SORTIE,11
7325,29,2025-05-07,SORTIE,4
7326,25,2025-05-07,SORTIE,15
7327,16,2025-05-07,SORTIE,24
7328,19,2025-05-07,SORTIE,28
7329,13,2025-05-07,SORTIE,21
7330,32,2025-05-07,SORTIE,2
7331,13,2025-05-07,SORTIE,11
7332,32,2025-05-07,SORTIE,25
7333,34,2025-05-07,SORTIE,28
7334,31,2025-05-07,SORTIE,8
7335,15,2025-05-07,SORTIE,15
7336,16,2025-05-07,SORTIE,21
7337,2,2025-05-07,SORTIE,6
7338,31,2025-05-07,SORTIE,15
7339,10,2025-05-07,SORTIE,7
7340,9,2025-05-07,SORTIE,25
7341,32,2025-05-07,SORTIE,23
7342,22,2025-05-07,SORTIE,5
7343,17,2025-05-07,ENTREE,339
7344,17,2025-05-08,SORTIE,16
7345,7,2025-05-08,SORTIE,15
7346,24,2025-05-08,SORTIE,26
7347,3,2025-05-08,SORTIE,10
7348,8,2025-05-08,SORTIE,3
7349,27,2025-05-08,SORTIE,10
7350,33,2025-05-08,SORTIE,15
7351,32,2025-05-08,SORTIE,16
7352,22,2025-05-08,SORTIE,18
7353,14,2025-05-08,SORTIE,17
7354,19,2025-05-08,SORTIE,6
7355,25,2025-05-08,SORTIE,20
7356,4,2025-05-08,SORTIE,27
7357,25,2025-05-09,SORTIE,9
7358,26,2025-05-09,SORTIE,20
7359,20,2025-05-09,SORTIE,17
7360,8,2025-05-09,SORTIE,6
7361,29,2025-05-09,SORTIE,24
7362,12,2025-05-09,SORTIE,25
7363,27,2025-05-09,SORTIE,21
7364,23,2025-05-09,SORTIE,25
7365,7,2025-05-09,SORTIE,19
7366,21,2025-05-10,SORTIE,6
7367,35,2025-05-10,SORTIE,19
7368,1,2025-05-10,SORTIE,15
7369,30,2025-05-10,SORTIE,27
7370,4,2025-05-11,SORTIE,11
7371,13,2025-05-11,SORTIE,11
7372,30,2025-05-11,SORTIE,10
7373,2,2025-05-11,SORTIE,6
7374,20,2025-05-11,SORTIE,10
7375,30,2025-05-11,SORTIE,10
7376,19,2025-05-11,SORTIE,16
7377,29,2025-05-11,SORTIE,25
7378,4,2025-05-11,SORTIE,9
7379,33,2025-05-11,SORTIE,5
7380,28,2025-05-11,SORTIE,27
7381,17,2025-05-11,SORTIE,9
7382,20,2025-05-11,SORTIE,9
7383,35,2025-05-11,SORTIE,20
7384,14,2025-05-11,SORTIE,3
7385,15,2025-05-11,ENTREE,100
7386,10,2025-05-12,SORTIE,29
7387,32,2025-05-12,SORTIE,20
7388,19,2025-05-12,SORTIE,7
7389,30,2025-05-12,SORTIE,21
7390,10,2025-05-12,SORTIE,25
7391,20,2025-05-12,SORTIE,22
7392,5,2025-05-12,SORTIE,2
7393,2,2025-05-12,SORTIE,19
7394,11,2025-05-12,SORTIE,13
7395,24,2025-05-12,SORTIE,24
7396,27,2025-05-12,SORTIE,29
7397,5,2025-05-12,SORTIE,14
7398,10,2025-05-12,SORTIE,16
7399,16,2025-05-12,SORTIE,24
7400,1,2025-05-12,SORTIE,2
7401,21,2025-05-12,SORTIE,21
7402,18,2025-05-12,SORTIE,11
7403,18,2025-05-12,SORTIE,29
7404,20,2025-05-13,SORTIE,6
7405,32,2025-05-13,SORTIE,20
7406,19,2025-05-13,SORTIE,5
7407,10,2025-05-13,SORTIE,30
7408,4,2025-05-13,SORTIE,16
7409,13,2025-05-13,SORTIE,21
7410,13,2025-05-13,SORTIE,6
7411,29,2025-05-13,SORTIE,15
7412,15,2025-05-14,SORTIE,14
7413,19,2025-05-14,SORTIE,22
7414,21,2025-05-14,SORTIE,5
7415,22,2025-05-14,SORTIE,29
7416,7,2025-05-14,SORTIE,26
7417,26,2025-05-14,SORTIE,22
7418,23,2025-05-14,SORTIE,5
7419,31,2025-05-14,SORTIE,22
7420,25,2025-05-14,SORTIE,17
7421,3,2025-05-14,SORTIE,4
7422,35,2025-05-14,SORTIE,22
7423,34,2025-05-14,SORTIE,27
7424,11,2025-05-15,SORTIE,18
7425,11,2025-05-15,SORTIE,13
7426,10,2025-05-15,SORTIE,30
7427,23,2025-05-15,SORTIE,27
7428,20,2025-05-15,SORTIE,16
7429,6,2025-05-15,SORTIE,27
7430,30,2025-05-15,SORTIE,3
7431,20,2025-05-15,SORTIE,28
7432,27,2025-05-15,SORTIE,30
7433,10,2025-05-15,SORTIE,14
7434,30,2025-05-15,SORTIE,27
7435,24,2025-05-15,SORTIE,23
7436,30,2025-05-15,SORTIE,25
7437,6,2025-05-15,SORTIE,7
7438,6,2025-05-15,SORTIE,6
7439,9,2025-05-15,SORTIE,6
7440,3,2025-05-15,SORTIE,2
7441,15,2025-05-15,SORTIE,20
7442,15,2025-05-15,SORTIE,25
7443,28,2025-05-15,SORTIE,11
7444,21,2025-05-15,SORTIE,30
7445,34,2025-05-15,SORTIE,5
7446,15,2025-05-15,SORTIE,4
7447,18,2025-05-15,SORTIE,12
7448,32,2025-05-15,ENTREE,257
7449,22,2025-05-16,SORTIE,18
7450,23,2025-05-16,SORTIE,20
7451,25,2025-05-16,SORTIE,16
7452,27,2025-05-16,SORTIE,6
7453,24,2025-05-16,SORTIE,13
7454,22,2025-05-17,SORTIE,22
7455,13,2025-05-17,SORTIE,22
7456,19,2025-05-17,SORTIE,1
7457,23,2025-05-17,SORTIE,19
7458,7,2025-05-17,SORTIE,22
7459,15,2025-05-17,SORTIE,12
7460,15,2025-05-17,SORTIE,28
7461,26,2025-05-17,SORTIE,10
7462,4,2025-05-17,SORTIE,9
7463,15,2025-05-17,SORTIE,21
7464,25,2025-05-17,SORTIE,2
7465,14,2025-05-17,SORTIE,18
7466,35,2025-05-17,SORTIE,20
7467,33,2025-05-17,SORTIE,16
7468,34,2025-05-17,SORTIE,27
7469,25,2025-05-17,SORTIE,2
7470,29,2025-05-17,SORTIE,17
7471,17,2025-05-17,SORTIE,20
7472,16,2025-05-17,SORTIE,18
7473,3,2025-05-17,SORTIE,25
7474,2,2025-05-17,SORTIE,21
7475,9,2025-05-17,SORTIE,16
7476,25,2025-05-17,SORTIE,28
7477,6,2025-05-18,SORTIE,28
7478,31,2025-05-18,SORTIE,1
7479,7,2025-05-18,SORTIE,17
7480,6,2025-05-18,SORTIE,8
7481,25,2025-05-18,SORTIE,26
7482,15,2025-05-18,SORTIE,13
7483,3,2025-05-18,SORTIE,22
7484,5,2025-05-18,SORTIE,24
7485,2,2025-05-18,SORTIE,22
7486,15,2025-05-19,SORTIE,11
7487,13,2025-05-19,SORTIE,12
7488,22,2025-05-19,SORTIE,27
7489,25,2025-05-19,SORTIE,28
7490,22,2025-05-19,SORTIE,19
7491,18,2025-05-19,SORTIE,20
7492,4,2025-05-19,SORTIE,25
7493,20,2025-05-19,SORTIE,13
7494,25,2025-05-20,SORTIE,28
7495,28,2025-05-20,SORTIE,11
7496,28,2025-05-20,SORTIE,22
7497,8,2025-05-20,SORTIE,6
7498,25,2025-05-20,SORTIE,22
7499,20,2025-05-20,SORTIE,4
7500,10,2025-05-20,SORTIE,26
7501,19,2025-05-20,SORTIE,14
7502,32,2025-05-20,SORTIE,18
7503,5,2025-05-20,SORTIE,5
7504,16,2025-05-20,SORTIE,4
7505,30,2025-05-20,SORTIE,23
7506,27,2025-05-20,SORTIE,5
7507,27,2025-05-20,SORTIE,17
7508,15,2025-05-20,SORTIE,26
7509,21,2025-05-20,SORTIE,25
7510,33,2025-05-20,ENTREE,149
7511,6,2025-05-21,SORTIE,9
7512,29,2025-05-21,SORTIE,7
7513,1,2025-05-21,SORTIE,24
7514,20,2025-05-21,SORTIE,23
7515,27,2025-05-21,SORTIE,24
7516,8,2025-05-21,SORTIE,4
7517,8,2025-05-21,SORTIE,13
7518,30,2025-05-21,SORTIE,12
7519,20,2025-05-21,SORTIE,24
7520,18,2025-05-21,SORTIE,21
7521,25,2025-05-21,SORTIE,21
7522,16,2025-05-21,SORTIE,12
7523,1,2025-05-21,SORTIE,6
7524,21,2025-05-21,SORTIE,13
7525,13,2025-05-21,SORTIE,25
7526,34,2025-05-21,SORTIE,16
7527,18,2025-05-21,SORTIE,27
7528,20,2025-05-21,ENTREE,449
7529,20,2025-05-22,SORTIE,29
7530,1,2025-05-22,SORTIE,15
7531,23,2025-05-22,SORTIE,30
7532,17,2025-05-22,SORTIE,6
7533,5,2025-05-22,SORTIE,2
7534,34,2025-05-22,SORTIE,9
7535,28,2025-05-22,SORTIE,12
7536,33,2025-05-22,SORTIE,4
7537,27,2025-05-22,SORTIE,9
7538,21,2025-05-22,SORTIE,22
7539,6,2025-05-22,SORTIE,6
7540,22,2025-05-22,SORTIE,23
7541,13,2025-05-22,SORTIE,2
7542,5,2025-05-22,SORTIE,8
7543,1,2025-05-22,ENTREE,209
7544,19,2025-05-23,SORTIE,12
7545,28,2025-05-23,SORTIE,19
7546,29,2025-05-23,SORTIE,25
7547,5,2025-05-23,SORTIE,14
7548,34,2025-05-23,SORTIE,15
7549,17,2025-05-23,SORTIE,19
7550,11,2025-05-23,SORTIE,20
7551,18,2025-05-23,SORTIE,19
7552,35,2025-05-24,SORTIE,4
7553,28,2025-05-24,SORTIE,2
7554,16,2025-05-24,SORTIE,19
7555,11,2025-05-24,SORTIE,2
7556,18,2025-05-24,SORTIE,14
7557,19,2025-05-24,SORTIE,9
7558,8,2025-05-24,SORTIE,20
7559,29,2025-05-24,SORTIE,18
7560,24,2025-05-24,SORTIE,28
7561,25,2025-05-24,SORTIE,4
7562,8,2025-05-24,SORTIE,28
7563,25,2025-05-24,SORTIE,26
7564,21,2025-05-24,SORTIE,29
7565,2,2025-05-24,SORTIE,6
7566,17,2025-05-24,SORTIE,28
7567,27,2025-05-24,SORTIE,23
7568,31,2025-05-24,ENTREE,289
7569,9,2025-05-25,SORTIE,7
7570,5,2025-05-25,SORTIE,16
7571,10,2025-05-25,SORTIE,6
7572,9,2025-05-25,SORTIE,20
7573,6,2025-05-25,SORTIE,26
7574,12,2025-05-25,SORTIE,10
7575,33,2025-05-25,SORTIE,3
7576,2,2025-05-25,SORTIE,13
7577,5,2025-05-25,SORTIE,2
7578,13,2025-05-25,SORTIE,3
7579,19,2025-05-25,SORTIE,19
7580,14,2025-05-25,SORTIE,18
7581,28,2025-05-25,SORTIE,26
7582,24,2025-05-25,SORTIE,27
7583,26,2025-05-25,SORTIE,5
7584,33,2025-05-25,SORTIE,6
7585,17,2025-05-25,SORTIE,21
7586,10,2025-05-25,SORTIE,11
7587,16,2025-05-25,SORTIE,16
7588,25,2025-05-26,SORTIE,7
7589,26,2025-05-26,SORTIE,12
7590,23,2025-05-26,SORTIE,30
7591,19,2025-05-26,SORTIE,29
7592,17,2025-05-26,SORTIE,16
7593,13,2025-05-26,SORTIE,8
7594,3,2025-05-27,SORTIE,11
7595,33,2025-05-27,SORTIE,24
7596,1,2025-05-27,SORTIE,4
7597,12,2025-05-27,SORTIE,1
7598,18,2025-05-27,SORTIE,7
7599,9,2025-05-27,SORTIE,14
7600,3,2025-05-27,SORTIE,28
7601,35,2025-05-27,ENTREE,203
7602,2,2025-05-28,SORTIE,30
7603,10,2025-05-28,SORTIE,26
7604,22,2025-05-28,SORTIE,23
7605,20,2025-05-28,SORTIE,10
7606,32,2025-05-28,SORTIE,17
7607,20,2025-05-28,SORTIE,19
7608,11,2025-05-28,SORTIE,2
7609,24,2025-05-29,SORTIE,7
7610,30,2025-05-29,SORTIE,5
7611,3,2025-05-29,SORTIE,13
7612,33,2025-05-29,SORTIE,6
7613,32,2025-05-29,SORTIE,6
7614,33,2025-05-29,SORTIE,23
7615,14,2025-05-29,SORTIE,5
7616,26,2025-05-29,SORTIE,20
7617,21,2025-05-29,SORTIE,16
7618,21,2025-05-29,SORTIE,14
7619,31,2025-05-29,SORTIE,4
7620,5,2025-05-29,SORTIE,28
7621,18,2025-05-29,SORTIE,8
7622,8,2025-05-29,SORTIE,21
7623,23,2025-05-29,SORTIE,11
7624,10,2025-05-29,SORTIE,23
7625,27,2025-05-30,SORTIE,19
7626,4,2025-05-30,SORTIE,4
7627,17,2025-05-30,SORTIE,20
7628,17,2025-05-30,SORTIE,22
7629,34,2025-05-30,SORTIE,13
7630,17,2025-05-30,SORTIE,17
7631,9,2025-05-30,SORTIE,2
7632,16,2025-05-31,SORTIE,25
7633,16,2025-05-31,SORTIE,19
7634,4,2025-05-31,SORTIE,3
7635,18,2025-05-31,SORTIE,2
7636,33,2025-05-31,SORTIE,10
7637,5,2025-05-31,SORTIE,7
7638,1,2025-05-31,SORTIE,27
7639,30,2025-05-31,SORTIE,12
7640,35,2025-06-01,SORTIE,12
7641,32,2025-06-01,SORTIE,15
7642,35,2025-06-01,SORTIE,26
7643,25,2025-06-01,SORTIE,30
7644,5,2025-06-01,SORTIE,6
7645,9,2025-06-01,SORTIE,16
7646,7,2025-06-01,SORTIE,3
7647,15,2025-06-01,SORTIE,6
7648,10,2025-06-01,SORTIE,2
7649,6,2025-06-01,SORTIE,12
7650,8,2025-06-01,SORTIE,8
7651,1,2025-06-01,SORTIE,12
7652,12,2025-06-01,SORTIE,30
7653,15,2025-06-01,SORTIE,15
7654,16,2025-06-01,SORTIE,23
7655,12,2025-06-01,SORTIE,3
7656,1,2025-06-01,SORTIE,20
7657,34,2025-06-02,SORTIE,25
7658,32,2025-06-02,SORTIE,22
7659,33,2025-06-02,SORTIE,7
7660,19,2025-06-02,SORTIE,1
7661,2,2025-06-02,SORTIE,1
7662,13,2025-06-02,SORTIE,12
7663,7,2025-06-02,SORTIE,10
7664,1,2025-06-02,SORTIE,2
7665,11,2025-06-02,SORTIE,19
7666,33,2025-06-02,SORTIE,8
7667,28,2025-06-02,SORTIE,22
7668,22,2025-06-02,SORTIE,3
7669,20,2025-06-02,SORTIE,3
7670,10,2025-06-02,SORTIE,7
7671,35,2025-06-02,SORTIE,27
7672,3,2025-06-02,SORTIE,21
7673,13,2025-06-02,SORTIE,27
7674,6,2025-06-02,SORTIE,21
7675,21,2025-06-02,SORTIE,7
7676,24,2025-06-02,SORTIE,18
7677,18,2025-06-02,SORTIE,18
7678,22,2025-06-02,SORTIE,20
7679,31,2025-06-02,SORTIE,9
7680,5,2025-06-02,SORTIE,10
7681,8,2025-06-03,SORTIE,7
7682,12,2025-06-03,SORTIE,13
7683,35,2025-06-03,SORTIE,23
7684,9,2025-06-03,SORTIE,3
7685,15,2025-06-03,SORTIE,27
7686,5,2025-06-03,SORTIE,6
7687,2,2025-06-03,SORTIE,19
7688,34,2025-06-03,SORTIE,26
7689,32,2025-06-03,SORTIE,29
7690,21,2025-06-03,SORTIE,19
7691,1,2025-06-03,SORTIE,28
7692,31,2025-06-03,SORTIE,23
7693,22,2025-06-03,SORTIE,18
7694,11,2025-06-03,SORTIE,24
7695,24,2025-06-03,SORTIE,11
7696,29,2025-06-03,SORTIE,25
7697,5,2025-06-03,SORTIE,14
7698,7,2025-06-03,SORTIE,5
7699,23,2025-06-04,SORTIE,28
7700,25,2025-06-04,SORTIE,15
7701,3,2025-06-04,SORTIE,13
7702,14,2025-06-04,SORTIE,4
7703,2,2025-06-04,SORTIE,17
7704,24,2025-06-04,SORTIE,10
7705,22,2025-06-04,SORTIE,12
7706,8,2025-06-04,SORTIE,26
7707,20,2025-06-04,SORTIE,29
7708,8,2025-06-04,SORTIE,1
7709,8,2025-06-04,SORTIE,20
7710,20,2025-06-04,SORTIE,28
7711,31,2025-06-04,SORTIE,19
7712,5,2025-06-04,SORTIE,11
7713,22,2025-06-04,SORTIE,3
7714,23,2025-06-04,SORTIE,15
7715,29,2025-06-04,SORTIE,21
7716,16,2025-06-05,SORTIE,24
7717,20,2025-06-05,SORTIE,2
7718,17,2025-06-05,SORTIE,27
7719,34,2025-06-05,SORTIE,18
7720,12,2025-06-05,SORTIE,20
7721,7,2025-06-05,SORTIE,9
7722,27,2025-06-05,SORTIE,4
7723,8,2025-06-05,SORTIE,5
7724,32,2025-06-05,ENTREE,365
7725,33,2025-06-06,SORTIE,20
7726,32,2025-06-06,SORTIE,12
7727,31,2025-06-06,SORTIE,22
7728,27,2025-06-06,SORTIE,24
7729,15,2025-06-06,SORTIE,12
7730,6,2025-06-06,SORTIE,26
7731,27,2025-06-06,SORTIE,5
7732,18,2025-06-06,SORTIE,12
7733,3,2025-06-06,SORTIE,30
7734,18,2025-06-06,SORTIE,18
7735,26,2025-06-06,SORTIE,3
7736,17,2025-06-06,SORTIE,15
7737,13,2025-06-06,SORTIE,26
7738,33,2025-06-06,ENTREE,425
7739,35,2025-06-07,SORTIE,21
7740,10,2025-06-07,SORTIE,28
7741,1,2025-06-07,SORTIE,24
7742,5,2025-06-07,SORTIE,12
7743,6,2025-06-07,SORTIE,12
7744,15,2025-06-07,SORTIE,17
7745,4,2025-06-07,SORTIE,20
7746,22,2025-06-07,SORTIE,12
7747,30,2025-06-07,SORTIE,7
7748,33,2025-06-07,SORTIE,6
7749,7,2025-06-08,SORTIE,5
7750,22,2025-06-08,SORTIE,15
7751,1,2025-06-08,SORTIE,18
7752,31,2025-06-08,SORTIE,18
7753,16,2025-06-08,SORTIE,15
7754,9,2025-06-08,SORTIE,29
7755,11,2025-06-08,SORTIE,12
7756,4,2025-06-08,SORTIE,10
7757,34,2025-06-08,SORTIE,16
7758,2,2025-06-08,SORTIE,2
7759,11,2025-06-08,SORTIE,8
7760,29,2025-06-08,SORTIE,4
7761,12,2025-06-08,SORTIE,17
7762,8,2025-06-08,SORTIE,21
7763,12,2025-06-08,SORTIE,1
7764,19,2025-06-08,SORTIE,10
7765,27,2025-06-08,SORTIE,2
7766,23,2025-06-08,SORTIE,11
7767,4,2025-06-08,SORTIE,30
7768,31,2025-06-08,SORTIE,2
7769,1,2025-06-08,SORTIE,3
7770,29,2025-06-08,SORTIE,27
7771,34,2025-06-08,SORTIE,3
7772,7,2025-06-08,SORTIE,17
7773,28,2025-06-08,SORTIE,21
7774,7,2025-06-08,ENTREE,123
7775,12,2025-06-09,SORTIE,25
7776,10,2025-06-09,SORTIE,27
7777,13,2025-06-09,SORTIE,29
7778,19,2025-06-09,SORTIE,20
7779,7,2025-06-09,SORTIE,3
7780,9,2025-06-09,SORTIE,22
7781,14,2025-06-09,SORTIE,6
7782,13,2025-06-09,SORTIE,14
7783,20,2025-06-09,SORTIE,8
7784,31,2025-06-09,SORTIE,25
7785,5,2025-06-09,SORTIE,4
7786,34,2025-06-09,SORTIE,2
7787,34,2025-06-09,SORTIE,17
7788,17,2025-06-09,SORTIE,29
7789,1,2025-06-09,SORTIE,14
7790,22,2025-06-09,SORTIE,15
7791,22,2025-06-09,SORTIE,9
7792,23,2025-06-09,SORTIE,21
7793,21,2025-06-09,SORTIE,12
7794,19,2025-06-09,SORTIE,29
7795,3,2025-06-09,SORTIE,25
7796,1,2025-06-09,SORTIE,13
7797,23,2025-06-09,SORTIE,12
7798,9,2025-06-09,SORTIE,28
7799,29,2025-06-09,SORTIE,10
7800,18,2025-06-10,SORTIE,3
7801,7,2025-06-10,SORTIE,9
7802,23,2025-06-10,SORTIE,14
7803,28,2025-06-10,SORTIE,3
7804,22,2025-06-10,SORTIE,6
7805,33,2025-06-10,SORTIE,10
7806,31,2025-06-10,SORTIE,5
7807,27,2025-06-10,SORTIE,7
7808,14,2025-06-10,SORTIE,15
7809,28,2025-06-10,SORTIE,8
7810,24,2025-06-11,SORTIE,19
7811,15,2025-06-11,SORTIE,29
7812,16,2025-06-11,SORTIE,26
7813,9,2025-06-11,SORTIE,11
7814,34,2025-06-11,SORTIE,26
7815,27,2025-06-11,SORTIE,8
7816,26,2025-06-11,SORTIE,28
7817,16,2025-06-12,SORTIE,17
7818,26,2025-06-12,SORTIE,7
7819,24,2025-06-12,SORTIE,22
7820,1,2025-06-12,SORTIE,7
7821,16,2025-06-12,SORTIE,6
7822,13,2025-06-12,SORTIE,11
7823,18,2025-06-12,SORTIE,12
7824,12,2025-06-12,SORTIE,20
7825,8,2025-06-12,SORTIE,12
7826,16,2025-06-12,ENTREE,278
7827,28,2025-06-13,SORTIE,18
7828,33,2025-06-13,SORTIE,27
7829,15,2025-06-13,SORTIE,6
7830,34,2025-06-13,SORTIE,24
7831,11,2025-06-13,SORTIE,5
7832,33,2025-06-13,SORTIE,26
7833,3,2025-06-13,SORTIE,22
7834,22,2025-06-13,SORTIE,30
7835,16,2025-06-13,SORTIE,1
7836,17,2025-06-13,SORTIE,8
7837,17,2025-06-13,SORTIE,10
7838,28,2025-06-13,SORTIE,7
7839,32,2025-06-13,SORTIE,13
7840,15,2025-06-13,SORTIE,3
7841,23,2025-06-13,SORTIE,20
7842,30,2025-06-13,SORTIE,4
7843,33,2025-06-13,SORTIE,29
7844,11,2025-06-13,SORTIE,13
7845,17,2025-06-14,SORTIE,27
7846,27,2025-06-14,SORTIE,30
7847,17,2025-06-14,SORTIE,8
7848,5,2025-06-14,SORTIE,12
7849,30,2025-06-14,SORTIE,12
7850,31,2025-06-14,SORTIE,4
7851,31,2025-06-14,SORTIE,9
7852,10,2025-06-14,SORTIE,27
7853,14,2025-06-14,SORTIE,2
7854,10,2025-06-14,SORTIE,3
7855,21,2025-06-15,SORTIE,28
7856,26,2025-06-15,SORTIE,28
7857,13,2025-06-15,SORTIE,15
7858,17,2025-06-15,SORTIE,7
7859,32,2025-06-15,SORTIE,22
7860,25,2025-06-15,SORTIE,18
7861,25,2025-06-15,SORTIE,27
7862,27,2025-06-15,SORTIE,30
7863,35,2025-06-15,SORTIE,6
7864,3,2025-06-15,SORTIE,18
7865,5,2025-06-15,SORTIE,8
7866,27,2025-06-15,SORTIE,14
7867,3,2025-06-15,SORTIE,14
7868,23,2025-06-15,SORTIE,7
7869,21,2025-06-15,SORTIE,26
7870,17,2025-06-15,SORTIE,7
7871,9,2025-06-15,SORTIE,14
7872,29,2025-06-15,SORTIE,23
7873,13,2025-06-15,SORTIE,26
7874,33,2025-06-15,SORTIE,12
7875,8,2025-06-15,SORTIE,28
7876,33,2025-06-15,SORTIE,24
7877,31,2025-06-16,SORTIE,3
7878,23,2025-06-16,SORTIE,27
7879,28,2025-06-16,SORTIE,14
7880,34,2025-06-16,SORTIE,12
7881,22,2025-06-16,ENTREE,332
7882,25,2025-06-17,SORTIE,11
7883,29,2025-06-17,SORTIE,5
7884,29,2025-06-17,SORTIE,11
7885,13,2025-06-18,SORTIE,22
7886,16,2025-06-18,SORTIE,6
7887,10,2025-06-18,SORTIE,23
7888,4,2025-06-18,SORTIE,28
7889,31,2025-06-18,SORTIE,12
7890,30,2025-06-18,SORTIE,11
7891,20,2025-06-18,SORTIE,22
7892,35,2025-06-18,SORTIE,24
7893,25,2025-06-18,SORTIE,15
7894,27,2025-06-18,SORTIE,2
7895,33,2025-06-18,SORTIE,4
7896,34,2025-06-19,SORTIE,24
7897,25,2025-06-19,SORTIE,14
7898,20,2025-06-19,SORTIE,20
7899,2,2025-06-19,SORTIE,13
7900,15,2025-06-19,SORTIE,25
7901,22,2025-06-19,SORTIE,21
7902,23,2025-06-19,SORTIE,20
7903,20,2025-06-19,SORTIE,10
7904,15,2025-06-19,SORTIE,16
7905,4,2025-06-19,SORTIE,17
7906,15,2025-06-19,SORTIE,11
7907,13,2025-06-19,SORTIE,10
7908,19,2025-06-19,SORTIE,6
7909,1,2025-06-19,SORTIE,3
7910,29,2025-06-19,SORTIE,26
7911,25,2025-06-20,SORTIE,16
7912,33,2025-06-20,SORTIE,4
7913,19,2025-06-20,SORTIE,10
7914,5,2025-06-20,SORTIE,19
7915,19,2025-06-20,SORTIE,17
7916,11,2025-06-20,SORTIE,28
7917,11,2025-06-20,SORTIE,18
7918,15,2025-06-20,SORTIE,28
7919,11,2025-06-20,SORTIE,8
7920,4,2025-06-20,SORTIE,13
7921,28,2025-06-20,SORTIE,26
7922,32,2025-06-20,SORTIE,26
7923,30,2025-06-20,SORTIE,17
7924,6,2025-06-21,SORTIE,17
7925,8,2025-06-21,SORTIE,29
7926,20,2025-06-21,SORTIE,15
7927,20,2025-06-21,SORTIE,12
7928,30,2025-06-21,SORTIE,4
7929,32,2025-06-21,SORTIE,11
7930,28,2025-06-21,SORTIE,19
7931,34,2025-06-21,SORTIE,14
7932,16,2025-06-21,SORTIE,29
7933,27,2025-06-21,SORTIE,12
7934,24,2025-06-21,SORTIE,12
7935,17,2025-06-21,SORTIE,18
7936,35,2025-06-21,SORTIE,10
7937,7,2025-06-21,SORTIE,1
7938,12,2025-06-21,SORTIE,7
7939,1,2025-06-21,SORTIE,15
7940,16,2025-06-21,SORTIE,4
7941,35,2025-06-22,SORTIE,9
7942,1,2025-06-22,SORTIE,28
7943,6,2025-06-22,SORTIE,23
7944,22,2025-06-22,SORTIE,28
7945,12,2025-06-22,ENTREE,199
7946,6,2025-06-23,SORTIE,29
7947,18,2025-06-23,SORTIE,21
7948,21,2025-06-23,SORTIE,4
7949,4,2025-06-23,SORTIE,26
7950,18,2025-06-23,SORTIE,26
7951,16,2025-06-23,SORTIE,23
7952,33,2025-06-23,SORTIE,12
7953,23,2025-06-23,SORTIE,14
7954,28,2025-06-23,SORTIE,18
7955,14,2025-06-23,SORTIE,3
7956,33,2025-06-23,SORTIE,27
7957,33,2025-06-23,SORTIE,13
7958,34,2025-06-24,SORTIE,7
7959,3,2025-06-24,SORTIE,30
7960,12,2025-06-24,SORTIE,22
7961,33,2025-06-24,SORTIE,22
7962,8,2025-06-24,SORTIE,15
7963,24,2025-06-24,SORTIE,13
7964,32,2025-06-24,SORTIE,14
7965,33,2025-06-24,SORTIE,11
7966,5,2025-06-24,SORTIE,15
7967,33,2025-06-24,SORTIE,12
7968,5,2025-06-24,SORTIE,19
7969,11,2025-06-24,SORTIE,18
7970,33,2025-06-24,SORTIE,5
7971,23,2025-06-24,SORTIE,15
7972,27,2025-06-24,SORTIE,16
7973,31,2025-06-24,SORTIE,29
7974,20,2025-06-24,ENTREE,386
7975,27,2025-06-25,SORTIE,28
7976,3,2025-06-25,SORTIE,9
7977,34,2025-06-25,SORTIE,8
7978,22,2025-06-25,SORTIE,21
7979,25,2025-06-25,SORTIE,26
7980,25,2025-06-25,SORTIE,19
7981,1,2025-06-25,SORTIE,4
7982,19,2025-06-25,SORTIE,28
7983,14,2025-06-25,SORTIE,26
7984,26,2025-06-25,SORTIE,15
7985,24,2025-06-25,SORTIE,22
7986,20,2025-06-25,SORTIE,6
7987,14,2025-06-25,SORTIE,11
7988,28,2025-06-25,SORTIE,8
7989,35,2025-06-25,SORTIE,1
7990,8,2025-06-25,SORTIE,1
7991,34,2025-06-25,SORTIE,20
7992,11,2025-06-25,SORTIE,21
7993,15,2025-06-25,SORTIE,18
7994,31,2025-06-25,SORTIE,6
7995,8,2025-06-25,SORTIE,28
7996,5,2025-06-25,SORTIE,23
7997,8,2025-06-25,SORTIE,9
7998,21,2025-06-25,SORTIE,27
7999,10,2025-06-25,SORTIE,19
8000,15,2025-06-25,SORTIE,12
8001,34,2025-06-25,SORTIE,30
8002,28,2025-06-25,SORTIE,6
8003,29,2025-06-25,SORTIE,20
8004,22,2025-06-25,SORTIE,20
8005,35,2025-06-25,SORTIE,22
8006,3,2025-06-25,SORTIE,13
8007,24,2025-06-25,ENTREE,162
8008,35,2025-06-26,SORTIE,3
8009,16,2025-06-26,SORTIE,18
8010,5,2025-06-26,SORTIE,29
8011,3,2025-06-26,SORTIE,27
8012,16,2025-06-26,SORTIE,17
8013,26,2025-06-26,SORTIE,7
8014,4,2025-06-26,SORTIE,6
8015,24,2025-06-26,SORTIE,17
8016,2,2025-06-26,SORTIE,1
8017,24,2025-06-26,SORTIE,17
8018,18,2025-06-26,SORTIE,8
8019,10,2025-06-26,SORTIE,29
8020,29,2025-06-26,SORTIE,9
8021,3,2025-06-26,SORTIE,13
8022,11,2025-06-26,SORTIE,28
8023,14,2025-06-26,SORTIE,1
8024,35,2025-06-26,SORTIE,27
8025,16,2025-06-26,SORTIE,1
8026,13,2025-06-26,SORTIE,22
8027,20,2025-06-26,SORTIE,8
8028,23,2025-06-26,SORTIE,4
8029,30,2025-06-26,SORTIE,10
8030,26,2025-06-27,SORTIE,7
8031,32,2025-06-27,SORTIE,11
8032,27,2025-06-27,SORTIE,30
8033,18,2025-06-27,SORTIE,17
8034,29,2025-06-27,SORTIE,4
8035,29,2025-06-27,SORTIE,25
8036,12,2025-06-27,SORTIE,28
8037,8,2025-06-27,SORTIE,10
8038,1,2025-06-27,SORTIE,1
8039,9,2025-06-27,SORTIE,30
8040,18,2025-06-27,SORTIE,18
8041,21,2025-06-27,SORTIE,1
8042,7,2025-06-27,SORTIE,8
8043,23,2025-06-27,SORTIE,5
8044,17,2025-06-27,SORTIE,1
8045,19,2025-06-27,SORTIE,14
8046,17,2025-06-28,SORTIE,10
8047,9,2025-06-28,SORTIE,15
8048,4,2025-06-28,SORTIE,10
8049,21,2025-06-28,SORTIE,30
8050,31,2025-06-28,SORTIE,16
8051,16,2025-06-28,SORTIE,6
8052,13,2025-06-28,SORTIE,2
8053,17,2025-06-28,SORTIE,30
8054,34,2025-06-28,SORTIE,30
8055,7,2025-06-28,SORTIE,12
8056,4,2025-06-28,SORTIE,2
8057,33,2025-06-28,SORTIE,17
8058,35,2025-06-28,SORTIE,4
8059,18,2025-06-28,SORTIE,2
8060,18,2025-06-28,SORTIE,10
8061,27,2025-06-28,SORTIE,9
8062,3,2025-06-28,SORTIE,25
8063,35,2025-06-28,SORTIE,9
8064,35,2025-06-28,SORTIE,9
8065,23,2025-06-28,SORTIE,23
8066,33,2025-06-28,SORTIE,2
8067,17,2025-06-28,SORTIE,25
8068,20,2025-06-28,SORTIE,1
8069,12,2025-06-29,SORTIE,5
8070,3,2025-06-29,SORTIE,7
8071,33,2025-06-29,SORTIE,27
8072,18,2025-06-29,SORTIE,19
8073,3,2025-06-29,SORTIE,20
8074,35,2025-06-29,SORTIE,7
8075,7,2025-06-29,SORTIE,14
8076,26,2025-06-29,SORTIE,19
8077,29,2025-06-29,SORTIE,8
8078,3,2025-06-29,SORTIE,8
8079,20,2025-06-29,SORTIE,17
8080,4,2025-06-29,SORTIE,17
8081,27,2025-06-29,SORTIE,12
8082,31,2025-06-29,SORTIE,15
8083,30,2025-06-29,SORTIE,18
8084,17,2025-06-29,SORTIE,30
8085,1,2025-06-29,SORTIE,11
8086,15,2025-06-29,SORTIE,2
8087,21,2025-06-29,SORTIE,2
8088,21,2025-06-29,SORTIE,8
8089,20,2025-06-29,SORTIE,14
8090,11,2025-06-30,SORTIE,11
8091,2,2025-06-30,SORTIE,23
8092,33,2025-06-30,SORTIE,21
8093,15,2025-06-30,SORTIE,30
8094,33,2025-06-30,SORTIE,12
8095,34,2025-06-30,SORTIE,3
8096,33,2025-06-30,SORTIE,3
8097,31,2025-06-30,SORTIE,14
8098,2,2025-06-30,SORTIE,6
8099,25,2025-06-30,SORTIE,4
8100,11,2025-06-30,SORTIE,30
8101,28,2025-06-30,SORTIE,5
8102,10,2025-06-30,SORTIE,10
8103,26,2025-06-30,SORTIE,13
8104,23,2025-06-30,SORTIE,9
8105,2,2025-06-30,ENTREE,292
8106,6,2025-07-01,SORTIE,25
8107,5,2025-07-01,SORTIE,15
8108,8,2025-07-01,SORTIE,28
8109,27,2025-07-01,SORTIE,2
8110,29,2025-07-01,SORTIE,4
8111,8,2025-07-01,SORTIE,21
8112,32,2025-07-01,SORTIE,6
8113,18,2025-07-01,SORTIE,25
8114,4,2025-07-02,SORTIE,19
8115,28,2025-07-02,SORTIE,22
8116,4,2025-07-02,SORTIE,8
8117,33,2025-07-02,SORTIE,1
8118,22,2025-07-02,SORTIE,4
8119,29,2025-07-03,SORTIE,20
8120,4,2025-07-03,SORTIE,1
8121,31,2025-07-03,SORTIE,2
8122,28,2025-07-03,SORTIE,5
8123,32,2025-07-03,SORTIE,4
8124,29,2025-07-03,SORTIE,17
8125,7,2025-07-03,SORTIE,12
8126,33,2025-07-03,SORTIE,13
8127,30,2025-07-03,SORTIE,19
8128,28,2025-07-03,SORTIE,10
8129,2,2025-07-03,SORTIE,22
8130,3,2025-07-03,SORTIE,28
8131,7,2025-07-03,SORTIE,23
8132,29,2025-07-03,SORTIE,14
8133,30,2025-07-03,SORTIE,20
8134,30,2025-07-03,SORTIE,27
8135,26,2025-07-03,SORTIE,24
8136,26,2025-07-03,SORTIE,5
8137,15,2025-07-03,SORTIE,13
8138,35,2025-07-04,SORTIE,21
8139,23,2025-07-04,SORTIE,10
8140,22,2025-07-04,SORTIE,29
8141,28,2025-07-04,SORTIE,5
8142,9,2025-07-04,SORTIE,9
8143,5,2025-07-04,SORTIE,25
8144,4,2025-07-04,SORTIE,11
8145,12,2025-07-04,SORTIE,6
8146,5,2025-07-05,SORTIE,20
8147,11,2025-07-05,SORTIE,30
8148,13,2025-07-05,SORTIE,9
8149,11,2025-07-05,ENTREE,172
8150,21,2025-07-06,SORTIE,27
8151,10,2025-07-06,ENTREE,273
8152,17,2025-07-07,SORTIE,26
8153,11,2025-07-07,SORTIE,7
8154,33,2025-07-07,SORTIE,10
8155,25,2025-07-07,SORTIE,12
8156,35,2025-07-07,SORTIE,15
8157,27,2025-07-07,SORTIE,15
8158,16,2025-07-07,SORTIE,20
8159,9,2025-07-07,SORTIE,19
8160,33,2025-07-07,SORTIE,20
8161,34,2025-07-07,SORTIE,20
8162,4,2025-07-07,SORTIE,6
8163,3,2025-07-07,SORTIE,5
8164,17,2025-07-07,SORTIE,22
8165,35,2025-07-07,SORTIE,9
8166,11,2025-07-07,SORTIE,7
8167,4,2025-07-07,SORTIE,1
8168,32,2025-07-07,SORTIE,5
8169,4,2025-07-08,SORTIE,20
8170,3,2025-07-08,SORTIE,12
8171,5,2025-07-08,SORTIE,22
8172,18,2025-07-08,SORTIE,24
8173,3,2025-07-08,SORTIE,28
8174,2,2025-07-08,SORTIE,3
8175,16,2025-07-08,SORTIE,8
8176,16,2025-07-08,SORTIE,23
8177,24,2025-07-08,SORTIE,15
8178,13,2025-07-08,SORTIE,21
8179,29,2025-07-08,SORTIE,28
8180,6,2025-07-08,SORTIE,7
8181,30,2025-07-08,SORTIE,21
8182,7,2025-07-08,SORTIE,12
8183,20,2025-07-08,SORTIE,23
8184,32,2025-07-08,SORTIE,25
8185,24,2025-07-08,SORTIE,3
8186,34,2025-07-08,SORTIE,15
8187,4,2025-07-08,SORTIE,1
8188,18,2025-07-08,SORTIE,13
8189,19,2025-07-08,SORTIE,24
8190,5,2025-07-08,SORTIE,23
8191,20,2025-07-08,SORTIE,21
8192,20,2025-07-08,SORTIE,19
8193,16,2025-07-08,ENTREE,417
8194,12,2025-07-09,SORTIE,1
8195,21,2025-07-09,SORTIE,17
8196,18,2025-07-09,SORTIE,11
8197,8,2025-07-09,SORTIE,9
8198,10,2025-07-09,SORTIE,25
8199,24,2025-07-09,SORTIE,30
8200,15,2025-07-09,SORTIE,14
8201,23,2025-07-09,SORTIE,6
8202,33,2025-07-09,SORTIE,9
8203,23,2025-07-09,SORTIE,18
8204,12,2025-07-09,SORTIE,18
8205,32,2025-07-09,SORTIE,21
8206,19,2025-07-09,SORTIE,25
8207,32,2025-07-09,SORTIE,2
8208,34,2025-07-10,SORTIE,25
8209,15,2025-07-10,SORTIE,19
8210,13,2025-07-10,SORTIE,5
8211,5,2025-07-10,SORTIE,15
8212,16,2025-07-10,SORTIE,29
8213,11,2025-07-10,SORTIE,5
8214,32,2025-07-10,SORTIE,27
8215,27,2025-07-10,SORTIE,22
8216,14,2025-07-10,SORTIE,19
8217,3,2025-07-10,SORTIE,10
8218,5,2025-07-10,SORTIE,11
8219,32,2025-07-10,SORTIE,11
8220,18,2025-07-10,SORTIE,16
8221,9,2025-07-10,SORTIE,21
8222,13,2025-07-10,SORTIE,23
8223,10,2025-07-10,SORTIE,6
8224,7,2025-07-10,SORTIE,13
8225,14,2025-07-10,SORTIE,22
8226,24,2025-07-10,SORTIE,8
8227,16,2025-07-10,SORTIE,16
8228,33,2025-07-10,SORTIE,22
8229,23,2025-07-10,SORTIE,29
8230,21,2025-07-10,SORTIE,9
8231,18,2025-07-10,SORTIE,13
8232,35,2025-07-11,SORTIE,20
8233,11,2025-07-11,SORTIE,25
8234,1,2025-07-11,SORTIE,24
8235,5,2025-07-11,SORTIE,10
8236,35,2025-07-11,SORTIE,13
8237,32,2025-07-11,SORTIE,14
8238,12,2025-07-11,SORTIE,3
8239,32,2025-07-11,SORTIE,9
8240,2,2025-07-12,SORTIE,14
8241,12,2025-07-12,SORTIE,6
8242,10,2025-07-12,SORTIE,14
8243,24,2025-07-12,SORTIE,26
8244,3,2025-07-12,SORTIE,10
8245,23,2025-07-12,SORTIE,8
8246,14,2025-07-12,SORTIE,9
8247,20,2025-07-12,SORTIE,30
8248,30,2025-07-12,SORTIE,23
8249,31,2025-07-12,SORTIE,27
8250,32,2025-07-12,ENTREE,386
8251,17,2025-07-13,SORTIE,17
8252,10,2025-07-13,SORTIE,5
8253,22,2025-07-13,SORTIE,27
8254,35,2025-07-13,SORTIE,6
8255,3,2025-07-13,SORTIE,19
8256,12,2025-07-13,SORTIE,4
8257,1,2025-07-13,SORTIE,1
8258,10,2025-07-13,SORTIE,4
8259,14,2025-07-13,SORTIE,19
8260,15,2025-07-13,SORTIE,18
8261,15,2025-07-13,SORTIE,7
8262,5,2025-07-13,SORTIE,12
8263,1,2025-07-13,SORTIE,18
8264,23,2025-07-13,SORTIE,18
8265,12,2025-07-13,SORTIE,26
8266,11,2025-07-13,SORTIE,13
8267,22,2025-07-13,SORTIE,18
8268,12,2025-07-13,SORTIE,19
8269,29,2025-07-13,SORTIE,22
8270,4,2025-07-13,SORTIE,3
8271,35,2025-07-13,SORTIE,27
8272,8,2025-07-13,SORTIE,28
8273,9,2025-07-13,SORTIE,6
8274,10,2025-07-13,SORTIE,27
8275,22,2025-07-14,SORTIE,11
8276,12,2025-07-14,SORTIE,1
8277,13,2025-07-14,SORTIE,15
8278,6,2025-07-14,SORTIE,9
8279,6,2025-07-14,SORTIE,23
8280,5,2025-07-14,SORTIE,25
8281,5,2025-07-14,ENTREE,432
8282,5,2025-07-15,SORTIE,22
8283,12,2025-07-15,SORTIE,11
8284,30,2025-07-15,SORTIE,27
8285,33,2025-07-15,SORTIE,26
8286,28,2025-07-15,SORTIE,16
8287,26,2025-07-15,SORTIE,19
8288,6,2025-07-15,SORTIE,8
8289,23,2025-07-15,SORTIE,5
8290,34,2025-07-15,SORTIE,5
8291,29,2025-07-15,SORTIE,17
8292,23,2025-07-15,SORTIE,13
8293,17,2025-07-15,SORTIE,8
8294,18,2025-07-15,SORTIE,29
8295,16,2025-07-15,SORTIE,14
8296,35,2025-07-15,SORTIE,9
8297,28,2025-07-15,SORTIE,25
8298,12,2025-07-15,SORTIE,19
8299,26,2025-07-15,SORTIE,10
8300,28,2025-07-15,ENTREE,205
8301,5,2025-07-16,SORTIE,26
8302,5,2025-07-16,SORTIE,27
8303,35,2025-07-16,SORTIE,5
8304,27,2025-07-16,SORTIE,7
8305,20,2025-07-16,SORTIE,6
8306,1,2025-07-16,SORTIE,25
8307,6,2025-07-16,SORTIE,12
8308,2,2025-07-16,SORTIE,29
8309,2,2025-07-16,SORTIE,15
8310,23,2025-07-16,SORTIE,3
8311,4,2025-07-16,SORTIE,2
8312,16,2025-07-16,SORTIE,16
8313,32,2025-07-16,SORTIE,18
8314,2,2025-07-16,SORTIE,22
8315,16,2025-07-16,SORTIE,6
8316,16,2025-07-16,SORTIE,13
8317,17,2025-07-16,SORTIE,4
8318,18,2025-07-16,SORTIE,28
8319,3,2025-07-16,SORTIE,28
8320,28,2025-07-16,SORTIE,7
8321,2,2025-07-16,SORTIE,1
8322,20,2025-07-16,SORTIE,2
8323,2,2025-07-16,SORTIE,20
8324,19,2025-07-17,SORTIE,1
8325,11,2025-07-17,SORTIE,30
8326,3,2025-07-17,SORTIE,11
8327,17,2025-07-17,SORTIE,28
8328,16,2025-07-17,SORTIE,12
8329,9,2025-07-17,SORTIE,26
8330,23,2025-07-17,SORTIE,30
8331,23,2025-07-17,SORTIE,16
8332,29,2025-07-17,SORTIE,2
8333,34,2025-07-17,SORTIE,12
8334,16,2025-07-17,SORTIE,26
8335,34,2025-07-17,SORTIE,3
8336,27,2025-07-17,SORTIE,29
8337,1,2025-07-17,SORTIE,22
8338,24,2025-07-17,SORTIE,22
8339,22,2025-07-17,SORTIE,13
8340,17,2025-07-17,SORTIE,20
8341,23,2025-07-17,SORTIE,13
8342,3,2025-07-18,SORTIE,14
8343,5,2025-07-18,SORTIE,11
8344,17,2025-07-18,SORTIE,15
8345,27,2025-07-18,SORTIE,18
8346,27,2025-07-18,SORTIE,21
8347,19,2025-07-18,SORTIE,15
8348,35,2025-07-18,SORTIE,8
8349,15,2025-07-19,SORTIE,4
8350,34,2025-07-19,SORTIE,2
8351,33,2025-07-19,SORTIE,13
8352,32,2025-07-19,SORTIE,24
8353,1,2025-07-19,SORTIE,8
8354,27,2025-07-19,ENTREE,364
8355,14,2025-07-20,SORTIE,24
8356,1,2025-07-20,ENTREE,241
8357,10,2025-07-21,SORTIE,21
8358,18,2025-07-21,SORTIE,10
8359,25,2025-07-21,SORTIE,4
8360,3,2025-07-21,SORTIE,28
8361,6,2025-07-21,SORTIE,20
8362,2,2025-07-21,SORTIE,24
8363,25,2025-07-21,SORTIE,3
8364,12,2025-07-21,SORTIE,21
8365,12,2025-07-21,SORTIE,8
8366,31,2025-07-21,SORTIE,5
8367,12,2025-07-21,SORTIE,14
8368,35,2025-07-21,SORTIE,4
8369,35,2025-07-21,SORTIE,28
8370,9,2025-07-21,SORTIE,12
8371,9,2025-07-21,SORTIE,4
8372,1,2025-07-21,SORTIE,12
8373,33,2025-07-21,SORTIE,29
8374,33,2025-07-21,SORTIE,23
8375,31,2025-07-21,SORTIE,9
8376,10,2025-07-21,SORTIE,27
8377,9,2025-07-21,SORTIE,16
8378,20,2025-07-21,SORTIE,9
8379,4,2025-07-21,SORTIE,3
8380,6,2025-07-21,SORTIE,17
8381,11,2025-07-21,ENTREE,221
8382,33,2025-07-22,SORTIE,13
8383,34,2025-07-22,SORTIE,5
8384,5,2025-07-22,SORTIE,27
8385,11,2025-07-22,SORTIE,2
8386,22,2025-07-22,SORTIE,3
8387,12,2025-07-22,SORTIE,5
8388,13,2025-07-22,SORTIE,13
8389,11,2025-07-22,SORTIE,5
8390,11,2025-07-22,SORTIE,25
8391,33,2025-07-22,SORTIE,15
8392,29,2025-07-22,SORTIE,4
8393,33,2025-07-22,SORTIE,29
8394,35,2025-07-22,SORTIE,3
8395,32,2025-07-22,SORTIE,6
8396,27,2025-07-22,SORTIE,1
8397,33,2025-07-22,SORTIE,9
8398,27,2025-07-22,SORTIE,23
8399,30,2025-07-22,SORTIE,28
8400,31,2025-07-22,SORTIE,1
8401,32,2025-07-22,SORTIE,13
8402,9,2025-07-22,ENTREE,297
8403,14,2025-07-23,SORTIE,5
8404,21,2025-07-23,SORTIE,2
8405,14,2025-07-23,SORTIE,12
8406,22,2025-07-23,SORTIE,24
8407,12,2025-07-23,SORTIE,8
8408,23,2025-07-23,SORTIE,3
8409,11,2025-07-23,SORTIE,29
8410,20,2025-07-23,SORTIE,20
8411,12,2025-07-23,SORTIE,17
8412,31,2025-07-23,SORTIE,7
8413,6,2025-07-23,SORTIE,14
8414,7,2025-07-23,SORTIE,24
8415,4,2025-07-23,SORTIE,11
8416,10,2025-07-23,SORTIE,1
8417,5,2025-07-23,SORTIE,30
8418,25,2025-07-23,SORTIE,27
8419,7,2025-07-24,SORTIE,11
8420,23,2025-07-24,SORTIE,26
8421,23,2025-07-24,SORTIE,17
8422,26,2025-07-24,SORTIE,23
8423,23,2025-07-24,SORTIE,17
8424,23,2025-07-24,SORTIE,4
8425,30,2025-07-24,SORTIE,9
8426,15,2025-07-24,SORTIE,24
8427,16,2025-07-24,SORTIE,7
8428,3,2025-07-24,SORTIE,5
8429,16,2025-07-24,ENTREE,319
8430,5,2025-07-25,SORTIE,26
8431,29,2025-07-25,SORTIE,15
8432,10,2025-07-25,SORTIE,17
8433,8,2025-07-25,SORTIE,5
8434,28,2025-07-25,SORTIE,26
8435,9,2025-07-25,SORTIE,17
8436,18,2025-07-25,SORTIE,14
8437,10,2025-07-25,SORTIE,6
8438,31,2025-07-25,SORTIE,5
8439,5,2025-07-25,SORTIE,11
8440,29,2025-07-25,SORTIE,29
8441,14,2025-07-25,SORTIE,6
8442,3,2025-07-25,SORTIE,7
8443,19,2025-07-25,SORTIE,6
8444,10,2025-07-25,SORTIE,20
8445,3,2025-07-25,SORTIE,4
8446,14,2025-07-25,SORTIE,28
8447,34,2025-07-25,ENTREE,125
8448,15,2025-07-26,SORTIE,13
8449,9,2025-07-26,SORTIE,16
8450,28,2025-07-26,SORTIE,12
8451,8,2025-07-26,SORTIE,20
8452,16,2025-07-26,SORTIE,3
8453,12,2025-07-26,SORTIE,28
8454,32,2025-07-26,SORTIE,29
8455,28,2025-07-26,SORTIE,8
8456,15,2025-07-26,SORTIE,17
8457,9,2025-07-26,SORTIE,14
8458,5,2025-07-26,SORTIE,7
8459,20,2025-07-26,SORTIE,28
8460,14,2025-07-26,SORTIE,18
8461,11,2025-07-26,SORTIE,2
8462,1,2025-07-27,SORTIE,19
8463,26,2025-07-27,SORTIE,7
8464,1,2025-07-27,SORTIE,8
8465,17,2025-07-27,SORTIE,20
8466,8,2025-07-27,SORTIE,17
8467,2,2025-07-27,SORTIE,21
8468,33,2025-07-27,SORTIE,6
8469,11,2025-07-27,SORTIE,1
8470,18,2025-07-27,SORTIE,5
8471,28,2025-07-27,SORTIE,7
8472,8,2025-07-27,SORTIE,22
8473,23,2025-07-27,SORTIE,10
8474,34,2025-07-27,SORTIE,23
8475,29,2025-07-27,SORTIE,20
8476,31,2025-07-27,SORTIE,4
8477,18,2025-07-27,SORTIE,18
8478,16,2025-07-27,SORTIE,12
8479,34,2025-07-27,SORTIE,28
8480,33,2025-07-28,SORTIE,16
8481,9,2025-07-28,SORTIE,28
8482,22,2025-07-28,SORTIE,15
8483,14,2025-07-28,SORTIE,7
8484,16,2025-07-28,SORTIE,4
8485,12,2025-07-28,SORTIE,6
8486,26,2025-07-28,SORTIE,17
8487,2,2025-07-28,SORTIE,6
8488,29,2025-07-28,SORTIE,13
8489,17,2025-07-28,SORTIE,15
8490,32,2025-07-28,SORTIE,7
8491,23,2025-07-28,SORTIE,26
8492,28,2025-07-28,SORTIE,7
8493,21,2025-07-28,SORTIE,15
8494,1,2025-07-28,SORTIE,30
8495,4,2025-07-28,SORTIE,3
8496,25,2025-07-28,SORTIE,4
8497,30,2025-07-29,SORTIE,19
8498,15,2025-07-29,SORTIE,23
8499,12,2025-07-29,SORTIE,2
8500,16,2025-07-29,SORTIE,20
8501,33,2025-07-29,SORTIE,21
8502,7,2025-07-29,SORTIE,29
8503,8,2025-07-29,SORTIE,14
8504,21,2025-07-29,SORTIE,6
8505,19,2025-07-29,SORTIE,18
8506,33,2025-07-29,SORTIE,21
8507,1,2025-07-29,SORTIE,8
8508,1,2025-07-29,SORTIE,20
8509,8,2025-07-30,SORTIE,14
8510,22,2025-07-30,SORTIE,9
8511,2,2025-07-30,SORTIE,14
8512,20,2025-07-30,SORTIE,6
8513,20,2025-07-30,SORTIE,5
8514,28,2025-07-30,SORTIE,25
8515,34,2025-07-30,SORTIE,25
8516,23,2025-07-30,ENTREE,356
8517,29,2025-07-31,SORTIE,28
8518,22,2025-07-31,SORTIE,26
8519,14,2025-07-31,SORTIE,24
8520,26,2025-07-31,SORTIE,4
8521,34,2025-07-31,SORTIE,6
8522,29,2025-07-31,SORTIE,5
8523,7,2025-07-31,SORTIE,30
8524,24,2025-07-31,SORTIE,13
8525,2,2025-07-31,SORTIE,1
8526,17,2025-08-01,SORTIE,26
8527,17,2025-08-01,SORTIE,5
8528,22,2025-08-01,SORTIE,21
8529,32,2025-08-01,SORTIE,25
8530,10,2025-08-01,SORTIE,9
8531,15,2025-08-01,SORTIE,2
8532,11,2025-08-01,SORTIE,7
8533,6,2025-08-01,SORTIE,8
8534,32,2025-08-01,SORTIE,18
8535,35,2025-08-01,SORTIE,17
8536,14,2025-08-02,SORTIE,28
8537,10,2025-08-02,SORTIE,5
8538,34,2025-08-02,SORTIE,20
8539,34,2025-08-02,SORTIE,21
8540,17,2025-08-02,SORTIE,26
8541,19,2025-08-02,SORTIE,6
8542,5,2025-08-02,SORTIE,29
8543,5,2025-08-02,SORTIE,14
8544,19,2025-08-02,SORTIE,21
8545,15,2025-08-02,SORTIE,12
8546,15,2025-08-02,SORTIE,20
8547,3,2025-08-02,SORTIE,11
8548,27,2025-08-02,SORTIE,4
8549,7,2025-08-02,SORTIE,30
8550,30,2025-08-02,SORTIE,6
8551,34,2025-08-02,ENTREE,151
8552,27,2025-08-03,SORTIE,26
8553,23,2025-08-03,SORTIE,28
8554,23,2025-08-03,SORTIE,24
8555,11,2025-08-03,SORTIE,12
8556,8,2025-08-03,SORTIE,7
8557,12,2025-08-03,SORTIE,15
8558,32,2025-08-03,SORTIE,2
8559,20,2025-08-03,SORTIE,5
8560,10,2025-08-03,SORTIE,29
8561,27,2025-08-03,SORTIE,28
8562,21,2025-08-03,SORTIE,4
8563,6,2025-08-03,SORTIE,2
8564,29,2025-08-03,SORTIE,23
8565,2,2025-08-03,SORTIE,15
8566,19,2025-08-03,SORTIE,4
8567,5,2025-08-03,ENTREE,261
8568,11,2025-08-04,SORTIE,18
8569,1,2025-08-04,SORTIE,8
8570,20,2025-08-04,SORTIE,29
8571,24,2025-08-04,SORTIE,3
8572,10,2025-08-04,SORTIE,5
8573,17,2025-08-04,SORTIE,13
8574,32,2025-08-04,SORTIE,17
8575,5,2025-08-04,SORTIE,4
8576,32,2025-08-04,SORTIE,24
8577,33,2025-08-04,SORTIE,26
8578,27,2025-08-04,SORTIE,13
8579,24,2025-08-04,SORTIE,30
8580,13,2025-08-04,SORTIE,9
8581,35,2025-08-04,SORTIE,12
8582,13,2025-08-04,SORTIE,3
8583,14,2025-08-04,SORTIE,28
8584,11,2025-08-04,SORTIE,9
8585,31,2025-08-04,SORTIE,22
8586,3,2025-08-04,SORTIE,4
8587,13,2025-08-04,SORTIE,25
8588,14,2025-08-04,SORTIE,3
8589,31,2025-08-04,SORTIE,21
8590,33,2025-08-04,ENTREE,242
8591,25,2025-08-05,SORTIE,29
8592,17,2025-08-05,SORTIE,11
8593,25,2025-08-05,SORTIE,14
8594,17,2025-08-05,SORTIE,25
8595,2,2025-08-05,SORTIE,6
8596,3,2025-08-05,SORTIE,5
8597,3,2025-08-05,SORTIE,24
8598,19,2025-08-05,SORTIE,9
8599,18,2025-08-05,ENTREE,478
8600,19,2025-08-06,SORTIE,29
8601,10,2025-08-06,SORTIE,20
8602,24,2025-08-06,SORTIE,18
8603,33,2025-08-06,SORTIE,27
8604,14,2025-08-06,SORTIE,26
8605,32,2025-08-06,ENTREE,237
8606,30,2025-08-07,SORTIE,7
8607,8,2025-08-07,SORTIE,11
8608,17,2025-08-07,SORTIE,14
8609,23,2025-08-07,SORTIE,26
8610,7,2025-08-07,SORTIE,28
8611,34,2025-08-07,SORTIE,30
8612,4,2025-08-07,ENTREE,283
8613,32,2025-08-08,SORTIE,25
8614,15,2025-08-08,SORTIE,28
8615,8,2025-08-08,SORTIE,27
8616,33,2025-08-08,SORTIE,16
8617,8,2025-08-08,SORTIE,26
8618,25,2025-08-08,SORTIE,13
8619,26,2025-08-08,SORTIE,20
8620,23,2025-08-08,SORTIE,27
8621,9,2025-08-08,SORTIE,13
8622,21,2025-08-08,SORTIE,27
8623,11,2025-08-08,SORTIE,23
8624,19,2025-08-08,SORTIE,28
8625,17,2025-08-08,SORTIE,5
8626,26,2025-08-08,SORTIE,12
8627,35,2025-08-08,SORTIE,1
8628,24,2025-08-08,SORTIE,28
8629,5,2025-08-08,SORTIE,12
8630,4,2025-08-08,SORTIE,11
8631,3,2025-08-08,SORTIE,4
8632,33,2025-08-08,SORTIE,16
8633,3,2025-08-08,SORTIE,6
8634,5,2025-08-08,ENTREE,394
8635,31,2025-08-09,SORTIE,19
8636,20,2025-08-09,SORTIE,10
8637,35,2025-08-09,SORTIE,20
8638,12,2025-08-09,SORTIE,28
8639,7,2025-08-09,SORTIE,6
8640,6,2025-08-09,SORTIE,1
8641,4,2025-08-09,SORTIE,18
8642,32,2025-08-09,SORTIE,27
8643,22,2025-08-09,SORTIE,4
8644,14,2025-08-09,SORTIE,22
8645,3,2025-08-09,ENTREE,139
8646,25,2025-08-10,SORTIE,19
8647,8,2025-08-10,SORTIE,2
8648,26,2025-08-10,SORTIE,27
8649,15,2025-08-10,SORTIE,16
8650,29,2025-08-10,SORTIE,7
8651,4,2025-08-10,SORTIE,1
8652,6,2025-08-10,SORTIE,9
8653,33,2025-08-10,SORTIE,23
8654,28,2025-08-10,SORTIE,18
8655,31,2025-08-11,SORTIE,8
8656,4,2025-08-11,SORTIE,26
8657,33,2025-08-11,SORTIE,28
8658,19,2025-08-11,SORTIE,2
8659,22,2025-08-11,SORTIE,23
8660,4,2025-08-11,SORTIE,28
8661,19,2025-08-11,SORTIE,27
8662,22,2025-08-11,ENTREE,331
8663,33,2025-08-12,SORTIE,3
8664,13,2025-08-12,SORTIE,9
8665,32,2025-08-12,SORTIE,15
8666,2,2025-08-12,SORTIE,3
8667,6,2025-08-12,SORTIE,30
8668,16,2025-08-12,SORTIE,11
8669,19,2025-08-12,SORTIE,22
8670,25,2025-08-12,SORTIE,18
8671,13,2025-08-12,SORTIE,10
8672,19,2025-08-13,SORTIE,12
8673,12,2025-08-13,SORTIE,25
8674,21,2025-08-13,SORTIE,30
8675,23,2025-08-13,SORTIE,26
8676,21,2025-08-13,SORTIE,7
8677,28,2025-08-13,SORTIE,2
8678,29,2025-08-13,SORTIE,13
8679,18,2025-08-13,SORTIE,27
8680,14,2025-08-13,SORTIE,14
8681,35,2025-08-13,SORTIE,21
8682,23,2025-08-13,SORTIE,18
8683,3,2025-08-13,SORTIE,15
8684,19,2025-08-13,SORTIE,4
8685,27,2025-08-14,SORTIE,29
8686,20,2025-08-14,SORTIE,11
8687,1,2025-08-14,SORTIE,3
8688,19,2025-08-14,SORTIE,18
8689,5,2025-08-14,SORTIE,13
8690,17,2025-08-14,SORTIE,4
8691,13,2025-08-14,SORTIE,12
8692,6,2025-08-15,SORTIE,8
8693,6,2025-08-15,SORTIE,24
8694,31,2025-08-15,SORTIE,2
8695,9,2025-08-15,SORTIE,27
8696,15,2025-08-15,SORTIE,19
8697,16,2025-08-15,SORTIE,18
8698,4,2025-08-15,SORTIE,25
8699,6,2025-08-15,SORTIE,21
8700,20,2025-08-15,SORTIE,30
8701,34,2025-08-16,SORTIE,3
8702,15,2025-08-16,SORTIE,15
8703,6,2025-08-16,SORTIE,4
8704,10,2025-08-16,SORTIE,1
8705,32,2025-08-16,SORTIE,29
8706,6,2025-08-16,SORTIE,26
8707,34,2025-08-16,SORTIE,20
8708,35,2025-08-17,SORTIE,27
8709,27,2025-08-17,SORTIE,11
8710,1,2025-08-17,SORTIE,28
8711,24,2025-08-17,SORTIE,28
8712,31,2025-08-17,SORTIE,25
8713,27,2025-08-17,SORTIE,15
8714,34,2025-08-17,SORTIE,16
8715,33,2025-08-17,SORTIE,25
8716,18,2025-08-17,SORTIE,28
8717,27,2025-08-17,SORTIE,14
8718,22,2025-08-17,SORTIE,5
8719,2,2025-08-17,SORTIE,15
8720,3,2025-08-17,SORTIE,16
8721,22,2025-08-17,SORTIE,25
8722,20,2025-08-17,SORTIE,29
8723,28,2025-08-17,SORTIE,17
8724,11,2025-08-17,SORTIE,12
8725,16,2025-08-18,SORTIE,5
8726,13,2025-08-18,SORTIE,26
8727,9,2025-08-18,SORTIE,24
8728,26,2025-08-18,SORTIE,28
8729,14,2025-08-18,SORTIE,21
8730,6,2025-08-18,SORTIE,17
8731,22,2025-08-18,SORTIE,12
8732,19,2025-08-18,SORTIE,9
8733,33,2025-08-18,SORTIE,11
8734,24,2025-08-18,SORTIE,16
8735,2,2025-08-18,SORTIE,20
8736,23,2025-08-18,SORTIE,26
8737,2,2025-08-18,SORTIE,7
8738,21,2025-08-18,SORTIE,25
8739,16,2025-08-18,SORTIE,27
8740,9,2025-08-18,SORTIE,19
8741,6,2025-08-18,SORTIE,19
8742,29,2025-08-18,SORTIE,16
8743,4,2025-08-18,ENTREE,162
8744,15,2025-08-19,SORTIE,3
8745,15,2025-08-19,SORTIE,20
8746,9,2025-08-19,SORTIE,25
8747,22,2025-08-19,SORTIE,25
8748,20,2025-08-19,SORTIE,8
8749,21,2025-08-19,SORTIE,8
8750,13,2025-08-19,SORTIE,18
8751,19,2025-08-19,SORTIE,1
8752,5,2025-08-19,SORTIE,22
8753,15,2025-08-19,SORTIE,22
8754,25,2025-08-19,SORTIE,10
8755,34,2025-08-19,SORTIE,3
8756,25,2025-08-19,SORTIE,21
8757,24,2025-08-19,SORTIE,8
8758,26,2025-08-19,SORTIE,22
8759,30,2025-08-19,SORTIE,1
8760,34,2025-08-19,SORTIE,28
8761,1,2025-08-19,ENTREE,445
8762,9,2025-08-20,SORTIE,13
8763,1,2025-08-20,SORTIE,12
8764,32,2025-08-20,SORTIE,5
8765,12,2025-08-20,SORTIE,23
8766,6,2025-08-20,SORTIE,16
8767,28,2025-08-20,SORTIE,21
8768,10,2025-08-20,SORTIE,6
8769,4,2025-08-20,SORTIE,2
8770,3,2025-08-20,SORTIE,25
8771,23,2025-08-20,SORTIE,24
8772,25,2025-08-20,SORTIE,15
8773,1,2025-08-20,SORTIE,8
8774,35,2025-08-20,SORTIE,15
8775,10,2025-08-20,SORTIE,11
8776,20,2025-08-20,ENTREE,174
8777,33,2025-08-21,SORTIE,4
8778,31,2025-08-21,SORTIE,19
8779,7,2025-08-21,SORTIE,21
8780,29,2025-08-22,SORTIE,29
8781,32,2025-08-22,SORTIE,21
8782,12,2025-08-22,SORTIE,18
8783,1,2025-08-22,SORTIE,6
8784,7,2025-08-22,SORTIE,4
8785,19,2025-08-22,SORTIE,21
8786,25,2025-08-22,SORTIE,5
8787,6,2025-08-22,SORTIE,16
8788,19,2025-08-22,SORTIE,30
8789,34,2025-08-23,SORTIE,11
8790,25,2025-08-23,SORTIE,5
8791,23,2025-08-23,SORTIE,13
8792,25,2025-08-23,SORTIE,26
8793,29,2025-08-23,SORTIE,10
8794,21,2025-08-23,SORTIE,17
8795,31,2025-08-23,SORTIE,29
8796,12,2025-08-23,SORTIE,27
8797,31,2025-08-23,SORTIE,24
8798,2,2025-08-24,SORTIE,28
8799,20,2025-08-24,SORTIE,13
8800,25,2025-08-24,SORTIE,11
8801,1,2025-08-24,SORTIE,21
8802,20,2025-08-24,SORTIE,24
8803,10,2025-08-24,SORTIE,13
8804,24,2025-08-24,SORTIE,24
8805,10,2025-08-24,SORTIE,18
8806,15,2025-08-24,SORTIE,10
8807,23,2025-08-24,SORTIE,10
8808,10,2025-08-24,SORTIE,9
8809,20,2025-08-24,SORTIE,23
8810,5,2025-08-24,SORTIE,14
8811,2,2025-08-24,SORTIE,15
8812,26,2025-08-25,SORTIE,7
8813,1,2025-08-25,SORTIE,7
8814,15,2025-08-25,SORTIE,1
8815,5,2025-08-25,SORTIE,7
8816,18,2025-08-25,SORTIE,21
8817,25,2025-08-25,SORTIE,17
8818,8,2025-08-25,SORTIE,13
8819,34,2025-08-25,SORTIE,13
8820,33,2025-08-25,SORTIE,28
8821,3,2025-08-25,SORTIE,3
8822,24,2025-08-25,SORTIE,25
8823,3,2025-08-25,SORTIE,2
8824,31,2025-08-25,SORTIE,12
8825,18,2025-08-25,SORTIE,19
8826,33,2025-08-25,SORTIE,1
8827,11,2025-08-25,SORTIE,20
8828,34,2025-08-25,SORTIE,18
8829,22,2025-08-25,SORTIE,27
8830,18,2025-08-26,SORTIE,21
8831,3,2025-08-26,SORTIE,9
8832,17,2025-08-26,SORTIE,22
8833,5,2025-08-26,SORTIE,26
8834,34,2025-08-26,SORTIE,22
8835,17,2025-08-26,SORTIE,6
8836,7,2025-08-26,SORTIE,21
8837,33,2025-08-26,SORTIE,8
8838,25,2025-08-26,SORTIE,30
8839,26,2025-08-26,SORTIE,22
8840,28,2025-08-26,SORTIE,24
8841,22,2025-08-26,SORTIE,23
8842,19,2025-08-26,SORTIE,21
8843,16,2025-08-26,SORTIE,14
8844,25,2025-08-26,ENTREE,356
8845,23,2025-08-27,SORTIE,28
8846,26,2025-08-27,SORTIE,6
8847,19,2025-08-27,SORTIE,4
8848,35,2025-08-27,SORTIE,22
8849,8,2025-08-28,SORTIE,19
8850,30,2025-08-28,SORTIE,14
8851,13,2025-08-28,SORTIE,18
8852,22,2025-08-28,SORTIE,13
8853,34,2025-08-28,SORTIE,4
8854,4,2025-08-28,SORTIE,12
8855,35,2025-08-28,ENTREE,181
8856,23,2025-08-29,SORTIE,12
8857,21,2025-08-29,SORTIE,5
8858,20,2025-08-29,SORTIE,13
8859,20,2025-08-29,SORTIE,24
8860,16,2025-08-29,SORTIE,24
8861,2,2025-08-30,SORTIE,28
8862,29,2025-08-30,SORTIE,15
8863,22,2025-08-30,SORTIE,2
8864,35,2025-08-30,SORTIE,18
8865,8,2025-08-30,SORTIE,18
8866,13,2025-08-30,SORTIE,3
8867,22,2025-08-30,SORTIE,1
8868,25,2025-08-30,SORTIE,2
8869,31,2025-08-30,SORTIE,22
8870,8,2025-08-31,SORTIE,3
8871,16,2025-08-31,SORTIE,1
8872,25,2025-08-31,SORTIE,9
8873,26,2025-08-31,SORTIE,21
8874,13,2025-08-31,SORTIE,10
8875,15,2025-08-31,SORTIE,7
8876,32,2025-08-31,SORTIE,24
8877,6,2025-08-31,SORTIE,6
8878,30,2025-08-31,SORTIE,25
8879,3,2025-08-31,SORTIE,25
8880,13,2025-08-31,SORTIE,28
8881,10,2025-08-31,SORTIE,7
8882,15,2025-08-31,SORTIE,13
8883,6,2025-08-31,SORTIE,6
8884,25,2025-09-01,SORTIE,3
8885,26,2025-09-01,SORTIE,12
8886,12,2025-09-02,SORTIE,11
8887,31,2025-09-02,SORTIE,30
8888,31,2025-09-02,SORTIE,7
8889,25,2025-09-02,SORTIE,3
8890,1,2025-09-02,SORTIE,10
8891,24,2025-09-02,SORTIE,26
8892,28,2025-09-02,SORTIE,25
8893,20,2025-09-02,SORTIE,12
8894,32,2025-09-02,SORTIE,29
8895,34,2025-09-02,SORTIE,29
8896,1,2025-09-02,SORTIE,14
8897,26,2025-09-02,SORTIE,1
8898,7,2025-09-02,SORTIE,13
8899,27,2025-09-03,SORTIE,15
8900,2,2025-09-03,SORTIE,28
8901,13,2025-09-03,SORTIE,16
8902,35,2025-09-03,SORTIE,29
8903,5,2025-09-03,SORTIE,9
8904,6,2025-09-03,SORTIE,25
8905,12,2025-09-03,SORTIE,29
8906,5,2025-09-03,SORTIE,6
8907,9,2025-09-03,ENTREE,388
8908,8,2025-09-04,SORTIE,5
8909,3,2025-09-04,SORTIE,3
8910,1,2025-09-04,SORTIE,25
8911,33,2025-09-04,SORTIE,11
8912,3,2025-09-04,SORTIE,8
8913,12,2025-09-04,SORTIE,17
8914,10,2025-09-04,SORTIE,4
8915,17,2025-09-04,SORTIE,4
8916,15,2025-09-04,SORTIE,17
8917,9,2025-09-04,SORTIE,14
8918,33,2025-09-04,SORTIE,11
8919,7,2025-09-04,SORTIE,23
8920,18,2025-09-04,SORTIE,3
8921,6,2025-09-04,SORTIE,5
8922,4,2025-09-04,SORTIE,23
8923,1,2025-09-04,SORTIE,20
8924,5,2025-09-04,SORTIE,29
8925,10,2025-09-04,SORTIE,2
8926,11,2025-09-04,SORTIE,1
8927,12,2025-09-04,SORTIE,14
8928,27,2025-09-04,SORTIE,6
8929,22,2025-09-04,SORTIE,4
8930,23,2025-09-04,SORTIE,24
8931,9,2025-09-05,SORTIE,18
8932,14,2025-09-05,SORTIE,6
8933,15,2025-09-05,SORTIE,24
8934,12,2025-09-05,SORTIE,15
8935,8,2025-09-05,SORTIE,4
8936,33,2025-09-05,SORTIE,5
8937,27,2025-09-05,SORTIE,9
8938,26,2025-09-05,SORTIE,9
8939,6,2025-09-05,SORTIE,6
8940,19,2025-09-06,SORTIE,1
8941,23,2025-09-06,SORTIE,20
8942,21,2025-09-06,SORTIE,2
8943,31,2025-09-06,SORTIE,5
8944,8,2025-09-06,SORTIE,21
8945,20,2025-09-06,SORTIE,26
8946,14,2025-09-06,SORTIE,8
8947,8,2025-09-06,SORTIE,6
8948,14,2025-09-06,SORTIE,13
8949,25,2025-09-06,SORTIE,3
8950,9,2025-09-06,SORTIE,11
8951,9,2025-09-06,SORTIE,2
8952,18,2025-09-06,SORTIE,29
8953,34,2025-09-06,SORTIE,10
8954,6,2025-09-06,SORTIE,15
8955,13,2025-09-06,SORTIE,28
8956,29,2025-09-06,SORTIE,18
8957,2,2025-09-06,ENTREE,304
8958,22,2025-09-07,SORTIE,23
8959,20,2025-09-07,SORTIE,23
8960,16,2025-09-07,SORTIE,23
8961,34,2025-09-07,SORTIE,16
8962,29,2025-09-07,SORTIE,2
8963,5,2025-09-07,SORTIE,2
8964,4,2025-09-07,SORTIE,7
8965,7,2025-09-07,SORTIE,19
8966,2,2025-09-07,SORTIE,13
8967,33,2025-09-07,SORTIE,26
8968,32,2025-09-07,SORTIE,29
8969,35,2025-09-08,SORTIE,6
8970,10,2025-09-08,SORTIE,14
8971,23,2025-09-08,SORTIE,30
8972,12,2025-09-08,SORTIE,13
8973,5,2025-09-08,SORTIE,14
8974,7,2025-09-08,SORTIE,12
8975,28,2025-09-08,SORTIE,28
8976,14,2025-09-08,SORTIE,9
8977,5,2025-09-08,SORTIE,3
8978,25,2025-09-08,SORTIE,16
8979,11,2025-09-08,SORTIE,24
8980,23,2025-09-08,SORTIE,6
8981,29,2025-09-08,SORTIE,24
8982,33,2025-09-08,SORTIE,17
8983,4,2025-09-08,SORTIE,19
8984,33,2025-09-08,SORTIE,11
8985,4,2025-09-08,SORTIE,12
8986,7,2025-09-08,SORTIE,28
8987,17,2025-09-08,SORTIE,7
8988,5,2025-09-09,SORTIE,28
8989,4,2025-09-09,SORTIE,2
8990,20,2025-09-09,SORTIE,28
8991,30,2025-09-09,SORTIE,14
8992,9,2025-09-09,SORTIE,4
8993,7,2025-09-09,SORTIE,12
8994,28,2025-09-09,SORTIE,2
8995,7,2025-09-09,SORTIE,10
8996,30,2025-09-09,SORTIE,15
8997,18,2025-09-09,SORTIE,16
8998,29,2025-09-09,SORTIE,25
8999,25,2025-09-09,SORTIE,20
9000,25,2025-09-09,SORTIE,5
9001,10,2025-09-09,SORTIE,8
9002,21,2025-09-09,SORTIE,17
9003,9,2025-09-09,SORTIE,7
9004,12,2025-09-09,SORTIE,15
9005,7,2025-09-09,SORTIE,16
9006,6,2025-09-09,SORTIE,30
9007,4,2025-09-09,SORTIE,8
9008,5,2025-09-09,SORTIE,10
9009,2,2025-09-09,SORTIE,20
9010,12,2025-09-09,SORTIE,15
9011,28,2025-09-09,SORTIE,16
9012,35,2025-09-10,SORTIE,10
9013,18,2025-09-10,SORTIE,13
9014,21,2025-09-10,SORTIE,9
9015,1,2025-09-10,SORTIE,11
9016,14,2025-09-10,SORTIE,29
9017,5,2025-09-10,SORTIE,18
9018,19,2025-09-10,SORTIE,29
9019,20,2025-09-10,SORTIE,19
9020,2,2025-09-10,SORTIE,2
9021,14,2025-09-10,SORTIE,18
9022,3,2025-09-10,SORTIE,2
9023,22,2025-09-10,SORTIE,4
9024,13,2025-09-10,SORTIE,17
9025,26,2025-09-10,SORTIE,20
9026,20,2025-09-10,SORTIE,14
9027,19,2025-09-10,SORTIE,27
9028,13,2025-09-10,SORTIE,14
9029,24,2025-09-10,SORTIE,22
9030,35,2025-09-10,SORTIE,1
9031,17,2025-09-10,SORTIE,3
9032,16,2025-09-10,SORTIE,28
9033,17,2025-09-10,SORTIE,19
9034,21,2025-09-10,SORTIE,25
9035,11,2025-09-10,SORTIE,26
9036,33,2025-09-10,SORTIE,24
9037,1,2025-09-10,SORTIE,27
9038,2,2025-09-10,ENTREE,326
9039,12,2025-09-11,SORTIE,4
9040,30,2025-09-11,SORTIE,9
9041,11,2025-09-11,SORTIE,3
9042,12,2025-09-11,SORTIE,24
9043,4,2025-09-11,SORTIE,27
9044,20,2025-09-11,SORTIE,22
9045,22,2025-09-11,SORTIE,5
9046,16,2025-09-11,SORTIE,8
9047,21,2025-09-11,SORTIE,14
9048,10,2025-09-11,SORTIE,24
9049,16,2025-09-11,SORTIE,20
9050,2,2025-09-11,SORTIE,7
9051,10,2025-09-11,SORTIE,12
9052,17,2025-09-11,SORTIE,14
9053,3,2025-09-11,SORTIE,20
9054,20,2025-09-11,SORTIE,13
9055,26,2025-09-11,SORTIE,16
9056,32,2025-09-11,SORTIE,12
9057,27,2025-09-11,SORTIE,9
9058,33,2025-09-11,SORTIE,4
9059,35,2025-09-11,SORTIE,10
9060,33,2025-09-11,SORTIE,22
9061,1,2025-09-11,SORTIE,16
9062,5,2025-09-11,SORTIE,2
9063,7,2025-09-11,SORTIE,10
9064,3,2025-09-11,SORTIE,10
9065,19,2025-09-11,ENTREE,177
9066,6,2025-09-12,SORTIE,7
9067,14,2025-09-12,SORTIE,4
9068,25,2025-09-12,SORTIE,10
9069,18,2025-09-12,SORTIE,3
9070,30,2025-09-12,SORTIE,24
9071,21,2025-09-12,SORTIE,5
9072,10,2025-09-12,SORTIE,18
9073,19,2025-09-12,SORTIE,17
9074,31,2025-09-12,SORTIE,2
9075,6,2025-09-12,SORTIE,23
9076,1,2025-09-12,ENTREE,440
9077,11,2025-09-13,SORTIE,25
9078,7,2025-09-13,SORTIE,19
9079,7,2025-09-13,SORTIE,17
9080,28,2025-09-13,SORTIE,2
9081,17,2025-09-13,SORTIE,19
9082,11,2025-09-13,SORTIE,25
9083,15,2025-09-13,SORTIE,19
9084,8,2025-09-13,SORTIE,21
9085,4,2025-09-14,SORTIE,10
9086,28,2025-09-14,SORTIE,25
9087,11,2025-09-14,SORTIE,20
9088,22,2025-09-14,SORTIE,6
9089,24,2025-09-14,SORTIE,7
9090,1,2025-09-14,SORTIE,20
9091,8,2025-09-14,ENTREE,313
9092,18,2025-09-15,SORTIE,28
9093,13,2025-09-15,SORTIE,8
9094,6,2025-09-15,SORTIE,9
9095,16,2025-09-15,SORTIE,21
9096,12,2025-09-16,SORTIE,4
9097,13,2025-09-16,SORTIE,6
9098,22,2025-09-16,SORTIE,16
9099,21,2025-09-16,SORTIE,27
9100,30,2025-09-16,SORTIE,6
9101,4,2025-09-16,SORTIE,15
9102,11,2025-09-16,SORTIE,3
9103,33,2025-09-16,SORTIE,11
9104,21,2025-09-16,SORTIE,8
9105,18,2025-09-16,SORTIE,7
9106,10,2025-09-16,SORTIE,19
9107,19,2025-09-16,SORTIE,25
9108,9,2025-09-16,SORTIE,19
9109,7,2025-09-16,SORTIE,13
9110,21,2025-09-16,SORTIE,14
9111,23,2025-09-17,SORTIE,3
9112,29,2025-09-17,SORTIE,28
9113,14,2025-09-17,SORTIE,16
9114,22,2025-09-17,SORTIE,24
9115,35,2025-09-17,SORTIE,22
9116,6,2025-09-17,SORTIE,23
9117,17,2025-09-17,SORTIE,10
9118,20,2025-09-17,SORTIE,2
9119,21,2025-09-17,SORTIE,11
9120,2,2025-09-17,SORTIE,3
9121,24,2025-09-17,SORTIE,5
9122,19,2025-09-17,SORTIE,8
9123,4,2025-09-17,SORTIE,6
9124,3,2025-09-17,SORTIE,25
9125,33,2025-09-17,SORTIE,2
9126,31,2025-09-17,SORTIE,3
9127,4,2025-09-17,SORTIE,25
9128,20,2025-09-17,SORTIE,14
9129,23,2025-09-17,SORTIE,4
9130,19,2025-09-18,SORTIE,17
9131,12,2025-09-18,SORTIE,30
9132,20,2025-09-18,SORTIE,9
9133,2,2025-09-18,SORTIE,2
9134,24,2025-09-18,SORTIE,27
9135,16,2025-09-18,SORTIE,28
9136,32,2025-09-18,SORTIE,14
9137,9,2025-09-18,SORTIE,23
9138,7,2025-09-18,SORTIE,11
9139,5,2025-09-18,SORTIE,30
9140,19,2025-09-18,SORTIE,6
9141,35,2025-09-18,SORTIE,30
9142,35,2025-09-18,SORTIE,30
9143,18,2025-09-19,SORTIE,18
9144,23,2025-09-19,SORTIE,23
9145,3,2025-09-19,SORTIE,24
9146,12,2025-09-19,SORTIE,11
9147,6,2025-09-19,SORTIE,3
9148,5,2025-09-19,SORTIE,2
9149,14,2025-09-19,SORTIE,7
9150,4,2025-09-19,SORTIE,12
9151,30,2025-09-19,SORTIE,15
9152,18,2025-09-19,SORTIE,16
9153,16,2025-09-19,SORTIE,8
9154,8,2025-09-19,SORTIE,3
9155,18,2025-09-19,SORTIE,12
9156,35,2025-09-19,SORTIE,20
9157,23,2025-09-19,SORTIE,6
9158,31,2025-09-19,SORTIE,3
9159,17,2025-09-19,ENTREE,251
9160,7,2025-09-20,SORTIE,26
9161,6,2025-09-20,SORTIE,17
9162,16,2025-09-20,SORTIE,17
9163,16,2025-09-20,SORTIE,29
9164,33,2025-09-20,SORTIE,19
9165,32,2025-09-20,SORTIE,9
9166,4,2025-09-20,SORTIE,5
9167,23,2025-09-20,SORTIE,8
9168,21,2025-09-20,SORTIE,5
9169,25,2025-09-20,SORTIE,11
9170,19,2025-09-20,SORTIE,15
9171,24,2025-09-20,SORTIE,29
9172,26,2025-09-20,SORTIE,20
9173,26,2025-09-20,SORTIE,9
9174,34,2025-09-20,SORTIE,11
9175,4,2025-09-20,SORTIE,2
9176,25,2025-09-21,SORTIE,10
9177,12,2025-09-21,SORTIE,7
9178,4,2025-09-21,SORTIE,3
9179,13,2025-09-21,SORTIE,7
9180,7,2025-09-21,SORTIE,10
9181,13,2025-09-21,SORTIE,18
9182,22,2025-09-21,SORTIE,14
9183,28,2025-09-21,SORTIE,19
9184,22,2025-09-21,SORTIE,2
9185,17,2025-09-21,SORTIE,15
9186,30,2025-09-21,SORTIE,2
9187,5,2025-09-21,SORTIE,22
9188,32,2025-09-21,SORTIE,26
9189,10,2025-09-21,SORTIE,21
9190,23,2025-09-21,ENTREE,454
9191,6,2025-09-22,SORTIE,23
9192,1,2025-09-22,SORTIE,10
9193,35,2025-09-22,SORTIE,13
9194,27,2025-09-22,SORTIE,20
9195,24,2025-09-22,SORTIE,29
9196,23,2025-09-22,SORTIE,5
9197,20,2025-09-22,SORTIE,11
9198,13,2025-09-22,SORTIE,18
9199,5,2025-09-22,SORTIE,9
9200,10,2025-09-22,SORTIE,3
9201,24,2025-09-22,SORTIE,19
9202,12,2025-09-22,SORTIE,19
9203,7,2025-09-22,SORTIE,30
9204,21,2025-09-23,SORTIE,27
9205,26,2025-09-23,SORTIE,17
9206,21,2025-09-23,SORTIE,29
9207,9,2025-09-23,SORTIE,5
9208,14,2025-09-23,SORTIE,18
9209,31,2025-09-23,SORTIE,7
9210,33,2025-09-23,SORTIE,1
9211,26,2025-09-24,SORTIE,26
9212,9,2025-09-24,SORTIE,11
9213,3,2025-09-24,SORTIE,10
9214,6,2025-09-24,SORTIE,17
9215,8,2025-09-24,SORTIE,2
9216,3,2025-09-24,SORTIE,12
9217,4,2025-09-25,SORTIE,29
9218,12,2025-09-25,SORTIE,14
9219,5,2025-09-25,SORTIE,28
9220,24,2025-09-25,SORTIE,13
9221,19,2025-09-25,SORTIE,6
9222,32,2025-09-25,SORTIE,18
9223,29,2025-09-25,SORTIE,4
9224,29,2025-09-25,SORTIE,23
9225,34,2025-09-25,SORTIE,3
9226,19,2025-09-25,SORTIE,30
9227,32,2025-09-25,SORTIE,11
9228,35,2025-09-25,SORTIE,27
9229,35,2025-09-25,SORTIE,11
9230,21,2025-09-25,SORTIE,23
9231,3,2025-09-25,SORTIE,3
9232,9,2025-09-25,SORTIE,30
9233,33,2025-09-25,SORTIE,5
9234,2,2025-09-25,SORTIE,18
9235,26,2025-09-25,SORTIE,18
9236,35,2025-09-25,SORTIE,3
9237,16,2025-09-25,SORTIE,16
9238,34,2025-09-25,SORTIE,27
9239,9,2025-09-25,SORTIE,16
9240,20,2025-09-25,SORTIE,10
9241,31,2025-09-26,SORTIE,17
9242,8,2025-09-26,SORTIE,18
9243,12,2025-09-26,SORTIE,28
9244,31,2025-09-26,SORTIE,23
9245,30,2025-09-26,SORTIE,16
9246,22,2025-09-26,SORTIE,30
9247,15,2025-09-26,SORTIE,27
9248,23,2025-09-26,SORTIE,26
9249,33,2025-09-26,SORTIE,9
9250,22,2025-09-26,SORTIE,28
9251,7,2025-09-26,SORTIE,16
9252,19,2025-09-26,SORTIE,19
9253,3,2025-09-26,SORTIE,17
9254,31,2025-09-26,SORTIE,27
9255,3,2025-09-26,SORTIE,5
9256,3,2025-09-26,SORTIE,25
9257,5,2025-09-26,SORTIE,29
9258,15,2025-09-27,SORTIE,29
9259,15,2025-09-27,SORTIE,3
9260,23,2025-09-27,ENTREE,373
9261,24,2025-09-28,SORTIE,4
9262,23,2025-09-28,SORTIE,11
9263,7,2025-09-28,SORTIE,13
9264,32,2025-09-28,SORTIE,2
9265,9,2025-09-28,SORTIE,12
9266,31,2025-09-28,SORTIE,24
9267,31,2025-09-28,SORTIE,19
9268,14,2025-09-28,SORTIE,17
9269,14,2025-09-28,SORTIE,5
9270,6,2025-09-28,SORTIE,7
9271,11,2025-09-28,SORTIE,21
9272,33,2025-09-28,SORTIE,25
9273,21,2025-09-28,SORTIE,1
9274,17,2025-09-28,SORTIE,13
9275,3,2025-09-28,SORTIE,10
9276,4,2025-09-28,SORTIE,8
9277,34,2025-09-28,SORTIE,30
9278,4,2025-09-29,SORTIE,15
9279,29,2025-09-29,SORTIE,30
9280,16,2025-09-29,SORTIE,27
9281,21,2025-09-29,SORTIE,1
9282,28,2025-09-29,SORTIE,24
9283,25,2025-09-29,SORTIE,20
9284,29,2025-09-29,SORTIE,18
9285,16,2025-09-29,SORTIE,29
9286,4,2025-09-29,SORTIE,24
9287,34,2025-09-29,SORTIE,24
9288,5,2025-09-29,SORTIE,9
9289,22,2025-09-29,SORTIE,19
9290,32,2025-09-29,SORTIE,22
9291,16,2025-09-29,SORTIE,13
9292,25,2025-09-29,SORTIE,3
9293,9,2025-09-29,SORTIE,11
9294,8,2025-09-29,SORTIE,29
9295,6,2025-09-29,SORTIE,22
9296,19,2025-09-29,SORTIE,6
9297,26,2025-09-29,SORTIE,14
9298,27,2025-09-29,ENTREE,162
9299,16,2025-09-30,SORTIE,1
9300,34,2025-09-30,SORTIE,1
9301,9,2025-09-30,SORTIE,11
9302,19,2025-09-30,SORTIE,8
9303,27,2025-09-30,SORTIE,26
9304,6,2025-09-30,SORTIE,2
9305,7,2025-09-30,SORTIE,28
9306,15,2025-09-30,SORTIE,30
9307,20,2025-09-30,SORTIE,21
9308,12,2025-09-30,SORTIE,4
9309,7,2025-09-30,SORTIE,13
9310,12,2025-09-30,SORTIE,2
9311,20,2025-09-30,SORTIE,4
9312,7,2025-09-30,SORTIE,7
9313,25,2025-09-30,ENTREE,210
9314,16,2025-10-01,SORTIE,2
9315,1,2025-10-01,SORTIE,1
9316,11,2025-10-01,SORTIE,10
9317,34,2025-10-01,SORTIE,24
9318,12,2025-10-01,SORTIE,7
9319,29,2025-10-01,SORTIE,23
9320,7,2025-10-01,SORTIE,4
9321,18,2025-10-01,SORTIE,14
9322,26,2025-10-02,SORTIE,13
9323,14,2025-10-02,SORTIE,15
9324,19,2025-10-02,SORTIE,2
9325,14,2025-10-02,SORTIE,23
9326,26,2025-10-02,SORTIE,29
9327,26,2025-10-02,SORTIE,3
9328,28,2025-10-02,SORTIE,10
9329,17,2025-10-02,SORTIE,13
9330,21,2025-10-02,SORTIE,17
9331,19,2025-10-02,SORTIE,16
9332,10,2025-10-02,SORTIE,14
9333,18,2025-10-02,SORTIE,5
9334,21,2025-10-02,SORTIE,12
9335,9,2025-10-02,SORTIE,29
9336,9,2025-10-02,SORTIE,3
9337,15,2025-10-02,SORTIE,26
9338,9,2025-10-02,SORTIE,18
9339,34,2025-10-02,SORTIE,12
9340,11,2025-10-02,SORTIE,7
9341,33,2025-10-02,ENTREE,376
9342,30,2025-10-03,SORTIE,17
9343,18,2025-10-03,SORTIE,25
9344,14,2025-10-03,SORTIE,7
9345,20,2025-10-03,SORTIE,29
9346,1,2025-10-03,SORTIE,17
9347,3,2025-10-03,SORTIE,17
9348,25,2025-10-03,SORTIE,4
9349,1,2025-10-03,SORTIE,11
9350,4,2025-10-03,SORTIE,21
9351,9,2025-10-03,SORTIE,1
9352,29,2025-10-03,SORTIE,30
9353,22,2025-10-03,SORTIE,16
9354,18,2025-10-03,SORTIE,27
9355,31,2025-10-03,SORTIE,19
9356,13,2025-10-03,SORTIE,14
9357,31,2025-10-03,SORTIE,29
9358,20,2025-10-03,SORTIE,18
9359,10,2025-10-03,SORTIE,25
9360,22,2025-10-03,SORTIE,14
9361,15,2025-10-03,SORTIE,1
9362,26,2025-10-03,ENTREE,447
9363,32,2025-10-04,SORTIE,29
9364,25,2025-10-04,SORTIE,3
9365,23,2025-10-04,SORTIE,4
9366,21,2025-10-04,SORTIE,6
9367,1,2025-10-04,SORTIE,8
9368,33,2025-10-04,SORTIE,7
9369,35,2025-10-04,SORTIE,28
9370,23,2025-10-04,SORTIE,6
9371,19,2025-10-04,SORTIE,17
9372,33,2025-10-04,ENTREE,394
9373,28,2025-10-05,SORTIE,5
9374,19,2025-10-05,SORTIE,14
9375,7,2025-10-05,SORTIE,9
9376,25,2025-10-05,SORTIE,23
9377,34,2025-10-05,SORTIE,27
9378,13,2025-10-05,SORTIE,2
9379,24,2025-10-05,SORTIE,27
9380,8,2025-10-05,SORTIE,29
9381,31,2025-10-05,SORTIE,19
9382,27,2025-10-05,SORTIE,7
9383,17,2025-10-05,SORTIE,27
9384,9,2025-10-05,SORTIE,29
9385,20,2025-10-05,SORTIE,16
9386,11,2025-10-05,SORTIE,17
9387,20,2025-10-05,SORTIE,7
9388,13,2025-10-05,SORTIE,7
9389,21,2025-10-05,SORTIE,23
9390,32,2025-10-05,SORTIE,11
9391,10,2025-10-05,SORTIE,7
9392,28,2025-10-05,SORTIE,1
9393,20,2025-10-05,SORTIE,13
9394,28,2025-10-05,SORTIE,24
9395,5,2025-10-05,SORTIE,7
9396,27,2025-10-05,SORTIE,3
9397,11,2025-10-05,SORTIE,6
9398,10,2025-10-05,SORTIE,15
9399,22,2025-10-05,SORTIE,9
9400,27,2025-10-05,SORTIE,6
9401,35,2025-10-06,SORTIE,28
9402,11,2025-10-06,SORTIE,21
9403,19,2025-10-06,SORTIE,25
9404,7,2025-10-06,SORTIE,12
9405,13,2025-10-06,SORTIE,29
9406,15,2025-10-06,SORTIE,3
9407,25,2025-10-06,SORTIE,30
9408,12,2025-10-06,SORTIE,17
9409,3,2025-10-06,SORTIE,23
9410,6,2025-10-06,SORTIE,13
9411,18,2025-10-06,SORTIE,28
9412,29,2025-10-06,SORTIE,9
9413,7,2025-10-06,SORTIE,26
9414,25,2025-10-06,ENTREE,462
9415,9,2025-10-07,SORTIE,3
9416,29,2025-10-07,SORTIE,10
9417,13,2025-10-07,SORTIE,7
9418,8,2025-10-07,SORTIE,7
9419,20,2025-10-07,SORTIE,13
9420,4,2025-10-07,SORTIE,3
9421,16,2025-10-07,SORTIE,24
9422,3,2025-10-07,SORTIE,21
9423,1,2025-10-07,SORTIE,14
9424,15,2025-10-07,SORTIE,18
9425,31,2025-10-07,SORTIE,5
9426,5,2025-10-07,SORTIE,11
9427,13,2025-10-07,SORTIE,23
9428,1,2025-10-07,SORTIE,29
9429,24,2025-10-07,SORTIE,8
9430,21,2025-10-08,SORTIE,27
9431,25,2025-10-08,SORTIE,14
9432,8,2025-10-08,SORTIE,23
9433,11,2025-10-08,SORTIE,4
9434,20,2025-10-08,SORTIE,5
9435,24,2025-10-08,SORTIE,11
9436,31,2025-10-08,SORTIE,14
9437,23,2025-10-08,SORTIE,15
9438,22,2025-10-08,SORTIE,28
9439,26,2025-10-08,SORTIE,18
9440,16,2025-10-08,SORTIE,16
9441,33,2025-10-08,SORTIE,22
9442,31,2025-10-08,SORTIE,27
9443,30,2025-10-08,SORTIE,21
9444,8,2025-10-08,SORTIE,14
9445,21,2025-10-08,SORTIE,6
9446,33,2025-10-08,SORTIE,13
9447,6,2025-10-08,SORTIE,29
9448,9,2025-10-08,SORTIE,18
9449,33,2025-10-08,SORTIE,2
9450,22,2025-10-08,SORTIE,2
9451,25,2025-10-08,SORTIE,11
9452,24,2025-10-09,SORTIE,7
9453,34,2025-10-09,SORTIE,13
9454,16,2025-10-09,SORTIE,25
9455,13,2025-10-09,SORTIE,16
9456,34,2025-10-09,ENTREE,340
9457,18,2025-10-10,SORTIE,18
9458,18,2025-10-10,SORTIE,4
9459,2,2025-10-10,SORTIE,30
9460,28,2025-10-10,SORTIE,20
9461,29,2025-10-10,SORTIE,7
9462,33,2025-10-10,SORTIE,22
9463,30,2025-10-10,SORTIE,24
9464,7,2025-10-11,SORTIE,27
9465,12,2025-10-11,SORTIE,8
9466,19,2025-10-11,SORTIE,9
9467,7,2025-10-11,SORTIE,17
9468,8,2025-10-11,SORTIE,18
9469,20,2025-10-11,SORTIE,2
9470,31,2025-10-11,SORTIE,23
9471,29,2025-10-11,SORTIE,14
9472,14,2025-10-11,SORTIE,21
9473,19,2025-10-11,SORTIE,22
9474,16,2025-10-11,SORTIE,16
9475,34,2025-10-11,SORTIE,26
9476,10,2025-10-11,SORTIE,8
9477,27,2025-10-12,SORTIE,21
9478,19,2025-10-12,SORTIE,19
9479,27,2025-10-12,SORTIE,8
9480,18,2025-10-12,SORTIE,11
9481,27,2025-10-13,SORTIE,26
9482,35,2025-10-13,SORTIE,6
9483,19,2025-10-13,SORTIE,19
9484,13,2025-10-13,SORTIE,15
9485,25,2025-10-13,SORTIE,3
9486,11,2025-10-13,SORTIE,18
9487,3,2025-10-13,SORTIE,17
9488,1,2025-10-14,SORTIE,7
9489,26,2025-10-14,SORTIE,12
9490,25,2025-10-14,SORTIE,3
9491,18,2025-10-14,SORTIE,12
9492,12,2025-10-14,SORTIE,6
9493,8,2025-10-15,SORTIE,3
9494,1,2025-10-15,SORTIE,15
9495,11,2025-10-15,SORTIE,14
9496,15,2025-10-15,SORTIE,2
9497,13,2025-10-15,SORTIE,26
9498,13,2025-10-15,SORTIE,9
9499,26,2025-10-15,SORTIE,21
9500,3,2025-10-15,SORTIE,22
9501,17,2025-10-15,SORTIE,12
9502,20,2025-10-15,SORTIE,1
9503,12,2025-10-15,SORTIE,8
9504,4,2025-10-15,ENTREE,138
9505,22,2025-10-16,SORTIE,18
9506,22,2025-10-16,SORTIE,4
9507,7,2025-10-16,SORTIE,25
9508,14,2025-10-16,SORTIE,8
9509,26,2025-10-16,SORTIE,12
9510,9,2025-10-16,SORTIE,6
9511,8,2025-10-16,SORTIE,10
9512,26,2025-10-16,SORTIE,26
9513,4,2025-10-17,SORTIE,25
9514,20,2025-10-17,SORTIE,10
9515,8,2025-10-17,SORTIE,12
9516,27,2025-10-17,SORTIE,9
9517,3,2025-10-17,SORTIE,22
9518,17,2025-10-17,SORTIE,2
9519,13,2025-10-17,SORTIE,2
9520,29,2025-10-17,SORTIE,15
9521,22,2025-10-17,SORTIE,2
9522,25,2025-10-17,SORTIE,22
9523,12,2025-10-17,SORTIE,6
9524,1,2025-10-17,SORTIE,10
9525,27,2025-10-17,SORTIE,7
9526,14,2025-10-17,SORTIE,16
9527,13,2025-10-17,SORTIE,29
9528,30,2025-10-17,SORTIE,30
9529,7,2025-10-17,SORTIE,21
9530,22,2025-10-17,SORTIE,9
9531,3,2025-10-17,SORTIE,20
9532,8,2025-10-17,SORTIE,28
9533,5,2025-10-17,SORTIE,23
9534,15,2025-10-17,SORTIE,3
9535,26,2025-10-18,SORTIE,14
9536,30,2025-10-18,SORTIE,5
9537,11,2025-10-18,SORTIE,1
9538,25,2025-10-18,SORTIE,6
9539,18,2025-10-18,SORTIE,4
9540,3,2025-10-18,SORTIE,2
9541,28,2025-10-18,SORTIE,12
9542,27,2025-10-18,SORTIE,2
9543,24,2025-10-18,SORTIE,15
9544,2,2025-10-18,SORTIE,20
9545,33,2025-10-18,SORTIE,4
9546,24,2025-10-18,SORTIE,28
9547,6,2025-10-18,SORTIE,22
9548,10,2025-10-18,SORTIE,5
9549,34,2025-10-18,SORTIE,5
9550,28,2025-10-18,SORTIE,13
9551,30,2025-10-18,SORTIE,28
9552,25,2025-10-18,SORTIE,1
9553,10,2025-10-18,SORTIE,5
9554,16,2025-10-18,SORTIE,10
9555,29,2025-10-18,SORTIE,21
9556,30,2025-10-18,SORTIE,9
9557,33,2025-10-19,SORTIE,30
9558,27,2025-10-19,SORTIE,10
9559,18,2025-10-19,SORTIE,22
9560,32,2025-10-19,SORTIE,14
9561,25,2025-10-19,SORTIE,20
9562,15,2025-10-19,SORTIE,17
9563,32,2025-10-19,SORTIE,1
9564,19,2025-10-19,SORTIE,21
9565,19,2025-10-19,SORTIE,25
9566,10,2025-10-19,SORTIE,23
9567,6,2025-10-20,SORTIE,3
9568,26,2025-10-20,SORTIE,19
9569,20,2025-10-20,SORTIE,6
9570,18,2025-10-20,SORTIE,12
9571,10,2025-10-20,SORTIE,28
9572,32,2025-10-20,SORTIE,11
9573,33,2025-10-20,SORTIE,19
9574,4,2025-10-20,SORTIE,16
9575,15,2025-10-20,SORTIE,14
9576,17,2025-10-20,SORTIE,27
9577,20,2025-10-21,SORTIE,11
9578,27,2025-10-21,SORTIE,28
9579,27,2025-10-21,SORTIE,27
9580,21,2025-10-21,SORTIE,5
9581,1,2025-10-21,SORTIE,12
9582,25,2025-10-21,SORTIE,4
9583,3,2025-10-21,SORTIE,5
9584,11,2025-10-21,SORTIE,27
9585,31,2025-10-21,SORTIE,26
9586,19,2025-10-21,SORTIE,23
9587,28,2025-10-21,SORTIE,5
9588,29,2025-10-21,SORTIE,23
9589,32,2025-10-21,SORTIE,24
9590,15,2025-10-21,SORTIE,9
9591,15,2025-10-21,SORTIE,7
9592,19,2025-10-22,SORTIE,27
9593,11,2025-10-22,SORTIE,6
9594,29,2025-10-22,SORTIE,6
9595,26,2025-10-22,SORTIE,8
9596,21,2025-10-22,SORTIE,21
9597,22,2025-10-22,SORTIE,28
9598,16,2025-10-22,SORTIE,9
9599,28,2025-10-22,SORTIE,18
9600,23,2025-10-22,SORTIE,25
9601,10,2025-10-22,SORTIE,27
9602,30,2025-10-22,SORTIE,20
9603,13,2025-10-22,SORTIE,25
9604,19,2025-10-22,SORTIE,20
9605,11,2025-10-22,SORTIE,26
9606,6,2025-10-22,SORTIE,3
9607,8,2025-10-22,SORTIE,12
9608,15,2025-10-22,SORTIE,5
9609,35,2025-10-22,SORTIE,5
9610,21,2025-10-22,SORTIE,14
9611,2,2025-10-22,SORTIE,23
9612,31,2025-10-22,SORTIE,16
9613,10,2025-10-22,SORTIE,16
9614,4,2025-10-22,SORTIE,12
9615,14,2025-10-23,SORTIE,16
9616,16,2025-10-23,SORTIE,30
9617,8,2025-10-23,SORTIE,5
9618,29,2025-10-23,SORTIE,28
9619,28,2025-10-23,SORTIE,19
9620,25,2025-10-23,SORTIE,21
9621,16,2025-10-23,SORTIE,9
9622,31,2025-10-23,SORTIE,30
9623,1,2025-10-23,SORTIE,17
9624,13,2025-10-23,SORTIE,11
9625,17,2025-10-23,SORTIE,8
9626,25,2025-10-23,SORTIE,24
9627,19,2025-10-23,ENTREE,318
9628,23,2025-10-24,SORTIE,29
9629,21,2025-10-24,SORTIE,7
9630,27,2025-10-24,SORTIE,28
9631,1,2025-10-24,SORTIE,2
9632,29,2025-10-24,SORTIE,14
9633,18,2025-10-24,SORTIE,8
9634,15,2025-10-25,SORTIE,28
9635,26,2025-10-25,SORTIE,23
9636,31,2025-10-25,SORTIE,16
9637,30,2025-10-25,SORTIE,20
9638,6,2025-10-25,SORTIE,26
9639,17,2025-10-25,SORTIE,29
9640,2,2025-10-25,SORTIE,2
9641,10,2025-10-25,SORTIE,4
9642,20,2025-10-25,SORTIE,13
9643,26,2025-10-25,SORTIE,15
9644,4,2025-10-25,SORTIE,19
9645,30,2025-10-25,SORTIE,2
9646,29,2025-10-25,SORTIE,14
9647,16,2025-10-25,SORTIE,29
9648,13,2025-10-25,SORTIE,15
9649,13,2025-10-25,SORTIE,21
9650,25,2025-10-25,SORTIE,14
9651,14,2025-10-25,SORTIE,8
9652,9,2025-10-25,SORTIE,8
9653,24,2025-10-26,SORTIE,9
9654,6,2025-10-26,SORTIE,27
9655,15,2025-10-26,SORTIE,1
9656,11,2025-10-26,SORTIE,27
9657,34,2025-10-26,SORTIE,6
9658,15,2025-10-26,SORTIE,3
9659,8,2025-10-26,SORTIE,12
9660,24,2025-10-26,SORTIE,7
9661,20,2025-10-26,SORTIE,22
9662,34,2025-10-26,SORTIE,20
9663,2,2025-10-26,SORTIE,1
9664,31,2025-10-26,SORTIE,20
9665,1,2025-10-26,SORTIE,11
9666,3,2025-10-26,SORTIE,18
9667,10,2025-10-26,SORTIE,18
9668,30,2025-10-26,SORTIE,26
9669,16,2025-10-27,SORTIE,17
9670,12,2025-10-27,SORTIE,14
9671,11,2025-10-27,SORTIE,14
9672,30,2025-10-27,SORTIE,9
9673,12,2025-10-27,SORTIE,5
9674,7,2025-10-27,SORTIE,22
9675,5,2025-10-27,SORTIE,15
9676,32,2025-10-27,SORTIE,10
9677,13,2025-10-27,SORTIE,10
9678,33,2025-10-27,SORTIE,25
9679,14,2025-10-27,SORTIE,26
9680,25,2025-10-27,SORTIE,11
9681,14,2025-10-27,SORTIE,26
9682,35,2025-10-27,SORTIE,20
9683,18,2025-10-27,SORTIE,26
9684,17,2025-10-27,SORTIE,27
9685,26,2025-10-28,SORTIE,29
9686,28,2025-10-28,SORTIE,10
9687,10,2025-10-28,SORTIE,1
9688,5,2025-10-28,SORTIE,27
9689,31,2025-10-28,SORTIE,2
9690,4,2025-10-28,SORTIE,18
9691,6,2025-10-28,SORTIE,18
9692,18,2025-10-28,SORTIE,6
9693,18,2025-10-28,SORTIE,7
9694,11,2025-10-28,SORTIE,22
9695,6,2025-10-28,SORTIE,17
9696,29,2025-10-28,SORTIE,4
9697,17,2025-10-28,SORTIE,25
9698,9,2025-10-28,SORTIE,30
9699,31,2025-10-28,ENTREE,114
9700,25,2025-10-29,SORTIE,12
9701,29,2025-10-29,SORTIE,20
9702,31,2025-10-29,SORTIE,14
9703,23,2025-10-29,SORTIE,15
9704,17,2025-10-29,SORTIE,5
9705,13,2025-10-29,SORTIE,20
9706,2,2025-10-29,SORTIE,18
9707,23,2025-10-29,SORTIE,25
9708,1,2025-10-29,SORTIE,11
9709,16,2025-10-29,SORTIE,4
9710,30,2025-10-29,SORTIE,14
9711,25,2025-10-29,SORTIE,4
9712,20,2025-10-29,SORTIE,22
9713,27,2025-10-29,ENTREE,330
9714,7,2025-10-30,SORTIE,8
9715,34,2025-10-30,SORTIE,17
9716,28,2025-10-30,SORTIE,9
9717,7,2025-10-30,SORTIE,22
9718,3,2025-10-30,SORTIE,28
9719,25,2025-10-30,SORTIE,20
9720,21,2025-10-30,SORTIE,20
9721,6,2025-10-30,SORTIE,17
9722,24,2025-10-30,SORTIE,17
9723,17,2025-10-30,SORTIE,20
9724,13,2025-10-30,SORTIE,5
9725,4,2025-10-30,SORTIE,12
9726,23,2025-10-30,SORTIE,18
9727,9,2025-10-30,SORTIE,6
9728,8,2025-10-30,SORTIE,18
9729,21,2025-10-30,SORTIE,18
9730,21,2025-10-30,ENTREE,212
9731,1,2025-10-31,SORTIE,7
9732,20,2025-10-31,SORTIE,20
9733,34,2025-10-31,SORTIE,14
9734,26,2025-10-31,SORTIE,27
9735,24,2025-10-31,SORTIE,18
9736,25,2025-10-31,SORTIE,26
9737,8,2025-10-31,SORTIE,17
9738,10,2025-10-31,SORTIE,25
9739,10,2025-10-31,SORTIE,28
9740,10,2025-10-31,SORTIE,29
9741,24,2025-10-31,SORTIE,19
9742,20,2025-10-31,SORTIE,17
9743,2,2025-10-31,SORTIE,23
9744,30,2025-10-31,SORTIE,3
9745,19,2025-10-31,ENTREE,335
9746,17,2025-11-01,SORTIE,24
9747,10,2025-11-01,SORTIE,11
9748,15,2025-11-01,SORTIE,14
9749,10,2025-11-01,SORTIE,20
9750,28,2025-11-01,SORTIE,29
9751,6,2025-11-01,SORTIE,21
9752,10,2025-11-01,SORTIE,26
9753,24,2025-11-01,SORTIE,1
9754,20,2025-11-01,SORTIE,12
9755,3,2025-11-01,SORTIE,20
9756,34,2025-11-01,SORTIE,26
9757,17,2025-11-01,ENTREE,248
9758,13,2025-11-02,SORTIE,3
9759,14,2025-11-02,SORTIE,29
9760,35,2025-11-02,SORTIE,9
9761,5,2025-11-02,SORTIE,13
9762,17,2025-11-02,SORTIE,13
9763,27,2025-11-02,SORTIE,30
9764,16,2025-11-02,SORTIE,6
9765,9,2025-11-02,SORTIE,16
9766,30,2025-11-02,SORTIE,23
9767,2,2025-11-02,SORTIE,14
9768,13,2025-11-02,SORTIE,11
9769,13,2025-11-02,SORTIE,24
9770,20,2025-11-02,SORTIE,13
9771,32,2025-11-02,SORTIE,8
9772,13,2025-11-02,SORTIE,27
9773,17,2025-11-02,SORTIE,1
9774,20,2025-11-02,SORTIE,19
9775,15,2025-11-03,SORTIE,25
9776,26,2025-11-03,SORTIE,5
9777,7,2025-11-03,SORTIE,25
9778,1,2025-11-03,SORTIE,18
9779,21,2025-11-03,SORTIE,12
9780,13,2025-11-03,SORTIE,15
9781,20,2025-11-03,SORTIE,23
9782,15,2025-11-03,SORTIE,22
9783,13,2025-11-03,SORTIE,25
9784,4,2025-11-03,SORTIE,4
9785,22,2025-11-03,SORTIE,10
9786,19,2025-11-03,SORTIE,18
9787,23,2025-11-03,SORTIE,13
9788,26,2025-11-03,SORTIE,2
9789,29,2025-11-03,SORTIE,27
9790,1,2025-11-03,ENTREE,324
9791,30,2025-11-04,SORTIE,9
9792,12,2025-11-04,SORTIE,4
9793,18,2025-11-04,SORTIE,19
9794,7,2025-11-04,SORTIE,2
9795,8,2025-11-04,SORTIE,5
9796,19,2025-11-04,SORTIE,21
9797,6,2025-11-04,SORTIE,10
9798,6,2025-11-04,SORTIE,16
9799,15,2025-11-04,SORTIE,16
9800,27,2025-11-04,SORTIE,1
9801,26,2025-11-04,SORTIE,12
9802,30,2025-11-04,SORTIE,27
9803,28,2025-11-04,SORTIE,11
9804,17,2025-11-04,SORTIE,16
9805,30,2025-11-04,SORTIE,30
9806,5,2025-11-04,SORTIE,14
9807,22,2025-11-04,SORTIE,22
9808,12,2025-11-04,SORTIE,19
9809,24,2025-11-05,SORTIE,17
9810,2,2025-11-05,SORTIE,1
9811,30,2025-11-05,SORTIE,7
9812,18,2025-11-05,SORTIE,16
9813,19,2025-11-05,SORTIE,13
9814,23,2025-11-05,SORTIE,12
9815,20,2025-11-05,SORTIE,18
9816,18,2025-11-06,SORTIE,27
9817,31,2025-11-06,SORTIE,18
9818,5,2025-11-06,SORTIE,17
9819,7,2025-11-06,SORTIE,27
9820,4,2025-11-06,SORTIE,8
9821,34,2025-11-06,SORTIE,2
9822,19,2025-11-06,SORTIE,19
9823,30,2025-11-06,SORTIE,18
9824,2,2025-11-06,SORTIE,5
9825,18,2025-11-06,SORTIE,24
9826,10,2025-11-06,SORTIE,5
9827,32,2025-11-06,SORTIE,6
9828,22,2025-11-06,SORTIE,12
9829,5,2025-11-06,SORTIE,14
9830,4,2025-11-06,SORTIE,26
9831,8,2025-11-06,SORTIE,6
9832,27,2025-11-06,SORTIE,1
9833,7,2025-11-06,SORTIE,13
9834,10,2025-11-06,SORTIE,27
9835,26,2025-11-06,ENTREE,415
9836,25,2025-11-07,SORTIE,18
9837,34,2025-11-07,SORTIE,16
9838,13,2025-11-07,SORTIE,15
9839,6,2025-11-07,SORTIE,26
9840,11,2025-11-07,SORTIE,5
9841,7,2025-11-07,SORTIE,4
9842,23,2025-11-07,SORTIE,9
9843,26,2025-11-07,SORTIE,3
9844,9,2025-11-07,SORTIE,5
9845,21,2025-11-07,SORTIE,28
9846,20,2025-11-07,SORTIE,7
9847,8,2025-11-07,SORTIE,30
9848,9,2025-11-07,SORTIE,29
9849,34,2025-11-07,SORTIE,30
9850,28,2025-11-07,SORTIE,4
9851,9,2025-11-07,SORTIE,18
9852,5,2025-11-07,SORTIE,5
9853,11,2025-11-07,SORTIE,12
9854,34,2025-11-07,ENTREE,129
9855,33,2025-11-08,SORTIE,11
9856,6,2025-11-08,SORTIE,5
9857,25,2025-11-08,SORTIE,25
9858,9,2025-11-08,SORTIE,12
9859,5,2025-11-08,SORTIE,30
9860,17,2025-11-08,SORTIE,27
9861,32,2025-11-09,SORTIE,2
9862,17,2025-11-09,SORTIE,23
9863,19,2025-11-09,SORTIE,19
9864,18,2025-11-09,SORTIE,4
9865,33,2025-11-09,SORTIE,15
9866,15,2025-11-09,SORTIE,2
9867,31,2025-11-09,SORTIE,10
9868,14,2025-11-09,SORTIE,21
9869,17,2025-11-09,SORTIE,11
9870,2,2025-11-09,SORTIE,27
9871,13,2025-11-09,SORTIE,13
9872,22,2025-11-09,SORTIE,7
9873,15,2025-11-09,SORTIE,12
9874,28,2025-11-09,SORTIE,9
9875,8,2025-11-09,SORTIE,2
9876,7,2025-11-09,SORTIE,28
9877,8,2025-11-09,SORTIE,3
9878,26,2025-11-09,SORTIE,8
9879,32,2025-11-09,SORTIE,1
9880,1,2025-11-09,SORTIE,9
9881,32,2025-11-09,SORTIE,15
9882,32,2025-11-09,SORTIE,14
9883,11,2025-11-09,SORTIE,14
9884,32,2025-11-09,SORTIE,22
9885,24,2025-11-09,SORTIE,14
9886,25,2025-11-09,SORTIE,26
9887,8,2025-11-10,SORTIE,2
9888,1,2025-11-10,SORTIE,3
9889,26,2025-11-10,SORTIE,3
9890,29,2025-11-10,SORTIE,14
9891,30,2025-11-10,SORTIE,21
9892,15,2025-11-10,SORTIE,14
9893,29,2025-11-10,SORTIE,30
9894,20,2025-11-10,SORTIE,10
9895,28,2025-11-10,SORTIE,5
9896,13,2025-11-10,SORTIE,20
9897,14,2025-11-10,SORTIE,4
9898,18,2025-11-10,SORTIE,12
9899,10,2025-11-11,SORTIE,5
9900,34,2025-11-11,SORTIE,6
9901,23,2025-11-11,SORTIE,2
9902,16,2025-11-11,SORTIE,8
9903,10,2025-11-11,SORTIE,11
9904,30,2025-11-11,SORTIE,6
9905,31,2025-11-11,SORTIE,28
9906,26,2025-11-11,SORTIE,30
9907,24,2025-11-11,SORTIE,11
9908,29,2025-11-11,SORTIE,24
9909,33,2025-11-11,SORTIE,7
9910,34,2025-11-11,SORTIE,25
9911,32,2025-11-11,SORTIE,20
9912,1,2025-11-11,SORTIE,13
9913,29,2025-11-11,SORTIE,2
9914,14,2025-11-11,SORTIE,14
9915,24,2025-11-11,SORTIE,10
9916,13,2025-11-11,SORTIE,24
9917,29,2025-11-11,SORTIE,17
9918,1,2025-11-11,SORTIE,3
9919,22,2025-11-11,SORTIE,25
9920,35,2025-11-11,SORTIE,4
9921,13,2025-11-11,SORTIE,6
9922,25,2025-11-11,SORTIE,30
9923,25,2025-11-11,SORTIE,1
9924,15,2025-11-11,SORTIE,14
9925,29,2025-11-11,SORTIE,28
9926,30,2025-11-11,SORTIE,28
9927,14,2025-11-11,SORTIE,26
9928,31,2025-11-12,SORTIE,9
9929,13,2025-11-12,SORTIE,6
9930,2,2025-11-12,SORTIE,16
9931,8,2025-11-12,SORTIE,1
9932,26,2025-11-12,SORTIE,28
9933,13,2025-11-12,SORTIE,16
9934,24,2025-11-12,SORTIE,27
9935,9,2025-11-12,SORTIE,4
9936,5,2025-11-12,SORTIE,30
9937,9,2025-11-12,SORTIE,28
9938,30,2025-11-12,SORTIE,15
9939,21,2025-11-12,SORTIE,29
9940,18,2025-11-12,SORTIE,7
9941,17,2025-11-12,SORTIE,13
9942,23,2025-11-12,SORTIE,25
9943,9,2025-11-12,SORTIE,25
9944,24,2025-11-12,SORTIE,11
9945,3,2025-11-12,SORTIE,6
9946,1,2025-11-13,SORTIE,29
9947,32,2025-11-13,SORTIE,8
9948,18,2025-11-13,SORTIE,25
9949,13,2025-11-13,SORTIE,5
9950,34,2025-11-13,SORTIE,23
9951,8,2025-11-13,SORTIE,13
9952,22,2025-11-13,SORTIE,29
9953,7,2025-11-13,SORTIE,25
9954,12,2025-11-13,SORTIE,30
9955,18,2025-11-13,SORTIE,25
9956,26,2025-11-13,SORTIE,24
9957,35,2025-11-13,SORTIE,29
9958,7,2025-11-13,SORTIE,15
9959,24,2025-11-13,SORTIE,29
9960,18,2025-11-13,SORTIE,17
9961,13,2025-11-13,SORTIE,2
9962,12,2025-11-13,SORTIE,11
9963,32,2025-11-13,SORTIE,3
9964,26,2025-11-13,SORTIE,7
9965,22,2025-11-13,SORTIE,18
9966,3,2025-11-13,SORTIE,11
9967,15,2025-11-13,SORTIE,5
9968,10,2025-11-13,SORTIE,22
9969,19,2025-11-13,ENTREE,341
9970,22,2025-11-14,SORTIE,15
9971,9,2025-11-14,SORTIE,20
9972,17,2025-11-14,SORTIE,26
9973,5,2025-11-14,SORTIE,25
9974,31,2025-11-14,SORTIE,12
9975,3,2025-11-14,SORTIE,15
9976,14,2025-11-14,SORTIE,12
9977,16,2025-11-15,SORTIE,19
9978,30,2025-11-15,SORTIE,29
9979,19,2025-11-15,SORTIE,25
9980,12,2025-11-15,SORTIE,12
9981,33,2025-11-15,SORTIE,4
9982,14,2025-11-15,SORTIE,21
9983,10,2025-11-15,SORTIE,18
9984,22,2025-11-15,SORTIE,28
9985,18,2025-11-15,SORTIE,19
9986,6,2025-11-15,SORTIE,13
9987,34,2025-11-15,SORTIE,28
9988,28,2025-11-15,SORTIE,22
9989,20,2025-11-15,SORTIE,21
9990,10,2025-11-15,SORTIE,6
9991,16,2025-11-15,SORTIE,9
9992,6,2025-11-15,SORTIE,26
9993,8,2025-11-15,SORTIE,24
9994,23,2025-11-15,SORTIE,17
9995,14,2025-11-15,SORTIE,15
9996,31,2025-11-15,SORTIE,16
9997,22,2025-11-15,SORTIE,29
9998,28,2025-11-15,SORTIE,5
9999,16,2025-11-15,SORTIE,5
10000,9,2025-11-15,SORTIE,25
10001,17,2025-11-15,ENTREE,270
10002,27,2025-11-16,SORTIE,2
10003,9,2025-11-16,SORTIE,20
10004,33,2025-11-16,SORTIE,28
10005,34,2025-11-16,SORTIE,17
10006,25,2025-11-16,SORTIE,28
10007,17,2025-11-16,SORTIE,3
10008,29,2025-11-16,SORTIE,30
10009,9,2025-11-16,SORTIE,30
10010,3,2025-11-16,SORTIE,23
10011,17,2025-11-16,SORTIE,15
10012,13,2025-11-16,SORTIE,28
10013,4,2025-11-16,SORTIE,22
10014,12,2025-11-16,SORTIE,22
10015,1,2025-11-16,SORTIE,5
10016,35,2025-11-16,SORTIE,7
10017,5,2025-11-16,SORTIE,5
10018,16,2025-11-16,SORTIE,3
10019,31,2025-11-16,SORTIE,11
10020,16,2025-11-16,SORTIE,27
10021,1,2025-11-16,SORTIE,5
10022,6,2025-11-16,SORTIE,19
10023,11,2025-11-16,SORTIE,18
10024,11,2025-11-16,SORTIE,14
10025,28,2025-11-16,SORTIE,21
10026,5,2025-11-16,SORTIE,28
10027,10,2025-11-16,SORTIE,24
10028,35,2025-11-16,SORTIE,24
10029,8,2025-11-17,SORTIE,19
10030,8,2025-11-17,SORTIE,26
10031,22,2025-11-17,SORTIE,5
10032,3,2025-11-17,SORTIE,22
10033,7,2025-11-17,SORTIE,7
10034,12,2025-11-17,SORTIE,5
10035,5,2025-11-17,SORTIE,15
10036,29,2025-11-17,SORTIE,27
10037,12,2025-11-17,SORTIE,2
10038,8,2025-11-17,SORTIE,7
10039,27,2025-11-17,SORTIE,20
10040,14,2025-11-17,SORTIE,22
10041,34,2025-11-17,SORTIE,17
10042,29,2025-11-17,SORTIE,11
10043,22,2025-11-17,ENTREE,113
10044,10,2025-11-18,SORTIE,11
10045,17,2025-11-18,SORTIE,20
10046,12,2025-11-18,SORTIE,25
10047,10,2025-11-18,SORTIE,26
10048,22,2025-11-18,SORTIE,26
10049,15,2025-11-18,SORTIE,28
10050,2,2025-11-18,SORTIE,6
10051,1,2025-11-18,SORTIE,30
10052,25,2025-11-19,SORTIE,22
10053,19,2025-11-19,SORTIE,2
10054,31,2025-11-19,SORTIE,12
10055,16,2025-11-19,SORTIE,9
10056,26,2025-11-19,SORTIE,7
10057,6,2025-11-19,SORTIE,3
10058,2,2025-11-19,SORTIE,22
10059,32,2025-11-19,SORTIE,10
10060,14,2025-11-19,SORTIE,9
10061,23,2025-11-19,SORTIE,9
10062,32,2025-11-19,SORTIE,25
10063,14,2025-11-19,SORTIE,27
10064,2,2025-11-19,ENTREE,213
10065,16,2025-11-20,SORTIE,5
10066,5,2025-11-20,SORTIE,2
10067,10,2025-11-20,SORTIE,24
10068,18,2025-11-20,SORTIE,28
10069,33,2025-11-20,SORTIE,6
10070,5,2025-11-20,SORTIE,6
10071,20,2025-11-20,SORTIE,27
10072,16,2025-11-20,SORTIE,6
10073,21,2025-11-20,SORTIE,3
10074,21,2025-11-21,SORTIE,6
10075,15,2025-11-21,SORTIE,17
10076,32,2025-11-21,SORTIE,19
10077,5,2025-11-21,SORTIE,15
10078,26,2025-11-21,ENTREE,290
10079,35,2025-11-22,SORTIE,22
10080,10,2025-11-22,SORTIE,9
10081,9,2025-11-22,SORTIE,12
10082,35,2025-11-22,SORTIE,9
10083,12,2025-11-22,SORTIE,10
10084,32,2025-11-22,SORTIE,24
10085,28,2025-11-22,SORTIE,7
10086,5,2025-11-22,SORTIE,4
10087,3,2025-11-22,SORTIE,6
10088,23,2025-11-23,SORTIE,13
10089,13,2025-11-23,SORTIE,13
10090,34,2025-11-23,SORTIE,19
10091,15,2025-11-23,SORTIE,20
10092,8,2025-11-23,SORTIE,30
10093,22,2025-11-23,SORTIE,4
10094,32,2025-11-23,SORTIE,17
10095,35,2025-11-23,SORTIE,18
10096,1,2025-11-23,SORTIE,13
10097,33,2025-11-23,SORTIE,15
10098,35,2025-11-23,ENTREE,168
10099,4,2025-11-24,SORTIE,10
10100,31,2025-11-24,SORTIE,7
10101,34,2025-11-24,SORTIE,4
10102,1,2025-11-24,SORTIE,3
10103,26,2025-11-24,SORTIE,13
10104,6,2025-11-24,SORTIE,15
10105,20,2025-11-24,SORTIE,28
10106,34,2025-11-24,SORTIE,29
10107,31,2025-11-24,SORTIE,10
10108,31,2025-11-24,SORTIE,16
10109,1,2025-11-24,SORTIE,12
10110,11,2025-11-24,SORTIE,24
10111,35,2025-11-24,SORTIE,16
10112,30,2025-11-24,SORTIE,7
10113,4,2025-11-24,SORTIE,24
10114,32,2025-11-24,SORTIE,17
10115,30,2025-11-24,SORTIE,28
10116,15,2025-11-24,SORTIE,29
10117,35,2025-11-24,SORTIE,5
10118,22,2025-11-24,SORTIE,20
10119,17,2025-11-25,SORTIE,5
10120,3,2025-11-25,SORTIE,15
10121,6,2025-11-25,SORTIE,12
10122,28,2025-11-25,ENTREE,371
10123,23,2025-11-26,SORTIE,19
10124,33,2025-11-26,SORTIE,21
10125,1,2025-11-27,SORTIE,18
10126,21,2025-11-27,SORTIE,11
10127,26,2025-11-27,SORTIE,26
10128,30,2025-11-27,SORTIE,11
10129,31,2025-11-27,SORTIE,24
10130,18,2025-11-27,SORTIE,10
10131,25,2025-11-27,SORTIE,5
10132,22,2025-11-27,SORTIE,13
10133,11,2025-11-27,SORTIE,17
10134,8,2025-11-27,SORTIE,20
10135,25,2025-11-27,SORTIE,30
10136,30,2025-11-27,SORTIE,30
10137,29,2025-11-27,SORTIE,11
10138,12,2025-11-27,SORTIE,27
10139,12,2025-11-27,SORTIE,4
10140,23,2025-11-27,SORTIE,15
10141,25,2025-11-27,SORTIE,6
10142,14,2025-11-27,SORTIE,18
10143,4,2025-11-27,SORTIE,7
10144,4,2025-11-28,SORTIE,21
10145,7,2025-11-28,SORTIE,26
10146,3,2025-11-28,SORTIE,4
10147,30,2025-11-28,SORTIE,26
10148,33,2025-11-28,SORTIE,19
10149,18,2025-11-28,SORTIE,11
10150,32,2025-11-28,SORTIE,29
10151,8,2025-11-28,SORTIE,2
10152,27,2025-11-28,SORTIE,9
10153,3,2025-11-28,SORTIE,26
10154,16,2025-11-28,SORTIE,8
10155,31,2025-11-28,SORTIE,17
10156,9,2025-11-28,SORTIE,20
10157,29,2025-11-29,SORTIE,29
10158,27,2025-11-29,SORTIE,25
10159,30,2025-11-29,SORTIE,20
10160,26,2025-11-29,SORTIE,14
10161,2,2025-11-29,SORTIE,28
10162,15,2025-11-29,SORTIE,22
10163,23,2025-11-29,SORTIE,4
10164,14,2025-11-29,SORTIE,17
10165,6,2025-11-29,SORTIE,4
10166,34,2025-11-29,SORTIE,20
10167,23,2025-11-29,SORTIE,30
10168,6,2025-11-29,SORTIE,21
10169,22,2025-11-29,SORTIE,11
10170,28,2025-11-29,SORTIE,3
10171,35,2025-11-29,SORTIE,24
10172,25,2025-11-29,SORTIE,15
10173,27,2025-11-29,SORTIE,1
10174,24,2025-11-29,SORTIE,11
10175,30,2025-11-29,SORTIE,28
10176,16,2025-11-29,ENTREE,104
10177,23,2025-11-30,SORTIE,7
10178,17,2025-11-30,SORTIE,19
10179,33,2025-11-30,SORTIE,10
10180,31,2025-11-30,SORTIE,3
10181,6,2025-11-30,SORTIE,10
10182,28,2025-11-30,SORTIE,5
10183,25,2025-11-30,SORTIE,6
10184,17,2025-11-30,SORTIE,28
10185,24,2025-11-30,SORTIE,8
10186,15,2025-11-30,SORTIE,14
10187,11,2025-11-30,SORTIE,22
10188,2,2025-11-30,SORTIE,12
10189,6,2025-11-30,SORTIE,6
10190,15,2025-11-30,SORTIE,28
10191,32,2025-11-30,SORTIE,15
10192,2,2025-11-30,SORTIE,8
10193,9,2025-11-30,SORTIE,20
10194,18,2025-11-30,SORTIE,30
10195,21,2025-11-30,SORTIE,11
10196,26,2025-11-30,SORTIE,25
10197,22,2025-11-30,ENTREE,426
10198,25,2025-12-01,SORTIE,14
10199,6,2025-12-01,SORTIE,17
10200,29,2025-12-02,SORTIE,23
10201,18,2025-12-02,SORTIE,15
10202,25,2025-12-02,SORTIE,3
10203,3,2025-12-02,SORTIE,19
10204,15,2025-12-02,SORTIE,30
10205,32,2025-12-02,SORTIE,22
10206,9,2025-12-02,SORTIE,19
10207,35,2025-12-02,SORTIE,24
10208,13,2025-12-02,SORTIE,2
10209,11,2025-12-02,SORTIE,8
10210,31,2025-12-02,SORTIE,21
10211,9,2025-12-02,SORTIE,19
10212,12,2025-12-02,SORTIE,13
10213,35,2025-12-02,SORTIE,25
10214,13,2025-12-02,SORTIE,7
10215,28,2025-12-02,SORTIE,21
10216,34,2025-12-02,ENTREE,136
10217,26,2025-12-03,SORTIE,20
10218,16,2025-12-03,SORTIE,1
10219,12,2025-12-03,SORTIE,21
10220,7,2025-12-03,SORTIE,17
10221,7,2025-12-03,SORTIE,11
10222,28,2025-12-03,SORTIE,13
10223,10,2025-12-03,SORTIE,8
10224,20,2025-12-03,SORTIE,13
10225,26,2025-12-03,SORTIE,14
10226,25,2025-12-03,SORTIE,25
10227,17,2025-12-03,SORTIE,13
10228,13,2025-12-03,SORTIE,21
10229,24,2025-12-03,SORTIE,10
10230,5,2025-12-03,SORTIE,25
10231,4,2025-12-03,SORTIE,13
10232,27,2025-12-03,SORTIE,4
10233,2,2025-12-03,SORTIE,11
10234,6,2025-12-03,SORTIE,28
10235,13,2025-12-03,SORTIE,22
10236,23,2025-12-03,SORTIE,18
10237,9,2025-12-03,SORTIE,6
10238,14,2025-12-03,ENTREE,265
10239,17,2025-12-04,SORTIE,25
10240,8,2025-12-04,SORTIE,18
10241,26,2025-12-04,SORTIE,23
10242,19,2025-12-04,SORTIE,1
10243,22,2025-12-04,SORTIE,25
10244,29,2025-12-04,SORTIE,8
10245,35,2025-12-04,SORTIE,22
10246,1,2025-12-04,SORTIE,5
10247,2,2025-12-04,SORTIE,3
10248,8,2025-12-04,SORTIE,8
10249,7,2025-12-04,SORTIE,20
10250,30,2025-12-04,SORTIE,25
10251,22,2025-12-04,SORTIE,6
10252,24,2025-12-04,SORTIE,7
10253,28,2025-12-04,ENTREE,440
10254,21,2025-12-05,SORTIE,13
10255,6,2025-12-05,SORTIE,29
10256,18,2025-12-05,SORTIE,21
10257,12,2025-12-05,SORTIE,3
10258,19,2025-12-05,SORTIE,19
10259,12,2025-12-05,SORTIE,17
10260,35,2025-12-05,SORTIE,22
10261,29,2025-12-05,SORTIE,11
10262,11,2025-12-05,SORTIE,21
10263,28,2025-12-05,SORTIE,24
10264,35,2025-12-05,SORTIE,8
10265,4,2025-12-05,SORTIE,11
10266,2,2025-12-05,SORTIE,30
10267,32,2025-12-05,SORTIE,8
10268,28,2025-12-05,SORTIE,14
10269,16,2025-12-05,SORTIE,19
10270,1,2025-12-05,SORTIE,22
10271,21,2025-12-05,SORTIE,8
10272,26,2025-12-05,SORTIE,5
10273,26,2025-12-05,SORTIE,21
10274,7,2025-12-05,SORTIE,24
10275,11,2025-12-05,SORTIE,15
10276,25,2025-12-05,SORTIE,17
10277,30,2025-12-06,SORTIE,6
10278,14,2025-12-06,SORTIE,26
10279,23,2025-12-06,SORTIE,21
10280,21,2025-12-06,SORTIE,8
10281,7,2025-12-06,SORTIE,5
10282,1,2025-12-07,SORTIE,14
10283,30,2025-12-07,SORTIE,14
10284,5,2025-12-07,SORTIE,20
10285,1,2025-12-07,SORTIE,29
10286,19,2025-12-07,SORTIE,18
10287,20,2025-12-07,SORTIE,19
10288,4,2025-12-08,SORTIE,12
10289,29,2025-12-08,SORTIE,30
10290,28,2025-12-08,SORTIE,10
10291,2,2025-12-08,SORTIE,19
10292,6,2025-12-08,SORTIE,21
10293,33,2025-12-08,SORTIE,3
10294,1,2025-12-08,SORTIE,4
10295,17,2025-12-09,SORTIE,4
10296,1,2025-12-09,SORTIE,27
10297,10,2025-12-09,SORTIE,5
10298,11,2025-12-09,SORTIE,21
10299,10,2025-12-09,SORTIE,25
10300,26,2025-12-09,SORTIE,29
10301,34,2025-12-09,SORTIE,18
10302,25,2025-12-09,SORTIE,7
10303,3,2025-12-09,SORTIE,16
10304,12,2025-12-09,SORTIE,14
10305,17,2025-12-09,SORTIE,24
10306,3,2025-12-09,SORTIE,27
10307,19,2025-12-09,SORTIE,30
10308,23,2025-12-09,SORTIE,8
10309,29,2025-12-09,SORTIE,3
10310,23,2025-12-09,SORTIE,20
10311,15,2025-12-09,SORTIE,10
10312,24,2025-12-09,SORTIE,11
10313,24,2025-12-09,SORTIE,4
10314,23,2025-12-09,SORTIE,14
10315,33,2025-12-09,ENTREE,157
10316,9,2025-12-10,SORTIE,27
10317,33,2025-12-10,SORTIE,30
10318,26,2025-12-10,SORTIE,9
10319,5,2025-12-10,SORTIE,3
10320,31,2025-12-10,SORTIE,9
10321,34,2025-12-10,SORTIE,16
10322,31,2025-12-10,SORTIE,17
10323,18,2025-12-10,SORTIE,23
10324,22,2025-12-10,SORTIE,22
10325,30,2025-12-10,SORTIE,1
10326,25,2025-12-10,SORTIE,11
10327,6,2025-12-10,SORTIE,26
10328,17,2025-12-10,SORTIE,30
10329,12,2025-12-10,SORTIE,11
10330,5,2025-12-10,SORTIE,13
10331,9,2025-12-10,SORTIE,4
10332,9,2025-12-11,SORTIE,28
10333,29,2025-12-11,SORTIE,24
10334,10,2025-12-12,SORTIE,26
10335,30,2025-12-12,SORTIE,24
10336,15,2025-12-12,SORTIE,30
10337,17,2025-12-12,SORTIE,9
10338,6,2025-12-12,SORTIE,22
10339,12,2025-12-12,SORTIE,12
10340,17,2025-12-13,SORTIE,19
10341,21,2025-12-13,SORTIE,27
10342,9,2025-12-13,SORTIE,11
10343,23,2025-12-13,SORTIE,12
10344,31,2025-12-13,SORTIE,29
10345,10,2025-12-13,SORTIE,21
10346,24,2025-12-13,SORTIE,21
10347,20,2025-12-13,SORTIE,28
10348,5,2025-12-13,SORTIE,20
10349,12,2025-12-13,SORTIE,5
10350,33,2025-12-13,SORTIE,19
10351,14,2025-12-13,SORTIE,5
10352,12,2025-12-13,SORTIE,30
10353,20,2025-12-13,SORTIE,27
10354,5,2025-12-13,SORTIE,14
10355,20,2025-12-13,SORTIE,14
10356,23,2025-12-13,SORTIE,13
10357,17,2025-12-14,SORTIE,28
10358,33,2025-12-14,SORTIE,7
10359,34,2025-12-14,SORTIE,25
10360,13,2025-12-14,SORTIE,11
10361,6,2025-12-14,SORTIE,28
10362,22,2025-12-14,SORTIE,21
10363,16,2025-12-14,SORTIE,2
10364,30,2025-12-14,SORTIE,8
10365,5,2025-12-14,SORTIE,14
10366,22,2025-12-14,SORTIE,26
10367,27,2025-12-14,SORTIE,11
10368,35,2025-12-14,SORTIE,1
10369,34,2025-12-14,SORTIE,7
10370,33,2025-12-14,SORTIE,11
10371,34,2025-12-14,SORTIE,25
10372,20,2025-12-14,SORTIE,26
10373,5,2025-12-14,SORTIE,30
10374,35,2025-12-14,SORTIE,4
10375,6,2025-12-14,SORTIE,22
10376,23,2025-12-14,ENTREE,381
10377,35,2025-12-15,SORTIE,11
10378,1,2025-12-15,SORTIE,20
10379,12,2025-12-15,SORTIE,24
10380,28,2025-12-15,SORTIE,26
10381,5,2025-12-15,SORTIE,23
10382,23,2025-12-15,SORTIE,28
10383,26,2025-12-15,SORTIE,18
10384,5,2025-12-15,SORTIE,8
10385,22,2025-12-15,SORTIE,15
10386,17,2025-12-15,SORTIE,18
10387,29,2025-12-15,SORTIE,28
10388,13,2025-12-15,SORTIE,2
10389,25,2025-12-15,SORTIE,2
10390,15,2025-12-15,SORTIE,24
10391,31,2025-12-15,SORTIE,9
10392,30,2025-12-15,SORTIE,29
10393,27,2025-12-15,SORTIE,25
10394,14,2025-12-15,SORTIE,21
10395,26,2025-12-15,SORTIE,5
10396,4,2025-12-15,ENTREE,152
10397,5,2025-12-16,SORTIE,7
10398,21,2025-12-16,SORTIE,30
10399,35,2025-12-16,SORTIE,12
10400,26,2025-12-16,SORTIE,22
10401,33,2025-12-16,SORTIE,13
10402,9,2025-12-16,SORTIE,15
10403,24,2025-12-16,SORTIE,14
10404,29,2025-12-16,SORTIE,12
10405,14,2025-12-16,SORTIE,2
10406,14,2025-12-16,SORTIE,18
10407,35,2025-12-16,SORTIE,20
10408,24,2025-12-16,SORTIE,14
10409,12,2025-12-16,SORTIE,19
10410,16,2025-12-17,SORTIE,6
10411,2,2025-12-17,SORTIE,5
10412,19,2025-12-17,SORTIE,28
10413,29,2025-12-17,SORTIE,13
10414,22,2025-12-17,SORTIE,11
10415,23,2025-12-17,SORTIE,13
10416,21,2025-12-17,SORTIE,12
10417,24,2025-12-17,SORTIE,8
10418,25,2025-12-17,SORTIE,18
10419,8,2025-12-17,SORTIE,21
10420,24,2025-12-17,SORTIE,6
10421,29,2025-12-17,SORTIE,15
10422,14,2025-12-17,SORTIE,2
10423,30,2025-12-17,SORTIE,19
10424,4,2025-12-17,SORTIE,23
10425,25,2025-12-17,ENTREE,293
10426,34,2025-12-18,SORTIE,13
10427,28,2025-12-18,SORTIE,9
10428,10,2025-12-18,SORTIE,10
10429,25,2025-12-18,SORTIE,10
10430,8,2025-12-18,SORTIE,20
10431,19,2025-12-18,SORTIE,16
10432,13,2025-12-18,SORTIE,27
10433,3,2025-12-18,SORTIE,9
10434,10,2025-12-18,SORTIE,29
10435,14,2025-12-18,SORTIE,16
10436,22,2025-12-18,SORTIE,24
10437,31,2025-12-18,SORTIE,9
10438,1,2025-12-19,SORTIE,24
10439,3,2025-12-19,SORTIE,23
10440,11,2025-12-19,SORTIE,30
10441,30,2025-12-19,SORTIE,11
10442,22,2025-12-19,SORTIE,28
10443,23,2025-12-19,SORTIE,8
10444,29,2025-12-19,SORTIE,4
10445,21,2025-12-19,SORTIE,11
10446,34,2025-12-19,SORTIE,23
10447,7,2025-12-19,SORTIE,25
10448,8,2025-12-19,SORTIE,14
10449,32,2025-12-19,SORTIE,15
10450,14,2025-12-19,SORTIE,19
10451,9,2025-12-19,SORTIE,24
10452,27,2025-12-19,SORTIE,5
10453,2,2025-12-19,SORTIE,22
10454,23,2025-12-19,SORTIE,16
10455,24,2025-12-19,SORTIE,13
10456,5,2025-12-19,SORTIE,14
10457,30,2025-12-19,SORTIE,21
10458,26,2025-12-19,SORTIE,24
10459,20,2025-12-19,SORTIE,14
10460,16,2025-12-19,SORTIE,18
10461,12,2025-12-19,SORTIE,25
10462,16,2025-12-20,SORTIE,24
10463,21,2025-12-20,SORTIE,8
10464,13,2025-12-20,SORTIE,18
10465,11,2025-12-20,SORTIE,4
10466,32,2025-12-20,SORTIE,5
10467,30,2025-12-20,SORTIE,2
10468,20,2025-12-20,SORTIE,18
10469,23,2025-12-20,ENTREE,289
10470,4,2025-12-21,SORTIE,1
10471,24,2025-12-21,SORTIE,5
10472,16,2025-12-21,SORTIE,25
10473,13,2025-12-21,SORTIE,13
10474,14,2025-12-21,SORTIE,22
10475,8,2025-12-21,SORTIE,18
10476,19,2025-12-21,SORTIE,28
10477,8,2025-12-21,SORTIE,2
10478,1,2025-12-21,SORTIE,23
10479,18,2025-12-21,SORTIE,7
10480,3,2025-12-21,SORTIE,21
10481,34,2025-12-21,SORTIE,4
10482,23,2025-12-21,SORTIE,23
10483,29,2025-12-21,SORTIE,22
10484,4,2025-12-21,ENTREE,391
10485,21,2025-12-22,SORTIE,25
10486,3,2025-12-22,SORTIE,13
10487,31,2025-12-22,SORTIE,23
10488,19,2025-12-22,SORTIE,4
10489,23,2025-12-22,SORTIE,2
10490,9,2025-12-22,SORTIE,15
10491,16,2025-12-22,SORTIE,17
10492,17,2025-12-22,SORTIE,1
10493,32,2025-12-23,SORTIE,22
10494,5,2025-12-23,SORTIE,5
10495,35,2025-12-23,SORTIE,1
10496,19,2025-12-23,SORTIE,9
10497,22,2025-12-23,SORTIE,12
10498,33,2025-12-23,SORTIE,19
10499,19,2025-12-23,SORTIE,25
10500,32,2025-12-23,SORTIE,1
10501,19,2025-12-23,SORTIE,22
10502,4,2025-12-23,SORTIE,9
10503,23,2025-12-23,SORTIE,29
10504,11,2025-12-23,SORTIE,2
10505,21,2025-12-23,SORTIE,2
10506,4,2025-12-23,SORTIE,7
10507,34,2025-12-23,SORTIE,20
10508,1,2025-12-23,SORTIE,28
10509,30,2025-12-23,SORTIE,20
10510,7,2025-12-24,SORTIE,30
10511,34,2025-12-24,SORTIE,21
10512,16,2025-12-24,SORTIE,22
10513,9,2025-12-24,SORTIE,11
10514,7,2025-12-24,SORTIE,15
10515,21,2025-12-24,SORTIE,5
10516,11,2025-12-24,SORTIE,22
10517,27,2025-12-24,SORTIE,2
10518,2,2025-12-24,SORTIE,3
10519,16,2025-12-24,SORTIE,6
10520,4,2025-12-24,SORTIE,26
10521,5,2025-12-24,SORTIE,25
10522,32,2025-12-24,SORTIE,14
10523,16,2025-12-24,SORTIE,1
10524,23,2025-12-24,SORTIE,2
10525,11,2025-12-24,SORTIE,19
10526,19,2025-12-24,SORTIE,25
10527,5,2025-12-24,SORTIE,3
10528,32,2025-12-24,SORTIE,13
10529,31,2025-12-24,SORTIE,3
10530,29,2025-12-24,SORTIE,19
10531,19,2025-12-25,SORTIE,27
10532,31,2025-12-25,SORTIE,20
10533,5,2025-12-25,SORTIE,25
10534,29,2025-12-25,SORTIE,18
10535,7,2025-12-25,SORTIE,22
10536,16,2025-12-25,SORTIE,25
10537,23,2025-12-25,SORTIE,4
10538,33,2025-12-25,SORTIE,20
10539,10,2025-12-25,SORTIE,5
10540,11,2025-12-25,SORTIE,22
10541,28,2025-12-25,SORTIE,8
10542,23,2025-12-25,SORTIE,16
10543,10,2025-12-25,SORTIE,25
10544,22,2025-12-25,SORTIE,16
10545,1,2025-12-25,SORTIE,27
10546,15,2025-12-25,SORTIE,24
10547,8,2025-12-25,SORTIE,27
10548,2,2025-12-25,SORTIE,1
10549,30,2025-12-25,SORTIE,23
10550,5,2025-12-25,SORTIE,24
10551,22,2025-12-25,SORTIE,8
10552,32,2025-12-26,SORTIE,4
10553,8,2025-12-26,SORTIE,10
10554,17,2025-12-26,SORTIE,22
10555,22,2025-12-26,SORTIE,21
10556,7,2025-12-26,SORTIE,19
10557,29,2025-12-26,SORTIE,14
10558,32,2025-12-26,SORTIE,28
10559,34,2025-12-26,SORTIE,28
10560,19,2025-12-27,SORTIE,30
10561,34,2025-12-27,SORTIE,21
10562,14,2025-12-27,SORTIE,16
10563,19,2025-12-27,SORTIE,11
10564,4,2025-12-27,SORTIE,25
10565,22,2025-12-27,SORTIE,3
10566,23,2025-12-27,SORTIE,13
10567,14,2025-12-27,SORTIE,12
10568,6,2025-12-27,SORTIE,4
10569,18,2025-12-27,SORTIE,28
10570,29,2025-12-27,SORTIE,6
10571,29,2025-12-27,SORTIE,21
10572,5,2025-12-27,SORTIE,21
10573,14,2025-12-27,SORTIE,20
10574,15,2025-12-27,SORTIE,26
10575,24,2025-12-27,SORTIE,5
10576,7,2025-12-27,SORTIE,29
10577,26,2025-12-27,SORTIE,19
10578,18,2025-12-27,SORTIE,26
10579,19,2025-12-27,SORTIE,6
10580,2,2025-12-27,SORTIE,9
10581,15,2025-12-28,SORTIE,20
10582,26,2025-12-28,SORTIE,26
10583,19,2025-12-28,SORTIE,21
10584,24,2025-12-28,SORTIE,6
10585,25,2025-12-28,SORTIE,28
10586,26,2025-12-28,SORTIE,14
10587,14,2025-12-28,SORTIE,14
10588,2,2025-12-28,SORTIE,1
10589,23,2025-12-28,SORTIE,13
10590,30,2025-12-28,SORTIE,15
10591,30,2025-12-28,SORTIE,21
10592,16,2025-12-28,SORTIE,15
10593,31,2025-12-28,SORTIE,6
10594,31,2025-12-28,SORTIE,14
10595,33,2025-12-28,SORTIE,16
10596,7,2025-12-28,SORTIE,16
10597,3,2025-12-28,SORTIE,20
10598,31,2025-12-28,SORTIE,17
10599,25,2025-12-28,SORTIE,11
10600,35,2025-12-28,SORTIE,4
10601,1,2025-12-28,SORTIE,12
10602,6,2025-12-28,SORTIE,7
10603,22,2025-12-28,SORTIE,2
10604,34,2025-12-28,SORTIE,16
10605,33,2025-12-28,SORTIE,16
10606,31,2025-12-29,SORTIE,15
10607,29,2025-12-29,SORTIE,16
10608,2,2025-12-29,SORTIE,28
10609,13,2025-12-29,SORTIE,18
10610,34,2025-12-29,SORTIE,17
10611,26,2025-12-29,SORTIE,18
10612,2,2025-12-29,SORTIE,30
10613,32,2025-12-29,SORTIE,4
10614,17,2025-12-29,SORTIE,14
10615,11,2025-12-29,SORTIE,14
10616,30,2025-12-29,SORTIE,28
10617,32,2025-12-29,SORTIE,5
10618,12,2025-12-29,SORTIE,23
10619,25,2025-12-29,SORTIE,3
10620,6,2025-12-29,SORTIE,4
10621,28,2025-12-29,SORTIE,28
10622,31,2025-12-29,ENTREE,259
10623,22,2025-12-30,SORTIE,27
10624,2,2025-12-30,SORTIE,17
10625,19,2025-12-30,SORTIE,22
10626,9,2025-12-30,SORTIE,28
10627,25,2025-12-30,SORTIE,16
10628,29,2025-12-30,SORTIE,22
10629,16,2025-12-30,SORTIE,24
10630,3,2025-12-30,SORTIE,9
10631,34,2025-12-30,SORTIE,11
10632,32,2025-12-30,SORTIE,25
10633,5,2025-12-30,SORTIE,23
10634,2,2025-12-30,SORTIE,28
10635,14,2025-12-30,SORTIE,19
10636,8,2025-12-30,SORTIE,30
10637,12,2025-12-30,SORTIE,26
10638,34,2025-12-31,SORTIE,18
10639,16,2025-12-31,SORTIE,2
10640,18,2025-12-31,SORTIE,21
10641,21,2025-12-31,SORTIE,21
10642,8,2025-12-31,SORTIE,3
10643,34,2025-12-31,SORTIE,6
10644,17,2025-12-31,SORTIE,1
10645,9,2025-12-31,SORTIE,8
10646,3,2025-12-31,SORTIE,20
10647,11,2025-12-31,SORTIE,2
10648,28,2025-12-31,SORTIE,18
10649,16,2025-12-31,SORTIE,3
10650,28,2025-12-31,SORTIE,30
10651,32,2026-01-01,SORTIE,14
10652,29,2026-01-01,SORTIE,4
10653,14,2026-01-01,SORTIE,16
10654,28,2026-01-01,SORTIE,15
10655,33,2026-01-01,SORTIE,14
10656,2,2026-01-01,SORTIE,24
10657,25,2026-01-01,SORTIE,1
10658,11,2026-01-01,SORTIE,10
10659,14,2026-01-01,SORTIE,2
10660,25,2026-01-01,SORTIE,29
10661,13,2026-01-01,SORTIE,25
10662,33,2026-01-01,SORTIE,14
10663,27,2026-01-01,SORTIE,21
10664,23,2026-01-02,SORTIE,9
10665,18,2026-01-02,SORTIE,3
10666,10,2026-01-02,SORTIE,22
10667,6,2026-01-02,SORTIE,27
10668,30,2026-01-02,SORTIE,17
10669,31,2026-01-02,SORTIE,15
10670,10,2026-01-02,SORTIE,5
10671,15,2026-01-02,SORTIE,3
10672,4,2026-01-02,SORTIE,18
10673,13,2026-01-02,SORTIE,11
10674,20,2026-01-02,SORTIE,17
10675,35,2026-01-02,SORTIE,18
10676,3,2026-01-02,SORTIE,14
10677,5,2026-01-02,SORTIE,12
10678,8,2026-01-02,SORTIE,19
10679,16,2026-01-02,SORTIE,24
10680,34,2026-01-02,SORTIE,23
10681,30,2026-01-02,SORTIE,29
10682,17,2026-01-02,SORTIE,17
10683,9,2026-01-02,SORTIE,2
10684,22,2026-01-02,SORTIE,12
10685,4,2026-01-02,SORTIE,17
10686,29,2026-01-02,SORTIE,17
10687,4,2026-01-02,SORTIE,15
10688,28,2026-01-02,SORTIE,23
10689,1,2026-01-02,SORTIE,22
10690,24,2026-01-02,SORTIE,29
10691,8,2026-01-02,SORTIE,19
10692,19,2026-01-02,SORTIE,5
10693,22,2026-01-02,SORTIE,12
10694,27,2026-01-02,SORTIE,1
10695,1,2026-01-02,SORTIE,18
10696,19,2026-01-02,SORTIE,4
10697,23,2026-01-02,SORTIE,6
10698,11,2026-01-02,SORTIE,18
10699,22,2026-01-02,ENTREE,122
10700,19,2026-01-03,SORTIE,26
10701,18,2026-01-03,SORTIE,22
10702,2,2026-01-03,SORTIE,4
10703,27,2026-01-03,SORTIE,16
10704,31,2026-01-03,SORTIE,18
10705,10,2026-01-03,SORTIE,15
10706,30,2026-01-03,SORTIE,7
10707,12,2026-01-03,SORTIE,27
10708,2,2026-01-03,SORTIE,9
10709,9,2026-01-03,SORTIE,18
10710,25,2026-01-03,SORTIE,6
10711,29,2026-01-03,SORTIE,12
10712,22,2026-01-03,SORTIE,12
10713,16,2026-01-03,SORTIE,27
10714,32,2026-01-03,SORTIE,11
10715,3,2026-01-03,SORTIE,11
10716,26,2026-01-03,SORTIE,29
10717,6,2026-01-03,SORTIE,29
10718,14,2026-01-03,SORTIE,12
10719,11,2026-01-04,SORTIE,7
10720,30,2026-01-04,SORTIE,4
10721,10,2026-01-04,SORTIE,30
10722,11,2026-01-04,SORTIE,11
10723,19,2026-01-04,SORTIE,28
10724,17,2026-01-04,SORTIE,9
10725,13,2026-01-04,SORTIE,21
10726,12,2026-01-05,SORTIE,8
10727,18,2026-01-05,SORTIE,25
10728,9,2026-01-05,SORTIE,17
10729,32,2026-01-05,SORTIE,5
10730,3,2026-01-05,SORTIE,24
10731,1,2026-01-05,SORTIE,4
10732,15,2026-01-05,SORTIE,11
10733,33,2026-01-05,SORTIE,27
10734,4,2026-01-05,SORTIE,27
10735,1,2026-01-05,SORTIE,22
10736,17,2026-01-05,SORTIE,25
10737,31,2026-01-05,SORTIE,11
10738,18,2026-01-05,SORTIE,7
10739,11,2026-01-05,SORTIE,21
10740,19,2026-01-05,SORTIE,4
10741,10,2026-01-05,SORTIE,13
10742,11,2026-01-05,SORTIE,16
10743,24,2026-01-05,SORTIE,10
10744,33,2026-01-05,SORTIE,29
10745,20,2026-01-06,SORTIE,9
10746,11,2026-01-06,SORTIE,14
10747,12,2026-01-06,SORTIE,16
10748,23,2026-01-06,SORTIE,11
10749,13,2026-01-06,SORTIE,7
10750,23,2026-01-06,SORTIE,2
10751,4,2026-01-06,SORTIE,26
10752,20,2026-01-07,SORTIE,26
10753,22,2026-01-07,SORTIE,6
10754,31,2026-01-07,SORTIE,3
10755,32,2026-01-07,SORTIE,29
10756,25,2026-01-07,SORTIE,11
10757,30,2026-01-07,SORTIE,17
10758,5,2026-01-07,SORTIE,5
10759,8,2026-01-07,SORTIE,2
10760,27,2026-01-07,SORTIE,1
10761,31,2026-01-07,SORTIE,1
10762,10,2026-01-07,SORTIE,30
10763,24,2026-01-07,SORTIE,4
10764,9,2026-01-07,SORTIE,21
10765,5,2026-01-07,SORTIE,23
10766,16,2026-01-07,SORTIE,7
10767,4,2026-01-07,SORTIE,8
10768,33,2026-01-07,SORTIE,25
10769,14,2026-01-07,SORTIE,26
10770,24,2026-01-07,SORTIE,14
10771,13,2026-01-07,SORTIE,21
10772,26,2026-01-07,SORTIE,18
10773,35,2026-01-07,SORTIE,20
10774,13,2026-01-07,SORTIE,2
10775,7,2026-01-07,SORTIE,14
10776,11,2026-01-08,SORTIE,3
10777,3,2026-01-08,SORTIE,28
10778,15,2026-01-08,SORTIE,23
10779,34,2026-01-08,SORTIE,4
10780,7,2026-01-08,SORTIE,26
10781,33,2026-01-08,SORTIE,16
10782,18,2026-01-08,SORTIE,9
10783,23,2026-01-08,ENTREE,288
10784,23,2026-01-09,SORTIE,10
10785,31,2026-01-09,SORTIE,1
10786,13,2026-01-09,SORTIE,15
10787,33,2026-01-09,SORTIE,26
10788,35,2026-01-09,SORTIE,11
10789,25,2026-01-09,SORTIE,11
10790,18,2026-01-09,SORTIE,17
10791,22,2026-01-09,SORTIE,12
10792,31,2026-01-09,SORTIE,12
10793,35,2026-01-09,SORTIE,10
10794,31,2026-01-09,SORTIE,21
10795,22,2026-01-09,SORTIE,28
10796,23,2026-01-09,SORTIE,7
10797,35,2026-01-09,SORTIE,16
10798,24,2026-01-10,SORTIE,4
10799,8,2026-01-10,SORTIE,27
10800,32,2026-01-10,SORTIE,9
10801,25,2026-01-10,SORTIE,13
10802,4,2026-01-10,SORTIE,27
10803,7,2026-01-11,SORTIE,16
10804,23,2026-01-11,SORTIE,5
10805,14,2026-01-11,SORTIE,20
10806,20,2026-01-11,SORTIE,11
10807,1,2026-01-11,SORTIE,1
10808,7,2026-01-11,SORTIE,25
10809,31,2026-01-11,SORTIE,1
10810,14,2026-01-11,SORTIE,15
10811,4,2026-01-11,SORTIE,17
10812,10,2026-01-11,SORTIE,7
10813,22,2026-01-11,SORTIE,12
10814,34,2026-01-11,SORTIE,23
10815,23,2026-01-11,SORTIE,29
10816,11,2026-01-11,SORTIE,30
10817,13,2026-01-11,SORTIE,20
10818,26,2026-01-11,SORTIE,24
10819,15,2026-01-11,SORTIE,23
10820,23,2026-01-11,SORTIE,13
10821,26,2026-01-11,SORTIE,30
10822,8,2026-01-11,SORTIE,16
10823,9,2026-01-11,SORTIE,5
10824,3,2026-01-11,SORTIE,1
10825,14,2026-01-11,SORTIE,7
10826,13,2026-01-11,SORTIE,23
10827,3,2026-01-11,SORTIE,13
10828,4,2026-01-11,ENTREE,131
10829,2,2026-01-12,SORTIE,8
10830,22,2026-01-12,SORTIE,26
10831,17,2026-01-12,SORTIE,5
10832,4,2026-01-12,SORTIE,16
10833,12,2026-01-12,SORTIE,17
10834,10,2026-01-12,SORTIE,19
10835,22,2026-01-12,SORTIE,6
10836,11,2026-01-13,SORTIE,11
10837,35,2026-01-13,SORTIE,7
10838,1,2026-01-13,SORTIE,21
10839,19,2026-01-13,SORTIE,23
10840,31,2026-01-13,SORTIE,20
10841,3,2026-01-13,SORTIE,18
10842,19,2026-01-13,SORTIE,22
10843,31,2026-01-13,SORTIE,10
10844,13,2026-01-13,SORTIE,30
10845,10,2026-01-13,SORTIE,24
10846,15,2026-01-13,SORTIE,20
10847,30,2026-01-13,SORTIE,11
10848,30,2026-01-13,SORTIE,21
10849,6,2026-01-13,SORTIE,10
10850,8,2026-01-13,SORTIE,29
10851,31,2026-01-13,SORTIE,27
10852,34,2026-01-14,SORTIE,25
10853,25,2026-01-14,SORTIE,24
10854,24,2026-01-14,SORTIE,18
10855,22,2026-01-14,SORTIE,14
10856,29,2026-01-14,SORTIE,19
10857,33,2026-01-14,SORTIE,25
10858,27,2026-01-14,SORTIE,4
10859,22,2026-01-14,SORTIE,4
10860,12,2026-01-14,SORTIE,13
10861,24,2026-01-14,SORTIE,14
10862,15,2026-01-14,SORTIE,19
10863,26,2026-01-14,SORTIE,25
10864,5,2026-01-14,SORTIE,27
10865,15,2026-01-14,SORTIE,2
10866,14,2026-01-14,SORTIE,6
10867,29,2026-01-14,SORTIE,3
10868,23,2026-01-15,SORTIE,22
10869,22,2026-01-15,SORTIE,13
10870,1,2026-01-15,SORTIE,11
10871,21,2026-01-15,SORTIE,17
10872,13,2026-01-15,SORTIE,22
10873,26,2026-01-15,SORTIE,29
10874,3,2026-01-15,SORTIE,17
10875,31,2026-01-15,SORTIE,27
10876,33,2026-01-15,SORTIE,12
10877,23,2026-01-16,SORTIE,27
10878,26,2026-01-16,SORTIE,7
10879,35,2026-01-16,SORTIE,3
10880,8,2026-01-16,SORTIE,17
10881,27,2026-01-16,SORTIE,25
10882,16,2026-01-16,SORTIE,20
10883,23,2026-01-16,SORTIE,13
10884,11,2026-01-16,SORTIE,16
10885,2,2026-01-16,SORTIE,2
10886,25,2026-01-16,SORTIE,30
10887,10,2026-01-16,SORTIE,24
10888,15,2026-01-16,SORTIE,19
10889,11,2026-01-16,SORTIE,14
10890,21,2026-01-16,ENTREE,495
10891,31,2026-01-17,SORTIE,15
10892,18,2026-01-17,SORTIE,4
10893,31,2026-01-17,SORTIE,8
10894,5,2026-01-17,SORTIE,30
10895,1,2026-01-17,SORTIE,1
10896,23,2026-01-17,SORTIE,22
10897,6,2026-01-17,SORTIE,25
10898,17,2026-01-17,SORTIE,18
10899,7,2026-01-17,SORTIE,3
10900,12,2026-01-17,SORTIE,3
10901,4,2026-01-17,SORTIE,4
10902,2,2026-01-17,SORTIE,11
10903,22,2026-01-18,SORTIE,7
10904,35,2026-01-18,SORTIE,30
10905,21,2026-01-18,SORTIE,7
10906,30,2026-01-18,SORTIE,24
10907,9,2026-01-18,SORTIE,7
10908,21,2026-01-18,SORTIE,16
10909,31,2026-01-18,SORTIE,27
10910,4,2026-01-18,SORTIE,25
10911,13,2026-01-18,SORTIE,17
10912,22,2026-01-18,SORTIE,5
10913,35,2026-01-18,SORTIE,17
10914,9,2026-01-18,SORTIE,26
10915,34,2026-01-18,SORTIE,9
10916,9,2026-01-19,SORTIE,13
10917,12,2026-01-19,SORTIE,21
10918,3,2026-01-19,SORTIE,4
10919,27,2026-01-19,SORTIE,14
10920,16,2026-01-19,SORTIE,10
10921,8,2026-01-19,SORTIE,15
10922,23,2026-01-19,SORTIE,23
10923,22,2026-01-19,SORTIE,25
10924,14,2026-01-19,SORTIE,13
10925,21,2026-01-19,SORTIE,30
10926,13,2026-01-20,SORTIE,23
10927,32,2026-01-20,SORTIE,17
10928,5,2026-01-20,SORTIE,4
10929,25,2026-01-20,SORTIE,27
10930,22,2026-01-20,SORTIE,26
10931,16,2026-01-20,SORTIE,2
10932,19,2026-01-20,SORTIE,24
10933,7,2026-01-20,SORTIE,14
10934,2,2026-01-20,SORTIE,7
10935,7,2026-01-20,SORTIE,30
10936,25,2026-01-20,SORTIE,15
10937,14,2026-01-20,SORTIE,25
10938,24,2026-01-20,SORTIE,1
10939,17,2026-01-21,SORTIE,4
10940,15,2026-01-21,SORTIE,16
10941,3,2026-01-21,SORTIE,12
10942,13,2026-01-21,SORTIE,19
10943,16,2026-01-21,SORTIE,2
10944,10,2026-01-21,SORTIE,24
10945,31,2026-01-21,SORTIE,5
10946,13,2026-01-21,SORTIE,5
10947,1,2026-01-21,SORTIE,29
10948,21,2026-01-21,SORTIE,26
10949,14,2026-01-21,SORTIE,7
10950,14,2026-01-21,SORTIE,27
10951,28,2026-01-21,SORTIE,1
10952,9,2026-01-22,SORTIE,18
10953,14,2026-01-22,SORTIE,9
10954,10,2026-01-22,SORTIE,21
10955,15,2026-01-22,SORTIE,4
10956,13,2026-01-22,SORTIE,24
10957,27,2026-01-22,SORTIE,10
10958,24,2026-01-22,SORTIE,12
10959,10,2026-01-22,SORTIE,21
10960,31,2026-01-22,ENTREE,431
10961,9,2026-01-23,SORTIE,17
10962,13,2026-01-23,SORTIE,25
10963,24,2026-01-23,SORTIE,10
10964,34,2026-01-23,SORTIE,29
10965,35,2026-01-23,SORTIE,30
10966,12,2026-01-23,SORTIE,19
10967,25,2026-01-23,SORTIE,19
10968,25,2026-01-23,SORTIE,24
10969,30,2026-01-23,SORTIE,22
10970,29,2026-01-23,SORTIE,3
10971,9,2026-01-23,SORTIE,29
10972,29,2026-01-23,ENTREE,407
10973,29,2026-01-24,SORTIE,30
10974,35,2026-01-24,SORTIE,25
10975,29,2026-01-24,SORTIE,6
10976,32,2026-01-24,SORTIE,2
10977,15,2026-01-24,SORTIE,6
10978,15,2026-01-24,SORTIE,11
10979,12,2026-01-24,SORTIE,7
10980,27,2026-01-24,SORTIE,18
10981,28,2026-01-24,SORTIE,24
10982,20,2026-01-24,SORTIE,2
10983,21,2026-01-25,SORTIE,24
10984,21,2026-01-25,SORTIE,11
10985,10,2026-01-25,SORTIE,4
10986,16,2026-01-25,SORTIE,29
10987,25,2026-01-25,SORTIE,16
10988,23,2026-01-25,SORTIE,29
10989,28,2026-01-25,SORTIE,9
10990,6,2026-01-25,SORTIE,25
10991,15,2026-01-25,SORTIE,12
10992,20,2026-01-25,SORTIE,2
10993,19,2026-01-25,SORTIE,2
10994,33,2026-01-25,SORTIE,26
10995,32,2026-01-25,SORTIE,10
10996,29,2026-01-25,SORTIE,8
10997,33,2026-01-25,SORTIE,13
10998,20,2026-01-25,SORTIE,20
10999,2,2026-01-25,SORTIE,29
11000,11,2026-01-25,SORTIE,27
11001,6,2026-01-25,SORTIE,5
11002,24,2026-01-25,SORTIE,20
11003,27,2026-01-25,ENTREE,430
11004,33,2026-01-26,SORTIE,3
11005,32,2026-01-26,SORTIE,19
11006,12,2026-01-26,SORTIE,9
11007,13,2026-01-26,SORTIE,29
11008,24,2026-01-26,SORTIE,8
11009,16,2026-01-26,SORTIE,16
11010,15,2026-01-26,SORTIE,14
11011,18,2026-01-26,SORTIE,23
11012,30,2026-01-26,SORTIE,19
11013,18,2026-01-26,SORTIE,3
11014,11,2026-01-26,SORTIE,23
11015,33,2026-01-26,SORTIE,3
11016,32,2026-01-26,SORTIE,20
11017,24,2026-01-26,SORTIE,24
11018,22,2026-01-26,SORTIE,18
11019,21,2026-01-26,SORTIE,22
11020,32,2026-01-26,SORTIE,11
11021,10,2026-01-26,SORTIE,5
11022,3,2026-01-26,SORTIE,30
11023,9,2026-01-26,SORTIE,11
11024,9,2026-01-26,SORTIE,29
11025,29,2026-01-27,SORTIE,16
11026,6,2026-01-27,SORTIE,13
11027,17,2026-01-27,SORTIE,21
11028,9,2026-01-27,SORTIE,30
11029,7,2026-01-27,SORTIE,6
11030,26,2026-01-27,SORTIE,15
11031,9,2026-01-27,SORTIE,5
11032,13,2026-01-27,SORTIE,25
11033,25,2026-01-27,SORTIE,13
11034,4,2026-01-27,SORTIE,19
11035,18,2026-01-27,SORTIE,27
11036,17,2026-01-27,SORTIE,24
11037,32,2026-01-28,SORTIE,25
11038,16,2026-01-28,SORTIE,3
11039,11,2026-01-28,SORTIE,6
11040,14,2026-01-28,SORTIE,28
11041,31,2026-01-28,SORTIE,23
11042,31,2026-01-28,SORTIE,25
11043,19,2026-01-28,SORTIE,22
11044,25,2026-01-28,SORTIE,20
11045,20,2026-01-28,SORTIE,15
11046,11,2026-01-28,SORTIE,7
11047,30,2026-01-28,SORTIE,26
11048,3,2026-01-28,SORTIE,26
11049,8,2026-01-28,SORTIE,6
11050,6,2026-01-28,SORTIE,22
11051,17,2026-01-29,SORTIE,28
11052,32,2026-01-29,SORTIE,6
11053,3,2026-01-29,SORTIE,2
11054,32,2026-01-29,SORTIE,13
11055,5,2026-01-29,SORTIE,7
11056,15,2026-01-29,SORTIE,15
11057,11,2026-01-29,SORTIE,2
11058,15,2026-01-29,SORTIE,4
11059,30,2026-01-29,SORTIE,16
11060,25,2026-01-29,SORTIE,12
11061,29,2026-01-29,SORTIE,20
11062,30,2026-01-29,SORTIE,23
11063,1,2026-01-29,SORTIE,11
11064,21,2026-01-29,SORTIE,24
11065,35,2026-01-29,SORTIE,21
11066,1,2026-01-29,SORTIE,26
11067,9,2026-01-29,SORTIE,24
11068,14,2026-01-29,SORTIE,16
11069,24,2026-01-29,SORTIE,25
11070,1,2026-01-29,SORTIE,24
11071,33,2026-01-29,SORTIE,3
11072,5,2026-01-30,SORTIE,13
11073,34,2026-01-30,SORTIE,25
11074,32,2026-01-30,SORTIE,20
11075,34,2026-01-30,SORTIE,3
11076,11,2026-01-30,SORTIE,29
11077,18,2026-01-30,SORTIE,26
11078,21,2026-01-30,SORTIE,14
11079,26,2026-01-30,SORTIE,12
11080,35,2026-01-30,SORTIE,23
11081,25,2026-01-30,SORTIE,3
11082,8,2026-01-31,SORTIE,4
11083,11,2026-01-31,SORTIE,22
11084,22,2026-01-31,SORTIE,16
11085,2,2026-01-31,SORTIE,4
11086,35,2026-01-31,SORTIE,16
11087,14,2026-01-31,SORTIE,9
11088,19,2026-01-31,SORTIE,25
11089,8,2026-01-31,SORTIE,13
11090,14,2026-01-31,SORTIE,15
11091,27,2026-01-31,SORTIE,3
11092,24,2026-01-31,SORTIE,23
11093,19,2026-01-31,SORTIE,12
11094,22,2026-01-31,SORTIE,30
11095,21,2026-01-31,SORTIE,13
11096,12,2026-01-31,SORTIE,20
11097,15,2026-01-31,SORTIE,10
11098,21,2026-01-31,SORTIE,21
11099,10,2026-01-31,SORTIE,12
11100,18,2026-01-31,SORTIE,2
11101,34,2026-01-31,SORTIE,26
11102,2,2026-01-31,SORTIE,10
11103,16,2026-01-31,SORTIE,22
11104,35,2026-01-31,SORTIE,7
11105,33,2026-01-31,SORTIE,27
11106,13,2026-01-31,SORTIE,1
11107,8,2026-02-01,SORTIE,13
11108,1,2026-02-01,SORTIE,20
11109,2,2026-02-01,SORTIE,20
11110,32,2026-02-01,SORTIE,28
11111,31,2026-02-01,SORTIE,19
11112,34,2026-02-01,SORTIE,22
11113,18,2026-02-01,SORTIE,10
11114,20,2026-02-01,SORTIE,11
11115,31,2026-02-01,SORTIE,30
11116,20,2026-02-01,SORTIE,14
11117,13,2026-02-01,SORTIE,7
11118,4,2026-02-01,SORTIE,19
11119,16,2026-02-01,SORTIE,20
11120,4,2026-02-01,SORTIE,18
11121,10,2026-02-01,SORTIE,16
11122,14,2026-02-01,SORTIE,17
11123,13,2026-02-01,SORTIE,2
11124,13,2026-02-01,SORTIE,16
11125,10,2026-02-01,SORTIE,11
11126,15,2026-02-01,SORTIE,13
11127,21,2026-02-01,SORTIE,21
11128,1,2026-02-01,SORTIE,9
11129,14,2026-02-01,ENTREE,353
11130,29,2026-02-02,SORTIE,1
11131,7,2026-02-02,SORTIE,10
11132,20,2026-02-02,SORTIE,13
11133,1,2026-02-02,SORTIE,20
11134,10,2026-02-02,SORTIE,18
11135,30,2026-02-02,SORTIE,28
11136,10,2026-02-02,SORTIE,5
11137,4,2026-02-02,SORTIE,22
11138,21,2026-02-02,SORTIE,27
11139,24,2026-02-02,SORTIE,15
11140,26,2026-02-02,SORTIE,9
11141,28,2026-02-02,SORTIE,28
11142,17,2026-02-02,SORTIE,19
11143,10,2026-02-02,SORTIE,17
11144,23,2026-02-02,SORTIE,13
11145,17,2026-02-02,SORTIE,28
11146,5,2026-02-02,SORTIE,3
11147,9,2026-02-02,SORTIE,28
11148,5,2026-02-02,SORTIE,19
11149,28,2026-02-02,SORTIE,17
11150,23,2026-02-02,SORTIE,23
11151,7,2026-02-02,SORTIE,10
11152,32,2026-02-02,SORTIE,19
11153,18,2026-02-02,SORTIE,29
11154,29,2026-02-02,ENTREE,471
11155,13,2026-02-03,SORTIE,15
11156,4,2026-02-03,SORTIE,20
11157,16,2026-02-03,SORTIE,20
11158,16,2026-02-03,ENTREE,254
11159,35,2026-02-04,SORTIE,14
11160,33,2026-02-04,SORTIE,28
11161,9,2026-02-04,SORTIE,26
11162,9,2026-02-04,SORTIE,28
11163,27,2026-02-04,SORTIE,12
11164,9,2026-02-04,SORTIE,6
11165,22,2026-02-04,SORTIE,10
11166,5,2026-02-04,SORTIE,3
11167,35,2026-02-04,SORTIE,23
11168,29,2026-02-04,SORTIE,19
11169,29,2026-02-04,SORTIE,15
11170,18,2026-02-05,SORTIE,21
11171,16,2026-02-05,SORTIE,18
11172,30,2026-02-05,SORTIE,17
11173,22,2026-02-05,SORTIE,9
11174,3,2026-02-05,SORTIE,19
11175,35,2026-02-05,SORTIE,24
11176,12,2026-02-05,SORTIE,27
11177,7,2026-02-05,SORTIE,27
11178,26,2026-02-05,SORTIE,29
11179,5,2026-02-05,SORTIE,2
11180,27,2026-02-05,SORTIE,14
11181,14,2026-02-05,SORTIE,4
11182,10,2026-02-05,SORTIE,2
11183,24,2026-02-05,SORTIE,10
11184,33,2026-02-05,SORTIE,26
11185,29,2026-02-05,SORTIE,19
11186,29,2026-02-06,SORTIE,4
11187,12,2026-02-06,SORTIE,6
11188,28,2026-02-06,SORTIE,18
11189,5,2026-02-06,SORTIE,28
11190,10,2026-02-06,SORTIE,24
11191,30,2026-02-06,SORTIE,4
11192,21,2026-02-06,SORTIE,26
11193,34,2026-02-06,SORTIE,7
11194,35,2026-02-06,SORTIE,30
11195,28,2026-02-06,SORTIE,2
11196,22,2026-02-06,SORTIE,5
11197,19,2026-02-06,SORTIE,21
11198,15,2026-02-06,SORTIE,1
11199,33,2026-02-06,SORTIE,2
11200,3,2026-02-06,SORTIE,2
11201,30,2026-02-06,SORTIE,6
11202,24,2026-02-06,SORTIE,2
11203,24,2026-02-06,SORTIE,26
11204,4,2026-02-07,SORTIE,29
11205,14,2026-02-07,SORTIE,30
11206,6,2026-02-07,SORTIE,8
11207,19,2026-02-07,SORTIE,17
11208,24,2026-02-07,SORTIE,17
11209,35,2026-02-07,SORTIE,23
11210,20,2026-02-07,SORTIE,17
11211,14,2026-02-07,SORTIE,7
11212,6,2026-02-07,SORTIE,29
11213,9,2026-02-07,SORTIE,17
11214,16,2026-02-07,SORTIE,4
11215,1,2026-02-07,SORTIE,9
11216,8,2026-02-07,SORTIE,3
11217,12,2026-02-07,SORTIE,15
11218,29,2026-02-07,SORTIE,24
11219,17,2026-02-07,SORTIE,8
11220,22,2026-02-08,SORTIE,21
11221,18,2026-02-08,SORTIE,11
11222,2,2026-02-08,SORTIE,19
11223,32,2026-02-08,SORTIE,26
11224,1,2026-02-08,SORTIE,16
11225,35,2026-02-08,SORTIE,12
11226,28,2026-02-08,SORTIE,29
11227,14,2026-02-08,SORTIE,18
11228,4,2026-02-08,SORTIE,22
11229,13,2026-02-08,SORTIE,27
11230,32,2026-02-08,SORTIE,19
11231,8,2026-02-08,SORTIE,20
11232,29,2026-02-08,SORTIE,13
11233,6,2026-02-08,SORTIE,22
11234,27,2026-02-08,SORTIE,5
11235,10,2026-02-08,SORTIE,21
11236,5,2026-02-08,SORTIE,15
11237,7,2026-02-08,SORTIE,17
11238,6,2026-02-08,SORTIE,12
11239,20,2026-02-08,SORTIE,25
11240,27,2026-02-08,SORTIE,12
11241,12,2026-02-08,SORTIE,16
11242,12,2026-02-09,SORTIE,28
11243,18,2026-02-09,SORTIE,15
11244,35,2026-02-09,SORTIE,8
11245,1,2026-02-09,SORTIE,1
11246,28,2026-02-09,SORTIE,3
11247,13,2026-02-09,SORTIE,20
11248,2,2026-02-09,SORTIE,20
11249,2,2026-02-10,SORTIE,17
11250,12,2026-02-10,SORTIE,27
11251,25,2026-02-10,SORTIE,2
11252,28,2026-02-10,SORTIE,10
11253,12,2026-02-10,SORTIE,26
11254,29,2026-02-10,SORTIE,23
11255,22,2026-02-10,SORTIE,24
11256,26,2026-02-10,SORTIE,19
11257,14,2026-02-10,SORTIE,15
11258,14,2026-02-10,SORTIE,30
11259,16,2026-02-10,SORTIE,6
11260,33,2026-02-10,SORTIE,19
11261,18,2026-02-10,SORTIE,22
11262,6,2026-02-10,SORTIE,9
11263,19,2026-02-10,SORTIE,8
11264,31,2026-02-10,SORTIE,4
11265,32,2026-02-10,SORTIE,11
11266,24,2026-02-10,SORTIE,30
11267,24,2026-02-10,SORTIE,19
11268,4,2026-02-10,SORTIE,16
11269,11,2026-02-11,SORTIE,25
11270,12,2026-02-11,SORTIE,6
11271,20,2026-02-11,SORTIE,30
11272,18,2026-02-11,SORTIE,20
11273,21,2026-02-11,SORTIE,24
11274,19,2026-02-11,SORTIE,3
11275,20,2026-02-11,SORTIE,11
11276,7,2026-02-11,SORTIE,23
11277,6,2026-02-11,SORTIE,29
11278,25,2026-02-11,SORTIE,3
11279,19,2026-02-11,SORTIE,18
11280,20,2026-02-11,SORTIE,1
11281,7,2026-02-11,ENTREE,379
11282,6,2026-02-12,SORTIE,13
11283,35,2026-02-12,SORTIE,29
11284,8,2026-02-12,SORTIE,18
11285,33,2026-02-12,SORTIE,17
11286,3,2026-02-12,SORTIE,17
11287,23,2026-02-12,SORTIE,9
11288,30,2026-02-12,SORTIE,18
11289,16,2026-02-12,SORTIE,17
11290,17,2026-02-12,SORTIE,2
11291,7,2026-02-12,SORTIE,11
11292,18,2026-02-12,SORTIE,14
11293,32,2026-02-12,SORTIE,28
11294,25,2026-02-12,SORTIE,24
11295,29,2026-02-12,SORTIE,19
11296,13,2026-02-12,SORTIE,3
11297,24,2026-02-12,SORTIE,5
11298,2,2026-02-12,SORTIE,1
11299,4,2026-02-12,SORTIE,12
11300,8,2026-02-12,SORTIE,2
11301,26,2026-02-12,SORTIE,27
11302,20,2026-02-12,SORTIE,8
11303,30,2026-02-12,ENTREE,436
11304,19,2026-02-13,SORTIE,5
11305,21,2026-02-13,SORTIE,9
11306,19,2026-02-13,SORTIE,18
11307,23,2026-02-13,SORTIE,21
11308,22,2026-02-13,SORTIE,6
11309,16,2026-02-13,SORTIE,7
11310,33,2026-02-13,SORTIE,7
11311,30,2026-02-13,SORTIE,12
11312,21,2026-02-13,SORTIE,26
11313,8,2026-02-13,SORTIE,13
11314,34,2026-02-13,SORTIE,15
11315,27,2026-02-14,SORTIE,11
11316,5,2026-02-14,SORTIE,28
11317,20,2026-02-14,SORTIE,28
11318,9,2026-02-14,SORTIE,7
11319,21,2026-02-14,SORTIE,28
11320,7,2026-02-14,SORTIE,18
11321,1,2026-02-14,SORTIE,1
11322,14,2026-02-14,SORTIE,21
11323,33,2026-02-15,SORTIE,2
11324,1,2026-02-15,SORTIE,24
11325,8,2026-02-15,SORTIE,9
11326,5,2026-02-15,SORTIE,20
11327,23,2026-02-15,SORTIE,12
11328,15,2026-02-15,SORTIE,11
11329,9,2026-02-15,SORTIE,24
11330,3,2026-02-15,SORTIE,15
11331,21,2026-02-15,SORTIE,16
11332,25,2026-02-15,SORTIE,30
11333,35,2026-02-15,SORTIE,18
11334,28,2026-02-15,ENTREE,307
11335,3,2026-02-16,SORTIE,1
11336,31,2026-02-16,SORTIE,3
11337,19,2026-02-16,SORTIE,12
11338,20,2026-02-16,SORTIE,23
11339,13,2026-02-16,SORTIE,11
11340,14,2026-02-16,SORTIE,11
11341,33,2026-02-16,SORTIE,27
11342,18,2026-02-16,SORTIE,20
11343,20,2026-02-16,SORTIE,21
11344,35,2026-02-16,SORTIE,14
11345,3,2026-02-16,SORTIE,25
11346,30,2026-02-16,ENTREE,429
11347,10,2026-02-17,SORTIE,30
11348,13,2026-02-17,SORTIE,18
11349,22,2026-02-17,SORTIE,15
11350,16,2026-02-17,SORTIE,14
11351,18,2026-02-17,SORTIE,17
11352,31,2026-02-17,SORTIE,27
11353,1,2026-02-17,SORTIE,7
11354,24,2026-02-17,SORTIE,7
11355,24,2026-02-17,SORTIE,5
11356,4,2026-02-17,SORTIE,12
11357,24,2026-02-17,SORTIE,20
11358,29,2026-02-17,SORTIE,10
11359,5,2026-02-17,SORTIE,29
11360,21,2026-02-17,SORTIE,6
11361,3,2026-02-17,SORTIE,1
11362,1,2026-02-17,SORTIE,19
11363,7,2026-02-17,SORTIE,6
11364,5,2026-02-17,SORTIE,19
11365,25,2026-02-18,SORTIE,30
11366,35,2026-02-18,SORTIE,17
11367,5,2026-02-18,SORTIE,13
11368,10,2026-02-18,SORTIE,14
11369,29,2026-02-18,SORTIE,22
11370,1,2026-02-18,SORTIE,12
11371,32,2026-02-18,SORTIE,2
11372,34,2026-02-18,SORTIE,25
11373,28,2026-02-18,SORTIE,6
11374,4,2026-02-18,SORTIE,29
11375,18,2026-02-18,SORTIE,3
11376,21,2026-02-18,SORTIE,30
11377,27,2026-02-18,SORTIE,18
11378,21,2026-02-18,SORTIE,22
11379,5,2026-02-18,SORTIE,3
11380,21,2026-02-18,SORTIE,3
11381,2,2026-02-18,SORTIE,9
11382,32,2026-02-18,ENTREE,298
11383,26,2026-02-19,SORTIE,15
11384,28,2026-02-19,SORTIE,26
11385,12,2026-02-19,SORTIE,23
11386,23,2026-02-19,SORTIE,25
11387,27,2026-02-19,SORTIE,3
11388,17,2026-02-19,SORTIE,28
11389,8,2026-02-19,SORTIE,14
11390,15,2026-02-19,SORTIE,4
11391,4,2026-02-19,SORTIE,19
11392,12,2026-02-19,SORTIE,6
11393,34,2026-02-19,SORTIE,5
11394,3,2026-02-19,SORTIE,20
11395,3,2026-02-19,SORTIE,13
11396,34,2026-02-19,SORTIE,7
11397,34,2026-02-19,SORTIE,9
11398,34,2026-02-20,SORTIE,2
11399,13,2026-02-20,SORTIE,29
11400,23,2026-02-20,SORTIE,5
11401,18,2026-02-20,SORTIE,5
11402,18,2026-02-20,SORTIE,30
11403,28,2026-02-20,SORTIE,16
11404,14,2026-02-20,SORTIE,10
11405,26,2026-02-20,SORTIE,30
11406,1,2026-02-20,SORTIE,21
11407,8,2026-02-20,SORTIE,10
11408,29,2026-02-20,SORTIE,7
11409,15,2026-02-20,SORTIE,6
11410,9,2026-02-20,SORTIE,29
11411,35,2026-02-20,SORTIE,1
11412,17,2026-02-20,SORTIE,9
11413,31,2026-02-20,SORTIE,27
11414,19,2026-02-20,SORTIE,3
11415,7,2026-02-20,SORTIE,7
11416,29,2026-02-20,SORTIE,19
11417,18,2026-02-20,SORTIE,13
11418,17,2026-02-20,SORTIE,7
11419,23,2026-02-20,SORTIE,8
11420,34,2026-02-20,SORTIE,23
11421,32,2026-02-20,SORTIE,2
11422,2,2026-02-20,ENTREE,213
11423,8,2026-02-21,SORTIE,4
11424,5,2026-02-21,SORTIE,28
11425,18,2026-02-21,SORTIE,30
11426,17,2026-02-21,SORTIE,28
11427,33,2026-02-21,SORTIE,7
11428,34,2026-02-21,SORTIE,26
11429,19,2026-02-21,SORTIE,13
11430,5,2026-02-21,SORTIE,29
11431,32,2026-02-21,SORTIE,14
11432,13,2026-02-21,SORTIE,5
11433,24,2026-02-21,SORTIE,22
11434,16,2026-02-21,SORTIE,19
11435,16,2026-02-22,SORTIE,9
11436,3,2026-02-22,SORTIE,23
11437,24,2026-02-22,SORTIE,19
11438,7,2026-02-22,SORTIE,29
11439,17,2026-02-22,SORTIE,18
11440,32,2026-02-22,SORTIE,27
11441,17,2026-02-22,SORTIE,27
11442,28,2026-02-22,SORTIE,20
11443,21,2026-02-22,SORTIE,7
11444,23,2026-02-22,SORTIE,15
11445,23,2026-02-22,SORTIE,15
11446,26,2026-02-22,SORTIE,11
11447,1,2026-02-22,SORTIE,7
11448,10,2026-02-23,SORTIE,28
11449,13,2026-02-23,SORTIE,8
11450,15,2026-02-23,SORTIE,12
11451,12,2026-02-23,SORTIE,15
11452,25,2026-02-23,SORTIE,25
11453,15,2026-02-23,SORTIE,5
11454,14,2026-02-23,SORTIE,5
11455,31,2026-02-23,SORTIE,12
11456,35,2026-02-23,SORTIE,10
11457,10,2026-02-23,ENTREE,244
11458,1,2026-02-24,SORTIE,3
11459,27,2026-02-24,SORTIE,17
11460,26,2026-02-24,SORTIE,7
11461,31,2026-02-24,SORTIE,21
11462,30,2026-02-24,SORTIE,28
11463,31,2026-02-24,SORTIE,13
11464,1,2026-02-24,SORTIE,23
11465,6,2026-02-24,SORTIE,24
11466,26,2026-02-24,SORTIE,14
11467,8,2026-02-24,SORTIE,2
11468,3,2026-02-24,SORTIE,12
11469,22,2026-02-24,SORTIE,10
11470,24,2026-02-24,SORTIE,7
11471,22,2026-02-24,SORTIE,1
11472,5,2026-02-24,SORTIE,21
11473,5,2026-02-24,SORTIE,18
11474,2,2026-02-24,SORTIE,17
11475,9,2026-02-24,SORTIE,16
11476,28,2026-02-24,SORTIE,10
11477,33,2026-02-24,SORTIE,2
11478,31,2026-02-24,SORTIE,7
11479,11,2026-02-24,SORTIE,13
11480,31,2026-02-24,SORTIE,6
11481,28,2026-02-24,SORTIE,5
11482,18,2026-02-24,SORTIE,9
11483,17,2026-02-25,SORTIE,30
11484,4,2026-02-25,SORTIE,18
11485,16,2026-02-25,SORTIE,11
11486,8,2026-02-25,SORTIE,20
11487,13,2026-02-25,SORTIE,25
11488,27,2026-02-25,SORTIE,21
11489,14,2026-02-25,SORTIE,21
11490,32,2026-02-25,SORTIE,2
11491,10,2026-02-25,SORTIE,29
11492,22,2026-02-25,SORTIE,13
11493,16,2026-02-25,SORTIE,26
11494,34,2026-02-25,SORTIE,6
11495,27,2026-02-25,SORTIE,21
11496,7,2026-02-25,SORTIE,26
11497,25,2026-02-25,SORTIE,18
11498,6,2026-02-25,SORTIE,14
11499,16,2026-02-26,SORTIE,2
11500,3,2026-02-26,SORTIE,4
11501,23,2026-02-26,SORTIE,29
11502,12,2026-02-26,SORTIE,4
11503,14,2026-02-26,SORTIE,29
11504,17,2026-02-26,SORTIE,12
11505,33,2026-02-26,SORTIE,11
11506,10,2026-02-26,SORTIE,4
11507,21,2026-02-27,SORTIE,21
11508,11,2026-02-27,SORTIE,13
11509,31,2026-02-27,SORTIE,22
11510,30,2026-02-27,SORTIE,6
11511,26,2026-02-27,SORTIE,29
11512,12,2026-02-27,SORTIE,23
11513,25,2026-02-27,SORTIE,3
11514,21,2026-02-27,SORTIE,28
11515,35,2026-02-27,SORTIE,24
11516,31,2026-02-27,SORTIE,27
11517,8,2026-02-27,SORTIE,25
11518,9,2026-02-28,SORTIE,3
11519,34,2026-02-28,SORTIE,4
11520,3,2026-02-28,SORTIE,9
11521,32,2026-03-01,SORTIE,21
11522,17,2026-03-01,SORTIE,9
11523,8,2026-03-01,SORTIE,1
11524,5,2026-03-01,SORTIE,11
11525,18,2026-03-01,SORTIE,18
11526,2,2026-03-01,SORTIE,8
11527,30,2026-03-01,SORTIE,28
11528,8,2026-03-01,SORTIE,5
11529,25,2026-03-01,SORTIE,15
11530,3,2026-03-01,SORTIE,15
11531,12,2026-03-01,SORTIE,28
11532,34,2026-03-01,SORTIE,7
11533,3,2026-03-01,SORTIE,29
11534,29,2026-03-01,SORTIE,24
11535,35,2026-03-01,SORTIE,16
11536,24,2026-03-01,SORTIE,14
11537,16,2026-03-01,SORTIE,8
11538,26,2026-03-01,SORTIE,28
11539,17,2026-03-01,SORTIE,3
11540,14,2026-03-01,SORTIE,4
11541,7,2026-03-01,SORTIE,10
11542,5,2026-03-01,SORTIE,16
11543,25,2026-03-01,SORTIE,22
11544,11,2026-03-01,SORTIE,3
11545,5,2026-03-01,SORTIE,7
11546,1,2026-03-01,SORTIE,27
11547,35,2026-03-02,SORTIE,7
11548,22,2026-03-02,SORTIE,28
11549,8,2026-03-02,SORTIE,18
11550,27,2026-03-02,SORTIE,28
11551,33,2026-03-02,SORTIE,19
11552,14,2026-03-02,SORTIE,5
11553,30,2026-03-02,SORTIE,6
11554,9,2026-03-02,SORTIE,17
11555,11,2026-03-02,SORTIE,17
11556,21,2026-03-02,SORTIE,13
11557,1,2026-03-02,SORTIE,26
11558,16,2026-03-02,SORTIE,18
11559,17,2026-03-02,SORTIE,11
11560,31,2026-03-02,SORTIE,3
11561,33,2026-03-02,SORTIE,5
11562,3,2026-03-02,SORTIE,20
11563,12,2026-03-02,SORTIE,29
11564,30,2026-03-02,SORTIE,30
11565,27,2026-03-02,SORTIE,24
11566,32,2026-03-02,SORTIE,16
11567,1,2026-03-02,SORTIE,11
11568,14,2026-03-03,SORTIE,3
11569,31,2026-03-03,SORTIE,21
11570,35,2026-03-03,SORTIE,15
11571,10,2026-03-03,SORTIE,20
11572,9,2026-03-03,SORTIE,29
11573,19,2026-03-03,SORTIE,9
11574,33,2026-03-03,SORTIE,11
11575,28,2026-03-03,SORTIE,1
11576,28,2026-03-03,SORTIE,19
11577,31,2026-03-03,SORTIE,3
11578,6,2026-03-04,SORTIE,24
11579,18,2026-03-04,SORTIE,12
11580,30,2026-03-04,SORTIE,2
11581,13,2026-03-04,SORTIE,22
11582,24,2026-03-04,SORTIE,2
11583,22,2026-03-04,SORTIE,18
11584,33,2026-03-04,SORTIE,6
11585,3,2026-03-04,SORTIE,5
11586,4,2026-03-04,SORTIE,28
11587,1,2026-03-04,SORTIE,2
11588,18,2026-03-04,SORTIE,13
11589,23,2026-03-04,SORTIE,13
11590,4,2026-03-04,SORTIE,29
11591,29,2026-03-04,SORTIE,23
11592,4,2026-03-04,SORTIE,20
11593,27,2026-03-04,SORTIE,2
11594,26,2026-03-04,ENTREE,410
11595,25,2026-03-05,SORTIE,29
11596,10,2026-03-05,SORTIE,16
11597,3,2026-03-05,SORTIE,6
11598,8,2026-03-05,SORTIE,24
11599,4,2026-03-05,SORTIE,19
11600,17,2026-03-05,SORTIE,8
11601,35,2026-03-05,SORTIE,24
11602,28,2026-03-05,SORTIE,24
11603,22,2026-03-05,SORTIE,9
11604,32,2026-03-05,SORTIE,26
11605,6,2026-03-05,SORTIE,7
11606,20,2026-03-05,SORTIE,26
11607,35,2026-03-05,SORTIE,13
11608,27,2026-03-05,SORTIE,1
11609,15,2026-03-05,SORTIE,12
11610,32,2026-03-05,SORTIE,19
11611,4,2026-03-05,SORTIE,10
11612,12,2026-03-05,SORTIE,28
11613,35,2026-03-05,SORTIE,10
11614,4,2026-03-05,SORTIE,21
11615,2,2026-03-05,SORTIE,17
11616,9,2026-03-05,SORTIE,14
11617,23,2026-03-05,SORTIE,11
11618,19,2026-03-05,ENTREE,477
11619,18,2026-03-06,SORTIE,21
11620,31,2026-03-06,SORTIE,12
11621,23,2026-03-06,SORTIE,5
11622,7,2026-03-06,SORTIE,4
11623,14,2026-03-06,SORTIE,5
11624,17,2026-03-06,SORTIE,18
11625,19,2026-03-06,SORTIE,8
11626,31,2026-03-06,SORTIE,5
11627,34,2026-03-06,ENTREE,483
11628,27,2026-03-07,SORTIE,15
11629,33,2026-03-07,SORTIE,14
11630,25,2026-03-07,SORTIE,9
11631,21,2026-03-07,SORTIE,2
11632,25,2026-03-07,SORTIE,8
11633,5,2026-03-07,SORTIE,11
11634,25,2026-03-07,SORTIE,13
11635,20,2026-03-07,SORTIE,30
11636,23,2026-03-07,SORTIE,30
11637,23,2026-03-07,SORTIE,21
11638,24,2026-03-07,SORTIE,22
11639,24,2026-03-07,SORTIE,21
11640,23,2026-03-07,SORTIE,8
11641,34,2026-03-07,SORTIE,24
11642,7,2026-03-07,SORTIE,27
11643,35,2026-03-07,SORTIE,5
11644,24,2026-03-07,SORTIE,25
11645,27,2026-03-07,SORTIE,23
11646,6,2026-03-07,SORTIE,14
11647,32,2026-03-07,SORTIE,29
11648,22,2026-03-07,SORTIE,24
11649,9,2026-03-07,SORTIE,3
11650,29,2026-03-07,ENTREE,337
11651,4,2026-03-08,SORTIE,23
11652,8,2026-03-08,SORTIE,19
11653,4,2026-03-08,SORTIE,12
11654,21,2026-03-08,SORTIE,8
11655,30,2026-03-08,SORTIE,18
11656,9,2026-03-08,SORTIE,17
11657,24,2026-03-08,SORTIE,4
11658,14,2026-03-08,SORTIE,11
11659,17,2026-03-08,SORTIE,26
11660,23,2026-03-08,SORTIE,19
11661,13,2026-03-08,SORTIE,2
11662,33,2026-03-08,SORTIE,30
11663,14,2026-03-08,SORTIE,22
11664,7,2026-03-08,SORTIE,24
11665,11,2026-03-08,SORTIE,16
11666,2,2026-03-08,SORTIE,3
11667,30,2026-03-08,SORTIE,20
11668,33,2026-03-08,ENTREE,195
11669,11,2026-03-09,SORTIE,4
11670,34,2026-03-09,SORTIE,24
11671,32,2026-03-09,SORTIE,10
11672,16,2026-03-09,SORTIE,18
11673,22,2026-03-09,SORTIE,14
11674,11,2026-03-09,SORTIE,16
11675,22,2026-03-09,SORTIE,6
11676,30,2026-03-09,SORTIE,14
11677,5,2026-03-09,SORTIE,17
11678,16,2026-03-09,SORTIE,29
11679,34,2026-03-09,SORTIE,22
11680,20,2026-03-09,SORTIE,17
11681,2,2026-03-09,SORTIE,9
11682,22,2026-03-09,SORTIE,7
11683,19,2026-03-09,SORTIE,29
11684,1,2026-03-09,SORTIE,15
11685,8,2026-03-10,SORTIE,25
11686,11,2026-03-10,SORTIE,18
11687,11,2026-03-10,SORTIE,14
11688,28,2026-03-10,SORTIE,20
11689,13,2026-03-10,SORTIE,5
11690,17,2026-03-10,SORTIE,1
11691,5,2026-03-10,SORTIE,25
11692,25,2026-03-10,SORTIE,18
11693,7,2026-03-10,SORTIE,19
11694,9,2026-03-10,SORTIE,15
11695,24,2026-03-10,SORTIE,15
11696,22,2026-03-10,SORTIE,26
11697,8,2026-03-11,SORTIE,24
11698,9,2026-03-11,SORTIE,9
11699,20,2026-03-11,SORTIE,21
11700,9,2026-03-11,SORTIE,4
11701,29,2026-03-11,SORTIE,9
11702,29,2026-03-11,SORTIE,11
11703,1,2026-03-11,SORTIE,12
11704,16,2026-03-11,SORTIE,16
11705,13,2026-03-11,SORTIE,7
11706,26,2026-03-11,SORTIE,12
11707,16,2026-03-11,SORTIE,2
11708,7,2026-03-11,SORTIE,29
11709,7,2026-03-11,SORTIE,8
11710,17,2026-03-11,SORTIE,9
11711,35,2026-03-11,SORTIE,3
11712,28,2026-03-11,SORTIE,22
11713,8,2026-03-11,SORTIE,6
11714,28,2026-03-11,SORTIE,22
11715,22,2026-03-11,ENTREE,171
11716,5,2026-03-12,SORTIE,23
11717,14,2026-03-12,SORTIE,28
11718,10,2026-03-12,SORTIE,20
11719,7,2026-03-12,SORTIE,22
11720,18,2026-03-12,SORTIE,21
11721,17,2026-03-13,SORTIE,18
11722,23,2026-03-13,SORTIE,24
11723,30,2026-03-13,SORTIE,1
11724,14,2026-03-13,SORTIE,19
11725,7,2026-03-13,SORTIE,27
11726,33,2026-03-13,SORTIE,26
11727,8,2026-03-13,SORTIE,28
11728,28,2026-03-13,SORTIE,12
11729,7,2026-03-13,SORTIE,27
11730,13,2026-03-13,SORTIE,8
11731,7,2026-03-13,SORTIE,18
11732,10,2026-03-13,SORTIE,5
11733,2,2026-03-13,SORTIE,15
11734,13,2026-03-13,SORTIE,21
11735,28,2026-03-14,SORTIE,6
11736,6,2026-03-14,SORTIE,6
11737,23,2026-03-14,SORTIE,13
11738,6,2026-03-14,SORTIE,17
11739,34,2026-03-14,SORTIE,15
11740,6,2026-03-14,SORTIE,8
11741,35,2026-03-14,SORTIE,23
11742,12,2026-03-14,SORTIE,15
11743,10,2026-03-15,SORTIE,29
11744,17,2026-03-15,SORTIE,22
11745,2,2026-03-15,SORTIE,15
11746,3,2026-03-15,SORTIE,8
11747,19,2026-03-15,SORTIE,15
11748,32,2026-03-15,SORTIE,25
11749,20,2026-03-15,SORTIE,19
11750,13,2026-03-15,SORTIE,17
11751,26,2026-03-15,SORTIE,21
11752,7,2026-03-15,SORTIE,4
11753,30,2026-03-15,SORTIE,4
11754,34,2026-03-15,SORTIE,17
11755,2,2026-03-15,SORTIE,10
11756,12,2026-03-16,SORTIE,15
11757,4,2026-03-16,SORTIE,30
11758,16,2026-03-16,SORTIE,22
11759,28,2026-03-16,SORTIE,3
11760,28,2026-03-16,SORTIE,27
11761,19,2026-03-16,SORTIE,18
11762,26,2026-03-16,SORTIE,24
11763,19,2026-03-16,SORTIE,29
11764,5,2026-03-16,SORTIE,2
11765,31,2026-03-16,SORTIE,29
11766,4,2026-03-16,SORTIE,27
11767,26,2026-03-16,SORTIE,14
11768,30,2026-03-17,SORTIE,27
11769,23,2026-03-17,SORTIE,14
11770,4,2026-03-17,SORTIE,20
11771,26,2026-03-17,SORTIE,25
11772,5,2026-03-17,SORTIE,11
11773,7,2026-03-17,SORTIE,17
11774,20,2026-03-17,SORTIE,3
11775,11,2026-03-17,SORTIE,13
11776,4,2026-03-17,SORTIE,1
11777,27,2026-03-17,ENTREE,358
11778,15,2026-03-18,SORTIE,3
11779,16,2026-03-18,SORTIE,26
11780,11,2026-03-18,SORTIE,9
11781,22,2026-03-18,SORTIE,18
11782,2,2026-03-18,SORTIE,10
11783,32,2026-03-18,SORTIE,11
11784,22,2026-03-18,SORTIE,19
11785,9,2026-03-18,SORTIE,19
11786,25,2026-03-18,SORTIE,19
11787,31,2026-03-18,SORTIE,9
11788,31,2026-03-18,SORTIE,21
11789,29,2026-03-18,SORTIE,25
11790,10,2026-03-18,SORTIE,12
11791,30,2026-03-18,SORTIE,17
11792,31,2026-03-18,SORTIE,14
11793,26,2026-03-18,SORTIE,24
11794,22,2026-03-18,SORTIE,19
11795,22,2026-03-18,SORTIE,12
11796,23,2026-03-18,SORTIE,24
11797,5,2026-03-18,SORTIE,7
11798,32,2026-03-18,ENTREE,292
11799,34,2026-03-19,SORTIE,12
11800,29,2026-03-19,SORTIE,5
11801,26,2026-03-19,SORTIE,30
11802,17,2026-03-19,SORTIE,9
11803,9,2026-03-19,SORTIE,7
11804,5,2026-03-19,SORTIE,3
11805,29,2026-03-19,SORTIE,15
11806,17,2026-03-19,SORTIE,14
11807,22,2026-03-19,SORTIE,23
11808,32,2026-03-19,SORTIE,3
11809,2,2026-03-19,SORTIE,6
11810,7,2026-03-19,SORTIE,8
11811,24,2026-03-19,SORTIE,12
11812,4,2026-03-19,SORTIE,30
11813,34,2026-03-19,SORTIE,1
11814,35,2026-03-19,SORTIE,9
11815,8,2026-03-19,SORTIE,27
11816,8,2026-03-19,SORTIE,23
11817,20,2026-03-19,SORTIE,10
11818,18,2026-03-19,SORTIE,25
11819,29,2026-03-20,SORTIE,26
11820,25,2026-03-20,SORTIE,29
11821,10,2026-03-20,SORTIE,17
11822,24,2026-03-20,SORTIE,24
11823,20,2026-03-20,SORTIE,10
11824,34,2026-03-20,SORTIE,24
11825,11,2026-03-20,SORTIE,1
11826,13,2026-03-20,SORTIE,29
11827,16,2026-03-20,SORTIE,7
11828,28,2026-03-20,SORTIE,12
11829,19,2026-03-20,SORTIE,30
11830,1,2026-03-20,SORTIE,27
11831,16,2026-03-20,SORTIE,30
11832,19,2026-03-20,SORTIE,7
11833,7,2026-03-20,SORTIE,9
11834,20,2026-03-20,SORTIE,3
11835,13,2026-03-20,SORTIE,26
11836,25,2026-03-20,SORTIE,21
11837,19,2026-03-21,SORTIE,21
11838,21,2026-03-21,SORTIE,3
11839,14,2026-03-21,SORTIE,24
11840,13,2026-03-21,SORTIE,15
11841,30,2026-03-22,SORTIE,20
11842,9,2026-03-22,SORTIE,10
11843,10,2026-03-22,SORTIE,26
11844,29,2026-03-22,SORTIE,21
11845,28,2026-03-22,SORTIE,2
11846,10,2026-03-22,SORTIE,22
11847,32,2026-03-22,SORTIE,30
11848,29,2026-03-23,SORTIE,9
11849,10,2026-03-23,SORTIE,10
11850,24,2026-03-23,SORTIE,1
11851,16,2026-03-23,SORTIE,29
11852,28,2026-03-23,SORTIE,29
11853,32,2026-03-23,SORTIE,16
11854,13,2026-03-24,SORTIE,1
11855,5,2026-03-24,SORTIE,17
11856,34,2026-03-24,SORTIE,17
11857,14,2026-03-24,SORTIE,5
11858,23,2026-03-24,SORTIE,10
11859,23,2026-03-24,SORTIE,3
11860,5,2026-03-24,SORTIE,3
11861,9,2026-03-24,SORTIE,29
11862,4,2026-03-24,SORTIE,12
11863,21,2026-03-24,SORTIE,10
11864,19,2026-03-25,SORTIE,11
11865,20,2026-03-25,SORTIE,14
11866,6,2026-03-25,SORTIE,10
11867,17,2026-03-25,SORTIE,21
11868,33,2026-03-25,SORTIE,20
11869,30,2026-03-25,SORTIE,22
11870,6,2026-03-25,SORTIE,17
11871,1,2026-03-25,SORTIE,2
11872,31,2026-03-25,SORTIE,28
11873,7,2026-03-25,SORTIE,29
11874,8,2026-03-25,SORTIE,12
11875,7,2026-03-25,SORTIE,5
11876,20,2026-03-25,SORTIE,7
11877,6,2026-03-25,SORTIE,14
11878,4,2026-03-25,SORTIE,14
11879,22,2026-03-25,SORTIE,2
11880,15,2026-03-26,SORTIE,7
11881,24,2026-03-26,SORTIE,22
11882,2,2026-03-26,SORTIE,14
11883,9,2026-03-26,SORTIE,25
11884,18,2026-03-26,SORTIE,10
11885,13,2026-03-26,SORTIE,20
11886,21,2026-03-26,SORTIE,21
11887,18,2026-03-26,SORTIE,2
11888,26,2026-03-26,SORTIE,10
11889,27,2026-03-26,SORTIE,23
11890,20,2026-03-26,SORTIE,4
11891,3,2026-03-26,SORTIE,21
11892,25,2026-03-26,SORTIE,3
11893,5,2026-03-26,SORTIE,26
11894,16,2026-03-26,SORTIE,25
11895,10,2026-03-26,SORTIE,28
11896,13,2026-03-26,SORTIE,21
11897,28,2026-03-26,SORTIE,24
11898,10,2026-03-27,SORTIE,23
11899,13,2026-03-27,SORTIE,3
11900,34,2026-03-27,SORTIE,4
11901,21,2026-03-27,SORTIE,24
11902,34,2026-03-27,ENTREE,487
11903,3,2026-03-28,SORTIE,25
11904,24,2026-03-28,SORTIE,26
11905,33,2026-03-28,SORTIE,21
11906,12,2026-03-28,SORTIE,17
11907,18,2026-03-28,SORTIE,1
11908,9,2026-03-28,SORTIE,3
11909,1,2026-03-28,SORTIE,6
11910,28,2026-03-28,SORTIE,9
11911,12,2026-03-28,SORTIE,16
11912,7,2026-03-28,SORTIE,2
11913,13,2026-03-28,SORTIE,20
11914,3,2026-03-28,SORTIE,21
11915,7,2026-03-28,SORTIE,4
11916,5,2026-03-28,SORTIE,15
11917,34,2026-03-28,SORTIE,16
11918,35,2026-03-28,SORTIE,13
11919,11,2026-03-28,SORTIE,4
11920,12,2026-03-28,SORTIE,12
11921,35,2026-03-28,SORTIE,15
11922,12,2026-03-29,SORTIE,4
11923,17,2026-03-29,SORTIE,21
11924,31,2026-03-29,SORTIE,12
11925,24,2026-03-29,SORTIE,8
11926,25,2026-03-29,SORTIE,19
11927,3,2026-03-29,SORTIE,12
11928,33,2026-03-29,SORTIE,11
11929,30,2026-03-29,SORTIE,9
11930,30,2026-03-29,SORTIE,13
11931,19,2026-03-29,SORTIE,28
11932,25,2026-03-29,SORTIE,1
11933,14,2026-03-29,SORTIE,8
11934,6,2026-03-29,SORTIE,7
11935,16,2026-03-29,SORTIE,13
11936,7,2026-03-29,SORTIE,26
11937,23,2026-03-29,SORTIE,24
11938,12,2026-03-29,SORTIE,25
11939,3,2026-03-29,SORTIE,2
11940,8,2026-03-29,SORTIE,24
11941,3,2026-03-29,SORTIE,18
11942,21,2026-03-29,ENTREE,145
11943,33,2026-03-30,SORTIE,19
11944,30,2026-03-30,SORTIE,7
11945,31,2026-03-30,SORTIE,27
11946,8,2026-03-30,SORTIE,25
11947,12,2026-03-30,SORTIE,19
11948,5,2026-03-30,SORTIE,22
11949,28,2026-03-30,SORTIE,12
11950,22,2026-03-30,SORTIE,14
11951,31,2026-03-30,SORTIE,30
11952,26,2026-03-30,SORTIE,18
11953,31,2026-03-30,SORTIE,21
11954,12,2026-03-30,SORTIE,1
11955,16,2026-03-30,SORTIE,27
11956,18,2026-03-30,SORTIE,18
11957,19,2026-03-30,SORTIE,9
11958,3,2026-03-30,SORTIE,1
11959,13,2026-03-30,SORTIE,5
11960,6,2026-03-30,SORTIE,18
11961,4,2026-03-30,SORTIE,17
11962,18,2026-03-30,SORTIE,7
11963,14,2026-03-30,SORTIE,2
11964,21,2026-03-30,SORTIE,15
11965,21,2026-03-30,SORTIE,3
11966,13,2026-03-30,SORTIE,19
11967,35,2026-03-30,SORTIE,1
11968,31,2026-03-30,SORTIE,26
11969,11,2026-03-30,SORTIE,25
11970,14,2026-03-30,SORTIE,20
11971,34,2026-03-30,SORTIE,9
11972,16,2026-03-30,SORTIE,27
11973,7,2026-03-31,SORTIE,24
11974,3,2026-03-31,SORTIE,15
11975,30,2026-03-31,SORTIE,12
11976,6,2026-03-31,SORTIE,13
11977,19,2026-03-31,SORTIE,11
11978,35,2026-03-31,SORTIE,10
11979,35,2026-03-31,SORTIE,8
11980,21,2026-03-31,SORTIE,5
11981,24,2026-03-31,ENTREE,278
11982,12,2026-04-01,SORTIE,21
11983,1,2026-04-01,SORTIE,26
11984,6,2026-04-01,SORTIE,13
11985,17,2026-04-01,SORTIE,22
11986,23,2026-04-01,SORTIE,23
11987,13,2026-04-01,SORTIE,13
11988,21,2026-04-01,SORTIE,2
11989,13,2026-04-01,SORTIE,8
11990,12,2026-04-01,SORTIE,11
11991,15,2026-04-01,SORTIE,2
11992,17,2026-04-01,SORTIE,17
11993,2,2026-04-02,SORTIE,26
11994,16,2026-04-02,SORTIE,19
11995,23,2026-04-02,SORTIE,5
11996,8,2026-04-02,SORTIE,9
11997,34,2026-04-02,SORTIE,15
11998,26,2026-04-02,SORTIE,20
11999,2,2026-04-02,SORTIE,9
12000,28,2026-04-02,SORTIE,24
12001,10,2026-04-02,SORTIE,26
12002,11,2026-04-02,SORTIE,13
12003,32,2026-04-02,SORTIE,23
12004,30,2026-04-02,SORTIE,17
12005,20,2026-04-02,SORTIE,2
12006,29,2026-04-02,SORTIE,10
12007,13,2026-04-02,SORTIE,18
12008,13,2026-04-02,SORTIE,10
12009,30,2026-04-03,SORTIE,15
12010,31,2026-04-03,SORTIE,24
12011,13,2026-04-03,SORTIE,28
12012,13,2026-04-03,SORTIE,17
12013,27,2026-04-04,SORTIE,14
12014,20,2026-04-04,SORTIE,27
12015,28,2026-04-04,SORTIE,26
12016,2,2026-04-04,SORTIE,13
12017,18,2026-04-04,SORTIE,23
12018,6,2026-04-04,SORTIE,30
12019,5,2026-04-04,SORTIE,22
12020,5,2026-04-04,SORTIE,25
12021,12,2026-04-04,SORTIE,12
12022,21,2026-04-04,SORTIE,3
12023,28,2026-04-04,SORTIE,3
12024,35,2026-04-04,SORTIE,7
12025,1,2026-04-04,SORTIE,23
12026,34,2026-04-04,SORTIE,26
12027,30,2026-04-04,SORTIE,13
12028,18,2026-04-04,SORTIE,27
12029,34,2026-04-04,SORTIE,1
12030,28,2026-04-05,SORTIE,4
12031,32,2026-04-05,SORTIE,23
12032,35,2026-04-05,SORTIE,23
12033,33,2026-04-05,SORTIE,3
12034,5,2026-04-05,SORTIE,20
12035,19,2026-04-05,SORTIE,22
12036,5,2026-04-05,SORTIE,15
12037,12,2026-04-05,SORTIE,24
12038,11,2026-04-05,SORTIE,24
12039,13,2026-04-05,SORTIE,28
12040,15,2026-04-05,SORTIE,7
12041,7,2026-04-05,SORTIE,18
12042,20,2026-04-05,SORTIE,11
12043,21,2026-04-05,SORTIE,17
12044,10,2026-04-05,SORTIE,10
12045,24,2026-04-05,SORTIE,6
12046,10,2026-04-05,SORTIE,13
12047,12,2026-04-05,SORTIE,21
12048,15,2026-04-05,SORTIE,29
12049,16,2026-04-05,SORTIE,9
12050,8,2026-04-05,SORTIE,4
12051,32,2026-04-05,SORTIE,2
12052,2,2026-04-05,SORTIE,29
12053,25,2026-04-06,SORTIE,23
12054,5,2026-04-06,SORTIE,20
12055,15,2026-04-06,SORTIE,15
12056,14,2026-04-06,SORTIE,14
12057,33,2026-04-06,SORTIE,15
12058,25,2026-04-06,SORTIE,1
12059,26,2026-04-06,SORTIE,11
12060,24,2026-04-06,SORTIE,24
12061,28,2026-04-06,SORTIE,15
12062,2,2026-04-06,SORTIE,19
12063,24,2026-04-06,SORTIE,20
12064,14,2026-04-06,SORTIE,5
12065,8,2026-04-06,SORTIE,15
12066,17,2026-04-06,SORTIE,29
12067,32,2026-04-06,SORTIE,18
12068,17,2026-04-06,SORTIE,18
12069,28,2026-04-06,SORTIE,30
12070,12,2026-04-06,SORTIE,20
12071,25,2026-04-06,SORTIE,1
12072,3,2026-04-06,SORTIE,8
12073,12,2026-04-06,SORTIE,19
12074,25,2026-04-06,SORTIE,6
12075,18,2026-04-06,SORTIE,1
12076,5,2026-04-06,SORTIE,22
12077,24,2026-04-06,SORTIE,28
12078,13,2026-04-07,SORTIE,27
12079,5,2026-04-07,SORTIE,18
12080,3,2026-04-07,SORTIE,19
12081,30,2026-04-07,SORTIE,10
12082,18,2026-04-07,SORTIE,6
12083,25,2026-04-07,SORTIE,22
12084,24,2026-04-07,SORTIE,20
12085,2,2026-04-07,SORTIE,19
12086,2,2026-04-07,SORTIE,8
12087,4,2026-04-07,SORTIE,1
12088,33,2026-04-07,SORTIE,13
12089,33,2026-04-07,SORTIE,27
12090,1,2026-04-07,SORTIE,24
12091,5,2026-04-07,SORTIE,9
12092,13,2026-04-07,SORTIE,19
12093,5,2026-04-07,SORTIE,22
12094,28,2026-04-07,SORTIE,10
12095,2,2026-04-07,SORTIE,7
12096,22,2026-04-07,SORTIE,26
12097,19,2026-04-07,SORTIE,26
12098,25,2026-04-07,SORTIE,18
12099,16,2026-04-07,SORTIE,22
12100,8,2026-04-07,SORTIE,6
12101,8,2026-04-07,SORTIE,1
12102,4,2026-04-07,SORTIE,7
12103,1,2026-04-07,SORTIE,26
12104,24,2026-04-07,SORTIE,21
12105,21,2026-04-07,SORTIE,29
12106,17,2026-04-07,ENTREE,278
12107,15,2026-04-08,SORTIE,14
12108,12,2026-04-08,SORTIE,25
12109,11,2026-04-08,SORTIE,30
12110,12,2026-04-08,SORTIE,2
12111,34,2026-04-08,SORTIE,5
12112,34,2026-04-08,SORTIE,23
12113,6,2026-04-08,SORTIE,5
12114,26,2026-04-08,SORTIE,24
12115,6,2026-04-08,SORTIE,20
12116,1,2026-04-08,SORTIE,8
12117,6,2026-04-08,SORTIE,9
12118,29,2026-04-08,SORTIE,10
12119,23,2026-04-08,SORTIE,25
12120,26,2026-04-08,SORTIE,10
12121,1,2026-04-08,SORTIE,9
12122,15,2026-04-08,SORTIE,23
12123,31,2026-04-08,SORTIE,3
12124,24,2026-04-09,SORTIE,21
12125,5,2026-04-09,SORTIE,11
12126,32,2026-04-09,SORTIE,11
12127,4,2026-04-09,SORTIE,11
12128,13,2026-04-09,SORTIE,11
12129,5,2026-04-09,SORTIE,22
12130,35,2026-04-09,SORTIE,9
12131,10,2026-04-09,SORTIE,15
12132,16,2026-04-09,SORTIE,16
12133,27,2026-04-09,SORTIE,1
12134,35,2026-04-09,SORTIE,16
12135,16,2026-04-09,SORTIE,12
12136,14,2026-04-09,SORTIE,2
12137,6,2026-04-09,SORTIE,17
12138,10,2026-04-09,SORTIE,7
12139,30,2026-04-09,SORTIE,7
12140,24,2026-04-09,SORTIE,9
12141,31,2026-04-09,SORTIE,5
12142,33,2026-04-09,SORTIE,13
12143,8,2026-04-09,SORTIE,6
12144,2,2026-04-09,SORTIE,9
12145,13,2026-04-09,SORTIE,2
12146,15,2026-04-09,SORTIE,24
12147,6,2026-04-09,SORTIE,19
12148,25,2026-04-09,SORTIE,20
12149,7,2026-04-09,SORTIE,7
12150,3,2026-04-09,SORTIE,21
12151,14,2026-04-09,SORTIE,2
12152,17,2026-04-09,SORTIE,28
12153,16,2026-04-10,SORTIE,3
12154,14,2026-04-10,SORTIE,15
12155,1,2026-04-10,SORTIE,23
12156,11,2026-04-10,SORTIE,11
12157,6,2026-04-10,SORTIE,9
12158,34,2026-04-10,SORTIE,27
12159,16,2026-04-10,SORTIE,26
12160,31,2026-04-10,SORTIE,22
12161,21,2026-04-10,SORTIE,2
12162,33,2026-04-11,SORTIE,15
12163,16,2026-04-11,SORTIE,15
12164,8,2026-04-11,SORTIE,20
12165,29,2026-04-11,SORTIE,14
12166,30,2026-04-11,SORTIE,25
12167,31,2026-04-11,SORTIE,16
12168,7,2026-04-11,SORTIE,2
12169,26,2026-04-11,SORTIE,7
12170,11,2026-04-11,SORTIE,15
12171,9,2026-04-12,SORTIE,28
12172,22,2026-04-12,SORTIE,29
12173,12,2026-04-12,SORTIE,7
12174,24,2026-04-12,SORTIE,15
12175,12,2026-04-12,SORTIE,19
12176,20,2026-04-12,SORTIE,18
12177,7,2026-04-12,SORTIE,13
12178,10,2026-04-12,SORTIE,25
12179,6,2026-04-12,SORTIE,21
12180,19,2026-04-12,SORTIE,26
12181,30,2026-04-12,ENTREE,324
12182,9,2026-04-13,SORTIE,7
12183,1,2026-04-13,SORTIE,5
12184,27,2026-04-13,SORTIE,25
12185,28,2026-04-13,SORTIE,11
12186,10,2026-04-13,SORTIE,28
12187,12,2026-04-13,SORTIE,1
12188,1,2026-04-13,SORTIE,1
12189,18,2026-04-13,SORTIE,18
12190,3,2026-04-13,SORTIE,8
12191,22,2026-04-13,SORTIE,25
12192,23,2026-04-13,SORTIE,18
12193,33,2026-04-14,SORTIE,18
12194,27,2026-04-14,SORTIE,29
12195,10,2026-04-14,SORTIE,5
12196,17,2026-04-14,SORTIE,1
12197,33,2026-04-14,SORTIE,7
12198,20,2026-04-14,SORTIE,15
12199,12,2026-04-14,SORTIE,11
12200,23,2026-04-14,SORTIE,29
12201,19,2026-04-14,SORTIE,1
12202,22,2026-04-14,SORTIE,15
12203,9,2026-04-14,SORTIE,15
12204,29,2026-04-14,SORTIE,3
12205,23,2026-04-14,SORTIE,27
12206,17,2026-04-15,SORTIE,15
12207,10,2026-04-15,SORTIE,16
12208,19,2026-04-15,SORTIE,6
12209,8,2026-04-15,SORTIE,1
12210,8,2026-04-15,SORTIE,21
12211,6,2026-04-15,SORTIE,9
12212,1,2026-04-15,SORTIE,4
12213,9,2026-04-15,SORTIE,20
12214,29,2026-04-15,SORTIE,11
12215,26,2026-04-15,SORTIE,16
12216,15,2026-04-15,SORTIE,12
12217,9,2026-04-15,SORTIE,6
12218,21,2026-04-15,SORTIE,8
12219,22,2026-04-15,SORTIE,23
12220,12,2026-04-15,SORTIE,29
12221,35,2026-04-15,SORTIE,19
12222,26,2026-04-15,SORTIE,10
12223,29,2026-04-15,ENTREE,246
12224,11,2026-04-16,SORTIE,22
12225,5,2026-04-16,SORTIE,21
12226,14,2026-04-16,SORTIE,20
12227,18,2026-04-16,SORTIE,6
12228,21,2026-04-16,SORTIE,19
12229,10,2026-04-16,SORTIE,1
12230,7,2026-04-16,SORTIE,8
12231,30,2026-04-16,SORTIE,1
12232,33,2026-04-16,SORTIE,26
12233,31,2026-04-16,SORTIE,20
12234,5,2026-04-16,SORTIE,25
12235,31,2026-04-17,SORTIE,28
12236,17,2026-04-17,SORTIE,5
12237,16,2026-04-17,SORTIE,4
12238,29,2026-04-17,SORTIE,8
12239,7,2026-04-17,SORTIE,19
12240,33,2026-04-17,SORTIE,28
12241,10,2026-04-17,SORTIE,30
12242,3,2026-04-17,SORTIE,13
12243,27,2026-04-17,SORTIE,12
12244,3,2026-04-17,SORTIE,15
12245,12,2026-04-17,SORTIE,5
12246,8,2026-04-17,SORTIE,28
12247,1,2026-04-18,SORTIE,8
12248,35,2026-04-18,SORTIE,15
12249,27,2026-04-18,SORTIE,14
12250,16,2026-04-18,SORTIE,12
12251,21,2026-04-18,SORTIE,27
12252,16,2026-04-18,SORTIE,13
12253,15,2026-04-18,SORTIE,27
12254,35,2026-04-18,SORTIE,19
12255,27,2026-04-18,SORTIE,14
12256,26,2026-04-18,SORTIE,20
12257,34,2026-04-18,SORTIE,26
12258,9,2026-04-18,SORTIE,2
12259,28,2026-04-18,SORTIE,5
12260,18,2026-04-18,SORTIE,22
12261,30,2026-04-18,SORTIE,17
12262,15,2026-04-18,SORTIE,15
12263,15,2026-04-18,ENTREE,352
12264,30,2026-04-19,SORTIE,9
12265,26,2026-04-19,SORTIE,26
12266,15,2026-04-19,SORTIE,12
12267,11,2026-04-19,SORTIE,14
12268,5,2026-04-19,SORTIE,23
12269,27,2026-04-19,SORTIE,27
12270,12,2026-04-19,SORTIE,2
12271,19,2026-04-19,SORTIE,15
12272,31,2026-04-19,SORTIE,22
12273,34,2026-04-19,SORTIE,21
12274,34,2026-04-19,SORTIE,28
12275,1,2026-04-19,SORTIE,24
12276,32,2026-04-19,SORTIE,28
12277,19,2026-04-19,SORTIE,5
12278,26,2026-04-19,SORTIE,6
12279,13,2026-04-19,SORTIE,13
12280,25,2026-04-19,SORTIE,17
12281,22,2026-04-19,SORTIE,20
12282,15,2026-04-19,SORTIE,10
12283,27,2026-04-19,SORTIE,24
12284,13,2026-04-20,SORTIE,29
12285,23,2026-04-20,SORTIE,4
12286,27,2026-04-20,SORTIE,27
12287,10,2026-04-20,SORTIE,25
12288,18,2026-04-20,SORTIE,10
12289,9,2026-04-20,ENTREE,140
12290,28,2026-04-21,SORTIE,19
12291,29,2026-04-21,SORTIE,28
12292,35,2026-04-21,SORTIE,16
12293,12,2026-04-21,SORTIE,14
12294,4,2026-04-21,SORTIE,21
12295,1,2026-04-21,SORTIE,2
12296,6,2026-04-21,SORTIE,30
12297,11,2026-04-21,SORTIE,4
12298,32,2026-04-21,SORTIE,17
12299,33,2026-04-21,SORTIE,21
12300,35,2026-04-21,SORTIE,5
12301,23,2026-04-21,SORTIE,23
12302,19,2026-04-21,SORTIE,14
12303,29,2026-04-21,SORTIE,6
12304,32,2026-04-21,SORTIE,3
12305,18,2026-04-21,SORTIE,8
12306,32,2026-04-21,SORTIE,10
12307,18,2026-04-21,SORTIE,30
12308,5,2026-04-21,SORTIE,13
12309,35,2026-04-21,SORTIE,1
12310,23,2026-04-22,SORTIE,4
12311,32,2026-04-22,SORTIE,18
12312,10,2026-04-22,SORTIE,21
12313,17,2026-04-22,SORTIE,8
12314,26,2026-04-22,SORTIE,13
12315,18,2026-04-22,SORTIE,24
12316,32,2026-04-22,SORTIE,3
12317,12,2026-04-22,SORTIE,15
12318,28,2026-04-22,SORTIE,1
12319,22,2026-04-22,SORTIE,25
12320,35,2026-04-22,SORTIE,1
12321,19,2026-04-22,SORTIE,9
12322,26,2026-04-22,SORTIE,26
12323,31,2026-04-22,SORTIE,2
12324,15,2026-04-22,SORTIE,28
12325,16,2026-04-22,SORTIE,6
12326,20,2026-04-22,SORTIE,9
12327,35,2026-04-22,SORTIE,18
12328,13,2026-04-22,SORTIE,22
12329,3,2026-04-22,SORTIE,3
12330,29,2026-04-22,SORTIE,15
12331,23,2026-04-22,SORTIE,27
12332,22,2026-04-22,SORTIE,23
12333,35,2026-04-22,SORTIE,11
12334,4,2026-04-22,SORTIE,1
12335,5,2026-04-23,SORTIE,29
12336,34,2026-04-23,SORTIE,23
12337,32,2026-04-23,SORTIE,2
12338,31,2026-04-23,SORTIE,26
12339,34,2026-04-23,SORTIE,19
12340,17,2026-04-23,SORTIE,18
12341,24,2026-04-23,SORTIE,19
12342,16,2026-04-23,SORTIE,2
12343,27,2026-04-23,SORTIE,25
12344,26,2026-04-23,SORTIE,5
12345,19,2026-04-23,SORTIE,24
12346,33,2026-04-23,SORTIE,4
12347,20,2026-04-23,SORTIE,15
12348,2,2026-04-23,SORTIE,5
12349,31,2026-04-24,SORTIE,4
12350,25,2026-04-24,SORTIE,13
12351,34,2026-04-24,SORTIE,22
12352,34,2026-04-24,SORTIE,28
12353,35,2026-04-24,SORTIE,14
12354,33,2026-04-24,SORTIE,10
12355,28,2026-04-24,SORTIE,18
12356,15,2026-04-24,SORTIE,4
12357,17,2026-04-24,SORTIE,10
12358,29,2026-04-24,SORTIE,20
12359,3,2026-04-24,SORTIE,29
12360,35,2026-04-24,SORTIE,7
12361,4,2026-04-24,SORTIE,3
12362,27,2026-04-24,SORTIE,15
12363,34,2026-04-24,SORTIE,16
12364,2,2026-04-24,SORTIE,3
12365,25,2026-04-24,SORTIE,7
12366,17,2026-04-24,SORTIE,8
12367,24,2026-04-24,SORTIE,22
12368,21,2026-04-24,SORTIE,10
12369,16,2026-04-25,SORTIE,27
12370,2,2026-04-25,SORTIE,26
12371,21,2026-04-25,SORTIE,28
12372,11,2026-04-25,SORTIE,1
12373,35,2026-04-25,SORTIE,4
12374,11,2026-04-25,SORTIE,30
12375,2,2026-04-25,ENTREE,321
12376,4,2026-04-26,SORTIE,20
12377,23,2026-04-26,SORTIE,16
12378,26,2026-04-26,SORTIE,22
12379,15,2026-04-26,SORTIE,5
12380,14,2026-04-26,SORTIE,8
12381,28,2026-04-26,SORTIE,5
12382,25,2026-04-26,SORTIE,6
12383,26,2026-04-26,SORTIE,18
12384,3,2026-04-26,SORTIE,2
12385,3,2026-04-26,SORTIE,8
12386,7,2026-04-26,SORTIE,30
12387,21,2026-04-26,SORTIE,1
12388,32,2026-04-26,SORTIE,12
12389,12,2026-04-26,SORTIE,20
12390,20,2026-04-26,SORTIE,28
12391,24,2026-04-26,SORTIE,22
12392,20,2026-04-26,SORTIE,5
12393,6,2026-04-26,SORTIE,14
12394,29,2026-04-26,SORTIE,24
12395,25,2026-04-27,SORTIE,28
12396,10,2026-04-27,SORTIE,6
12397,13,2026-04-27,SORTIE,17
12398,27,2026-04-27,SORTIE,5
12399,4,2026-04-27,SORTIE,30
12400,33,2026-04-27,SORTIE,28
12401,18,2026-04-27,SORTIE,18
12402,7,2026-04-27,SORTIE,22
12403,14,2026-04-27,SORTIE,17
12404,11,2026-04-27,SORTIE,24
12405,28,2026-04-27,SORTIE,25
12406,7,2026-04-27,SORTIE,19
12407,2,2026-04-28,SORTIE,29
12408,2,2026-04-28,SORTIE,16
12409,22,2026-04-28,SORTIE,24
12410,10,2026-04-28,SORTIE,29
12411,35,2026-04-28,SORTIE,8
12412,2,2026-04-28,SORTIE,2
12413,34,2026-04-28,SORTIE,5
12414,16,2026-04-29,SORTIE,10
12415,6,2026-04-29,SORTIE,4
12416,7,2026-04-29,SORTIE,17
12417,23,2026-04-29,SORTIE,14
12418,16,2026-04-29,SORTIE,2
12419,26,2026-04-29,SORTIE,7
12420,7,2026-04-30,SORTIE,12
12421,18,2026-04-30,SORTIE,15
12422,11,2026-04-30,SORTIE,19
12423,15,2026-04-30,SORTIE,4
12424,13,2026-04-30,SORTIE,25
12425,10,2026-04-30,SORTIE,16
12426,13,2026-04-30,SORTIE,13
12427,5,2026-04-30,SORTIE,13
12428,34,2026-04-30,SORTIE,25
12429,29,2026-04-30,SORTIE,11
12430,14,2026-04-30,SORTIE,16
12431,9,2026-04-30,SORTIE,7
12432,28,2026-04-30,SORTIE,1
12433,33,2026-04-30,SORTIE,9
12434,1,2026-04-30,SORTIE,13
12435,5,2026-04-30,SORTIE,5
12436,12,2026-04-30,SORTIE,20
12437,34,2026-04-30,SORTIE,9
12438,7,2026-04-30,SORTIE,3
12439,7,2026-04-30,SORTIE,9
12440,6,2026-04-30,SORTIE,14
12441,18,2026-04-30,SORTIE,7
12442,2,2026-04-30,SORTIE,18
12443,30,2026-04-30,SORTIE,30
12444,29,2026-04-30,SORTIE,3
12445,22,2026-04-30,SORTIE,4
12446,14,2026-04-30,SORTIE,22
12447,19,2026-04-30,SORTIE,10
12448,8,2026-04-30,ENTREE,488
12449,17,2026-05-01,SORTIE,13
12450,14,2026-05-01,SORTIE,22
12451,9,2026-05-01,SORTIE,24
12452,17,2026-05-01,SORTIE,27
12453,28,2026-05-01,SORTIE,8
12454,32,2026-05-01,SORTIE,21
12455,15,2026-05-01,SORTIE,30
12456,13,2026-05-01,SORTIE,25
12457,17,2026-05-01,SORTIE,14
12458,28,2026-05-02,SORTIE,24
12459,9,2026-05-02,SORTIE,20
12460,30,2026-05-02,SORTIE,29
12461,33,2026-05-02,SORTIE,5
12462,29,2026-05-02,SORTIE,28
12463,2,2026-05-02,ENTREE,449
12464,32,2026-05-03,SORTIE,14
12465,2,2026-05-03,SORTIE,14
12466,20,2026-05-03,SORTIE,7
12467,4,2026-05-03,SORTIE,28
12468,8,2026-05-04,SORTIE,2
12469,28,2026-05-04,SORTIE,8
12470,30,2026-05-04,SORTIE,14
12471,11,2026-05-04,SORTIE,11
12472,33,2026-05-04,SORTIE,27
12473,8,2026-05-04,SORTIE,13
12474,28,2026-05-04,SORTIE,20
12475,20,2026-05-05,SORTIE,4
12476,9,2026-05-05,SORTIE,15
12477,31,2026-05-05,SORTIE,11
12478,4,2026-05-05,SORTIE,26
12479,18,2026-05-05,SORTIE,14
12480,22,2026-05-05,SORTIE,22
12481,25,2026-05-05,SORTIE,5
12482,24,2026-05-05,SORTIE,17
12483,31,2026-05-05,SORTIE,26
12484,2,2026-05-05,ENTREE,434
12485,5,2026-05-06,SORTIE,11
12486,32,2026-05-06,SORTIE,8
12487,14,2026-05-06,SORTIE,3
12488,21,2026-05-06,SORTIE,15
12489,4,2026-05-07,SORTIE,15
12490,5,2026-05-07,SORTIE,10
12491,8,2026-05-07,SORTIE,7
12492,6,2026-05-07,SORTIE,22
12493,12,2026-05-07,SORTIE,12
12494,24,2026-05-07,SORTIE,14
12495,25,2026-05-07,SORTIE,4
12496,5,2026-05-07,SORTIE,6
12497,32,2026-05-07,SORTIE,1
12498,4,2026-05-07,SORTIE,1
12499,32,2026-05-07,SORTIE,4
12500,2,2026-05-07,SORTIE,19
12501,15,2026-05-07,SORTIE,19
12502,7,2026-05-07,SORTIE,17
12503,18,2026-05-07,SORTIE,25
12504,17,2026-05-07,SORTIE,19
12505,4,2026-05-07,SORTIE,25
12506,1,2026-05-07,SORTIE,23
12507,32,2026-05-07,SORTIE,19
12508,30,2026-05-07,SORTIE,7
12509,2,2026-05-07,SORTIE,20
12510,14,2026-05-07,SORTIE,4
12511,17,2026-05-07,SORTIE,10
12512,35,2026-05-07,SORTIE,13
12513,33,2026-05-07,SORTIE,16
12514,24,2026-05-07,SORTIE,24
12515,8,2026-05-08,SORTIE,16
12516,8,2026-05-08,SORTIE,6
12517,4,2026-05-08,SORTIE,17
12518,31,2026-05-08,SORTIE,21
12519,28,2026-05-08,SORTIE,20
12520,7,2026-05-08,SORTIE,18
12521,33,2026-05-08,SORTIE,22
12522,18,2026-05-08,SORTIE,9
12523,27,2026-05-08,SORTIE,2
12524,28,2026-05-08,SORTIE,18
12525,12,2026-05-08,SORTIE,25
12526,35,2026-05-08,SORTIE,19
12527,27,2026-05-08,ENTREE,353
12528,30,2026-05-09,SORTIE,28
12529,24,2026-05-09,SORTIE,3
12530,34,2026-05-09,SORTIE,13
12531,10,2026-05-09,SORTIE,27
12532,30,2026-05-09,SORTIE,8
12533,31,2026-05-09,SORTIE,5
12534,33,2026-05-09,SORTIE,12
12535,21,2026-05-09,SORTIE,7
12536,35,2026-05-09,SORTIE,1
12537,5,2026-05-09,SORTIE,17
12538,2,2026-05-09,SORTIE,27
12539,34,2026-05-09,SORTIE,25
12540,17,2026-05-09,SORTIE,25
12541,1,2026-05-09,SORTIE,29
12542,27,2026-05-10,SORTIE,1
12543,2,2026-05-10,SORTIE,23
12544,27,2026-05-10,SORTIE,2
12545,10,2026-05-10,SORTIE,20
12546,9,2026-05-10,SORTIE,26
12547,4,2026-05-10,SORTIE,28
12548,27,2026-05-10,SORTIE,28
12549,32,2026-05-10,SORTIE,14
12550,28,2026-05-11,SORTIE,26
12551,24,2026-05-11,SORTIE,27
12552,10,2026-05-11,SORTIE,18
12553,25,2026-05-11,SORTIE,10
12554,35,2026-05-11,SORTIE,25
12555,19,2026-05-11,SORTIE,23
12556,10,2026-05-11,SORTIE,1
12557,5,2026-05-11,SORTIE,30
12558,23,2026-05-11,SORTIE,21
12559,34,2026-05-11,SORTIE,7
12560,18,2026-05-11,SORTIE,25
12561,9,2026-05-11,SORTIE,20
12562,18,2026-05-11,SORTIE,30
12563,20,2026-05-11,SORTIE,9
12564,10,2026-05-11,SORTIE,26
12565,20,2026-05-11,SORTIE,16
12566,28,2026-05-11,SORTIE,10
12567,29,2026-05-11,SORTIE,13
12568,23,2026-05-11,SORTIE,16
12569,15,2026-05-11,SORTIE,12
12570,1,2026-05-11,SORTIE,29
12571,35,2026-05-11,SORTIE,13
12572,15,2026-05-11,ENTREE,365
12573,13,2026-05-12,SORTIE,22
12574,15,2026-05-12,SORTIE,25
12575,23,2026-05-12,SORTIE,23
12576,35,2026-05-12,SORTIE,14
12577,19,2026-05-13,SORTIE,23
12578,9,2026-05-13,SORTIE,30
12579,22,2026-05-13,SORTIE,22
12580,22,2026-05-13,SORTIE,26
12581,12,2026-05-13,SORTIE,27
12582,19,2026-05-13,SORTIE,10
12583,3,2026-05-13,SORTIE,11
12584,7,2026-05-13,SORTIE,29
12585,19,2026-05-13,SORTIE,6
12586,10,2026-05-13,SORTIE,7
12587,17,2026-05-13,SORTIE,22
12588,3,2026-05-13,SORTIE,15
12589,12,2026-05-13,SORTIE,5
12590,28,2026-05-13,SORTIE,10
12591,5,2026-05-13,SORTIE,30
12592,1,2026-05-13,SORTIE,10
12593,30,2026-05-13,SORTIE,26
12594,30,2026-05-13,SORTIE,14
12595,8,2026-05-13,SORTIE,30
12596,20,2026-05-13,SORTIE,26
12597,8,2026-05-13,ENTREE,346
12598,27,2026-05-14,SORTIE,30
12599,5,2026-05-14,SORTIE,23
12600,3,2026-05-14,SORTIE,19
12601,33,2026-05-14,SORTIE,23
12602,18,2026-05-14,SORTIE,19
12603,33,2026-05-14,SORTIE,21
12604,17,2026-05-14,SORTIE,5
12605,12,2026-05-14,SORTIE,30
12606,6,2026-05-14,SORTIE,20
12607,12,2026-05-14,SORTIE,4
12608,11,2026-05-14,SORTIE,28
12609,23,2026-05-14,SORTIE,8
12610,24,2026-05-15,SORTIE,15
12611,18,2026-05-15,SORTIE,12
12612,19,2026-05-15,SORTIE,29
12613,11,2026-05-15,SORTIE,25
12614,12,2026-05-15,SORTIE,7
12615,31,2026-05-15,SORTIE,3
12616,15,2026-05-15,SORTIE,26
12617,17,2026-05-16,SORTIE,23
12618,29,2026-05-16,SORTIE,25
12619,31,2026-05-16,SORTIE,11
12620,19,2026-05-16,SORTIE,10
12621,10,2026-05-16,SORTIE,5
12622,22,2026-05-16,SORTIE,18
12623,24,2026-05-16,SORTIE,9
12624,7,2026-05-16,SORTIE,20
12625,34,2026-05-16,SORTIE,13
12626,21,2026-05-16,SORTIE,15
12627,12,2026-05-16,SORTIE,17
12628,4,2026-05-16,SORTIE,8
12629,3,2026-05-16,SORTIE,14
12630,29,2026-05-16,SORTIE,30
12631,6,2026-05-17,SORTIE,26
12632,3,2026-05-17,SORTIE,8
12633,13,2026-05-17,SORTIE,11
12634,3,2026-05-17,SORTIE,4
12635,26,2026-05-17,SORTIE,26
12636,4,2026-05-17,SORTIE,3
12637,12,2026-05-17,SORTIE,8
12638,31,2026-05-17,SORTIE,7
12639,11,2026-05-17,SORTIE,10
12640,33,2026-05-18,SORTIE,20
12641,14,2026-05-18,SORTIE,18
12642,22,2026-05-18,SORTIE,4
12643,35,2026-05-18,SORTIE,1
12644,34,2026-05-18,SORTIE,1
12645,22,2026-05-18,SORTIE,22
12646,14,2026-05-18,SORTIE,25
12647,35,2026-05-18,SORTIE,10
12648,22,2026-05-18,SORTIE,23
12649,17,2026-05-18,SORTIE,15
12650,23,2026-05-18,SORTIE,7
12651,20,2026-05-18,SORTIE,5
12652,3,2026-05-18,SORTIE,1
12653,6,2026-05-18,SORTIE,8
12654,31,2026-05-18,SORTIE,12
12655,6,2026-05-18,SORTIE,2
12656,18,2026-05-18,SORTIE,10
12657,25,2026-05-18,SORTIE,4
12658,1,2026-05-18,SORTIE,20
12659,33,2026-05-18,SORTIE,6
12660,26,2026-05-18,SORTIE,15
12661,35,2026-05-18,SORTIE,3
12662,11,2026-05-18,SORTIE,29
12663,19,2026-05-18,SORTIE,30
12664,21,2026-05-18,SORTIE,30
12665,4,2026-05-18,SORTIE,25
12666,23,2026-05-19,SORTIE,22
12667,2,2026-05-19,SORTIE,11
12668,5,2026-05-19,SORTIE,21
12669,23,2026-05-19,SORTIE,30
12670,31,2026-05-19,SORTIE,13
12671,12,2026-05-19,SORTIE,4
12672,23,2026-05-19,SORTIE,9
12673,9,2026-05-19,SORTIE,29
12674,8,2026-05-19,SORTIE,30
12675,31,2026-05-19,SORTIE,9
12676,27,2026-05-19,SORTIE,27
12677,34,2026-05-19,SORTIE,12
12678,10,2026-05-19,SORTIE,26
12679,3,2026-05-19,SORTIE,29
12680,35,2026-05-19,SORTIE,7
12681,28,2026-05-19,SORTIE,19
12682,26,2026-05-19,SORTIE,20
12683,16,2026-05-19,SORTIE,18
12684,5,2026-05-19,SORTIE,30
12685,9,2026-05-19,SORTIE,27
12686,5,2026-05-20,SORTIE,1
12687,1,2026-05-20,SORTIE,25
12688,29,2026-05-20,SORTIE,26
12689,21,2026-05-20,SORTIE,14
12690,34,2026-05-20,SORTIE,28
12691,7,2026-05-20,SORTIE,19
12692,11,2026-05-20,SORTIE,9
12693,18,2026-05-20,SORTIE,2
12694,22,2026-05-20,SORTIE,26
12695,12,2026-05-20,SORTIE,5
12696,3,2026-05-20,SORTIE,7
12697,32,2026-05-20,SORTIE,22
12698,33,2026-05-20,ENTREE,349
12699,17,2026-05-21,SORTIE,6
12700,32,2026-05-21,SORTIE,1
12701,2,2026-05-21,SORTIE,13
12702,29,2026-05-21,SORTIE,3
12703,6,2026-05-21,SORTIE,4
12704,12,2026-05-21,SORTIE,6
12705,17,2026-05-21,SORTIE,12
12706,16,2026-05-21,SORTIE,30
12707,32,2026-05-21,SORTIE,25
12708,23,2026-05-21,SORTIE,28
12709,18,2026-05-21,SORTIE,19
12710,4,2026-05-21,SORTIE,22
12711,3,2026-05-21,SORTIE,19
12712,30,2026-05-22,SORTIE,24
12713,31,2026-05-22,SORTIE,30
12714,21,2026-05-22,SORTIE,2
12715,23,2026-05-22,SORTIE,8
12716,2,2026-05-22,SORTIE,4
12717,34,2026-05-22,SORTIE,12
12718,8,2026-05-22,SORTIE,28
12719,16,2026-05-22,SORTIE,22
12720,31,2026-05-22,SORTIE,12
12721,7,2026-05-22,SORTIE,3
12722,20,2026-05-22,SORTIE,27
12723,35,2026-05-22,SORTIE,22
12724,1,2026-05-22,SORTIE,26
12725,11,2026-05-22,SORTIE,29
12726,14,2026-05-22,SORTIE,11
12727,34,2026-05-22,SORTIE,29
12728,20,2026-05-23,SORTIE,26
12729,11,2026-05-23,SORTIE,24
12730,26,2026-05-23,SORTIE,17
12731,12,2026-05-23,SORTIE,27
12732,19,2026-05-23,SORTIE,9
12733,8,2026-05-23,SORTIE,27
12734,10,2026-05-23,SORTIE,1
12735,29,2026-05-24,SORTIE,9
12736,19,2026-05-24,SORTIE,1
12737,15,2026-05-24,SORTIE,18
12738,19,2026-05-24,SORTIE,20
12739,22,2026-05-24,SORTIE,27
12740,15,2026-05-24,SORTIE,1
12741,19,2026-05-24,SORTIE,25
12742,10,2026-05-24,SORTIE,21
12743,1,2026-05-24,SORTIE,9
12744,30,2026-05-25,SORTIE,6
12745,1,2026-05-25,SORTIE,4
12746,25,2026-05-25,SORTIE,19
12747,20,2026-05-25,SORTIE,20
12748,6,2026-05-25,SORTIE,23
12749,20,2026-05-25,SORTIE,30
12750,16,2026-05-25,SORTIE,12
12751,14,2026-05-25,SORTIE,15
12752,23,2026-05-25,SORTIE,19
12753,20,2026-05-25,SORTIE,17
12754,26,2026-05-25,SORTIE,12
12755,20,2026-05-25,SORTIE,18
12756,29,2026-05-26,SORTIE,5
12757,21,2026-05-26,SORTIE,22
12758,30,2026-05-26,SORTIE,12
12759,5,2026-05-26,SORTIE,8
12760,21,2026-05-26,SORTIE,12
12761,11,2026-05-26,SORTIE,8
12762,34,2026-05-26,SORTIE,25
12763,10,2026-05-27,SORTIE,30
12764,14,2026-05-27,SORTIE,21
12765,25,2026-05-27,SORTIE,14
12766,30,2026-05-27,SORTIE,3
12767,1,2026-05-27,SORTIE,17
12768,29,2026-05-27,SORTIE,15
12769,33,2026-05-27,SORTIE,2
12770,13,2026-05-27,SORTIE,9
12771,21,2026-05-27,SORTIE,14
12772,7,2026-05-27,SORTIE,13
12773,21,2026-05-27,SORTIE,8
12774,9,2026-05-27,SORTIE,1
12775,8,2026-05-27,SORTIE,27
12776,8,2026-05-27,SORTIE,22
12777,19,2026-05-28,SORTIE,4
12778,17,2026-05-28,SORTIE,16
12779,8,2026-05-28,SORTIE,20
12780,23,2026-05-28,SORTIE,25
12781,5,2026-05-28,SORTIE,11
12782,19,2026-05-28,SORTIE,20
12783,24,2026-05-28,SORTIE,4
12784,21,2026-05-28,SORTIE,16
12785,1,2026-05-28,SORTIE,11
12786,9,2026-05-28,SORTIE,9
12787,27,2026-05-28,SORTIE,18
12788,20,2026-05-28,SORTIE,5
12789,24,2026-05-28,SORTIE,10
12790,20,2026-05-28,SORTIE,9
12791,20,2026-05-28,SORTIE,11
12792,29,2026-05-28,ENTREE,299
12793,26,2026-05-29,SORTIE,11
12794,32,2026-05-29,SORTIE,22
12795,13,2026-05-29,SORTIE,4
12796,24,2026-05-29,SORTIE,13
12797,29,2026-05-29,SORTIE,3
12798,15,2026-05-29,SORTIE,10
12799,12,2026-05-29,SORTIE,28
12800,3,2026-05-29,SORTIE,22
12801,33,2026-05-30,SORTIE,30
12802,16,2026-05-30,SORTIE,30
12803,4,2026-05-30,SORTIE,22
12804,6,2026-05-30,SORTIE,30
12805,16,2026-05-30,SORTIE,25
12806,14,2026-05-30,SORTIE,25
12807,2,2026-05-30,SORTIE,17
12808,11,2026-05-30,SORTIE,19
12809,6,2026-05-30,SORTIE,5
12810,5,2026-05-30,SORTIE,21
12811,14,2026-05-30,SORTIE,21
12812,8,2026-05-30,SORTIE,10
12813,35,2026-05-30,SORTIE,25
12814,6,2026-05-30,SORTIE,14
12815,15,2026-05-30,SORTIE,23
12816,29,2026-05-30,SORTIE,8
12817,8,2026-05-30,SORTIE,3
12818,32,2026-05-30,SORTIE,12
12819,30,2026-05-30,SORTIE,19
12820,1,2026-05-30,SORTIE,22
12821,3,2026-05-30,SORTIE,11
12822,4,2026-05-30,SORTIE,16
12823,13,2026-05-30,SORTIE,19
12824,14,2026-05-31,SORTIE,7
12825,6,2026-05-31,SORTIE,26
12826,23,2026-05-31,SORTIE,22
12827,31,2026-05-31,SORTIE,19
12828,6,2026-05-31,SORTIE,18
12829,26,2026-05-31,SORTIE,3
12830,1,2026-05-31,SORTIE,9
12831,33,2026-05-31,SORTIE,20
12832,32,2026-05-31,SORTIE,12
12833,29,2026-05-31,SORTIE,14
12834,1,2026-05-31,SORTIE,29
12835,20,2026-05-31,SORTIE,21
12836,6,2026-05-31,SORTIE,21
12837,20,2026-05-31,SORTIE,2
12838,21,2026-05-31,SORTIE,12
12839,34,2026-05-31,SORTIE,6
12840,7,2026-05-31,SORTIE,6
12841,25,2026-05-31,SORTIE,25
12842,13,2026-05-31,SORTIE,29
12843,14,2026-05-31,SORTIE,13
12844,2,2026-05-31,SORTIE,21
12845,13,2026-05-31,SORTIE,27
12846,3,2026-05-31,SORTIE,12
12847,2,2026-05-31,SORTIE,9
12848,34,2026-05-31,SORTIE,19
12849,34,2026-05-31,SORTIE,12
12850,27,2026-05-31,SORTIE,27
12851,35,2026-05-31,SORTIE,17
12852,24,2026-05-31,SORTIE,2
12853,15,2026-05-31,SORTIE,2
12854,1,2026-05-31,SORTIE,29
12855,17,2026-06-01,SORTIE,3
12856,35,2026-06-01,SORTIE,23
12857,2,2026-06-01,SORTIE,17
12858,12,2026-06-01,SORTIE,9
12859,5,2026-06-01,SORTIE,14
12860,10,2026-06-01,SORTIE,16
12861,22,2026-06-01,SORTIE,16
12862,8,2026-06-01,SORTIE,24
12863,2,2026-06-01,SORTIE,6
12864,13,2026-06-01,SORTIE,13
12865,12,2026-06-01,SORTIE,6
12866,31,2026-06-01,SORTIE,2
12867,3,2026-06-01,SORTIE,14
12868,1,2026-06-01,SORTIE,27
12869,33,2026-06-01,SORTIE,22
12870,12,2026-06-01,SORTIE,13
12871,18,2026-06-01,SORTIE,3
12872,1,2026-06-01,SORTIE,15
12873,25,2026-06-01,SORTIE,6
12874,8,2026-06-01,ENTREE,153
12875,35,2026-06-02,SORTIE,2
12876,9,2026-06-02,SORTIE,12
12877,26,2026-06-02,SORTIE,19
12878,28,2026-06-02,SORTIE,4
12879,3,2026-06-02,SORTIE,15
12880,28,2026-06-02,SORTIE,4
12881,35,2026-06-03,SORTIE,21
12882,19,2026-06-03,SORTIE,3
12883,24,2026-06-03,SORTIE,1
12884,24,2026-06-03,SORTIE,2
12885,14,2026-06-03,SORTIE,1
12886,23,2026-06-03,SORTIE,10
12887,12,2026-06-04,SORTIE,18
12888,4,2026-06-04,SORTIE,16
12889,27,2026-06-04,SORTIE,13
12890,32,2026-06-04,SORTIE,28
12891,8,2026-06-04,SORTIE,2
12892,18,2026-06-04,SORTIE,12
12893,2,2026-06-04,SORTIE,29
12894,25,2026-06-04,SORTIE,22
12895,11,2026-06-04,SORTIE,2
12896,12,2026-06-04,SORTIE,24
12897,29,2026-06-05,SORTIE,17
12898,27,2026-06-05,SORTIE,3
12899,33,2026-06-05,SORTIE,17
12900,21,2026-06-05,SORTIE,27
12901,11,2026-06-05,SORTIE,23
12902,27,2026-06-05,SORTIE,13
12903,22,2026-06-05,SORTIE,24
12904,2,2026-06-05,SORTIE,23
12905,19,2026-06-05,SORTIE,9
12906,12,2026-06-05,SORTIE,1
12907,16,2026-06-05,SORTIE,28
12908,33,2026-06-05,SORTIE,8
12909,6,2026-06-06,SORTIE,20
12910,7,2026-06-06,SORTIE,12
12911,27,2026-06-06,SORTIE,20
12912,5,2026-06-06,SORTIE,18
12913,14,2026-06-06,SORTIE,29
12914,1,2026-06-06,SORTIE,11
12915,16,2026-06-06,SORTIE,4
12916,3,2026-06-06,SORTIE,16
12917,3,2026-06-06,SORTIE,14
12918,1,2026-06-06,SORTIE,15
12919,8,2026-06-06,SORTIE,8
12920,25,2026-06-06,SORTIE,12
12921,6,2026-06-06,SORTIE,5
12922,3,2026-06-06,SORTIE,14
12923,21,2026-06-06,SORTIE,1
12924,1,2026-06-07,SORTIE,16
12925,11,2026-06-07,SORTIE,22
12926,25,2026-06-07,SORTIE,4
12927,18,2026-06-07,SORTIE,19
12928,5,2026-06-07,SORTIE,27
12929,19,2026-06-07,SORTIE,17
12930,12,2026-06-07,SORTIE,30
12931,24,2026-06-07,SORTIE,19
12932,35,2026-06-08,SORTIE,28
12933,3,2026-06-08,SORTIE,19
12934,3,2026-06-08,SORTIE,14
12935,23,2026-06-08,SORTIE,8
12936,28,2026-06-08,SORTIE,3
12937,20,2026-06-08,SORTIE,27
12938,5,2026-06-08,SORTIE,14
12939,8,2026-06-09,SORTIE,7
12940,12,2026-06-09,SORTIE,16
12941,18,2026-06-09,SORTIE,21
12942,12,2026-06-09,SORTIE,30
12943,34,2026-06-09,SORTIE,26
12944,27,2026-06-09,SORTIE,26
12945,14,2026-06-09,SORTIE,28
12946,7,2026-06-10,SORTIE,15
12947,35,2026-06-10,SORTIE,9
12948,6,2026-06-10,SORTIE,17
12949,19,2026-06-10,SORTIE,21
12950,19,2026-06-10,SORTIE,25
12951,6,2026-06-10,SORTIE,7
12952,8,2026-06-10,SORTIE,12
12953,12,2026-06-10,SORTIE,1
12954,4,2026-06-10,SORTIE,12
12955,24,2026-06-10,SORTIE,25
12956,30,2026-06-10,SORTIE,4
12957,23,2026-06-10,SORTIE,8
12958,4,2026-06-10,SORTIE,27
12959,21,2026-06-10,SORTIE,24
12960,24,2026-06-10,SORTIE,22
12961,27,2026-06-10,SORTIE,2
12962,17,2026-06-10,SORTIE,20
12963,1,2026-06-10,SORTIE,12
12964,4,2026-06-10,SORTIE,29
12965,24,2026-06-10,SORTIE,25
12966,2,2026-06-10,SORTIE,28
12967,7,2026-06-10,SORTIE,26
12968,31,2026-06-11,SORTIE,26
12969,21,2026-06-11,SORTIE,1
12970,18,2026-06-11,SORTIE,16
12971,11,2026-06-11,SORTIE,1
12972,27,2026-06-11,SORTIE,8
12973,34,2026-06-11,SORTIE,16
12974,20,2026-06-11,SORTIE,29
12975,10,2026-06-11,SORTIE,10
12976,9,2026-06-11,SORTIE,28
12977,19,2026-06-11,SORTIE,1
12978,19,2026-06-11,SORTIE,4
12979,13,2026-06-11,SORTIE,15
12980,34,2026-06-11,SORTIE,27
12981,22,2026-06-11,SORTIE,1
12982,1,2026-06-11,SORTIE,8
12983,4,2026-06-11,SORTIE,29
12984,18,2026-06-11,SORTIE,5
12985,25,2026-06-11,SORTIE,24
12986,1,2026-06-11,SORTIE,14
12987,23,2026-06-11,SORTIE,14
12988,20,2026-06-11,SORTIE,20
12989,6,2026-06-11,SORTIE,13
12990,11,2026-06-11,SORTIE,10
12991,14,2026-06-11,SORTIE,1
12992,4,2026-06-11,SORTIE,30
12993,32,2026-06-11,SORTIE,26
12994,19,2026-06-11,SORTIE,25
12995,3,2026-06-11,SORTIE,24
12996,35,2026-06-12,SORTIE,28
12997,17,2026-06-12,SORTIE,13
12998,30,2026-06-12,SORTIE,11
12999,3,2026-06-12,SORTIE,20
13000,11,2026-06-12,SORTIE,12
13001,10,2026-06-12,SORTIE,9
13002,15,2026-06-12,SORTIE,3
13003,2,2026-06-12,SORTIE,25
13004,26,2026-06-12,SORTIE,16
13005,12,2026-06-12,SORTIE,16
13006,24,2026-06-12,SORTIE,12
13007,19,2026-06-12,SORTIE,9
13008,9,2026-06-12,SORTIE,26
13009,22,2026-06-12,SORTIE,25
13010,17,2026-06-12,SORTIE,12
13011,21,2026-06-12,SORTIE,10
13012,31,2026-06-12,SORTIE,4
13013,11,2026-06-12,SORTIE,20
13014,21,2026-06-12,SORTIE,26
13015,32,2026-06-12,SORTIE,30
13016,21,2026-06-12,SORTIE,29
13017,14,2026-06-12,SORTIE,22
13018,27,2026-06-12,SORTIE,2
13019,34,2026-06-12,SORTIE,23
13020,25,2026-06-13,SORTIE,12
13021,11,2026-06-13,SORTIE,23
13022,28,2026-06-13,SORTIE,13
13023,8,2026-06-13,SORTIE,30
13024,23,2026-06-13,SORTIE,7
13025,6,2026-06-13,SORTIE,8
13026,19,2026-06-13,SORTIE,1
13027,32,2026-06-13,SORTIE,9
13028,1,2026-06-13,SORTIE,22
13029,19,2026-06-13,SORTIE,4
13030,2,2026-06-13,SORTIE,28
13031,28,2026-06-13,SORTIE,14
13032,34,2026-06-13,SORTIE,14
13033,20,2026-06-13,SORTIE,21
13034,20,2026-06-13,SORTIE,17
13035,8,2026-06-13,SORTIE,18
13036,21,2026-06-13,SORTIE,8
13037,28,2026-06-13,SORTIE,12
13038,17,2026-06-13,SORTIE,24
13039,31,2026-06-14,SORTIE,28
13040,35,2026-06-14,SORTIE,5
13041,20,2026-06-14,SORTIE,12
13042,29,2026-06-14,SORTIE,17
13043,20,2026-06-14,SORTIE,19
13044,21,2026-06-14,SORTIE,19
13045,26,2026-06-14,SORTIE,3
13046,30,2026-06-14,SORTIE,19
13047,27,2026-06-14,SORTIE,6
13048,25,2026-06-14,SORTIE,27
13049,9,2026-06-14,SORTIE,4
13050,17,2026-06-14,SORTIE,2
13051,2,2026-06-14,ENTREE,422
13052,28,2026-06-15,SORTIE,1
13053,15,2026-06-15,SORTIE,29
13054,23,2026-06-15,SORTIE,23
13055,27,2026-06-15,SORTIE,13
13056,29,2026-06-15,SORTIE,19
13057,4,2026-06-15,SORTIE,1
13058,23,2026-06-15,SORTIE,20
13059,5,2026-06-15,SORTIE,10
13060,5,2026-06-15,SORTIE,1
13061,15,2026-06-15,SORTIE,1
13062,13,2026-06-15,SORTIE,3
13063,5,2026-06-15,SORTIE,30
13064,12,2026-06-15,SORTIE,8
13065,18,2026-06-15,SORTIE,22
13066,22,2026-06-15,SORTIE,5
13067,12,2026-06-15,SORTIE,24
13068,15,2026-06-15,SORTIE,30
13069,5,2026-06-15,SORTIE,24
13070,17,2026-06-15,SORTIE,22
13071,3,2026-06-15,ENTREE,440
13072,3,2026-06-16,SORTIE,4
13073,25,2026-06-16,SORTIE,9
13074,19,2026-06-16,SORTIE,27
13075,21,2026-06-17,SORTIE,19
13076,11,2026-06-17,SORTIE,10
13077,19,2026-06-17,SORTIE,18
13078,23,2026-06-17,SORTIE,13
13079,7,2026-06-17,SORTIE,22
13080,16,2026-06-17,SORTIE,27
13081,33,2026-06-17,SORTIE,9
13082,6,2026-06-17,SORTIE,1
13083,29,2026-06-17,SORTIE,12
13084,35,2026-06-17,SORTIE,23
13085,26,2026-06-17,SORTIE,10
13086,32,2026-06-17,SORTIE,11
13087,17,2026-06-17,SORTIE,3
13088,26,2026-06-17,SORTIE,4
13089,21,2026-06-17,SORTIE,23
13090,26,2026-06-17,SORTIE,21
13091,35,2026-06-17,SORTIE,11
13092,29,2026-06-17,SORTIE,24
13093,25,2026-06-18,SORTIE,2
13094,21,2026-06-18,SORTIE,24
13095,30,2026-06-18,SORTIE,16
13096,28,2026-06-18,SORTIE,20
13097,31,2026-06-18,SORTIE,14
13098,3,2026-06-18,SORTIE,7
13099,32,2026-06-18,SORTIE,25
13100,33,2026-06-18,SORTIE,22
13101,35,2026-06-18,SORTIE,14
13102,11,2026-06-18,ENTREE,408
13103,4,2026-06-19,SORTIE,20
13104,15,2026-06-19,SORTIE,17
13105,20,2026-06-19,SORTIE,15
13106,15,2026-06-19,SORTIE,26
13107,23,2026-06-19,SORTIE,27
13108,27,2026-06-19,SORTIE,13
13109,15,2026-06-19,SORTIE,26
13110,11,2026-06-19,SORTIE,14
13111,8,2026-06-19,SORTIE,6
13112,7,2026-06-19,SORTIE,1
13113,19,2026-06-19,SORTIE,4
13114,18,2026-06-19,SORTIE,20
13115,26,2026-06-19,SORTIE,13
13116,6,2026-06-19,SORTIE,22
13117,15,2026-06-19,SORTIE,23
13118,27,2026-06-19,SORTIE,5
13119,25,2026-06-19,SORTIE,8
13120,33,2026-06-19,SORTIE,7
13121,4,2026-06-19,SORTIE,15
13122,26,2026-06-19,SORTIE,18
13123,30,2026-06-20,SORTIE,14
13124,3,2026-06-20,SORTIE,10
13125,22,2026-06-20,SORTIE,6
13126,26,2026-06-20,SORTIE,18
13127,25,2026-06-20,SORTIE,14
13128,10,2026-06-20,SORTIE,29
13129,5,2026-06-20,SORTIE,21
13130,33,2026-06-20,SORTIE,16
13131,35,2026-06-20,SORTIE,20
13132,7,2026-06-20,SORTIE,27
13133,14,2026-06-21,SORTIE,17
13134,13,2026-06-21,SORTIE,29
13135,21,2026-06-21,SORTIE,26
13136,24,2026-06-21,SORTIE,11
13137,14,2026-06-21,SORTIE,26
13138,34,2026-06-21,SORTIE,15
13139,5,2026-06-21,SORTIE,2
13140,22,2026-06-21,SORTIE,3
13141,28,2026-06-21,SORTIE,4
13142,17,2026-06-22,SORTIE,19
13143,9,2026-06-22,SORTIE,11
13144,15,2026-06-22,SORTIE,22
13145,5,2026-06-22,SORTIE,11
13146,18,2026-06-22,SORTIE,19
13147,4,2026-06-22,SORTIE,22
13148,14,2026-06-22,ENTREE,474
13149,12,2026-06-23,SORTIE,27
13150,25,2026-06-23,SORTIE,3
13151,2,2026-06-23,SORTIE,15
13152,29,2026-06-23,SORTIE,9
13153,35,2026-06-23,SORTIE,1
13154,1,2026-06-23,SORTIE,27
13155,19,2026-06-23,SORTIE,11
13156,23,2026-06-23,SORTIE,26
13157,33,2026-06-23,SORTIE,21
13158,2,2026-06-23,SORTIE,30
13159,4,2026-06-23,SORTIE,3
13160,11,2026-06-23,SORTIE,6
13161,31,2026-06-23,SORTIE,10
13162,19,2026-06-23,SORTIE,1
13163,18,2026-06-23,SORTIE,30
13164,35,2026-06-24,SORTIE,13
13165,22,2026-06-24,SORTIE,18
13166,14,2026-06-24,SORTIE,28
13167,35,2026-06-24,SORTIE,24
13168,32,2026-06-24,SORTIE,30
13169,11,2026-06-24,SORTIE,21
13170,28,2026-06-24,SORTIE,8
13171,2,2026-06-24,SORTIE,29
13172,6,2026-06-24,SORTIE,23
13173,4,2026-06-24,SORTIE,21
13174,23,2026-06-24,SORTIE,23
13175,9,2026-06-24,SORTIE,14
13176,32,2026-06-24,ENTREE,352
13177,23,2026-06-25,SORTIE,4
13178,22,2026-06-25,SORTIE,11
13179,6,2026-06-25,SORTIE,10
13180,11,2026-06-25,SORTIE,12
13181,33,2026-06-25,SORTIE,26
13182,6,2026-06-25,SORTIE,5
13183,33,2026-06-25,SORTIE,24
13184,24,2026-06-25,SORTIE,21
13185,11,2026-06-25,SORTIE,4
13186,11,2026-06-25,SORTIE,11
13187,26,2026-06-25,SORTIE,15
13188,27,2026-06-25,SORTIE,2
13189,35,2026-06-25,SORTIE,14
13190,9,2026-06-25,SORTIE,7
13191,5,2026-06-25,SORTIE,18
13192,35,2026-06-25,SORTIE,10
13193,1,2026-06-25,SORTIE,11
13194,21,2026-06-25,ENTREE,100
13195,34,2026-06-26,SORTIE,8
13196,32,2026-06-26,SORTIE,16
13197,32,2026-06-26,SORTIE,26
13198,13,2026-06-26,SORTIE,10
13199,4,2026-06-26,SORTIE,22
13200,7,2026-06-26,SORTIE,3
13201,32,2026-06-26,SORTIE,1
13202,25,2026-06-26,SORTIE,16
13203,30,2026-06-26,SORTIE,25
13204,25,2026-06-26,ENTREE,395
13205,20,2026-06-27,SORTIE,28
13206,11,2026-06-27,SORTIE,3
13207,2,2026-06-27,SORTIE,23
13208,20,2026-06-27,SORTIE,3
13209,18,2026-06-27,SORTIE,10
13210,16,2026-06-27,SORTIE,23
13211,8,2026-06-27,SORTIE,19
13212,6,2026-06-27,SORTIE,17
13213,24,2026-06-27,SORTIE,18
13214,26,2026-06-27,SORTIE,28
13215,23,2026-06-27,SORTIE,16
13216,15,2026-06-27,SORTIE,11
13217,9,2026-06-27,SORTIE,9
13218,18,2026-06-27,SORTIE,14
13219,13,2026-06-27,ENTREE,447
13220,24,2026-06-28,SORTIE,1
13221,14,2026-06-28,SORTIE,22
13222,27,2026-06-28,SORTIE,19
13223,9,2026-06-28,SORTIE,16
13224,26,2026-06-28,SORTIE,4
13225,35,2026-06-28,SORTIE,23
13226,31,2026-06-28,SORTIE,27
13227,6,2026-06-28,ENTREE,439
13228,27,2026-06-29,SORTIE,9
13229,6,2026-06-29,SORTIE,4
13230,20,2026-06-29,SORTIE,7
13231,19,2026-06-29,SORTIE,9
13232,25,2026-06-29,SORTIE,21
13233,28,2026-06-29,SORTIE,17
13234,21,2026-06-29,SORTIE,18
13235,2,2026-06-29,SORTIE,23
13236,26,2026-06-29,SORTIE,27
13237,17,2026-06-29,SORTIE,27
13238,18,2026-06-29,SORTIE,12
13239,28,2026-06-29,SORTIE,25
13240,10,2026-06-29,SORTIE,3
13241,21,2026-06-29,SORTIE,10
13242,20,2026-06-29,SORTIE,20
13243,28,2026-06-29,SORTIE,4
13244,29,2026-06-29,SORTIE,13
13245,8,2026-06-29,SORTIE,14
13246,16,2026-06-29,SORTIE,16
13247,23,2026-06-29,ENTREE,425
13248,5,2026-06-30,SORTIE,6
13249,17,2026-06-30,SORTIE,30
13250,15,2026-06-30,SORTIE,19
13251,22,2026-06-30,SORTIE,11
13252,31,2026-06-30,SORTIE,12
13253,19,2026-06-30,ENTREE,437
13254,23,2026-07-01,SORTIE,17
13255,17,2026-07-01,SORTIE,29
13256,25,2026-07-01,SORTIE,19
13257,22,2026-07-01,SORTIE,11
13258,1,2026-07-01,SORTIE,30
13259,34,2026-07-01,SORTIE,19
13260,33,2026-07-01,SORTIE,5
13261,3,2026-07-01,SORTIE,7
13262,19,2026-07-01,SORTIE,5
13263,26,2026-07-01,SORTIE,29
13264,2,2026-07-01,SORTIE,15
13265,28,2026-07-01,SORTIE,26
13266,27,2026-07-01,SORTIE,7
13267,21,2026-07-01,SORTIE,11
13268,32,2026-07-01,SORTIE,16
13269,18,2026-07-02,SORTIE,23
13270,6,2026-07-02,SORTIE,27
13271,2,2026-07-02,SORTIE,14
13272,15,2026-07-02,SORTIE,19
13273,8,2026-07-02,SORTIE,26
13274,4,2026-07-02,SORTIE,13
13275,33,2026-07-02,SORTIE,4
13276,14,2026-07-02,SORTIE,24
13277,18,2026-07-02,SORTIE,5
13278,6,2026-07-02,SORTIE,5
13279,27,2026-07-02,SORTIE,3
13280,2,2026-07-02,SORTIE,7
13281,35,2026-07-02,SORTIE,26
13282,8,2026-07-02,SORTIE,3
13283,20,2026-07-02,SORTIE,18
13284,27,2026-07-02,ENTREE,461
13285,13,2026-07-03,SORTIE,2
13286,23,2026-07-03,SORTIE,23
13287,3,2026-07-03,SORTIE,15
13288,22,2026-07-03,SORTIE,12
13289,11,2026-07-03,SORTIE,7
13290,18,2026-07-03,SORTIE,25
13291,14,2026-07-03,SORTIE,6
13292,2,2026-07-03,SORTIE,3
13293,26,2026-07-03,ENTREE,204
13294,35,2026-07-04,SORTIE,25
13295,9,2026-07-04,SORTIE,24
13296,15,2026-07-04,SORTIE,20
13297,2,2026-07-04,SORTIE,6
13298,25,2026-07-04,SORTIE,28
13299,19,2026-07-04,SORTIE,7
13300,23,2026-07-04,ENTREE,253
13301,29,2026-07-05,SORTIE,26
13302,30,2026-07-05,SORTIE,16
13303,4,2026-07-05,SORTIE,5
13304,12,2026-07-05,SORTIE,18
13305,3,2026-07-05,SORTIE,24
13306,10,2026-07-05,SORTIE,5
13307,20,2026-07-05,SORTIE,23
13308,9,2026-07-05,SORTIE,10
13309,5,2026-07-05,SORTIE,9
13310,27,2026-07-05,SORTIE,3
13311,17,2026-07-05,SORTIE,30
13312,3,2026-07-05,SORTIE,5
13313,34,2026-07-05,SORTIE,26
13314,34,2026-07-05,SORTIE,29
13315,21,2026-07-05,SORTIE,9
13316,2,2026-07-05,SORTIE,14
13317,20,2026-07-05,SORTIE,9
13318,19,2026-07-05,SORTIE,15
13319,15,2026-07-05,SORTIE,23
13320,14,2026-07-05,SORTIE,12
13321,20,2026-07-05,SORTIE,16
13322,32,2026-07-05,SORTIE,5
13323,30,2026-07-05,SORTIE,2
13324,10,2026-07-05,SORTIE,8
13325,32,2026-07-05,SORTIE,25
13326,32,2026-07-05,ENTREE,361
13327,12,2026-07-06,SORTIE,27
13328,19,2026-07-06,SORTIE,11
13329,20,2026-07-06,SORTIE,14
13330,35,2026-07-06,SORTIE,8
13331,19,2026-07-06,SORTIE,28
13332,1,2026-07-06,SORTIE,8
13333,4,2026-07-06,SORTIE,1
13334,24,2026-07-06,SORTIE,3
13335,18,2026-07-06,SORTIE,15
13336,2,2026-07-06,SORTIE,18
13337,32,2026-07-06,SORTIE,9
13338,5,2026-07-06,SORTIE,8
13339,31,2026-07-06,SORTIE,2
13340,11,2026-07-06,SORTIE,13
13341,15,2026-07-06,SORTIE,21
13342,19,2026-07-06,SORTIE,9
13343,8,2026-07-06,SORTIE,22
13344,30,2026-07-06,SORTIE,1
13345,30,2026-07-06,ENTREE,300
13346,29,2026-07-07,SORTIE,26
13347,12,2026-07-07,SORTIE,11
13348,25,2026-07-07,SORTIE,8
13349,3,2026-07-07,SORTIE,9
13350,4,2026-07-07,SORTIE,27
13351,35,2026-07-07,SORTIE,18
13352,31,2026-07-07,SORTIE,17
13353,3,2026-07-07,SORTIE,14
13354,10,2026-07-07,SORTIE,30
13355,20,2026-07-07,SORTIE,13
13356,1,2026-07-07,SORTIE,23
13357,25,2026-07-07,SORTIE,2
13358,12,2026-07-07,SORTIE,12
13359,18,2026-07-07,SORTIE,22
13360,9,2026-07-07,SORTIE,2
13361,30,2026-07-07,SORTIE,11
13362,35,2026-07-07,SORTIE,12
13363,19,2026-07-07,SORTIE,27
13364,18,2026-07-08,SORTIE,30
13365,4,2026-07-08,SORTIE,28
13366,29,2026-07-08,SORTIE,6
13367,12,2026-07-08,SORTIE,16
13368,14,2026-07-08,SORTIE,6
13369,11,2026-07-08,SORTIE,8
13370,23,2026-07-08,SORTIE,22
13371,24,2026-07-08,SORTIE,17
13372,4,2026-07-08,SORTIE,7
13373,19,2026-07-08,SORTIE,5
13374,34,2026-07-08,SORTIE,4
13375,25,2026-07-08,SORTIE,3
13376,14,2026-07-08,SORTIE,28
13377,26,2026-07-08,SORTIE,4
13378,34,2026-07-08,SORTIE,10
13379,12,2026-07-08,SORTIE,6
13380,15,2026-07-08,SORTIE,26
13381,23,2026-07-08,SORTIE,5
13382,33,2026-07-09,SORTIE,1
13383,28,2026-07-09,SORTIE,24
13384,29,2026-07-09,SORTIE,4
13385,17,2026-07-09,SORTIE,19
13386,13,2026-07-09,SORTIE,26
13387,23,2026-07-09,SORTIE,13
13388,15,2026-07-09,SORTIE,3
13389,20,2026-07-09,SORTIE,11
13390,31,2026-07-09,SORTIE,15
13391,21,2026-07-09,SORTIE,16
13392,26,2026-07-09,SORTIE,3
13393,13,2026-07-09,SORTIE,13
13394,14,2026-07-09,SORTIE,30
13395,1,2026-07-09,SORTIE,21
13396,3,2026-07-09,SORTIE,2
13397,8,2026-07-09,SORTIE,26
13398,25,2026-07-10,SORTIE,2
13399,34,2026-07-10,SORTIE,4
13400,11,2026-07-10,SORTIE,10
13401,17,2026-07-10,SORTIE,27
13402,2,2026-07-10,SORTIE,3
13403,6,2026-07-10,SORTIE,29
13404,13,2026-07-10,SORTIE,1
13405,10,2026-07-10,SORTIE,4
13406,3,2026-07-10,SORTIE,12
13407,13,2026-07-10,SORTIE,21
13408,21,2026-07-10,SORTIE,28
13409,12,2026-07-10,SORTIE,6
13410,10,2026-07-10,SORTIE,30
13411,23,2026-07-10,SORTIE,26
13412,2,2026-07-10,SORTIE,8
13413,21,2026-07-10,SORTIE,22
13414,30,2026-07-10,SORTIE,24
13415,14,2026-07-10,SORTIE,27
13416,27,2026-07-10,SORTIE,30
13417,13,2026-07-10,SORTIE,22
13418,30,2026-07-10,SORTIE,12
13419,9,2026-07-10,ENTREE,422
13420,29,2026-07-11,SORTIE,8
13421,31,2026-07-11,SORTIE,6
13422,35,2026-07-11,SORTIE,25
13423,13,2026-07-11,SORTIE,7
13424,34,2026-07-11,SORTIE,14
13425,15,2026-07-11,SORTIE,29
13426,27,2026-07-11,SORTIE,12
13427,17,2026-07-11,SORTIE,4
13428,19,2026-07-11,SORTIE,4
13429,24,2026-07-11,SORTIE,15
13430,13,2026-07-11,SORTIE,23
13431,5,2026-07-11,ENTREE,453
13432,30,2026-07-12,SORTIE,23
13433,33,2026-07-12,SORTIE,30
13434,13,2026-07-12,SORTIE,18
13435,24,2026-07-12,SORTIE,27
13436,23,2026-07-12,SORTIE,26
13437,34,2026-07-12,SORTIE,25
13438,9,2026-07-13,SORTIE,17
13439,28,2026-07-13,SORTIE,19
13440,32,2026-07-13,SORTIE,9
13441,32,2026-07-13,SORTIE,7
13442,12,2026-07-13,SORTIE,13
13443,22,2026-07-13,SORTIE,30
13444,19,2026-07-13,SORTIE,11
13445,33,2026-07-13,SORTIE,30
13446,6,2026-07-13,SORTIE,2
13447,12,2026-07-13,SORTIE,5
13448,17,2026-07-13,SORTIE,29
13449,2,2026-07-13,SORTIE,2
13450,9,2026-07-13,SORTIE,14
13451,10,2026-07-13,SORTIE,25
13452,21,2026-07-13,SORTIE,12
13453,33,2026-07-13,SORTIE,25
13454,29,2026-07-13,SORTIE,11
13455,23,2026-07-13,SORTIE,6
13456,14,2026-07-13,SORTIE,30
13457,25,2026-07-13,SORTIE,10
13458,19,2026-07-13,SORTIE,19
13459,33,2026-07-13,SORTIE,29
13460,6,2026-07-13,SORTIE,24
13461,4,2026-07-13,SORTIE,2
13462,17,2026-07-13,SORTIE,20
13463,20,2026-07-13,SORTIE,3
13464,20,2026-07-13,SORTIE,14
13465,8,2026-07-13,SORTIE,25
13466,30,2026-07-13,SORTIE,24
13467,2,2026-07-13,SORTIE,24
13468,8,2026-07-13,SORTIE,28
13469,13,2026-07-13,ENTREE,469
13470,23,2026-07-14,SORTIE,15
13471,9,2026-07-14,SORTIE,17
13472,24,2026-07-14,SORTIE,7
13473,9,2026-07-14,SORTIE,11
13474,26,2026-07-14,SORTIE,26
13475,8,2026-07-14,SORTIE,14
13476,14,2026-07-14,SORTIE,11
13477,6,2026-07-14,SORTIE,21
13478,32,2026-07-14,SORTIE,24
13479,8,2026-07-14,SORTIE,2
13480,13,2026-07-14,SORTIE,18
13481,13,2026-07-15,SORTIE,24
13482,24,2026-07-15,SORTIE,27
13483,23,2026-07-15,SORTIE,26
13484,34,2026-07-15,SORTIE,27
13485,29,2026-07-15,ENTREE,158
13486,12,2026-07-16,SORTIE,12
13487,20,2026-07-16,SORTIE,25
13488,34,2026-07-16,SORTIE,10
13489,33,2026-07-16,SORTIE,26
13490,7,2026-07-16,SORTIE,7
13491,9,2026-07-16,SORTIE,14
13492,6,2026-07-16,SORTIE,11
13493,5,2026-07-16,SORTIE,27
13494,14,2026-07-17,SORTIE,15
13495,21,2026-07-17,SORTIE,12
13496,5,2026-07-17,SORTIE,24
13497,28,2026-07-17,SORTIE,2
13498,32,2026-07-18,SORTIE,10
13499,24,2026-07-18,SORTIE,4
13500,24,2026-07-18,SORTIE,20
13501,7,2026-07-18,SORTIE,7
13502,14,2026-07-18,SORTIE,2
13503,17,2026-07-18,SORTIE,6
13504,22,2026-07-18,SORTIE,24
13505,6,2026-07-18,SORTIE,13
13506,34,2026-07-18,SORTIE,28
13507,31,2026-07-18,SORTIE,4
13508,6,2026-07-18,SORTIE,4
13509,2,2026-07-18,SORTIE,29
13510,13,2026-07-18,SORTIE,26
13511,30,2026-07-18,SORTIE,4
13512,35,2026-07-18,SORTIE,24
13513,35,2026-07-18,SORTIE,11
13514,9,2026-07-18,SORTIE,17
13515,3,2026-07-18,SORTIE,2
13516,1,2026-07-18,SORTIE,10
13517,23,2026-07-18,SORTIE,22
13518,35,2026-07-18,SORTIE,2
13519,30,2026-07-18,ENTREE,446
13520,13,2026-07-19,SORTIE,9
13521,34,2026-07-19,SORTIE,22
13522,16,2026-07-19,SORTIE,2
13523,9,2026-07-19,SORTIE,19
13524,34,2026-07-19,SORTIE,22
13525,15,2026-07-19,SORTIE,7
13526,29,2026-07-19,SORTIE,11
13527,19,2026-07-19,SORTIE,21
13528,7,2026-07-19,SORTIE,13
13529,3,2026-07-19,SORTIE,28
13530,2,2026-07-19,SORTIE,28
13531,3,2026-07-19,SORTIE,15
13532,9,2026-07-19,SORTIE,26
13533,20,2026-07-19,SORTIE,8
13534,30,2026-07-20,SORTIE,10
13535,17,2026-07-20,SORTIE,2
13536,17,2026-07-20,SORTIE,27
13537,30,2026-07-20,SORTIE,7
13538,6,2026-07-20,ENTREE,211
13539,11,2026-07-21,SORTIE,24
13540,25,2026-07-21,SORTIE,17
13541,5,2026-07-21,SORTIE,29
13542,13,2026-07-21,SORTIE,6
13543,22,2026-07-21,SORTIE,18
13544,18,2026-07-21,SORTIE,10
13545,27,2026-07-21,SORTIE,12
13546,1,2026-07-21,SORTIE,6
13547,35,2026-07-21,SORTIE,28
13548,25,2026-07-21,SORTIE,15
13549,23,2026-07-21,SORTIE,5
13550,27,2026-07-21,SORTIE,23
13551,34,2026-07-21,SORTIE,15
13552,12,2026-07-21,SORTIE,29
13553,12,2026-07-21,SORTIE,2
13554,16,2026-07-21,SORTIE,23
13555,16,2026-07-21,SORTIE,13
13556,10,2026-07-21,SORTIE,10
13557,15,2026-07-21,SORTIE,2
13558,1,2026-07-21,SORTIE,1
13559,29,2026-07-21,SORTIE,17
13560,32,2026-07-21,SORTIE,20
13561,15,2026-07-21,SORTIE,19
13562,30,2026-07-22,SORTIE,11
13563,15,2026-07-22,SORTIE,4
13564,16,2026-07-22,SORTIE,25
13565,8,2026-07-22,SORTIE,26
13566,12,2026-07-22,SORTIE,29
13567,7,2026-07-22,SORTIE,16
13568,12,2026-07-22,SORTIE,11
13569,26,2026-07-22,SORTIE,12
13570,27,2026-07-22,SORTIE,13
13571,19,2026-07-22,SORTIE,12
13572,4,2026-07-22,SORTIE,26
13573,14,2026-07-22,SORTIE,30
13574,22,2026-07-22,ENTREE,140
13575,30,2026-07-23,SORTIE,22
13576,33,2026-07-23,SORTIE,19
13577,30,2026-07-23,SORTIE,6
13578,27,2026-07-23,SORTIE,28
13579,3,2026-07-23,SORTIE,7
13580,25,2026-07-23,SORTIE,28
13581,25,2026-07-23,SORTIE,1
13582,28,2026-07-23,SORTIE,2
13583,14,2026-07-23,SORTIE,16
13584,12,2026-07-23,SORTIE,16
13585,24,2026-07-23,SORTIE,12
13586,5,2026-07-23,SORTIE,11
13587,1,2026-07-23,SORTIE,26
13588,2,2026-07-23,SORTIE,27
13589,2,2026-07-23,SORTIE,5
13590,26,2026-07-23,SORTIE,4
13591,15,2026-07-23,SORTIE,2
13592,1,2026-07-23,SORTIE,30
13593,23,2026-07-23,SORTIE,19
13594,2,2026-07-23,SORTIE,20
13595,31,2026-07-23,SORTIE,28
13596,7,2026-07-24,SORTIE,28
13597,23,2026-07-24,SORTIE,1
13598,10,2026-07-24,SORTIE,9
13599,5,2026-07-24,SORTIE,15
13600,15,2026-07-24,SORTIE,7
13601,21,2026-07-24,SORTIE,12
13602,23,2026-07-24,SORTIE,24
13603,3,2026-07-24,SORTIE,28
13604,15,2026-07-24,SORTIE,21
13605,12,2026-07-24,SORTIE,24
13606,23,2026-07-24,SORTIE,7
13607,34,2026-07-24,SORTIE,14
13608,18,2026-07-24,SORTIE,11
13609,3,2026-07-24,SORTIE,21
13610,29,2026-07-24,SORTIE,15
13611,20,2026-07-24,SORTIE,2
13612,24,2026-07-24,SORTIE,21
13613,32,2026-07-24,SORTIE,10
13614,6,2026-07-25,SORTIE,6
13615,28,2026-07-25,SORTIE,16
13616,25,2026-07-25,SORTIE,23
13617,11,2026-07-25,SORTIE,18
13618,2,2026-07-25,SORTIE,11
13619,30,2026-07-25,SORTIE,15
13620,29,2026-07-25,SORTIE,16
13621,4,2026-07-25,SORTIE,13
13622,8,2026-07-25,SORTIE,30
13623,17,2026-07-25,SORTIE,15
13624,17,2026-07-25,SORTIE,13
13625,31,2026-07-25,SORTIE,13
13626,33,2026-07-25,SORTIE,10
13627,2,2026-07-26,SORTIE,9
13628,22,2026-07-26,SORTIE,8
13629,31,2026-07-26,SORTIE,12
13630,14,2026-07-26,SORTIE,30
13631,34,2026-07-26,SORTIE,15
13632,9,2026-07-26,SORTIE,10
13633,20,2026-07-26,SORTIE,3
13634,5,2026-07-26,SORTIE,6
13635,30,2026-07-27,SORTIE,9
13636,20,2026-07-27,SORTIE,6
13637,27,2026-07-27,SORTIE,2
13638,8,2026-07-27,SORTIE,17
13639,11,2026-07-27,SORTIE,3
13640,14,2026-07-27,SORTIE,10
13641,19,2026-07-27,SORTIE,4
13642,24,2026-07-27,SORTIE,10
13643,13,2026-07-27,SORTIE,28
13644,5,2026-07-27,SORTIE,28
13645,7,2026-07-27,ENTREE,275
13646,3,2026-07-28,SORTIE,22
13647,26,2026-07-28,SORTIE,18
13648,19,2026-07-28,SORTIE,22
13649,21,2026-07-28,SORTIE,11
13650,34,2026-07-28,SORTIE,22
13651,35,2026-07-28,SORTIE,28
13652,24,2026-07-28,SORTIE,11
13653,31,2026-07-28,SORTIE,24
13654,29,2026-07-28,SORTIE,12
13655,15,2026-07-28,SORTIE,15
13656,21,2026-07-28,SORTIE,2
13657,8,2026-07-28,SORTIE,19
13658,19,2026-07-29,SORTIE,15
13659,15,2026-07-29,SORTIE,24
13660,9,2026-07-29,SORTIE,1
13661,26,2026-07-29,SORTIE,18
13662,8,2026-07-29,SORTIE,30
13663,13,2026-07-29,SORTIE,29
13664,30,2026-07-29,SORTIE,1
13665,16,2026-07-29,SORTIE,23
13666,13,2026-07-30,SORTIE,28
13667,24,2026-07-30,SORTIE,28
13668,6,2026-07-30,SORTIE,18
13669,11,2026-07-30,SORTIE,13
13670,11,2026-07-30,SORTIE,21
13671,25,2026-07-30,SORTIE,27
13672,29,2026-07-30,SORTIE,20
13673,3,2026-07-30,SORTIE,27
13674,25,2026-07-30,SORTIE,19
13675,15,2026-07-30,SORTIE,29
13676,24,2026-07-30,SORTIE,25
13677,1,2026-07-31,SORTIE,5
13678,8,2026-07-31,SORTIE,25
13679,29,2026-07-31,SORTIE,21
13680,34,2026-07-31,SORTIE,25
13681,17,2026-07-31,SORTIE,24
13682,23,2026-07-31,SORTIE,24
13683,21,2026-07-31,SORTIE,28
13684,27,2026-07-31,SORTIE,1
13685,21,2026-07-31,SORTIE,21
13686,14,2026-07-31,SORTIE,26
13687,35,2026-07-31,SORTIE,18
13688,17,2026-07-31,ENTREE,126
13689,6,2026-08-01,SORTIE,9
13690,28,2026-08-01,SORTIE,5
13691,26,2026-08-01,SORTIE,12
13692,4,2026-08-01,SORTIE,17
13693,26,2026-08-01,SORTIE,5
13694,23,2026-08-01,SORTIE,24
13695,20,2026-08-01,SORTIE,24
13696,9,2026-08-01,SORTIE,6
13697,20,2026-08-01,SORTIE,6
13698,10,2026-08-01,SORTIE,28
13699,35,2026-08-01,SORTIE,15
13700,4,2026-08-01,SORTIE,30
13701,9,2026-08-01,SORTIE,9
13702,13,2026-08-01,SORTIE,24
13703,23,2026-08-01,SORTIE,26
13704,30,2026-08-01,SORTIE,14
13705,4,2026-08-01,SORTIE,13
13706,31,2026-08-01,SORTIE,23
13707,6,2026-08-01,SORTIE,25
13708,28,2026-08-01,SORTIE,30
13709,31,2026-08-01,SORTIE,22
13710,17,2026-08-01,SORTIE,20
13711,27,2026-08-01,SORTIE,19
13712,1,2026-08-01,SORTIE,9
13713,6,2026-08-01,SORTIE,19
13714,2,2026-08-02,SORTIE,30
13715,9,2026-08-02,SORTIE,22
13716,35,2026-08-02,SORTIE,15
13717,6,2026-08-02,SORTIE,7
13718,10,2026-08-02,SORTIE,19
13719,13,2026-08-02,SORTIE,4
13720,4,2026-08-02,SORTIE,2
13721,9,2026-08-02,SORTIE,17
13722,18,2026-08-03,SORTIE,1
13723,33,2026-08-03,SORTIE,27
13724,7,2026-08-03,SORTIE,7
13725,30,2026-08-03,SORTIE,24
13726,16,2026-08-03,SORTIE,6
13727,4,2026-08-03,SORTIE,7
13728,18,2026-08-03,SORTIE,2
13729,5,2026-08-03,SORTIE,28
13730,5,2026-08-03,SORTIE,6
13731,23,2026-08-03,SORTIE,30
13732,31,2026-08-03,SORTIE,15
13733,16,2026-08-03,SORTIE,28
13734,22,2026-08-03,SORTIE,14
13735,2,2026-08-03,SORTIE,22
13736,17,2026-08-03,SORTIE,24
13737,4,2026-08-03,SORTIE,2
13738,29,2026-08-03,SORTIE,4
13739,6,2026-08-03,SORTIE,10
13740,11,2026-08-04,SORTIE,22
13741,12,2026-08-04,SORTIE,18
13742,32,2026-08-04,SORTIE,21
13743,18,2026-08-04,SORTIE,13
13744,15,2026-08-04,SORTIE,14
13745,32,2026-08-04,SORTIE,10
13746,18,2026-08-04,SORTIE,24
13747,28,2026-08-04,SORTIE,21
13748,13,2026-08-04,SORTIE,17
13749,5,2026-08-05,SORTIE,19
13750,31,2026-08-05,SORTIE,3
13751,18,2026-08-05,SORTIE,20
13752,6,2026-08-05,SORTIE,8
13753,31,2026-08-05,SORTIE,20
13754,3,2026-08-05,SORTIE,19
13755,15,2026-08-05,SORTIE,24
13756,8,2026-08-05,SORTIE,26
13757,32,2026-08-05,SORTIE,15
13758,26,2026-08-05,SORTIE,17
13759,1,2026-08-05,SORTIE,14
13760,24,2026-08-05,SORTIE,23
13761,22,2026-08-05,SORTIE,22
13762,17,2026-08-05,SORTIE,25
13763,18,2026-08-05,SORTIE,23
13764,31,2026-08-05,SORTIE,22
13765,33,2026-08-06,SORTIE,29
13766,9,2026-08-06,SORTIE,5
13767,23,2026-08-06,SORTIE,4
13768,14,2026-08-06,SORTIE,29
13769,13,2026-08-06,SORTIE,25
13770,13,2026-08-06,SORTIE,2
13771,17,2026-08-06,SORTIE,30
13772,33,2026-08-07,SORTIE,14
13773,25,2026-08-07,SORTIE,10
13774,16,2026-08-07,SORTIE,6
13775,8,2026-08-07,SORTIE,11
13776,19,2026-08-07,SORTIE,24
13777,8,2026-08-07,SORTIE,3
13778,33,2026-08-07,SORTIE,17
13779,21,2026-08-07,SORTIE,22
13780,26,2026-08-07,SORTIE,8
13781,6,2026-08-08,SORTIE,25
13782,14,2026-08-08,SORTIE,9
13783,26,2026-08-08,SORTIE,1
13784,21,2026-08-08,SORTIE,4
13785,31,2026-08-08,SORTIE,26
13786,15,2026-08-08,SORTIE,28
13787,25,2026-08-08,SORTIE,7
13788,16,2026-08-08,SORTIE,5
13789,29,2026-08-08,SORTIE,22
13790,4,2026-08-09,SORTIE,17
13791,25,2026-08-09,SORTIE,3
13792,7,2026-08-09,SORTIE,4
13793,26,2026-08-09,SORTIE,17
13794,14,2026-08-09,SORTIE,5
13795,33,2026-08-09,SORTIE,27
13796,11,2026-08-09,SORTIE,23
13797,3,2026-08-09,SORTIE,24
13798,30,2026-08-09,SORTIE,12
13799,19,2026-08-09,SORTIE,19
13800,16,2026-08-09,SORTIE,24
13801,34,2026-08-09,SORTIE,26
13802,33,2026-08-09,SORTIE,24
13803,14,2026-08-09,SORTIE,16
13804,8,2026-08-09,SORTIE,22
13805,1,2026-08-09,SORTIE,30
13806,4,2026-08-09,SORTIE,2
13807,29,2026-08-09,SORTIE,2
13808,33,2026-08-09,SORTIE,7
13809,23,2026-08-09,SORTIE,11
13810,8,2026-08-09,SORTIE,14
13811,28,2026-08-09,SORTIE,1
13812,28,2026-08-09,SORTIE,21
13813,21,2026-08-09,SORTIE,11
13814,3,2026-08-10,SORTIE,16
13815,10,2026-08-10,SORTIE,6
13816,22,2026-08-10,SORTIE,27
13817,17,2026-08-10,SORTIE,13
13818,14,2026-08-10,SORTIE,24
13819,19,2026-08-10,SORTIE,9
13820,13,2026-08-10,SORTIE,3
13821,22,2026-08-10,SORTIE,1
13822,25,2026-08-10,SORTIE,4
13823,4,2026-08-10,SORTIE,15
13824,9,2026-08-10,SORTIE,23
13825,10,2026-08-10,SORTIE,2
13826,22,2026-08-10,SORTIE,3
13827,26,2026-08-10,SORTIE,20
13828,25,2026-08-10,SORTIE,2
13829,28,2026-08-10,SORTIE,13
13830,5,2026-08-10,SORTIE,19
13831,2,2026-08-10,SORTIE,23
13832,19,2026-08-10,SORTIE,1
13833,16,2026-08-10,SORTIE,21
13834,22,2026-08-10,SORTIE,19
13835,18,2026-08-10,SORTIE,20
13836,2,2026-08-10,SORTIE,29
13837,28,2026-08-10,SORTIE,11
13838,28,2026-08-10,SORTIE,26
13839,5,2026-08-11,SORTIE,26
13840,34,2026-08-11,SORTIE,2
13841,25,2026-08-11,SORTIE,13
13842,14,2026-08-11,SORTIE,4
13843,5,2026-08-11,SORTIE,6
13844,3,2026-08-11,SORTIE,18
13845,13,2026-08-11,SORTIE,27
13846,18,2026-08-11,SORTIE,6
13847,27,2026-08-11,SORTIE,12
13848,32,2026-08-11,SORTIE,27
13849,24,2026-08-11,SORTIE,12
13850,14,2026-08-11,SORTIE,6
13851,29,2026-08-12,SORTIE,27
13852,28,2026-08-12,SORTIE,15
13853,16,2026-08-12,SORTIE,8
13854,1,2026-08-12,SORTIE,7
13855,28,2026-08-12,SORTIE,20
13856,24,2026-08-12,SORTIE,19
13857,19,2026-08-12,SORTIE,25
13858,12,2026-08-12,SORTIE,1
13859,23,2026-08-12,ENTREE,397
13860,1,2026-08-13,SORTIE,12
13861,11,2026-08-13,SORTIE,25
13862,17,2026-08-13,SORTIE,26
13863,25,2026-08-13,SORTIE,27
13864,9,2026-08-13,SORTIE,2
13865,25,2026-08-13,SORTIE,30
13866,21,2026-08-13,SORTIE,24
13867,22,2026-08-13,SORTIE,14
13868,3,2026-08-13,SORTIE,29
13869,15,2026-08-13,SORTIE,21
13870,35,2026-08-13,SORTIE,4
13871,33,2026-08-13,SORTIE,19
13872,27,2026-08-13,SORTIE,27
13873,26,2026-08-13,SORTIE,16
13874,8,2026-08-13,SORTIE,3
13875,6,2026-08-13,SORTIE,22
13876,13,2026-08-13,SORTIE,14
13877,17,2026-08-13,SORTIE,26
13878,28,2026-08-13,SORTIE,10
13879,6,2026-08-13,SORTIE,6
13880,14,2026-08-14,SORTIE,1
13881,23,2026-08-14,SORTIE,11
13882,6,2026-08-14,ENTREE,244
13883,16,2026-08-15,SORTIE,13
13884,12,2026-08-15,SORTIE,15
13885,21,2026-08-15,SORTIE,24
13886,6,2026-08-15,SORTIE,16
13887,25,2026-08-15,SORTIE,13
13888,18,2026-08-15,SORTIE,11
13889,11,2026-08-15,SORTIE,18
13890,12,2026-08-15,SORTIE,19
13891,27,2026-08-15,SORTIE,14
13892,14,2026-08-15,SORTIE,2
13893,9,2026-08-15,SORTIE,2
13894,1,2026-08-15,SORTIE,24
13895,11,2026-08-15,SORTIE,19
13896,20,2026-08-15,SORTIE,28
13897,29,2026-08-16,SORTIE,17
13898,10,2026-08-16,SORTIE,7
13899,19,2026-08-16,SORTIE,30
13900,18,2026-08-16,SORTIE,21
13901,16,2026-08-16,SORTIE,14
13902,24,2026-08-16,SORTIE,25
13903,27,2026-08-16,SORTIE,27
13904,11,2026-08-16,SORTIE,26
13905,15,2026-08-16,SORTIE,28
13906,22,2026-08-16,SORTIE,10
13907,30,2026-08-16,SORTIE,29
13908,24,2026-08-16,SORTIE,16
13909,22,2026-08-16,SORTIE,5
13910,2,2026-08-16,SORTIE,16
13911,27,2026-08-16,SORTIE,11
13912,17,2026-08-16,SORTIE,28
13913,1,2026-08-16,SORTIE,21
13914,13,2026-08-16,SORTIE,28
13915,34,2026-08-16,SORTIE,6
13916,1,2026-08-16,SORTIE,13
13917,28,2026-08-16,SORTIE,26
13918,3,2026-08-16,SORTIE,3
13919,3,2026-08-16,SORTIE,15
13920,2,2026-08-16,SORTIE,9
13921,29,2026-08-16,SORTIE,1
13922,15,2026-08-16,ENTREE,188
13923,21,2026-08-17,SORTIE,10
13924,34,2026-08-17,SORTIE,15
13925,2,2026-08-17,SORTIE,23
13926,19,2026-08-17,SORTIE,30
13927,32,2026-08-17,SORTIE,10
13928,9,2026-08-17,SORTIE,12
13929,18,2026-08-17,SORTIE,3
13930,19,2026-08-17,SORTIE,11
13931,34,2026-08-17,SORTIE,1
13932,27,2026-08-17,SORTIE,11
13933,19,2026-08-17,SORTIE,2
13934,3,2026-08-17,SORTIE,11
13935,22,2026-08-17,SORTIE,15
13936,4,2026-08-17,SORTIE,2
13937,12,2026-08-17,SORTIE,30
13938,24,2026-08-17,SORTIE,17
13939,34,2026-08-17,SORTIE,3
13940,11,2026-08-17,SORTIE,30
13941,2,2026-08-17,SORTIE,9
13942,4,2026-08-17,ENTREE,136
13943,12,2026-08-18,SORTIE,23
13944,21,2026-08-18,SORTIE,19
13945,28,2026-08-18,SORTIE,29
13946,32,2026-08-18,SORTIE,16
13947,22,2026-08-18,SORTIE,26
13948,25,2026-08-18,SORTIE,5
13949,15,2026-08-18,SORTIE,13
13950,33,2026-08-18,SORTIE,5
13951,10,2026-08-18,SORTIE,11
13952,5,2026-08-18,SORTIE,17
13953,26,2026-08-18,ENTREE,150
13954,16,2026-08-19,SORTIE,27
13955,29,2026-08-19,SORTIE,19
13956,20,2026-08-19,SORTIE,24
13957,16,2026-08-19,SORTIE,23
13958,8,2026-08-19,SORTIE,24
13959,3,2026-08-19,SORTIE,16
13960,12,2026-08-19,SORTIE,14
13961,15,2026-08-19,SORTIE,30
13962,5,2026-08-19,SORTIE,11
13963,5,2026-08-19,SORTIE,11
13964,20,2026-08-19,SORTIE,24
13965,30,2026-08-19,SORTIE,18
13966,28,2026-08-20,SORTIE,18
13967,28,2026-08-20,SORTIE,13
13968,8,2026-08-20,SORTIE,30
13969,19,2026-08-20,SORTIE,24
13970,32,2026-08-20,SORTIE,19
13971,2,2026-08-20,SORTIE,1
13972,28,2026-08-20,SORTIE,16
13973,20,2026-08-20,SORTIE,6
13974,14,2026-08-20,SORTIE,10
13975,25,2026-08-20,SORTIE,27
13976,22,2026-08-20,SORTIE,15
13977,31,2026-08-20,SORTIE,11
13978,15,2026-08-20,SORTIE,24
13979,34,2026-08-20,SORTIE,11
13980,13,2026-08-20,SORTIE,5
13981,32,2026-08-20,SORTIE,16
13982,2,2026-08-20,SORTIE,14
13983,3,2026-08-20,SORTIE,3
13984,15,2026-08-20,SORTIE,5
13985,6,2026-08-20,SORTIE,6
13986,30,2026-08-21,SORTIE,24
13987,26,2026-08-21,SORTIE,9
13988,4,2026-08-21,SORTIE,29
13989,12,2026-08-21,SORTIE,13
13990,24,2026-08-21,SORTIE,14
13991,29,2026-08-21,SORTIE,18
13992,24,2026-08-21,SORTIE,29
13993,14,2026-08-21,SORTIE,3
13994,23,2026-08-21,SORTIE,20
13995,24,2026-08-21,SORTIE,13
13996,25,2026-08-21,SORTIE,24
13997,19,2026-08-21,SORTIE,10
13998,10,2026-08-21,SORTIE,7
13999,6,2026-08-21,SORTIE,24
14000,5,2026-08-21,SORTIE,4
14001,23,2026-08-21,SORTIE,19
14002,26,2026-08-21,SORTIE,11
14003,28,2026-08-21,SORTIE,6
14004,22,2026-08-21,SORTIE,22
14005,4,2026-08-21,ENTREE,457
14006,20,2026-08-22,SORTIE,7
14007,33,2026-08-22,SORTIE,4
14008,20,2026-08-22,SORTIE,13
14009,35,2026-08-22,SORTIE,16
14010,1,2026-08-22,SORTIE,28
14011,21,2026-08-22,SORTIE,26
14012,6,2026-08-23,SORTIE,21
14013,27,2026-08-23,SORTIE,28
14014,25,2026-08-23,SORTIE,11
14015,7,2026-08-23,SORTIE,1
14016,11,2026-08-23,SORTIE,3
14017,18,2026-08-23,SORTIE,24
14018,7,2026-08-23,SORTIE,2
14019,1,2026-08-23,SORTIE,7
14020,25,2026-08-23,SORTIE,26
14021,32,2026-08-23,SORTIE,6
14022,3,2026-08-23,SORTIE,12
14023,6,2026-08-23,SORTIE,27
14024,29,2026-08-23,SORTIE,12
14025,29,2026-08-23,SORTIE,12
14026,30,2026-08-23,SORTIE,30
14027,3,2026-08-23,ENTREE,158
14028,12,2026-08-24,SORTIE,8
14029,34,2026-08-24,SORTIE,27
14030,9,2026-08-24,SORTIE,15
14031,1,2026-08-24,SORTIE,30
14032,23,2026-08-24,SORTIE,13
14033,21,2026-08-24,SORTIE,13
14034,33,2026-08-24,SORTIE,22
14035,11,2026-08-24,SORTIE,23
14036,30,2026-08-24,SORTIE,2
14037,6,2026-08-24,SORTIE,6
14038,26,2026-08-24,SORTIE,7
14039,10,2026-08-24,SORTIE,10
14040,7,2026-08-24,SORTIE,13
14041,24,2026-08-24,SORTIE,18
14042,13,2026-08-25,SORTIE,4
14043,4,2026-08-25,SORTIE,3
14044,13,2026-08-25,SORTIE,12
14045,26,2026-08-25,SORTIE,14
14046,26,2026-08-25,SORTIE,19
14047,21,2026-08-25,SORTIE,9
14048,26,2026-08-25,SORTIE,4
14049,2,2026-08-25,SORTIE,25
14050,9,2026-08-25,SORTIE,11
14051,9,2026-08-25,ENTREE,236
14052,35,2026-08-26,SORTIE,21
14053,24,2026-08-26,SORTIE,5
14054,4,2026-08-26,SORTIE,12
14055,34,2026-08-26,SORTIE,26
14056,2,2026-08-26,SORTIE,30
14057,8,2026-08-26,SORTIE,7
14058,7,2026-08-26,SORTIE,27
14059,20,2026-08-26,SORTIE,6
14060,7,2026-08-26,SORTIE,25
14061,21,2026-08-26,SORTIE,4
14062,11,2026-08-26,SORTIE,8
14063,35,2026-08-26,SORTIE,28
14064,21,2026-08-26,SORTIE,28
14065,27,2026-08-26,SORTIE,10
14066,12,2026-08-26,SORTIE,26
14067,26,2026-08-26,SORTIE,28
14068,3,2026-08-26,SORTIE,25
14069,3,2026-08-26,SORTIE,9
14070,3,2026-08-26,SORTIE,25
14071,29,2026-08-26,SORTIE,17
14072,19,2026-08-26,SORTIE,30
14073,3,2026-08-27,SORTIE,12
14074,6,2026-08-27,SORTIE,24
14075,32,2026-08-27,SORTIE,7
14076,29,2026-08-27,SORTIE,5
14077,8,2026-08-27,SORTIE,5
14078,27,2026-08-27,SORTIE,20
14079,30,2026-08-27,SORTIE,27
14080,29,2026-08-27,SORTIE,13
14081,3,2026-08-27,SORTIE,9
14082,21,2026-08-27,SORTIE,1
14083,34,2026-08-27,SORTIE,21
14084,31,2026-08-27,SORTIE,16
14085,31,2026-08-27,SORTIE,1
14086,18,2026-08-27,SORTIE,29
14087,13,2026-08-28,SORTIE,23
14088,19,2026-08-28,SORTIE,9
14089,31,2026-08-28,SORTIE,14
14090,1,2026-08-28,SORTIE,2
14091,14,2026-08-28,SORTIE,20
14092,18,2026-08-28,SORTIE,6
14093,33,2026-08-28,SORTIE,4
14094,33,2026-08-28,SORTIE,18
14095,27,2026-08-28,SORTIE,15
14096,10,2026-08-28,SORTIE,14
14097,3,2026-08-28,SORTIE,29
14098,13,2026-08-28,SORTIE,17
14099,15,2026-08-28,SORTIE,9
14100,27,2026-08-28,SORTIE,15
14101,20,2026-08-28,SORTIE,15
14102,14,2026-08-28,SORTIE,26
14103,24,2026-08-28,SORTIE,8
14104,13,2026-08-28,SORTIE,27
14105,29,2026-08-28,SORTIE,5
14106,6,2026-08-29,SORTIE,3
14107,20,2026-08-29,SORTIE,28
14108,17,2026-08-29,SORTIE,28
14109,21,2026-08-29,SORTIE,24
14110,6,2026-08-29,SORTIE,17
14111,15,2026-08-29,SORTIE,3
14112,18,2026-08-29,SORTIE,2
14113,8,2026-08-29,SORTIE,7
14114,12,2026-08-29,SORTIE,14
14115,5,2026-08-29,SORTIE,24
14116,16,2026-08-29,SORTIE,14
14117,28,2026-08-29,SORTIE,24
14118,15,2026-08-29,SORTIE,17
14119,1,2026-08-29,SORTIE,28
14120,17,2026-08-29,SORTIE,11
14121,5,2026-08-30,SORTIE,22
14122,28,2026-08-30,SORTIE,10
14123,16,2026-08-30,SORTIE,13
14124,14,2026-08-30,SORTIE,21
14125,26,2026-08-30,SORTIE,19
14126,7,2026-08-30,SORTIE,7
14127,3,2026-08-30,SORTIE,22
14128,22,2026-08-31,SORTIE,5
14129,15,2026-08-31,SORTIE,3
14130,25,2026-08-31,SORTIE,29
14131,18,2026-08-31,SORTIE,15
14132,30,2026-08-31,SORTIE,19
14133,24,2026-08-31,SORTIE,3
14134,33,2026-08-31,SORTIE,2
14135,18,2026-08-31,SORTIE,26
14136,22,2026-08-31,SORTIE,17
14137,16,2026-08-31,SORTIE,3
14138,35,2026-08-31,SORTIE,25
14139,10,2026-08-31,SORTIE,27
14140,7,2026-08-31,SORTIE,7
14141,3,2026-08-31,SORTIE,18
14142,16,2026-08-31,SORTIE,8
14143,2,2026-08-31,SORTIE,12
14144,30,2026-08-31,SORTIE,25
14145,13,2026-08-31,SORTIE,12
14146,34,2026-08-31,SORTIE,11
14147,12,2026-08-31,SORTIE,2
14148,2,2026-08-31,SORTIE,15
14149,2,2026-08-31,SORTIE,12
14150,3,2026-08-31,SORTIE,30
14151,30,2026-08-31,SORTIE,27
14152,33,2026-08-31,SORTIE,29
14153,7,2026-09-01,SORTIE,7
14154,33,2026-09-01,SORTIE,3
14155,30,2026-09-01,SORTIE,10
14156,28,2026-09-01,SORTIE,14
14157,2,2026-09-01,SORTIE,19
14158,7,2026-09-01,SORTIE,21
14159,27,2026-09-01,SORTIE,16
14160,32,2026-09-01,SORTIE,21
14161,13,2026-09-01,SORTIE,22
14162,7,2026-09-01,SORTIE,20
14163,25,2026-09-01,SORTIE,9
14164,30,2026-09-01,SORTIE,5
14165,27,2026-09-01,SORTIE,4
14166,33,2026-09-01,SORTIE,4
14167,28,2026-09-01,SORTIE,13
14168,12,2026-09-01,SORTIE,14
14169,8,2026-09-01,SORTIE,5
14170,8,2026-09-01,SORTIE,21
14171,31,2026-09-01,SORTIE,9
14172,10,2026-09-01,SORTIE,28
14173,6,2026-09-02,SORTIE,16
14174,17,2026-09-02,SORTIE,11
14175,23,2026-09-02,SORTIE,5
14176,35,2026-09-03,SORTIE,19
14177,18,2026-09-03,SORTIE,9
14178,32,2026-09-03,SORTIE,20
14179,20,2026-09-03,SORTIE,11
14180,5,2026-09-03,SORTIE,8
14181,7,2026-09-03,SORTIE,20
14182,2,2026-09-03,SORTIE,14
14183,4,2026-09-03,SORTIE,8
14184,2,2026-09-03,SORTIE,11
14185,16,2026-09-03,SORTIE,16
14186,31,2026-09-03,SORTIE,16
14187,15,2026-09-03,SORTIE,3
14188,21,2026-09-03,SORTIE,5
14189,15,2026-09-03,SORTIE,6
14190,19,2026-09-03,SORTIE,26
14191,32,2026-09-03,SORTIE,13
14192,5,2026-09-03,SORTIE,25
14193,10,2026-09-03,SORTIE,6
14194,16,2026-09-03,SORTIE,8
14195,7,2026-09-04,SORTIE,9
14196,11,2026-09-04,SORTIE,30
14197,33,2026-09-04,SORTIE,24
14198,19,2026-09-04,SORTIE,6
14199,5,2026-09-04,SORTIE,19
14200,14,2026-09-04,SORTIE,30
14201,20,2026-09-04,SORTIE,29
14202,32,2026-09-04,SORTIE,1
14203,9,2026-09-04,SORTIE,9
14204,23,2026-09-04,SORTIE,3
14205,4,2026-09-04,SORTIE,3
14206,15,2026-09-04,SORTIE,22
14207,5,2026-09-04,SORTIE,4
14208,28,2026-09-04,SORTIE,7
14209,29,2026-09-04,SORTIE,3
14210,3,2026-09-04,ENTREE,102
14211,4,2026-09-05,SORTIE,4
14212,34,2026-09-05,SORTIE,5
14213,23,2026-09-05,SORTIE,26
14214,27,2026-09-05,SORTIE,30
14215,23,2026-09-05,SORTIE,14
14216,10,2026-09-05,SORTIE,13
14217,25,2026-09-05,SORTIE,28
14218,29,2026-09-05,SORTIE,15
14219,24,2026-09-05,SORTIE,8
14220,15,2026-09-05,SORTIE,6
14221,31,2026-09-05,SORTIE,11
14222,20,2026-09-05,SORTIE,13
14223,4,2026-09-05,SORTIE,3
14224,14,2026-09-05,SORTIE,18
14225,14,2026-09-05,SORTIE,24
14226,6,2026-09-05,SORTIE,22
14227,16,2026-09-05,SORTIE,24
14228,32,2026-09-05,SORTIE,5
14229,24,2026-09-05,SORTIE,8
14230,23,2026-09-05,SORTIE,12
14231,19,2026-09-05,SORTIE,28
14232,27,2026-09-06,SORTIE,23
14233,11,2026-09-07,SORTIE,18
14234,14,2026-09-07,SORTIE,26
14235,2,2026-09-07,SORTIE,26
14236,4,2026-09-07,SORTIE,3
14237,12,2026-09-07,SORTIE,9
14238,26,2026-09-07,SORTIE,24
14239,18,2026-09-07,SORTIE,7
14240,34,2026-09-07,SORTIE,9
14241,15,2026-09-07,SORTIE,25
14242,2,2026-09-07,SORTIE,30
14243,10,2026-09-07,SORTIE,23
14244,27,2026-09-08,SORTIE,28
14245,24,2026-09-08,SORTIE,16
14246,28,2026-09-08,SORTIE,5
14247,1,2026-09-08,SORTIE,7
14248,31,2026-09-08,SORTIE,1
14249,9,2026-09-08,SORTIE,26
14250,31,2026-09-09,SORTIE,5
14251,13,2026-09-09,SORTIE,9
14252,34,2026-09-09,SORTIE,22
14253,7,2026-09-09,SORTIE,29
14254,31,2026-09-09,SORTIE,28
14255,32,2026-09-09,SORTIE,21
14256,31,2026-09-09,SORTIE,1
14257,18,2026-09-09,SORTIE,11
14258,7,2026-09-09,SORTIE,24
14259,5,2026-09-09,SORTIE,22
14260,6,2026-09-09,SORTIE,29
14261,18,2026-09-09,SORTIE,23
14262,32,2026-09-09,SORTIE,30
14263,23,2026-09-09,SORTIE,17
14264,19,2026-09-09,SORTIE,5
14265,35,2026-09-09,SORTIE,23
14266,18,2026-09-10,SORTIE,20
14267,23,2026-09-10,SORTIE,2
14268,31,2026-09-10,SORTIE,4
14269,17,2026-09-10,SORTIE,14
14270,22,2026-09-10,SORTIE,12
14271,34,2026-09-10,SORTIE,24
14272,31,2026-09-10,SORTIE,17
14273,28,2026-09-10,SORTIE,22
14274,3,2026-09-10,SORTIE,19
14275,20,2026-09-10,SORTIE,4
14276,10,2026-09-10,SORTIE,18
14277,15,2026-09-10,SORTIE,7
14278,1,2026-09-10,SORTIE,8
14279,2,2026-09-10,SORTIE,25
14280,32,2026-09-10,SORTIE,6
14281,28,2026-09-10,SORTIE,3
14282,26,2026-09-10,SORTIE,20
14283,19,2026-09-10,SORTIE,10
14284,5,2026-09-10,SORTIE,17
14285,8,2026-09-10,SORTIE,29
14286,17,2026-09-10,SORTIE,16
14287,7,2026-09-10,SORTIE,15
14288,6,2026-09-10,SORTIE,29
14289,27,2026-09-10,SORTIE,25
14290,9,2026-09-10,SORTIE,14
14291,35,2026-09-10,SORTIE,18
14292,32,2026-09-10,SORTIE,22
14293,13,2026-09-10,SORTIE,3
14294,20,2026-09-10,SORTIE,20
14295,13,2026-09-10,ENTREE,486
14296,21,2026-09-11,SORTIE,4
14297,32,2026-09-11,SORTIE,27
14298,5,2026-09-11,SORTIE,13
14299,34,2026-09-11,SORTIE,26
14300,24,2026-09-11,SORTIE,21
14301,12,2026-09-11,SORTIE,6
14302,6,2026-09-11,SORTIE,30
14303,9,2026-09-11,SORTIE,8
14304,32,2026-09-11,SORTIE,4
14305,4,2026-09-11,SORTIE,26
14306,3,2026-09-11,SORTIE,20
14307,31,2026-09-11,SORTIE,15
14308,35,2026-09-11,SORTIE,13
14309,19,2026-09-11,SORTIE,4
14310,4,2026-09-11,SORTIE,8
14311,31,2026-09-11,SORTIE,18
14312,27,2026-09-11,SORTIE,27
14313,17,2026-09-11,SORTIE,13
14314,7,2026-09-11,SORTIE,25
14315,12,2026-09-12,SORTIE,26
14316,34,2026-09-12,SORTIE,26
14317,18,2026-09-12,SORTIE,24
14318,4,2026-09-12,SORTIE,2
14319,20,2026-09-12,SORTIE,28
14320,25,2026-09-12,SORTIE,26
14321,4,2026-09-12,SORTIE,6
14322,19,2026-09-12,SORTIE,17
14323,9,2026-09-12,SORTIE,19
14324,18,2026-09-12,SORTIE,9
14325,24,2026-09-12,SORTIE,7
14326,19,2026-09-12,SORTIE,18
14327,22,2026-09-13,SORTIE,8
14328,23,2026-09-13,SORTIE,23
14329,24,2026-09-13,SORTIE,9
14330,30,2026-09-13,SORTIE,6
14331,14,2026-09-13,SORTIE,15
14332,26,2026-09-13,SORTIE,27
14333,24,2026-09-13,SORTIE,18
14334,22,2026-09-13,SORTIE,16
14335,32,2026-09-13,SORTIE,13
14336,32,2026-09-13,SORTIE,16
14337,25,2026-09-13,SORTIE,28
14338,3,2026-09-13,SORTIE,18
14339,34,2026-09-13,SORTIE,18
14340,24,2026-09-13,SORTIE,6
14341,32,2026-09-13,SORTIE,24
14342,27,2026-09-13,SORTIE,4
14343,11,2026-09-13,SORTIE,23
14344,12,2026-09-13,SORTIE,26
14345,34,2026-09-13,SORTIE,26
14346,26,2026-09-13,SORTIE,7
14347,1,2026-09-13,SORTIE,7
14348,5,2026-09-13,SORTIE,23
14349,24,2026-09-13,SORTIE,7
14350,10,2026-09-13,SORTIE,29
14351,27,2026-09-13,SORTIE,1
14352,7,2026-09-13,SORTIE,10
14353,13,2026-09-13,ENTREE,431
14354,33,2026-09-14,SORTIE,14
14355,5,2026-09-14,SORTIE,8
14356,18,2026-09-14,SORTIE,30
14357,12,2026-09-14,SORTIE,9
14358,16,2026-09-14,SORTIE,23
14359,33,2026-09-14,ENTREE,401
14360,29,2026-09-15,SORTIE,2
14361,30,2026-09-15,SORTIE,8
14362,27,2026-09-15,SORTIE,22
14363,17,2026-09-15,SORTIE,28
14364,27,2026-09-15,SORTIE,15
14365,20,2026-09-15,SORTIE,7
14366,34,2026-09-15,SORTIE,25
14367,21,2026-09-15,SORTIE,11
14368,5,2026-09-15,SORTIE,25
14369,26,2026-09-15,SORTIE,24
14370,5,2026-09-15,SORTIE,17
14371,8,2026-09-15,SORTIE,28
14372,29,2026-09-15,SORTIE,6
14373,19,2026-09-15,SORTIE,13
14374,11,2026-09-15,SORTIE,28
14375,28,2026-09-15,SORTIE,26
14376,34,2026-09-15,SORTIE,17
14377,26,2026-09-15,SORTIE,29
14378,2,2026-09-15,SORTIE,15
14379,2,2026-09-15,SORTIE,10
14380,33,2026-09-15,SORTIE,6
14381,15,2026-09-15,SORTIE,14
14382,29,2026-09-15,SORTIE,1
14383,20,2026-09-16,SORTIE,16
14384,1,2026-09-16,SORTIE,12
14385,6,2026-09-16,SORTIE,6
14386,32,2026-09-16,SORTIE,1
14387,27,2026-09-16,SORTIE,17
14388,10,2026-09-16,SORTIE,15
14389,1,2026-09-16,SORTIE,30
14390,3,2026-09-16,SORTIE,30
14391,29,2026-09-16,SORTIE,25
14392,15,2026-09-16,SORTIE,12
14393,18,2026-09-16,ENTREE,304
14394,13,2026-09-17,SORTIE,4
14395,27,2026-09-17,SORTIE,18
14396,3,2026-09-17,SORTIE,20
14397,18,2026-09-17,SORTIE,6
14398,17,2026-09-17,SORTIE,5
14399,17,2026-09-17,SORTIE,5
14400,10,2026-09-17,SORTIE,11
14401,35,2026-09-17,ENTREE,493
14402,2,2026-09-18,SORTIE,21
14403,24,2026-09-18,SORTIE,27
14404,19,2026-09-18,SORTIE,11
14405,18,2026-09-18,SORTIE,7
14406,17,2026-09-18,SORTIE,13
14407,15,2026-09-18,SORTIE,25
14408,15,2026-09-18,SORTIE,29
14409,3,2026-09-18,SORTIE,18
14410,1,2026-09-18,SORTIE,7
14411,22,2026-09-18,SORTIE,27
14412,9,2026-09-18,SORTIE,17
14413,4,2026-09-18,SORTIE,20
14414,5,2026-09-18,SORTIE,18
14415,1,2026-09-18,SORTIE,6
14416,34,2026-09-18,SORTIE,2
14417,29,2026-09-18,SORTIE,28
14418,35,2026-09-18,SORTIE,16
14419,21,2026-09-18,SORTIE,2
14420,20,2026-09-18,SORTIE,3
14421,9,2026-09-18,SORTIE,3
14422,19,2026-09-18,SORTIE,13
14423,6,2026-09-18,SORTIE,10
14424,20,2026-09-18,SORTIE,15
14425,22,2026-09-18,ENTREE,369
14426,25,2026-09-19,SORTIE,21
14427,21,2026-09-19,SORTIE,29
14428,31,2026-09-19,SORTIE,16
14429,15,2026-09-19,SORTIE,2
14430,5,2026-09-19,SORTIE,22
14431,9,2026-09-19,SORTIE,11
14432,30,2026-09-19,SORTIE,10
14433,14,2026-09-19,SORTIE,22
14434,15,2026-09-19,SORTIE,7
14435,8,2026-09-19,SORTIE,22
14436,31,2026-09-19,SORTIE,12
14437,10,2026-09-19,SORTIE,15
14438,13,2026-09-19,SORTIE,3
14439,2,2026-09-19,SORTIE,20
14440,28,2026-09-19,SORTIE,16
14441,6,2026-09-19,SORTIE,13
14442,29,2026-09-19,SORTIE,9
14443,30,2026-09-20,SORTIE,9
14444,27,2026-09-20,SORTIE,29
14445,16,2026-09-20,SORTIE,30
14446,8,2026-09-20,SORTIE,5
14447,10,2026-09-20,SORTIE,29
14448,19,2026-09-20,SORTIE,3
14449,3,2026-09-20,SORTIE,10
14450,3,2026-09-20,SORTIE,3
14451,30,2026-09-20,SORTIE,16
14452,27,2026-09-20,SORTIE,19
14453,30,2026-09-20,SORTIE,11
14454,33,2026-09-20,SORTIE,3
14455,27,2026-09-20,SORTIE,2
14456,20,2026-09-20,SORTIE,29
14457,2,2026-09-20,SORTIE,26
14458,23,2026-09-20,SORTIE,3
14459,11,2026-09-20,SORTIE,1
14460,33,2026-09-20,SORTIE,30
14461,22,2026-09-20,SORTIE,24
14462,2,2026-09-20,SORTIE,29
14463,21,2026-09-20,SORTIE,25
14464,3,2026-09-20,SORTIE,16
14465,10,2026-09-20,SORTIE,10
14466,8,2026-09-20,SORTIE,17
14467,23,2026-09-20,SORTIE,3
14468,6,2026-09-20,SORTIE,12
14469,7,2026-09-20,SORTIE,14
14470,28,2026-09-20,SORTIE,8
14471,4,2026-09-20,SORTIE,19
14472,24,2026-09-20,SORTIE,10
14473,4,2026-09-21,SORTIE,19
14474,1,2026-09-21,SORTIE,24
14475,25,2026-09-21,SORTIE,5
14476,12,2026-09-21,SORTIE,1
14477,21,2026-09-21,SORTIE,16
14478,1,2026-09-21,SORTIE,5
14479,10,2026-09-21,SORTIE,3
14480,33,2026-09-21,SORTIE,21
14481,12,2026-09-21,SORTIE,20
14482,13,2026-09-21,SORTIE,29
14483,14,2026-09-21,SORTIE,12
14484,21,2026-09-21,SORTIE,20
14485,33,2026-09-21,SORTIE,28
14486,35,2026-09-21,SORTIE,22
14487,8,2026-09-21,SORTIE,1
14488,16,2026-09-21,SORTIE,23
14489,12,2026-09-21,SORTIE,1
14490,20,2026-09-21,SORTIE,14
14491,18,2026-09-21,SORTIE,15
14492,3,2026-09-21,SORTIE,21
14493,2,2026-09-21,SORTIE,15
14494,10,2026-09-21,SORTIE,12
14495,20,2026-09-21,SORTIE,25
14496,31,2026-09-21,SORTIE,28
14497,6,2026-09-21,SORTIE,24
14498,11,2026-09-21,SORTIE,29
14499,32,2026-09-21,SORTIE,10
14500,5,2026-09-21,SORTIE,13
14501,13,2026-09-21,SORTIE,17
14502,35,2026-09-21,SORTIE,23
14503,34,2026-09-22,SORTIE,28
14504,11,2026-09-22,SORTIE,2
14505,26,2026-09-22,SORTIE,17
14506,5,2026-09-22,ENTREE,169
14507,14,2026-09-23,SORTIE,27
14508,12,2026-09-23,SORTIE,1
14509,28,2026-09-23,SORTIE,14
14510,10,2026-09-23,SORTIE,16
14511,25,2026-09-23,SORTIE,11
14512,21,2026-09-23,SORTIE,7
14513,9,2026-09-23,SORTIE,3
14514,8,2026-09-23,SORTIE,29
14515,35,2026-09-23,SORTIE,28
14516,21,2026-09-23,SORTIE,28
14517,11,2026-09-23,SORTIE,2
14518,30,2026-09-23,SORTIE,2
14519,25,2026-09-23,ENTREE,122
14520,24,2026-09-24,SORTIE,3
14521,34,2026-09-24,SORTIE,13
14522,32,2026-09-24,SORTIE,23
14523,3,2026-09-24,SORTIE,7
14524,29,2026-09-24,SORTIE,12
14525,23,2026-09-25,SORTIE,18
14526,32,2026-09-25,SORTIE,24
14527,10,2026-09-25,SORTIE,1
14528,35,2026-09-25,SORTIE,12
14529,20,2026-09-25,SORTIE,28
14530,17,2026-09-25,SORTIE,25
14531,30,2026-09-25,SORTIE,7
14532,13,2026-09-25,SORTIE,29
14533,23,2026-09-25,SORTIE,4
14534,7,2026-09-25,SORTIE,25
14535,5,2026-09-25,SORTIE,27
14536,31,2026-09-25,SORTIE,30
14537,14,2026-09-25,SORTIE,6
14538,13,2026-09-25,SORTIE,14
14539,11,2026-09-25,SORTIE,5
14540,26,2026-09-25,SORTIE,28
14541,33,2026-09-25,SORTIE,21
14542,3,2026-09-25,ENTREE,391
14543,10,2026-09-26,SORTIE,26
14544,19,2026-09-26,SORTIE,13
14545,17,2026-09-26,SORTIE,21
14546,29,2026-09-26,SORTIE,13
14547,35,2026-09-26,SORTIE,29
14548,10,2026-09-26,SORTIE,28
14549,3,2026-09-26,SORTIE,18
14550,20,2026-09-26,SORTIE,27
14551,29,2026-09-26,SORTIE,1
14552,26,2026-09-26,SORTIE,30
14553,21,2026-09-26,SORTIE,25
14554,1,2026-09-26,SORTIE,28
14555,17,2026-09-26,SORTIE,13
14556,6,2026-09-26,SORTIE,24
14557,23,2026-09-26,SORTIE,3
14558,7,2026-09-27,SORTIE,10
14559,27,2026-09-27,SORTIE,2
14560,16,2026-09-27,SORTIE,15
14561,14,2026-09-27,SORTIE,13
14562,11,2026-09-27,SORTIE,22
14563,17,2026-09-27,SORTIE,4
14564,30,2026-09-27,SORTIE,14
14565,13,2026-09-27,SORTIE,18
14566,11,2026-09-27,SORTIE,2
14567,24,2026-09-27,SORTIE,9
14568,26,2026-09-27,SORTIE,23
14569,3,2026-09-27,SORTIE,4
14570,16,2026-09-27,SORTIE,5
14571,27,2026-09-27,SORTIE,8
14572,4,2026-09-27,SORTIE,21
14573,35,2026-09-27,SORTIE,30
14574,28,2026-09-27,SORTIE,30
14575,1,2026-09-27,SORTIE,8
14576,26,2026-09-28,SORTIE,4
14577,10,2026-09-28,SORTIE,17
14578,5,2026-09-28,SORTIE,26
14579,14,2026-09-28,SORTIE,19
14580,23,2026-09-28,SORTIE,7
14581,34,2026-09-28,ENTREE,435
14582,28,2026-09-29,SORTIE,15
14583,22,2026-09-29,SORTIE,10
14584,15,2026-09-29,SORTIE,4
14585,3,2026-09-29,SORTIE,17
14586,32,2026-09-29,SORTIE,29
14587,11,2026-09-29,SORTIE,12
14588,19,2026-09-29,SORTIE,21
14589,4,2026-09-29,SORTIE,29
14590,27,2026-09-29,SORTIE,27
14591,10,2026-09-29,SORTIE,23
14592,18,2026-09-29,SORTIE,20
14593,3,2026-09-29,SORTIE,29
14594,31,2026-09-29,SORTIE,22
14595,18,2026-09-30,SORTIE,23
14596,34,2026-09-30,SORTIE,1
14597,31,2026-09-30,SORTIE,26
14598,35,2026-09-30,SORTIE,29
14599,8,2026-09-30,SORTIE,20
14600,3,2026-09-30,SORTIE,16
14601,8,2026-09-30,SORTIE,1
14602,12,2026-09-30,SORTIE,7
14603,15,2026-09-30,SORTIE,6
14604,27,2026-09-30,SORTIE,23
14605,4,2026-09-30,SORTIE,30
14606,9,2026-09-30,SORTIE,11
14607,27,2026-09-30,SORTIE,30
14608,28,2026-09-30,SORTIE,10
14609,3,2026-09-30,SORTIE,22
14610,18,2026-09-30,SORTIE,13
14611,34,2026-09-30,SORTIE,24
14612,16,2026-09-30,ENTREE,389
14613,18,2026-10-01,SORTIE,18
14614,10,2026-10-01,SORTIE,4
14615,24,2026-10-01,SORTIE,28
14616,34,2026-10-01,SORTIE,7
14617,10,2026-10-01,SORTIE,4
14618,9,2026-10-01,SORTIE,3
14619,4,2026-10-01,SORTIE,16
14620,15,2026-10-01,SORTIE,20
14621,16,2026-10-01,SORTIE,6
14622,15,2026-10-01,SORTIE,10
14623,16,2026-10-01,SORTIE,14
14624,4,2026-10-01,SORTIE,24
14625,1,2026-10-01,SORTIE,1
14626,29,2026-10-01,ENTREE,315
14627,14,2026-10-02,SORTIE,6
14628,14,2026-10-02,SORTIE,15
14629,7,2026-10-02,SORTIE,28
14630,21,2026-10-02,SORTIE,15
14631,27,2026-10-02,SORTIE,26
14632,14,2026-10-02,SORTIE,29
14633,3,2026-10-02,SORTIE,19
14634,25,2026-10-02,SORTIE,22
14635,29,2026-10-02,SORTIE,23
14636,23,2026-10-02,ENTREE,185
14637,28,2026-10-03,SORTIE,30
14638,1,2026-10-03,SORTIE,9
14639,23,2026-10-03,SORTIE,14
14640,16,2026-10-03,SORTIE,3
14641,8,2026-10-03,SORTIE,25
14642,20,2026-10-03,SORTIE,17
14643,21,2026-10-04,SORTIE,2
14644,5,2026-10-04,SORTIE,9
14645,8,2026-10-04,SORTIE,2
14646,6,2026-10-04,SORTIE,24
14647,24,2026-10-04,SORTIE,7
14648,24,2026-10-04,SORTIE,5
14649,13,2026-10-04,SORTIE,16
14650,4,2026-10-04,SORTIE,26
14651,1,2026-10-04,SORTIE,3
14652,19,2026-10-04,SORTIE,17
14653,19,2026-10-04,SORTIE,28
14654,2,2026-10-04,SORTIE,11
14655,1,2026-10-04,SORTIE,7
14656,8,2026-10-04,SORTIE,30
14657,23,2026-10-04,SORTIE,8
14658,23,2026-10-04,SORTIE,12
14659,25,2026-10-04,SORTIE,19
14660,10,2026-10-04,SORTIE,27
14661,14,2026-10-04,SORTIE,3
14662,1,2026-10-04,SORTIE,9
14663,17,2026-10-04,SORTIE,1
14664,6,2026-10-04,SORTIE,27
14665,33,2026-10-04,SORTIE,27
14666,13,2026-10-04,SORTIE,2
14667,19,2026-10-04,SORTIE,6
14668,3,2026-10-04,SORTIE,10
14669,25,2026-10-05,SORTIE,17
14670,18,2026-10-05,SORTIE,19
14671,12,2026-10-05,SORTIE,23
14672,26,2026-10-05,SORTIE,6
14673,13,2026-10-05,SORTIE,28
14674,19,2026-10-05,SORTIE,10
14675,28,2026-10-05,SORTIE,2
14676,28,2026-10-05,SORTIE,28
14677,17,2026-10-05,SORTIE,20
14678,29,2026-10-05,SORTIE,24
14679,19,2026-10-05,SORTIE,27
14680,8,2026-10-05,SORTIE,25
14681,22,2026-10-06,SORTIE,26
14682,25,2026-10-06,SORTIE,8
14683,18,2026-10-07,SORTIE,4
14684,9,2026-10-07,SORTIE,25
14685,26,2026-10-07,SORTIE,10
14686,13,2026-10-07,SORTIE,13
14687,25,2026-10-07,SORTIE,18
14688,2,2026-10-07,SORTIE,30
14689,4,2026-10-07,SORTIE,2
14690,21,2026-10-07,SORTIE,3
14691,20,2026-10-07,ENTREE,267
14692,25,2026-10-08,SORTIE,10
14693,16,2026-10-08,SORTIE,25
14694,7,2026-10-08,SORTIE,4
14695,24,2026-10-08,SORTIE,10
14696,6,2026-10-08,SORTIE,29
14697,23,2026-10-08,SORTIE,11
14698,25,2026-10-08,SORTIE,7
14699,6,2026-10-08,SORTIE,1
14700,30,2026-10-08,SORTIE,17
14701,3,2026-10-08,SORTIE,12
14702,20,2026-10-08,SORTIE,17
14703,26,2026-10-08,SORTIE,14
14704,21,2026-10-08,SORTIE,30
14705,33,2026-10-08,SORTIE,4
14706,26,2026-10-08,SORTIE,4
14707,17,2026-10-08,ENTREE,281
14708,14,2026-10-09,SORTIE,17
14709,29,2026-10-09,SORTIE,25
14710,17,2026-10-09,SORTIE,16
14711,28,2026-10-09,SORTIE,3
14712,17,2026-10-09,SORTIE,14
14713,28,2026-10-09,SORTIE,16
14714,13,2026-10-09,SORTIE,7
14715,21,2026-10-09,SORTIE,23
14716,24,2026-10-09,SORTIE,12
14717,20,2026-10-09,SORTIE,23
14718,10,2026-10-09,SORTIE,2
14719,6,2026-10-09,SORTIE,11
14720,22,2026-10-09,SORTIE,2
14721,19,2026-10-09,SORTIE,2
14722,34,2026-10-09,SORTIE,30
14723,35,2026-10-09,SORTIE,30
14724,20,2026-10-09,SORTIE,2
14725,35,2026-10-09,SORTIE,2
14726,3,2026-10-09,SORTIE,22
14727,21,2026-10-09,SORTIE,29
14728,8,2026-10-09,SORTIE,16
14729,32,2026-10-09,ENTREE,152
14730,35,2026-10-10,SORTIE,13
14731,2,2026-10-10,SORTIE,4
14732,23,2026-10-10,SORTIE,2
14733,23,2026-10-10,SORTIE,5
14734,28,2026-10-10,SORTIE,11
14735,35,2026-10-10,SORTIE,29
14736,30,2026-10-10,SORTIE,3
14737,7,2026-10-10,SORTIE,20
14738,13,2026-10-10,SORTIE,23
14739,14,2026-10-10,SORTIE,22
14740,32,2026-10-10,SORTIE,19
14741,17,2026-10-10,SORTIE,30
14742,27,2026-10-10,SORTIE,1
14743,35,2026-10-10,SORTIE,15
14744,24,2026-10-10,SORTIE,4
14745,21,2026-10-10,SORTIE,1
14746,17,2026-10-10,SORTIE,14
14747,5,2026-10-10,SORTIE,29
14748,32,2026-10-10,SORTIE,13
14749,20,2026-10-10,SORTIE,12
14750,33,2026-10-10,SORTIE,2
14751,32,2026-10-10,SORTIE,10
14752,4,2026-10-10,SORTIE,4
14753,1,2026-10-10,SORTIE,7
14754,25,2026-10-11,SORTIE,16
14755,31,2026-10-11,SORTIE,29
14756,24,2026-10-11,SORTIE,1
14757,19,2026-10-11,SORTIE,7
14758,32,2026-10-11,SORTIE,4
14759,7,2026-10-11,SORTIE,5
14760,26,2026-10-11,SORTIE,29
14761,11,2026-10-11,SORTIE,8
14762,9,2026-10-11,SORTIE,23
14763,2,2026-10-11,SORTIE,18
14764,10,2026-10-11,SORTIE,28
14765,5,2026-10-11,SORTIE,19
14766,20,2026-10-11,SORTIE,22
14767,15,2026-10-11,SORTIE,11
14768,28,2026-10-11,SORTIE,6
14769,12,2026-10-11,SORTIE,29
14770,6,2026-10-11,SORTIE,16
14771,8,2026-10-11,SORTIE,18
14772,15,2026-10-11,SORTIE,13
14773,13,2026-10-12,SORTIE,13
14774,5,2026-10-12,SORTIE,12
14775,19,2026-10-12,SORTIE,30
14776,2,2026-10-12,SORTIE,2
14777,31,2026-10-12,SORTIE,16
14778,17,2026-10-12,SORTIE,9
14779,16,2026-10-12,SORTIE,3
14780,25,2026-10-12,SORTIE,17
14781,26,2026-10-12,SORTIE,22
14782,23,2026-10-12,SORTIE,5
14783,28,2026-10-13,SORTIE,6
14784,15,2026-10-13,SORTIE,10
14785,16,2026-10-13,SORTIE,11
14786,5,2026-10-13,SORTIE,11
14787,25,2026-10-13,SORTIE,13
14788,1,2026-10-13,SORTIE,24
14789,26,2026-10-13,SORTIE,12
14790,12,2026-10-13,SORTIE,17
14791,12,2026-10-13,SORTIE,7
14792,2,2026-10-13,SORTIE,23
14793,6,2026-10-13,SORTIE,25
14794,18,2026-10-13,SORTIE,23
14795,14,2026-10-13,SORTIE,30
14796,16,2026-10-13,SORTIE,6
14797,5,2026-10-13,SORTIE,2
14798,10,2026-10-13,SORTIE,20
14799,1,2026-10-14,SORTIE,18
14800,6,2026-10-14,SORTIE,9
14801,23,2026-10-14,SORTIE,12
14802,29,2026-10-14,SORTIE,4
14803,6,2026-10-14,SORTIE,11
14804,31,2026-10-14,SORTIE,25
14805,17,2026-10-14,SORTIE,8
14806,17,2026-10-14,SORTIE,26
14807,30,2026-10-15,SORTIE,22
14808,35,2026-10-15,SORTIE,27
14809,33,2026-10-15,SORTIE,10
14810,30,2026-10-15,SORTIE,20
14811,23,2026-10-15,SORTIE,6
14812,34,2026-10-15,SORTIE,5
14813,20,2026-10-15,SORTIE,12
14814,3,2026-10-15,SORTIE,19
14815,10,2026-10-15,SORTIE,17
14816,13,2026-10-15,SORTIE,24
14817,34,2026-10-15,ENTREE,236
14818,30,2026-10-16,SORTIE,21
14819,31,2026-10-16,SORTIE,1
14820,23,2026-10-16,SORTIE,26
14821,35,2026-10-16,SORTIE,21
14822,18,2026-10-16,SORTIE,30
14823,5,2026-10-16,SORTIE,16
14824,20,2026-10-16,SORTIE,4
14825,13,2026-10-16,SORTIE,1
14826,16,2026-10-16,SORTIE,18
14827,10,2026-10-16,SORTIE,13
14828,12,2026-10-16,SORTIE,22
14829,1,2026-10-16,SORTIE,3
14830,1,2026-10-16,SORTIE,21
14831,1,2026-10-16,SORTIE,25
14832,28,2026-10-16,SORTIE,24
14833,12,2026-10-16,SORTIE,14
14834,7,2026-10-16,SORTIE,1
14835,16,2026-10-16,SORTIE,23
14836,25,2026-10-16,SORTIE,10
14837,28,2026-10-16,SORTIE,30
14838,8,2026-10-16,SORTIE,4
14839,11,2026-10-16,SORTIE,21
14840,31,2026-10-16,SORTIE,16
14841,1,2026-10-17,SORTIE,29
14842,18,2026-10-17,SORTIE,15
14843,32,2026-10-17,SORTIE,7
14844,3,2026-10-17,SORTIE,11
14845,19,2026-10-17,SORTIE,5
14846,33,2026-10-17,SORTIE,15
14847,23,2026-10-17,SORTIE,10
14848,33,2026-10-17,SORTIE,12
14849,18,2026-10-17,SORTIE,5
14850,19,2026-10-17,SORTIE,2
14851,17,2026-10-17,SORTIE,4
14852,16,2026-10-18,SORTIE,21
14853,2,2026-10-18,SORTIE,26
14854,16,2026-10-18,SORTIE,18
14855,3,2026-10-18,SORTIE,22
14856,25,2026-10-18,SORTIE,12
14857,7,2026-10-18,SORTIE,12
14858,18,2026-10-18,SORTIE,28
14859,24,2026-10-18,SORTIE,2
14860,10,2026-10-18,SORTIE,16
14861,14,2026-10-18,SORTIE,17
14862,7,2026-10-18,SORTIE,8
14863,23,2026-10-19,SORTIE,11
14864,2,2026-10-19,SORTIE,23
14865,29,2026-10-19,SORTIE,28
14866,22,2026-10-20,SORTIE,27
14867,22,2026-10-20,SORTIE,1
14868,35,2026-10-20,SORTIE,12
14869,6,2026-10-20,SORTIE,29
14870,29,2026-10-20,SORTIE,1
14871,5,2026-10-20,SORTIE,22
14872,3,2026-10-20,SORTIE,18
14873,3,2026-10-20,SORTIE,1
14874,11,2026-10-20,ENTREE,485
14875,33,2026-10-21,SORTIE,25
14876,33,2026-10-21,SORTIE,25
14877,9,2026-10-21,SORTIE,5
14878,29,2026-10-21,SORTIE,28
14879,23,2026-10-21,SORTIE,23
14880,31,2026-10-21,SORTIE,10
14881,34,2026-10-21,SORTIE,26
14882,5,2026-10-21,SORTIE,22
14883,14,2026-10-21,SORTIE,18
14884,4,2026-10-21,SORTIE,23
14885,9,2026-10-21,SORTIE,21
14886,11,2026-10-21,SORTIE,15
14887,4,2026-10-21,SORTIE,2
14888,3,2026-10-21,SORTIE,26
14889,9,2026-10-21,SORTIE,10
14890,10,2026-10-21,SORTIE,25
14891,34,2026-10-21,SORTIE,19
14892,5,2026-10-21,SORTIE,18
14893,15,2026-10-21,SORTIE,4
14894,26,2026-10-21,SORTIE,12
14895,24,2026-10-21,SORTIE,3
14896,22,2026-10-21,SORTIE,3
14897,23,2026-10-21,SORTIE,14
14898,4,2026-10-21,SORTIE,20
14899,20,2026-10-21,SORTIE,4
14900,2,2026-10-22,SORTIE,6
14901,24,2026-10-22,SORTIE,25
14902,24,2026-10-22,SORTIE,11
14903,7,2026-10-22,SORTIE,1
14904,34,2026-10-22,SORTIE,12
14905,25,2026-10-22,SORTIE,19
14906,4,2026-10-22,SORTIE,17
14907,29,2026-10-22,SORTIE,18
14908,17,2026-10-22,SORTIE,1
14909,18,2026-10-22,SORTIE,25
14910,32,2026-10-22,SORTIE,14
14911,23,2026-10-22,SORTIE,12
14912,34,2026-10-23,SORTIE,4
14913,34,2026-10-23,SORTIE,25
14914,25,2026-10-23,SORTIE,24
14915,16,2026-10-23,SORTIE,28
14916,9,2026-10-23,SORTIE,8
14917,20,2026-10-23,SORTIE,13
14918,29,2026-10-23,SORTIE,24
14919,14,2026-10-23,SORTIE,9
14920,23,2026-10-23,SORTIE,8
14921,18,2026-10-23,SORTIE,21
14922,18,2026-10-23,SORTIE,24
14923,34,2026-10-23,SORTIE,11
14924,9,2026-10-23,SORTIE,22
14925,32,2026-10-23,SORTIE,3
14926,29,2026-10-23,SORTIE,28
14927,3,2026-10-23,SORTIE,26
14928,14,2026-10-23,SORTIE,1
14929,12,2026-10-23,SORTIE,1
14930,27,2026-10-23,SORTIE,4
14931,3,2026-10-23,SORTIE,16
14932,3,2026-10-23,SORTIE,11
14933,28,2026-10-23,SORTIE,25
14934,31,2026-10-23,SORTIE,12
14935,12,2026-10-23,SORTIE,24
14936,9,2026-10-23,SORTIE,15
14937,23,2026-10-23,SORTIE,9
14938,22,2026-10-23,SORTIE,18
14939,11,2026-10-24,SORTIE,7
14940,26,2026-10-24,SORTIE,13
14941,9,2026-10-24,SORTIE,18
14942,1,2026-10-24,SORTIE,20
14943,1,2026-10-24,SORTIE,15
14944,26,2026-10-24,SORTIE,1
14945,5,2026-10-24,SORTIE,5
14946,9,2026-10-24,SORTIE,5
14947,35,2026-10-24,SORTIE,21
14948,1,2026-10-24,SORTIE,25
14949,8,2026-10-25,SORTIE,20
14950,1,2026-10-25,SORTIE,13
14951,35,2026-10-25,SORTIE,23
14952,30,2026-10-25,SORTIE,23
14953,23,2026-10-25,SORTIE,21
14954,25,2026-10-25,SORTIE,26
14955,15,2026-10-25,SORTIE,2
14956,19,2026-10-25,SORTIE,6
14957,34,2026-10-25,SORTIE,30
14958,1,2026-10-25,SORTIE,2
14959,32,2026-10-25,SORTIE,27
14960,2,2026-10-25,SORTIE,29
14961,5,2026-10-26,SORTIE,20
14962,22,2026-10-26,SORTIE,10
14963,21,2026-10-26,SORTIE,27
14964,11,2026-10-26,SORTIE,24
14965,11,2026-10-26,SORTIE,17
14966,17,2026-10-26,SORTIE,28
14967,29,2026-10-26,SORTIE,25
14968,14,2026-10-26,SORTIE,6
14969,23,2026-10-26,SORTIE,13
14970,25,2026-10-26,SORTIE,28
14971,23,2026-10-26,SORTIE,24
14972,13,2026-10-26,SORTIE,30
14973,12,2026-10-26,SORTIE,2
14974,24,2026-10-26,SORTIE,12
14975,19,2026-10-26,SORTIE,24
14976,10,2026-10-26,SORTIE,14
14977,16,2026-10-26,SORTIE,6
14978,16,2026-10-26,SORTIE,14
14979,23,2026-10-26,SORTIE,9
14980,24,2026-10-26,SORTIE,26
14981,14,2026-10-26,SORTIE,11
14982,7,2026-10-26,SORTIE,28
14983,21,2026-10-26,SORTIE,23
14984,24,2026-10-27,SORTIE,23
14985,12,2026-10-27,SORTIE,15
14986,19,2026-10-27,SORTIE,15
14987,26,2026-10-27,SORTIE,23
14988,9,2026-10-27,SORTIE,24
14989,31,2026-10-27,SORTIE,5
14990,3,2026-10-27,SORTIE,3
14991,27,2026-10-27,SORTIE,7
14992,9,2026-10-27,SORTIE,26
14993,27,2026-10-27,SORTIE,17
14994,33,2026-10-27,SORTIE,1
14995,17,2026-10-27,SORTIE,14
14996,34,2026-10-27,SORTIE,7
14997,27,2026-10-27,SORTIE,4
14998,6,2026-10-27,SORTIE,27
14999,2,2026-10-27,SORTIE,13
15000,13,2026-10-27,SORTIE,30
15001,22,2026-10-27,SORTIE,11
15002,34,2026-10-27,SORTIE,15
15003,2,2026-10-28,SORTIE,8
15004,27,2026-10-28,SORTIE,15
15005,14,2026-10-28,SORTIE,17
15006,4,2026-10-28,SORTIE,27
15007,7,2026-10-28,SORTIE,11
15008,4,2026-10-28,SORTIE,26
15009,34,2026-10-28,SORTIE,13
15010,11,2026-10-28,SORTIE,14
15011,19,2026-10-28,ENTREE,218
15012,10,2026-10-29,SORTIE,9
15013,2,2026-10-29,SORTIE,17
15014,5,2026-10-29,SORTIE,29
15015,8,2026-10-29,SORTIE,24
15016,33,2026-10-29,SORTIE,9
15017,6,2026-10-29,SORTIE,29
15018,33,2026-10-29,SORTIE,16
15019,3,2026-10-29,SORTIE,26
15020,27,2026-10-29,SORTIE,17
15021,31,2026-10-29,SORTIE,27
15022,12,2026-10-29,SORTIE,8
15023,19,2026-10-29,SORTIE,26
15024,14,2026-10-29,SORTIE,5
15025,28,2026-10-29,SORTIE,30
15026,31,2026-10-29,SORTIE,21
15027,11,2026-10-29,SORTIE,4
15028,22,2026-10-29,SORTIE,10
15029,30,2026-10-29,SORTIE,28
15030,17,2026-10-29,SORTIE,9
15031,27,2026-10-29,SORTIE,3
15032,15,2026-10-29,SORTIE,27
15033,5,2026-10-29,SORTIE,8
15034,8,2026-10-29,SORTIE,22
15035,19,2026-10-29,SORTIE,24
15036,22,2026-10-29,SORTIE,23
15037,12,2026-10-29,SORTIE,28
15038,31,2026-10-29,SORTIE,24
15039,19,2026-10-29,SORTIE,14
15040,17,2026-10-29,SORTIE,17
15041,27,2026-10-29,SORTIE,29
15042,18,2026-10-29,SORTIE,3
15043,17,2026-10-29,SORTIE,15
15044,29,2026-10-29,SORTIE,26
15045,2,2026-10-30,SORTIE,13
15046,19,2026-10-30,SORTIE,25
15047,25,2026-10-30,SORTIE,9
15048,34,2026-10-30,SORTIE,26
15049,5,2026-10-30,SORTIE,21
15050,33,2026-10-30,SORTIE,19
15051,32,2026-10-30,SORTIE,12
15052,15,2026-10-30,SORTIE,3
15053,9,2026-10-30,SORTIE,30
15054,10,2026-10-30,SORTIE,18
15055,32,2026-10-30,SORTIE,13
15056,22,2026-10-30,SORTIE,28
15057,16,2026-10-30,SORTIE,20
15058,30,2026-10-30,SORTIE,10
15059,32,2026-10-30,SORTIE,6
15060,11,2026-10-30,SORTIE,1
15061,25,2026-10-30,SORTIE,4
15062,30,2026-10-30,SORTIE,5
15063,25,2026-10-30,SORTIE,2
15064,21,2026-10-30,SORTIE,16
15065,6,2026-10-30,SORTIE,19
15066,10,2026-10-30,SORTIE,14
15067,31,2026-10-30,SORTIE,30
15068,8,2026-10-30,SORTIE,8
15069,30,2026-10-30,SORTIE,21
15070,5,2026-10-30,ENTREE,212
15071,8,2026-10-31,SORTIE,15
15072,34,2026-10-31,SORTIE,6
15073,10,2026-10-31,SORTIE,13
15074,22,2026-10-31,SORTIE,27
15075,4,2026-10-31,SORTIE,26
15076,6,2026-10-31,SORTIE,20
15077,31,2026-11-01,SORTIE,11
15078,29,2026-11-01,SORTIE,14
15079,12,2026-11-01,SORTIE,20
15080,13,2026-11-01,SORTIE,1
15081,8,2026-11-01,ENTREE,471
15082,32,2026-11-02,SORTIE,15
15083,33,2026-11-02,SORTIE,18
15084,7,2026-11-02,SORTIE,11
15085,28,2026-11-02,SORTIE,13
15086,5,2026-11-02,SORTIE,7
15087,12,2026-11-02,SORTIE,19
15088,14,2026-11-02,SORTIE,24
15089,21,2026-11-02,SORTIE,11
15090,10,2026-11-02,SORTIE,5
15091,7,2026-11-02,SORTIE,1
15092,28,2026-11-02,SORTIE,6
15093,23,2026-11-02,SORTIE,10
15094,11,2026-11-02,SORTIE,15
15095,33,2026-11-02,SORTIE,3
15096,20,2026-11-02,SORTIE,3
15097,29,2026-11-02,SORTIE,19
15098,16,2026-11-02,SORTIE,7
15099,16,2026-11-02,SORTIE,21
15100,5,2026-11-02,SORTIE,14
15101,23,2026-11-02,SORTIE,24
15102,32,2026-11-02,SORTIE,11
15103,1,2026-11-02,SORTIE,30
15104,20,2026-11-03,SORTIE,29
15105,23,2026-11-03,SORTIE,28
15106,26,2026-11-03,SORTIE,15
15107,11,2026-11-03,SORTIE,22
15108,2,2026-11-03,SORTIE,10
15109,21,2026-11-03,SORTIE,10
15110,22,2026-11-03,SORTIE,10
15111,31,2026-11-03,SORTIE,17
15112,2,2026-11-03,SORTIE,22
15113,19,2026-11-03,SORTIE,1
15114,11,2026-11-03,SORTIE,4
15115,25,2026-11-03,SORTIE,16
15116,33,2026-11-03,SORTIE,7
15117,21,2026-11-03,SORTIE,8
15118,19,2026-11-03,SORTIE,9
15119,27,2026-11-03,SORTIE,27
15120,5,2026-11-03,SORTIE,6
15121,8,2026-11-03,SORTIE,14
15122,24,2026-11-03,SORTIE,16
15123,3,2026-11-03,SORTIE,23
15124,34,2026-11-03,SORTIE,20
15125,18,2026-11-03,SORTIE,22
15126,32,2026-11-03,SORTIE,17
15127,3,2026-11-03,SORTIE,17
15128,22,2026-11-03,SORTIE,30
15129,34,2026-11-03,SORTIE,27
15130,5,2026-11-03,SORTIE,29
15131,7,2026-11-03,SORTIE,23
15132,29,2026-11-04,SORTIE,13
15133,10,2026-11-04,SORTIE,7
15134,20,2026-11-04,SORTIE,15
15135,8,2026-11-04,SORTIE,28
15136,4,2026-11-04,SORTIE,18
15137,12,2026-11-04,SORTIE,19
15138,26,2026-11-04,SORTIE,8
15139,4,2026-11-04,SORTIE,10
15140,18,2026-11-04,SORTIE,15
15141,8,2026-11-04,SORTIE,8
15142,11,2026-11-04,SORTIE,21
15143,27,2026-11-04,SORTIE,3
15144,27,2026-11-04,ENTREE,186
15145,17,2026-11-05,SORTIE,18
15146,1,2026-11-05,SORTIE,11
15147,33,2026-11-05,SORTIE,7
15148,6,2026-11-05,SORTIE,26
15149,14,2026-11-05,SORTIE,18
15150,4,2026-11-05,SORTIE,4
15151,13,2026-11-05,SORTIE,24
15152,18,2026-11-05,SORTIE,8
15153,11,2026-11-05,SORTIE,6
15154,28,2026-11-05,SORTIE,21
15155,18,2026-11-05,SORTIE,3
15156,29,2026-11-05,SORTIE,26
15157,10,2026-11-05,SORTIE,18
15158,5,2026-11-05,SORTIE,4
15159,5,2026-11-05,SORTIE,10
15160,13,2026-11-05,SORTIE,1
15161,1,2026-11-05,SORTIE,3
15162,8,2026-11-05,SORTIE,9
15163,28,2026-11-05,SORTIE,25
15164,1,2026-11-06,SORTIE,24
15165,35,2026-11-06,SORTIE,18
15166,34,2026-11-06,SORTIE,12
15167,8,2026-11-06,SORTIE,24
15168,8,2026-11-06,SORTIE,4
15169,21,2026-11-06,SORTIE,26
15170,12,2026-11-06,SORTIE,27
15171,27,2026-11-06,SORTIE,12
15172,29,2026-11-06,SORTIE,9
15173,9,2026-11-06,SORTIE,4
15174,24,2026-11-06,SORTIE,8
15175,16,2026-11-06,SORTIE,1
15176,27,2026-11-06,SORTIE,15
15177,4,2026-11-06,SORTIE,7
15178,34,2026-11-06,SORTIE,19
15179,33,2026-11-06,ENTREE,219
15180,35,2026-11-07,SORTIE,2
15181,22,2026-11-07,SORTIE,2
15182,18,2026-11-07,SORTIE,30
15183,25,2026-11-07,SORTIE,13
15184,9,2026-11-07,SORTIE,17
15185,19,2026-11-07,SORTIE,18
15186,28,2026-11-07,SORTIE,1
15187,31,2026-11-07,SORTIE,19
15188,18,2026-11-07,SORTIE,4
15189,5,2026-11-07,SORTIE,11
15190,35,2026-11-07,SORTIE,20
15191,13,2026-11-07,SORTIE,2
15192,26,2026-11-07,SORTIE,26
15193,25,2026-11-07,SORTIE,11
15194,19,2026-11-07,SORTIE,16
15195,8,2026-11-07,SORTIE,28
15196,29,2026-11-07,SORTIE,11
15197,22,2026-11-07,SORTIE,3
15198,9,2026-11-07,SORTIE,24
15199,35,2026-11-07,SORTIE,1
15200,11,2026-11-07,SORTIE,10
15201,18,2026-11-07,SORTIE,13
15202,33,2026-11-07,SORTIE,21
15203,6,2026-11-07,SORTIE,25
15204,12,2026-11-08,SORTIE,19
15205,1,2026-11-08,SORTIE,16
15206,5,2026-11-08,SORTIE,28
15207,25,2026-11-08,SORTIE,18
15208,9,2026-11-08,SORTIE,26
15209,31,2026-11-08,SORTIE,27
15210,11,2026-11-08,SORTIE,4
15211,11,2026-11-08,SORTIE,23
15212,13,2026-11-08,SORTIE,1
15213,29,2026-11-08,SORTIE,4
15214,5,2026-11-08,SORTIE,20
15215,23,2026-11-08,SORTIE,9
15216,13,2026-11-08,SORTIE,16
15217,8,2026-11-08,SORTIE,13
15218,20,2026-11-08,SORTIE,23
15219,14,2026-11-08,SORTIE,2
15220,14,2026-11-08,SORTIE,20
15221,15,2026-11-08,SORTIE,6
15222,30,2026-11-08,SORTIE,6
15223,16,2026-11-08,ENTREE,190
15224,22,2026-11-09,SORTIE,15
15225,12,2026-11-09,SORTIE,30
15226,23,2026-11-09,SORTIE,14
15227,4,2026-11-09,SORTIE,20
15228,1,2026-11-09,SORTIE,1
15229,35,2026-11-09,SORTIE,1
15230,11,2026-11-09,SORTIE,11
15231,5,2026-11-09,SORTIE,5
15232,7,2026-11-09,SORTIE,30
15233,14,2026-11-09,SORTIE,13
15234,6,2026-11-09,SORTIE,21
15235,1,2026-11-09,SORTIE,12
15236,2,2026-11-09,SORTIE,20
15237,23,2026-11-09,SORTIE,27
15238,21,2026-11-09,SORTIE,14
15239,30,2026-11-09,SORTIE,26
15240,14,2026-11-09,SORTIE,18
15241,32,2026-11-09,SORTIE,9
15242,33,2026-11-09,SORTIE,13
15243,32,2026-11-10,SORTIE,12
15244,31,2026-11-10,SORTIE,23
15245,21,2026-11-10,SORTIE,10
15246,14,2026-11-10,SORTIE,12
15247,12,2026-11-10,SORTIE,19
15248,10,2026-11-10,SORTIE,8
15249,30,2026-11-10,SORTIE,19
15250,32,2026-11-10,SORTIE,3
15251,34,2026-11-10,SORTIE,27
15252,13,2026-11-10,SORTIE,30
15253,7,2026-11-10,SORTIE,21
15254,18,2026-11-10,SORTIE,23
15255,11,2026-11-10,SORTIE,18
15256,8,2026-11-10,SORTIE,3
15257,5,2026-11-10,SORTIE,19
15258,2,2026-11-10,SORTIE,30
15259,27,2026-11-10,SORTIE,18
15260,18,2026-11-10,SORTIE,16
15261,13,2026-11-10,ENTREE,231
15262,22,2026-11-11,SORTIE,15
15263,13,2026-11-11,SORTIE,16
15264,13,2026-11-11,SORTIE,3
15265,34,2026-11-11,SORTIE,3
15266,11,2026-11-11,SORTIE,30
15267,11,2026-11-11,SORTIE,5
15268,21,2026-11-11,SORTIE,15
15269,28,2026-11-11,SORTIE,1
15270,23,2026-11-11,SORTIE,10
15271,20,2026-11-11,SORTIE,19
15272,2,2026-11-11,SORTIE,14
15273,2,2026-11-11,SORTIE,30
15274,35,2026-11-11,SORTIE,19
15275,1,2026-11-12,SORTIE,17
15276,34,2026-11-12,SORTIE,17
15277,35,2026-11-12,SORTIE,6
15278,25,2026-11-12,SORTIE,24
15279,21,2026-11-12,SORTIE,18
15280,25,2026-11-12,SORTIE,9
15281,33,2026-11-12,SORTIE,22
15282,35,2026-11-12,SORTIE,15
15283,23,2026-11-12,SORTIE,29
15284,13,2026-11-12,SORTIE,8
15285,3,2026-11-12,SORTIE,28
15286,22,2026-11-12,SORTIE,3
15287,19,2026-11-12,SORTIE,1
15288,9,2026-11-12,SORTIE,25
15289,13,2026-11-12,SORTIE,22
15290,4,2026-11-13,SORTIE,27
15291,12,2026-11-13,SORTIE,30
15292,31,2026-11-13,SORTIE,16
15293,7,2026-11-13,SORTIE,3
15294,7,2026-11-13,SORTIE,9
15295,32,2026-11-13,SORTIE,26
15296,35,2026-11-13,SORTIE,14
15297,13,2026-11-13,ENTREE,477
15298,15,2026-11-14,SORTIE,24
15299,16,2026-11-14,SORTIE,4
15300,31,2026-11-14,SORTIE,1
15301,13,2026-11-14,SORTIE,10
15302,19,2026-11-14,SORTIE,6
15303,19,2026-11-14,SORTIE,3
15304,22,2026-11-14,SORTIE,25
15305,18,2026-11-14,SORTIE,30
15306,9,2026-11-14,SORTIE,28
15307,13,2026-11-14,SORTIE,12
15308,7,2026-11-14,SORTIE,2
15309,4,2026-11-14,SORTIE,16
15310,7,2026-11-14,SORTIE,26
15311,1,2026-11-14,SORTIE,28
15312,30,2026-11-14,ENTREE,462
15313,20,2026-11-15,SORTIE,22
15314,31,2026-11-15,SORTIE,10
15315,33,2026-11-15,SORTIE,24
15316,30,2026-11-15,SORTIE,4
15317,14,2026-11-15,SORTIE,14
15318,25,2026-11-15,SORTIE,13
15319,5,2026-11-15,SORTIE,11
15320,27,2026-11-15,SORTIE,11
15321,31,2026-11-15,SORTIE,6
15322,12,2026-11-15,SORTIE,15
15323,20,2026-11-15,SORTIE,20
15324,32,2026-11-15,SORTIE,24
15325,33,2026-11-15,SORTIE,1
15326,11,2026-11-15,SORTIE,6
15327,2,2026-11-15,SORTIE,27
15328,10,2026-11-15,SORTIE,16
15329,9,2026-11-15,SORTIE,29
15330,2,2026-11-15,SORTIE,10
15331,11,2026-11-15,SORTIE,5
15332,13,2026-11-15,SORTIE,14
15333,20,2026-11-15,SORTIE,9
15334,34,2026-11-15,SORTIE,14
15335,22,2026-11-16,SORTIE,16
15336,31,2026-11-16,SORTIE,9
15337,13,2026-11-16,SORTIE,16
15338,30,2026-11-16,SORTIE,11
15339,18,2026-11-16,SORTIE,17
15340,12,2026-11-16,SORTIE,5
15341,23,2026-11-16,SORTIE,11
15342,2,2026-11-16,SORTIE,22
15343,8,2026-11-16,SORTIE,19
15344,10,2026-11-16,SORTIE,4
15345,21,2026-11-16,SORTIE,19
15346,27,2026-11-16,SORTIE,6
15347,13,2026-11-16,SORTIE,4
15348,26,2026-11-16,SORTIE,14
15349,28,2026-11-16,SORTIE,25
15350,12,2026-11-16,SORTIE,11
15351,19,2026-11-16,SORTIE,17
15352,3,2026-11-16,SORTIE,28
15353,3,2026-11-17,SORTIE,24
15354,23,2026-11-17,SORTIE,28
15355,18,2026-11-17,SORTIE,17
15356,19,2026-11-17,SORTIE,30
15357,34,2026-11-17,SORTIE,23
15358,16,2026-11-17,SORTIE,11
15359,12,2026-11-17,SORTIE,5
15360,19,2026-11-17,SORTIE,7
15361,35,2026-11-18,SORTIE,23
15362,25,2026-11-18,SORTIE,5
15363,34,2026-11-18,SORTIE,24
15364,18,2026-11-18,SORTIE,20
15365,18,2026-11-18,SORTIE,22
15366,19,2026-11-18,SORTIE,8
15367,14,2026-11-18,SORTIE,1
15368,30,2026-11-18,SORTIE,9
15369,11,2026-11-18,SORTIE,3
15370,1,2026-11-18,SORTIE,27
15371,35,2026-11-18,SORTIE,29
15372,34,2026-11-18,SORTIE,9
15373,16,2026-11-18,SORTIE,27
15374,28,2026-11-18,SORTIE,20
15375,34,2026-11-18,SORTIE,4
15376,13,2026-11-18,SORTIE,15
15377,25,2026-11-18,SORTIE,7
15378,29,2026-11-18,SORTIE,23
15379,20,2026-11-18,SORTIE,21
15380,17,2026-11-18,SORTIE,9
15381,24,2026-11-18,SORTIE,13
15382,4,2026-11-18,SORTIE,11
15383,26,2026-11-18,SORTIE,18
15384,2,2026-11-18,SORTIE,28
15385,9,2026-11-18,SORTIE,5
15386,23,2026-11-18,SORTIE,7
15387,12,2026-11-19,SORTIE,24
15388,35,2026-11-19,SORTIE,10
15389,9,2026-11-19,SORTIE,9
15390,28,2026-11-19,SORTIE,24
15391,31,2026-11-19,SORTIE,15
15392,20,2026-11-19,SORTIE,13
15393,21,2026-11-19,SORTIE,24
15394,18,2026-11-19,SORTIE,29
15395,22,2026-11-19,SORTIE,18
15396,35,2026-11-19,ENTREE,370
15397,4,2026-11-20,SORTIE,3
15398,19,2026-11-20,SORTIE,4
15399,31,2026-11-20,SORTIE,7
15400,34,2026-11-20,SORTIE,5
15401,13,2026-11-20,SORTIE,15
15402,34,2026-11-20,SORTIE,30
15403,4,2026-11-20,SORTIE,15
15404,32,2026-11-20,SORTIE,22
15405,29,2026-11-20,SORTIE,23
15406,3,2026-11-20,SORTIE,18
15407,31,2026-11-20,SORTIE,6
15408,14,2026-11-21,SORTIE,23
15409,26,2026-11-21,SORTIE,13
15410,17,2026-11-21,SORTIE,17
15411,30,2026-11-21,SORTIE,18
15412,18,2026-11-21,SORTIE,5
15413,17,2026-11-21,SORTIE,25
15414,3,2026-11-21,SORTIE,3
15415,23,2026-11-21,SORTIE,21
15416,23,2026-11-21,SORTIE,17
15417,21,2026-11-21,SORTIE,12
15418,10,2026-11-21,SORTIE,13
15419,32,2026-11-21,SORTIE,27
15420,32,2026-11-21,SORTIE,10
15421,17,2026-11-21,SORTIE,24
15422,33,2026-11-22,SORTIE,24
15423,4,2026-11-22,SORTIE,8
15424,29,2026-11-22,SORTIE,12
15425,8,2026-11-22,SORTIE,19
15426,8,2026-11-22,SORTIE,25
15427,2,2026-11-22,SORTIE,7
15428,30,2026-11-22,SORTIE,15
15429,24,2026-11-22,ENTREE,271
15430,16,2026-11-23,SORTIE,9
15431,10,2026-11-23,SORTIE,9
15432,16,2026-11-23,SORTIE,7
15433,15,2026-11-23,SORTIE,20
15434,28,2026-11-23,SORTIE,4
15435,33,2026-11-23,SORTIE,27
15436,19,2026-11-23,SORTIE,22
15437,35,2026-11-23,SORTIE,27
15438,18,2026-11-24,SORTIE,17
15439,19,2026-11-24,SORTIE,28
15440,29,2026-11-24,SORTIE,29
15441,15,2026-11-24,SORTIE,13
15442,31,2026-11-24,SORTIE,26
15443,34,2026-11-24,SORTIE,22
15444,5,2026-11-24,SORTIE,12
15445,15,2026-11-24,SORTIE,16
15446,1,2026-11-24,SORTIE,4
15447,15,2026-11-24,SORTIE,13
15448,10,2026-11-24,SORTIE,15
15449,7,2026-11-24,SORTIE,10
15450,19,2026-11-24,SORTIE,11
15451,20,2026-11-24,SORTIE,12
15452,15,2026-11-24,SORTIE,5
15453,22,2026-11-24,SORTIE,20
15454,12,2026-11-24,SORTIE,10
15455,29,2026-11-24,SORTIE,11
15456,31,2026-11-24,SORTIE,28
15457,17,2026-11-24,SORTIE,8
15458,35,2026-11-24,SORTIE,23
15459,22,2026-11-24,SORTIE,24
15460,1,2026-11-24,SORTIE,8
15461,12,2026-11-24,SORTIE,29
15462,15,2026-11-24,SORTIE,15
15463,14,2026-11-24,SORTIE,15
15464,17,2026-11-24,SORTIE,25
15465,17,2026-11-25,SORTIE,14
15466,10,2026-11-25,SORTIE,17
15467,1,2026-11-25,SORTIE,8
15468,15,2026-11-25,SORTIE,13
15469,18,2026-11-25,SORTIE,26
15470,7,2026-11-25,SORTIE,22
15471,31,2026-11-25,SORTIE,11
15472,14,2026-11-25,SORTIE,21
15473,8,2026-11-25,SORTIE,11
15474,14,2026-11-25,SORTIE,20
15475,10,2026-11-25,SORTIE,9
15476,6,2026-11-25,SORTIE,1
15477,14,2026-11-25,SORTIE,26
15478,32,2026-11-25,SORTIE,8
15479,6,2026-11-25,SORTIE,30
15480,4,2026-11-25,SORTIE,11
15481,14,2026-11-25,SORTIE,22
15482,32,2026-11-25,ENTREE,351
15483,22,2026-11-26,SORTIE,22
15484,30,2026-11-26,SORTIE,24
15485,31,2026-11-26,SORTIE,1
15486,7,2026-11-26,SORTIE,11
15487,20,2026-11-26,SORTIE,12
15488,16,2026-11-26,SORTIE,8
15489,30,2026-11-26,SORTIE,15
15490,35,2026-11-26,SORTIE,7
15491,25,2026-11-26,SORTIE,7
15492,31,2026-11-26,SORTIE,11
15493,8,2026-11-26,SORTIE,13
15494,11,2026-11-26,SORTIE,27
15495,5,2026-11-26,SORTIE,28
15496,23,2026-11-26,SORTIE,12
15497,15,2026-11-26,SORTIE,10
15498,21,2026-11-27,SORTIE,14
15499,5,2026-11-27,SORTIE,4
15500,31,2026-11-27,SORTIE,17
15501,24,2026-11-27,SORTIE,16
15502,4,2026-11-27,SORTIE,29
15503,13,2026-11-27,SORTIE,13
15504,32,2026-11-27,SORTIE,13
15505,12,2026-11-27,SORTIE,17
15506,33,2026-11-27,SORTIE,28
15507,16,2026-11-27,SORTIE,22
15508,9,2026-11-27,SORTIE,11
15509,8,2026-11-27,SORTIE,29
15510,16,2026-11-27,SORTIE,2
15511,22,2026-11-27,SORTIE,19
15512,6,2026-11-27,SORTIE,5
15513,8,2026-11-27,SORTIE,1
15514,9,2026-11-27,SORTIE,27
15515,27,2026-11-27,SORTIE,23
15516,31,2026-11-27,SORTIE,7
15517,22,2026-11-28,SORTIE,10
15518,30,2026-11-28,SORTIE,30
15519,18,2026-11-28,SORTIE,21
15520,12,2026-11-28,SORTIE,1
15521,12,2026-11-28,SORTIE,13
15522,21,2026-11-28,SORTIE,9
15523,2,2026-11-28,SORTIE,17
15524,20,2026-11-28,SORTIE,27
15525,6,2026-11-28,SORTIE,16
15526,26,2026-11-28,SORTIE,14
15527,7,2026-11-28,SORTIE,19
15528,24,2026-11-28,SORTIE,25
15529,30,2026-11-28,SORTIE,3
15530,24,2026-11-28,SORTIE,12
15531,20,2026-11-28,SORTIE,29
15532,9,2026-11-28,ENTREE,269
15533,31,2026-11-29,SORTIE,11
15534,34,2026-11-29,SORTIE,7
15535,14,2026-11-29,SORTIE,8
15536,21,2026-11-29,SORTIE,24
15537,24,2026-11-29,SORTIE,4
15538,11,2026-11-29,SORTIE,26
15539,31,2026-11-29,SORTIE,15
15540,23,2026-11-29,SORTIE,25
15541,35,2026-11-29,SORTIE,30
15542,25,2026-11-29,SORTIE,23
15543,28,2026-11-30,SORTIE,12
15544,33,2026-11-30,SORTIE,22
15545,1,2026-11-30,SORTIE,17
15546,22,2026-11-30,SORTIE,24
15547,33,2026-11-30,SORTIE,15
15548,26,2026-11-30,SORTIE,23
15549,14,2026-11-30,SORTIE,26
15550,30,2026-11-30,SORTIE,29
15551,6,2026-11-30,SORTIE,5
15552,21,2026-11-30,SORTIE,11
15553,35,2026-11-30,SORTIE,26
15554,18,2026-11-30,SORTIE,11
15555,30,2026-11-30,SORTIE,23
15556,25,2026-11-30,SORTIE,16
15557,25,2026-11-30,SORTIE,7
15558,5,2026-11-30,SORTIE,25
15559,3,2026-11-30,SORTIE,9
15560,33,2026-11-30,SORTIE,4
15561,12,2026-11-30,SORTIE,20
15562,15,2026-11-30,SORTIE,11
15563,18,2026-11-30,SORTIE,1
15564,35,2026-11-30,SORTIE,1
15565,4,2026-11-30,SORTIE,23
15566,6,2026-11-30,SORTIE,9
15567,7,2026-11-30,ENTREE,156
15568,33,2026-12-01,SORTIE,12
15569,19,2026-12-01,SORTIE,8
15570,9,2026-12-01,SORTIE,15
15571,15,2026-12-01,SORTIE,5
15572,33,2026-12-01,SORTIE,9
15573,5,2026-12-01,SORTIE,25
15574,10,2026-12-01,SORTIE,4
15575,17,2026-12-01,SORTIE,3
15576,11,2026-12-01,SORTIE,20
15577,2,2026-12-01,SORTIE,1
15578,20,2026-12-01,SORTIE,2
15579,23,2026-12-01,SORTIE,18
15580,5,2026-12-01,SORTIE,22
15581,6,2026-12-02,SORTIE,8
15582,8,2026-12-02,SORTIE,20
15583,13,2026-12-02,SORTIE,24
15584,9,2026-12-02,SORTIE,17
15585,14,2026-12-02,SORTIE,29
15586,4,2026-12-02,SORTIE,23
15587,33,2026-12-02,SORTIE,15
15588,18,2026-12-02,SORTIE,24
15589,15,2026-12-02,SORTIE,30
15590,28,2026-12-02,SORTIE,19
15591,23,2026-12-02,SORTIE,23
15592,25,2026-12-02,SORTIE,5
15593,21,2026-12-02,SORTIE,4
15594,30,2026-12-02,SORTIE,21
15595,22,2026-12-02,SORTIE,8
15596,10,2026-12-03,SORTIE,19
15597,28,2026-12-03,SORTIE,30
15598,19,2026-12-03,SORTIE,5
15599,31,2026-12-03,SORTIE,14
15600,26,2026-12-03,SORTIE,24
15601,10,2026-12-03,SORTIE,6
15602,9,2026-12-03,SORTIE,21
15603,35,2026-12-03,SORTIE,14
15604,9,2026-12-03,SORTIE,8
15605,4,2026-12-03,SORTIE,25
15606,11,2026-12-03,SORTIE,8
15607,6,2026-12-03,SORTIE,19
15608,10,2026-12-03,SORTIE,19
15609,16,2026-12-03,SORTIE,14
15610,34,2026-12-03,SORTIE,7
15611,10,2026-12-03,SORTIE,26
15612,16,2026-12-03,SORTIE,2
15613,16,2026-12-03,SORTIE,11
15614,24,2026-12-03,SORTIE,11
15615,16,2026-12-03,SORTIE,3
15616,19,2026-12-03,SORTIE,6
15617,32,2026-12-03,SORTIE,20
15618,12,2026-12-04,SORTIE,30
15619,22,2026-12-04,SORTIE,12
15620,35,2026-12-04,SORTIE,26
15621,35,2026-12-04,SORTIE,30
15622,7,2026-12-04,SORTIE,25
15623,26,2026-12-04,SORTIE,30
15624,2,2026-12-04,SORTIE,24
15625,28,2026-12-04,SORTIE,12
15626,31,2026-12-04,SORTIE,17
15627,29,2026-12-04,SORTIE,25
15628,17,2026-12-05,SORTIE,2
15629,2,2026-12-05,SORTIE,20
15630,29,2026-12-05,SORTIE,18
15631,15,2026-12-05,SORTIE,25
15632,30,2026-12-06,SORTIE,27
15633,30,2026-12-06,SORTIE,15
15634,34,2026-12-06,SORTIE,7
15635,29,2026-12-06,SORTIE,27
15636,28,2026-12-06,SORTIE,9
15637,27,2026-12-06,SORTIE,13
15638,3,2026-12-06,SORTIE,9
15639,26,2026-12-06,SORTIE,8
15640,4,2026-12-06,SORTIE,29
15641,26,2026-12-06,SORTIE,3
15642,16,2026-12-06,ENTREE,150
15643,4,2026-12-07,SORTIE,3
15644,12,2026-12-07,SORTIE,8
15645,32,2026-12-07,SORTIE,16
15646,2,2026-12-07,SORTIE,24
15647,33,2026-12-08,SORTIE,15
15648,22,2026-12-08,SORTIE,9
15649,1,2026-12-08,SORTIE,12
15650,7,2026-12-08,SORTIE,10
15651,16,2026-12-08,SORTIE,21
15652,33,2026-12-08,SORTIE,5
15653,2,2026-12-08,SORTIE,16
15654,27,2026-12-08,SORTIE,13
15655,35,2026-12-08,SORTIE,13
15656,4,2026-12-08,SORTIE,10
15657,26,2026-12-08,SORTIE,30
15658,15,2026-12-08,SORTIE,3
15659,17,2026-12-08,SORTIE,30
15660,7,2026-12-08,SORTIE,13
15661,9,2026-12-08,SORTIE,22
15662,35,2026-12-08,SORTIE,14
15663,30,2026-12-09,SORTIE,6
15664,6,2026-12-09,SORTIE,26
15665,29,2026-12-09,SORTIE,2
15666,8,2026-12-09,SORTIE,14
15667,13,2026-12-09,SORTIE,3
15668,32,2026-12-09,SORTIE,4
15669,15,2026-12-09,SORTIE,8
15670,12,2026-12-09,SORTIE,5
15671,8,2026-12-09,SORTIE,28
15672,33,2026-12-09,SORTIE,27
15673,5,2026-12-09,SORTIE,30
15674,21,2026-12-09,SORTIE,13
15675,19,2026-12-09,SORTIE,13
15676,32,2026-12-09,SORTIE,14
15677,15,2026-12-09,SORTIE,13
15678,1,2026-12-09,SORTIE,16
15679,13,2026-12-09,SORTIE,16
15680,25,2026-12-09,SORTIE,7
15681,28,2026-12-09,SORTIE,10
15682,12,2026-12-10,SORTIE,16
15683,9,2026-12-10,SORTIE,4
15684,1,2026-12-10,SORTIE,1
15685,10,2026-12-10,SORTIE,5
15686,15,2026-12-10,SORTIE,4
15687,16,2026-12-10,SORTIE,2
15688,31,2026-12-10,SORTIE,9
15689,10,2026-12-10,SORTIE,26
15690,27,2026-12-10,SORTIE,2
15691,23,2026-12-10,SORTIE,10
15692,13,2026-12-10,SORTIE,24
15693,4,2026-12-10,SORTIE,27
15694,15,2026-12-10,SORTIE,3
15695,18,2026-12-10,SORTIE,19
15696,18,2026-12-10,SORTIE,16
15697,17,2026-12-10,SORTIE,13
15698,29,2026-12-10,SORTIE,8
15699,23,2026-12-10,SORTIE,25
15700,10,2026-12-10,SORTIE,27
15701,21,2026-12-10,SORTIE,30
15702,33,2026-12-10,SORTIE,5
15703,8,2026-12-10,SORTIE,7
15704,11,2026-12-10,SORTIE,13
15705,11,2026-12-10,SORTIE,7
15706,3,2026-12-10,SORTIE,28
15707,3,2026-12-10,SORTIE,7
15708,27,2026-12-10,ENTREE,253
15709,28,2026-12-11,SORTIE,6
15710,4,2026-12-11,SORTIE,28
15711,20,2026-12-11,SORTIE,30
15712,4,2026-12-11,SORTIE,28
15713,17,2026-12-11,SORTIE,19
15714,1,2026-12-11,SORTIE,17
15715,27,2026-12-11,SORTIE,6
15716,17,2026-12-11,SORTIE,16
15717,13,2026-12-11,SORTIE,7
15718,3,2026-12-11,SORTIE,12
15719,14,2026-12-11,SORTIE,25
15720,14,2026-12-11,SORTIE,7
15721,9,2026-12-11,SORTIE,8
15722,18,2026-12-12,SORTIE,6
15723,23,2026-12-12,SORTIE,21
15724,4,2026-12-12,SORTIE,8
15725,6,2026-12-12,SORTIE,26
15726,10,2026-12-12,SORTIE,1
15727,16,2026-12-12,SORTIE,11
15728,1,2026-12-12,SORTIE,28
15729,10,2026-12-12,SORTIE,14
15730,13,2026-12-12,SORTIE,5
15731,3,2026-12-12,SORTIE,6
15732,23,2026-12-12,ENTREE,353
15733,32,2026-12-13,SORTIE,23
15734,12,2026-12-13,SORTIE,8
15735,5,2026-12-13,SORTIE,20
15736,20,2026-12-13,SORTIE,1
15737,16,2026-12-13,SORTIE,10
15738,20,2026-12-13,SORTIE,25
15739,18,2026-12-14,SORTIE,7
15740,30,2026-12-14,SORTIE,22
15741,32,2026-12-14,ENTREE,410
15742,27,2026-12-15,SORTIE,17
15743,33,2026-12-15,SORTIE,2
15744,17,2026-12-15,SORTIE,24
15745,31,2026-12-15,SORTIE,1
15746,31,2026-12-15,SORTIE,29
15747,17,2026-12-15,SORTIE,6
15748,1,2026-12-15,SORTIE,17
15749,19,2026-12-15,SORTIE,23
15750,25,2026-12-15,SORTIE,26
15751,20,2026-12-15,SORTIE,24
15752,22,2026-12-15,SORTIE,15
15753,6,2026-12-16,SORTIE,10
15754,17,2026-12-16,SORTIE,28
15755,10,2026-12-16,SORTIE,24
15756,32,2026-12-16,SORTIE,10
15757,22,2026-12-16,SORTIE,25
15758,30,2026-12-16,SORTIE,14
15759,6,2026-12-16,SORTIE,22
15760,19,2026-12-16,SORTIE,8
15761,16,2026-12-16,SORTIE,5
15762,14,2026-12-16,SORTIE,25
15763,17,2026-12-16,ENTREE,195
15764,18,2026-12-17,SORTIE,25
15765,23,2026-12-17,SORTIE,12
15766,34,2026-12-17,SORTIE,20
15767,34,2026-12-17,SORTIE,18
15768,33,2026-12-17,SORTIE,6
15769,17,2026-12-17,SORTIE,19
15770,9,2026-12-17,SORTIE,13
15771,12,2026-12-17,SORTIE,21
15772,31,2026-12-17,SORTIE,9
15773,30,2026-12-17,SORTIE,30
15774,19,2026-12-17,SORTIE,3
15775,7,2026-12-17,SORTIE,10
15776,33,2026-12-17,SORTIE,22
15777,35,2026-12-17,SORTIE,15
15778,21,2026-12-17,SORTIE,22
15779,20,2026-12-17,SORTIE,4
15780,32,2026-12-17,SORTIE,29
15781,24,2026-12-17,SORTIE,1
15782,4,2026-12-17,SORTIE,30
15783,6,2026-12-17,SORTIE,27
15784,7,2026-12-17,SORTIE,2
15785,12,2026-12-17,SORTIE,19
15786,9,2026-12-17,SORTIE,7
15787,28,2026-12-17,SORTIE,21
15788,11,2026-12-17,SORTIE,23
15789,32,2026-12-17,SORTIE,1
15790,30,2026-12-17,SORTIE,3
15791,4,2026-12-17,ENTREE,142
15792,22,2026-12-18,SORTIE,29
15793,20,2026-12-18,SORTIE,20
15794,2,2026-12-18,SORTIE,11
15795,22,2026-12-18,SORTIE,30
15796,14,2026-12-18,SORTIE,23
15797,29,2026-12-19,SORTIE,1
15798,14,2026-12-19,SORTIE,25
15799,17,2026-12-19,SORTIE,14
15800,16,2026-12-19,SORTIE,28
15801,29,2026-12-19,SORTIE,9
15802,24,2026-12-19,SORTIE,21
15803,7,2026-12-19,SORTIE,18
15804,30,2026-12-19,SORTIE,10
15805,35,2026-12-19,SORTIE,29
15806,19,2026-12-19,SORTIE,11
15807,29,2026-12-19,SORTIE,14
15808,26,2026-12-19,SORTIE,5
15809,29,2026-12-19,SORTIE,3
15810,30,2026-12-19,SORTIE,5
15811,11,2026-12-19,SORTIE,26
15812,24,2026-12-19,SORTIE,2
15813,32,2026-12-19,SORTIE,26
15814,6,2026-12-19,SORTIE,26
15815,22,2026-12-19,SORTIE,19
15816,34,2026-12-19,SORTIE,12
15817,22,2026-12-19,SORTIE,9
15818,30,2026-12-20,SORTIE,16
15819,23,2026-12-20,SORTIE,4
15820,35,2026-12-20,SORTIE,27
15821,35,2026-12-20,SORTIE,11
15822,26,2026-12-20,SORTIE,12
15823,14,2026-12-20,SORTIE,20
15824,32,2026-12-20,SORTIE,1
15825,17,2026-12-20,SORTIE,13
15826,22,2026-12-21,SORTIE,3
15827,24,2026-12-21,SORTIE,19
15828,31,2026-12-21,SORTIE,25
15829,2,2026-12-21,SORTIE,16
15830,33,2026-12-21,SORTIE,4
15831,30,2026-12-21,SORTIE,20
15832,22,2026-12-21,SORTIE,30
15833,4,2026-12-21,SORTIE,14
15834,8,2026-12-21,SORTIE,6
15835,19,2026-12-21,SORTIE,29
15836,8,2026-12-21,SORTIE,13
15837,32,2026-12-21,SORTIE,8
15838,6,2026-12-21,SORTIE,30
15839,1,2026-12-22,SORTIE,28
15840,34,2026-12-22,SORTIE,5
15841,18,2026-12-22,SORTIE,19
15842,8,2026-12-22,SORTIE,9
15843,31,2026-12-22,SORTIE,5
15844,10,2026-12-22,SORTIE,29
15845,19,2026-12-22,SORTIE,9
15846,17,2026-12-22,SORTIE,25
15847,16,2026-12-22,SORTIE,15
15848,9,2026-12-22,SORTIE,14
15849,18,2026-12-22,SORTIE,23
15850,29,2026-12-22,ENTREE,362
15851,3,2026-12-23,SORTIE,15
15852,9,2026-12-23,SORTIE,26
15853,5,2026-12-23,SORTIE,30
15854,34,2026-12-23,SORTIE,30
15855,15,2026-12-23,SORTIE,25
15856,4,2026-12-23,SORTIE,16
15857,13,2026-12-23,SORTIE,18
15858,25,2026-12-23,SORTIE,26
15859,14,2026-12-23,SORTIE,9
15860,34,2026-12-23,SORTIE,19
15861,3,2026-12-23,SORTIE,11
15862,32,2026-12-23,SORTIE,24
15863,18,2026-12-23,SORTIE,1
15864,27,2026-12-23,SORTIE,4
15865,15,2026-12-23,SORTIE,1
15866,10,2026-12-23,SORTIE,24
15867,9,2026-12-23,SORTIE,21
15868,35,2026-12-23,SORTIE,4
15869,27,2026-12-23,SORTIE,30
15870,23,2026-12-23,SORTIE,4
15871,21,2026-12-23,SORTIE,6
15872,20,2026-12-23,SORTIE,5
15873,12,2026-12-23,SORTIE,3
15874,6,2026-12-23,SORTIE,12
15875,23,2026-12-23,SORTIE,7
15876,1,2026-12-23,SORTIE,22
15877,20,2026-12-24,SORTIE,11
15878,11,2026-12-24,SORTIE,8
15879,32,2026-12-24,SORTIE,17
15880,2,2026-12-24,SORTIE,9
15881,18,2026-12-24,SORTIE,19
15882,21,2026-12-24,SORTIE,26
15883,6,2026-12-24,SORTIE,6
15884,14,2026-12-24,SORTIE,7
15885,7,2026-12-24,SORTIE,1
15886,19,2026-12-24,SORTIE,6
15887,11,2026-12-24,SORTIE,12
15888,5,2026-12-24,SORTIE,14
15889,27,2026-12-24,SORTIE,10
15890,14,2026-12-24,SORTIE,12
15891,33,2026-12-24,SORTIE,8
15892,11,2026-12-24,SORTIE,10
15893,11,2026-12-24,SORTIE,19
15894,27,2026-12-24,SORTIE,12
15895,12,2026-12-24,ENTREE,308
15896,28,2026-12-25,SORTIE,4
15897,25,2026-12-25,SORTIE,27
15898,25,2026-12-25,SORTIE,23
15899,29,2026-12-25,SORTIE,6
15900,10,2026-12-25,SORTIE,20
15901,28,2026-12-25,SORTIE,21
15902,32,2026-12-25,SORTIE,17
15903,15,2026-12-25,SORTIE,4
15904,25,2026-12-25,SORTIE,23
15905,34,2026-12-25,SORTIE,25
15906,4,2026-12-25,SORTIE,15
15907,27,2026-12-25,SORTIE,9
15908,13,2026-12-25,SORTIE,19
15909,12,2026-12-25,SORTIE,18
15910,29,2026-12-25,SORTIE,9
15911,13,2026-12-25,SORTIE,21
15912,8,2026-12-25,SORTIE,15
15913,25,2026-12-26,SORTIE,24
15914,14,2026-12-26,SORTIE,21
15915,5,2026-12-26,SORTIE,28
15916,10,2026-12-26,SORTIE,22
15917,22,2026-12-26,SORTIE,26
15918,32,2026-12-26,SORTIE,22
15919,28,2026-12-26,SORTIE,17
15920,24,2026-12-26,SORTIE,30
15921,22,2026-12-26,SORTIE,12
15922,21,2026-12-27,SORTIE,28
15923,13,2026-12-27,SORTIE,9
15924,3,2026-12-27,SORTIE,7
15925,28,2026-12-27,SORTIE,10
15926,25,2026-12-27,SORTIE,4
15927,22,2026-12-27,SORTIE,16
15928,16,2026-12-27,SORTIE,1
15929,17,2026-12-27,SORTIE,9
15930,35,2026-12-27,SORTIE,2
15931,5,2026-12-27,SORTIE,29
15932,32,2026-12-27,SORTIE,28
15933,31,2026-12-27,SORTIE,19
15934,12,2026-12-27,SORTIE,8
15935,35,2026-12-27,SORTIE,16
15936,15,2026-12-27,SORTIE,12
15937,24,2026-12-27,SORTIE,22
15938,31,2026-12-27,SORTIE,15
15939,33,2026-12-27,SORTIE,1
15940,4,2026-12-27,SORTIE,26
15941,35,2026-12-27,SORTIE,8
15942,21,2026-12-27,SORTIE,4
15943,27,2026-12-27,SORTIE,12
15944,24,2026-12-27,SORTIE,20
15945,9,2026-12-27,SORTIE,16
15946,6,2026-12-28,SORTIE,16
15947,35,2026-12-28,SORTIE,20
15948,15,2026-12-28,SORTIE,8
15949,13,2026-12-28,SORTIE,22
15950,14,2026-12-28,SORTIE,18
15951,21,2026-12-28,SORTIE,30
15952,26,2026-12-28,SORTIE,7
15953,34,2026-12-29,SORTIE,6
15954,21,2026-12-29,SORTIE,25
15955,13,2026-12-29,SORTIE,11
15956,30,2026-12-29,SORTIE,25
15957,13,2026-12-29,SORTIE,4
15958,26,2026-12-29,SORTIE,1
15959,26,2026-12-29,SORTIE,22
15960,15,2026-12-29,SORTIE,25
15961,10,2026-12-29,SORTIE,14
15962,34,2026-12-29,SORTIE,13
15963,33,2026-12-29,SORTIE,28
15964,17,2026-12-29,SORTIE,6
15965,13,2026-12-29,SORTIE,5
15966,23,2026-12-29,SORTIE,14
15967,9,2026-12-29,SORTIE,20
15968,6,2026-12-29,SORTIE,27
15969,1,2026-12-29,SORTIE,9
15970,29,2026-12-29,SORTIE,2
15971,32,2026-12-29,SORTIE,3
15972,16,2026-12-29,SORTIE,19
15973,24,2026-12-29,SORTIE,10
15974,15,2026-12-29,SORTIE,22
15975,23,2026-12-29,SORTIE,3
15976,9,2026-12-29,SORTIE,22
15977,20,2026-12-30,SORTIE,3
15978,33,2026-12-30,SORTIE,5
15979,20,2026-12-30,SORTIE,4
15980,18,2026-12-30,SORTIE,20
15981,11,2026-12-30,SORTIE,19
15982,35,2026-12-30,SORTIE,14
15983,4,2026-12-30,SORTIE,21
15984,34,2026-12-30,SORTIE,18
15985,18,2026-12-30,SORTIE,13
15986,6,2026-12-30,SORTIE,13
15987,30,2026-12-30,SORTIE,17
15988,24,2026-12-30,SORTIE,17
15989,32,2026-12-30,SORTIE,12
15990,21,2026-12-31,SORTIE,1
15991,24,2026-12-31,SORTIE,10
15992,31,2026-12-31,SORTIE,20
15993,12,2026-12-31,SORTIE,20
15994,9,2026-12-31,SORTIE,15
15995,21,2026-12-31,SORTIE,24
15996,32,2026-12-31,SORTIE,11
15997,18,2026-12-31,SORTIE,6
15998,11,2027-01-01,SORTIE,4
15999,32,2027-01-01,SORTIE,15
16000,24,2027-01-01,SORTIE,27
16001,20,2027-01-01,SORTIE,14
16002,9,2027-01-01,SORTIE,21
16003,8,2027-01-01,SORTIE,7
16004,6,2027-01-01,SORTIE,22
16005,23,2027-01-01,SORTIE,21
16006,10,2027-01-01,SORTIE,30
16007,16,2027-01-01,SORTIE,14
16008,2,2027-01-01,SORTIE,17
16009,12,2027-01-01,SORTIE,29
16010,15,2027-01-01,SORTIE,7
16011,1,2027-01-01,SORTIE,28
16012,34,2027-01-01,SORTIE,5
16013,28,2027-01-01,SORTIE,13
16014,17,2027-01-01,SORTIE,5
16015,12,2027-01-01,SORTIE,8
16016,26,2027-01-01,ENTREE,437
16017,7,2027-01-02,SORTIE,24
16018,2,2027-01-02,SORTIE,12
16019,12,2027-01-02,SORTIE,12
16020,27,2027-01-02,SORTIE,23
16021,23,2027-01-02,SORTIE,14
16022,14,2027-01-02,ENTREE,130
16023,17,2027-01-03,SORTIE,8
16024,10,2027-01-03,SORTIE,30
16025,23,2027-01-03,SORTIE,25
16026,5,2027-01-03,SORTIE,11
16027,31,2027-01-03,SORTIE,6
16028,27,2027-01-03,SORTIE,16
16029,28,2027-01-04,SORTIE,23
16030,22,2027-01-04,SORTIE,23
16031,21,2027-01-04,SORTIE,1
16032,23,2027-01-04,SORTIE,6
16033,26,2027-01-04,SORTIE,18
16034,5,2027-01-04,SORTIE,18
16035,6,2027-01-05,SORTIE,11
16036,7,2027-01-05,SORTIE,8
16037,17,2027-01-05,SORTIE,12
16038,35,2027-01-05,SORTIE,18
16039,1,2027-01-05,SORTIE,22
16040,14,2027-01-05,SORTIE,12
16041,26,2027-01-05,SORTIE,8
16042,24,2027-01-05,SORTIE,17
16043,11,2027-01-05,SORTIE,5
16044,2,2027-01-05,SORTIE,18
16045,9,2027-01-05,SORTIE,25
16046,6,2027-01-05,ENTREE,380
16047,26,2027-01-06,SORTIE,11
16048,6,2027-01-07,SORTIE,3
16049,14,2027-01-07,SORTIE,4
16050,6,2027-01-07,SORTIE,9
16051,27,2027-01-07,SORTIE,29
16052,3,2027-01-07,SORTIE,20
16053,34,2027-01-07,SORTIE,14
16054,1,2027-01-07,SORTIE,10
16055,17,2027-01-07,SORTIE,30
16056,17,2027-01-07,SORTIE,4
16057,10,2027-01-07,SORTIE,2
16058,5,2027-01-07,SORTIE,9
16059,4,2027-01-07,SORTIE,16
16060,15,2027-01-07,SORTIE,26
16061,33,2027-01-07,SORTIE,17
16062,9,2027-01-07,SORTIE,8
16063,26,2027-01-07,SORTIE,5
16064,23,2027-01-07,SORTIE,10
16065,1,2027-01-08,SORTIE,30
16066,24,2027-01-08,SORTIE,19
16067,21,2027-01-08,SORTIE,20
16068,8,2027-01-08,SORTIE,26
16069,32,2027-01-08,SORTIE,4
16070,28,2027-01-08,SORTIE,2
16071,25,2027-01-08,SORTIE,18
16072,5,2027-01-08,SORTIE,11
16073,32,2027-01-08,SORTIE,11
16074,21,2027-01-08,SORTIE,22
16075,8,2027-01-08,SORTIE,12
16076,7,2027-01-08,SORTIE,6
16077,35,2027-01-08,SORTIE,18
16078,33,2027-01-08,SORTIE,26
16079,18,2027-01-08,SORTIE,10
16080,28,2027-01-08,SORTIE,15
16081,1,2027-01-09,SORTIE,1
16082,14,2027-01-09,SORTIE,20
16083,16,2027-01-09,SORTIE,1
16084,23,2027-01-09,SORTIE,2
16085,19,2027-01-09,SORTIE,13
16086,29,2027-01-09,SORTIE,27
16087,14,2027-01-09,SORTIE,26
16088,35,2027-01-09,SORTIE,19
16089,13,2027-01-10,SORTIE,1
16090,5,2027-01-10,SORTIE,16
16091,24,2027-01-10,SORTIE,19
16092,25,2027-01-10,SORTIE,4
16093,6,2027-01-10,SORTIE,9
16094,16,2027-01-10,SORTIE,4
16095,28,2027-01-10,SORTIE,8
16096,21,2027-01-11,SORTIE,17
16097,6,2027-01-11,SORTIE,30
16098,1,2027-01-11,SORTIE,26
16099,26,2027-01-11,SORTIE,26
16100,28,2027-01-11,SORTIE,27
16101,18,2027-01-11,SORTIE,15
16102,35,2027-01-11,SORTIE,9
16103,13,2027-01-11,SORTIE,16
16104,18,2027-01-11,SORTIE,4
16105,27,2027-01-11,SORTIE,28
16106,18,2027-01-11,SORTIE,24
16107,23,2027-01-11,SORTIE,29
16108,28,2027-01-11,SORTIE,5
16109,20,2027-01-11,SORTIE,20
16110,4,2027-01-11,SORTIE,21
16111,15,2027-01-11,SORTIE,24
16112,7,2027-01-11,SORTIE,26
16113,31,2027-01-11,SORTIE,9
16114,30,2027-01-11,SORTIE,28
16115,7,2027-01-11,SORTIE,1
16116,21,2027-01-11,SORTIE,10
16117,14,2027-01-12,SORTIE,21
16118,12,2027-01-12,SORTIE,23
16119,33,2027-01-12,SORTIE,5
16120,28,2027-01-12,SORTIE,17
16121,20,2027-01-12,SORTIE,21
16122,29,2027-01-12,SORTIE,21
16123,31,2027-01-12,SORTIE,5
16124,11,2027-01-12,SORTIE,10
16125,28,2027-01-12,SORTIE,30
16126,22,2027-01-12,SORTIE,19
16127,2,2027-01-12,SORTIE,19
16128,15,2027-01-12,SORTIE,26
16129,21,2027-01-12,SORTIE,27
16130,8,2027-01-12,SORTIE,10
16131,19,2027-01-12,SORTIE,1
16132,12,2027-01-12,SORTIE,6
16133,11,2027-01-13,SORTIE,18
16134,22,2027-01-13,SORTIE,25
16135,5,2027-01-13,SORTIE,13
16136,31,2027-01-13,SORTIE,15
16137,31,2027-01-13,SORTIE,22
16138,20,2027-01-13,SORTIE,28
16139,10,2027-01-13,SORTIE,9
16140,10,2027-01-13,SORTIE,15
16141,14,2027-01-14,SORTIE,2
16142,4,2027-01-14,SORTIE,13
16143,31,2027-01-14,SORTIE,18
16144,12,2027-01-14,SORTIE,1
16145,13,2027-01-14,SORTIE,18
16146,5,2027-01-14,SORTIE,11
16147,22,2027-01-14,SORTIE,3
16148,22,2027-01-14,SORTIE,14
16149,25,2027-01-14,SORTIE,8
16150,2,2027-01-14,SORTIE,21
16151,21,2027-01-14,SORTIE,29
16152,13,2027-01-14,SORTIE,19
16153,15,2027-01-14,SORTIE,19
16154,26,2027-01-14,SORTIE,27
16155,8,2027-01-14,SORTIE,17
16156,33,2027-01-14,SORTIE,9
16157,24,2027-01-14,SORTIE,8
16158,5,2027-01-14,SORTIE,5
16159,14,2027-01-15,SORTIE,25
16160,2,2027-01-15,SORTIE,15
16161,33,2027-01-15,SORTIE,7
16162,1,2027-01-15,SORTIE,8
16163,4,2027-01-15,SORTIE,30
16164,16,2027-01-15,SORTIE,5
16165,28,2027-01-15,SORTIE,16
16166,35,2027-01-15,SORTIE,1
16167,20,2027-01-15,SORTIE,4
16168,1,2027-01-15,SORTIE,15
16169,19,2027-01-15,SORTIE,15
16170,4,2027-01-15,SORTIE,28
16171,35,2027-01-15,SORTIE,26
16172,10,2027-01-15,SORTIE,6
16173,10,2027-01-15,SORTIE,17
16174,4,2027-01-15,SORTIE,19
16175,1,2027-01-15,SORTIE,22
16176,23,2027-01-15,SORTIE,17
16177,14,2027-01-15,SORTIE,16
16178,5,2027-01-15,SORTIE,4
16179,20,2027-01-15,SORTIE,6
16180,4,2027-01-15,SORTIE,16
16181,20,2027-01-15,SORTIE,5
16182,30,2027-01-16,SORTIE,25
16183,23,2027-01-16,SORTIE,11
16184,33,2027-01-16,SORTIE,8
16185,30,2027-01-16,SORTIE,19
16186,10,2027-01-16,SORTIE,13
16187,24,2027-01-16,SORTIE,26
16188,20,2027-01-16,SORTIE,13
16189,27,2027-01-16,SORTIE,18
16190,24,2027-01-16,SORTIE,10
16191,26,2027-01-16,SORTIE,2
16192,6,2027-01-16,SORTIE,17
16193,34,2027-01-16,SORTIE,2
16194,6,2027-01-16,SORTIE,12
16195,8,2027-01-16,SORTIE,20
16196,5,2027-01-16,SORTIE,26
16197,15,2027-01-16,SORTIE,23
16198,22,2027-01-16,SORTIE,19
16199,7,2027-01-16,SORTIE,12
16200,7,2027-01-16,SORTIE,4
16201,26,2027-01-16,ENTREE,105
16202,32,2027-01-17,SORTIE,14
16203,18,2027-01-17,SORTIE,23
16204,3,2027-01-17,SORTIE,11
16205,15,2027-01-17,SORTIE,20
16206,22,2027-01-17,SORTIE,25
16207,12,2027-01-17,SORTIE,4
16208,8,2027-01-17,SORTIE,16
16209,5,2027-01-17,SORTIE,26
16210,5,2027-01-17,SORTIE,1
16211,33,2027-01-17,SORTIE,8
16212,22,2027-01-17,SORTIE,20
16213,8,2027-01-17,SORTIE,25
16214,18,2027-01-17,SORTIE,10
16215,35,2027-01-17,SORTIE,22
16216,29,2027-01-17,SORTIE,11
16217,15,2027-01-17,SORTIE,6
16218,26,2027-01-17,SORTIE,20
16219,11,2027-01-17,SORTIE,12
16220,25,2027-01-17,SORTIE,17
16221,13,2027-01-17,SORTIE,24
16222,26,2027-01-17,SORTIE,6
16223,10,2027-01-17,SORTIE,3
16224,18,2027-01-17,SORTIE,26
16225,3,2027-01-18,SORTIE,27
16226,8,2027-01-18,SORTIE,18
16227,18,2027-01-18,SORTIE,24
16228,35,2027-01-18,SORTIE,8
16229,24,2027-01-18,SORTIE,17
16230,27,2027-01-18,SORTIE,25
16231,10,2027-01-18,SORTIE,3
16232,30,2027-01-18,SORTIE,13
16233,1,2027-01-18,SORTIE,7
16234,28,2027-01-18,SORTIE,20
16235,21,2027-01-18,SORTIE,26
16236,27,2027-01-18,SORTIE,11
16237,8,2027-01-18,SORTIE,23
16238,34,2027-01-18,SORTIE,22
16239,33,2027-01-18,SORTIE,14
16240,27,2027-01-18,SORTIE,15
16241,23,2027-01-18,SORTIE,4
16242,17,2027-01-18,SORTIE,22
16243,20,2027-01-18,SORTIE,7
16244,6,2027-01-18,SORTIE,20
16245,18,2027-01-18,ENTREE,479
16246,30,2027-01-19,SORTIE,20
16247,29,2027-01-19,SORTIE,25
16248,2,2027-01-19,SORTIE,3
16249,11,2027-01-19,SORTIE,19
16250,25,2027-01-19,SORTIE,6
16251,20,2027-01-19,SORTIE,5
16252,6,2027-01-19,SORTIE,12
16253,13,2027-01-19,SORTIE,9
16254,18,2027-01-19,SORTIE,26
16255,17,2027-01-19,SORTIE,28
16256,33,2027-01-19,SORTIE,8
16257,27,2027-01-19,SORTIE,9
16258,24,2027-01-19,SORTIE,3
16259,17,2027-01-20,SORTIE,15
16260,24,2027-01-20,SORTIE,10
16261,24,2027-01-20,SORTIE,23
16262,19,2027-01-20,SORTIE,10
16263,22,2027-01-20,SORTIE,19
16264,3,2027-01-20,SORTIE,24
16265,16,2027-01-20,SORTIE,28
16266,16,2027-01-20,SORTIE,16
16267,27,2027-01-20,SORTIE,2
16268,21,2027-01-20,SORTIE,11
16269,4,2027-01-20,SORTIE,13
16270,32,2027-01-20,SORTIE,29
16271,35,2027-01-21,SORTIE,28
16272,4,2027-01-21,SORTIE,24
16273,25,2027-01-21,SORTIE,12
16274,6,2027-01-21,SORTIE,8
16275,27,2027-01-21,SORTIE,14
16276,7,2027-01-21,SORTIE,9
16277,12,2027-01-21,SORTIE,4
16278,34,2027-01-21,SORTIE,25
16279,15,2027-01-22,SORTIE,20
16280,30,2027-01-22,SORTIE,12
16281,33,2027-01-22,SORTIE,12
16282,24,2027-01-22,SORTIE,16
16283,12,2027-01-22,SORTIE,29
16284,5,2027-01-22,SORTIE,9
16285,1,2027-01-22,SORTIE,4
16286,18,2027-01-22,SORTIE,4
16287,14,2027-01-22,SORTIE,16
16288,26,2027-01-22,SORTIE,8
16289,20,2027-01-22,SORTIE,20
16290,31,2027-01-22,SORTIE,20
16291,15,2027-01-22,SORTIE,2
16292,24,2027-01-22,SORTIE,7
16293,1,2027-01-22,SORTIE,21
16294,35,2027-01-22,SORTIE,11
16295,14,2027-01-22,SORTIE,28
16296,12,2027-01-22,SORTIE,12
16297,12,2027-01-22,SORTIE,2
16298,22,2027-01-22,SORTIE,20
16299,6,2027-01-23,SORTIE,25
16300,35,2027-01-23,SORTIE,26
16301,6,2027-01-23,SORTIE,12
16302,30,2027-01-23,SORTIE,1
16303,31,2027-01-23,SORTIE,19
16304,31,2027-01-23,SORTIE,2
16305,9,2027-01-23,SORTIE,4
16306,26,2027-01-23,SORTIE,9
16307,29,2027-01-23,SORTIE,21
16308,3,2027-01-23,SORTIE,27
16309,13,2027-01-23,SORTIE,6
16310,28,2027-01-23,SORTIE,10
16311,8,2027-01-23,SORTIE,26
16312,2,2027-01-23,SORTIE,20
16313,20,2027-01-23,SORTIE,25
16314,20,2027-01-23,SORTIE,19
16315,6,2027-01-23,SORTIE,20
16316,15,2027-01-23,SORTIE,2
16317,34,2027-01-23,SORTIE,21
16318,28,2027-01-23,SORTIE,25
16319,29,2027-01-23,SORTIE,5
16320,17,2027-01-24,SORTIE,27
16321,7,2027-01-24,SORTIE,18
16322,8,2027-01-24,SORTIE,28
16323,28,2027-01-24,SORTIE,6
16324,22,2027-01-24,SORTIE,3
16325,20,2027-01-24,SORTIE,13
16326,10,2027-01-24,SORTIE,16
16327,16,2027-01-24,SORTIE,23
16328,28,2027-01-24,SORTIE,21
16329,12,2027-01-24,SORTIE,14
16330,10,2027-01-24,SORTIE,28
16331,5,2027-01-25,SORTIE,25
16332,17,2027-01-25,SORTIE,1
16333,35,2027-01-25,SORTIE,4
16334,30,2027-01-25,SORTIE,11
16335,21,2027-01-25,SORTIE,18
16336,24,2027-01-25,SORTIE,3
16337,33,2027-01-25,SORTIE,10
16338,33,2027-01-25,SORTIE,10
16339,12,2027-01-25,SORTIE,3
16340,26,2027-01-25,SORTIE,10
16341,11,2027-01-25,SORTIE,9
16342,31,2027-01-26,SORTIE,20
16343,31,2027-01-26,SORTIE,21
16344,3,2027-01-26,SORTIE,25
16345,6,2027-01-26,SORTIE,18
16346,20,2027-01-26,SORTIE,12
16347,11,2027-01-26,SORTIE,17
16348,30,2027-01-26,SORTIE,17
16349,31,2027-01-26,ENTREE,278
16350,4,2027-01-27,SORTIE,30
16351,14,2027-01-27,SORTIE,27
16352,30,2027-01-27,SORTIE,10
16353,6,2027-01-27,SORTIE,24
16354,19,2027-01-27,SORTIE,17
16355,35,2027-01-27,SORTIE,4
16356,32,2027-01-27,SORTIE,17
16357,25,2027-01-27,SORTIE,9
16358,30,2027-01-27,SORTIE,5
16359,31,2027-01-27,SORTIE,16
16360,6,2027-01-27,SORTIE,20
16361,30,2027-01-27,SORTIE,30
16362,31,2027-01-27,SORTIE,8
16363,28,2027-01-27,SORTIE,24
16364,6,2027-01-27,SORTIE,21
16365,26,2027-01-27,SORTIE,23
16366,11,2027-01-27,SORTIE,8
16367,31,2027-01-27,SORTIE,12
16368,3,2027-01-27,SORTIE,21
16369,13,2027-01-27,ENTREE,424
16370,17,2027-01-28,SORTIE,6
16371,17,2027-01-28,SORTIE,15
16372,23,2027-01-28,SORTIE,9
16373,21,2027-01-28,SORTIE,16
16374,7,2027-01-28,SORTIE,5
16375,15,2027-01-28,SORTIE,18
16376,24,2027-01-28,SORTIE,11
16377,22,2027-01-28,SORTIE,19
16378,19,2027-01-28,SORTIE,22
16379,32,2027-01-28,SORTIE,16
16380,14,2027-01-28,SORTIE,20
16381,10,2027-01-28,SORTIE,8
16382,4,2027-01-28,SORTIE,12
16383,29,2027-01-28,SORTIE,17
16384,20,2027-01-28,SORTIE,3
16385,8,2027-01-28,SORTIE,30
16386,27,2027-01-28,SORTIE,18
16387,21,2027-01-28,SORTIE,26
16388,9,2027-01-28,SORTIE,16
16389,23,2027-01-28,SORTIE,22
16390,12,2027-01-29,SORTIE,19
16391,2,2027-01-29,SORTIE,19
16392,27,2027-01-29,SORTIE,2
16393,21,2027-01-29,SORTIE,3
16394,3,2027-01-29,SORTIE,11
16395,1,2027-01-29,SORTIE,20
16396,17,2027-01-29,SORTIE,15
16397,23,2027-01-29,SORTIE,5
16398,1,2027-01-29,SORTIE,26
16399,8,2027-01-29,SORTIE,21
16400,11,2027-01-29,SORTIE,17
16401,9,2027-01-29,SORTIE,29
16402,22,2027-01-29,SORTIE,18
16403,19,2027-01-29,SORTIE,15
16404,16,2027-01-29,SORTIE,29
16405,31,2027-01-29,SORTIE,10
16406,26,2027-01-29,SORTIE,25
16407,25,2027-01-29,SORTIE,24
16408,31,2027-01-29,SORTIE,25
16409,26,2027-01-29,SORTIE,12
16410,29,2027-01-29,SORTIE,7
16411,11,2027-01-29,SORTIE,22
16412,19,2027-01-29,SORTIE,12
16413,20,2027-01-29,SORTIE,23
16414,35,2027-01-29,SORTIE,30
16415,31,2027-01-29,SORTIE,13
16416,14,2027-01-29,SORTIE,10
16417,15,2027-01-29,SORTIE,18
16418,21,2027-01-30,SORTIE,7
16419,33,2027-01-30,SORTIE,21
16420,2,2027-01-30,SORTIE,17
16421,3,2027-01-30,SORTIE,23
16422,13,2027-01-30,SORTIE,7
16423,23,2027-01-30,SORTIE,16
16424,10,2027-01-30,SORTIE,21
16425,32,2027-01-30,SORTIE,22
16426,11,2027-01-30,SORTIE,10
16427,16,2027-01-30,SORTIE,6
16428,4,2027-01-30,SORTIE,30
16429,20,2027-01-30,ENTREE,318
16430,11,2027-01-31,SORTIE,1
16431,8,2027-01-31,SORTIE,10
16432,32,2027-01-31,SORTIE,17
16433,16,2027-01-31,SORTIE,4
16434,8,2027-01-31,SORTIE,4
16435,3,2027-01-31,SORTIE,30
16436,9,2027-02-01,SORTIE,16
16437,15,2027-02-01,SORTIE,21
16438,32,2027-02-01,SORTIE,28
16439,28,2027-02-01,SORTIE,5
16440,34,2027-02-01,SORTIE,9
16441,17,2027-02-01,SORTIE,2
16442,12,2027-02-01,SORTIE,28
16443,7,2027-02-01,SORTIE,7
16444,31,2027-02-01,SORTIE,26
16445,25,2027-02-01,SORTIE,2
16446,18,2027-02-01,SORTIE,3
16447,23,2027-02-01,SORTIE,7
16448,18,2027-02-01,SORTIE,2
16449,21,2027-02-01,SORTIE,21
16450,12,2027-02-01,SORTIE,20
16451,25,2027-02-01,SORTIE,11
16452,20,2027-02-01,SORTIE,20
16453,5,2027-02-02,SORTIE,29
16454,30,2027-02-02,SORTIE,7
16455,34,2027-02-02,SORTIE,8
16456,32,2027-02-02,SORTIE,27
16457,29,2027-02-02,SORTIE,2
16458,17,2027-02-02,SORTIE,6
16459,34,2027-02-02,SORTIE,8
16460,17,2027-02-02,SORTIE,30
16461,23,2027-02-02,SORTIE,12
16462,1,2027-02-02,SORTIE,28
16463,11,2027-02-02,SORTIE,25
16464,16,2027-02-02,SORTIE,21
16465,30,2027-02-02,SORTIE,23
16466,2,2027-02-02,SORTIE,14
16467,7,2027-02-02,SORTIE,17
16468,24,2027-02-02,SORTIE,16
16469,21,2027-02-02,SORTIE,30
16470,7,2027-02-02,SORTIE,1
16471,20,2027-02-02,SORTIE,7
16472,12,2027-02-02,SORTIE,13
16473,23,2027-02-02,SORTIE,21
16474,21,2027-02-03,SORTIE,26
16475,34,2027-02-03,SORTIE,10
16476,17,2027-02-03,SORTIE,10
16477,27,2027-02-03,SORTIE,12
16478,15,2027-02-03,SORTIE,13
16479,6,2027-02-03,SORTIE,5
16480,29,2027-02-03,SORTIE,9
16481,6,2027-02-03,SORTIE,24
16482,29,2027-02-03,SORTIE,25
16483,33,2027-02-03,SORTIE,24
16484,9,2027-02-03,SORTIE,26
16485,10,2027-02-03,SORTIE,20
16486,33,2027-02-03,SORTIE,17
16487,16,2027-02-03,SORTIE,4
16488,4,2027-02-03,SORTIE,24
16489,17,2027-02-03,SORTIE,22
16490,26,2027-02-03,SORTIE,3
16491,23,2027-02-03,SORTIE,29
16492,12,2027-02-03,SORTIE,3
16493,6,2027-02-03,SORTIE,9
16494,34,2027-02-03,SORTIE,29
16495,33,2027-02-03,SORTIE,22
16496,32,2027-02-03,SORTIE,2
16497,35,2027-02-04,SORTIE,2
16498,33,2027-02-04,SORTIE,1
16499,9,2027-02-04,SORTIE,13
16500,20,2027-02-04,SORTIE,22
16501,4,2027-02-04,SORTIE,6
16502,23,2027-02-04,SORTIE,6
16503,26,2027-02-04,SORTIE,13
16504,20,2027-02-04,SORTIE,29
16505,3,2027-02-04,SORTIE,15
16506,17,2027-02-04,SORTIE,23
16507,28,2027-02-04,SORTIE,20
16508,8,2027-02-04,SORTIE,19
16509,18,2027-02-04,SORTIE,1
16510,35,2027-02-04,SORTIE,12
16511,10,2027-02-04,SORTIE,22
16512,22,2027-02-04,SORTIE,26
16513,4,2027-02-04,SORTIE,17
16514,28,2027-02-04,SORTIE,13
16515,9,2027-02-05,SORTIE,22
16516,16,2027-02-05,SORTIE,13
16517,27,2027-02-05,SORTIE,13
16518,4,2027-02-05,SORTIE,2
16519,30,2027-02-05,SORTIE,8
16520,30,2027-02-05,SORTIE,30
16521,11,2027-02-05,SORTIE,29
16522,9,2027-02-05,SORTIE,24
16523,21,2027-02-05,SORTIE,13
16524,8,2027-02-05,SORTIE,8
16525,3,2027-02-05,SORTIE,22
16526,1,2027-02-05,SORTIE,30
16527,10,2027-02-05,SORTIE,24
16528,32,2027-02-05,SORTIE,4
16529,32,2027-02-05,SORTIE,28
16530,26,2027-02-05,SORTIE,28
16531,35,2027-02-05,SORTIE,6
16532,17,2027-02-05,SORTIE,10
16533,34,2027-02-05,SORTIE,8
16534,32,2027-02-05,SORTIE,17
16535,16,2027-02-05,SORTIE,7
16536,28,2027-02-05,SORTIE,1
16537,19,2027-02-05,SORTIE,14
16538,12,2027-02-05,SORTIE,13
16539,33,2027-02-05,SORTIE,19
16540,26,2027-02-06,SORTIE,25
16541,25,2027-02-06,SORTIE,1
16542,4,2027-02-06,SORTIE,17
16543,2,2027-02-06,SORTIE,9
16544,9,2027-02-06,ENTREE,387
16545,30,2027-02-07,SORTIE,1
16546,22,2027-02-07,SORTIE,22
16547,24,2027-02-07,SORTIE,2
16548,13,2027-02-07,SORTIE,25
16549,25,2027-02-07,SORTIE,13
16550,7,2027-02-07,SORTIE,9
16551,5,2027-02-07,SORTIE,8
16552,16,2027-02-07,SORTIE,23
16553,32,2027-02-07,SORTIE,6
16554,14,2027-02-07,SORTIE,11
16555,7,2027-02-07,SORTIE,28
16556,23,2027-02-07,SORTIE,1
16557,3,2027-02-07,SORTIE,10
16558,6,2027-02-07,SORTIE,15
16559,2,2027-02-07,SORTIE,27
16560,16,2027-02-07,SORTIE,4
16561,12,2027-02-07,ENTREE,448
16562,28,2027-02-08,SORTIE,10
16563,12,2027-02-08,SORTIE,25
16564,31,2027-02-08,SORTIE,8
16565,4,2027-02-08,SORTIE,24
16566,22,2027-02-08,SORTIE,9
16567,8,2027-02-08,SORTIE,17
16568,25,2027-02-08,SORTIE,11
16569,1,2027-02-08,SORTIE,9
16570,5,2027-02-08,SORTIE,10
16571,34,2027-02-08,SORTIE,9
16572,21,2027-02-08,SORTIE,15
16573,2,2027-02-08,SORTIE,2
16574,26,2027-02-08,SORTIE,21
16575,33,2027-02-08,SORTIE,2
16576,18,2027-02-08,SORTIE,25
16577,35,2027-02-08,SORTIE,25
16578,13,2027-02-08,SORTIE,8
16579,24,2027-02-09,SORTIE,10
16580,24,2027-02-09,SORTIE,27
16581,16,2027-02-09,SORTIE,27
16582,11,2027-02-09,SORTIE,27
16583,18,2027-02-09,ENTREE,266
16584,16,2027-02-10,SORTIE,22
16585,33,2027-02-10,SORTIE,29
16586,15,2027-02-10,SORTIE,28
16587,3,2027-02-10,SORTIE,27
16588,28,2027-02-10,SORTIE,26
16589,22,2027-02-10,SORTIE,15
16590,5,2027-02-10,SORTIE,29
16591,3,2027-02-10,SORTIE,7
16592,31,2027-02-11,SORTIE,15
16593,3,2027-02-11,SORTIE,20
16594,26,2027-02-11,SORTIE,11
16595,2,2027-02-11,SORTIE,12
16596,14,2027-02-11,SORTIE,27
16597,25,2027-02-11,SORTIE,1
16598,26,2027-02-11,SORTIE,12
16599,24,2027-02-11,SORTIE,2
16600,14,2027-02-11,SORTIE,1
16601,15,2027-02-11,SORTIE,11
16602,2,2027-02-11,SORTIE,10
16603,35,2027-02-11,SORTIE,23
16604,1,2027-02-11,SORTIE,14
16605,32,2027-02-11,SORTIE,23
16606,7,2027-02-11,SORTIE,22
16607,21,2027-02-11,SORTIE,18
16608,1,2027-02-11,SORTIE,19
16609,21,2027-02-11,SORTIE,20
16610,10,2027-02-11,SORTIE,3
16611,16,2027-02-12,SORTIE,4
16612,29,2027-02-12,SORTIE,5
16613,6,2027-02-12,SORTIE,26
16614,30,2027-02-12,SORTIE,6
16615,23,2027-02-12,SORTIE,25
16616,27,2027-02-12,SORTIE,3
16617,10,2027-02-12,SORTIE,3
16618,2,2027-02-12,SORTIE,12
16619,33,2027-02-12,SORTIE,6
16620,12,2027-02-12,SORTIE,26
16621,23,2027-02-12,SORTIE,15
16622,11,2027-02-12,SORTIE,25
16623,23,2027-02-12,SORTIE,17
16624,23,2027-02-13,SORTIE,9
16625,34,2027-02-13,SORTIE,3
16626,32,2027-02-13,SORTIE,13
16627,9,2027-02-13,SORTIE,14
16628,10,2027-02-13,SORTIE,25
16629,26,2027-02-13,SORTIE,29
16630,4,2027-02-13,SORTIE,7
16631,15,2027-02-13,SORTIE,19
16632,16,2027-02-13,SORTIE,18
16633,8,2027-02-13,SORTIE,18
16634,13,2027-02-13,SORTIE,6
16635,11,2027-02-13,SORTIE,5
16636,7,2027-02-13,SORTIE,5
16637,15,2027-02-13,SORTIE,16
16638,18,2027-02-13,SORTIE,30
16639,1,2027-02-13,SORTIE,13
16640,1,2027-02-13,SORTIE,29
16641,11,2027-02-13,SORTIE,19
16642,31,2027-02-13,SORTIE,28
16643,15,2027-02-13,SORTIE,28
16644,30,2027-02-14,SORTIE,23
16645,24,2027-02-14,SORTIE,7
16646,19,2027-02-14,SORTIE,18
16647,32,2027-02-14,SORTIE,14
16648,12,2027-02-14,SORTIE,4
16649,8,2027-02-14,SORTIE,2
16650,32,2027-02-14,SORTIE,21
16651,28,2027-02-14,SORTIE,23
16652,23,2027-02-14,SORTIE,1
16653,20,2027-02-14,ENTREE,344
16654,15,2027-02-15,SORTIE,10
16655,11,2027-02-15,SORTIE,24
16656,34,2027-02-15,SORTIE,17
16657,26,2027-02-15,SORTIE,2
16658,32,2027-02-15,SORTIE,16
16659,33,2027-02-15,SORTIE,24
16660,9,2027-02-15,SORTIE,25
16661,19,2027-02-15,SORTIE,13
16662,17,2027-02-15,SORTIE,20
16663,24,2027-02-15,SORTIE,19
16664,21,2027-02-15,SORTIE,26
16665,24,2027-02-15,SORTIE,5
16666,19,2027-02-15,SORTIE,8
16667,16,2027-02-15,SORTIE,10
16668,11,2027-02-15,SORTIE,24
16669,33,2027-02-16,SORTIE,9
16670,20,2027-02-16,SORTIE,22
16671,15,2027-02-16,SORTIE,9
16672,13,2027-02-16,SORTIE,2
16673,7,2027-02-16,SORTIE,4
16674,25,2027-02-16,SORTIE,15
16675,6,2027-02-16,SORTIE,14
16676,22,2027-02-16,SORTIE,21
16677,18,2027-02-16,SORTIE,1
16678,8,2027-02-16,SORTIE,2
16679,33,2027-02-16,SORTIE,24
16680,3,2027-02-16,SORTIE,27
16681,3,2027-02-16,SORTIE,28
16682,17,2027-02-16,SORTIE,1
16683,19,2027-02-16,SORTIE,11
16684,18,2027-02-16,SORTIE,28
16685,15,2027-02-16,SORTIE,1
16686,4,2027-02-16,SORTIE,30
16687,5,2027-02-16,SORTIE,25
16688,6,2027-02-16,SORTIE,19
16689,18,2027-02-16,ENTREE,350
16690,28,2027-02-17,SORTIE,30
16691,27,2027-02-17,SORTIE,5
16692,14,2027-02-17,SORTIE,3
16693,27,2027-02-17,SORTIE,8
16694,33,2027-02-17,SORTIE,25
16695,12,2027-02-17,SORTIE,19
16696,7,2027-02-17,SORTIE,28
16697,9,2027-02-17,SORTIE,5
16698,26,2027-02-17,SORTIE,18
16699,21,2027-02-17,SORTIE,30
16700,27,2027-02-17,SORTIE,9
16701,5,2027-02-17,SORTIE,22
16702,7,2027-02-17,SORTIE,6
16703,27,2027-02-17,SORTIE,30
16704,20,2027-02-17,SORTIE,20
16705,27,2027-02-17,SORTIE,1
16706,22,2027-02-17,SORTIE,26
16707,19,2027-02-17,SORTIE,25
16708,7,2027-02-17,SORTIE,11
16709,20,2027-02-17,ENTREE,357
16710,16,2027-02-18,SORTIE,25
16711,1,2027-02-18,SORTIE,29
16712,6,2027-02-18,SORTIE,11
16713,21,2027-02-18,SORTIE,4
16714,21,2027-02-18,SORTIE,18
16715,11,2027-02-18,SORTIE,25
16716,15,2027-02-18,SORTIE,18
16717,19,2027-02-18,SORTIE,21
16718,8,2027-02-18,SORTIE,17
16719,23,2027-02-18,SORTIE,2
16720,15,2027-02-18,SORTIE,5
16721,35,2027-02-18,SORTIE,29
16722,35,2027-02-18,SORTIE,20
16723,19,2027-02-18,SORTIE,22
16724,25,2027-02-18,SORTIE,19
16725,3,2027-02-18,SORTIE,26
16726,25,2027-02-18,SORTIE,11
16727,11,2027-02-18,SORTIE,15
16728,35,2027-02-18,SORTIE,16
16729,11,2027-02-18,SORTIE,23
16730,32,2027-02-18,ENTREE,298
16731,29,2027-02-19,SORTIE,9
16732,14,2027-02-19,SORTIE,23
16733,2,2027-02-19,SORTIE,7
16734,35,2027-02-19,SORTIE,1
16735,20,2027-02-19,SORTIE,12
16736,11,2027-02-19,SORTIE,17
16737,16,2027-02-19,SORTIE,24
16738,23,2027-02-19,SORTIE,13
16739,20,2027-02-19,SORTIE,8
16740,9,2027-02-19,SORTIE,29
16741,2,2027-02-19,SORTIE,26
16742,34,2027-02-19,SORTIE,14
16743,33,2027-02-19,SORTIE,7
16744,27,2027-02-19,SORTIE,15
16745,8,2027-02-19,SORTIE,22
16746,20,2027-02-19,SORTIE,28
16747,27,2027-02-19,SORTIE,24
16748,1,2027-02-19,SORTIE,4
16749,24,2027-02-20,SORTIE,28
16750,6,2027-02-20,SORTIE,1
16751,15,2027-02-20,SORTIE,28
16752,17,2027-02-20,SORTIE,14
16753,3,2027-02-20,SORTIE,22
16754,11,2027-02-20,SORTIE,28
16755,11,2027-02-20,SORTIE,21
16756,26,2027-02-20,SORTIE,30
16757,20,2027-02-20,SORTIE,21
16758,19,2027-02-20,SORTIE,15
16759,35,2027-02-21,SORTIE,30
16760,17,2027-02-21,SORTIE,24
16761,27,2027-02-21,SORTIE,21
16762,20,2027-02-21,SORTIE,14
16763,4,2027-02-21,SORTIE,26
16764,4,2027-02-21,SORTIE,21
16765,27,2027-02-21,SORTIE,9
16766,4,2027-02-21,SORTIE,25
16767,17,2027-02-21,SORTIE,1
16768,34,2027-02-21,SORTIE,3
16769,18,2027-02-22,SORTIE,7
16770,32,2027-02-22,SORTIE,22
16771,12,2027-02-22,SORTIE,29
16772,29,2027-02-22,SORTIE,25
16773,7,2027-02-22,SORTIE,3
16774,7,2027-02-22,SORTIE,7
16775,26,2027-02-22,SORTIE,10
16776,7,2027-02-22,SORTIE,18
16777,17,2027-02-22,SORTIE,30
16778,14,2027-02-22,ENTREE,110
16779,21,2027-02-23,SORTIE,8
16780,15,2027-02-23,SORTIE,25
16781,24,2027-02-23,SORTIE,14
16782,29,2027-02-23,SORTIE,10
16783,6,2027-02-23,SORTIE,2
16784,4,2027-02-23,SORTIE,29
16785,15,2027-02-23,SORTIE,21
16786,18,2027-02-23,SORTIE,14
16787,10,2027-02-23,SORTIE,6
16788,28,2027-02-23,SORTIE,28
16789,15,2027-02-23,SORTIE,28
16790,1,2027-02-23,SORTIE,30
16791,12,2027-02-23,SORTIE,4
16792,27,2027-02-23,SORTIE,27
16793,23,2027-02-23,SORTIE,4
16794,26,2027-02-23,SORTIE,27
16795,35,2027-02-23,SORTIE,17
16796,13,2027-02-23,SORTIE,14
16797,20,2027-02-23,SORTIE,24
16798,33,2027-02-23,SORTIE,28
16799,30,2027-02-23,ENTREE,161
16800,2,2027-02-24,SORTIE,10
16801,16,2027-02-24,SORTIE,23
16802,1,2027-02-24,SORTIE,29
16803,35,2027-02-24,SORTIE,12
16804,13,2027-02-25,SORTIE,4
16805,4,2027-02-25,SORTIE,2
16806,27,2027-02-25,SORTIE,25
16807,12,2027-02-25,SORTIE,13
16808,12,2027-02-25,SORTIE,8
16809,13,2027-02-25,SORTIE,3
16810,14,2027-02-25,SORTIE,30
16811,29,2027-02-25,SORTIE,13
16812,1,2027-02-25,SORTIE,10
16813,29,2027-02-25,SORTIE,11
16814,24,2027-02-25,SORTIE,14
16815,33,2027-02-25,SORTIE,28
16816,1,2027-02-25,SORTIE,27
16817,29,2027-02-25,SORTIE,6
16818,3,2027-02-25,SORTIE,22
16819,23,2027-02-25,SORTIE,29
16820,5,2027-02-25,SORTIE,10
16821,32,2027-02-25,SORTIE,2
16822,22,2027-02-25,ENTREE,277
16823,20,2027-02-26,SORTIE,2
16824,5,2027-02-26,SORTIE,20
16825,12,2027-02-26,SORTIE,30
16826,33,2027-02-26,SORTIE,23
16827,11,2027-02-26,SORTIE,25
16828,8,2027-02-26,SORTIE,21
16829,30,2027-02-26,SORTIE,25
16830,19,2027-02-26,SORTIE,1
16831,11,2027-02-26,SORTIE,4
16832,27,2027-02-26,SORTIE,25
16833,25,2027-02-26,SORTIE,30
16834,1,2027-02-26,SORTIE,21
16835,1,2027-02-26,SORTIE,27
16836,34,2027-02-27,SORTIE,1
16837,3,2027-02-27,SORTIE,22
16838,11,2027-02-27,SORTIE,21
16839,13,2027-02-27,SORTIE,2
16840,35,2027-02-27,SORTIE,8
16841,20,2027-02-27,SORTIE,2
16842,15,2027-02-27,SORTIE,18
16843,22,2027-02-27,SORTIE,2
16844,1,2027-02-27,SORTIE,23
16845,20,2027-02-27,SORTIE,16
16846,22,2027-02-27,SORTIE,19
16847,1,2027-02-27,SORTIE,17
16848,35,2027-02-27,SORTIE,12
16849,22,2027-02-27,SORTIE,6
16850,25,2027-02-27,SORTIE,13
16851,12,2027-02-27,SORTIE,27
16852,24,2027-02-27,SORTIE,30
16853,26,2027-02-27,SORTIE,1
16854,19,2027-02-27,SORTIE,29
16855,35,2027-02-27,SORTIE,13
16856,10,2027-02-27,ENTREE,118
16857,29,2027-02-28,SORTIE,27
16858,20,2027-02-28,SORTIE,7
16859,14,2027-02-28,SORTIE,22
16860,25,2027-02-28,SORTIE,11
16861,10,2027-02-28,SORTIE,1
16862,3,2027-02-28,SORTIE,23
16863,33,2027-02-28,SORTIE,13
16864,28,2027-02-28,SORTIE,11
16865,8,2027-02-28,SORTIE,22
16866,28,2027-02-28,SORTIE,28
16867,14,2027-02-28,SORTIE,9
16868,29,2027-02-28,ENTREE,170
16869,20,2027-03-01,SORTIE,26
16870,35,2027-03-01,SORTIE,15
16871,33,2027-03-01,SORTIE,2
16872,4,2027-03-01,SORTIE,4
16873,35,2027-03-01,SORTIE,9
16874,9,2027-03-01,SORTIE,28
16875,20,2027-03-01,SORTIE,5
16876,29,2027-03-01,SORTIE,2
16877,27,2027-03-01,SORTIE,15
16878,35,2027-03-01,SORTIE,1
16879,20,2027-03-01,SORTIE,13
16880,4,2027-03-01,SORTIE,3
16881,35,2027-03-01,SORTIE,24
16882,19,2027-03-01,ENTREE,449
16883,5,2027-03-02,SORTIE,15
16884,33,2027-03-02,SORTIE,13
16885,14,2027-03-02,SORTIE,7
16886,32,2027-03-02,SORTIE,24
16887,23,2027-03-02,SORTIE,9
16888,28,2027-03-02,SORTIE,12
16889,17,2027-03-02,SORTIE,25
16890,24,2027-03-02,SORTIE,17
16891,34,2027-03-02,SORTIE,22
16892,32,2027-03-02,SORTIE,1
16893,21,2027-03-02,SORTIE,26
16894,33,2027-03-02,SORTIE,17
16895,9,2027-03-02,SORTIE,9
16896,25,2027-03-02,ENTREE,312
16897,21,2027-03-03,SORTIE,7
16898,19,2027-03-03,SORTIE,29
16899,19,2027-03-03,SORTIE,29
16900,29,2027-03-03,SORTIE,22
16901,10,2027-03-03,SORTIE,5
16902,18,2027-03-03,SORTIE,27
16903,30,2027-03-03,SORTIE,9
16904,18,2027-03-03,SORTIE,28
16905,21,2027-03-03,SORTIE,24
16906,5,2027-03-03,SORTIE,12
16907,23,2027-03-03,SORTIE,16
16908,14,2027-03-03,SORTIE,13
16909,13,2027-03-03,SORTIE,30
16910,35,2027-03-03,SORTIE,16
16911,5,2027-03-04,SORTIE,27
16912,26,2027-03-04,SORTIE,11
16913,23,2027-03-04,SORTIE,21
16914,14,2027-03-04,SORTIE,6
16915,18,2027-03-04,SORTIE,3
16916,35,2027-03-04,SORTIE,14
16917,30,2027-03-04,SORTIE,22
16918,12,2027-03-04,SORTIE,10
16919,3,2027-03-04,SORTIE,18
16920,14,2027-03-04,SORTIE,9
16921,27,2027-03-04,SORTIE,24
16922,30,2027-03-04,SORTIE,11
16923,5,2027-03-04,SORTIE,26
16924,6,2027-03-04,SORTIE,30
16925,7,2027-03-04,SORTIE,10
16926,30,2027-03-04,SORTIE,13
16927,4,2027-03-04,SORTIE,3
16928,3,2027-03-04,SORTIE,13
16929,19,2027-03-04,SORTIE,22
16930,26,2027-03-04,SORTIE,23
16931,12,2027-03-04,SORTIE,4
16932,34,2027-03-04,SORTIE,15
16933,32,2027-03-04,SORTIE,5
16934,20,2027-03-04,SORTIE,26
16935,8,2027-03-04,ENTREE,339
16936,6,2027-03-05,SORTIE,28
16937,28,2027-03-05,SORTIE,18
16938,34,2027-03-05,SORTIE,6
16939,25,2027-03-05,SORTIE,11
16940,17,2027-03-05,SORTIE,7
16941,26,2027-03-05,SORTIE,17
16942,28,2027-03-05,SORTIE,14
16943,22,2027-03-05,SORTIE,2
16944,32,2027-03-05,SORTIE,7
16945,34,2027-03-05,SORTIE,30
16946,13,2027-03-05,SORTIE,19
16947,8,2027-03-05,SORTIE,30
16948,21,2027-03-05,SORTIE,1
16949,9,2027-03-05,SORTIE,14
16950,8,2027-03-06,SORTIE,13
16951,33,2027-03-06,SORTIE,9
16952,25,2027-03-06,SORTIE,16
16953,19,2027-03-06,SORTIE,12
16954,23,2027-03-06,SORTIE,23
16955,11,2027-03-06,SORTIE,24
16956,29,2027-03-06,SORTIE,29
16957,13,2027-03-07,SORTIE,13
16958,16,2027-03-07,SORTIE,7
16959,28,2027-03-07,SORTIE,27
16960,29,2027-03-07,SORTIE,25
16961,24,2027-03-07,SORTIE,13
16962,12,2027-03-07,SORTIE,8
16963,23,2027-03-07,SORTIE,25
16964,16,2027-03-07,SORTIE,19
16965,4,2027-03-07,SORTIE,2
16966,6,2027-03-07,SORTIE,19
16967,9,2027-03-07,SORTIE,11
16968,21,2027-03-07,SORTIE,10
16969,5,2027-03-07,SORTIE,5
16970,31,2027-03-08,SORTIE,20
16971,27,2027-03-08,SORTIE,7
16972,2,2027-03-08,SORTIE,30
16973,4,2027-03-08,SORTIE,2
16974,25,2027-03-08,SORTIE,19
16975,6,2027-03-08,SORTIE,12
16976,11,2027-03-08,SORTIE,23
16977,10,2027-03-08,SORTIE,21
16978,23,2027-03-08,ENTREE,458
16979,8,2027-03-09,SORTIE,16
16980,13,2027-03-09,SORTIE,24
16981,35,2027-03-09,SORTIE,9
16982,28,2027-03-09,SORTIE,30
16983,21,2027-03-09,SORTIE,15
16984,19,2027-03-09,SORTIE,27
16985,8,2027-03-09,SORTIE,24
16986,29,2027-03-09,SORTIE,6
16987,17,2027-03-09,SORTIE,6
16988,26,2027-03-09,SORTIE,14
16989,4,2027-03-09,SORTIE,8
16990,29,2027-03-09,SORTIE,12
16991,9,2027-03-09,SORTIE,24
16992,26,2027-03-09,SORTIE,5
16993,8,2027-03-09,SORTIE,14
16994,31,2027-03-09,SORTIE,14
16995,2,2027-03-10,SORTIE,5
16996,21,2027-03-10,SORTIE,4
16997,21,2027-03-10,SORTIE,19
16998,30,2027-03-10,SORTIE,4
16999,17,2027-03-10,SORTIE,23
17000,12,2027-03-10,SORTIE,22
17001,17,2027-03-10,SORTIE,26
17002,19,2027-03-10,SORTIE,29
17003,32,2027-03-10,SORTIE,2
17004,13,2027-03-10,SORTIE,11
17005,10,2027-03-10,SORTIE,11
17006,14,2027-03-10,SORTIE,9
17007,7,2027-03-10,SORTIE,7
17008,13,2027-03-10,SORTIE,28
17009,21,2027-03-10,SORTIE,2
17010,20,2027-03-10,SORTIE,4
17011,16,2027-03-10,SORTIE,10
17012,6,2027-03-10,SORTIE,6
17013,20,2027-03-10,SORTIE,24
17014,21,2027-03-10,SORTIE,8
17015,34,2027-03-10,SORTIE,5
17016,31,2027-03-10,SORTIE,22
17017,22,2027-03-11,SORTIE,21
17018,29,2027-03-11,SORTIE,12
17019,1,2027-03-11,SORTIE,24
17020,24,2027-03-11,SORTIE,10
17021,30,2027-03-11,SORTIE,16
17022,34,2027-03-11,SORTIE,21
17023,29,2027-03-11,SORTIE,11
17024,13,2027-03-11,SORTIE,27
17025,14,2027-03-11,SORTIE,20
17026,30,2027-03-11,SORTIE,21
17027,18,2027-03-11,SORTIE,24
17028,32,2027-03-11,SORTIE,4
17029,34,2027-03-12,SORTIE,4
17030,4,2027-03-12,SORTIE,15
17031,24,2027-03-12,SORTIE,11
17032,16,2027-03-12,SORTIE,5
17033,19,2027-03-12,SORTIE,16
17034,15,2027-03-12,SORTIE,24
17035,33,2027-03-12,SORTIE,21
17036,12,2027-03-12,SORTIE,17
17037,14,2027-03-12,SORTIE,16
17038,8,2027-03-12,SORTIE,26
17039,19,2027-03-12,SORTIE,23
17040,18,2027-03-13,SORTIE,26
17041,15,2027-03-13,SORTIE,19
17042,9,2027-03-13,SORTIE,23
17043,18,2027-03-13,SORTIE,5
17044,1,2027-03-13,SORTIE,5
17045,3,2027-03-13,SORTIE,7
17046,21,2027-03-13,SORTIE,21
17047,3,2027-03-13,SORTIE,15
17048,22,2027-03-13,SORTIE,15
17049,32,2027-03-14,SORTIE,6
17050,5,2027-03-14,SORTIE,8
17051,12,2027-03-14,SORTIE,7
17052,18,2027-03-14,SORTIE,3
17053,14,2027-03-14,SORTIE,7
17054,18,2027-03-14,SORTIE,2
17055,29,2027-03-14,SORTIE,21
17056,34,2027-03-14,SORTIE,25
17057,6,2027-03-14,SORTIE,15
17058,6,2027-03-14,SORTIE,20
17059,2,2027-03-14,SORTIE,27
17060,28,2027-03-15,SORTIE,23
17061,3,2027-03-15,SORTIE,29
17062,23,2027-03-15,SORTIE,22
17063,4,2027-03-15,SORTIE,17
17064,10,2027-03-15,SORTIE,1
17065,34,2027-03-15,SORTIE,7
17066,12,2027-03-15,SORTIE,3
17067,31,2027-03-15,SORTIE,26
17068,26,2027-03-15,SORTIE,11
17069,30,2027-03-15,SORTIE,14
17070,6,2027-03-15,SORTIE,23
17071,11,2027-03-16,SORTIE,19
17072,15,2027-03-16,SORTIE,11
17073,10,2027-03-16,SORTIE,9
17074,12,2027-03-16,SORTIE,23
17075,7,2027-03-16,SORTIE,11
17076,26,2027-03-16,ENTREE,242
17077,27,2027-03-17,SORTIE,24
17078,28,2027-03-17,SORTIE,3
17079,32,2027-03-17,SORTIE,6
17080,24,2027-03-17,SORTIE,20
17081,10,2027-03-17,SORTIE,20
17082,17,2027-03-17,SORTIE,6
17083,26,2027-03-17,SORTIE,9
17084,1,2027-03-17,SORTIE,19
17085,16,2027-03-17,SORTIE,1
17086,13,2027-03-17,SORTIE,19
17087,30,2027-03-17,SORTIE,12
17088,25,2027-03-17,SORTIE,20
17089,6,2027-03-17,SORTIE,3
17090,15,2027-03-17,SORTIE,11
17091,25,2027-03-17,SORTIE,30
17092,24,2027-03-18,SORTIE,24
17093,14,2027-03-18,SORTIE,4
17094,13,2027-03-18,SORTIE,24
17095,32,2027-03-18,SORTIE,30
17096,35,2027-03-18,SORTIE,12
17097,24,2027-03-18,SORTIE,17
17098,18,2027-03-18,SORTIE,28
17099,7,2027-03-18,SORTIE,9
17100,25,2027-03-19,SORTIE,20
17101,5,2027-03-19,SORTIE,30
17102,24,2027-03-19,SORTIE,23
17103,11,2027-03-19,SORTIE,12
17104,20,2027-03-19,SORTIE,20
17105,28,2027-03-19,SORTIE,21
17106,5,2027-03-20,SORTIE,9
17107,35,2027-03-20,SORTIE,2
17108,15,2027-03-20,SORTIE,4
17109,3,2027-03-20,SORTIE,18
17110,28,2027-03-20,SORTIE,24
17111,19,2027-03-20,SORTIE,26
17112,34,2027-03-20,SORTIE,21
17113,26,2027-03-20,SORTIE,28
17114,11,2027-03-20,SORTIE,9
17115,19,2027-03-20,SORTIE,8
17116,1,2027-03-21,SORTIE,29
17117,7,2027-03-21,SORTIE,5
17118,28,2027-03-21,SORTIE,28
17119,35,2027-03-21,SORTIE,15
17120,26,2027-03-21,SORTIE,29
17121,20,2027-03-21,SORTIE,13
17122,22,2027-03-21,SORTIE,28
17123,11,2027-03-21,SORTIE,2
17124,20,2027-03-21,SORTIE,24
17125,6,2027-03-21,SORTIE,4
17126,1,2027-03-21,SORTIE,25
17127,31,2027-03-21,SORTIE,11
17128,13,2027-03-21,SORTIE,16
17129,1,2027-03-21,SORTIE,18
17130,19,2027-03-21,SORTIE,3
17131,14,2027-03-22,SORTIE,15
17132,26,2027-03-22,SORTIE,13
17133,2,2027-03-22,SORTIE,22
17134,24,2027-03-22,SORTIE,9
17135,15,2027-03-22,SORTIE,22
17136,25,2027-03-22,SORTIE,28
17137,11,2027-03-22,SORTIE,10
17138,24,2027-03-22,SORTIE,4
17139,32,2027-03-22,SORTIE,16
17140,4,2027-03-22,SORTIE,22
17141,17,2027-03-22,SORTIE,18
17142,29,2027-03-22,SORTIE,16
17143,14,2027-03-22,SORTIE,9
17144,23,2027-03-22,SORTIE,20
17145,10,2027-03-22,SORTIE,25
17146,31,2027-03-22,SORTIE,18
17147,30,2027-03-22,SORTIE,6
17148,28,2027-03-22,SORTIE,17
17149,32,2027-03-22,SORTIE,18
17150,31,2027-03-22,SORTIE,22
17151,20,2027-03-22,SORTIE,29
17152,33,2027-03-22,SORTIE,3
17153,9,2027-03-22,SORTIE,3
17154,15,2027-03-22,SORTIE,28
17155,12,2027-03-23,SORTIE,19
17156,35,2027-03-23,SORTIE,13
17157,5,2027-03-23,SORTIE,15
17158,25,2027-03-23,SORTIE,14
17159,26,2027-03-23,SORTIE,22
17160,8,2027-03-23,SORTIE,20
17161,30,2027-03-23,SORTIE,15
17162,3,2027-03-23,SORTIE,18
17163,7,2027-03-23,SORTIE,16
17164,30,2027-03-23,SORTIE,1
17165,15,2027-03-23,SORTIE,17
17166,28,2027-03-23,SORTIE,24
17167,30,2027-03-23,SORTIE,1
17168,11,2027-03-23,ENTREE,361
17169,12,2027-03-24,SORTIE,14
17170,17,2027-03-24,SORTIE,29
17171,13,2027-03-24,SORTIE,4
17172,10,2027-03-24,SORTIE,23
17173,30,2027-03-24,SORTIE,16
17174,31,2027-03-24,SORTIE,5
17175,28,2027-03-24,SORTIE,24
17176,1,2027-03-24,SORTIE,5
17177,33,2027-03-24,SORTIE,20
17178,6,2027-03-24,SORTIE,18
17179,14,2027-03-24,SORTIE,18
17180,12,2027-03-24,SORTIE,5
17181,30,2027-03-25,SORTIE,12
17182,25,2027-03-25,SORTIE,12
17183,31,2027-03-25,SORTIE,28
17184,18,2027-03-25,SORTIE,11
17185,21,2027-03-25,SORTIE,22
17186,15,2027-03-25,SORTIE,12
17187,15,2027-03-25,SORTIE,27
17188,18,2027-03-25,SORTIE,1
17189,4,2027-03-25,SORTIE,17
17190,33,2027-03-25,SORTIE,2
17191,35,2027-03-25,SORTIE,20
17192,29,2027-03-25,SORTIE,1
17193,4,2027-03-25,SORTIE,27
17194,25,2027-03-25,SORTIE,11
17195,1,2027-03-25,SORTIE,3
17196,25,2027-03-25,SORTIE,10
17197,33,2027-03-25,SORTIE,30
17198,14,2027-03-25,SORTIE,23
17199,20,2027-03-25,SORTIE,3
17200,14,2027-03-25,SORTIE,25
17201,27,2027-03-25,SORTIE,10
17202,31,2027-03-25,ENTREE,269
17203,8,2027-03-26,SORTIE,5
17204,9,2027-03-26,SORTIE,26
17205,23,2027-03-26,SORTIE,28
17206,19,2027-03-26,SORTIE,20
17207,16,2027-03-26,SORTIE,25
17208,22,2027-03-26,SORTIE,19
17209,20,2027-03-26,SORTIE,27
17210,19,2027-03-26,SORTIE,4
17211,20,2027-03-26,SORTIE,25
17212,26,2027-03-26,SORTIE,10
17213,32,2027-03-26,SORTIE,4
17214,9,2027-03-26,SORTIE,15
17215,3,2027-03-26,SORTIE,8
17216,10,2027-03-26,SORTIE,10
17217,33,2027-03-26,SORTIE,9
17218,13,2027-03-26,SORTIE,18
17219,23,2027-03-26,SORTIE,19
17220,8,2027-03-27,SORTIE,4
17221,20,2027-03-27,SORTIE,26
17222,10,2027-03-27,SORTIE,22
17223,15,2027-03-27,SORTIE,30
17224,6,2027-03-27,SORTIE,29
17225,32,2027-03-27,SORTIE,17
17226,34,2027-03-27,SORTIE,13
17227,17,2027-03-27,SORTIE,29
17228,34,2027-03-27,SORTIE,19
17229,12,2027-03-27,SORTIE,1
17230,5,2027-03-27,SORTIE,16
17231,34,2027-03-27,SORTIE,14
17232,15,2027-03-27,SORTIE,1
17233,1,2027-03-27,SORTIE,19
17234,33,2027-03-27,SORTIE,8
17235,14,2027-03-27,SORTIE,21
17236,5,2027-03-27,SORTIE,30
17237,16,2027-03-27,SORTIE,28
17238,28,2027-03-27,SORTIE,29
17239,7,2027-03-27,SORTIE,21
17240,6,2027-03-28,SORTIE,1
17241,35,2027-03-28,SORTIE,2
17242,17,2027-03-28,SORTIE,12
17243,3,2027-03-28,SORTIE,1
17244,3,2027-03-28,SORTIE,24
17245,3,2027-03-28,SORTIE,10
17246,4,2027-03-28,SORTIE,8
17247,25,2027-03-28,SORTIE,26
17248,1,2027-03-28,SORTIE,24
17249,2,2027-03-28,SORTIE,16
17250,30,2027-03-28,SORTIE,24
17251,22,2027-03-28,SORTIE,26
17252,21,2027-03-28,SORTIE,11
17253,26,2027-03-28,SORTIE,26
17254,13,2027-03-28,SORTIE,27
17255,30,2027-03-28,SORTIE,10
17256,4,2027-03-28,SORTIE,15
17257,35,2027-03-28,SORTIE,14
17258,33,2027-03-28,SORTIE,26
17259,31,2027-03-28,SORTIE,26
17260,20,2027-03-28,SORTIE,25
17261,34,2027-03-28,SORTIE,10
17262,32,2027-03-28,SORTIE,5
17263,29,2027-03-28,SORTIE,29
17264,4,2027-03-28,SORTIE,4
17265,9,2027-03-28,SORTIE,6
17266,19,2027-03-28,SORTIE,2
17267,32,2027-03-28,SORTIE,22
17268,35,2027-03-28,SORTIE,16
17269,31,2027-03-28,SORTIE,23
17270,30,2027-03-29,SORTIE,18
17271,10,2027-03-29,SORTIE,5
17272,7,2027-03-29,SORTIE,4
17273,33,2027-03-29,SORTIE,13
17274,16,2027-03-29,SORTIE,5
17275,31,2027-03-29,SORTIE,14
17276,2,2027-03-29,SORTIE,7
17277,30,2027-03-29,SORTIE,17
17278,14,2027-03-29,SORTIE,9
17279,10,2027-03-29,SORTIE,27
17280,32,2027-03-29,SORTIE,2
17281,8,2027-03-29,SORTIE,21
17282,26,2027-03-29,SORTIE,10
17283,11,2027-03-29,SORTIE,7
17284,13,2027-03-29,SORTIE,23
17285,21,2027-03-30,SORTIE,26
17286,31,2027-03-30,SORTIE,26
17287,28,2027-03-30,SORTIE,27
17288,22,2027-03-30,SORTIE,28
17289,6,2027-03-30,SORTIE,14
17290,14,2027-03-30,SORTIE,22
17291,23,2027-03-30,SORTIE,22
17292,19,2027-03-30,SORTIE,19
17293,21,2027-03-30,SORTIE,20
17294,19,2027-03-30,SORTIE,4
17295,4,2027-03-30,SORTIE,5
17296,19,2027-03-31,SORTIE,11
17297,26,2027-03-31,SORTIE,9
17298,6,2027-03-31,SORTIE,7
17299,17,2027-03-31,SORTIE,13
17300,5,2027-03-31,SORTIE,21
17301,23,2027-03-31,SORTIE,15
17302,9,2027-03-31,SORTIE,27
17303,19,2027-03-31,SORTIE,25
17304,7,2027-03-31,SORTIE,12
17305,35,2027-03-31,SORTIE,26
17306,9,2027-03-31,SORTIE,8
17307,17,2027-03-31,SORTIE,1
17308,17,2027-03-31,SORTIE,7
17309,29,2027-03-31,SORTIE,2
17310,20,2027-03-31,SORTIE,18
17311,27,2027-04-01,SORTIE,26
17312,17,2027-04-01,SORTIE,9
17313,13,2027-04-01,SORTIE,19
17314,6,2027-04-01,SORTIE,25
17315,8,2027-04-01,SORTIE,9
17316,1,2027-04-01,SORTIE,23
17317,33,2027-04-01,SORTIE,6
17318,3,2027-04-01,SORTIE,1
17319,11,2027-04-01,SORTIE,25
17320,33,2027-04-01,SORTIE,26
17321,16,2027-04-01,SORTIE,2
17322,11,2027-04-01,SORTIE,17
17323,18,2027-04-01,SORTIE,30
17324,35,2027-04-01,SORTIE,23
17325,23,2027-04-01,SORTIE,29
17326,19,2027-04-01,SORTIE,12
17327,2,2027-04-01,SORTIE,25
17328,19,2027-04-01,ENTREE,405
17329,9,2027-04-02,SORTIE,13
17330,26,2027-04-02,SORTIE,15
17331,21,2027-04-02,SORTIE,11
17332,25,2027-04-02,SORTIE,21
17333,21,2027-04-02,SORTIE,30
17334,6,2027-04-02,SORTIE,3
17335,13,2027-04-02,SORTIE,1
17336,8,2027-04-02,SORTIE,28
17337,1,2027-04-02,SORTIE,5
17338,14,2027-04-02,SORTIE,18
17339,9,2027-04-02,SORTIE,25
17340,1,2027-04-02,SORTIE,5
17341,18,2027-04-02,SORTIE,4
17342,18,2027-04-02,ENTREE,485
17343,23,2027-04-03,SORTIE,10
17344,6,2027-04-03,SORTIE,27
17345,1,2027-04-03,SORTIE,9
17346,28,2027-04-03,SORTIE,28
17347,17,2027-04-03,SORTIE,20
17348,3,2027-04-03,SORTIE,1
17349,16,2027-04-03,ENTREE,341
17350,8,2027-04-04,SORTIE,5
17351,27,2027-04-04,SORTIE,23
17352,21,2027-04-04,SORTIE,11
17353,9,2027-04-04,SORTIE,30
17354,10,2027-04-04,SORTIE,18
17355,24,2027-04-04,SORTIE,13
17356,6,2027-04-04,SORTIE,17
17357,21,2027-04-04,SORTIE,8
17358,19,2027-04-04,SORTIE,9
17359,34,2027-04-04,SORTIE,17
17360,16,2027-04-04,SORTIE,26
17361,23,2027-04-04,SORTIE,21
17362,31,2027-04-04,SORTIE,10
17363,26,2027-04-04,SORTIE,26
17364,26,2027-04-04,SORTIE,15
17365,33,2027-04-04,SORTIE,25
17366,12,2027-04-04,SORTIE,19
17367,27,2027-04-05,SORTIE,16
17368,12,2027-04-05,SORTIE,16
17369,9,2027-04-05,SORTIE,17
17370,11,2027-04-05,SORTIE,17
17371,32,2027-04-05,SORTIE,5
17372,2,2027-04-05,SORTIE,28
17373,21,2027-04-05,SORTIE,17
17374,20,2027-04-06,SORTIE,20
17375,16,2027-04-06,SORTIE,4
17376,3,2027-04-06,SORTIE,14
17377,11,2027-04-06,SORTIE,3
17378,22,2027-04-06,SORTIE,30
17379,28,2027-04-06,SORTIE,16
17380,31,2027-04-06,SORTIE,22
17381,24,2027-04-06,SORTIE,16
17382,7,2027-04-06,SORTIE,8
17383,35,2027-04-06,SORTIE,22
17384,23,2027-04-06,SORTIE,16
17385,6,2027-04-06,SORTIE,7
17386,32,2027-04-07,SORTIE,14
17387,11,2027-04-07,SORTIE,15
17388,2,2027-04-07,SORTIE,24
17389,12,2027-04-07,SORTIE,13
17390,10,2027-04-07,SORTIE,2
17391,4,2027-04-07,SORTIE,3
17392,17,2027-04-07,SORTIE,3
17393,11,2027-04-07,SORTIE,5
17394,20,2027-04-07,SORTIE,12
17395,4,2027-04-07,SORTIE,23
17396,20,2027-04-07,SORTIE,26
17397,32,2027-04-07,SORTIE,3
17398,19,2027-04-07,SORTIE,10
17399,2,2027-04-07,SORTIE,7
17400,33,2027-04-07,SORTIE,28
17401,34,2027-04-07,SORTIE,14
17402,10,2027-04-07,SORTIE,11
17403,25,2027-04-07,SORTIE,19
17404,11,2027-04-07,SORTIE,12
17405,29,2027-04-07,SORTIE,2
17406,25,2027-04-07,SORTIE,7
17407,5,2027-04-07,SORTIE,26
17408,16,2027-04-07,SORTIE,25
17409,13,2027-04-08,SORTIE,12
17410,15,2027-04-08,SORTIE,7
17411,25,2027-04-08,SORTIE,27
17412,5,2027-04-08,SORTIE,18
17413,18,2027-04-08,SORTIE,5
17414,7,2027-04-08,SORTIE,26
17415,28,2027-04-08,SORTIE,17
17416,9,2027-04-08,SORTIE,4
17417,18,2027-04-08,SORTIE,7
17418,24,2027-04-08,SORTIE,1
17419,35,2027-04-08,SORTIE,27
17420,33,2027-04-08,SORTIE,3
17421,1,2027-04-08,SORTIE,16
17422,22,2027-04-09,SORTIE,7
17423,30,2027-04-09,SORTIE,9
17424,31,2027-04-09,SORTIE,15
17425,17,2027-04-09,SORTIE,30
17426,33,2027-04-09,SORTIE,26
17427,9,2027-04-09,SORTIE,17
17428,12,2027-04-09,SORTIE,21
17429,17,2027-04-09,SORTIE,5
17430,7,2027-04-09,SORTIE,28
17431,20,2027-04-09,SORTIE,19
17432,8,2027-04-09,SORTIE,20
17433,14,2027-04-09,SORTIE,29
17434,11,2027-04-09,SORTIE,16
17435,30,2027-04-09,SORTIE,16
17436,25,2027-04-09,SORTIE,10
17437,27,2027-04-09,SORTIE,5
17438,1,2027-04-09,ENTREE,373
17439,11,2027-04-10,SORTIE,25
17440,21,2027-04-10,SORTIE,11
17441,4,2027-04-10,SORTIE,29
17442,12,2027-04-10,SORTIE,11
17443,31,2027-04-10,SORTIE,30
17444,7,2027-04-10,SORTIE,9
17445,7,2027-04-10,SORTIE,15
17446,2,2027-04-10,SORTIE,14
17447,23,2027-04-10,SORTIE,18
17448,7,2027-04-10,SORTIE,1
17449,31,2027-04-10,SORTIE,14
17450,7,2027-04-10,SORTIE,23
17451,25,2027-04-11,SORTIE,19
17452,10,2027-04-11,SORTIE,7
17453,5,2027-04-11,SORTIE,18
17454,34,2027-04-11,SORTIE,5
17455,3,2027-04-11,SORTIE,20
17456,26,2027-04-11,SORTIE,19
17457,10,2027-04-11,SORTIE,10
17458,34,2027-04-11,SORTIE,14
17459,31,2027-04-11,SORTIE,3
17460,32,2027-04-11,SORTIE,1
17461,26,2027-04-11,SORTIE,19
17462,23,2027-04-11,SORTIE,16
17463,12,2027-04-12,SORTIE,9
17464,27,2027-04-12,SORTIE,27
17465,32,2027-04-12,SORTIE,4
17466,21,2027-04-12,SORTIE,6
17467,29,2027-04-12,SORTIE,27
17468,30,2027-04-12,SORTIE,6
17469,3,2027-04-13,SORTIE,22
17470,16,2027-04-13,SORTIE,9
17471,15,2027-04-13,SORTIE,28
17472,10,2027-04-13,SORTIE,2
17473,19,2027-04-13,SORTIE,29
17474,25,2027-04-13,SORTIE,10
17475,26,2027-04-13,SORTIE,1
17476,25,2027-04-13,SORTIE,20
17477,22,2027-04-13,SORTIE,23
17478,16,2027-04-14,SORTIE,7
17479,16,2027-04-14,SORTIE,23
17480,18,2027-04-14,SORTIE,16
17481,23,2027-04-14,SORTIE,4
17482,6,2027-04-14,SORTIE,5
17483,18,2027-04-14,SORTIE,1
17484,23,2027-04-14,SORTIE,19
17485,30,2027-04-14,SORTIE,22
17486,4,2027-04-14,SORTIE,12
17487,34,2027-04-14,SORTIE,26
17488,2,2027-04-15,SORTIE,28
17489,8,2027-04-15,SORTIE,27
17490,15,2027-04-15,SORTIE,20
17491,17,2027-04-15,SORTIE,15
17492,11,2027-04-15,SORTIE,21
17493,15,2027-04-15,SORTIE,20
17494,25,2027-04-15,SORTIE,24
17495,25,2027-04-15,SORTIE,10
17496,14,2027-04-15,SORTIE,14
17497,23,2027-04-15,SORTIE,20
17498,9,2027-04-15,SORTIE,25
17499,13,2027-04-15,SORTIE,9
17500,31,2027-04-15,SORTIE,29
17501,23,2027-04-15,SORTIE,29
17502,8,2027-04-15,SORTIE,18
17503,7,2027-04-15,ENTREE,389
17504,14,2027-04-16,SORTIE,29
17505,14,2027-04-16,SORTIE,1
17506,2,2027-04-16,SORTIE,4
17507,10,2027-04-16,SORTIE,24
17508,13,2027-04-16,SORTIE,12
17509,3,2027-04-16,SORTIE,25
17510,11,2027-04-17,SORTIE,26
17511,34,2027-04-17,SORTIE,27
17512,32,2027-04-17,SORTIE,30
17513,34,2027-04-17,SORTIE,10
17514,6,2027-04-17,SORTIE,1
17515,3,2027-04-17,SORTIE,4
17516,21,2027-04-17,SORTIE,24
17517,6,2027-04-17,SORTIE,4
17518,18,2027-04-17,SORTIE,30
17519,8,2027-04-17,SORTIE,24
17520,3,2027-04-17,SORTIE,17
17521,21,2027-04-17,SORTIE,18
17522,29,2027-04-17,SORTIE,8
17523,6,2027-04-17,SORTIE,14
17524,27,2027-04-17,SORTIE,2
17525,25,2027-04-17,SORTIE,20
17526,8,2027-04-17,SORTIE,21
17527,4,2027-04-17,SORTIE,30
17528,5,2027-04-17,SORTIE,24
17529,1,2027-04-17,ENTREE,139
17530,30,2027-04-18,SORTIE,12
17531,32,2027-04-18,SORTIE,8
17532,9,2027-04-18,SORTIE,14
17533,35,2027-04-18,SORTIE,18
17534,26,2027-04-18,SORTIE,24
17535,3,2027-04-18,SORTIE,10
17536,4,2027-04-18,SORTIE,10
17537,8,2027-04-18,SORTIE,10
17538,13,2027-04-18,SORTIE,22
17539,29,2027-04-18,SORTIE,30
17540,18,2027-04-18,SORTIE,3
17541,34,2027-04-18,SORTIE,8
17542,8,2027-04-18,SORTIE,26
17543,9,2027-04-18,SORTIE,24
17544,23,2027-04-18,SORTIE,19
17545,25,2027-04-18,SORTIE,5
17546,3,2027-04-18,SORTIE,9
17547,24,2027-04-18,SORTIE,3
17548,2,2027-04-19,SORTIE,17
17549,18,2027-04-19,SORTIE,19
17550,10,2027-04-19,SORTIE,15
17551,24,2027-04-19,SORTIE,14
17552,24,2027-04-19,SORTIE,25
17553,21,2027-04-19,SORTIE,12
17554,31,2027-04-19,SORTIE,22
17555,34,2027-04-19,SORTIE,20
17556,10,2027-04-19,SORTIE,30
17557,23,2027-04-19,SORTIE,28
17558,6,2027-04-19,SORTIE,3
17559,1,2027-04-19,SORTIE,9
17560,5,2027-04-19,SORTIE,14
17561,30,2027-04-19,SORTIE,21
17562,5,2027-04-20,SORTIE,16
17563,29,2027-04-20,SORTIE,3
17564,19,2027-04-20,SORTIE,23
17565,1,2027-04-20,SORTIE,8
17566,1,2027-04-20,SORTIE,18
17567,35,2027-04-20,SORTIE,1
17568,20,2027-04-20,SORTIE,15
17569,8,2027-04-20,ENTREE,428
17570,12,2027-04-21,SORTIE,7
17571,4,2027-04-21,SORTIE,30
17572,6,2027-04-21,SORTIE,29
17573,18,2027-04-21,SORTIE,23
17574,6,2027-04-21,SORTIE,27
17575,3,2027-04-21,SORTIE,16
17576,12,2027-04-21,SORTIE,3
17577,19,2027-04-21,SORTIE,19
17578,2,2027-04-21,SORTIE,23
17579,20,2027-04-21,SORTIE,13
17580,26,2027-04-21,SORTIE,12
17581,3,2027-04-21,SORTIE,24
17582,7,2027-04-21,SORTIE,24
17583,18,2027-04-21,ENTREE,329
17584,30,2027-04-22,SORTIE,26
17585,29,2027-04-22,SORTIE,4
17586,2,2027-04-22,SORTIE,30
17587,30,2027-04-22,SORTIE,29
17588,2,2027-04-22,SORTIE,23
17589,31,2027-04-22,SORTIE,12
17590,13,2027-04-22,SORTIE,27
17591,6,2027-04-22,SORTIE,22
17592,17,2027-04-22,SORTIE,30
17593,5,2027-04-22,SORTIE,5
17594,14,2027-04-22,SORTIE,24
17595,26,2027-04-22,SORTIE,6
17596,14,2027-04-23,SORTIE,22
17597,8,2027-04-23,SORTIE,18
17598,27,2027-04-23,SORTIE,26
17599,10,2027-04-23,SORTIE,14
17600,9,2027-04-23,SORTIE,6
17601,9,2027-04-23,SORTIE,22
17602,6,2027-04-23,SORTIE,5
17603,10,2027-04-23,SORTIE,10
17604,5,2027-04-23,SORTIE,26
17605,19,2027-04-23,SORTIE,7
17606,31,2027-04-23,SORTIE,28
17607,23,2027-04-23,SORTIE,9
17608,21,2027-04-23,SORTIE,15
17609,30,2027-04-23,SORTIE,7
17610,12,2027-04-23,SORTIE,28
17611,26,2027-04-23,SORTIE,5
17612,22,2027-04-23,SORTIE,9
17613,21,2027-04-23,SORTIE,16
17614,22,2027-04-23,SORTIE,16
17615,14,2027-04-24,SORTIE,11
17616,26,2027-04-24,SORTIE,8
17617,23,2027-04-24,SORTIE,30
17618,27,2027-04-24,SORTIE,1
17619,2,2027-04-24,SORTIE,24
17620,14,2027-04-24,SORTIE,20
17621,32,2027-04-24,SORTIE,22
17622,3,2027-04-24,SORTIE,26
17623,34,2027-04-24,SORTIE,4
17624,7,2027-04-24,SORTIE,25
17625,2,2027-04-24,SORTIE,28
17626,14,2027-04-24,ENTREE,354
17627,1,2027-04-25,SORTIE,9
17628,26,2027-04-25,SORTIE,22
17629,32,2027-04-25,SORTIE,10
17630,2,2027-04-25,SORTIE,25
17631,10,2027-04-25,SORTIE,18
17632,5,2027-04-25,SORTIE,11
17633,24,2027-04-25,SORTIE,11
17634,26,2027-04-25,SORTIE,10
17635,19,2027-04-25,ENTREE,154
17636,19,2027-04-26,SORTIE,13
17637,25,2027-04-26,SORTIE,10
17638,32,2027-04-26,SORTIE,25
17639,27,2027-04-26,SORTIE,3
17640,20,2027-04-26,SORTIE,10
17641,20,2027-04-26,SORTIE,4
17642,29,2027-04-26,SORTIE,18
17643,30,2027-04-26,SORTIE,19
17644,31,2027-04-26,ENTREE,498
17645,18,2027-04-27,SORTIE,24
17646,18,2027-04-27,SORTIE,12
17647,2,2027-04-27,SORTIE,8
17648,33,2027-04-27,SORTIE,9
17649,28,2027-04-27,SORTIE,10
17650,7,2027-04-27,SORTIE,9
17651,13,2027-04-27,SORTIE,9
17652,29,2027-04-27,SORTIE,14
17653,22,2027-04-27,SORTIE,23
17654,3,2027-04-27,SORTIE,22
17655,2,2027-04-27,SORTIE,27
17656,30,2027-04-27,SORTIE,10
17657,22,2027-04-28,SORTIE,24
17658,27,2027-04-28,SORTIE,22
17659,17,2027-04-28,SORTIE,12
17660,20,2027-04-28,SORTIE,24
17661,14,2027-04-28,SORTIE,25
17662,12,2027-04-28,SORTIE,25
17663,27,2027-04-28,SORTIE,21
17664,11,2027-04-28,SORTIE,22
17665,19,2027-04-28,SORTIE,14
17666,3,2027-04-28,SORTIE,9
17667,5,2027-04-28,SORTIE,19
17668,32,2027-04-28,SORTIE,8
17669,21,2027-04-29,SORTIE,9
17670,22,2027-04-29,SORTIE,1
17671,2,2027-04-29,SORTIE,19
17672,5,2027-04-29,SORTIE,20
17673,29,2027-04-29,SORTIE,6
17674,2,2027-04-29,SORTIE,18
17675,25,2027-04-29,SORTIE,23
17676,8,2027-04-29,SORTIE,28
17677,21,2027-04-29,SORTIE,9
17678,29,2027-04-29,SORTIE,2
17679,19,2027-04-29,SORTIE,2
17680,2,2027-04-29,SORTIE,10
17681,29,2027-04-29,SORTIE,21
17682,19,2027-04-29,SORTIE,28
17683,10,2027-04-29,SORTIE,10
17684,31,2027-04-29,SORTIE,4
17685,4,2027-04-29,SORTIE,28
17686,10,2027-04-29,SORTIE,24
17687,31,2027-04-30,SORTIE,12
17688,14,2027-04-30,SORTIE,2
17689,2,2027-04-30,SORTIE,3
17690,2,2027-04-30,SORTIE,15
17691,8,2027-04-30,SORTIE,1
17692,6,2027-04-30,SORTIE,5
17693,2,2027-04-30,SORTIE,8
17694,4,2027-04-30,SORTIE,30
17695,32,2027-05-01,SORTIE,12
17696,30,2027-05-01,SORTIE,18
17697,20,2027-05-01,SORTIE,11
17698,27,2027-05-01,SORTIE,10
17699,1,2027-05-01,SORTIE,3
17700,6,2027-05-01,SORTIE,30
17701,3,2027-05-02,SORTIE,8
17702,12,2027-05-02,SORTIE,17
17703,3,2027-05-02,SORTIE,24
17704,17,2027-05-02,SORTIE,2
17705,11,2027-05-02,SORTIE,23
17706,15,2027-05-02,SORTIE,14
17707,25,2027-05-02,SORTIE,14
17708,21,2027-05-02,SORTIE,13
17709,35,2027-05-02,SORTIE,5
17710,23,2027-05-02,SORTIE,25
17711,22,2027-05-02,SORTIE,30
17712,19,2027-05-02,SORTIE,3
17713,9,2027-05-02,SORTIE,14
17714,9,2027-05-02,SORTIE,21
17715,31,2027-05-03,SORTIE,10
17716,26,2027-05-03,SORTIE,13
17717,6,2027-05-03,SORTIE,6
17718,13,2027-05-03,SORTIE,22
17719,34,2027-05-03,ENTREE,456
17720,14,2027-05-04,SORTIE,15
17721,27,2027-05-04,SORTIE,3
17722,11,2027-05-04,SORTIE,7
17723,8,2027-05-04,SORTIE,22
17724,12,2027-05-04,SORTIE,29
17725,33,2027-05-04,SORTIE,11
17726,12,2027-05-04,SORTIE,13
17727,29,2027-05-04,SORTIE,2
17728,35,2027-05-04,SORTIE,13
17729,13,2027-05-04,SORTIE,13
17730,8,2027-05-04,SORTIE,13
17731,31,2027-05-04,SORTIE,3
17732,31,2027-05-04,SORTIE,26
17733,2,2027-05-04,SORTIE,17
17734,20,2027-05-04,SORTIE,27
17735,28,2027-05-04,SORTIE,28
17736,19,2027-05-04,SORTIE,25
17737,1,2027-05-04,SORTIE,18
17738,20,2027-05-04,SORTIE,2
17739,28,2027-05-04,SORTIE,7
17740,30,2027-05-05,SORTIE,27
17741,19,2027-05-05,SORTIE,5
17742,12,2027-05-05,SORTIE,5
17743,35,2027-05-05,SORTIE,30
17744,10,2027-05-05,SORTIE,8
17745,13,2027-05-05,SORTIE,24
17746,19,2027-05-05,SORTIE,12
17747,10,2027-05-05,SORTIE,14
17748,7,2027-05-05,SORTIE,14
17749,6,2027-05-06,SORTIE,9
17750,19,2027-05-06,SORTIE,3
17751,16,2027-05-06,SORTIE,1
17752,29,2027-05-06,SORTIE,23
17753,7,2027-05-06,SORTIE,4
17754,12,2027-05-06,SORTIE,1
17755,23,2027-05-06,SORTIE,24
17756,16,2027-05-06,SORTIE,12
17757,10,2027-05-06,SORTIE,17
17758,8,2027-05-06,SORTIE,5
17759,32,2027-05-06,SORTIE,9
17760,34,2027-05-06,SORTIE,15
17761,14,2027-05-06,SORTIE,6
17762,26,2027-05-06,SORTIE,1
17763,27,2027-05-06,SORTIE,26
17764,23,2027-05-06,SORTIE,3
17765,14,2027-05-06,SORTIE,12
17766,15,2027-05-06,SORTIE,28
17767,18,2027-05-06,SORTIE,5
17768,32,2027-05-06,SORTIE,19
17769,16,2027-05-06,SORTIE,25
17770,11,2027-05-06,SORTIE,7
17771,11,2027-05-06,SORTIE,29
17772,5,2027-05-06,SORTIE,7
17773,8,2027-05-06,SORTIE,23
17774,19,2027-05-06,SORTIE,22
17775,30,2027-05-06,SORTIE,7
17776,12,2027-05-06,SORTIE,26
17777,25,2027-05-06,SORTIE,24
17778,26,2027-05-06,SORTIE,14
17779,23,2027-05-06,SORTIE,6
17780,30,2027-05-06,SORTIE,30
17781,2,2027-05-06,SORTIE,1
17782,29,2027-05-07,SORTIE,18
17783,31,2027-05-07,SORTIE,24
17784,34,2027-05-07,SORTIE,30
17785,28,2027-05-07,SORTIE,7
17786,35,2027-05-07,SORTIE,24
17787,18,2027-05-07,SORTIE,19
17788,26,2027-05-07,SORTIE,4
17789,24,2027-05-07,SORTIE,6
17790,3,2027-05-07,SORTIE,20
17791,16,2027-05-07,SORTIE,1
17792,2,2027-05-07,SORTIE,28
17793,30,2027-05-07,SORTIE,18
17794,22,2027-05-07,SORTIE,20
17795,8,2027-05-07,SORTIE,3
17796,28,2027-05-07,SORTIE,17
17797,20,2027-05-07,SORTIE,29
17798,18,2027-05-07,SORTIE,9
17799,31,2027-05-07,SORTIE,16
17800,5,2027-05-07,SORTIE,26
17801,27,2027-05-07,SORTIE,8
17802,13,2027-05-07,SORTIE,1
17803,5,2027-05-07,SORTIE,16
17804,24,2027-05-07,SORTIE,18
17805,30,2027-05-07,SORTIE,13
17806,14,2027-05-07,SORTIE,10
17807,29,2027-05-07,SORTIE,26
17808,6,2027-05-07,SORTIE,19
17809,11,2027-05-07,SORTIE,17
17810,33,2027-05-07,SORTIE,25
17811,13,2027-05-08,SORTIE,24
17812,30,2027-05-08,SORTIE,22
17813,3,2027-05-08,SORTIE,7
17814,35,2027-05-08,SORTIE,3
17815,9,2027-05-08,SORTIE,20
17816,31,2027-05-08,SORTIE,20
17817,10,2027-05-08,SORTIE,12
17818,7,2027-05-08,SORTIE,10
17819,27,2027-05-08,SORTIE,1
17820,1,2027-05-08,SORTIE,9
17821,2,2027-05-08,SORTIE,2
17822,20,2027-05-08,SORTIE,10
17823,1,2027-05-08,ENTREE,142
17824,3,2027-05-09,SORTIE,12
17825,23,2027-05-09,SORTIE,29
17826,8,2027-05-09,SORTIE,14
17827,7,2027-05-09,SORTIE,24
17828,12,2027-05-09,SORTIE,20
17829,13,2027-05-09,SORTIE,1
17830,28,2027-05-09,SORTIE,30
17831,16,2027-05-09,SORTIE,29
17832,9,2027-05-09,SORTIE,30
17833,7,2027-05-09,SORTIE,8
17834,28,2027-05-09,SORTIE,20
17835,6,2027-05-09,SORTIE,19
17836,13,2027-05-09,SORTIE,25
17837,28,2027-05-10,SORTIE,23
17838,25,2027-05-10,SORTIE,10
17839,6,2027-05-10,SORTIE,1
17840,33,2027-05-10,SORTIE,26
17841,20,2027-05-10,SORTIE,17
17842,16,2027-05-10,SORTIE,5
17843,26,2027-05-10,SORTIE,11
17844,27,2027-05-10,SORTIE,25
17845,23,2027-05-10,SORTIE,22
17846,10,2027-05-10,SORTIE,9
17847,9,2027-05-10,SORTIE,13
17848,3,2027-05-10,SORTIE,18
17849,1,2027-05-10,SORTIE,8
17850,14,2027-05-10,SORTIE,8
17851,14,2027-05-10,SORTIE,28
17852,14,2027-05-10,SORTIE,21
17853,10,2027-05-10,SORTIE,11
17854,23,2027-05-10,SORTIE,11
17855,3,2027-05-10,SORTIE,28
17856,3,2027-05-10,SORTIE,8
17857,11,2027-05-10,SORTIE,13
17858,33,2027-05-10,SORTIE,23
17859,29,2027-05-10,SORTIE,29
17860,18,2027-05-10,ENTREE,145
17861,35,2027-05-11,SORTIE,5
17862,17,2027-05-11,SORTIE,2
17863,10,2027-05-11,SORTIE,15
17864,24,2027-05-11,SORTIE,15
17865,17,2027-05-11,SORTIE,8
17866,1,2027-05-11,SORTIE,26
17867,18,2027-05-11,ENTREE,495
17868,25,2027-05-12,SORTIE,10
17869,12,2027-05-12,SORTIE,9
17870,16,2027-05-12,SORTIE,13
17871,16,2027-05-12,SORTIE,30
17872,9,2027-05-12,SORTIE,10
17873,16,2027-05-12,SORTIE,16
17874,15,2027-05-12,SORTIE,23
17875,26,2027-05-12,SORTIE,24
17876,8,2027-05-12,SORTIE,30
17877,6,2027-05-12,SORTIE,6
17878,23,2027-05-12,SORTIE,4
17879,1,2027-05-12,SORTIE,2
17880,35,2027-05-13,SORTIE,2
17881,7,2027-05-13,SORTIE,3
17882,15,2027-05-13,SORTIE,7
17883,22,2027-05-13,SORTIE,17
17884,15,2027-05-13,SORTIE,4
17885,7,2027-05-13,SORTIE,29
17886,17,2027-05-13,SORTIE,18
17887,25,2027-05-13,SORTIE,30
17888,33,2027-05-13,SORTIE,16
17889,3,2027-05-13,SORTIE,8
17890,9,2027-05-13,SORTIE,24
17891,11,2027-05-13,SORTIE,5
17892,23,2027-05-13,SORTIE,25
17893,32,2027-05-13,SORTIE,8
17894,15,2027-05-13,SORTIE,4
17895,24,2027-05-13,SORTIE,1
17896,16,2027-05-13,SORTIE,29
17897,5,2027-05-13,SORTIE,15
17898,5,2027-05-13,SORTIE,30
17899,22,2027-05-13,SORTIE,19
17900,34,2027-05-13,SORTIE,11
17901,3,2027-05-13,SORTIE,26
17902,29,2027-05-13,SORTIE,26
17903,9,2027-05-14,SORTIE,25
17904,17,2027-05-14,SORTIE,25
17905,11,2027-05-15,SORTIE,22
17906,1,2027-05-15,SORTIE,8
17907,18,2027-05-15,SORTIE,17
17908,17,2027-05-15,SORTIE,22
17909,25,2027-05-15,SORTIE,30
17910,35,2027-05-15,SORTIE,16
17911,7,2027-05-15,SORTIE,12
17912,17,2027-05-15,SORTIE,15
17913,2,2027-05-15,SORTIE,17
17914,27,2027-05-15,SORTIE,15
17915,12,2027-05-15,SORTIE,10
17916,21,2027-05-15,SORTIE,12
17917,26,2027-05-15,SORTIE,6
17918,21,2027-05-15,SORTIE,3
17919,3,2027-05-15,SORTIE,13
17920,1,2027-05-15,SORTIE,15
17921,30,2027-05-16,SORTIE,9
17922,16,2027-05-16,SORTIE,21
17923,25,2027-05-16,SORTIE,18
17924,17,2027-05-16,SORTIE,26
17925,15,2027-05-16,SORTIE,21
17926,4,2027-05-16,SORTIE,24
17927,28,2027-05-16,SORTIE,2
17928,30,2027-05-16,SORTIE,18
17929,30,2027-05-16,SORTIE,9
17930,18,2027-05-16,SORTIE,27
17931,24,2027-05-16,SORTIE,25
17932,19,2027-05-16,SORTIE,22
17933,11,2027-05-16,SORTIE,16
17934,28,2027-05-16,SORTIE,27
17935,4,2027-05-16,SORTIE,6
17936,34,2027-05-16,SORTIE,19
17937,9,2027-05-16,SORTIE,17
17938,23,2027-05-16,SORTIE,3
17939,9,2027-05-16,SORTIE,29
17940,4,2027-05-16,SORTIE,19
17941,27,2027-05-16,SORTIE,21
17942,17,2027-05-16,SORTIE,2
17943,8,2027-05-16,SORTIE,29
17944,23,2027-05-16,SORTIE,28
17945,21,2027-05-16,SORTIE,29
17946,9,2027-05-16,SORTIE,5
17947,26,2027-05-16,ENTREE,364
17948,26,2027-05-17,SORTIE,11
17949,31,2027-05-17,SORTIE,19
17950,16,2027-05-17,SORTIE,24
17951,35,2027-05-17,SORTIE,27
17952,33,2027-05-17,SORTIE,26
17953,15,2027-05-17,SORTIE,29
17954,3,2027-05-17,SORTIE,3
17955,1,2027-05-17,SORTIE,8
17956,25,2027-05-17,SORTIE,19
17957,28,2027-05-17,SORTIE,5
17958,16,2027-05-18,SORTIE,13
17959,2,2027-05-18,SORTIE,7
17960,34,2027-05-18,SORTIE,2
17961,18,2027-05-18,SORTIE,15
17962,24,2027-05-18,SORTIE,5
17963,34,2027-05-18,SORTIE,17
17964,29,2027-05-18,SORTIE,12
17965,34,2027-05-18,SORTIE,16
17966,4,2027-05-18,SORTIE,9
17967,11,2027-05-19,SORTIE,3
17968,14,2027-05-19,SORTIE,9
17969,35,2027-05-19,SORTIE,25
17970,8,2027-05-19,SORTIE,19
17971,33,2027-05-19,SORTIE,30
17972,29,2027-05-19,SORTIE,17
17973,5,2027-05-19,ENTREE,308
17974,4,2027-05-20,SORTIE,6
17975,6,2027-05-20,SORTIE,5
17976,10,2027-05-20,SORTIE,10
17977,26,2027-05-20,SORTIE,13
17978,15,2027-05-20,SORTIE,1
17979,30,2027-05-20,SORTIE,29
17980,31,2027-05-20,SORTIE,28
17981,6,2027-05-20,SORTIE,26
17982,13,2027-05-20,SORTIE,15
17983,30,2027-05-20,ENTREE,380
17984,2,2027-05-21,SORTIE,20
17985,17,2027-05-21,SORTIE,3
17986,25,2027-05-21,SORTIE,16
17987,14,2027-05-21,SORTIE,15
17988,1,2027-05-21,SORTIE,5
17989,34,2027-05-21,SORTIE,22
17990,18,2027-05-21,SORTIE,29
17991,33,2027-05-21,SORTIE,15
17992,7,2027-05-21,SORTIE,21
17993,33,2027-05-21,SORTIE,23
17994,4,2027-05-21,SORTIE,7
17995,7,2027-05-21,SORTIE,19
17996,30,2027-05-21,SORTIE,20
17997,32,2027-05-21,SORTIE,3
17998,31,2027-05-21,SORTIE,10
17999,20,2027-05-21,SORTIE,5
18000,28,2027-05-21,SORTIE,24
18001,9,2027-05-21,SORTIE,20
18002,15,2027-05-22,SORTIE,16
18003,31,2027-05-22,SORTIE,15
18004,21,2027-05-22,SORTIE,15
18005,32,2027-05-22,SORTIE,15
18006,35,2027-05-22,SORTIE,26
18007,7,2027-05-22,SORTIE,22
18008,17,2027-05-22,SORTIE,20
18009,14,2027-05-22,SORTIE,8
18010,32,2027-05-22,SORTIE,4
18011,18,2027-05-23,SORTIE,12
18012,3,2027-05-23,SORTIE,2
18013,27,2027-05-23,SORTIE,26
18014,19,2027-05-23,SORTIE,17
18015,23,2027-05-23,SORTIE,3
18016,21,2027-05-23,SORTIE,27
18017,5,2027-05-23,SORTIE,10
18018,17,2027-05-23,SORTIE,14
18019,30,2027-05-23,SORTIE,21
18020,25,2027-05-23,SORTIE,14
18021,20,2027-05-23,SORTIE,7
18022,15,2027-05-23,SORTIE,3
18023,21,2027-05-24,SORTIE,15
18024,12,2027-05-24,SORTIE,12
18025,10,2027-05-24,SORTIE,21
18026,29,2027-05-24,SORTIE,4
18027,25,2027-05-24,SORTIE,25
18028,12,2027-05-24,SORTIE,26
18029,23,2027-05-24,SORTIE,17
18030,30,2027-05-24,SORTIE,8
18031,28,2027-05-24,SORTIE,23
18032,5,2027-05-24,SORTIE,5
18033,17,2027-05-24,SORTIE,5
18034,7,2027-05-24,SORTIE,12
18035,35,2027-05-24,SORTIE,20
18036,10,2027-05-24,SORTIE,18
18037,1,2027-05-24,SORTIE,20
18038,2,2027-05-24,SORTIE,20
18039,1,2027-05-24,SORTIE,27
18040,6,2027-05-24,SORTIE,23
18041,12,2027-05-24,SORTIE,8
18042,24,2027-05-24,SORTIE,2
18043,14,2027-05-24,SORTIE,30
18044,30,2027-05-24,SORTIE,30
18045,33,2027-05-24,ENTREE,320
18046,5,2027-05-25,SORTIE,5
18047,34,2027-05-25,SORTIE,7
18048,18,2027-05-25,SORTIE,26
18049,6,2027-05-25,SORTIE,20
18050,5,2027-05-25,SORTIE,7
18051,32,2027-05-25,SORTIE,10
18052,23,2027-05-25,SORTIE,15
18053,33,2027-05-25,SORTIE,10
18054,11,2027-05-25,SORTIE,28
18055,34,2027-05-25,SORTIE,18
18056,18,2027-05-25,SORTIE,10
18057,22,2027-05-25,SORTIE,1
18058,29,2027-05-25,SORTIE,17
18059,11,2027-05-25,SORTIE,14
18060,21,2027-05-25,SORTIE,22
18061,15,2027-05-25,SORTIE,4
18062,16,2027-05-25,SORTIE,6
18063,10,2027-05-25,SORTIE,19
18064,16,2027-05-25,SORTIE,16
18065,19,2027-05-25,SORTIE,29
18066,24,2027-05-25,ENTREE,303
18067,3,2027-05-26,SORTIE,8
18068,21,2027-05-26,SORTIE,21
18069,11,2027-05-26,SORTIE,15
18070,16,2027-05-26,SORTIE,14
18071,14,2027-05-26,SORTIE,13
18072,19,2027-05-26,SORTIE,25
18073,3,2027-05-26,SORTIE,25
18074,1,2027-05-26,SORTIE,14
18075,7,2027-05-26,SORTIE,18
18076,27,2027-05-26,SORTIE,2
18077,20,2027-05-26,SORTIE,29
18078,28,2027-05-26,SORTIE,17
18079,15,2027-05-26,SORTIE,24
18080,33,2027-05-26,SORTIE,20
18081,25,2027-05-26,SORTIE,8
18082,6,2027-05-26,SORTIE,9
18083,26,2027-05-26,SORTIE,28
18084,14,2027-05-26,SORTIE,24
18085,32,2027-05-27,SORTIE,22
18086,12,2027-05-27,SORTIE,29
18087,26,2027-05-27,SORTIE,18
18088,31,2027-05-27,SORTIE,7
18089,27,2027-05-27,SORTIE,10
18090,20,2027-05-27,SORTIE,28
18091,4,2027-05-27,SORTIE,25
18092,27,2027-05-27,SORTIE,9
18093,31,2027-05-27,SORTIE,29
18094,22,2027-05-27,SORTIE,22
18095,10,2027-05-27,SORTIE,10
18096,1,2027-05-27,SORTIE,22
18097,6,2027-05-28,SORTIE,23
18098,4,2027-05-28,SORTIE,23
18099,15,2027-05-28,SORTIE,7
18100,24,2027-05-28,SORTIE,23
18101,25,2027-05-28,SORTIE,28
18102,32,2027-05-28,SORTIE,26
18103,22,2027-05-28,SORTIE,4
18104,9,2027-05-28,SORTIE,2
18105,20,2027-05-28,SORTIE,5
18106,14,2027-05-28,SORTIE,20
18107,29,2027-05-28,SORTIE,17
18108,2,2027-05-28,SORTIE,6
18109,3,2027-05-28,ENTREE,318
18110,19,2027-05-29,SORTIE,28
18111,27,2027-05-29,SORTIE,13
18112,17,2027-05-29,SORTIE,14
18113,24,2027-05-29,SORTIE,28
18114,11,2027-05-29,SORTIE,22
18115,28,2027-05-29,SORTIE,6
18116,21,2027-05-29,SORTIE,29
18117,28,2027-05-29,SORTIE,2
18118,34,2027-05-29,SORTIE,12
18119,35,2027-05-29,SORTIE,25
18120,7,2027-05-29,SORTIE,17
18121,10,2027-05-29,SORTIE,14
18122,10,2027-05-29,SORTIE,23
18123,6,2027-05-29,SORTIE,7
18124,19,2027-05-29,SORTIE,23
18125,19,2027-05-29,SORTIE,6
18126,2,2027-05-29,SORTIE,12
18127,27,2027-05-29,SORTIE,13
18128,20,2027-05-29,SORTIE,15
18129,23,2027-05-29,SORTIE,23
18130,32,2027-05-29,SORTIE,29
18131,10,2027-05-30,SORTIE,17
18132,22,2027-05-30,SORTIE,18
18133,18,2027-05-30,SORTIE,10
18134,35,2027-05-30,SORTIE,1
18135,27,2027-05-30,SORTIE,9
18136,34,2027-05-30,SORTIE,9
18137,2,2027-05-30,SORTIE,24
18138,34,2027-05-30,SORTIE,25
18139,19,2027-05-30,SORTIE,3
18140,29,2027-05-30,SORTIE,19
18141,16,2027-05-30,SORTIE,6
18142,12,2027-05-30,SORTIE,9
18143,35,2027-05-30,SORTIE,27
18144,29,2027-05-30,SORTIE,18
18145,24,2027-05-30,SORTIE,2
18146,7,2027-05-30,SORTIE,6
18147,4,2027-05-30,SORTIE,16
18148,21,2027-05-30,ENTREE,346
18149,3,2027-05-31,SORTIE,28
18150,32,2027-05-31,SORTIE,25
18151,23,2027-05-31,SORTIE,27
18152,27,2027-05-31,SORTIE,12
18153,25,2027-05-31,SORTIE,13
18154,16,2027-05-31,ENTREE,344
18155,27,2027-06-01,SORTIE,26
18156,17,2027-06-01,SORTIE,10
18157,20,2027-06-01,SORTIE,12
18158,6,2027-06-01,SORTIE,6
18159,35,2027-06-01,SORTIE,14
18160,28,2027-06-01,SORTIE,9
18161,26,2027-06-01,SORTIE,9
18162,14,2027-06-01,SORTIE,23
18163,19,2027-06-01,SORTIE,15
18164,3,2027-06-02,SORTIE,27
18165,6,2027-06-02,SORTIE,9
18166,3,2027-06-02,SORTIE,13
18167,8,2027-06-02,SORTIE,12
18168,32,2027-06-02,SORTIE,27
18169,25,2027-06-02,SORTIE,13
18170,33,2027-06-03,SORTIE,30
18171,27,2027-06-03,SORTIE,13
18172,20,2027-06-03,SORTIE,14
18173,17,2027-06-03,SORTIE,5
18174,35,2027-06-03,SORTIE,4
18175,17,2027-06-03,SORTIE,22
18176,20,2027-06-03,SORTIE,15
18177,3,2027-06-03,SORTIE,6
18178,16,2027-06-03,SORTIE,23
18179,8,2027-06-03,SORTIE,16
18180,35,2027-06-03,SORTIE,18
18181,11,2027-06-03,SORTIE,25
18182,1,2027-06-03,SORTIE,4
18183,21,2027-06-03,SORTIE,5
18184,18,2027-06-04,SORTIE,10
18185,22,2027-06-04,SORTIE,23
18186,32,2027-06-04,SORTIE,3
18187,5,2027-06-04,SORTIE,18
18188,27,2027-06-04,SORTIE,28
18189,32,2027-06-04,SORTIE,16
18190,33,2027-06-04,SORTIE,27
18191,34,2027-06-04,SORTIE,19
18192,8,2027-06-04,SORTIE,13
18193,18,2027-06-04,SORTIE,6
18194,35,2027-06-04,SORTIE,13
18195,35,2027-06-04,SORTIE,23
18196,4,2027-06-04,SORTIE,26
18197,2,2027-06-05,SORTIE,2
18198,32,2027-06-05,SORTIE,28
18199,12,2027-06-05,SORTIE,7
18200,23,2027-06-05,SORTIE,4
18201,15,2027-06-05,SORTIE,14
18202,15,2027-06-05,SORTIE,7
18203,22,2027-06-05,SORTIE,14
18204,22,2027-06-05,SORTIE,27
18205,16,2027-06-05,SORTIE,12
18206,26,2027-06-05,SORTIE,28
18207,16,2027-06-05,SORTIE,29
18208,33,2027-06-05,SORTIE,23
18209,24,2027-06-05,SORTIE,13
18210,4,2027-06-05,SORTIE,10
18211,17,2027-06-05,SORTIE,16
18212,13,2027-06-05,SORTIE,8
18213,7,2027-06-05,SORTIE,12
18214,17,2027-06-05,SORTIE,14
18215,27,2027-06-05,SORTIE,15
18216,24,2027-06-05,SORTIE,22
18217,21,2027-06-05,SORTIE,8
18218,35,2027-06-05,SORTIE,7
18219,15,2027-06-05,SORTIE,17
18220,29,2027-06-05,SORTIE,18
18221,12,2027-06-05,SORTIE,15
18222,11,2027-06-05,SORTIE,13
18223,2,2027-06-05,SORTIE,12
18224,27,2027-06-06,SORTIE,21
18225,13,2027-06-06,SORTIE,16
18226,12,2027-06-06,SORTIE,27
18227,26,2027-06-06,SORTIE,5
18228,8,2027-06-06,SORTIE,19
18229,14,2027-06-06,SORTIE,17
18230,11,2027-06-06,SORTIE,22
18231,9,2027-06-06,SORTIE,15
18232,1,2027-06-06,SORTIE,28
18233,11,2027-06-06,SORTIE,21
18234,9,2027-06-06,SORTIE,24
18235,5,2027-06-06,SORTIE,22
18236,16,2027-06-06,ENTREE,133
18237,29,2027-06-07,SORTIE,13
18238,24,2027-06-07,SORTIE,19
18239,13,2027-06-07,SORTIE,19
18240,13,2027-06-07,SORTIE,21
18241,26,2027-06-07,SORTIE,17
18242,18,2027-06-07,SORTIE,7
18243,8,2027-06-07,SORTIE,9
18244,19,2027-06-07,SORTIE,1
18245,31,2027-06-08,SORTIE,10
18246,2,2027-06-08,SORTIE,6
18247,20,2027-06-08,SORTIE,4
18248,25,2027-06-08,SORTIE,2
18249,27,2027-06-08,SORTIE,9
18250,33,2027-06-08,SORTIE,10
18251,1,2027-06-08,SORTIE,21
18252,32,2027-06-08,SORTIE,11
18253,3,2027-06-08,SORTIE,1
18254,27,2027-06-08,SORTIE,28
18255,29,2027-06-08,SORTIE,5
18256,24,2027-06-09,SORTIE,7
18257,20,2027-06-09,SORTIE,19
18258,20,2027-06-09,SORTIE,11
18259,5,2027-06-09,SORTIE,18
18260,11,2027-06-09,SORTIE,1
18261,16,2027-06-09,SORTIE,30
18262,2,2027-06-09,SORTIE,13
18263,13,2027-06-09,SORTIE,30
18264,22,2027-06-09,SORTIE,11
18265,18,2027-06-09,SORTIE,4
18266,33,2027-06-09,SORTIE,16
18267,8,2027-06-09,SORTIE,27
18268,25,2027-06-09,SORTIE,27
18269,9,2027-06-09,SORTIE,3
18270,1,2027-06-09,SORTIE,4
18271,20,2027-06-09,SORTIE,30
18272,13,2027-06-09,SORTIE,2
18273,6,2027-06-10,SORTIE,1
18274,24,2027-06-10,SORTIE,22
18275,27,2027-06-10,SORTIE,2
18276,22,2027-06-10,SORTIE,7
18277,24,2027-06-10,SORTIE,29
18278,21,2027-06-10,SORTIE,26
18279,11,2027-06-10,SORTIE,25
18280,13,2027-06-10,SORTIE,9
18281,30,2027-06-10,SORTIE,5
18282,15,2027-06-10,SORTIE,18
18283,17,2027-06-10,SORTIE,12
18284,19,2027-06-10,SORTIE,3
18285,23,2027-06-10,SORTIE,26
18286,8,2027-06-10,SORTIE,2
18287,31,2027-06-10,SORTIE,26
18288,33,2027-06-10,SORTIE,10
18289,6,2027-06-10,SORTIE,9
18290,31,2027-06-10,SORTIE,18
18291,24,2027-06-10,SORTIE,3
18292,30,2027-06-10,SORTIE,7
18293,14,2027-06-10,SORTIE,5
18294,16,2027-06-10,SORTIE,16
18295,25,2027-06-10,SORTIE,21
18296,21,2027-06-10,SORTIE,8
18297,20,2027-06-10,SORTIE,11
18298,14,2027-06-10,SORTIE,21
18299,15,2027-06-10,SORTIE,6
18300,19,2027-06-10,SORTIE,24
18301,2,2027-06-10,ENTREE,335
18302,25,2027-06-11,SORTIE,15
18303,4,2027-06-11,SORTIE,17
18304,34,2027-06-11,SORTIE,30
18305,8,2027-06-11,SORTIE,29
18306,21,2027-06-11,SORTIE,2
18307,1,2027-06-11,SORTIE,23
18308,13,2027-06-11,SORTIE,18
18309,30,2027-06-11,SORTIE,13
18310,23,2027-06-11,SORTIE,17
18311,1,2027-06-11,SORTIE,11
18312,25,2027-06-11,SORTIE,6
18313,30,2027-06-11,SORTIE,17
18314,16,2027-06-11,SORTIE,27
18315,34,2027-06-11,SORTIE,12
18316,34,2027-06-11,SORTIE,22
18317,4,2027-06-11,SORTIE,15
18318,26,2027-06-11,SORTIE,17
18319,12,2027-06-11,SORTIE,24
18320,28,2027-06-11,SORTIE,24
18321,12,2027-06-11,ENTREE,291
18322,15,2027-06-12,SORTIE,2
18323,1,2027-06-12,SORTIE,28
18324,24,2027-06-12,SORTIE,1
18325,12,2027-06-12,SORTIE,13
18326,9,2027-06-12,SORTIE,26
18327,15,2027-06-12,SORTIE,9
18328,7,2027-06-12,SORTIE,25
18329,4,2027-06-12,SORTIE,30
18330,30,2027-06-12,SORTIE,17
18331,9,2027-06-12,SORTIE,21
18332,19,2027-06-12,SORTIE,28
18333,2,2027-06-12,SORTIE,11
18334,31,2027-06-12,SORTIE,21
18335,31,2027-06-13,SORTIE,28
18336,25,2027-06-13,SORTIE,27
18337,3,2027-06-13,SORTIE,11
18338,33,2027-06-13,SORTIE,8
18339,27,2027-06-13,SORTIE,7
18340,20,2027-06-13,SORTIE,12
18341,32,2027-06-13,SORTIE,11
18342,13,2027-06-13,ENTREE,287
18343,20,2027-06-14,SORTIE,15
18344,30,2027-06-14,SORTIE,9
18345,13,2027-06-14,SORTIE,10
18346,33,2027-06-14,SORTIE,25
18347,27,2027-06-14,SORTIE,3
18348,25,2027-06-14,SORTIE,30
18349,21,2027-06-14,SORTIE,26
18350,19,2027-06-14,SORTIE,26
18351,31,2027-06-14,SORTIE,10
18352,32,2027-06-14,SORTIE,17
18353,17,2027-06-14,SORTIE,9
18354,6,2027-06-14,SORTIE,24
18355,23,2027-06-14,SORTIE,18
18356,6,2027-06-14,SORTIE,25
18357,30,2027-06-14,SORTIE,8
18358,29,2027-06-15,SORTIE,10
18359,14,2027-06-15,SORTIE,21
18360,18,2027-06-15,SORTIE,18
18361,16,2027-06-15,SORTIE,26
18362,15,2027-06-15,SORTIE,9
18363,34,2027-06-15,SORTIE,10
18364,12,2027-06-15,SORTIE,20
18365,29,2027-06-15,SORTIE,29
18366,23,2027-06-15,SORTIE,11
18367,21,2027-06-15,SORTIE,23
18368,34,2027-06-15,SORTIE,5
18369,32,2027-06-15,SORTIE,28
18370,24,2027-06-15,SORTIE,23
18371,1,2027-06-15,SORTIE,4
18372,13,2027-06-15,SORTIE,7
18373,15,2027-06-15,SORTIE,23
18374,15,2027-06-15,SORTIE,13
18375,28,2027-06-15,SORTIE,16
18376,27,2027-06-15,SORTIE,20
18377,26,2027-06-15,ENTREE,173
18378,18,2027-06-16,SORTIE,12
18379,9,2027-06-16,SORTIE,21
18380,31,2027-06-16,SORTIE,2
18381,17,2027-06-16,SORTIE,26
18382,18,2027-06-16,SORTIE,30
18383,7,2027-06-16,SORTIE,6
18384,4,2027-06-16,SORTIE,18
18385,1,2027-06-16,SORTIE,12
18386,20,2027-06-16,SORTIE,30
18387,30,2027-06-16,SORTIE,24
18388,26,2027-06-16,SORTIE,3
18389,27,2027-06-16,SORTIE,20
18390,4,2027-06-16,SORTIE,15
18391,35,2027-06-16,SORTIE,22
18392,21,2027-06-16,SORTIE,11
18393,8,2027-06-16,SORTIE,10
18394,24,2027-06-16,SORTIE,16
18395,19,2027-06-16,SORTIE,26
18396,15,2027-06-16,SORTIE,10
18397,15,2027-06-16,SORTIE,10
18398,29,2027-06-16,SORTIE,14
18399,17,2027-06-16,SORTIE,3
18400,25,2027-06-16,SORTIE,18
18401,18,2027-06-16,ENTREE,498
18402,26,2027-06-17,SORTIE,12
18403,7,2027-06-17,SORTIE,28
18404,24,2027-06-17,SORTIE,2
18405,6,2027-06-17,SORTIE,1
18406,28,2027-06-17,SORTIE,19
18407,24,2027-06-17,SORTIE,9
18408,29,2027-06-17,SORTIE,5
18409,10,2027-06-17,SORTIE,25
18410,33,2027-06-17,SORTIE,25
18411,1,2027-06-17,SORTIE,8
18412,1,2027-06-17,SORTIE,18
18413,16,2027-06-17,SORTIE,22
18414,28,2027-06-18,SORTIE,21
18415,34,2027-06-18,SORTIE,25
18416,30,2027-06-18,SORTIE,12
18417,6,2027-06-18,SORTIE,11
18418,2,2027-06-18,SORTIE,12
18419,2,2027-06-18,SORTIE,21
18420,29,2027-06-18,SORTIE,18
18421,12,2027-06-18,SORTIE,12
18422,31,2027-06-18,SORTIE,9
18423,26,2027-06-18,SORTIE,15
18424,3,2027-06-18,SORTIE,14
18425,17,2027-06-18,SORTIE,13
18426,23,2027-06-18,SORTIE,26
18427,33,2027-06-18,SORTIE,11
18428,33,2027-06-18,SORTIE,20
18429,21,2027-06-18,SORTIE,14
18430,23,2027-06-18,SORTIE,2
18431,32,2027-06-18,SORTIE,11
18432,15,2027-06-18,SORTIE,5
18433,2,2027-06-18,SORTIE,21
18434,28,2027-06-18,SORTIE,26
18435,27,2027-06-18,SORTIE,8
18436,17,2027-06-18,ENTREE,171
18437,3,2027-06-19,SORTIE,2
18438,24,2027-06-19,SORTIE,16
18439,9,2027-06-19,SORTIE,16
18440,3,2027-06-19,SORTIE,19
18441,22,2027-06-19,SORTIE,3
18442,3,2027-06-19,SORTIE,4
18443,7,2027-06-19,SORTIE,30
18444,3,2027-06-19,SORTIE,5
18445,11,2027-06-19,SORTIE,30
18446,28,2027-06-19,SORTIE,3
18447,13,2027-06-19,SORTIE,11
18448,19,2027-06-19,SORTIE,15
18449,32,2027-06-19,SORTIE,26
18450,15,2027-06-19,SORTIE,24
18451,30,2027-06-19,SORTIE,12
18452,23,2027-06-19,SORTIE,4
18453,32,2027-06-19,SORTIE,17
18454,7,2027-06-20,SORTIE,25
18455,14,2027-06-20,SORTIE,7
18456,3,2027-06-20,SORTIE,17
18457,3,2027-06-20,SORTIE,22
18458,30,2027-06-20,SORTIE,14
18459,20,2027-06-20,SORTIE,12
18460,32,2027-06-20,SORTIE,28
18461,28,2027-06-20,SORTIE,28
18462,17,2027-06-20,SORTIE,20
18463,35,2027-06-20,SORTIE,18
18464,12,2027-06-20,SORTIE,19
18465,8,2027-06-20,ENTREE,231
18466,21,2027-06-21,SORTIE,5
18467,29,2027-06-21,SORTIE,26
18468,29,2027-06-21,SORTIE,15
18469,35,2027-06-21,SORTIE,11
18470,23,2027-06-21,SORTIE,1
18471,33,2027-06-21,SORTIE,2
18472,17,2027-06-21,SORTIE,25
18473,21,2027-06-21,SORTIE,4
18474,24,2027-06-21,SORTIE,20
18475,18,2027-06-21,SORTIE,17
18476,29,2027-06-21,SORTIE,15
18477,4,2027-06-21,SORTIE,26
18478,32,2027-06-21,SORTIE,25
18479,27,2027-06-21,SORTIE,14
18480,13,2027-06-21,SORTIE,28
18481,35,2027-06-21,SORTIE,24
18482,11,2027-06-21,SORTIE,22
18483,31,2027-06-21,SORTIE,8
18484,20,2027-06-21,SORTIE,26
18485,5,2027-06-21,SORTIE,3
18486,16,2027-06-21,SORTIE,15
18487,15,2027-06-21,SORTIE,30
18488,1,2027-06-21,SORTIE,9
18489,2,2027-06-21,SORTIE,18
18490,35,2027-06-21,SORTIE,23
18491,8,2027-06-21,SORTIE,1
18492,33,2027-06-21,SORTIE,16
18493,20,2027-06-21,SORTIE,11
18494,21,2027-06-21,ENTREE,293
18495,6,2027-06-22,SORTIE,8
18496,18,2027-06-22,SORTIE,14
18497,11,2027-06-22,SORTIE,10
18498,5,2027-06-22,SORTIE,27
18499,5,2027-06-22,SORTIE,24
18500,2,2027-06-22,SORTIE,16
18501,4,2027-06-22,SORTIE,25
18502,35,2027-06-22,SORTIE,7
18503,3,2027-06-22,SORTIE,27
18504,16,2027-06-22,SORTIE,16
18505,30,2027-06-22,SORTIE,5
18506,31,2027-06-22,SORTIE,16
18507,9,2027-06-22,SORTIE,10
18508,24,2027-06-22,SORTIE,16
18509,35,2027-06-22,SORTIE,13
18510,34,2027-06-22,SORTIE,20
18511,30,2027-06-22,SORTIE,5
18512,15,2027-06-22,SORTIE,19
18513,17,2027-06-22,SORTIE,24
18514,15,2027-06-23,SORTIE,30
18515,22,2027-06-23,SORTIE,28
18516,5,2027-06-23,SORTIE,11
18517,12,2027-06-23,SORTIE,24
18518,20,2027-06-23,SORTIE,28
18519,29,2027-06-23,SORTIE,10
18520,34,2027-06-23,SORTIE,8
18521,29,2027-06-23,SORTIE,4
18522,22,2027-06-23,SORTIE,15
18523,4,2027-06-23,SORTIE,11
18524,14,2027-06-23,SORTIE,16
18525,6,2027-06-23,SORTIE,23
18526,1,2027-06-23,SORTIE,11
18527,15,2027-06-23,SORTIE,5
18528,32,2027-06-23,SORTIE,5
18529,21,2027-06-23,SORTIE,28
18530,6,2027-06-23,SORTIE,16
18531,26,2027-06-24,SORTIE,4
18532,31,2027-06-24,SORTIE,29
18533,9,2027-06-24,SORTIE,16
18534,8,2027-06-24,SORTIE,16
18535,24,2027-06-24,SORTIE,24
18536,20,2027-06-24,SORTIE,25
18537,27,2027-06-24,SORTIE,15
18538,1,2027-06-24,SORTIE,25
18539,28,2027-06-24,SORTIE,2
18540,9,2027-06-24,SORTIE,17
18541,26,2027-06-24,SORTIE,12
18542,7,2027-06-24,SORTIE,29
18543,5,2027-06-24,SORTIE,3
18544,27,2027-06-25,SORTIE,4
18545,2,2027-06-25,SORTIE,13
18546,23,2027-06-25,SORTIE,9
18547,33,2027-06-25,SORTIE,20
18548,16,2027-06-25,SORTIE,26
18549,26,2027-06-25,SORTIE,4
18550,12,2027-06-25,SORTIE,21
18551,29,2027-06-25,SORTIE,10
18552,21,2027-06-25,SORTIE,19
18553,32,2027-06-25,SORTIE,15
18554,12,2027-06-25,SORTIE,28
18555,14,2027-06-25,SORTIE,2
18556,14,2027-06-25,SORTIE,19
18557,28,2027-06-25,SORTIE,3
18558,2,2027-06-25,SORTIE,30
18559,16,2027-06-25,SORTIE,19
18560,34,2027-06-25,SORTIE,26
18561,13,2027-06-25,SORTIE,21
18562,5,2027-06-26,SORTIE,25
18563,8,2027-06-26,SORTIE,26
18564,18,2027-06-26,SORTIE,21
18565,13,2027-06-26,SORTIE,5
18566,31,2027-06-26,SORTIE,18
18567,19,2027-06-26,SORTIE,29
18568,21,2027-06-26,SORTIE,23
18569,11,2027-06-26,SORTIE,24
18570,20,2027-06-26,SORTIE,25
18571,29,2027-06-27,SORTIE,7
18572,27,2027-06-27,SORTIE,20
18573,16,2027-06-27,SORTIE,27
18574,7,2027-06-27,SORTIE,11
18575,6,2027-06-27,SORTIE,2
18576,12,2027-06-27,SORTIE,5
18577,28,2027-06-27,SORTIE,3
18578,5,2027-06-27,SORTIE,14
18579,14,2027-06-27,SORTIE,12
18580,1,2027-06-27,SORTIE,16
18581,14,2027-06-27,SORTIE,5
18582,33,2027-06-28,SORTIE,29
18583,35,2027-06-28,SORTIE,2
18584,6,2027-06-28,SORTIE,29
18585,33,2027-06-29,SORTIE,29
18586,10,2027-06-29,SORTIE,10
18587,18,2027-06-29,SORTIE,13
18588,3,2027-06-29,SORTIE,9
18589,23,2027-06-29,SORTIE,8
18590,6,2027-06-29,SORTIE,23
18591,34,2027-06-29,SORTIE,24
18592,30,2027-06-29,SORTIE,3
18593,18,2027-06-29,SORTIE,17
18594,6,2027-06-29,SORTIE,21
18595,26,2027-06-29,SORTIE,6
18596,5,2027-06-29,SORTIE,3
18597,35,2027-06-29,SORTIE,25
18598,4,2027-06-29,SORTIE,4
18599,5,2027-06-29,SORTIE,22
18600,7,2027-06-29,SORTIE,3
18601,15,2027-06-29,SORTIE,8
18602,13,2027-06-29,SORTIE,24
18603,16,2027-06-29,SORTIE,22
18604,7,2027-06-29,SORTIE,4
18605,31,2027-06-29,SORTIE,8
18606,21,2027-06-29,ENTREE,414
18607,31,2027-06-30,SORTIE,19
18608,15,2027-06-30,SORTIE,21
18609,27,2027-06-30,SORTIE,9
18610,30,2027-06-30,SORTIE,26
18611,32,2027-06-30,SORTIE,14
18612,6,2027-06-30,SORTIE,21
18613,19,2027-06-30,SORTIE,27
18614,17,2027-06-30,SORTIE,29
18615,16,2027-06-30,SORTIE,14
18616,8,2027-06-30,SORTIE,5
18617,10,2027-06-30,SORTIE,27
18618,33,2027-07-01,SORTIE,21
18619,31,2027-07-01,SORTIE,19
18620,22,2027-07-01,SORTIE,16
18621,21,2027-07-01,SORTIE,13
18622,1,2027-07-01,SORTIE,29
18623,19,2027-07-01,SORTIE,21
18624,7,2027-07-01,SORTIE,19
18625,9,2027-07-01,SORTIE,1
18626,13,2027-07-01,SORTIE,29
18627,5,2027-07-01,SORTIE,3
18628,35,2027-07-01,SORTIE,25
18629,5,2027-07-01,SORTIE,8
18630,23,2027-07-01,SORTIE,18
18631,14,2027-07-01,SORTIE,26
18632,3,2027-07-01,SORTIE,19
18633,8,2027-07-01,SORTIE,20
18634,11,2027-07-01,SORTIE,28
18635,13,2027-07-01,SORTIE,27
18636,18,2027-07-01,SORTIE,6
18637,12,2027-07-01,SORTIE,23
18638,6,2027-07-01,SORTIE,24
18639,17,2027-07-01,SORTIE,24
18640,7,2027-07-01,SORTIE,14
18641,25,2027-07-01,SORTIE,20
18642,17,2027-07-01,ENTREE,227
18643,13,2027-07-02,SORTIE,12
18644,35,2027-07-02,SORTIE,19
18645,23,2027-07-02,SORTIE,30
18646,31,2027-07-02,SORTIE,14
18647,21,2027-07-02,SORTIE,6
18648,33,2027-07-02,ENTREE,355
18649,7,2027-07-03,SORTIE,6
18650,8,2027-07-03,SORTIE,2
18651,25,2027-07-03,SORTIE,26
18652,20,2027-07-03,SORTIE,3
18653,15,2027-07-03,SORTIE,26
18654,29,2027-07-03,SORTIE,26
18655,5,2027-07-03,SORTIE,16
18656,7,2027-07-03,SORTIE,16
18657,18,2027-07-03,SORTIE,1
18658,28,2027-07-03,SORTIE,7
18659,4,2027-07-03,SORTIE,9
18660,13,2027-07-03,SORTIE,21
18661,26,2027-07-03,SORTIE,19
18662,22,2027-07-03,SORTIE,13
18663,13,2027-07-03,SORTIE,30
18664,21,2027-07-03,SORTIE,7
18665,4,2027-07-04,SORTIE,22
18666,3,2027-07-04,SORTIE,20
18667,1,2027-07-04,SORTIE,5
18668,34,2027-07-04,SORTIE,22
18669,31,2027-07-04,SORTIE,26
18670,34,2027-07-04,SORTIE,20
18671,4,2027-07-04,SORTIE,9
18672,7,2027-07-04,SORTIE,9
18673,29,2027-07-04,SORTIE,8
18674,14,2027-07-04,SORTIE,14
18675,29,2027-07-04,SORTIE,13
18676,26,2027-07-04,SORTIE,27
18677,26,2027-07-04,SORTIE,26
18678,10,2027-07-04,SORTIE,15
18679,24,2027-07-04,SORTIE,16
18680,1,2027-07-04,ENTREE,384
18681,14,2027-07-05,SORTIE,4
18682,15,2027-07-05,SORTIE,30
18683,11,2027-07-05,SORTIE,24
18684,19,2027-07-05,SORTIE,22
18685,32,2027-07-05,SORTIE,22
18686,9,2027-07-05,SORTIE,16
18687,16,2027-07-05,SORTIE,20
18688,24,2027-07-05,SORTIE,10
18689,29,2027-07-05,ENTREE,382
18690,5,2027-07-06,SORTIE,10
18691,11,2027-07-06,SORTIE,23
18692,34,2027-07-06,SORTIE,8
18693,12,2027-07-06,SORTIE,9
18694,2,2027-07-06,ENTREE,286
18695,31,2027-07-07,SORTIE,7
18696,30,2027-07-07,SORTIE,23
18697,21,2027-07-07,SORTIE,12
18698,28,2027-07-07,SORTIE,11
18699,23,2027-07-07,SORTIE,28
18700,30,2027-07-07,SORTIE,1
18701,24,2027-07-07,SORTIE,24
18702,2,2027-07-07,SORTIE,6
18703,24,2027-07-07,SORTIE,24
18704,2,2027-07-08,SORTIE,2
18705,25,2027-07-08,SORTIE,30
18706,5,2027-07-08,SORTIE,27
18707,29,2027-07-08,SORTIE,22
18708,3,2027-07-08,SORTIE,18
18709,4,2027-07-09,SORTIE,13
18710,25,2027-07-09,SORTIE,5
18711,23,2027-07-09,SORTIE,9
18712,11,2027-07-09,SORTIE,8
18713,1,2027-07-09,SORTIE,7
18714,27,2027-07-09,SORTIE,17
18715,22,2027-07-09,SORTIE,29
18716,30,2027-07-09,SORTIE,13
18717,8,2027-07-09,SORTIE,1
18718,1,2027-07-09,SORTIE,27
18719,1,2027-07-09,SORTIE,1
18720,23,2027-07-09,SORTIE,24
18721,4,2027-07-09,SORTIE,8
18722,15,2027-07-09,SORTIE,30
18723,1,2027-07-09,SORTIE,11
18724,15,2027-07-09,SORTIE,1
18725,31,2027-07-09,SORTIE,27
18726,19,2027-07-09,SORTIE,5
18727,17,2027-07-09,SORTIE,25
18728,15,2027-07-10,SORTIE,6
18729,23,2027-07-10,SORTIE,8
18730,3,2027-07-10,SORTIE,8
18731,23,2027-07-10,SORTIE,30
18732,7,2027-07-10,SORTIE,25
18733,7,2027-07-10,SORTIE,3
18734,8,2027-07-10,SORTIE,11
18735,22,2027-07-10,SORTIE,20
18736,2,2027-07-10,SORTIE,1
18737,26,2027-07-10,SORTIE,20
18738,30,2027-07-10,SORTIE,23
18739,23,2027-07-10,SORTIE,21
18740,9,2027-07-10,SORTIE,26
18741,4,2027-07-10,SORTIE,5
18742,18,2027-07-10,SORTIE,10
18743,19,2027-07-10,SORTIE,10
18744,4,2027-07-10,SORTIE,15
18745,21,2027-07-10,SORTIE,9
18746,10,2027-07-10,SORTIE,16
18747,11,2027-07-10,SORTIE,28
18748,22,2027-07-10,SORTIE,2
18749,34,2027-07-10,SORTIE,15
18750,25,2027-07-10,SORTIE,18
18751,5,2027-07-10,SORTIE,12
18752,6,2027-07-10,ENTREE,410
18753,21,2027-07-11,SORTIE,17
18754,28,2027-07-11,SORTIE,21
18755,3,2027-07-11,SORTIE,9
18756,31,2027-07-11,SORTIE,24
18757,22,2027-07-11,SORTIE,18
18758,29,2027-07-11,SORTIE,23
18759,4,2027-07-11,SORTIE,20
18760,6,2027-07-11,SORTIE,20
18761,12,2027-07-11,SORTIE,2
18762,6,2027-07-11,SORTIE,5
18763,21,2027-07-11,SORTIE,9
18764,16,2027-07-11,SORTIE,9
18765,28,2027-07-11,SORTIE,16
18766,22,2027-07-11,SORTIE,10
18767,9,2027-07-11,ENTREE,423
18768,7,2027-07-12,SORTIE,21
18769,25,2027-07-12,SORTIE,8
18770,27,2027-07-12,SORTIE,17
18771,20,2027-07-12,SORTIE,13
18772,8,2027-07-12,SORTIE,19
18773,26,2027-07-12,SORTIE,7
18774,31,2027-07-12,SORTIE,21
18775,4,2027-07-12,SORTIE,30
18776,25,2027-07-12,ENTREE,195
18777,27,2027-07-13,SORTIE,5
18778,33,2027-07-13,SORTIE,8
18779,18,2027-07-14,SORTIE,12
18780,35,2027-07-14,SORTIE,21
18781,9,2027-07-14,SORTIE,24
18782,29,2027-07-14,SORTIE,10
18783,5,2027-07-14,SORTIE,29
18784,11,2027-07-14,SORTIE,5
18785,35,2027-07-14,SORTIE,9
18786,18,2027-07-14,SORTIE,4
18787,33,2027-07-14,SORTIE,13
18788,33,2027-07-14,SORTIE,17
18789,13,2027-07-14,SORTIE,25
18790,8,2027-07-14,SORTIE,11
18791,2,2027-07-14,SORTIE,4
18792,25,2027-07-14,SORTIE,9
18793,21,2027-07-15,SORTIE,15
18794,24,2027-07-15,SORTIE,11
18795,27,2027-07-15,SORTIE,14
18796,15,2027-07-15,SORTIE,16
18797,30,2027-07-15,ENTREE,381
18798,35,2027-07-16,SORTIE,29
18799,2,2027-07-16,SORTIE,28
18800,13,2027-07-16,SORTIE,17
18801,26,2027-07-16,SORTIE,20
18802,8,2027-07-16,SORTIE,2
18803,31,2027-07-16,SORTIE,17
18804,31,2027-07-16,SORTIE,1
18805,21,2027-07-16,SORTIE,10
18806,14,2027-07-16,SORTIE,16
18807,10,2027-07-16,SORTIE,30
18808,31,2027-07-16,SORTIE,28
18809,27,2027-07-16,SORTIE,2
18810,27,2027-07-16,SORTIE,4
18811,9,2027-07-16,SORTIE,8
18812,30,2027-07-16,SORTIE,21
18813,33,2027-07-16,SORTIE,12
18814,25,2027-07-16,SORTIE,1
18815,23,2027-07-16,SORTIE,14
18816,10,2027-07-16,SORTIE,21
18817,35,2027-07-16,SORTIE,5
18818,10,2027-07-16,SORTIE,5
18819,14,2027-07-16,ENTREE,169
18820,1,2027-07-17,SORTIE,7
18821,31,2027-07-17,SORTIE,30
18822,32,2027-07-17,SORTIE,11
18823,6,2027-07-17,SORTIE,28
18824,19,2027-07-17,SORTIE,17
18825,28,2027-07-17,SORTIE,22
18826,3,2027-07-17,SORTIE,18
18827,9,2027-07-17,SORTIE,15
18828,10,2027-07-17,SORTIE,3
18829,4,2027-07-17,SORTIE,15
18830,8,2027-07-17,SORTIE,11
18831,4,2027-07-17,SORTIE,13
18832,33,2027-07-17,SORTIE,9
18833,21,2027-07-17,SORTIE,19
18834,28,2027-07-17,SORTIE,28
18835,27,2027-07-17,SORTIE,27
18836,34,2027-07-17,SORTIE,15
18837,27,2027-07-17,SORTIE,18
18838,4,2027-07-18,SORTIE,27
18839,25,2027-07-18,SORTIE,8
18840,4,2027-07-18,SORTIE,2
18841,19,2027-07-18,SORTIE,8
18842,11,2027-07-18,SORTIE,21
18843,29,2027-07-18,SORTIE,10
18844,33,2027-07-18,SORTIE,2
18845,9,2027-07-18,SORTIE,26
18846,11,2027-07-19,SORTIE,30
18847,31,2027-07-19,SORTIE,14
18848,5,2027-07-19,SORTIE,15
18849,2,2027-07-19,SORTIE,29
18850,30,2027-07-19,SORTIE,19
18851,21,2027-07-19,SORTIE,17
18852,9,2027-07-19,SORTIE,8
18853,30,2027-07-19,SORTIE,22
18854,30,2027-07-19,SORTIE,6
18855,10,2027-07-19,SORTIE,10
18856,26,2027-07-19,SORTIE,27
18857,13,2027-07-19,SORTIE,5
18858,25,2027-07-19,SORTIE,13
18859,10,2027-07-19,SORTIE,20
18860,20,2027-07-19,SORTIE,7
18861,23,2027-07-19,SORTIE,26
18862,2,2027-07-19,SORTIE,9
18863,11,2027-07-19,SORTIE,24
18864,31,2027-07-19,SORTIE,17
18865,30,2027-07-19,SORTIE,28
18866,29,2027-07-19,SORTIE,22
18867,27,2027-07-19,SORTIE,9
18868,22,2027-07-19,SORTIE,25
18869,4,2027-07-19,SORTIE,18
18870,7,2027-07-19,SORTIE,8
18871,23,2027-07-19,ENTREE,260
18872,10,2027-07-20,SORTIE,23
18873,32,2027-07-20,SORTIE,11
18874,10,2027-07-20,SORTIE,6
18875,8,2027-07-20,SORTIE,18
18876,31,2027-07-20,SORTIE,11
18877,8,2027-07-20,SORTIE,13
18878,1,2027-07-20,SORTIE,23
18879,3,2027-07-21,SORTIE,23
18880,27,2027-07-21,SORTIE,28
18881,31,2027-07-21,SORTIE,12
18882,20,2027-07-21,SORTIE,22
18883,12,2027-07-21,SORTIE,30
18884,19,2027-07-21,SORTIE,25
18885,26,2027-07-21,SORTIE,11
18886,16,2027-07-21,SORTIE,6
18887,1,2027-07-21,SORTIE,6
18888,8,2027-07-21,SORTIE,6
18889,9,2027-07-21,SORTIE,8
18890,6,2027-07-21,SORTIE,2
18891,27,2027-07-21,SORTIE,12
18892,1,2027-07-21,SORTIE,5
18893,35,2027-07-21,SORTIE,28
18894,17,2027-07-21,SORTIE,7
18895,22,2027-07-21,SORTIE,28
18896,15,2027-07-22,SORTIE,13
18897,28,2027-07-22,SORTIE,15
18898,14,2027-07-22,SORTIE,7
18899,19,2027-07-22,SORTIE,17
18900,29,2027-07-22,SORTIE,27
18901,31,2027-07-22,SORTIE,6
18902,21,2027-07-22,SORTIE,7
18903,15,2027-07-22,SORTIE,23
18904,22,2027-07-22,SORTIE,9
18905,28,2027-07-22,SORTIE,30
18906,34,2027-07-22,SORTIE,3
18907,4,2027-07-22,SORTIE,4
18908,10,2027-07-22,SORTIE,10
18909,31,2027-07-22,SORTIE,2
18910,19,2027-07-22,SORTIE,10
18911,17,2027-07-22,ENTREE,232
18912,35,2027-07-23,SORTIE,22
18913,19,2027-07-23,SORTIE,4
18914,8,2027-07-23,SORTIE,10
18915,35,2027-07-23,SORTIE,22
18916,23,2027-07-23,SORTIE,11
18917,7,2027-07-23,SORTIE,11
18918,6,2027-07-23,SORTIE,3
18919,14,2027-07-23,SORTIE,4
18920,2,2027-07-24,SORTIE,7
18921,34,2027-07-24,SORTIE,2
18922,31,2027-07-24,SORTIE,3
18923,33,2027-07-24,SORTIE,3
18924,31,2027-07-24,SORTIE,23
18925,19,2027-07-24,SORTIE,7
18926,20,2027-07-24,SORTIE,3
18927,1,2027-07-24,SORTIE,16
18928,32,2027-07-24,SORTIE,1
18929,20,2027-07-24,SORTIE,28
18930,1,2027-07-24,SORTIE,5
18931,8,2027-07-24,SORTIE,28
18932,2,2027-07-24,SORTIE,9
18933,20,2027-07-24,SORTIE,28
18934,32,2027-07-25,SORTIE,27
18935,10,2027-07-25,SORTIE,1
18936,11,2027-07-25,SORTIE,21
18937,12,2027-07-25,SORTIE,26
18938,22,2027-07-25,SORTIE,11
18939,14,2027-07-25,SORTIE,8
18940,26,2027-07-25,SORTIE,13
18941,27,2027-07-25,SORTIE,14
18942,22,2027-07-25,SORTIE,9
18943,32,2027-07-25,SORTIE,25
18944,21,2027-07-25,SORTIE,24
18945,33,2027-07-25,SORTIE,15
18946,22,2027-07-25,SORTIE,7
18947,34,2027-07-25,SORTIE,2
18948,33,2027-07-25,SORTIE,11
18949,34,2027-07-25,SORTIE,23
18950,1,2027-07-25,SORTIE,11
18951,7,2027-07-25,SORTIE,30
18952,25,2027-07-25,SORTIE,16
18953,11,2027-07-26,SORTIE,28
18954,32,2027-07-26,SORTIE,10
18955,12,2027-07-26,SORTIE,2
18956,14,2027-07-26,SORTIE,29
18957,19,2027-07-26,SORTIE,19
18958,8,2027-07-26,SORTIE,10
18959,1,2027-07-26,SORTIE,5
18960,21,2027-07-26,SORTIE,26
18961,30,2027-07-26,SORTIE,26
18962,23,2027-07-26,SORTIE,10
18963,9,2027-07-26,SORTIE,9
18964,29,2027-07-26,SORTIE,22
18965,30,2027-07-26,SORTIE,19
18966,22,2027-07-26,SORTIE,18
18967,33,2027-07-26,SORTIE,9
18968,25,2027-07-27,SORTIE,3
18969,14,2027-07-27,SORTIE,27
18970,8,2027-07-27,SORTIE,27
18971,25,2027-07-27,SORTIE,24
18972,20,2027-07-27,SORTIE,15
18973,34,2027-07-27,SORTIE,14
18974,7,2027-07-27,SORTIE,12
18975,33,2027-07-27,SORTIE,12
18976,15,2027-07-27,SORTIE,24
18977,31,2027-07-27,SORTIE,14
18978,1,2027-07-27,SORTIE,1
18979,21,2027-07-27,SORTIE,3
18980,24,2027-07-27,SORTIE,20
18981,31,2027-07-27,SORTIE,26
18982,3,2027-07-27,SORTIE,4
18983,28,2027-07-27,SORTIE,18
18984,1,2027-07-27,ENTREE,434
18985,28,2027-07-28,SORTIE,8
18986,2,2027-07-28,SORTIE,10
18987,9,2027-07-28,SORTIE,28
18988,30,2027-07-28,SORTIE,28
18989,26,2027-07-28,SORTIE,10
18990,11,2027-07-28,SORTIE,3
18991,29,2027-07-28,SORTIE,6
18992,20,2027-07-28,ENTREE,407
18993,17,2027-07-29,SORTIE,29
18994,33,2027-07-29,SORTIE,18
18995,2,2027-07-29,SORTIE,23
18996,24,2027-07-30,SORTIE,6
18997,7,2027-07-30,SORTIE,2
18998,16,2027-07-30,SORTIE,30
18999,19,2027-07-30,SORTIE,15
19000,24,2027-07-30,SORTIE,22
19001,11,2027-07-30,SORTIE,1
19002,10,2027-07-30,SORTIE,15
19003,33,2027-07-30,SORTIE,19
19004,30,2027-07-30,SORTIE,6
19005,17,2027-07-30,SORTIE,9
19006,15,2027-07-30,SORTIE,27
19007,32,2027-07-30,SORTIE,12
19008,19,2027-07-30,SORTIE,10
19009,22,2027-07-30,SORTIE,12
19010,10,2027-07-30,SORTIE,3
19011,34,2027-07-30,SORTIE,3
19012,10,2027-07-30,SORTIE,26
19013,20,2027-07-30,SORTIE,15
19014,8,2027-07-30,ENTREE,163
19015,28,2027-07-31,SORTIE,6
19016,15,2027-07-31,SORTIE,7
19017,3,2027-07-31,SORTIE,5
19018,34,2027-07-31,SORTIE,11
19019,13,2027-07-31,SORTIE,5
19020,34,2027-07-31,SORTIE,22
19021,21,2027-08-01,SORTIE,4
19022,9,2027-08-01,SORTIE,14
19023,11,2027-08-01,SORTIE,19
19024,35,2027-08-01,SORTIE,14
19025,26,2027-08-01,SORTIE,30
19026,35,2027-08-01,SORTIE,16
19027,35,2027-08-01,SORTIE,23
19028,10,2027-08-01,SORTIE,23
19029,7,2027-08-01,SORTIE,9
19030,5,2027-08-01,SORTIE,10
19031,27,2027-08-01,SORTIE,13
19032,26,2027-08-01,SORTIE,10
19033,7,2027-08-01,SORTIE,2
19034,14,2027-08-01,SORTIE,23
19035,33,2027-08-01,SORTIE,1
19036,21,2027-08-01,SORTIE,28
19037,13,2027-08-01,SORTIE,11
19038,28,2027-08-01,SORTIE,26
19039,21,2027-08-01,SORTIE,15
19040,4,2027-08-01,SORTIE,10
19041,20,2027-08-01,SORTIE,28
19042,10,2027-08-01,SORTIE,27
19043,11,2027-08-01,ENTREE,477
19044,16,2027-08-02,SORTIE,25
19045,4,2027-08-02,SORTIE,17
19046,17,2027-08-02,SORTIE,3
19047,20,2027-08-02,SORTIE,29
19048,8,2027-08-02,SORTIE,1
19049,5,2027-08-02,SORTIE,29
19050,5,2027-08-02,SORTIE,13
19051,24,2027-08-02,SORTIE,23
19052,14,2027-08-02,SORTIE,22
19053,34,2027-08-02,SORTIE,18
19054,8,2027-08-02,SORTIE,27
19055,30,2027-08-02,SORTIE,6
19056,3,2027-08-02,SORTIE,13
19057,8,2027-08-02,SORTIE,11
19058,35,2027-08-02,SORTIE,8
19059,14,2027-08-02,SORTIE,7
19060,33,2027-08-03,SORTIE,7
19061,31,2027-08-03,SORTIE,14
19062,32,2027-08-03,SORTIE,18
19063,14,2027-08-03,SORTIE,8
19064,14,2027-08-03,SORTIE,28
19065,5,2027-08-03,SORTIE,4
19066,24,2027-08-03,SORTIE,23
19067,14,2027-08-03,SORTIE,22
19068,7,2027-08-03,SORTIE,16
19069,18,2027-08-03,SORTIE,15
19070,9,2027-08-04,SORTIE,10
19071,4,2027-08-04,SORTIE,3
19072,11,2027-08-04,SORTIE,6
19073,10,2027-08-04,SORTIE,16
19074,9,2027-08-04,SORTIE,8
19075,23,2027-08-04,SORTIE,5
19076,31,2027-08-04,SORTIE,23
19077,4,2027-08-04,SORTIE,27
19078,31,2027-08-04,SORTIE,3
19079,23,2027-08-04,SORTIE,28
19080,21,2027-08-04,SORTIE,13
19081,35,2027-08-04,SORTIE,22
19082,19,2027-08-04,SORTIE,14
19083,2,2027-08-04,SORTIE,5
19084,32,2027-08-04,SORTIE,13
19085,7,2027-08-04,SORTIE,1
19086,17,2027-08-04,SORTIE,24
19087,19,2027-08-04,SORTIE,27
19088,27,2027-08-04,SORTIE,4
19089,15,2027-08-04,SORTIE,1
19090,15,2027-08-05,SORTIE,25
19091,35,2027-08-05,SORTIE,9
19092,12,2027-08-05,SORTIE,11
19093,31,2027-08-05,SORTIE,29
19094,24,2027-08-05,SORTIE,3
19095,21,2027-08-05,SORTIE,25
19096,17,2027-08-05,SORTIE,5
19097,5,2027-08-06,SORTIE,6
19098,10,2027-08-06,SORTIE,17
19099,9,2027-08-06,SORTIE,9
19100,27,2027-08-06,SORTIE,18
19101,15,2027-08-06,SORTIE,24
19102,12,2027-08-06,SORTIE,12
19103,12,2027-08-06,SORTIE,30
19104,28,2027-08-06,SORTIE,8
19105,19,2027-08-06,SORTIE,2
19106,19,2027-08-06,SORTIE,13
19107,1,2027-08-06,SORTIE,18
19108,15,2027-08-06,SORTIE,18
19109,26,2027-08-06,SORTIE,16
19110,35,2027-08-06,SORTIE,23
19111,30,2027-08-06,SORTIE,24
19112,16,2027-08-06,SORTIE,6
19113,11,2027-08-06,SORTIE,23
19114,7,2027-08-06,SORTIE,27
19115,14,2027-08-06,SORTIE,16
19116,17,2027-08-06,SORTIE,5
19117,3,2027-08-06,SORTIE,15
19118,26,2027-08-06,ENTREE,490
19119,4,2027-08-07,SORTIE,22
19120,4,2027-08-07,SORTIE,22
19121,20,2027-08-07,SORTIE,23
19122,14,2027-08-07,SORTIE,20
19123,21,2027-08-07,SORTIE,21
19124,29,2027-08-07,SORTIE,13
19125,26,2027-08-07,SORTIE,26
19126,28,2027-08-07,SORTIE,22
19127,26,2027-08-07,SORTIE,4
19128,30,2027-08-07,SORTIE,26
19129,9,2027-08-07,SORTIE,1
19130,31,2027-08-07,SORTIE,4
19131,34,2027-08-07,SORTIE,19
19132,23,2027-08-07,SORTIE,20
19133,29,2027-08-07,SORTIE,5
19134,33,2027-08-07,SORTIE,27
19135,9,2027-08-08,SORTIE,17
19136,9,2027-08-08,SORTIE,11
19137,23,2027-08-08,SORTIE,12
19138,35,2027-08-08,SORTIE,7
19139,15,2027-08-08,SORTIE,12
19140,19,2027-08-08,SORTIE,12
19141,29,2027-08-08,SORTIE,25
19142,5,2027-08-08,SORTIE,16
19143,21,2027-08-08,SORTIE,10
19144,34,2027-08-08,SORTIE,15
19145,21,2027-08-08,SORTIE,17
19146,35,2027-08-08,SORTIE,5
19147,25,2027-08-08,SORTIE,2
19148,23,2027-08-09,SORTIE,29
19149,30,2027-08-09,SORTIE,24
19150,22,2027-08-09,SORTIE,28
19151,28,2027-08-09,SORTIE,26
19152,21,2027-08-09,SORTIE,16
19153,14,2027-08-09,SORTIE,17
19154,8,2027-08-09,SORTIE,4
19155,10,2027-08-09,SORTIE,17
19156,28,2027-08-09,SORTIE,4
19157,14,2027-08-09,SORTIE,14
19158,19,2027-08-09,SORTIE,4
19159,21,2027-08-09,SORTIE,1
19160,8,2027-08-09,SORTIE,11
19161,34,2027-08-09,SORTIE,27
19162,32,2027-08-09,SORTIE,1
19163,35,2027-08-09,SORTIE,20
19164,29,2027-08-09,SORTIE,30
19165,33,2027-08-09,ENTREE,485
19166,16,2027-08-10,SORTIE,23
19167,2,2027-08-10,SORTIE,20
19168,33,2027-08-10,SORTIE,2
19169,19,2027-08-10,SORTIE,30
19170,15,2027-08-10,SORTIE,8
19171,13,2027-08-10,SORTIE,20
19172,33,2027-08-10,SORTIE,24
19173,29,2027-08-10,SORTIE,11
19174,11,2027-08-10,SORTIE,22
19175,11,2027-08-10,SORTIE,15
19176,34,2027-08-10,SORTIE,9
19177,31,2027-08-10,SORTIE,21
19178,25,2027-08-10,SORTIE,8
19179,20,2027-08-10,SORTIE,22
19180,12,2027-08-10,SORTIE,30
19181,19,2027-08-10,SORTIE,1
19182,28,2027-08-10,SORTIE,30
19183,22,2027-08-10,SORTIE,17
19184,26,2027-08-11,SORTIE,7
19185,18,2027-08-11,SORTIE,27
19186,24,2027-08-11,SORTIE,24
19187,15,2027-08-12,SORTIE,4
19188,26,2027-08-12,SORTIE,12
19189,20,2027-08-12,SORTIE,17
19190,18,2027-08-12,SORTIE,15
19191,31,2027-08-12,SORTIE,3
19192,21,2027-08-12,SORTIE,19
19193,34,2027-08-12,SORTIE,23
19194,31,2027-08-12,SORTIE,8
19195,1,2027-08-12,SORTIE,21
19196,10,2027-08-13,SORTIE,21
19197,6,2027-08-13,SORTIE,26
19198,11,2027-08-13,SORTIE,8
19199,28,2027-08-13,SORTIE,8
19200,16,2027-08-13,SORTIE,21
19201,9,2027-08-13,SORTIE,3
19202,2,2027-08-13,SORTIE,9
19203,10,2027-08-13,SORTIE,22
19204,17,2027-08-14,SORTIE,10
19205,16,2027-08-14,SORTIE,3
19206,23,2027-08-14,SORTIE,10
19207,1,2027-08-14,SORTIE,9
19208,8,2027-08-14,SORTIE,9
19209,3,2027-08-14,SORTIE,29
19210,10,2027-08-14,SORTIE,15
19211,16,2027-08-14,SORTIE,16
19212,15,2027-08-14,SORTIE,16
19213,24,2027-08-14,SORTIE,10
19214,26,2027-08-14,SORTIE,17
19215,13,2027-08-14,SORTIE,30
19216,33,2027-08-14,SORTIE,9
19217,23,2027-08-14,SORTIE,3
19218,1,2027-08-14,ENTREE,177
19219,25,2027-08-15,SORTIE,11
19220,31,2027-08-15,SORTIE,16
19221,33,2027-08-15,SORTIE,29
19222,34,2027-08-15,SORTIE,29
19223,13,2027-08-15,SORTIE,8
19224,3,2027-08-15,SORTIE,25
19225,2,2027-08-15,SORTIE,5
19226,14,2027-08-15,SORTIE,9
19227,11,2027-08-15,SORTIE,25
19228,26,2027-08-15,SORTIE,26
19229,14,2027-08-15,SORTIE,24
19230,15,2027-08-15,SORTIE,25
19231,32,2027-08-15,SORTIE,29
19232,31,2027-08-15,SORTIE,19
19233,27,2027-08-15,SORTIE,26
19234,18,2027-08-15,SORTIE,14
19235,9,2027-08-15,SORTIE,3
19236,34,2027-08-15,SORTIE,26
19237,26,2027-08-15,SORTIE,7
19238,16,2027-08-15,SORTIE,24
19239,16,2027-08-15,SORTIE,16
19240,22,2027-08-15,SORTIE,14
19241,7,2027-08-15,SORTIE,2
19242,11,2027-08-15,SORTIE,15
19243,20,2027-08-15,SORTIE,29
19244,11,2027-08-15,SORTIE,12
19245,1,2027-08-15,SORTIE,2
19246,16,2027-08-15,SORTIE,28
19247,24,2027-08-15,ENTREE,342
19248,16,2027-08-16,SORTIE,7
19249,20,2027-08-16,SORTIE,9
19250,26,2027-08-16,SORTIE,21
19251,1,2027-08-16,SORTIE,16
19252,35,2027-08-17,SORTIE,30
19253,3,2027-08-17,SORTIE,30
19254,12,2027-08-17,SORTIE,22
19255,32,2027-08-17,SORTIE,20
19256,32,2027-08-17,SORTIE,25
19257,19,2027-08-17,SORTIE,13
19258,27,2027-08-17,SORTIE,24
19259,29,2027-08-17,SORTIE,7
19260,31,2027-08-17,SORTIE,23
19261,18,2027-08-17,SORTIE,20
19262,21,2027-08-17,SORTIE,25
19263,9,2027-08-17,SORTIE,5
19264,31,2027-08-17,SORTIE,7
19265,19,2027-08-17,SORTIE,10
19266,28,2027-08-17,SORTIE,21
19267,25,2027-08-17,SORTIE,30
19268,3,2027-08-17,SORTIE,29
19269,22,2027-08-17,SORTIE,18
19270,24,2027-08-17,SORTIE,10
19271,29,2027-08-17,SORTIE,12
19272,8,2027-08-17,SORTIE,20
19273,4,2027-08-17,SORTIE,22
19274,31,2027-08-17,SORTIE,28
19275,4,2027-08-17,SORTIE,19
19276,1,2027-08-17,SORTIE,24
19277,3,2027-08-17,SORTIE,21
19278,10,2027-08-17,SORTIE,15
19279,7,2027-08-18,SORTIE,15
19280,32,2027-08-18,SORTIE,27
19281,31,2027-08-18,SORTIE,8
19282,6,2027-08-18,SORTIE,3
19283,25,2027-08-18,SORTIE,14
19284,25,2027-08-18,SORTIE,30
19285,25,2027-08-18,SORTIE,11
19286,28,2027-08-18,SORTIE,9
19287,19,2027-08-18,SORTIE,29
19288,7,2027-08-18,SORTIE,9
19289,19,2027-08-18,SORTIE,3
19290,13,2027-08-18,SORTIE,20
19291,1,2027-08-18,SORTIE,15
19292,22,2027-08-18,SORTIE,11
19293,26,2027-08-18,SORTIE,23
19294,30,2027-08-18,SORTIE,12
19295,13,2027-08-18,SORTIE,28
19296,3,2027-08-18,SORTIE,20
19297,21,2027-08-18,SORTIE,26
19298,12,2027-08-18,SORTIE,26
19299,13,2027-08-18,SORTIE,12
19300,6,2027-08-18,ENTREE,258
19301,1,2027-08-19,SORTIE,1
19302,12,2027-08-19,SORTIE,11
19303,32,2027-08-19,SORTIE,17
19304,31,2027-08-19,SORTIE,30
19305,34,2027-08-19,SORTIE,30
19306,25,2027-08-19,SORTIE,2
19307,27,2027-08-19,SORTIE,7
19308,11,2027-08-19,SORTIE,4
19309,17,2027-08-19,SORTIE,30
19310,34,2027-08-19,SORTIE,24
19311,27,2027-08-19,SORTIE,24
19312,24,2027-08-19,SORTIE,19
19313,6,2027-08-19,SORTIE,23
19314,18,2027-08-19,SORTIE,12
19315,31,2027-08-19,SORTIE,13
19316,1,2027-08-19,SORTIE,20
19317,19,2027-08-19,SORTIE,23
19318,29,2027-08-19,SORTIE,11
19319,22,2027-08-20,SORTIE,10
19320,35,2027-08-20,SORTIE,18
19321,1,2027-08-20,SORTIE,6
19322,30,2027-08-20,SORTIE,16
19323,9,2027-08-20,SORTIE,22
19324,32,2027-08-20,SORTIE,8
19325,2,2027-08-20,SORTIE,17
19326,10,2027-08-20,SORTIE,19
19327,35,2027-08-20,SORTIE,6
19328,1,2027-08-20,SORTIE,9
19329,5,2027-08-20,SORTIE,15
19330,27,2027-08-20,SORTIE,20
19331,25,2027-08-20,SORTIE,23
19332,1,2027-08-20,SORTIE,28
19333,17,2027-08-20,SORTIE,12
19334,27,2027-08-20,SORTIE,29
19335,3,2027-08-20,SORTIE,18
19336,25,2027-08-20,SORTIE,15
19337,28,2027-08-20,SORTIE,6
19338,23,2027-08-20,SORTIE,3
19339,1,2027-08-20,SORTIE,23
19340,18,2027-08-20,SORTIE,6
19341,24,2027-08-20,SORTIE,2
19342,23,2027-08-20,SORTIE,15
19343,15,2027-08-20,SORTIE,12
19344,23,2027-08-21,SORTIE,29
19345,27,2027-08-21,SORTIE,21
19346,9,2027-08-21,SORTIE,4
19347,18,2027-08-21,SORTIE,23
19348,31,2027-08-21,SORTIE,23
19349,35,2027-08-21,SORTIE,14
19350,20,2027-08-21,SORTIE,25
19351,6,2027-08-21,SORTIE,26
19352,19,2027-08-21,SORTIE,8
19353,4,2027-08-21,SORTIE,24
19354,9,2027-08-22,SORTIE,14
19355,32,2027-08-22,SORTIE,7
19356,1,2027-08-22,SORTIE,2
19357,32,2027-08-22,SORTIE,9
19358,10,2027-08-22,SORTIE,16
19359,2,2027-08-22,SORTIE,4
19360,3,2027-08-22,SORTIE,23
19361,13,2027-08-22,SORTIE,8
19362,30,2027-08-22,SORTIE,26
19363,16,2027-08-22,SORTIE,19
19364,30,2027-08-22,SORTIE,1
19365,32,2027-08-22,SORTIE,22
19366,8,2027-08-22,SORTIE,15
19367,22,2027-08-22,SORTIE,18
19368,26,2027-08-22,SORTIE,20
19369,17,2027-08-22,SORTIE,5
19370,24,2027-08-22,SORTIE,11
19371,9,2027-08-22,SORTIE,4
19372,26,2027-08-22,SORTIE,8
19373,25,2027-08-22,SORTIE,8
19374,31,2027-08-22,SORTIE,30
19375,6,2027-08-23,SORTIE,29
19376,15,2027-08-23,SORTIE,11
19377,21,2027-08-23,SORTIE,10
19378,35,2027-08-23,SORTIE,18
19379,34,2027-08-23,SORTIE,29
19380,14,2027-08-23,SORTIE,14
19381,9,2027-08-23,SORTIE,25
19382,27,2027-08-23,SORTIE,21
19383,22,2027-08-23,SORTIE,22
19384,24,2027-08-23,SORTIE,16
19385,21,2027-08-23,SORTIE,30
19386,34,2027-08-23,SORTIE,9
19387,34,2027-08-23,SORTIE,2
19388,25,2027-08-23,SORTIE,29
19389,7,2027-08-23,SORTIE,15
19390,4,2027-08-23,SORTIE,23
19391,5,2027-08-23,SORTIE,5
19392,25,2027-08-23,SORTIE,8
19393,24,2027-08-23,SORTIE,3
19394,1,2027-08-23,SORTIE,13
19395,11,2027-08-23,SORTIE,14
19396,17,2027-08-23,SORTIE,9
19397,8,2027-08-24,SORTIE,18
19398,34,2027-08-24,SORTIE,11
19399,22,2027-08-24,SORTIE,13
19400,18,2027-08-24,SORTIE,4
19401,27,2027-08-24,SORTIE,29
19402,15,2027-08-24,SORTIE,23
19403,16,2027-08-24,SORTIE,23
19404,2,2027-08-24,SORTIE,24
19405,20,2027-08-24,SORTIE,15
19406,6,2027-08-24,SORTIE,17
19407,22,2027-08-24,SORTIE,12
19408,35,2027-08-24,SORTIE,28
19409,30,2027-08-24,SORTIE,23
19410,7,2027-08-24,SORTIE,25
19411,19,2027-08-24,SORTIE,27
19412,8,2027-08-24,ENTREE,138
19413,14,2027-08-25,SORTIE,25
19414,29,2027-08-25,SORTIE,17
19415,32,2027-08-25,SORTIE,22
19416,29,2027-08-25,SORTIE,21
19417,26,2027-08-25,SORTIE,29
19418,33,2027-08-25,SORTIE,29
19419,35,2027-08-25,SORTIE,1
19420,32,2027-08-25,SORTIE,25
19421,21,2027-08-25,SORTIE,21
19422,26,2027-08-25,SORTIE,13
19423,13,2027-08-25,SORTIE,30
19424,15,2027-08-25,SORTIE,13
19425,34,2027-08-25,SORTIE,9
19426,16,2027-08-25,SORTIE,21
19427,12,2027-08-25,SORTIE,11
19428,34,2027-08-25,SORTIE,13
19429,34,2027-08-26,SORTIE,20
19430,13,2027-08-26,SORTIE,1
19431,25,2027-08-26,SORTIE,19
19432,21,2027-08-26,SORTIE,19
19433,4,2027-08-26,SORTIE,11
19434,34,2027-08-26,SORTIE,17
19435,24,2027-08-26,SORTIE,22
19436,15,2027-08-26,SORTIE,17
19437,24,2027-08-26,SORTIE,9
19438,7,2027-08-27,SORTIE,12
19439,21,2027-08-27,SORTIE,29
19440,28,2027-08-27,SORTIE,4
19441,35,2027-08-27,SORTIE,5
19442,20,2027-08-27,SORTIE,11
19443,26,2027-08-27,SORTIE,7
19444,13,2027-08-27,SORTIE,14
19445,10,2027-08-27,SORTIE,30
19446,21,2027-08-27,SORTIE,3
19447,17,2027-08-27,SORTIE,5
19448,1,2027-08-27,SORTIE,7
19449,34,2027-08-27,SORTIE,12
19450,34,2027-08-27,SORTIE,23
19451,6,2027-08-27,SORTIE,4
19452,6,2027-08-27,SORTIE,14
19453,30,2027-08-27,SORTIE,23
19454,17,2027-08-27,ENTREE,426
19455,25,2027-08-28,SORTIE,14
19456,13,2027-08-28,SORTIE,12
19457,32,2027-08-28,SORTIE,12
19458,27,2027-08-28,SORTIE,17
19459,31,2027-08-28,SORTIE,25
19460,15,2027-08-28,SORTIE,12
19461,32,2027-08-28,SORTIE,22
19462,20,2027-08-28,SORTIE,30
19463,35,2027-08-28,SORTIE,14
19464,3,2027-08-28,SORTIE,7
19465,12,2027-08-29,SORTIE,9
19466,27,2027-08-29,SORTIE,21
19467,24,2027-08-29,SORTIE,28
19468,34,2027-08-29,SORTIE,5
19469,8,2027-08-29,SORTIE,8
19470,8,2027-08-29,SORTIE,20
19471,35,2027-08-29,SORTIE,8
19472,29,2027-08-29,SORTIE,6
19473,12,2027-08-29,SORTIE,16
19474,17,2027-08-29,SORTIE,17
19475,9,2027-08-29,SORTIE,4
19476,4,2027-08-29,SORTIE,2
19477,22,2027-08-29,SORTIE,8
19478,14,2027-08-29,SORTIE,19
19479,28,2027-08-29,SORTIE,5
19480,11,2027-08-29,SORTIE,15
19481,21,2027-08-29,SORTIE,24
19482,17,2027-08-29,SORTIE,26
19483,24,2027-08-29,SORTIE,26
19484,9,2027-08-29,SORTIE,22
19485,4,2027-08-29,ENTREE,142
19486,17,2027-08-30,SORTIE,20
19487,32,2027-08-30,SORTIE,6
19488,30,2027-08-30,SORTIE,10
19489,19,2027-08-30,SORTIE,3
19490,31,2027-08-30,SORTIE,29
19491,13,2027-08-30,SORTIE,22
19492,17,2027-08-30,SORTIE,23
19493,24,2027-08-30,SORTIE,7
19494,25,2027-08-30,SORTIE,3
19495,12,2027-08-30,SORTIE,21
19496,6,2027-08-30,SORTIE,14
19497,21,2027-08-30,SORTIE,18
19498,18,2027-08-30,ENTREE,447
19499,5,2027-08-31,SORTIE,26
19500,23,2027-08-31,SORTIE,20
19501,17,2027-08-31,SORTIE,28
19502,9,2027-08-31,SORTIE,18
19503,1,2027-08-31,SORTIE,19
19504,13,2027-08-31,SORTIE,16
19505,16,2027-08-31,SORTIE,23
19506,22,2027-08-31,SORTIE,6
19507,1,2027-08-31,SORTIE,21
19508,1,2027-08-31,SORTIE,25
19509,34,2027-08-31,SORTIE,16
19510,27,2027-08-31,SORTIE,10
19511,32,2027-08-31,SORTIE,11
19512,20,2027-08-31,SORTIE,12
19513,6,2027-08-31,SORTIE,18
19514,8,2027-08-31,ENTREE,187
19515,34,2027-09-01,SORTIE,30
19516,17,2027-09-01,SORTIE,4
19517,13,2027-09-01,SORTIE,10
19518,21,2027-09-01,SORTIE,13
19519,3,2027-09-01,SORTIE,18
19520,26,2027-09-01,SORTIE,25
19521,33,2027-09-01,SORTIE,1
19522,18,2027-09-01,SORTIE,17
19523,15,2027-09-01,SORTIE,15
19524,9,2027-09-01,SORTIE,27
19525,25,2027-09-01,SORTIE,17
19526,6,2027-09-01,SORTIE,5
19527,30,2027-09-01,SORTIE,13
19528,2,2027-09-02,SORTIE,20
19529,31,2027-09-02,SORTIE,25
19530,12,2027-09-02,SORTIE,30
19531,34,2027-09-02,SORTIE,29
19532,23,2027-09-02,SORTIE,14
19533,1,2027-09-02,SORTIE,27
19534,15,2027-09-02,SORTIE,26
19535,9,2027-09-02,ENTREE,311
19536,31,2027-09-03,SORTIE,13
19537,4,2027-09-03,SORTIE,3
19538,7,2027-09-03,SORTIE,9
19539,30,2027-09-03,SORTIE,10
19540,24,2027-09-03,SORTIE,30
19541,28,2027-09-03,SORTIE,4
19542,14,2027-09-03,SORTIE,17
19543,16,2027-09-03,SORTIE,27
19544,26,2027-09-03,SORTIE,13
19545,10,2027-09-03,SORTIE,21
19546,6,2027-09-03,SORTIE,4
19547,17,2027-09-03,SORTIE,26
19548,28,2027-09-03,SORTIE,9
19549,33,2027-09-03,SORTIE,13
19550,7,2027-09-04,SORTIE,29
19551,1,2027-09-04,SORTIE,16
19552,16,2027-09-04,SORTIE,13
19553,21,2027-09-04,SORTIE,20
19554,11,2027-09-04,SORTIE,6
19555,25,2027-09-04,SORTIE,3
19556,3,2027-09-04,SORTIE,7
19557,13,2027-09-04,SORTIE,15
19558,25,2027-09-04,SORTIE,10
19559,14,2027-09-04,SORTIE,15
19560,6,2027-09-04,SORTIE,24
19561,14,2027-09-04,SORTIE,2
19562,9,2027-09-04,SORTIE,1
19563,22,2027-09-04,SORTIE,3
19564,26,2027-09-04,SORTIE,25
19565,14,2027-09-04,SORTIE,8
19566,32,2027-09-04,SORTIE,2
19567,19,2027-09-04,SORTIE,2
19568,34,2027-09-04,SORTIE,28
19569,4,2027-09-04,SORTIE,4
19570,3,2027-09-04,SORTIE,30
19571,23,2027-09-04,SORTIE,3
19572,15,2027-09-04,SORTIE,12
19573,11,2027-09-05,SORTIE,14
19574,15,2027-09-05,SORTIE,30
19575,15,2027-09-05,SORTIE,1
19576,10,2027-09-05,SORTIE,24
19577,4,2027-09-05,SORTIE,29
19578,9,2027-09-05,SORTIE,30
19579,26,2027-09-05,SORTIE,8
19580,1,2027-09-05,SORTIE,30
19581,18,2027-09-05,SORTIE,26
19582,1,2027-09-05,SORTIE,20
19583,26,2027-09-05,SORTIE,7
19584,27,2027-09-05,SORTIE,6
19585,16,2027-09-05,SORTIE,10
19586,5,2027-09-05,SORTIE,1
19587,18,2027-09-05,SORTIE,10
19588,21,2027-09-05,SORTIE,18
19589,12,2027-09-06,SORTIE,25
19590,4,2027-09-06,SORTIE,4
19591,5,2027-09-06,SORTIE,30
19592,27,2027-09-06,SORTIE,4
19593,11,2027-09-06,SORTIE,17
19594,5,2027-09-06,SORTIE,14
19595,33,2027-09-06,SORTIE,6
19596,9,2027-09-06,SORTIE,22
19597,32,2027-09-06,SORTIE,3
19598,35,2027-09-06,ENTREE,216
19599,13,2027-09-07,SORTIE,30
19600,12,2027-09-07,SORTIE,3
19601,28,2027-09-07,SORTIE,23
19602,4,2027-09-07,SORTIE,7
19603,12,2027-09-07,SORTIE,3
19604,33,2027-09-07,SORTIE,21
19605,9,2027-09-07,SORTIE,9
19606,23,2027-09-07,SORTIE,6
19607,16,2027-09-07,ENTREE,161
19608,3,2027-09-08,SORTIE,14
19609,33,2027-09-08,SORTIE,16
19610,7,2027-09-08,SORTIE,3
19611,35,2027-09-08,SORTIE,11
19612,18,2027-09-08,SORTIE,6
19613,9,2027-09-08,SORTIE,4
19614,9,2027-09-08,SORTIE,12
19615,3,2027-09-08,SORTIE,18
19616,25,2027-09-08,SORTIE,18
19617,28,2027-09-08,SORTIE,27
19618,22,2027-09-08,SORTIE,26
19619,23,2027-09-08,SORTIE,27
19620,33,2027-09-08,SORTIE,3
19621,10,2027-09-09,SORTIE,15
19622,26,2027-09-09,SORTIE,20
19623,16,2027-09-09,SORTIE,12
19624,21,2027-09-09,SORTIE,8
19625,30,2027-09-09,SORTIE,19
19626,9,2027-09-09,SORTIE,10
19627,6,2027-09-09,SORTIE,11
19628,3,2027-09-09,SORTIE,19
19629,14,2027-09-09,SORTIE,12
19630,13,2027-09-09,SORTIE,23
19631,26,2027-09-09,SORTIE,26
19632,31,2027-09-09,SORTIE,18
19633,12,2027-09-09,SORTIE,1
19634,6,2027-09-09,SORTIE,22
19635,8,2027-09-09,SORTIE,25
19636,28,2027-09-10,SORTIE,23
19637,22,2027-09-10,SORTIE,8
19638,1,2027-09-10,SORTIE,2
19639,2,2027-09-10,SORTIE,13
19640,30,2027-09-10,SORTIE,5
19641,20,2027-09-10,SORTIE,6
19642,16,2027-09-10,SORTIE,22
19643,26,2027-09-10,SORTIE,4
19644,23,2027-09-10,SORTIE,20
19645,14,2027-09-10,SORTIE,5
19646,13,2027-09-10,SORTIE,7
19647,21,2027-09-11,SORTIE,17
19648,9,2027-09-11,SORTIE,13
19649,2,2027-09-11,SORTIE,14
19650,17,2027-09-11,SORTIE,24
19651,17,2027-09-11,SORTIE,20
19652,15,2027-09-11,SORTIE,15
19653,4,2027-09-11,ENTREE,385
19654,35,2027-09-12,SORTIE,27
19655,6,2027-09-12,SORTIE,3
19656,19,2027-09-12,SORTIE,22
19657,34,2027-09-12,SORTIE,21
19658,26,2027-09-12,SORTIE,30
19659,11,2027-09-12,SORTIE,6
19660,10,2027-09-12,SORTIE,26
19661,28,2027-09-12,SORTIE,17
19662,10,2027-09-12,SORTIE,6
19663,31,2027-09-12,ENTREE,165
19664,29,2027-09-13,SORTIE,7
19665,6,2027-09-13,SORTIE,6
19666,12,2027-09-13,SORTIE,16
19667,11,2027-09-13,SORTIE,23
19668,15,2027-09-13,SORTIE,10
19669,7,2027-09-13,SORTIE,9
19670,20,2027-09-13,SORTIE,4
19671,35,2027-09-13,SORTIE,5
19672,32,2027-09-13,SORTIE,28
19673,13,2027-09-13,SORTIE,11
19674,8,2027-09-13,SORTIE,4
19675,17,2027-09-13,SORTIE,15
19676,3,2027-09-13,ENTREE,434
19677,33,2027-09-14,SORTIE,13
19678,11,2027-09-14,SORTIE,18
19679,15,2027-09-14,SORTIE,29
19680,23,2027-09-14,SORTIE,22
19681,23,2027-09-14,SORTIE,16
19682,23,2027-09-14,SORTIE,9
19683,25,2027-09-14,SORTIE,30
19684,15,2027-09-14,SORTIE,12
19685,4,2027-09-14,SORTIE,19
19686,23,2027-09-14,SORTIE,18
19687,28,2027-09-14,SORTIE,6
19688,10,2027-09-14,SORTIE,19
19689,16,2027-09-14,SORTIE,4
19690,5,2027-09-14,SORTIE,27
19691,24,2027-09-14,SORTIE,4
19692,30,2027-09-14,SORTIE,10
19693,18,2027-09-14,SORTIE,15
19694,7,2027-09-14,SORTIE,4
19695,25,2027-09-14,SORTIE,15
19696,12,2027-09-14,SORTIE,18
19697,23,2027-09-14,SORTIE,8
19698,33,2027-09-14,SORTIE,23
19699,16,2027-09-14,SORTIE,13
19700,21,2027-09-14,SORTIE,20
19701,25,2027-09-14,SORTIE,28
19702,18,2027-09-14,SORTIE,4
19703,3,2027-09-14,ENTREE,165
19704,26,2027-09-15,SORTIE,9
19705,6,2027-09-15,SORTIE,7
19706,5,2027-09-15,SORTIE,2
19707,26,2027-09-15,SORTIE,14
19708,7,2027-09-15,SORTIE,2
19709,27,2027-09-15,SORTIE,12
19710,16,2027-09-15,SORTIE,30
19711,2,2027-09-15,SORTIE,12
19712,7,2027-09-15,SORTIE,10
19713,18,2027-09-15,SORTIE,19
19714,35,2027-09-15,SORTIE,8
19715,25,2027-09-15,SORTIE,18
19716,24,2027-09-15,SORTIE,20
19717,10,2027-09-15,SORTIE,7
19718,7,2027-09-15,SORTIE,23
19719,34,2027-09-15,SORTIE,2
19720,1,2027-09-15,SORTIE,24
19721,30,2027-09-15,SORTIE,24
19722,19,2027-09-15,SORTIE,16
19723,17,2027-09-15,SORTIE,13
19724,19,2027-09-15,SORTIE,2
19725,8,2027-09-15,SORTIE,30
19726,25,2027-09-16,SORTIE,11
19727,35,2027-09-16,SORTIE,5
19728,24,2027-09-16,SORTIE,21
19729,2,2027-09-16,SORTIE,30
19730,7,2027-09-16,SORTIE,26
19731,27,2027-09-16,SORTIE,26
19732,35,2027-09-16,SORTIE,9
19733,24,2027-09-16,SORTIE,27
19734,32,2027-09-16,SORTIE,2
19735,22,2027-09-16,SORTIE,14
19736,27,2027-09-16,SORTIE,14
19737,22,2027-09-16,SORTIE,2
19738,11,2027-09-16,SORTIE,30
19739,32,2027-09-16,SORTIE,21
19740,6,2027-09-16,SORTIE,26
19741,11,2027-09-17,SORTIE,26
19742,8,2027-09-17,SORTIE,2
19743,32,2027-09-17,SORTIE,9
19744,33,2027-09-17,SORTIE,13
19745,1,2027-09-17,ENTREE,320
19746,14,2027-09-18,SORTIE,30
19747,19,2027-09-18,SORTIE,18
19748,33,2027-09-18,SORTIE,20
19749,12,2027-09-18,SORTIE,10
19750,34,2027-09-18,SORTIE,17
19751,30,2027-09-18,SORTIE,14
19752,26,2027-09-18,SORTIE,7
19753,22,2027-09-18,SORTIE,12
19754,6,2027-09-18,SORTIE,19
19755,13,2027-09-18,SORTIE,24
19756,12,2027-09-18,SORTIE,23
19757,32,2027-09-18,SORTIE,29
19758,32,2027-09-18,SORTIE,10
19759,35,2027-09-18,SORTIE,28
19760,25,2027-09-18,SORTIE,12
19761,2,2027-09-18,SORTIE,20
19762,15,2027-09-18,SORTIE,1
19763,6,2027-09-18,SORTIE,9
19764,31,2027-09-18,SORTIE,15
19765,29,2027-09-18,SORTIE,15
19766,35,2027-09-19,SORTIE,18
19767,31,2027-09-19,SORTIE,18
19768,30,2027-09-19,SORTIE,10
19769,27,2027-09-19,SORTIE,26
19770,12,2027-09-19,SORTIE,24
19771,29,2027-09-19,SORTIE,18
19772,33,2027-09-19,SORTIE,1
19773,22,2027-09-19,SORTIE,1
19774,15,2027-09-19,SORTIE,6
19775,20,2027-09-20,SORTIE,29
19776,15,2027-09-20,SORTIE,26
19777,12,2027-09-20,SORTIE,13
19778,24,2027-09-20,SORTIE,24
19779,13,2027-09-20,SORTIE,19
19780,16,2027-09-20,SORTIE,21
19781,5,2027-09-20,SORTIE,18
19782,32,2027-09-20,SORTIE,28
19783,27,2027-09-20,SORTIE,3
19784,23,2027-09-20,SORTIE,21
19785,11,2027-09-21,SORTIE,22
19786,31,2027-09-21,SORTIE,19
19787,4,2027-09-21,SORTIE,10
19788,31,2027-09-21,SORTIE,7
19789,11,2027-09-21,SORTIE,25
19790,5,2027-09-21,SORTIE,11
19791,29,2027-09-21,SORTIE,28
19792,1,2027-09-21,SORTIE,11
19793,6,2027-09-21,SORTIE,27
19794,9,2027-09-21,SORTIE,7
19795,11,2027-09-21,SORTIE,11
19796,7,2027-09-21,SORTIE,12
19797,32,2027-09-22,SORTIE,22
19798,9,2027-09-22,SORTIE,17
19799,25,2027-09-22,SORTIE,1
19800,25,2027-09-22,SORTIE,19
19801,1,2027-09-22,SORTIE,7
19802,25,2027-09-22,SORTIE,8
19803,3,2027-09-22,SORTIE,26
19804,16,2027-09-22,SORTIE,1
19805,14,2027-09-22,SORTIE,30
19806,25,2027-09-22,SORTIE,10
19807,19,2027-09-22,SORTIE,4
19808,35,2027-09-22,SORTIE,23
19809,29,2027-09-22,SORTIE,29
19810,26,2027-09-22,SORTIE,21
19811,32,2027-09-22,SORTIE,27
19812,16,2027-09-22,SORTIE,23
19813,30,2027-09-22,SORTIE,3
19814,12,2027-09-22,SORTIE,29
19815,8,2027-09-22,SORTIE,10
19816,16,2027-09-22,SORTIE,19
19817,6,2027-09-22,SORTIE,10
19818,35,2027-09-22,SORTIE,26
19819,31,2027-09-22,SORTIE,16
19820,8,2027-09-22,SORTIE,5
19821,20,2027-09-22,SORTIE,5
19822,7,2027-09-22,ENTREE,323
19823,24,2027-09-23,SORTIE,14
19824,5,2027-09-23,SORTIE,24
19825,9,2027-09-23,SORTIE,21
19826,17,2027-09-23,SORTIE,7
19827,6,2027-09-23,SORTIE,15
19828,21,2027-09-23,ENTREE,410
19829,2,2027-09-24,SORTIE,19
19830,30,2027-09-24,SORTIE,11
19831,17,2027-09-24,SORTIE,15
19832,4,2027-09-24,SORTIE,25
19833,6,2027-09-24,SORTIE,18
19834,2,2027-09-24,SORTIE,2
19835,29,2027-09-24,SORTIE,15
19836,18,2027-09-24,SORTIE,15
19837,4,2027-09-24,SORTIE,23
19838,12,2027-09-24,ENTREE,185
19839,16,2027-09-25,SORTIE,9
19840,2,2027-09-25,SORTIE,11
19841,29,2027-09-25,SORTIE,11
19842,10,2027-09-25,SORTIE,19
19843,1,2027-09-25,SORTIE,9
19844,1,2027-09-25,SORTIE,29
19845,20,2027-09-26,SORTIE,3
19846,28,2027-09-26,SORTIE,13
19847,17,2027-09-26,SORTIE,29
19848,18,2027-09-26,SORTIE,21
19849,29,2027-09-26,SORTIE,3
19850,26,2027-09-26,SORTIE,26
19851,21,2027-09-26,SORTIE,25
19852,10,2027-09-26,SORTIE,11
19853,25,2027-09-26,SORTIE,21
19854,10,2027-09-26,SORTIE,7
19855,28,2027-09-26,SORTIE,3
19856,34,2027-09-26,SORTIE,26
19857,4,2027-09-26,SORTIE,18
19858,32,2027-09-26,SORTIE,28
19859,25,2027-09-26,SORTIE,26
19860,4,2027-09-26,SORTIE,26
19861,8,2027-09-26,SORTIE,8
19862,21,2027-09-26,ENTREE,119
19863,18,2027-09-27,SORTIE,29
19864,2,2027-09-27,SORTIE,23
19865,31,2027-09-27,SORTIE,13
19866,20,2027-09-27,SORTIE,20
19867,3,2027-09-27,SORTIE,21
19868,29,2027-09-27,SORTIE,18
19869,14,2027-09-27,SORTIE,19
19870,27,2027-09-27,SORTIE,2
19871,20,2027-09-27,SORTIE,28
19872,31,2027-09-27,SORTIE,24
19873,19,2027-09-27,SORTIE,17
19874,25,2027-09-27,SORTIE,12
19875,22,2027-09-27,SORTIE,13
19876,35,2027-09-27,SORTIE,6
19877,10,2027-09-28,SORTIE,6
19878,28,2027-09-28,SORTIE,23
19879,31,2027-09-28,SORTIE,4
19880,10,2027-09-28,SORTIE,19
19881,4,2027-09-28,SORTIE,25
19882,20,2027-09-28,SORTIE,10
19883,28,2027-09-28,SORTIE,13
19884,16,2027-09-28,SORTIE,30
19885,7,2027-09-28,SORTIE,2
19886,17,2027-09-28,SORTIE,5
19887,10,2027-09-28,SORTIE,8
19888,13,2027-09-28,SORTIE,6
19889,15,2027-09-28,SORTIE,21
19890,22,2027-09-28,SORTIE,21
19891,27,2027-09-28,SORTIE,3
19892,31,2027-09-28,SORTIE,22
19893,11,2027-09-28,SORTIE,25
19894,28,2027-09-28,SORTIE,6
19895,27,2027-09-28,SORTIE,3
19896,12,2027-09-28,SORTIE,12
19897,6,2027-09-28,SORTIE,6
19898,17,2027-09-28,SORTIE,18
19899,32,2027-09-28,SORTIE,28
19900,3,2027-09-29,SORTIE,26
19901,8,2027-09-29,SORTIE,9
19902,27,2027-09-29,SORTIE,18
19903,28,2027-09-29,SORTIE,25
19904,14,2027-09-29,SORTIE,20
19905,35,2027-09-29,SORTIE,27
19906,28,2027-09-29,SORTIE,13
19907,15,2027-09-29,SORTIE,27
19908,6,2027-09-29,SORTIE,12
19909,2,2027-09-29,SORTIE,9
19910,13,2027-09-29,SORTIE,5
19911,20,2027-09-29,SORTIE,2
19912,13,2027-09-29,SORTIE,11
19913,31,2027-09-29,SORTIE,13
19914,2,2027-09-29,SORTIE,3
19915,5,2027-09-29,SORTIE,27
19916,2,2027-09-29,SORTIE,14
19917,2,2027-09-29,SORTIE,2
19918,35,2027-09-29,ENTREE,176
19919,24,2027-09-30,SORTIE,3
19920,17,2027-09-30,SORTIE,11
19921,29,2027-09-30,SORTIE,29
19922,20,2027-09-30,SORTIE,26
19923,7,2027-09-30,SORTIE,10
19924,26,2027-09-30,SORTIE,16
19925,35,2027-09-30,SORTIE,3
19926,11,2027-09-30,SORTIE,27
19927,15,2027-09-30,SORTIE,6
19928,25,2027-09-30,SORTIE,17
19929,17,2027-09-30,SORTIE,14
19930,31,2027-09-30,SORTIE,21
19931,29,2027-09-30,SORTIE,24
19932,2,2027-09-30,SORTIE,24
19933,15,2027-09-30,SORTIE,24
19934,9,2027-09-30,SORTIE,2
19935,24,2027-09-30,SORTIE,21
19936,23,2027-09-30,SORTIE,29
19937,15,2027-09-30,SORTIE,20
19938,12,2027-09-30,SORTIE,14
19939,5,2027-09-30,SORTIE,22
19940,9,2027-09-30,SORTIE,11
19941,24,2027-10-01,SORTIE,14
19942,31,2027-10-01,SORTIE,17
19943,11,2027-10-01,SORTIE,15
19944,25,2027-10-01,SORTIE,7
19945,22,2027-10-01,SORTIE,28
19946,4,2027-10-01,SORTIE,6
19947,11,2027-10-01,SORTIE,14
19948,17,2027-10-01,SORTIE,10
19949,30,2027-10-01,SORTIE,8
19950,33,2027-10-01,SORTIE,14
19951,23,2027-10-01,SORTIE,30
19952,11,2027-10-01,SORTIE,10
19953,9,2027-10-01,SORTIE,11
19954,29,2027-10-01,SORTIE,1
19955,15,2027-10-01,SORTIE,29
19956,23,2027-10-01,SORTIE,4
19957,7,2027-10-01,SORTIE,17
19958,10,2027-10-01,SORTIE,24
19959,5,2027-10-01,SORTIE,10
19960,1,2027-10-01,SORTIE,17
19961,30,2027-10-01,SORTIE,3
19962,31,2027-10-02,SORTIE,10
19963,26,2027-10-02,SORTIE,27
19964,18,2027-10-02,SORTIE,28
19965,18,2027-10-02,SORTIE,13
19966,29,2027-10-02,SORTIE,7
19967,26,2027-10-02,SORTIE,19
19968,29,2027-10-02,SORTIE,6
19969,25,2027-10-02,SORTIE,17
19970,22,2027-10-02,SORTIE,5
19971,1,2027-10-02,SORTIE,13
19972,21,2027-10-02,SORTIE,3
19973,29,2027-10-02,SORTIE,7
19974,2,2027-10-02,SORTIE,30
19975,4,2027-10-03,SORTIE,30
19976,16,2027-10-03,SORTIE,5
19977,27,2027-10-03,SORTIE,15
19978,5,2027-10-03,SORTIE,11
19979,20,2027-10-03,SORTIE,25
19980,5,2027-10-03,SORTIE,20
19981,18,2027-10-03,SORTIE,25
19982,26,2027-10-03,SORTIE,22
19983,25,2027-10-03,SORTIE,11
19984,27,2027-10-03,SORTIE,21
19985,20,2027-10-03,SORTIE,16
19986,19,2027-10-03,SORTIE,5
19987,30,2027-10-03,SORTIE,14
19988,29,2027-10-03,SORTIE,20
19989,13,2027-10-03,SORTIE,5
19990,11,2027-10-03,SORTIE,8
19991,22,2027-10-03,SORTIE,12
19992,10,2027-10-03,SORTIE,2
19993,12,2027-10-03,SORTIE,6
19994,9,2027-10-03,SORTIE,8
19995,10,2027-10-03,SORTIE,16
19996,15,2027-10-03,SORTIE,24
19997,25,2027-10-03,SORTIE,22
19998,31,2027-10-03,SORTIE,6
19999,3,2027-10-03,SORTIE,29
20000,32,2027-10-03,SORTIE,27
20001,20,2027-10-03,SORTIE,28
20002,28,2027-10-04,SORTIE,27
20003,29,2027-10-04,SORTIE,25
20004,35,2027-10-04,SORTIE,25
20005,35,2027-10-04,SORTIE,22
20006,1,2027-10-04,SORTIE,7
20007,19,2027-10-04,SORTIE,17
20008,33,2027-10-04,SORTIE,22
20009,28,2027-10-04,SORTIE,16
20010,19,2027-10-04,SORTIE,1
20011,14,2027-10-04,SORTIE,14
20012,9,2027-10-04,SORTIE,28
20013,29,2027-10-04,SORTIE,13
20014,3,2027-10-04,SORTIE,9
20015,24,2027-10-04,SORTIE,15
20016,19,2027-10-04,SORTIE,30
20017,2,2027-10-04,SORTIE,2
20018,10,2027-10-04,SORTIE,2
20019,18,2027-10-04,SORTIE,28
20020,23,2027-10-04,SORTIE,30
20021,30,2027-10-05,SORTIE,3
20022,7,2027-10-05,SORTIE,9
20023,24,2027-10-05,SORTIE,1
20024,35,2027-10-05,SORTIE,29
20025,34,2027-10-05,SORTIE,16
20026,33,2027-10-05,SORTIE,9
20027,1,2027-10-05,SORTIE,20
20028,17,2027-10-05,SORTIE,29
20029,22,2027-10-05,SORTIE,6
20030,7,2027-10-05,SORTIE,16
20031,20,2027-10-05,SORTIE,22
20032,9,2027-10-05,SORTIE,18
20033,26,2027-10-05,SORTIE,12
20034,16,2027-10-05,SORTIE,25
20035,23,2027-10-05,SORTIE,23
20036,32,2027-10-05,SORTIE,29
20037,24,2027-10-05,SORTIE,3
20038,19,2027-10-05,SORTIE,18
20039,31,2027-10-05,SORTIE,13
20040,35,2027-10-05,SORTIE,19
20041,27,2027-10-05,SORTIE,13
20042,2,2027-10-06,SORTIE,9
20043,13,2027-10-06,SORTIE,2
20044,20,2027-10-06,SORTIE,12
20045,2,2027-10-06,SORTIE,15
20046,12,2027-10-06,SORTIE,16
20047,8,2027-10-06,SORTIE,6
20048,2,2027-10-06,SORTIE,8
20049,31,2027-10-06,SORTIE,29
20050,23,2027-10-06,SORTIE,27
20051,28,2027-10-06,SORTIE,13
20052,27,2027-10-06,SORTIE,9
20053,15,2027-10-06,SORTIE,8
20054,20,2027-10-06,SORTIE,29
20055,11,2027-10-06,SORTIE,15
20056,2,2027-10-06,SORTIE,22
20057,12,2027-10-06,SORTIE,6
20058,11,2027-10-06,SORTIE,16
20059,21,2027-10-06,SORTIE,4
20060,12,2027-10-06,SORTIE,14
20061,11,2027-10-06,SORTIE,17
20062,3,2027-10-06,SORTIE,4
20063,23,2027-10-06,SORTIE,2
20064,1,2027-10-06,SORTIE,11
20065,20,2027-10-06,SORTIE,18
20066,33,2027-10-06,SORTIE,19
20067,7,2027-10-07,SORTIE,2
20068,20,2027-10-07,SORTIE,18
20069,15,2027-10-07,SORTIE,11
20070,28,2027-10-07,SORTIE,6
20071,19,2027-10-07,SORTIE,15
20072,34,2027-10-07,SORTIE,5
20073,11,2027-10-07,SORTIE,14
20074,17,2027-10-07,SORTIE,8
20075,23,2027-10-07,SORTIE,22
20076,3,2027-10-07,SORTIE,12
20077,15,2027-10-07,SORTIE,27
20078,24,2027-10-07,SORTIE,27
20079,10,2027-10-07,SORTIE,9
20080,28,2027-10-07,SORTIE,12
20081,24,2027-10-07,SORTIE,16
20082,6,2027-10-07,SORTIE,4
20083,1,2027-10-07,SORTIE,27
20084,11,2027-10-07,SORTIE,12
20085,16,2027-10-07,SORTIE,15
20086,16,2027-10-07,ENTREE,395
20087,12,2027-10-08,SORTIE,20
20088,30,2027-10-08,SORTIE,5
20089,19,2027-10-08,SORTIE,1
20090,22,2027-10-08,SORTIE,14
20091,27,2027-10-08,SORTIE,18
20092,28,2027-10-08,SORTIE,21
20093,4,2027-10-08,SORTIE,13
20094,27,2027-10-08,SORTIE,13
20095,12,2027-10-08,SORTIE,6
20096,17,2027-10-08,SORTIE,9
20097,15,2027-10-08,SORTIE,28
20098,6,2027-10-08,SORTIE,20
20099,21,2027-10-08,SORTIE,27
20100,32,2027-10-09,SORTIE,16
20101,17,2027-10-09,SORTIE,1
20102,11,2027-10-09,SORTIE,16
20103,18,2027-10-09,SORTIE,23
20104,34,2027-10-09,SORTIE,7
20105,34,2027-10-09,SORTIE,16
20106,34,2027-10-09,SORTIE,28
20107,16,2027-10-09,SORTIE,10
20108,2,2027-10-09,SORTIE,1
20109,27,2027-10-09,SORTIE,16
20110,10,2027-10-09,SORTIE,9
20111,5,2027-10-09,SORTIE,26
20112,26,2027-10-09,SORTIE,5
20113,28,2027-10-09,SORTIE,28
20114,20,2027-10-09,SORTIE,2
20115,4,2027-10-09,SORTIE,30
20116,9,2027-10-09,SORTIE,8
20117,6,2027-10-09,SORTIE,3
20118,13,2027-10-09,ENTREE,150
20119,3,2027-10-10,SORTIE,19
20120,4,2027-10-10,SORTIE,5
20121,19,2027-10-10,SORTIE,14
20122,7,2027-10-10,SORTIE,24
20123,15,2027-10-10,SORTIE,30
20124,33,2027-10-10,SORTIE,4
20125,16,2027-10-10,SORTIE,3
20126,12,2027-10-10,SORTIE,10
20127,17,2027-10-10,SORTIE,25
20128,31,2027-10-10,SORTIE,28
20129,3,2027-10-10,ENTREE,161
20130,17,2027-10-11,SORTIE,26
20131,8,2027-10-11,SORTIE,25
20132,3,2027-10-11,SORTIE,27
20133,1,2027-10-11,SORTIE,22
20134,12,2027-10-11,SORTIE,6
20135,15,2027-10-11,SORTIE,8
20136,33,2027-10-11,SORTIE,25
20137,13,2027-10-11,SORTIE,20
20138,32,2027-10-11,SORTIE,1
20139,33,2027-10-11,SORTIE,13
20140,28,2027-10-11,SORTIE,22
20141,28,2027-10-11,SORTIE,11
20142,12,2027-10-11,SORTIE,7
20143,33,2027-10-11,SORTIE,10
20144,9,2027-10-11,SORTIE,26
20145,7,2027-10-11,SORTIE,5
20146,35,2027-10-11,SORTIE,1
20147,26,2027-10-11,SORTIE,7
20148,15,2027-10-11,SORTIE,22
20149,2,2027-10-11,SORTIE,16
20150,16,2027-10-12,SORTIE,18
20151,30,2027-10-12,SORTIE,22
20152,31,2027-10-12,SORTIE,12
20153,4,2027-10-12,SORTIE,15
20154,27,2027-10-12,SORTIE,20
20155,19,2027-10-12,SORTIE,25
20156,27,2027-10-12,SORTIE,13
20157,9,2027-10-12,SORTIE,16
20158,15,2027-10-12,SORTIE,21
20159,5,2027-10-12,ENTREE,127
20160,25,2027-10-13,SORTIE,10
20161,8,2027-10-13,SORTIE,24
20162,30,2027-10-13,SORTIE,16
20163,25,2027-10-13,SORTIE,12
20164,7,2027-10-13,SORTIE,25
20165,10,2027-10-13,SORTIE,20
20166,10,2027-10-13,SORTIE,15
20167,23,2027-10-13,SORTIE,12
20168,26,2027-10-13,SORTIE,23
20169,17,2027-10-13,SORTIE,24
20170,33,2027-10-13,SORTIE,9
20171,35,2027-10-13,SORTIE,20
20172,32,2027-10-13,SORTIE,26
20173,1,2027-10-13,SORTIE,19
20174,19,2027-10-13,SORTIE,7
20175,24,2027-10-13,SORTIE,2
20176,18,2027-10-13,SORTIE,3
20177,19,2027-10-13,SORTIE,22
20178,4,2027-10-13,SORTIE,11
20179,12,2027-10-13,SORTIE,21
20180,6,2027-10-13,SORTIE,16
20181,22,2027-10-13,SORTIE,25
20182,34,2027-10-13,SORTIE,28
20183,22,2027-10-13,SORTIE,4
20184,3,2027-10-14,SORTIE,16
20185,16,2027-10-14,SORTIE,30
20186,13,2027-10-14,SORTIE,26
20187,5,2027-10-14,SORTIE,9
20188,10,2027-10-14,SORTIE,8
20189,23,2027-10-14,SORTIE,22
20190,19,2027-10-14,SORTIE,13
20191,29,2027-10-14,ENTREE,480
20192,29,2027-10-15,SORTIE,18
20193,20,2027-10-15,SORTIE,13
20194,33,2027-10-15,SORTIE,9
20195,10,2027-10-15,SORTIE,20
20196,17,2027-10-15,SORTIE,27
20197,6,2027-10-15,SORTIE,13
20198,32,2027-10-15,SORTIE,18
20199,23,2027-10-15,SORTIE,13
20200,17,2027-10-15,ENTREE,499
20201,17,2027-10-16,SORTIE,10
20202,1,2027-10-16,SORTIE,21
20203,29,2027-10-16,SORTIE,8
20204,6,2027-10-16,SORTIE,13
20205,8,2027-10-16,SORTIE,28
20206,3,2027-10-16,SORTIE,16
20207,32,2027-10-16,SORTIE,19
20208,4,2027-10-16,SORTIE,11
20209,34,2027-10-16,SORTIE,19
20210,18,2027-10-16,SORTIE,20
20211,9,2027-10-16,ENTREE,412
20212,28,2027-10-17,SORTIE,3
20213,32,2027-10-17,SORTIE,14
20214,6,2027-10-17,SORTIE,11
20215,2,2027-10-17,SORTIE,16
20216,26,2027-10-17,SORTIE,13
20217,8,2027-10-17,SORTIE,12
20218,8,2027-10-17,SORTIE,10
20219,16,2027-10-17,SORTIE,17
20220,23,2027-10-17,SORTIE,9
20221,17,2027-10-17,SORTIE,1
20222,32,2027-10-17,SORTIE,23
20223,5,2027-10-17,SORTIE,14
20224,21,2027-10-18,SORTIE,9
20225,5,2027-10-18,SORTIE,30
20226,29,2027-10-18,SORTIE,12
20227,28,2027-10-18,SORTIE,8
20228,35,2027-10-18,SORTIE,3
20229,34,2027-10-18,SORTIE,16
20230,22,2027-10-18,SORTIE,7
20231,13,2027-10-18,SORTIE,5
20232,22,2027-10-18,SORTIE,10
20233,19,2027-10-18,SORTIE,18
20234,26,2027-10-18,SORTIE,24
20235,4,2027-10-18,SORTIE,14
20236,28,2027-10-18,ENTREE,359
20237,14,2027-10-19,SORTIE,26
20238,27,2027-10-19,SORTIE,18
20239,3,2027-10-19,SORTIE,18
20240,33,2027-10-19,SORTIE,12
20241,1,2027-10-19,SORTIE,8
20242,28,2027-10-19,SORTIE,29
20243,7,2027-10-19,SORTIE,15
20244,14,2027-10-19,SORTIE,21
20245,14,2027-10-19,SORTIE,1
20246,31,2027-10-19,SORTIE,12
20247,12,2027-10-19,SORTIE,25
20248,23,2027-10-19,SORTIE,16
20249,26,2027-10-19,SORTIE,20
20250,19,2027-10-19,SORTIE,11
20251,1,2027-10-19,SORTIE,14
20252,15,2027-10-19,SORTIE,19
20253,18,2027-10-19,SORTIE,21
20254,19,2027-10-19,SORTIE,29
20255,30,2027-10-19,SORTIE,26
20256,1,2027-10-19,SORTIE,26
20257,31,2027-10-19,SORTIE,16
20258,23,2027-10-19,SORTIE,15
20259,13,2027-10-19,SORTIE,4
20260,30,2027-10-19,ENTREE,128
20261,12,2027-10-20,SORTIE,19
20262,18,2027-10-20,SORTIE,8
20263,25,2027-10-20,SORTIE,18
20264,14,2027-10-20,SORTIE,13
20265,23,2027-10-20,SORTIE,10
20266,10,2027-10-20,SORTIE,12
20267,19,2027-10-20,SORTIE,20
20268,29,2027-10-20,SORTIE,25
20269,33,2027-10-20,SORTIE,18
20270,7,2027-10-20,SORTIE,10
20271,18,2027-10-20,SORTIE,5
20272,12,2027-10-20,SORTIE,6
20273,16,2027-10-20,SORTIE,18
20274,2,2027-10-20,SORTIE,17
20275,22,2027-10-20,SORTIE,5
20276,14,2027-10-20,SORTIE,25
20277,10,2027-10-20,SORTIE,16
20278,6,2027-10-20,SORTIE,17
20279,24,2027-10-20,SORTIE,17
20280,4,2027-10-20,ENTREE,333
20281,9,2027-10-21,SORTIE,11
20282,11,2027-10-21,SORTIE,10
20283,9,2027-10-21,SORTIE,18
20284,1,2027-10-21,SORTIE,19
20285,7,2027-10-21,SORTIE,29
20286,35,2027-10-21,SORTIE,14
20287,3,2027-10-21,SORTIE,14
20288,20,2027-10-21,SORTIE,19
20289,8,2027-10-21,SORTIE,26
20290,6,2027-10-21,SORTIE,6
20291,20,2027-10-21,SORTIE,15
20292,10,2027-10-21,SORTIE,26
20293,15,2027-10-21,SORTIE,28
20294,33,2027-10-21,SORTIE,20
20295,23,2027-10-21,SORTIE,16
20296,19,2027-10-21,SORTIE,24
20297,22,2027-10-22,SORTIE,13
20298,28,2027-10-22,SORTIE,10
20299,2,2027-10-22,SORTIE,30
20300,28,2027-10-22,SORTIE,30
20301,34,2027-10-23,SORTIE,20
20302,10,2027-10-23,SORTIE,29
20303,5,2027-10-23,SORTIE,20
20304,3,2027-10-23,SORTIE,30
20305,21,2027-10-23,SORTIE,19
20306,32,2027-10-23,SORTIE,14
20307,12,2027-10-23,SORTIE,3
20308,16,2027-10-24,SORTIE,16
20309,29,2027-10-24,SORTIE,9
20310,29,2027-10-24,SORTIE,10
20311,29,2027-10-24,SORTIE,29
20312,24,2027-10-24,SORTIE,19
20313,8,2027-10-24,SORTIE,3
20314,16,2027-10-24,SORTIE,13
20315,19,2027-10-24,SORTIE,11
20316,28,2027-10-25,SORTIE,18
20317,33,2027-10-25,SORTIE,1
20318,28,2027-10-25,SORTIE,25
20319,15,2027-10-25,SORTIE,23
20320,13,2027-10-25,SORTIE,8
20321,1,2027-10-25,SORTIE,19
20322,5,2027-10-25,SORTIE,1
20323,22,2027-10-25,SORTIE,25
20324,9,2027-10-26,SORTIE,6
20325,10,2027-10-26,SORTIE,27
20326,17,2027-10-26,SORTIE,13
20327,35,2027-10-26,SORTIE,2
20328,29,2027-10-26,SORTIE,17
20329,32,2027-10-26,SORTIE,18
20330,4,2027-10-26,SORTIE,30
20331,17,2027-10-26,SORTIE,17
20332,30,2027-10-26,SORTIE,11
20333,3,2027-10-26,SORTIE,20
20334,10,2027-10-26,SORTIE,9
20335,32,2027-10-26,SORTIE,26
20336,32,2027-10-26,SORTIE,22
20337,30,2027-10-26,SORTIE,26
20338,32,2027-10-26,SORTIE,13
20339,22,2027-10-26,SORTIE,29
20340,23,2027-10-26,SORTIE,17
20341,31,2027-10-26,SORTIE,19
20342,22,2027-10-26,SORTIE,16
20343,12,2027-10-26,SORTIE,17
20344,7,2027-10-26,SORTIE,17
20345,24,2027-10-26,SORTIE,16
20346,13,2027-10-26,SORTIE,2
20347,2,2027-10-27,SORTIE,7
20348,14,2027-10-27,SORTIE,25
20349,16,2027-10-27,SORTIE,18
20350,17,2027-10-27,SORTIE,14
20351,18,2027-10-27,SORTIE,7
20352,12,2027-10-27,SORTIE,26
20353,28,2027-10-27,SORTIE,4
20354,29,2027-10-27,SORTIE,27
20355,3,2027-10-27,SORTIE,1
20356,15,2027-10-27,SORTIE,11
20357,21,2027-10-27,SORTIE,12
20358,28,2027-10-27,SORTIE,10
20359,24,2027-10-27,SORTIE,18
20360,29,2027-10-27,SORTIE,9
20361,1,2027-10-27,SORTIE,6
20362,26,2027-10-27,SORTIE,1
20363,25,2027-10-27,SORTIE,21
20364,2,2027-10-28,SORTIE,18
20365,27,2027-10-28,SORTIE,21
20366,21,2027-10-28,SORTIE,18
20367,5,2027-10-28,SORTIE,14
20368,1,2027-10-28,SORTIE,16
20369,23,2027-10-28,SORTIE,28
20370,22,2027-10-28,SORTIE,3
20371,25,2027-10-28,SORTIE,25
20372,16,2027-10-28,SORTIE,8
20373,8,2027-10-28,SORTIE,1
20374,22,2027-10-28,SORTIE,15
20375,9,2027-10-28,SORTIE,17
20376,19,2027-10-28,SORTIE,25
20377,33,2027-10-28,SORTIE,8
20378,24,2027-10-28,SORTIE,27
20379,24,2027-10-28,SORTIE,29
20380,35,2027-10-28,SORTIE,30
20381,11,2027-10-28,SORTIE,12
20382,33,2027-10-28,SORTIE,28
20383,3,2027-10-28,SORTIE,2
20384,2,2027-10-28,SORTIE,4
20385,28,2027-10-28,SORTIE,1
20386,27,2027-10-28,SORTIE,15
20387,33,2027-10-28,SORTIE,6
20388,25,2027-10-29,SORTIE,16
20389,21,2027-10-29,SORTIE,19
20390,10,2027-10-29,SORTIE,24
20391,11,2027-10-29,SORTIE,12
20392,19,2027-10-29,SORTIE,8
20393,6,2027-10-29,SORTIE,26
20394,30,2027-10-29,SORTIE,5
20395,32,2027-10-29,SORTIE,22
20396,35,2027-10-29,SORTIE,15
20397,22,2027-10-29,SORTIE,27
20398,24,2027-10-29,SORTIE,11
20399,15,2027-10-29,SORTIE,30
20400,12,2027-10-29,SORTIE,22
20401,9,2027-10-30,SORTIE,27
20402,22,2027-10-30,SORTIE,6
20403,13,2027-10-30,SORTIE,26
20404,19,2027-10-30,SORTIE,30
20405,15,2027-10-30,SORTIE,7
20406,21,2027-10-30,SORTIE,13
20407,11,2027-10-30,SORTIE,13
20408,21,2027-10-30,SORTIE,14
20409,1,2027-10-30,SORTIE,20
20410,14,2027-10-30,SORTIE,3
20411,15,2027-10-30,SORTIE,15
20412,20,2027-10-30,SORTIE,24
20413,8,2027-10-30,SORTIE,3
20414,27,2027-10-30,SORTIE,12
20415,29,2027-10-30,SORTIE,10
20416,24,2027-10-30,SORTIE,10
20417,11,2027-10-30,SORTIE,15
20418,2,2027-10-30,SORTIE,29
20419,13,2027-10-30,SORTIE,27
20420,34,2027-10-30,SORTIE,26
20421,24,2027-10-30,ENTREE,192
20422,1,2027-10-31,SORTIE,7
20423,31,2027-10-31,SORTIE,1
20424,6,2027-10-31,SORTIE,16
20425,24,2027-10-31,SORTIE,16
20426,17,2027-10-31,SORTIE,14
20427,6,2027-10-31,SORTIE,2
20428,24,2027-10-31,SORTIE,4
20429,19,2027-10-31,SORTIE,11
20430,19,2027-11-01,SORTIE,5
20431,25,2027-11-01,SORTIE,25
20432,20,2027-11-01,SORTIE,25
20433,20,2027-11-01,SORTIE,18
20434,8,2027-11-01,SORTIE,16
20435,9,2027-11-01,SORTIE,11
20436,11,2027-11-01,SORTIE,5
20437,29,2027-11-01,SORTIE,15
20438,13,2027-11-01,SORTIE,30
20439,28,2027-11-01,SORTIE,22
20440,22,2027-11-01,SORTIE,25
20441,13,2027-11-01,SORTIE,12
20442,30,2027-11-01,SORTIE,25
20443,2,2027-11-01,SORTIE,9
20444,30,2027-11-01,SORTIE,5
20445,22,2027-11-01,SORTIE,14
20446,21,2027-11-01,SORTIE,23
20447,4,2027-11-01,SORTIE,7
20448,5,2027-11-01,SORTIE,6
20449,21,2027-11-01,SORTIE,1
20450,28,2027-11-01,SORTIE,27
20451,27,2027-11-01,ENTREE,272
20452,16,2027-11-02,SORTIE,6
20453,21,2027-11-02,SORTIE,2
20454,14,2027-11-02,SORTIE,13
20455,13,2027-11-02,SORTIE,1
20456,18,2027-11-02,SORTIE,19
20457,9,2027-11-02,SORTIE,10
20458,16,2027-11-02,SORTIE,18
20459,33,2027-11-02,SORTIE,4
20460,16,2027-11-02,SORTIE,27
20461,6,2027-11-02,SORTIE,19
20462,12,2027-11-02,SORTIE,21
20463,13,2027-11-02,SORTIE,11
20464,4,2027-11-02,SORTIE,18
20465,7,2027-11-02,SORTIE,5
20466,12,2027-11-02,SORTIE,7
20467,22,2027-11-02,SORTIE,28
20468,7,2027-11-02,SORTIE,19
20469,1,2027-11-02,SORTIE,12
20470,10,2027-11-02,SORTIE,21
20471,29,2027-11-02,SORTIE,15
20472,9,2027-11-02,SORTIE,12
20473,24,2027-11-02,SORTIE,29
20474,35,2027-11-02,SORTIE,28
20475,9,2027-11-02,SORTIE,14
20476,13,2027-11-02,SORTIE,14
20477,26,2027-11-02,SORTIE,29
20478,33,2027-11-02,SORTIE,30
20479,3,2027-11-03,SORTIE,17
20480,7,2027-11-03,SORTIE,7
20481,10,2027-11-03,SORTIE,21
20482,17,2027-11-03,SORTIE,26
20483,33,2027-11-03,SORTIE,27
20484,24,2027-11-03,SORTIE,13
20485,28,2027-11-03,SORTIE,26
20486,19,2027-11-04,SORTIE,6
20487,33,2027-11-04,SORTIE,24
20488,26,2027-11-04,SORTIE,30
20489,13,2027-11-04,SORTIE,17
20490,9,2027-11-05,SORTIE,5
20491,5,2027-11-05,SORTIE,10
20492,24,2027-11-05,SORTIE,30
20493,14,2027-11-05,SORTIE,11
20494,8,2027-11-05,SORTIE,4
20495,12,2027-11-05,SORTIE,15
20496,35,2027-11-05,SORTIE,14
20497,9,2027-11-05,SORTIE,9
20498,15,2027-11-05,SORTIE,5
20499,13,2027-11-05,SORTIE,20
20500,16,2027-11-05,SORTIE,29
20501,8,2027-11-05,SORTIE,27
20502,3,2027-11-05,SORTIE,4
20503,11,2027-11-05,SORTIE,17
20504,23,2027-11-05,SORTIE,11
20505,6,2027-11-05,SORTIE,9
20506,8,2027-11-06,SORTIE,24
20507,19,2027-11-06,SORTIE,21
20508,17,2027-11-06,SORTIE,18
20509,22,2027-11-06,SORTIE,21
20510,21,2027-11-06,SORTIE,13
20511,23,2027-11-06,SORTIE,28
20512,35,2027-11-06,SORTIE,22
20513,21,2027-11-06,SORTIE,11
20514,12,2027-11-06,SORTIE,27
20515,14,2027-11-06,SORTIE,20
20516,21,2027-11-06,SORTIE,18
20517,16,2027-11-06,SORTIE,13
20518,16,2027-11-06,SORTIE,10
20519,17,2027-11-06,SORTIE,15
20520,15,2027-11-06,SORTIE,6
20521,3,2027-11-06,SORTIE,4
20522,18,2027-11-06,SORTIE,7
20523,24,2027-11-06,SORTIE,12
20524,3,2027-11-06,SORTIE,25
20525,14,2027-11-06,SORTIE,27
20526,10,2027-11-06,SORTIE,26
20527,10,2027-11-06,SORTIE,11
20528,6,2027-11-06,SORTIE,7
20529,3,2027-11-07,SORTIE,21
20530,31,2027-11-07,SORTIE,26
20531,23,2027-11-07,SORTIE,24
20532,27,2027-11-07,SORTIE,22
20533,14,2027-11-07,SORTIE,2
20534,22,2027-11-07,SORTIE,15
20535,21,2027-11-07,SORTIE,4
20536,31,2027-11-07,SORTIE,26
20537,32,2027-11-07,SORTIE,3
20538,6,2027-11-07,SORTIE,19
20539,30,2027-11-07,SORTIE,18
20540,6,2027-11-07,SORTIE,21
20541,30,2027-11-07,SORTIE,10
20542,16,2027-11-07,SORTIE,13
20543,22,2027-11-07,SORTIE,24
20544,3,2027-11-07,SORTIE,2
20545,6,2027-11-07,SORTIE,17
20546,34,2027-11-07,SORTIE,27
20547,6,2027-11-08,SORTIE,18
20548,34,2027-11-08,SORTIE,6
20549,26,2027-11-08,SORTIE,13
20550,16,2027-11-08,SORTIE,11
20551,15,2027-11-08,SORTIE,28
20552,22,2027-11-08,SORTIE,23
20553,20,2027-11-08,SORTIE,26
20554,14,2027-11-08,SORTIE,7
20555,35,2027-11-08,SORTIE,4
20556,32,2027-11-08,SORTIE,18
20557,17,2027-11-08,SORTIE,7
20558,20,2027-11-08,SORTIE,26
20559,29,2027-11-08,SORTIE,8
20560,2,2027-11-08,SORTIE,30
20561,11,2027-11-09,SORTIE,11
20562,12,2027-11-09,SORTIE,10
20563,6,2027-11-09,SORTIE,27
20564,12,2027-11-09,SORTIE,19
20565,18,2027-11-09,SORTIE,6
20566,29,2027-11-09,SORTIE,20
20567,10,2027-11-09,SORTIE,26
20568,17,2027-11-09,SORTIE,30
20569,22,2027-11-09,SORTIE,18
20570,16,2027-11-09,SORTIE,3
20571,13,2027-11-09,SORTIE,13
20572,3,2027-11-09,SORTIE,29
20573,34,2027-11-09,SORTIE,1
20574,17,2027-11-09,SORTIE,14
20575,27,2027-11-09,SORTIE,10
20576,23,2027-11-09,SORTIE,7
20577,5,2027-11-09,ENTREE,132
20578,23,2027-11-10,SORTIE,27
20579,25,2027-11-10,SORTIE,4
20580,1,2027-11-10,SORTIE,20
20581,1,2027-11-10,SORTIE,16
20582,24,2027-11-10,SORTIE,11
20583,26,2027-11-10,SORTIE,10
20584,3,2027-11-10,SORTIE,4
20585,14,2027-11-10,SORTIE,29
20586,7,2027-11-10,SORTIE,20
20587,12,2027-11-10,SORTIE,20
20588,8,2027-11-10,SORTIE,11
20589,32,2027-11-10,SORTIE,29
20590,8,2027-11-10,SORTIE,9
20591,5,2027-11-10,SORTIE,7
20592,25,2027-11-10,SORTIE,17
20593,15,2027-11-10,SORTIE,6
20594,4,2027-11-10,SORTIE,11
20595,19,2027-11-10,SORTIE,16
20596,6,2027-11-10,SORTIE,1
20597,18,2027-11-10,SORTIE,27
20598,6,2027-11-10,SORTIE,26
20599,19,2027-11-10,SORTIE,7
20600,21,2027-11-10,SORTIE,18
20601,23,2027-11-10,SORTIE,30
20602,29,2027-11-10,SORTIE,7
20603,4,2027-11-10,SORTIE,28
20604,31,2027-11-10,SORTIE,13
20605,26,2027-11-10,SORTIE,16
20606,17,2027-11-10,ENTREE,137
20607,33,2027-11-11,SORTIE,4
20608,8,2027-11-11,SORTIE,10
20609,6,2027-11-11,SORTIE,23
20610,3,2027-11-11,SORTIE,16
20611,17,2027-11-12,SORTIE,1
20612,2,2027-11-12,SORTIE,12
20613,22,2027-11-12,SORTIE,24
20614,18,2027-11-12,SORTIE,3
20615,16,2027-11-12,SORTIE,14
20616,31,2027-11-12,SORTIE,26
20617,34,2027-11-12,SORTIE,14
20618,17,2027-11-12,SORTIE,5
20619,20,2027-11-12,SORTIE,25
20620,35,2027-11-12,SORTIE,14
20621,2,2027-11-12,SORTIE,13
20622,14,2027-11-12,SORTIE,7
20623,13,2027-11-13,SORTIE,18
20624,8,2027-11-13,SORTIE,23
20625,2,2027-11-13,SORTIE,2
20626,12,2027-11-13,SORTIE,12
20627,14,2027-11-13,SORTIE,13
20628,15,2027-11-13,SORTIE,9
20629,33,2027-11-13,SORTIE,6
20630,12,2027-11-13,SORTIE,5
20631,32,2027-11-13,SORTIE,18
20632,10,2027-11-13,SORTIE,12
20633,15,2027-11-13,SORTIE,24
20634,27,2027-11-13,SORTIE,27
20635,16,2027-11-13,SORTIE,15
20636,32,2027-11-13,SORTIE,12
20637,12,2027-11-13,ENTREE,347
20638,19,2027-11-14,SORTIE,2
20639,23,2027-11-14,SORTIE,27
20640,31,2027-11-14,SORTIE,26
20641,7,2027-11-14,SORTIE,20
20642,26,2027-11-15,SORTIE,22
20643,2,2027-11-15,SORTIE,27
20644,8,2027-11-15,SORTIE,14
20645,14,2027-11-15,SORTIE,11
20646,34,2027-11-15,SORTIE,30
20647,18,2027-11-16,SORTIE,21
20648,1,2027-11-16,SORTIE,29
20649,29,2027-11-16,SORTIE,27
20650,15,2027-11-16,SORTIE,2
20651,20,2027-11-16,SORTIE,1
20652,33,2027-11-16,SORTIE,25
20653,24,2027-11-16,SORTIE,23
20654,1,2027-11-16,SORTIE,5
20655,29,2027-11-16,SORTIE,6
20656,22,2027-11-16,SORTIE,24
20657,9,2027-11-16,SORTIE,2
20658,23,2027-11-16,SORTIE,14
20659,29,2027-11-16,SORTIE,12
20660,11,2027-11-16,SORTIE,2
20661,26,2027-11-16,SORTIE,15
20662,23,2027-11-16,SORTIE,16
20663,20,2027-11-16,SORTIE,8
20664,15,2027-11-16,SORTIE,4
20665,24,2027-11-16,SORTIE,4
20666,23,2027-11-16,SORTIE,27
20667,6,2027-11-16,SORTIE,2
20668,30,2027-11-16,SORTIE,27
20669,18,2027-11-16,SORTIE,3
20670,21,2027-11-16,SORTIE,13
20671,11,2027-11-16,SORTIE,17
20672,22,2027-11-16,SORTIE,16
20673,7,2027-11-16,ENTREE,498
20674,14,2027-11-17,SORTIE,22
20675,18,2027-11-17,SORTIE,9
20676,20,2027-11-17,SORTIE,6
20677,28,2027-11-17,SORTIE,4
20678,30,2027-11-17,SORTIE,25
20679,11,2027-11-17,SORTIE,27
20680,2,2027-11-17,SORTIE,17
20681,18,2027-11-17,SORTIE,19
20682,19,2027-11-17,SORTIE,11
20683,5,2027-11-17,SORTIE,29
20684,29,2027-11-17,SORTIE,4
20685,15,2027-11-17,SORTIE,17
20686,32,2027-11-17,SORTIE,6
20687,26,2027-11-17,SORTIE,28
20688,6,2027-11-17,SORTIE,20
20689,22,2027-11-18,SORTIE,27
20690,15,2027-11-18,SORTIE,6
20691,1,2027-11-18,SORTIE,25
20692,28,2027-11-18,SORTIE,26
20693,28,2027-11-18,SORTIE,10
20694,5,2027-11-18,SORTIE,29
20695,18,2027-11-18,SORTIE,7
20696,34,2027-11-18,SORTIE,7
20697,15,2027-11-18,SORTIE,12
20698,14,2027-11-18,SORTIE,2
20699,1,2027-11-18,SORTIE,29
20700,34,2027-11-18,SORTIE,15
20701,10,2027-11-18,SORTIE,21
20702,16,2027-11-18,SORTIE,28
20703,13,2027-11-18,SORTIE,5
20704,26,2027-11-18,SORTIE,22
20705,32,2027-11-18,SORTIE,10
20706,15,2027-11-18,SORTIE,29
20707,23,2027-11-18,SORTIE,5
20708,10,2027-11-18,SORTIE,4
20709,30,2027-11-18,SORTIE,24
20710,15,2027-11-18,SORTIE,2
20711,25,2027-11-18,SORTIE,18
20712,24,2027-11-19,SORTIE,30
20713,2,2027-11-19,SORTIE,5
20714,29,2027-11-19,SORTIE,6
20715,30,2027-11-19,SORTIE,7
20716,11,2027-11-19,SORTIE,21
20717,15,2027-11-19,SORTIE,20
20718,10,2027-11-19,SORTIE,4
20719,18,2027-11-19,SORTIE,6
20720,17,2027-11-19,SORTIE,25
20721,9,2027-11-19,SORTIE,29
20722,15,2027-11-19,SORTIE,26
20723,27,2027-11-19,SORTIE,23
20724,10,2027-11-19,SORTIE,27
20725,30,2027-11-19,SORTIE,23
20726,23,2027-11-19,SORTIE,22
20727,27,2027-11-19,SORTIE,16
20728,16,2027-11-19,SORTIE,30
20729,6,2027-11-19,SORTIE,19
20730,15,2027-11-19,SORTIE,5
20731,32,2027-11-19,SORTIE,2
20732,31,2027-11-19,SORTIE,16
20733,28,2027-11-20,SORTIE,25
20734,35,2027-11-20,SORTIE,28
20735,3,2027-11-20,SORTIE,20
20736,30,2027-11-20,SORTIE,6
20737,32,2027-11-20,SORTIE,20
20738,32,2027-11-20,SORTIE,25
20739,14,2027-11-20,SORTIE,25
20740,20,2027-11-20,SORTIE,15
20741,11,2027-11-20,SORTIE,19
20742,10,2027-11-20,SORTIE,20
20743,4,2027-11-20,SORTIE,8
20744,12,2027-11-20,SORTIE,18
20745,14,2027-11-20,SORTIE,3
20746,31,2027-11-20,SORTIE,22
20747,34,2027-11-20,SORTIE,23
20748,27,2027-11-20,SORTIE,14
20749,2,2027-11-20,SORTIE,7
20750,12,2027-11-20,SORTIE,19
20751,27,2027-11-21,SORTIE,27
20752,7,2027-11-21,SORTIE,12
20753,12,2027-11-21,SORTIE,8
20754,24,2027-11-21,SORTIE,16
20755,4,2027-11-21,SORTIE,27
20756,7,2027-11-21,SORTIE,30
20757,33,2027-11-21,SORTIE,15
20758,19,2027-11-21,SORTIE,25
20759,13,2027-11-21,SORTIE,3
20760,34,2027-11-21,SORTIE,4
20761,7,2027-11-21,SORTIE,24
20762,17,2027-11-21,SORTIE,27
20763,25,2027-11-21,SORTIE,9
20764,29,2027-11-21,SORTIE,3
20765,8,2027-11-22,SORTIE,1
20766,4,2027-11-22,SORTIE,8
20767,23,2027-11-22,SORTIE,17
20768,34,2027-11-22,SORTIE,30
20769,35,2027-11-22,SORTIE,30
20770,5,2027-11-22,SORTIE,17
20771,19,2027-11-22,SORTIE,10
20772,29,2027-11-22,SORTIE,9
20773,33,2027-11-22,SORTIE,24
20774,21,2027-11-22,SORTIE,1
20775,5,2027-11-22,SORTIE,30
20776,30,2027-11-22,SORTIE,16
20777,26,2027-11-22,SORTIE,14
20778,28,2027-11-22,ENTREE,205
20779,34,2027-11-23,SORTIE,27
20780,21,2027-11-23,SORTIE,17
20781,25,2027-11-23,SORTIE,7
20782,17,2027-11-23,SORTIE,10
20783,18,2027-11-23,SORTIE,9
20784,8,2027-11-23,SORTIE,20
20785,26,2027-11-23,SORTIE,1
20786,13,2027-11-23,SORTIE,4
20787,11,2027-11-23,SORTIE,29
20788,15,2027-11-23,SORTIE,17
20789,7,2027-11-23,SORTIE,20
20790,15,2027-11-23,SORTIE,5
20791,7,2027-11-23,SORTIE,10
20792,20,2027-11-23,SORTIE,12
20793,17,2027-11-23,SORTIE,10
20794,6,2027-11-23,SORTIE,4
20795,22,2027-11-23,SORTIE,24
20796,23,2027-11-23,SORTIE,7
20797,10,2027-11-23,SORTIE,24
20798,10,2027-11-23,SORTIE,30
20799,21,2027-11-23,SORTIE,1
20800,24,2027-11-23,SORTIE,9
20801,33,2027-11-23,SORTIE,18
20802,4,2027-11-23,SORTIE,24
20803,7,2027-11-23,SORTIE,23
20804,2,2027-11-23,SORTIE,13
20805,27,2027-11-23,SORTIE,24
20806,20,2027-11-23,SORTIE,3
20807,11,2027-11-24,SORTIE,28
20808,19,2027-11-24,SORTIE,21
20809,14,2027-11-24,SORTIE,9
20810,19,2027-11-24,SORTIE,21
20811,3,2027-11-24,SORTIE,27
20812,20,2027-11-24,SORTIE,1
20813,2,2027-11-24,SORTIE,1
20814,22,2027-11-24,SORTIE,3
20815,18,2027-11-24,SORTIE,28
20816,9,2027-11-24,SORTIE,7
20817,15,2027-11-24,SORTIE,24
20818,12,2027-11-24,SORTIE,12
20819,15,2027-11-24,SORTIE,22
20820,32,2027-11-24,SORTIE,7
20821,9,2027-11-24,SORTIE,2
20822,19,2027-11-24,SORTIE,2
20823,5,2027-11-24,SORTIE,22
20824,24,2027-11-24,SORTIE,27
20825,22,2027-11-24,SORTIE,20
20826,11,2027-11-24,SORTIE,4
20827,35,2027-11-24,ENTREE,189
20828,28,2027-11-25,SORTIE,2
20829,14,2027-11-25,SORTIE,5
20830,30,2027-11-25,SORTIE,7
20831,13,2027-11-25,SORTIE,28
20832,31,2027-11-25,SORTIE,5
20833,23,2027-11-25,SORTIE,5
20834,24,2027-11-25,SORTIE,28
20835,5,2027-11-26,SORTIE,17
20836,23,2027-11-26,SORTIE,13
20837,19,2027-11-26,SORTIE,25
20838,13,2027-11-26,SORTIE,2
20839,32,2027-11-26,SORTIE,25
20840,27,2027-11-26,SORTIE,13
20841,3,2027-11-26,SORTIE,23
20842,35,2027-11-26,SORTIE,23
20843,29,2027-11-26,SORTIE,21
20844,18,2027-11-26,SORTIE,26
20845,28,2027-11-26,SORTIE,30
20846,6,2027-11-26,SORTIE,1
20847,35,2027-11-26,SORTIE,6
20848,21,2027-11-26,SORTIE,15
20849,28,2027-11-26,SORTIE,29
20850,3,2027-11-26,SORTIE,6
20851,11,2027-11-26,SORTIE,15
20852,29,2027-11-26,SORTIE,22
20853,32,2027-11-26,SORTIE,22
20854,11,2027-11-26,SORTIE,27
20855,19,2027-11-26,SORTIE,11
20856,17,2027-11-26,ENTREE,207
20857,12,2027-11-27,SORTIE,5
20858,35,2027-11-27,SORTIE,28
20859,11,2027-11-27,SORTIE,21
20860,20,2027-11-27,SORTIE,7
20861,12,2027-11-27,SORTIE,15
20862,8,2027-11-27,SORTIE,6
20863,33,2027-11-27,SORTIE,21
20864,8,2027-11-27,SORTIE,14
20865,7,2027-11-27,SORTIE,24
20866,21,2027-11-27,SORTIE,22
20867,23,2027-11-27,SORTIE,4
20868,10,2027-11-27,SORTIE,6
20869,23,2027-11-27,SORTIE,5
20870,31,2027-11-27,SORTIE,21
20871,8,2027-11-27,SORTIE,14
20872,23,2027-11-27,SORTIE,14
20873,8,2027-11-27,SORTIE,5
20874,33,2027-11-27,SORTIE,10
20875,33,2027-11-27,SORTIE,9
20876,7,2027-11-27,SORTIE,4
20877,25,2027-11-27,SORTIE,17
20878,6,2027-11-27,SORTIE,25
20879,25,2027-11-27,SORTIE,19
20880,20,2027-11-28,SORTIE,5
20881,9,2027-11-28,SORTIE,25
20882,17,2027-11-28,SORTIE,7
20883,23,2027-11-28,SORTIE,6
20884,9,2027-11-28,SORTIE,13
20885,3,2027-11-28,SORTIE,19
20886,10,2027-11-28,SORTIE,27
20887,19,2027-11-28,SORTIE,15
20888,18,2027-11-28,SORTIE,5
20889,1,2027-11-28,SORTIE,6
20890,34,2027-11-28,SORTIE,2
20891,21,2027-11-28,SORTIE,12
20892,28,2027-11-28,SORTIE,23
20893,32,2027-11-29,SORTIE,7
20894,16,2027-11-29,SORTIE,1
20895,3,2027-11-29,SORTIE,25
20896,4,2027-11-29,ENTREE,470
20897,18,2027-11-30,SORTIE,10
20898,11,2027-11-30,SORTIE,20
20899,2,2027-11-30,SORTIE,29
20900,26,2027-11-30,SORTIE,14
20901,12,2027-11-30,SORTIE,6
20902,16,2027-11-30,SORTIE,7
20903,5,2027-11-30,SORTIE,22
20904,25,2027-11-30,SORTIE,29
20905,13,2027-11-30,SORTIE,17
20906,4,2027-11-30,SORTIE,7
20907,8,2027-11-30,SORTIE,23
20908,20,2027-11-30,SORTIE,10
20909,3,2027-11-30,ENTREE,276
20910,34,2027-12-01,SORTIE,25
20911,2,2027-12-01,SORTIE,10
20912,10,2027-12-01,SORTIE,19
20913,20,2027-12-01,SORTIE,29
20914,22,2027-12-01,SORTIE,25
20915,24,2027-12-01,SORTIE,22
20916,12,2027-12-01,SORTIE,6
20917,19,2027-12-01,SORTIE,7
20918,26,2027-12-01,SORTIE,7
20919,31,2027-12-01,SORTIE,18
20920,2,2027-12-01,SORTIE,3
20921,13,2027-12-01,SORTIE,27
20922,15,2027-12-01,SORTIE,19
20923,13,2027-12-01,SORTIE,6
20924,1,2027-12-01,SORTIE,9
20925,31,2027-12-01,SORTIE,10
20926,15,2027-12-01,SORTIE,12
20927,17,2027-12-01,SORTIE,4
20928,33,2027-12-01,SORTIE,25
20929,33,2027-12-01,SORTIE,27
20930,20,2027-12-01,SORTIE,27
20931,11,2027-12-01,SORTIE,9
20932,28,2027-12-01,SORTIE,10
20933,13,2027-12-01,SORTIE,1
20934,33,2027-12-01,SORTIE,21
20935,22,2027-12-01,SORTIE,4
20936,14,2027-12-02,SORTIE,12
20937,19,2027-12-02,SORTIE,14
20938,30,2027-12-02,SORTIE,8
20939,22,2027-12-02,SORTIE,9
20940,35,2027-12-02,SORTIE,7
20941,29,2027-12-02,SORTIE,26
20942,9,2027-12-02,SORTIE,30
20943,26,2027-12-02,SORTIE,6
20944,32,2027-12-02,SORTIE,11
20945,11,2027-12-02,SORTIE,10
20946,20,2027-12-02,SORTIE,29
20947,20,2027-12-02,SORTIE,18
20948,17,2027-12-02,SORTIE,21
20949,17,2027-12-02,SORTIE,21
20950,25,2027-12-02,SORTIE,22
20951,13,2027-12-02,SORTIE,21
20952,2,2027-12-02,SORTIE,27
20953,21,2027-12-02,SORTIE,7
20954,22,2027-12-02,SORTIE,10
20955,30,2027-12-02,ENTREE,119
20956,20,2027-12-03,SORTIE,29
20957,17,2027-12-03,SORTIE,7
20958,22,2027-12-03,SORTIE,5
20959,29,2027-12-03,SORTIE,18
20960,12,2027-12-03,SORTIE,7
20961,18,2027-12-03,SORTIE,15
20962,29,2027-12-03,SORTIE,17
20963,2,2027-12-03,SORTIE,5
20964,29,2027-12-03,SORTIE,3
20965,16,2027-12-03,SORTIE,15
20966,24,2027-12-03,SORTIE,11
20967,12,2027-12-03,SORTIE,20
20968,5,2027-12-03,SORTIE,12
20969,20,2027-12-03,SORTIE,6
20970,22,2027-12-03,SORTIE,10
20971,2,2027-12-03,SORTIE,26
20972,33,2027-12-03,SORTIE,14
20973,35,2027-12-03,SORTIE,16
20974,25,2027-12-03,SORTIE,17
20975,17,2027-12-03,SORTIE,16
20976,24,2027-12-03,SORTIE,16
20977,7,2027-12-03,SORTIE,8
20978,1,2027-12-03,SORTIE,25
20979,10,2027-12-03,SORTIE,9
20980,27,2027-12-04,SORTIE,15
20981,12,2027-12-04,SORTIE,9
20982,16,2027-12-04,SORTIE,25
20983,9,2027-12-04,SORTIE,1
20984,16,2027-12-04,SORTIE,12
20985,27,2027-12-05,SORTIE,15
20986,14,2027-12-05,SORTIE,28
20987,3,2027-12-05,SORTIE,10
20988,21,2027-12-05,SORTIE,9
20989,35,2027-12-05,SORTIE,8
20990,24,2027-12-06,SORTIE,25
20991,28,2027-12-06,SORTIE,25
20992,11,2027-12-06,SORTIE,6
20993,25,2027-12-06,SORTIE,28
20994,5,2027-12-06,SORTIE,29
20995,22,2027-12-06,SORTIE,6
20996,13,2027-12-06,SORTIE,4
20997,31,2027-12-06,SORTIE,2
20998,34,2027-12-06,SORTIE,29
20999,9,2027-12-06,SORTIE,1
21000,5,2027-12-06,SORTIE,10
21001,11,2027-12-06,SORTIE,19
21002,2,2027-12-06,SORTIE,20
21003,33,2027-12-06,SORTIE,5
21004,11,2027-12-06,SORTIE,19
21005,35,2027-12-06,SORTIE,14
21006,23,2027-12-06,SORTIE,2
21007,15,2027-12-06,SORTIE,17
21008,34,2027-12-06,SORTIE,8
21009,5,2027-12-06,SORTIE,16
21010,23,2027-12-06,SORTIE,15
21011,3,2027-12-06,SORTIE,25
21012,15,2027-12-06,ENTREE,235
21013,18,2027-12-07,SORTIE,12
21014,17,2027-12-07,SORTIE,18
21015,1,2027-12-07,SORTIE,14
21016,20,2027-12-07,SORTIE,7
21017,12,2027-12-07,SORTIE,28
21018,33,2027-12-07,SORTIE,3
21019,21,2027-12-07,SORTIE,6
21020,16,2027-12-07,SORTIE,13
21021,16,2027-12-07,SORTIE,30
21022,31,2027-12-07,SORTIE,20
21023,13,2027-12-07,SORTIE,25
21024,19,2027-12-07,SORTIE,20
21025,3,2027-12-08,SORTIE,3
21026,22,2027-12-08,SORTIE,1
21027,3,2027-12-08,SORTIE,23
21028,35,2027-12-08,SORTIE,18
21029,33,2027-12-08,SORTIE,26
21030,25,2027-12-08,SORTIE,24
21031,27,2027-12-08,SORTIE,12
21032,32,2027-12-08,SORTIE,19
21033,12,2027-12-08,SORTIE,10
21034,3,2027-12-08,SORTIE,17
21035,19,2027-12-08,SORTIE,1
21036,28,2027-12-08,SORTIE,8
21037,23,2027-12-08,SORTIE,16
21038,3,2027-12-08,SORTIE,4
21039,25,2027-12-08,SORTIE,10
21040,31,2027-12-08,ENTREE,353
21041,35,2027-12-09,SORTIE,9
21042,29,2027-12-09,SORTIE,16
21043,31,2027-12-09,SORTIE,5
21044,33,2027-12-09,SORTIE,13
21045,5,2027-12-09,SORTIE,26
21046,9,2027-12-09,SORTIE,13
21047,24,2027-12-09,SORTIE,4
21048,34,2027-12-09,SORTIE,22
21049,32,2027-12-09,SORTIE,1
21050,31,2027-12-09,SORTIE,7
21051,34,2027-12-09,SORTIE,14
21052,28,2027-12-09,SORTIE,19
21053,25,2027-12-09,SORTIE,10
21054,33,2027-12-09,SORTIE,26
21055,5,2027-12-09,SORTIE,2
21056,6,2027-12-10,SORTIE,18
21057,28,2027-12-10,SORTIE,12
21058,6,2027-12-10,SORTIE,13
21059,9,2027-12-10,SORTIE,2
21060,32,2027-12-10,SORTIE,19
21061,31,2027-12-10,SORTIE,12
21062,33,2027-12-10,SORTIE,16
21063,20,2027-12-10,SORTIE,10
21064,27,2027-12-10,SORTIE,30
21065,16,2027-12-10,SORTIE,4
21066,33,2027-12-10,SORTIE,1
21067,14,2027-12-10,SORTIE,2
21068,17,2027-12-10,SORTIE,29
21069,27,2027-12-10,SORTIE,25
21070,26,2027-12-10,SORTIE,6
21071,22,2027-12-10,SORTIE,17
21072,7,2027-12-10,SORTIE,1
21073,12,2027-12-10,SORTIE,6
21074,3,2027-12-11,SORTIE,20
21075,7,2027-12-11,SORTIE,27
21076,29,2027-12-11,SORTIE,13
21077,21,2027-12-11,SORTIE,17
21078,20,2027-12-11,SORTIE,19
21079,19,2027-12-11,SORTIE,6
21080,19,2027-12-11,SORTIE,30
21081,32,2027-12-11,SORTIE,12
21082,3,2027-12-11,SORTIE,17
21083,9,2027-12-11,SORTIE,15
21084,4,2027-12-11,SORTIE,12
21085,34,2027-12-11,SORTIE,30
21086,2,2027-12-11,SORTIE,7
21087,33,2027-12-11,SORTIE,30
21088,13,2027-12-11,SORTIE,20
21089,33,2027-12-11,SORTIE,4
21090,27,2027-12-12,SORTIE,16
21091,11,2027-12-12,SORTIE,26
21092,11,2027-12-12,SORTIE,9
21093,34,2027-12-12,SORTIE,3
21094,31,2027-12-12,SORTIE,18
21095,29,2027-12-12,SORTIE,5
21096,24,2027-12-12,SORTIE,22
21097,19,2027-12-12,SORTIE,2
21098,8,2027-12-12,SORTIE,1
21099,12,2027-12-12,SORTIE,27
21100,26,2027-12-12,SORTIE,7
21101,21,2027-12-12,SORTIE,12
21102,33,2027-12-12,SORTIE,29
21103,11,2027-12-12,SORTIE,13
21104,24,2027-12-12,SORTIE,16
21105,19,2027-12-12,SORTIE,24
21106,34,2027-12-12,SORTIE,12
21107,2,2027-12-12,SORTIE,9
21108,20,2027-12-12,SORTIE,29
21109,13,2027-12-12,SORTIE,22
21110,1,2027-12-12,SORTIE,23
21111,27,2027-12-12,SORTIE,10
21112,10,2027-12-13,SORTIE,19
21113,18,2027-12-13,SORTIE,21
21114,15,2027-12-13,SORTIE,13
21115,2,2027-12-13,SORTIE,21
21116,8,2027-12-13,SORTIE,8
21117,29,2027-12-13,SORTIE,22
21118,27,2027-12-13,SORTIE,12
21119,2,2027-12-13,SORTIE,4
21120,28,2027-12-13,SORTIE,19
21121,20,2027-12-13,SORTIE,5
21122,28,2027-12-13,SORTIE,23
21123,25,2027-12-13,SORTIE,9
21124,6,2027-12-13,SORTIE,16
21125,11,2027-12-13,SORTIE,29
21126,21,2027-12-13,SORTIE,5
21127,25,2027-12-13,SORTIE,12
21128,34,2027-12-13,SORTIE,9
21129,32,2027-12-13,SORTIE,14
21130,21,2027-12-13,SORTIE,6
21131,12,2027-12-13,SORTIE,5
21132,16,2027-12-13,SORTIE,27
21133,25,2027-12-14,SORTIE,8
21134,26,2027-12-14,SORTIE,14
21135,16,2027-12-14,SORTIE,10
21136,15,2027-12-14,SORTIE,7
21137,9,2027-12-14,SORTIE,12
21138,20,2027-12-14,SORTIE,13
21139,34,2027-12-14,SORTIE,12
21140,14,2027-12-14,SORTIE,19
21141,5,2027-12-15,SORTIE,17
21142,8,2027-12-15,SORTIE,28
21143,25,2027-12-15,SORTIE,24
21144,27,2027-12-15,SORTIE,9
21145,22,2027-12-15,SORTIE,2
21146,24,2027-12-15,SORTIE,16
21147,1,2027-12-15,SORTIE,17
21148,4,2027-12-15,SORTIE,17
21149,11,2027-12-15,SORTIE,9
21150,28,2027-12-15,SORTIE,29
21151,34,2027-12-15,SORTIE,20
21152,15,2027-12-15,SORTIE,19
21153,7,2027-12-15,SORTIE,18
21154,24,2027-12-15,SORTIE,6
21155,34,2027-12-15,SORTIE,8
21156,8,2027-12-15,SORTIE,26
21157,30,2027-12-15,SORTIE,3
21158,11,2027-12-16,SORTIE,19
21159,10,2027-12-16,SORTIE,22
21160,21,2027-12-16,SORTIE,21
21161,11,2027-12-16,SORTIE,14
21162,20,2027-12-16,SORTIE,5
21163,31,2027-12-16,SORTIE,5
21164,14,2027-12-16,SORTIE,13
21165,34,2027-12-16,SORTIE,7
21166,20,2027-12-16,SORTIE,30
21167,23,2027-12-16,SORTIE,7
21168,4,2027-12-16,SORTIE,26
21169,33,2027-12-16,SORTIE,30
21170,20,2027-12-16,SORTIE,16
21171,28,2027-12-16,SORTIE,18
21172,33,2027-12-16,SORTIE,3
21173,31,2027-12-16,SORTIE,15
21174,10,2027-12-16,ENTREE,295
21175,19,2027-12-17,SORTIE,18
21176,33,2027-12-17,SORTIE,18
21177,20,2027-12-17,SORTIE,28
21178,32,2027-12-17,SORTIE,21
21179,19,2027-12-17,SORTIE,13
21180,17,2027-12-17,SORTIE,20
21181,24,2027-12-17,SORTIE,16
21182,15,2027-12-17,SORTIE,9
21183,29,2027-12-17,SORTIE,17
21184,35,2027-12-17,SORTIE,20
21185,12,2027-12-17,SORTIE,28
21186,11,2027-12-17,SORTIE,21
21187,7,2027-12-17,SORTIE,19
21188,24,2027-12-18,SORTIE,20
21189,9,2027-12-18,SORTIE,17
21190,15,2027-12-18,SORTIE,6
21191,19,2027-12-18,SORTIE,26
21192,31,2027-12-18,SORTIE,10
21193,31,2027-12-18,SORTIE,14
21194,4,2027-12-18,SORTIE,14
21195,13,2027-12-18,SORTIE,27
21196,27,2027-12-18,SORTIE,29
21197,13,2027-12-18,SORTIE,14
21198,21,2027-12-18,SORTIE,10
21199,17,2027-12-18,SORTIE,23
21200,15,2027-12-18,SORTIE,12
21201,18,2027-12-18,SORTIE,11
21202,23,2027-12-19,SORTIE,12
21203,18,2027-12-19,SORTIE,24
21204,20,2027-12-19,SORTIE,21
21205,17,2027-12-19,SORTIE,8
21206,26,2027-12-19,SORTIE,9
21207,8,2027-12-19,SORTIE,12
21208,19,2027-12-19,SORTIE,18
21209,11,2027-12-19,SORTIE,7
21210,21,2027-12-19,SORTIE,4
21211,11,2027-12-19,SORTIE,28
21212,23,2027-12-19,SORTIE,30
21213,4,2027-12-19,SORTIE,15
21214,12,2027-12-19,SORTIE,4
21215,14,2027-12-19,SORTIE,18
21216,2,2027-12-19,SORTIE,29
21217,35,2027-12-19,SORTIE,6
21218,6,2027-12-19,SORTIE,6
21219,19,2027-12-19,SORTIE,13
21220,13,2027-12-19,SORTIE,5
21221,3,2027-12-19,SORTIE,18
21222,12,2027-12-19,SORTIE,7
21223,5,2027-12-20,SORTIE,15
21224,4,2027-12-20,SORTIE,4
21225,28,2027-12-20,SORTIE,16
21226,13,2027-12-20,SORTIE,9
21227,33,2027-12-20,SORTIE,18
21228,1,2027-12-20,SORTIE,19
21229,13,2027-12-20,SORTIE,22
21230,32,2027-12-20,SORTIE,3
21231,6,2027-12-20,SORTIE,23
21232,14,2027-12-20,SORTIE,27
21233,24,2027-12-20,SORTIE,6
21234,28,2027-12-20,SORTIE,12
21235,14,2027-12-20,SORTIE,11
21236,9,2027-12-20,SORTIE,6
21237,25,2027-12-21,SORTIE,15
21238,27,2027-12-21,SORTIE,11
21239,35,2027-12-21,SORTIE,17
21240,13,2027-12-21,SORTIE,13
21241,24,2027-12-21,SORTIE,11
21242,22,2027-12-21,SORTIE,27
21243,19,2027-12-21,SORTIE,23
21244,18,2027-12-21,SORTIE,1
21245,21,2027-12-21,ENTREE,350
21246,24,2027-12-22,SORTIE,15
21247,2,2027-12-22,SORTIE,20
21248,30,2027-12-22,SORTIE,22
21249,12,2027-12-22,SORTIE,11
21250,12,2027-12-22,SORTIE,8
21251,29,2027-12-22,SORTIE,2
21252,35,2027-12-22,SORTIE,15
21253,5,2027-12-22,SORTIE,25
21254,6,2027-12-22,SORTIE,20
21255,3,2027-12-22,SORTIE,27
21256,19,2027-12-22,SORTIE,29
21257,22,2027-12-23,SORTIE,8
21258,9,2027-12-23,SORTIE,3
21259,5,2027-12-23,SORTIE,9
21260,11,2027-12-23,SORTIE,13
21261,15,2027-12-23,SORTIE,21
21262,23,2027-12-23,SORTIE,29
21263,24,2027-12-23,SORTIE,20
21264,8,2027-12-23,SORTIE,10
21265,2,2027-12-23,SORTIE,24
21266,17,2027-12-23,SORTIE,2
21267,35,2027-12-23,SORTIE,16
21268,8,2027-12-23,SORTIE,13
21269,10,2027-12-23,SORTIE,25
21270,14,2027-12-23,SORTIE,14
21271,1,2027-12-23,SORTIE,25
21272,33,2027-12-23,SORTIE,14
21273,2,2027-12-23,SORTIE,25
21274,2,2027-12-23,SORTIE,16
21275,3,2027-12-24,SORTIE,10
21276,2,2027-12-24,SORTIE,2
21277,32,2027-12-24,SORTIE,2
21278,17,2027-12-24,SORTIE,24
21279,6,2027-12-24,SORTIE,9
21280,18,2027-12-25,SORTIE,20
21281,18,2027-12-25,SORTIE,13
21282,23,2027-12-25,SORTIE,13
21283,3,2027-12-25,SORTIE,16
21284,16,2027-12-25,SORTIE,25
21285,8,2027-12-25,SORTIE,28
21286,24,2027-12-25,SORTIE,23
21287,22,2027-12-25,SORTIE,21
21288,9,2027-12-25,SORTIE,8
21289,21,2027-12-25,SORTIE,22
21290,2,2027-12-25,SORTIE,8
21291,19,2027-12-25,SORTIE,30
21292,24,2027-12-25,SORTIE,11
21293,19,2027-12-25,SORTIE,17
21294,34,2027-12-25,SORTIE,15
21295,7,2027-12-25,SORTIE,12
21296,21,2027-12-25,SORTIE,26
21297,10,2027-12-26,SORTIE,21
21298,12,2027-12-26,SORTIE,18
21299,24,2027-12-26,SORTIE,21
21300,11,2027-12-26,SORTIE,2
21301,22,2027-12-26,SORTIE,30
21302,8,2027-12-26,SORTIE,8
21303,6,2027-12-26,SORTIE,4
21304,31,2027-12-26,SORTIE,6
21305,12,2027-12-26,SORTIE,17
21306,5,2027-12-26,SORTIE,10
21307,34,2027-12-26,SORTIE,14
21308,16,2027-12-26,SORTIE,4
21309,11,2027-12-26,SORTIE,14
21310,20,2027-12-26,SORTIE,17
21311,15,2027-12-26,SORTIE,3
21312,17,2027-12-26,SORTIE,29
21313,28,2027-12-27,SORTIE,14
21314,33,2027-12-27,SORTIE,9
21315,6,2027-12-27,SORTIE,1
21316,10,2027-12-27,SORTIE,12
21317,8,2027-12-27,SORTIE,26
21318,22,2027-12-27,SORTIE,22
21319,29,2027-12-27,SORTIE,22
21320,22,2027-12-27,SORTIE,19
21321,1,2027-12-28,SORTIE,17
21322,30,2027-12-28,SORTIE,5
21323,14,2027-12-28,SORTIE,14
21324,11,2027-12-28,SORTIE,19
21325,33,2027-12-28,SORTIE,4
21326,1,2027-12-28,SORTIE,13
21327,34,2027-12-28,SORTIE,22
21328,9,2027-12-28,SORTIE,30
21329,29,2027-12-28,SORTIE,19
21330,18,2027-12-28,SORTIE,15
21331,22,2027-12-28,SORTIE,15
21332,11,2027-12-28,SORTIE,26
21333,12,2027-12-28,SORTIE,14
21334,25,2027-12-28,SORTIE,10
21335,2,2027-12-28,SORTIE,2
21336,16,2027-12-28,SORTIE,26
21337,10,2027-12-28,SORTIE,14
21338,28,2027-12-28,ENTREE,436
21339,23,2027-12-29,SORTIE,15
21340,10,2027-12-29,SORTIE,22
21341,22,2027-12-29,SORTIE,3
21342,27,2027-12-29,SORTIE,1
21343,31,2027-12-29,SORTIE,1
21344,6,2027-12-29,SORTIE,13
21345,32,2027-12-29,SORTIE,17
21346,15,2027-12-29,SORTIE,27
21347,16,2027-12-29,SORTIE,16
21348,14,2027-12-29,SORTIE,28
21349,19,2027-12-29,SORTIE,8
21350,13,2027-12-29,SORTIE,29
21351,29,2027-12-29,SORTIE,27
21352,13,2027-12-29,SORTIE,22
21353,26,2027-12-29,SORTIE,29
21354,11,2027-12-29,SORTIE,19
21355,34,2027-12-29,SORTIE,11
21356,15,2027-12-29,SORTIE,13
21357,5,2027-12-29,SORTIE,1
21358,21,2027-12-29,SORTIE,23
21359,31,2027-12-29,SORTIE,8
21360,19,2027-12-29,ENTREE,451
21361,13,2027-12-30,SORTIE,13
21362,20,2027-12-30,SORTIE,29
21363,13,2027-12-30,SORTIE,19
21364,22,2027-12-30,SORTIE,1
21365,17,2027-12-30,SORTIE,13
21366,13,2027-12-30,SORTIE,20
21367,18,2027-12-30,SORTIE,9
21368,19,2027-12-30,SORTIE,21
21369,33,2027-12-30,SORTIE,9
21370,17,2027-12-30,SORTIE,12
21371,2,2027-12-30,SORTIE,27
21372,22,2027-12-30,SORTIE,6
21373,14,2027-12-30,SORTIE,30
21374,2,2027-12-30,SORTIE,24
21375,15,2027-12-30,SORTIE,26
21376,23,2027-12-30,SORTIE,4
21377,18,2027-12-30,SORTIE,25
21378,27,2027-12-30,SORTIE,25
21379,22,2027-12-30,SORTIE,19
21380,10,2027-12-30,SORTIE,22
21381,18,2027-12-30,SORTIE,12
21382,27,2027-12-30,SORTIE,9
21383,33,2027-12-30,SORTIE,6
21384,30,2027-12-30,SORTIE,29
21385,12,2027-12-31,SORTIE,26
21386,20,2027-12-31,SORTIE,4
21387,4,2027-12-31,SORTIE,26
21388,2,2027-12-31,SORTIE,13
21389,26,2027-12-31,SORTIE,18
21390,10,2027-12-31,SORTIE,18
21391,19,2027-12-31,SORTIE,17
21392,4,2027-12-31,SORTIE,1
21393,25,2027-12-31,SORTIE,13
21394,18,2027-12-31,SORTIE,18
21395,30,2027-12-31,SORTIE,18
21396,10,2027-12-31,SORTIE,5
