ligne_id,commande_id,produit_id,quantite,prix_unitaire_vente,remise_pct
1,1,3,17,249.00,0.00
2,1,11,23,899.00,5.00
3,2,32,20,45.00,5.00
4,2,5,22,349.00,0.00
5,3,18,4,89.00,0.00
6,4,2,26,899.00,0.00
7,5,33,18,65.00,0.00
8,5,25,9,42.00,0.00
9,5,24,15,95.00,0.00
10,5,7,29,549.00,0.00
11,6,26,10,12.00,0.00
12,7,22,17,75.00,10.00
13,8,8,13,389.00,0.00
14,8,2,24,899.00,10.00
15,8,24,1,95.00,10.00
16,9,16,7,45.00,5.00
17,10,13,19,649.00,10.00
18,10,4,18,129.00,5.00
19,10,13,29,649.00,0.00
20,10,6,1,699.00,0.00
21,11,19,19,69.00,0.00
22,11,24,26,95.00,0.00
23,11,32,19,45.00,0.00
24,11,7,22,549.00,0.00
25,12,33,2,65.00,0.00
26,12,7,18,549.00,0.00
27,12,24,18,95.00,10.00
28,12,17,26,189.00,10.00
29,12,27,7,18.00,5.00
30,13,33,7,65.00,0.00
31,14,14,14,549.00,0.00
32,14,1,26,499.00,0.00
33,14,11,2,899.00,0.00
34,14,18,16,89.00,0.00
35,14,27,18,18.00,5.00
36,15,34,21,35.00,0.00
37,15,18,29,89.00,0.00
38,16,4,15,129.00,0.00
39,16,33,15,65.00,0.00
40,16,11,27,899.00,0.00
41,16,30,24,27.00,0.00
42,16,12,20,459.00,0.00
43,17,4,18,129.00,5.00
44,17,17,12,189.00,0.00
45,18,22,12,75.00,0.00
46,18,5,17,349.00,0.00
47,19,31,29,15.00,0.00
48,20,31,15,15.00,5.00
49,20,14,21,549.00,0.00
50,21,33,28,65.00,10.00
51,21,12,7,459.00,0.00
52,21,1,20,499.00,0.00
53,21,30,24,27.00,0.00
54,21,16,4,45.00,0.00
55,22,15,19,379.00,10.00
56,22,9,24,149.00,0.00
57,22,26,30,12.00,5.00
58,23,30,28,27.00,0.00
59,24,25,30,42.00,5.00
60,24,2,24,899.00,5.00
61,24,16,28,45.00,0.00
62,25,9,12,149.00,0.00
63,25,4,22,129.00,0.00
64,25,14,29,549.00,5.00
65,26,16,23,45.00,0.00
66,26,7,15,549.00,10.00
67,26,26,4,12.00,0.00
68,26,30,28,27.00,0.00
69,26,25,7,42.00,10.00
70,27,9,11,149.00,10.00
71,27,25,19,42.00,0.00
72,28,27,12,18.00,5.00
73,29,25,24,42.00,10.00
74,29,27,10,18.00,0.00
75,29,23,9,22.00,0.00
76,29,27,5,18.00,0.00
77,29,5,2,349.00,10.00
78,30,12,5,459.00,10.00
79,30,20,12,159.00,0.00
80,30,5,27,349.00,10.00
81,30,10,13,799.00,0.00
82,30,4,21,129.00,0.00
83,31,33,13,65.00,0.00
84,31,3,18,249.00,5.00
85,31,32,10,45.00,10.00
86,31,14,11,549.00,5.00
87,32,9,13,149.00,0.00
88,32,24,8,95.00,0.00
89,32,34,11,35.00,10.00
90,32,17,19,189.00,5.00
91,32,24,8,95.00,0.00
92,33,8,4,389.00,10.00
93,33,4,26,129.00,10.00
94,33,1,9,499.00,0.00
95,33,17,29,189.00,0.00
96,34,26,30,12.00,5.00
97,34,31,1,15.00,0.00
98,34,17,25,189.00,5.00
99,35,6,24,699.00,0.00
100,35,23,2,22.00,0.00
101,36,17,17,189.00,0.00
102,36,28,5,120.00,0.00
103,36,3,13,249.00,10.00
104,36,6,4,699.00,0.00
105,36,6,14,699.00,5.00
106,37,12,20,459.00,0.00
107,38,34,2,35.00,0.00
108,38,17,12,189.00,0.00
109,38,25,24,42.00,10.00
110,39,19,15,69.00,10.00
111,40,17,23,189.00,0.00
112,40,13,26,649.00,0.00
113,41,8,4,389.00,0.00
114,41,26,16,12.00,0.00
115,42,2,7,899.00,10.00
116,43,28,17,120.00,0.00
117,43,16,27,45.00,0.00
118,43,2,22,899.00,0.00
119,44,4,23,129.00,0.00
120,44,29,27,32.00,0.00
121,44,15,30,379.00,5.00
122,44,24,7,95.00,0.00
123,44,23,2,22.00,0.00
124,45,22,1,75.00,0.00
125,46,6,29,699.00,0.00
126,46,10,20,799.00,0.00
127,46,14,16,549.00,0.00
128,46,23,26,22.00,0.00
129,46,10,8,799.00,0.00
130,47,27,1,18.00,10.00
131,47,10,24,799.00,0.00
132,47,30,3,27.00,10.00
133,47,19,22,69.00,10.00
134,47,29,5,32.00,0.00
135,48,26,19,12.00,10.00
136,48,25,25,42.00,10.00
137,48,17,13,189.00,5.00
138,48,31,17,15.00,0.00
139,48,20,21,159.00,5.00
140,49,29,30,32.00,0.00
141,49,5,13,349.00,5.00
142,50,30,17,27.00,0.00
143,50,10,24,799.00,0.00
144,50,17,27,189.00,0.00
145,51,31,2,15.00,0.00
146,52,6,14,699.00,5.00
147,52,7,27,549.00,5.00
148,52,10,1,799.00,0.00
149,53,2,15,899.00,0.00
150,53,8,1,389.00,0.00
151,54,20,26,159.00,5.00
152,54,18,22,89.00,0.00
153,55,34,26,35.00,0.00
154,55,9,3,149.00,5.00
155,55,19,10,69.00,0.00
156,55,4,16,129.00,0.00
157,55,30,10,27.00,0.00
158,56,12,25,459.00,0.00
159,56,5,8,349.00,10.00
160,56,26,30,12.00,5.00
161,56,28,21,120.00,0.00
162,57,20,20,159.00,5.00
163,57,17,8,189.00,10.00
164,57,12,7,459.00,0.00
165,57,25,10,42.00,0.00
166,58,7,7,549.00,5.00
167,58,15,6,379.00,5.00
168,59,32,7,45.00,0.00
169,60,13,27,649.00,0.00
170,60,30,12,27.00,0.00
171,60,22,1,75.00,0.00
172,60,29,19,32.00,5.00
173,61,18,24,89.00,0.00
174,61,29,23,32.00,0.00
175,61,21,25,58.00,0.00
176,62,11,12,899.00,0.00
177,62,33,17,65.00,0.00
178,63,31,6,15.00,0.00
179,63,13,18,649.00,10.00
180,63,33,24,65.00,0.00
181,63,21,11,58.00,0.00
182,64,29,24,32.00,0.00
183,64,15,12,379.00,5.00
184,64,3,14,249.00,0.00
185,65,29,21,32.00,10.00
186,65,26,22,12.00,0.00
187,65,8,20,389.00,5.00
188,65,11,18,899.00,10.00
189,66,33,28,65.00,5.00
190,66,34,16,35.00,10.00
191,66,17,27,189.00,0.00
192,67,17,1,189.00,5.00
193,67,20,18,159.00,0.00
194,67,14,7,549.00,0.00
195,68,2,22,899.00,0.00
196,69,9,11,149.00,0.00
197,69,35,29,79.00,5.00
198,70,4,8,129.00,10.00
199,70,30,16,27.00,0.00
200,70,19,18,69.00,0.00
201,71,33,19,65.00,0.00
202,71,26,20,12.00,0.00
203,72,7,18,549.00,0.00
204,72,8,27,389.00,5.00
205,72,34,21,35.00,0.00
206,73,34,9,35.00,5.00
207,73,7,4,549.00,10.00
208,73,15,8,379.00,10.00
209,74,35,2,79.00,0.00
210,74,26,17,12.00,0.00
211,75,18,13,89.00,0.00
212,76,25,19,42.00,10.00
213,76,1,5,499.00,5.00
214,76,34,22,35.00,10.00
215,76,31,26,15.00,5.00
216,76,5,15,349.00,10.00
217,77,24,21,95.00,0.00
218,77,20,27,159.00,5.00
219,78,3,4,249.00,0.00
220,79,8,14,389.00,5.00
221,79,33,22,65.00,5.00
222,79,21,22,58.00,10.00
223,79,32,4,45.00,10.00
224,79,34,6,35.00,0.00
225,80,25,9,42.00,0.00
226,80,3,6,249.00,5.00
227,81,8,28,389.00,10.00
228,81,28,5,120.00,0.00
229,81,27,14,18.00,10.00
230,81,11,22,899.00,5.00
231,82,1,21,499.00,0.00
232,83,4,10,129.00,0.00
233,83,11,24,899.00,10.00
234,84,17,15,189.00,0.00
235,84,26,15,12.00,0.00
236,84,2,9,899.00,0.00
237,84,18,22,89.00,0.00
238,85,35,19,79.00,0.00
239,86,32,23,45.00,0.00
240,86,6,17,699.00,0.00
241,86,29,7,32.00,0.00
242,87,22,11,75.00,10.00
243,87,13,6,649.00,10.00
244,87,26,1,12.00,10.00
245,88,30,19,27.00,0.00
246,88,22,18,75.00,0.00
247,89,7,3,549.00,10.00
248,89,14,6,549.00,5.00
249,89,34,19,35.00,0.00
250,89,25,18,42.00,5.00
251,90,31,4,15.00,10.00
252,91,21,26,58.00,0.00
253,92,8,20,389.00,0.00
254,92,27,7,18.00,5.00
255,92,6,14,699.00,10.00
256,92,33,2,65.00,0.00
257,92,33,13,65.00,0.00
258,93,34,2,35.00,0.00
259,93,26,16,12.00,0.00
260,93,18,10,89.00,0.00
261,93,12,15,459.00,0.00
262,93,32,4,45.00,10.00
263,94,11,29,899.00,10.00
264,94,20,4,159.00,10.00
265,94,35,11,79.00,10.00
266,95,29,28,32.00,0.00
267,96,33,11,65.00,0.00
268,96,34,25,35.00,0.00
269,96,16,22,45.00,0.00
270,96,2,16,899.00,0.00
271,97,6,17,699.00,0.00
272,97,33,22,65.00,5.00
273,97,19,14,69.00,5.00
274,97,31,12,15.00,0.00
275,98,31,12,15.00,0.00
276,98,4,24,129.00,5.00
277,98,25,21,42.00,0.00
278,98,17,14,189.00,10.00
279,99,33,15,65.00,5.00
280,99,1,29,499.00,5.00
281,99,21,26,58.00,0.00
282,99,29,22,32.00,0.00
283,100,9,1,149.00,0.00
284,100,30,4,27.00,0.00
285,100,24,12,95.00,10.00
286,100,1,18,499.00,10.00
287,101,15,10,379.00,0.00
288,101,27,23,18.00,0.00
289,101,11,27,899.00,5.00
290,101,14,5,549.00,0.00
291,101,9,18,149.00,0.00
292,102,14,25,549.00,10.00
293,103,15,27,379.00,0.00
294,104,7,20,549.00,5.00
295,105,23,7,22.00,0.00
296,105,14,8,549.00,0.00
297,105,3,25,249.00,10.00
298,105,4,22,129.00,0.00
299,105,24,7,95.00,0.00
300,106,1,11,499.00,5.00
301,106,11,18,899.00,10.00
302,107,16,19,45.00,10.00
303,107,6,11,699.00,0.00
304,107,6,5,699.00,0.00
305,108,27,23,18.00,0.00
306,108,4,4,129.00,0.00
307,109,20,2,159.00,5.00
308,109,6,26,699.00,5.00
309,110,11,29,899.00,10.00
310,111,30,14,27.00,5.00
311,111,16,30,45.00,0.00
312,111,20,11,159.00,10.00
313,112,31,4,15.00,0.00
314,112,26,17,12.00,5.00
315,113,25,22,42.00,0.00
316,113,12,6,459.00,10.00
317,113,24,26,95.00,0.00
318,113,26,28,12.00,0.00
319,114,2,3,899.00,0.00
320,114,9,9,149.00,5.00
321,115,25,6,42.00,10.00
322,116,33,25,65.00,0.00
323,116,25,25,42.00,10.00
324,117,11,4,899.00,5.00
325,118,9,21,149.00,5.00
326,119,28,15,120.00,10.00
327,120,3,22,249.00,0.00
328,120,3,1,249.00,10.00
329,120,19,28,69.00,10.00
330,121,7,28,549.00,10.00
331,121,9,6,149.00,0.00
332,122,22,24,75.00,0.00
333,122,26,20,12.00,10.00
334,122,33,24,65.00,0.00
335,122,2,29,899.00,5.00
336,123,30,15,27.00,10.00
337,123,22,19,75.00,0.00
338,124,29,20,32.00,10.00
339,124,4,4,129.00,0.00
340,124,33,25,65.00,0.00
341,124,16,2,45.00,10.00
342,124,11,24,899.00,0.00
343,125,16,9,45.00,10.00
344,125,6,23,699.00,0.00
345,126,24,14,95.00,0.00
346,126,20,7,159.00,0.00
347,127,29,30,32.00,0.00
348,127,3,5,249.00,5.00
349,128,1,28,499.00,0.00
350,128,31,23,15.00,0.00
351,128,21,14,58.00,0.00
352,128,7,11,549.00,0.00
353,129,19,21,69.00,10.00
354,129,16,15,45.00,0.00
355,129,30,4,27.00,0.00
356,129,25,13,42.00,0.00
357,129,33,18,65.00,0.00
358,130,14,11,549.00,5.00
359,130,34,2,35.00,0.00
360,130,9,13,149.00,0.00
361,130,28,21,120.00,10.00
362,130,33,21,65.00,5.00
363,131,11,7,899.00,0.00
364,131,32,7,45.00,0.00
365,131,9,2,149.00,0.00
366,131,9,24,149.00,0.00
367,132,17,29,189.00,0.00
368,132,1,30,499.00,10.00
369,132,12,2,459.00,0.00
370,132,19,18,69.00,0.00
371,133,28,5,120.00,0.00
372,133,1,8,499.00,0.00
373,133,4,2,129.00,10.00
374,133,12,29,459.00,10.00
375,134,34,24,35.00,10.00
376,134,24,9,95.00,0.00
377,135,1,4,499.00,0.00
378,135,8,16,389.00,0.00
379,135,15,3,379.00,0.00
380,135,25,30,42.00,5.00
381,136,30,25,27.00,0.00
382,137,35,9,79.00,0.00
383,137,26,3,12.00,0.00
384,137,22,18,75.00,0.00
385,137,27,13,18.00,10.00
386,137,32,29,45.00,0.00
387,138,20,21,159.00,10.00
388,138,3,25,249.00,10.00
389,138,2,17,899.00,0.00
390,138,6,3,699.00,0.00
391,139,33,1,65.00,0.00
392,139,10,17,799.00,0.00
393,139,14,29,549.00,0.00
394,139,24,25,95.00,0.00
395,139,34,19,35.00,0.00
396,140,21,29,58.00,10.00
397,140,32,21,45.00,5.00
398,140,22,26,75.00,0.00
399,140,27,12,18.00,5.00
400,141,35,3,79.00,0.00
401,141,5,8,349.00,5.00
402,142,35,23,79.00,10.00
403,142,29,19,32.00,5.00
404,142,13,26,649.00,0.00
405,142,22,11,75.00,10.00
406,143,23,15,22.00,0.00
407,143,18,20,89.00,5.00
408,143,31,1,15.00,0.00
409,144,32,3,45.00,5.00
410,144,32,19,45.00,0.00
411,144,34,21,35.00,0.00
412,145,3,8,249.00,0.00
413,146,33,15,65.00,0.00
414,146,20,30,159.00,0.00
415,146,4,27,129.00,0.00
416,146,35,17,79.00,10.00
417,147,26,11,12.00,0.00
418,147,11,4,899.00,5.00
419,147,6,20,699.00,5.00
420,147,27,19,18.00,10.00
421,148,14,3,549.00,0.00
422,148,7,4,549.00,10.00
423,148,10,19,799.00,0.00
424,148,14,7,549.00,10.00
425,149,12,29,459.00,10.00
426,149,17,23,189.00,0.00
427,149,12,20,459.00,0.00
428,149,28,25,120.00,5.00
429,149,19,6,69.00,0.00
430,150,26,26,12.00,0.00
431,150,22,30,75.00,0.00
432,151,19,23,69.00,0.00
433,151,20,10,159.00,10.00
434,151,12,2,459.00,0.00
435,151,20,22,159.00,10.00
436,151,12,29,459.00,10.00
437,152,14,15,549.00,0.00
438,152,4,18,129.00,5.00
439,152,11,21,899.00,0.00
440,153,31,4,15.00,10.00
441,154,1,24,499.00,5.00
442,155,1,20,499.00,0.00
443,155,25,5,42.00,0.00
444,155,17,18,189.00,0.00
445,155,3,18,249.00,5.00
446,155,4,6,129.00,0.00
447,156,13,30,649.00,5.00
448,156,34,14,35.00,0.00
449,156,18,11,89.00,0.00
450,156,14,4,549.00,0.00
451,156,23,3,22.00,0.00
452,157,27,30,18.00,5.00
453,157,13,26,649.00,0.00
454,157,9,24,149.00,0.00
455,158,33,11,65.00,10.00
456,159,1,22,499.00,0.00
457,160,18,22,89.00,0.00
458,160,2,5,899.00,0.00
459,160,14,7,549.00,10.00
460,160,10,13,799.00,0.00
461,161,25,29,42.00,0.00
462,161,33,30,65.00,0.00
463,162,3,2,249.00,10.00
464,162,22,9,75.00,0.00
465,162,3,17,249.00,0.00
466,163,14,7,549.00,10.00
467,163,4,21,129.00,0.00
468,163,11,9,899.00,0.00
469,163,23,22,22.00,5.00
470,163,12,19,459.00,10.00
471,164,6,25,699.00,5.00
472,164,31,13,15.00,0.00
473,164,28,21,120.00,0.00
474,164,5,17,349.00,0.00
475,165,7,19,549.00,0.00
476,165,28,10,120.00,0.00
477,165,15,8,379.00,0.00
478,165,17,8,189.00,10.00
479,166,11,24,899.00,0.00
480,166,32,12,45.00,0.00
481,166,25,30,42.00,10.00
482,167,30,17,27.00,0.00
483,167,6,9,699.00,10.00
484,168,9,29,149.00,0.00
485,169,26,29,12.00,0.00
486,169,29,14,32.00,10.00
487,169,33,2,65.00,0.00
488,170,11,8,899.00,0.00
489,170,23,13,22.00,0.00
490,170,15,19,379.00,10.00
491,171,21,2,58.00,0.00
492,171,35,21,79.00,0.00
493,172,10,14,799.00,0.00
494,172,4,3,129.00,0.00
495,172,35,25,79.00,0.00
496,172,14,11,549.00,5.00
497,173,24,27,95.00,0.00
498,173,21,18,58.00,0.00
499,173,26,10,12.00,0.00
500,173,19,5,69.00,0.00
501,173,10,30,799.00,0.00
502,174,26,22,12.00,0.00
503,174,30,2,27.00,5.00
504,174,13,21,649.00,0.00
505,174,31,7,15.00,0.00
506,175,14,10,549.00,0.00
507,175,4,9,129.00,0.00
508,175,23,30,22.00,10.00
509,176,24,28,95.00,0.00
510,177,21,11,58.00,10.00
511,178,35,14,79.00,0.00
512,178,14,25,549.00,10.00
513,178,18,16,89.00,0.00
514,178,2,26,899.00,0.00
515,178,33,12,65.00,0.00
516,179,18,13,89.00,0.00
517,179,25,22,42.00,0.00
518,180,6,20,699.00,10.00
519,180,11,29,899.00,5.00
520,180,1,24,499.00,10.00
521,180,6,3,699.00,10.00
522,181,23,5,22.00,10.00
523,181,35,8,79.00,0.00
524,181,27,25,18.00,10.00
525,181,31,22,15.00,0.00
526,181,31,12,15.00,0.00
527,182,27,14,18.00,0.00
528,182,25,13,42.00,10.00
529,182,19,24,69.00,0.00
530,183,7,2,549.00,5.00
531,183,12,16,459.00,5.00
532,183,25,17,42.00,5.00
533,183,16,11,45.00,0.00
534,183,35,20,79.00,0.00
535,184,10,3,799.00,5.00
536,185,7,10,549.00,10.00
537,185,27,30,18.00,0.00
538,185,2,14,899.00,0.00
539,186,13,26,649.00,0.00
540,186,21,7,58.00,0.00
541,186,8,30,389.00,0.00
542,186,12,26,459.00,0.00
543,186,34,26,35.00,0.00
544,187,20,18,159.00,0.00
545,188,22,4,75.00,5.00
546,188,10,6,799.00,0.00
547,188,35,19,79.00,0.00
548,188,34,11,35.00,5.00
549,188,29,25,32.00,5.00
550,189,15,28,379.00,0.00
551,190,1,13,499.00,0.00
552,190,1,27,499.00,0.00
553,190,4,14,129.00,10.00
554,191,12,6,459.00,10.00
555,192,5,26,349.00,10.00
556,192,25,29,42.00,5.00
557,192,12,23,459.00,5.00
558,192,15,28,379.00,0.00
559,193,13,14,649.00,0.00
560,193,19,5,69.00,0.00
561,193,21,10,58.00,5.00
562,194,14,3,549.00,0.00
563,194,4,22,129.00,0.00
564,194,34,6,35.00,0.00
565,194,17,11,189.00,0.00
566,195,19,29,69.00,0.00
567,195,31,27,15.00,10.00
568,196,33,5,65.00,10.00
569,197,4,4,129.00,0.00
570,198,8,1,389.00,0.00
571,199,24,14,95.00,0.00
572,199,30,14,27.00,5.00
573,200,17,29,189.00,0.00
574,200,28,28,120.00,0.00
575,200,11,28,899.00,5.00
576,200,29,27,32.00,10.00
577,200,4,20,129.00,10.00
578,201,13,15,649.00,0.00
579,202,10,26,799.00,0.00
580,202,16,2,45.00,10.00
581,202,15,11,379.00,0.00
582,203,22,18,75.00,0.00
583,203,27,14,18.00,0.00
584,203,25,15,42.00,0.00
585,203,13,20,649.00,0.00
586,203,1,14,499.00,0.00
587,204,2,19,899.00,10.00
588,204,3,13,249.00,5.00
589,204,25,7,42.00,10.00
590,205,17,22,189.00,0.00
591,205,17,2,189.00,5.00
592,205,23,28,22.00,5.00
593,205,18,16,89.00,0.00
594,205,33,12,65.00,0.00
595,206,23,26,22.00,0.00
596,206,27,3,18.00,0.00
597,206,8,23,389.00,0.00
598,207,3,18,249.00,5.00
599,207,33,12,65.00,0.00
600,208,1,14,499.00,0.00
601,208,27,2,18.00,10.00
602,208,29,3,32.00,0.00
603,209,24,23,95.00,5.00
604,209,15,26,379.00,10.00
605,209,14,30,549.00,5.00
606,210,31,10,15.00,0.00
607,211,13,4,649.00,0.00
608,211,12,30,459.00,10.00
609,211,30,9,27.00,10.00
610,211,30,12,27.00,0.00
611,211,1,21,499.00,0.00
612,212,9,6,149.00,0.00
613,213,31,24,15.00,0.00
614,214,7,30,549.00,0.00
615,214,1,26,499.00,0.00
616,214,14,11,549.00,5.00
617,214,8,4,389.00,10.00
618,214,6,2,699.00,5.00
619,215,13,17,649.00,0.00
620,216,25,17,42.00,5.00
621,216,35,23,79.00,5.00
622,216,19,12,69.00,0.00
623,216,16,9,45.00,0.00
624,217,10,13,799.00,0.00
625,217,35,7,79.00,0.00
626,217,22,29,75.00,10.00
627,217,16,21,45.00,0.00
628,217,12,14,459.00,0.00
629,218,19,3,69.00,10.00
630,218,28,17,120.00,0.00
631,218,7,27,549.00,10.00
632,219,27,30,18.00,5.00
633,219,24,5,95.00,5.00
634,219,5,14,349.00,10.00
635,220,2,13,899.00,10.00
636,220,17,17,189.00,0.00
637,221,19,22,69.00,0.00
638,221,5,16,349.00,0.00
639,221,34,15,35.00,5.00
640,221,20,30,159.00,0.00
641,221,7,7,549.00,0.00
642,222,2,13,899.00,10.00
643,222,17,17,189.00,0.00
644,222,32,17,45.00,0.00
645,222,33,9,65.00,0.00
646,222,3,19,249.00,10.00
647,223,17,15,189.00,0.00
648,223,25,13,42.00,0.00
649,223,27,22,18.00,0.00
650,223,20,22,159.00,10.00
651,224,33,3,65.00,5.00
652,224,35,28,79.00,5.00
653,224,22,3,75.00,5.00
654,225,30,29,27.00,0.00
655,226,21,12,58.00,0.00
656,226,18,5,89.00,0.00
657,226,17,27,189.00,10.00
658,227,14,26,549.00,0.00
659,227,24,9,95.00,0.00
660,227,30,7,27.00,0.00
661,227,30,24,27.00,0.00
662,228,5,15,349.00,10.00
663,228,18,19,89.00,0.00
664,228,31,23,15.00,0.00
665,228,12,9,459.00,0.00
666,229,6,14,699.00,10.00
667,229,30,23,27.00,0.00
668,229,16,24,45.00,0.00
669,229,15,13,379.00,10.00
670,230,18,10,89.00,0.00
671,231,10,22,799.00,5.00
672,231,26,9,12.00,0.00
673,231,11,26,899.00,0.00
674,232,1,21,499.00,0.00
675,232,15,7,379.00,10.00
676,232,26,29,12.00,5.00
677,232,10,16,799.00,5.00
678,232,9,28,149.00,10.00
679,233,21,24,58.00,0.00
680,234,32,17,45.00,0.00
681,234,18,13,89.00,0.00
682,234,20,3,159.00,10.00
683,234,27,11,18.00,0.00
684,235,32,8,45.00,0.00
685,235,7,6,549.00,0.00
686,235,9,4,149.00,10.00
687,235,2,16,899.00,0.00
688,236,13,26,649.00,0.00
689,236,15,14,379.00,0.00
690,236,30,2,27.00,5.00
691,236,20,18,159.00,0.00
692,237,3,4,249.00,0.00
693,238,10,8,799.00,0.00
694,238,24,28,95.00,0.00
695,238,35,11,79.00,5.00
696,238,26,12,12.00,5.00
697,239,15,26,379.00,10.00
698,240,17,1,189.00,5.00
699,241,19,28,69.00,10.00
700,241,31,20,15.00,5.00
701,242,29,26,32.00,5.00
702,242,9,29,149.00,0.00
703,242,9,6,149.00,0.00
704,243,33,11,65.00,0.00
705,243,5,16,349.00,0.00
706,243,14,13,549.00,10.00
707,244,21,20,58.00,0.00
708,245,16,18,45.00,0.00
709,245,35,10,79.00,0.00
710,245,1,9,499.00,0.00
711,246,15,10,379.00,0.00
712,246,6,14,699.00,5.00
713,247,17,10,189.00,0.00
714,247,20,14,159.00,5.00
715,248,16,22,45.00,0.00
716,249,8,7,389.00,0.00
717,249,23,23,22.00,10.00
718,249,10,20,799.00,0.00
719,249,31,10,15.00,0.00
720,250,14,5,549.00,5.00
721,250,31,10,15.00,10.00
722,251,15,27,379.00,0.00
723,251,31,2,15.00,5.00
724,251,5,21,349.00,0.00
725,252,28,2,120.00,10.00
726,252,32,4,45.00,10.00
727,253,11,30,899.00,0.00
728,254,27,11,18.00,0.00
729,254,10,30,799.00,0.00
730,254,13,17,649.00,5.00
731,255,6,3,699.00,0.00
732,255,32,11,45.00,0.00
733,255,18,5,89.00,0.00
734,256,7,26,549.00,5.00
735,256,3,5,249.00,0.00
736,256,12,28,459.00,5.00
737,256,23,7,22.00,0.00
738,257,16,18,45.00,0.00
739,257,27,11,18.00,0.00
740,257,6,14,699.00,5.00
741,257,17,3,189.00,0.00
742,257,27,25,18.00,5.00
743,258,32,2,45.00,0.00
744,258,17,24,189.00,0.00
745,258,12,1,459.00,0.00
746,259,30,2,27.00,5.00
747,259,26,8,12.00,0.00
748,259,19,17,69.00,0.00
749,259,28,23,120.00,0.00
750,260,25,12,42.00,10.00
751,260,10,20,799.00,0.00
752,261,4,14,129.00,10.00
753,261,16,11,45.00,0.00
754,262,22,18,75.00,0.00
755,262,25,7,42.00,0.00
756,262,14,29,549.00,0.00
757,262,4,24,129.00,0.00
758,262,12,2,459.00,0.00
759,263,1,2,499.00,0.00
760,263,24,28,95.00,0.00
761,263,30,22,27.00,10.00
762,263,29,4,32.00,0.00
763,264,16,8,45.00,10.00
764,264,26,28,12.00,0.00
765,264,23,24,22.00,0.00
766,264,27,22,18.00,0.00
767,264,10,16,799.00,5.00
768,265,23,30,22.00,10.00
769,265,26,27,12.00,0.00
770,265,19,27,69.00,10.00
771,265,15,20,379.00,0.00
772,266,8,14,389.00,5.00
773,266,31,13,15.00,0.00
774,266,8,19,389.00,0.00
775,267,3,13,249.00,10.00
776,267,1,17,499.00,5.00
777,267,27,24,18.00,5.00
778,267,31,12,15.00,0.00
779,268,31,22,15.00,10.00
780,268,29,4,32.00,0.00
781,268,8,22,389.00,10.00
782,269,24,24,95.00,10.00
783,269,7,5,549.00,0.00
784,269,28,5,120.00,0.00
785,270,1,1,499.00,0.00
786,270,12,13,459.00,0.00
787,270,12,10,459.00,0.00
788,270,30,17,27.00,0.00
789,271,7,6,549.00,0.00
790,271,17,6,189.00,0.00
791,271,21,21,58.00,5.00
792,272,35,29,79.00,5.00
793,273,4,25,129.00,5.00
794,273,15,22,379.00,0.00
795,273,22,1,75.00,0.00
796,273,35,12,79.00,10.00
797,273,9,20,149.00,0.00
798,274,15,15,379.00,0.00
799,274,20,7,159.00,0.00
800,275,7,8,549.00,5.00
801,275,26,15,12.00,0.00
802,276,11,2,899.00,0.00
803,276,24,8,95.00,0.00
804,276,22,7,75.00,0.00
805,277,20,13,159.00,0.00
806,278,5,28,349.00,0.00
807,278,19,25,69.00,0.00
808,279,13,13,649.00,0.00
809,279,11,3,899.00,5.00
810,279,31,13,15.00,0.00
811,280,27,13,18.00,5.00
812,281,5,20,349.00,10.00
813,281,32,16,45.00,10.00
814,281,10,14,799.00,0.00
815,281,21,25,58.00,0.00
816,281,3,13,249.00,10.00
817,282,20,22,159.00,10.00
818,282,3,27,249.00,0.00
819,283,9,3,149.00,0.00
820,283,26,25,12.00,0.00
821,284,34,12,35.00,10.00
822,285,34,3,35.00,0.00
823,285,16,18,45.00,0.00
824,285,9,12,149.00,0.00
825,286,22,12,75.00,0.00
826,286,23,21,22.00,0.00
827,286,25,26,42.00,0.00
828,286,31,6,15.00,0.00
829,286,26,26,12.00,0.00
830,287,21,27,58.00,5.00
831,287,25,16,42.00,0.00
832,287,23,29,22.00,10.00
833,287,11,2,899.00,0.00
834,288,12,13,459.00,10.00
835,288,28,27,120.00,0.00
836,288,1,20,499.00,0.00
837,289,17,14,189.00,10.00
838,289,25,4,42.00,0.00
839,289,33,10,65.00,5.00
840,289,26,15,12.00,0.00
841,289,30,14,27.00,5.00
842,290,30,15,27.00,10.00
843,290,32,25,45.00,0.00
844,291,35,19,79.00,0.00
845,291,27,13,18.00,5.00
846,291,19,11,69.00,0.00
847,292,31,17,15.00,0.00
848,292,17,8,189.00,10.00
849,292,25,25,42.00,0.00
850,292,21,28,58.00,5.00
851,293,25,26,42.00,0.00
852,293,28,25,120.00,5.00
853,293,30,7,27.00,0.00
854,293,3,21,249.00,0.00
855,293,5,29,349.00,0.00
856,294,33,3,65.00,5.00
857,295,33,21,65.00,5.00
858,295,6,25,699.00,5.00
859,296,17,22,189.00,0.00
860,296,7,2,549.00,5.00
861,296,27,12,18.00,5.00
862,297,26,11,12.00,5.00
863,297,1,8,499.00,0.00
864,297,32,3,45.00,5.00
865,297,18,7,89.00,0.00
866,298,25,22,42.00,0.00
867,298,9,26,149.00,0.00
868,298,34,9,35.00,0.00
869,298,25,1,42.00,10.00
870,298,21,6,58.00,0.00
871,299,30,11,27.00,0.00
872,299,26,7,12.00,10.00
873,299,34,1,35.00,0.00
874,299,27,10,18.00,0.00
875,300,25,2,42.00,0.00
876,300,14,18,549.00,10.00
877,300,14,14,549.00,0.00
878,301,15,21,379.00,0.00
879,301,29,15,32.00,0.00
880,301,27,21,18.00,0.00
881,301,19,8,69.00,5.00
882,302,28,13,120.00,5.00
883,302,16,30,45.00,0.00
884,302,26,1,12.00,10.00
885,303,21,25,58.00,0.00
886,303,9,5,149.00,0.00
887,303,30,3,27.00,5.00
888,303,26,7,12.00,0.00
889,304,27,22,18.00,0.00
890,304,18,13,89.00,5.00
891,305,25,21,42.00,0.00
892,305,31,7,15.00,0.00
893,305,23,24,22.00,10.00
894,305,19,23,69.00,0.00
895,305,22,15,75.00,5.00
896,306,14,12,549.00,10.00
897,306,34,10,35.00,5.00
898,306,21,24,58.00,0.00
899,306,22,14,75.00,0.00
900,306,18,14,89.00,5.00
901,307,21,21,58.00,5.00
902,308,32,4,45.00,10.00
903,308,30,22,27.00,10.00
904,308,31,11,15.00,0.00
905,308,16,30,45.00,0.00
906,309,3,26,249.00,0.00
907,310,21,1,58.00,0.00
908,310,31,5,15.00,0.00
909,310,21,8,58.00,0.00
910,310,2,15,899.00,0.00
911,311,34,29,35.00,10.00
912,311,14,14,549.00,0.00
913,311,26,20,12.00,0.00
914,311,10,8,799.00,0.00
915,312,9,15,149.00,5.00
916,312,27,27,18.00,0.00
917,312,12,30,459.00,10.00
918,313,4,6,129.00,5.00
919,314,12,22,459.00,5.00
920,314,5,19,349.00,5.00
921,314,30,29,27.00,0.00
922,314,9,18,149.00,0.00
923,315,26,17,12.00,0.00
924,315,30,24,27.00,0.00
925,315,20,19,159.00,0.00
926,315,12,10,459.00,5.00
927,316,20,8,159.00,0.00
928,316,34,7,35.00,0.00
929,316,3,29,249.00,0.00
930,316,25,1,42.00,10.00
931,316,17,19,189.00,5.00
932,317,5,19,349.00,5.00
933,317,32,6,45.00,0.00
934,317,33,21,65.00,5.00
935,317,8,3,389.00,5.00
936,317,22,25,75.00,0.00
937,318,5,6,349.00,0.00
938,319,16,22,45.00,0.00
939,319,28,14,120.00,10.00
940,319,25,3,42.00,0.00
941,319,11,18,899.00,0.00
942,319,21,22,58.00,5.00
943,320,7,30,549.00,0.00
944,320,26,19,12.00,10.00
945,320,20,4,159.00,10.00
946,320,14,1,549.00,0.00
947,320,35,26,79.00,0.00
948,321,19,20,69.00,5.00
949,321,11,16,899.00,5.00
950,321,2,1,899.00,0.00
951,321,4,12,129.00,0.00
952,322,24,20,95.00,0.00
953,322,5,1,349.00,5.00
954,323,28,3,120.00,0.00
955,323,32,14,45.00,0.00
956,324,1,7,499.00,0.00
957,324,25,11,42.00,0.00
958,324,28,9,120.00,0.00
959,324,19,12,69.00,0.00
960,324,17,12,189.00,0.00
961,325,8,8,389.00,5.00
962,325,29,27,32.00,10.00
963,326,15,9,379.00,0.00
964,326,30,27,27.00,5.00
965,326,12,10,459.00,0.00
966,326,24,25,95.00,0.00
967,326,3,30,249.00,5.00
968,327,16,18,45.00,0.00
969,327,7,4,549.00,0.00
970,328,1,22,499.00,0.00
971,328,28,6,120.00,0.00
972,328,31,28,15.00,0.00
973,329,1,15,499.00,0.00
974,329,35,5,79.00,5.00
975,330,6,1,699.00,5.00
976,330,6,26,699.00,10.00
977,330,18,1,89.00,5.00
978,330,1,9,499.00,0.00
979,330,34,21,35.00,0.00
980,331,25,16,42.00,0.00
981,331,20,16,159.00,10.00
982,331,35,7,79.00,0.00
983,331,8,16,389.00,10.00
984,332,18,18,89.00,0.00
985,332,6,22,699.00,10.00
986,332,32,15,45.00,5.00
987,332,1,2,499.00,0.00
988,333,5,21,349.00,0.00
989,333,11,7,899.00,0.00
990,333,15,13,379.00,10.00
991,333,29,21,32.00,10.00
992,333,30,8,27.00,5.00
993,334,23,29,22.00,10.00
994,335,24,25,95.00,0.00
995,335,32,8,45.00,5.00
996,335,14,3,549.00,0.00
997,336,20,6,159.00,0.00
998,336,32,18,45.00,0.00
999,336,24,14,95.00,0.00
1000,336,8,4,389.00,10.00
1001,336,18,19,89.00,0.00
1002,337,21,12,58.00,0.00
1003,338,21,10,58.00,10.00
1004,338,13,7,649.00,10.00
1005,338,11,17,899.00,10.00
1006,339,22,25,75.00,0.00
1007,339,12,8,459.00,0.00
1008,339,17,17,189.00,0.00
1009,340,7,15,549.00,10.00
1010,341,32,4,45.00,10.00
1011,342,27,3,18.00,0.00
1012,342,19,3,69.00,10.00
1013,342,14,4,549.00,0.00
1014,342,26,12,12.00,5.00
1015,342,25,7,42.00,10.00
1016,343,1,3,499.00,0.00
1017,343,5,25,349.00,5.00
1018,343,34,21,35.00,5.00
1019,343,6,27,699.00,10.00
1020,344,32,24,45.00,0.00
1021,344,13,12,649.00,10.00
1022,344,11,23,899.00,10.00
1023,344,8,12,389.00,0.00
1024,344,34,6,35.00,10.00
1025,345,28,14,120.00,10.00
1026,345,13,27,649.00,0.00
1027,345,8,1,389.00,0.00
1028,345,33,15,65.00,0.00
1029,345,14,10,549.00,0.00
1030,346,20,29,159.00,0.00
1031,346,23,29,22.00,5.00
1032,346,5,10,349.00,0.00
1033,346,30,23,27.00,0.00
1034,346,4,20,129.00,10.00
1035,347,14,3,549.00,0.00
1036,347,35,7,79.00,0.00
1037,347,6,7,699.00,5.00
1038,347,19,23,69.00,0.00
1039,348,25,8,42.00,0.00
1040,349,5,21,349.00,0.00
1041,349,10,6,799.00,0.00
1042,349,31,5,15.00,0.00
1043,349,31,6,15.00,0.00
1044,350,32,4,45.00,5.00
1045,350,22,23,75.00,10.00
1046,350,16,11,45.00,0.00
1047,351,18,25,89.00,0.00
1048,351,15,10,379.00,0.00
1049,351,4,9,129.00,0.00
1050,352,12,14,459.00,0.00
1051,353,15,3,379.00,0.00
1052,353,17,30,189.00,0.00
1053,353,16,23,45.00,0.00
1054,353,31,3,15.00,10.00
1055,354,7,9,549.00,10.00
1056,354,13,7,649.00,0.00
1057,354,30,29,27.00,0.00
1058,354,28,19,120.00,5.00
1059,354,18,15,89.00,10.00
1060,355,1,11,499.00,5.00
1061,355,13,21,649.00,0.00
1062,355,1,26,499.00,0.00
1063,355,20,5,159.00,0.00
1064,355,3,1,249.00,10.00
1065,356,16,8,45.00,0.00
1066,356,11,13,899.00,0.00
1067,356,27,6,18.00,5.00
1068,356,28,27,120.00,0.00
1069,356,31,1,15.00,0.00
1070,357,4,2,129.00,10.00
1071,357,10,22,799.00,5.00
1072,357,27,15,18.00,0.00
1073,358,5,18,349.00,0.00
1074,358,3,22,249.00,0.00
1075,358,22,2,75.00,0.00
1076,358,32,7,45.00,0.00
1077,359,26,29,12.00,0.00
1078,359,26,2,12.00,0.00
1079,359,25,30,42.00,5.00
1080,359,27,17,18.00,0.00
1081,359,6,4,699.00,0.00
1082,360,27,10,18.00,0.00
1083,361,26,9,12.00,0.00
1084,362,7,5,549.00,0.00
1085,362,16,20,45.00,10.00
1086,362,26,26,12.00,0.00
1087,362,27,18,18.00,5.00
1088,362,22,1,75.00,0.00
1089,363,12,21,459.00,0.00
1090,363,22,15,75.00,0.00
1091,364,10,6,799.00,0.00
1092,364,11,29,899.00,10.00
1093,364,20,5,159.00,0.00
1094,364,31,5,15.00,0.00
1095,365,13,30,649.00,10.00
1096,365,11,30,899.00,10.00
1097,366,5,21,349.00,0.00
1098,366,8,28,389.00,10.00
1099,367,26,20,12.00,0.00
1100,367,5,19,349.00,5.00
1101,368,26,21,12.00,0.00
1102,368,9,12,149.00,0.00
1103,369,12,5,459.00,5.00
1104,369,16,28,45.00,0.00
1105,369,24,16,95.00,0.00
1106,370,27,25,18.00,10.00
1107,370,27,9,18.00,0.00
1108,370,25,5,42.00,5.00
1109,370,24,16,95.00,0.00
1110,371,19,28,69.00,10.00
1111,371,35,2,79.00,0.00
1112,372,16,8,45.00,10.00
1113,372,1,7,499.00,0.00
1114,372,17,9,189.00,10.00
1115,372,3,14,249.00,10.00
1116,372,23,6,22.00,0.00
1117,373,17,6,189.00,0.00
1118,373,30,24,27.00,0.00
1119,374,1,10,499.00,0.00
1120,374,31,20,15.00,5.00
1121,374,6,28,699.00,0.00
1122,374,34,10,35.00,5.00
1123,374,24,7,95.00,0.00
1124,375,1,8,499.00,0.00
1125,375,9,17,149.00,0.00
1126,376,28,19,120.00,5.00
1127,377,1,5,499.00,10.00
1128,377,20,12,159.00,0.00
1129,377,29,17,32.00,0.00
1130,377,19,1,69.00,0.00
1131,378,30,27,27.00,10.00
1132,378,28,9,120.00,10.00
1133,378,2,11,899.00,0.00
1134,378,24,23,95.00,5.00
1135,379,12,5,459.00,5.00
1136,379,13,15,649.00,0.00
1137,379,5,20,349.00,10.00
1138,379,32,16,45.00,10.00
1139,379,8,7,389.00,0.00
1140,380,14,4,549.00,0.00
1141,380,12,22,459.00,0.00
1142,380,15,17,379.00,0.00
1143,380,30,24,27.00,0.00
1144,381,3,25,249.00,5.00
1145,382,6,5,699.00,0.00
1146,382,29,9,32.00,10.00
1147,382,6,24,699.00,0.00
1148,382,34,12,35.00,0.00
1149,382,5,16,349.00,0.00
1150,383,32,2,45.00,0.00
1151,383,23,16,22.00,5.00
1152,383,22,7,75.00,0.00
1153,383,14,11,549.00,5.00
1154,383,1,8,499.00,0.00
1155,384,34,29,35.00,10.00
1156,384,26,25,12.00,10.00
1157,384,6,1,699.00,5.00
1158,384,13,21,649.00,0.00
1159,384,35,19,79.00,0.00
1160,385,16,2,45.00,10.00
1161,386,22,20,75.00,0.00
1162,386,18,29,89.00,0.00
1163,386,30,5,27.00,0.00
1164,386,24,23,95.00,5.00
1165,387,11,24,899.00,0.00
1166,387,33,16,65.00,5.00
1167,388,33,23,65.00,10.00
1168,388,25,15,42.00,0.00
1169,388,12,18,459.00,10.00
1170,388,31,16,15.00,0.00
1171,388,23,2,22.00,0.00
1172,389,35,15,79.00,0.00
1173,389,9,18,149.00,0.00
1174,389,33,7,65.00,0.00
1175,389,35,30,79.00,10.00
1176,389,15,16,379.00,0.00
1177,390,21,25,58.00,0.00
1178,391,5,30,349.00,0.00
1179,391,16,25,45.00,5.00
1180,391,10,3,799.00,5.00
1181,391,34,26,35.00,0.00
1182,391,6,25,699.00,0.00
1183,392,31,11,15.00,0.00
1184,392,5,28,349.00,0.00
1185,392,9,20,149.00,0.00
1186,392,22,17,75.00,10.00
1187,393,1,2,499.00,0.00
1188,394,3,23,249.00,5.00
1189,395,14,19,549.00,10.00
1190,396,13,29,649.00,5.00
1191,396,21,27,58.00,5.00
1192,396,17,15,189.00,0.00
1193,396,27,21,18.00,0.00
1194,396,26,5,12.00,5.00
1195,397,22,18,75.00,0.00
1196,398,3,2,249.00,0.00
1197,399,12,14,459.00,0.00
1198,400,23,4,22.00,5.00
1199,401,23,26,22.00,0.00
1200,402,22,12,75.00,0.00
1201,402,13,15,649.00,0.00
1202,402,35,3,79.00,0.00
1203,403,33,1,65.00,0.00
1204,403,8,12,389.00,0.00
1205,403,2,17,899.00,5.00
1206,403,13,29,649.00,5.00
1207,403,23,3,22.00,0.00
1208,404,8,12,389.00,0.00
1209,404,4,25,129.00,5.00
1210,404,3,10,249.00,0.00
1211,405,19,28,69.00,0.00
1212,405,11,16,899.00,5.00
1213,406,19,18,69.00,0.00
1214,406,35,28,79.00,0.00
1215,406,7,5,549.00,0.00
1216,406,15,18,379.00,5.00
1217,407,28,7,120.00,5.00
1218,407,6,15,699.00,10.00
1219,408,32,2,45.00,0.00
1220,408,13,11,649.00,5.00
1221,408,18,11,89.00,0.00
1222,408,34,6,35.00,0.00
1223,408,27,18,18.00,5.00
1224,409,18,7,89.00,5.00
1225,409,18,19,89.00,0.00
1226,409,30,20,27.00,5.00
1227,409,18,13,89.00,0.00
1228,410,22,18,75.00,0.00
1229,410,18,10,89.00,0.00
1230,410,20,15,159.00,5.00
1231,410,3,10,249.00,0.00
1232,410,16,13,45.00,5.00
1233,411,15,28,379.00,0.00
1234,412,7,30,549.00,0.00
1235,412,1,27,499.00,0.00
1236,413,35,17,79.00,10.00
1237,414,13,8,649.00,0.00
1238,414,1,19,499.00,0.00
1239,414,18,9,89.00,10.00
1240,415,24,9,95.00,0.00
1241,416,31,10,15.00,10.00
1242,416,18,26,89.00,10.00
1243,416,17,29,189.00,0.00
1244,416,34,21,35.00,0.00
1245,417,31,10,15.00,0.00
1246,417,4,16,129.00,0.00
1247,417,21,7,58.00,0.00
1248,417,2,5,899.00,5.00
1249,418,19,23,69.00,0.00
1250,418,3,5,249.00,5.00
1251,418,20,1,159.00,0.00
1252,418,30,4,27.00,0.00
1253,419,9,16,149.00,10.00
1254,419,20,10,159.00,10.00
1255,419,30,12,27.00,0.00
1256,419,16,10,45.00,0.00
1257,419,10,18,799.00,0.00
1258,420,11,23,899.00,10.00
1259,420,10,18,799.00,0.00
1260,420,27,17,18.00,0.00
1261,420,13,18,649.00,10.00
1262,420,14,15,549.00,0.00
1263,421,27,30,18.00,5.00
1264,421,15,3,379.00,0.00
1265,421,22,18,75.00,10.00
1266,422,28,1,120.00,5.00
1267,422,7,30,549.00,0.00
1268,422,33,15,65.00,5.00
1269,422,34,22,35.00,5.00
1270,423,34,28,35.00,5.00
1271,423,21,27,58.00,5.00
1272,423,35,22,79.00,5.00
1273,423,9,6,149.00,0.00
1274,423,4,4,129.00,0.00
1275,424,26,8,12.00,0.00
1276,425,10,19,799.00,0.00
1277,425,27,25,18.00,10.00
1278,425,25,2,42.00,0.00
1279,426,12,23,459.00,10.00
1280,426,32,1,45.00,0.00
1281,426,27,22,18.00,0.00
1282,426,10,15,799.00,5.00
1283,427,8,20,389.00,0.00
1284,427,29,15,32.00,10.00
1285,427,15,5,379.00,0.00
1286,428,9,30,149.00,0.00
1287,428,10,18,799.00,0.00
1288,429,6,5,699.00,0.00
1289,429,28,7,120.00,5.00
1290,429,22,4,75.00,10.00
1291,430,28,25,120.00,5.00
1292,430,11,8,899.00,0.00
1293,431,32,4,45.00,10.00
1294,431,6,3,699.00,10.00
1295,431,13,30,649.00,10.00
1296,432,5,6,349.00,0.00
1297,432,12,28,459.00,5.00
1298,432,17,12,189.00,0.00
1299,433,34,12,35.00,10.00
1300,434,32,21,45.00,5.00
1301,434,29,23,32.00,0.00
1302,435,17,22,189.00,0.00
1303,435,29,14,32.00,10.00
1304,435,3,22,249.00,0.00
1305,435,28,22,120.00,0.00
1306,435,33,2,65.00,0.00
1307,436,23,18,22.00,10.00
1308,436,29,12,32.00,0.00
1309,436,12,4,459.00,5.00
1310,436,25,20,42.00,0.00
1311,436,23,26,22.00,0.00
1312,437,17,17,189.00,0.00
1313,437,26,24,12.00,5.00
1314,438,33,24,65.00,0.00
1315,438,1,27,499.00,0.00
1316,438,10,8,799.00,0.00
1317,438,34,25,35.00,0.00
1318,438,11,4,899.00,5.00
1319,439,15,24,379.00,5.00
1320,439,9,1,149.00,0.00
1321,439,22,2,75.00,0.00
1322,439,7,17,549.00,0.00
1323,440,7,5,549.00,0.00
1324,440,22,13,75.00,0.00
1325,441,33,7,65.00,0.00
1326,442,32,28,45.00,10.00
1327,442,21,11,58.00,10.00
1328,442,28,2,120.00,10.00
1329,443,8,4,389.00,10.00
1330,443,11,21,899.00,0.00
1331,444,15,2,379.00,0.00
1332,444,33,19,65.00,0.00
1333,445,21,9,58.00,5.00
1334,445,24,9,95.00,0.00
1335,445,30,6,27.00,0.00
1336,445,25,5,42.00,5.00
1337,445,34,20,35.00,0.00
1338,446,29,15,32.00,0.00
1339,446,21,25,58.00,0.00
1340,446,26,11,12.00,0.00
1341,447,21,20,58.00,0.00
1342,447,14,17,549.00,0.00
1343,447,3,24,249.00,5.00
1344,447,4,12,129.00,0.00
1345,448,1,16,499.00,0.00
1346,448,4,26,129.00,0.00
1347,448,25,10,42.00,0.00
1348,448,22,16,75.00,5.00
1349,448,32,14,45.00,5.00
1350,449,24,2,95.00,0.00
1351,450,1,2,499.00,0.00
1352,451,12,7,459.00,0.00
1353,452,35,3,79.00,0.00
1354,452,8,20,389.00,0.00
1355,452,28,9,120.00,0.00
1356,452,21,20,58.00,0.00
1357,452,20,7,159.00,0.00
1358,453,25,12,42.00,10.00
1359,453,2,22,899.00,0.00
1360,454,14,8,549.00,0.00
1361,454,31,30,15.00,0.00
1362,454,17,15,189.00,0.00
1363,454,27,20,18.00,10.00
1364,454,30,12,27.00,0.00
1365,455,27,7,18.00,5.00
1366,455,7,20,549.00,5.00
1367,455,12,21,459.00,0.00
1368,456,25,19,42.00,10.00
1369,456,24,22,95.00,0.00
1370,457,12,12,459.00,10.00
1371,457,9,18,149.00,0.00
1372,457,3,26,249.00,0.00
1373,457,29,27,32.00,10.00
1374,458,27,16,18.00,0.00
1375,458,20,17,159.00,0.00
1376,458,20,22,159.00,10.00
1377,458,1,18,499.00,10.00
1378,459,34,4,35.00,5.00
1379,459,4,14,129.00,10.00
1380,460,32,2,45.00,0.00
1381,461,21,7,58.00,0.00
1382,461,7,24,549.00,0.00
1383,462,28,17,120.00,0.00
1384,463,35,21,79.00,0.00
1385,464,33,10,65.00,5.00
1386,464,29,27,32.00,10.00
1387,464,28,7,120.00,10.00
1388,464,18,30,89.00,0.00
1389,465,14,28,549.00,0.00
1390,465,15,23,379.00,0.00
1391,465,5,9,349.00,0.00
1392,465,8,3,389.00,5.00
1393,466,24,15,95.00,0.00
1394,466,17,7,189.00,5.00
1395,466,27,22,18.00,0.00
1396,466,14,1,549.00,10.00
1397,466,24,15,95.00,0.00
1398,467,27,15,18.00,0.00
1399,468,15,17,379.00,0.00
1400,468,21,18,58.00,0.00
1401,468,4,30,129.00,5.00
1402,469,16,17,45.00,0.00
1403,469,26,7,12.00,10.00
1404,469,21,12,58.00,0.00
1405,470,12,6,459.00,10.00
1406,470,6,1,699.00,0.00
1407,470,23,18,22.00,0.00
1408,471,4,9,129.00,0.00
1409,472,24,25,95.00,0.00
1410,472,3,3,249.00,0.00
1411,472,13,14,649.00,0.00
1412,473,13,22,649.00,0.00
1413,473,10,26,799.00,0.00
1414,474,11,7,899.00,0.00
1415,474,6,11,699.00,0.00
1416,474,1,14,499.00,0.00
1417,475,6,4,699.00,0.00
1418,475,12,8,459.00,0.00
1419,475,18,24,89.00,0.00
1420,475,26,13,12.00,10.00
1421,475,5,3,349.00,10.00
1422,476,1,2,499.00,0.00
1423,477,30,22,27.00,0.00
1424,478,32,1,45.00,0.00
1425,478,3,1,249.00,10.00
1426,478,6,8,699.00,10.00
1427,479,28,27,120.00,0.00
1428,480,6,1,699.00,5.00
1429,480,3,15,249.00,0.00
1430,481,14,20,549.00,0.00
1431,481,30,22,27.00,0.00
1432,481,6,18,699.00,0.00
1433,481,22,19,75.00,0.00
1434,482,9,8,149.00,0.00
1435,482,17,4,189.00,0.00
1436,483,4,15,129.00,0.00
1437,484,24,30,95.00,10.00
1438,484,4,4,129.00,0.00
1439,484,29,12,32.00,0.00
1440,485,3,3,249.00,0.00
1441,485,1,9,499.00,0.00
1442,485,1,30,499.00,10.00
1443,486,13,13,649.00,10.00
1444,486,20,26,159.00,5.00
1445,486,22,6,75.00,0.00
1446,487,5,21,349.00,10.00
1447,487,31,13,15.00,0.00
1448,487,12,4,459.00,0.00
1449,487,12,3,459.00,0.00
1450,487,2,27,899.00,0.00
1451,488,20,28,159.00,10.00
1452,488,3,13,249.00,10.00
1453,488,13,1,649.00,0.00
1454,488,9,30,149.00,0.00
1455,489,3,26,249.00,10.00
1456,489,16,8,45.00,10.00
1457,489,30,15,27.00,10.00
1458,489,33,1,65.00,0.00
1459,489,22,2,75.00,0.00
1460,490,25,23,42.00,5.00
1461,490,2,8,899.00,0.00
1462,490,27,15,18.00,0.00
1463,491,12,25,459.00,0.00
1464,491,26,16,12.00,0.00
1465,492,34,14,35.00,0.00
1466,492,31,29,15.00,0.00
1467,492,7,10,549.00,10.00
1468,493,30,2,27.00,5.00
1469,493,16,4,45.00,0.00
1470,493,31,20,15.00,5.00
1471,493,4,20,129.00,10.00
1472,494,25,25,42.00,0.00
1473,494,23,3,22.00,0.00
1474,495,24,23,95.00,5.00
1475,495,4,17,129.00,0.00
1476,495,19,12,69.00,0.00
1477,496,34,29,35.00,10.00
1478,496,2,9,899.00,0.00
1479,496,12,30,459.00,10.00
1480,497,33,17,65.00,10.00
1481,498,1,29,499.00,10.00
1482,499,33,4,65.00,5.00
1483,499,20,14,159.00,0.00
1484,499,12,2,459.00,0.00
1485,499,35,8,79.00,0.00
1486,499,28,1,120.00,5.00
1487,500,14,3,549.00,0.00
1488,500,18,15,89.00,10.00
1489,501,21,7,58.00,0.00
1490,501,34,25,35.00,0.00
1491,502,33,28,65.00,5.00
1492,502,9,25,149.00,0.00
1493,502,15,28,379.00,0.00
1494,503,18,5,89.00,0.00
1495,503,1,8,499.00,0.00
1496,503,27,17,18.00,0.00
1497,503,31,25,15.00,0.00
1498,504,7,8,549.00,5.00
1499,504,1,25,499.00,0.00
1500,505,8,6,389.00,0.00
1501,505,28,6,120.00,0.00
1502,505,35,11,79.00,10.00
1503,505,9,20,149.00,0.00
1504,506,9,7,149.00,0.00
1505,506,4,14,129.00,10.00
1506,507,30,10,27.00,0.00
1507,507,11,11,899.00,10.00
1508,507,35,18,79.00,10.00
1509,507,33,24,65.00,0.00
1510,507,25,25,42.00,0.00
1511,508,3,30,249.00,5.00
1512,508,18,12,89.00,0.00
1513,508,1,24,499.00,10.00
1514,508,6,2,699.00,5.00
1515,509,25,27,42.00,0.00
1516,509,17,24,189.00,0.00
1517,509,26,11,12.00,5.00
1518,509,6,28,699.00,10.00
1519,509,10,13,799.00,0.00
1520,510,21,6,58.00,0.00
1521,510,23,16,22.00,0.00
1522,510,16,12,45.00,0.00
1523,510,28,8,120.00,10.00
1524,510,13,12,649.00,10.00
1525,511,30,21,27.00,10.00
1526,511,12,30,459.00,10.00
1527,511,35,27,79.00,0.00
1528,512,17,25,189.00,5.00
1529,512,2,3,899.00,0.00
1530,512,9,12,149.00,0.00
1531,512,22,19,75.00,0.00
1532,512,20,29,159.00,0.00
1533,513,24,11,95.00,5.00
1534,513,12,19,459.00,0.00
1535,513,32,3,45.00,5.00
1536,513,5,19,349.00,5.00
1537,514,8,20,389.00,5.00
1538,514,13,24,649.00,10.00
1539,514,26,5,12.00,5.00
1540,515,28,4,120.00,0.00
1541,515,25,25,42.00,0.00
1542,516,25,25,42.00,10.00
1543,516,17,12,189.00,0.00
1544,517,28,24,120.00,5.00
1545,517,28,1,120.00,5.00
1546,517,23,1,22.00,0.00
1547,517,26,7,12.00,10.00
1548,518,26,22,12.00,0.00
1549,518,31,4,15.00,10.00
1550,518,22,4,75.00,5.00
1551,518,17,2,189.00,10.00
1552,518,10,20,799.00,0.00
1553,519,23,24,22.00,10.00
1554,520,6,22,699.00,0.00
1555,520,25,28,42.00,0.00
1556,521,31,29,15.00,0.00
1557,521,35,12,79.00,10.00
1558,521,21,4,58.00,10.00
1559,521,35,9,79.00,0.00
1560,521,13,16,649.00,0.00
1561,522,20,26,159.00,0.00
1562,522,7,8,549.00,5.00
1563,523,26,13,12.00,10.00
1564,524,18,16,89.00,0.00
1565,524,2,25,899.00,10.00
1566,525,1,30,499.00,10.00
1567,526,29,5,32.00,0.00
1568,526,32,21,45.00,5.00
1569,526,14,28,549.00,0.00
1570,526,17,2,189.00,5.00
1571,527,24,22,95.00,5.00
1572,527,31,18,15.00,0.00
1573,527,11,26,899.00,0.00
1574,527,15,27,379.00,0.00
1575,527,12,1,459.00,0.00
1576,528,33,3,65.00,0.00
1577,528,25,23,42.00,5.00
1578,528,9,3,149.00,5.00
1579,528,3,13,249.00,10.00
1580,528,9,16,149.00,5.00
1581,529,5,14,349.00,10.00
1582,530,5,4,349.00,0.00
1583,530,23,20,22.00,0.00
1584,530,9,16,149.00,10.00
1585,531,4,11,129.00,0.00
1586,531,29,29,32.00,0.00
1587,532,1,8,499.00,0.00
1588,532,19,25,69.00,0.00
1589,532,13,4,649.00,0.00
1590,532,7,14,549.00,5.00
1591,532,30,11,27.00,0.00
1592,533,21,30,58.00,0.00
1593,533,22,24,75.00,0.00
1594,534,31,18,15.00,0.00
1595,534,25,21,42.00,0.00
1596,534,23,6,22.00,0.00
1597,535,20,3,159.00,5.00
1598,535,13,19,649.00,10.00
1599,535,1,5,499.00,5.00
1600,535,16,25,45.00,5.00
1601,535,10,4,799.00,5.00
1602,536,5,17,349.00,0.00
1603,537,1,6,499.00,10.00
1604,537,19,6,69.00,0.00
1605,538,32,5,45.00,0.00
1606,538,28,23,120.00,0.00
1607,538,21,27,58.00,5.00
1608,539,19,21,69.00,10.00
1609,539,35,16,79.00,5.00
1610,539,31,8,15.00,5.00
1611,539,29,29,32.00,0.00
1612,540,23,2,22.00,0.00
1613,540,7,5,549.00,0.00
1614,540,17,23,189.00,0.00
1615,541,16,29,45.00,0.00
1616,541,19,6,69.00,0.00
1617,541,6,24,699.00,0.00
1618,542,32,5,45.00,0.00
1619,543,31,2,15.00,5.00
1620,543,3,14,249.00,0.00
1621,543,26,19,12.00,10.00
1622,543,23,16,22.00,5.00
1623,544,20,27,159.00,10.00
1624,544,16,22,45.00,0.00
1625,544,32,28,45.00,10.00
1626,544,29,9,32.00,10.00
1627,544,4,17,129.00,0.00
1628,545,9,7,149.00,0.00
1629,545,15,24,379.00,5.00
1630,546,9,19,149.00,0.00
1631,546,29,1,32.00,5.00
1632,547,32,12,45.00,0.00
1633,547,22,21,75.00,0.00
1634,547,24,22,95.00,0.00
1635,547,23,18,22.00,10.00
1636,548,14,21,549.00,0.00
1637,548,7,5,549.00,0.00
1638,548,26,28,12.00,0.00
1639,548,6,22,699.00,0.00
1640,549,9,3,149.00,5.00
1641,550,26,25,12.00,10.00
1642,550,15,3,379.00,0.00
1643,550,2,13,899.00,0.00
1644,550,29,30,32.00,0.00
1645,550,10,3,799.00,0.00
1646,551,31,10,15.00,0.00
1647,551,4,15,129.00,0.00
1648,552,19,19,69.00,0.00
1649,552,19,9,69.00,10.00
1650,552,15,15,379.00,0.00
1651,552,14,12,549.00,5.00
1652,553,24,23,95.00,5.00
1653,553,8,1,389.00,0.00
1654,553,4,7,129.00,10.00
1655,553,13,12,649.00,5.00
1656,553,27,16,18.00,0.00
1657,554,5,26,349.00,10.00
1658,554,25,30,42.00,10.00
1659,554,10,24,799.00,0.00
1660,555,27,2,18.00,0.00
1661,555,32,13,45.00,0.00
1662,555,25,10,42.00,0.00
1663,556,32,17,45.00,0.00
1664,556,25,8,42.00,0.00
1665,557,30,29,27.00,0.00
1666,557,9,17,149.00,0.00
1667,557,25,7,42.00,0.00
1668,557,19,15,69.00,10.00
1669,558,30,4,27.00,0.00
1670,558,8,24,389.00,0.00
1671,559,23,18,22.00,10.00
1672,559,35,4,79.00,5.00
1673,559,31,13,15.00,0.00
1674,559,3,28,249.00,0.00
1675,559,3,7,249.00,10.00
1676,560,31,17,15.00,0.00
1677,560,33,10,65.00,5.00
1678,561,23,5,22.00,10.00
1679,561,28,13,120.00,5.00
1680,561,34,28,35.00,5.00
1681,561,21,30,58.00,0.00
1682,562,8,16,389.00,10.00
1683,562,25,30,42.00,10.00
1684,562,8,18,389.00,0.00
1685,563,29,14,32.00,10.00
1686,563,30,21,27.00,10.00
1687,563,8,17,389.00,0.00
1688,563,21,23,58.00,0.00
1689,563,32,12,45.00,0.00
1690,564,35,8,79.00,0.00
1691,564,35,28,79.00,5.00
1692,565,7,6,549.00,0.00
1693,565,10,7,799.00,0.00
1694,566,16,23,45.00,0.00
1695,566,35,19,79.00,0.00
1696,566,23,28,22.00,5.00
1697,566,30,30,27.00,0.00
1698,566,1,26,499.00,0.00
1699,567,28,20,120.00,10.00
1700,567,30,11,27.00,0.00
1701,567,26,5,12.00,0.00
1702,568,30,2,27.00,5.00
1703,569,7,18,549.00,0.00
1704,569,24,17,95.00,5.00
1705,569,1,28,499.00,0.00
1706,569,25,2,42.00,0.00
1707,569,16,25,45.00,10.00
1708,570,11,8,899.00,0.00
1709,570,6,18,699.00,0.00
1710,570,27,7,18.00,10.00
1711,570,22,16,75.00,5.00
1712,571,19,12,69.00,0.00
1713,572,4,29,129.00,0.00
1714,573,26,10,12.00,0.00
1715,574,20,6,159.00,0.00
1716,574,6,14,699.00,5.00
1717,575,4,16,129.00,0.00
1718,575,21,9,58.00,5.00
1719,576,3,10,249.00,0.00
1720,577,17,23,189.00,0.00
1721,577,12,22,459.00,0.00
1722,577,20,7,159.00,0.00
1723,578,34,17,35.00,10.00
1724,579,19,23,69.00,0.00
1725,579,17,30,189.00,0.00
1726,580,10,23,799.00,0.00
1727,580,26,20,12.00,0.00
1728,580,10,7,799.00,0.00
1729,581,24,8,95.00,0.00
1730,581,17,18,189.00,0.00
1731,581,2,17,899.00,5.00
1732,581,23,5,22.00,10.00
1733,582,19,3,69.00,10.00
1734,582,28,15,120.00,0.00
1735,582,2,29,899.00,0.00
1736,583,20,16,159.00,10.00
1737,583,7,2,549.00,5.00
1738,583,3,13,249.00,10.00
1739,583,34,8,35.00,0.00
1740,584,23,1,22.00,0.00
1741,585,3,23,249.00,0.00
1742,585,24,19,95.00,0.00
1743,585,23,27,22.00,0.00
1744,585,22,22,75.00,5.00
1745,585,20,19,159.00,0.00
1746,586,13,13,649.00,0.00
1747,586,4,10,129.00,0.00
1748,586,12,27,459.00,0.00
1749,587,12,27,459.00,0.00
1750,587,24,28,95.00,0.00
1751,587,9,12,149.00,0.00
1752,587,6,1,699.00,0.00
1753,587,29,13,32.00,0.00
1754,588,1,30,499.00,10.00
1755,588,4,4,129.00,0.00
1756,588,33,28,65.00,5.00
1757,588,3,2,249.00,0.00
1758,589,6,9,699.00,10.00
1759,589,26,28,12.00,0.00
1760,589,1,30,499.00,10.00
1761,589,16,20,45.00,10.00
1762,589,15,16,379.00,0.00
1763,590,17,8,189.00,10.00
1764,590,28,5,120.00,0.00
1765,591,19,10,69.00,0.00
1766,591,11,11,899.00,10.00
1767,591,1,22,499.00,0.00
1768,591,1,26,499.00,0.00
1769,592,9,23,149.00,0.00
1770,593,10,24,799.00,10.00
1771,593,23,8,22.00,0.00
1772,593,31,12,15.00,0.00
1773,594,15,27,379.00,0.00
1774,595,11,30,899.00,10.00
1775,595,28,4,120.00,0.00
1776,595,30,14,27.00,5.00
1777,596,9,2,149.00,0.00
1778,597,16,24,45.00,0.00
1779,597,11,29,899.00,5.00
1780,597,4,4,129.00,0.00
1781,598,3,5,249.00,0.00
1782,598,13,5,649.00,5.00
1783,598,23,10,22.00,5.00
1784,598,10,14,799.00,0.00
1785,599,14,1,549.00,10.00
1786,599,9,20,149.00,0.00
1787,599,33,26,65.00,0.00
1788,599,26,10,12.00,0.00
1789,600,32,27,45.00,5.00
1790,600,25,15,42.00,0.00
1791,601,26,30,12.00,5.00
1792,601,29,25,32.00,5.00
1793,602,5,7,349.00,5.00
1794,602,25,17,42.00,5.00
1795,602,27,20,18.00,0.00
1796,602,16,30,45.00,0.00
1797,602,28,8,120.00,10.00
1798,603,27,28,18.00,0.00
1799,603,14,10,549.00,0.00
1800,603,34,20,35.00,0.00
1801,603,5,12,349.00,0.00
1802,604,7,25,549.00,5.00
1803,604,21,3,58.00,5.00
1804,604,4,15,129.00,0.00
1805,604,10,28,799.00,10.00
1806,605,9,23,149.00,10.00
1807,605,18,22,89.00,10.00
1808,605,30,7,27.00,0.00
1809,606,25,20,42.00,0.00
1810,606,23,26,22.00,0.00
1811,606,6,23,699.00,0.00
1812,606,14,30,549.00,5.00
1813,606,25,10,42.00,0.00
1814,607,28,7,120.00,5.00
1815,607,1,28,499.00,0.00
1816,607,35,9,79.00,0.00
1817,607,7,24,549.00,0.00
1818,607,10,14,799.00,0.00
1819,608,4,3,129.00,0.00
1820,609,20,11,159.00,0.00
1821,609,5,18,349.00,0.00
1822,609,18,7,89.00,0.00
1823,609,8,9,389.00,10.00
1824,609,13,8,649.00,0.00
1825,610,34,6,35.00,0.00
1826,611,11,24,899.00,10.00
1827,611,20,27,159.00,5.00
1828,611,24,12,95.00,10.00
1829,612,12,26,459.00,0.00
1830,612,14,11,549.00,0.00
1831,613,25,25,42.00,10.00
1832,613,19,20,69.00,5.00
1833,613,23,2,22.00,0.00
1834,614,9,8,149.00,0.00
1835,614,29,16,32.00,0.00
1836,615,29,17,32.00,0.00
1837,615,9,2,149.00,0.00
1838,615,13,9,649.00,0.00
1839,615,25,18,42.00,5.00
1840,615,5,10,349.00,0.00
1841,616,9,3,149.00,5.00
1842,616,29,10,32.00,0.00
1843,617,7,24,549.00,0.00
1844,617,10,13,799.00,0.00
1845,618,17,30,189.00,0.00
1846,619,18,20,89.00,5.00
1847,619,34,12,35.00,0.00
1848,619,12,11,459.00,5.00
1849,619,31,1,15.00,0.00
1850,620,23,13,22.00,0.00
1851,620,15,20,379.00,0.00
1852,621,31,13,15.00,0.00
1853,621,9,22,149.00,10.00
1854,622,26,20,12.00,0.00
1855,622,20,16,159.00,10.00
1856,623,28,2,120.00,10.00
1857,623,24,15,95.00,0.00
1858,623,26,8,12.00,0.00
1859,623,1,20,499.00,0.00
1860,623,26,9,12.00,0.00
1861,624,4,21,129.00,0.00
1862,624,13,16,649.00,0.00
1863,624,9,17,149.00,0.00
1864,624,19,17,69.00,0.00
1865,625,2,10,899.00,0.00
1866,625,4,10,129.00,0.00
1867,626,22,20,75.00,0.00
1868,627,34,7,35.00,0.00
1869,627,14,10,549.00,0.00
1870,627,32,14,45.00,0.00
1871,627,19,27,69.00,10.00
1872,627,29,10,32.00,0.00
1873,628,15,25,379.00,10.00
1874,628,35,9,79.00,0.00
1875,628,6,17,699.00,0.00
1876,628,2,5,899.00,5.00
1877,629,10,1,799.00,0.00
1878,630,18,16,89.00,0.00
1879,630,4,2,129.00,0.00
1880,631,6,22,699.00,0.00
1881,631,2,3,899.00,0.00
1882,632,2,10,899.00,0.00
1883,632,7,20,549.00,5.00
1884,633,7,6,549.00,0.00
1885,633,22,22,75.00,10.00
1886,633,31,30,15.00,0.00
1887,633,4,26,129.00,10.00
1888,633,3,17,249.00,0.00
1889,634,3,2,249.00,0.00
1890,634,3,6,249.00,5.00
1891,634,35,26,79.00,0.00
1892,634,29,7,32.00,5.00
1893,635,30,13,27.00,0.00
1894,635,16,19,45.00,5.00
1895,636,34,19,35.00,0.00
1896,636,12,27,459.00,0.00
1897,636,22,21,75.00,5.00
1898,636,34,30,35.00,0.00
1899,637,16,8,45.00,10.00
1900,638,23,18,22.00,10.00
1901,638,7,29,549.00,0.00
1902,638,2,20,899.00,0.00
1903,639,17,24,189.00,0.00
1904,640,20,2,159.00,0.00
1905,640,21,11,58.00,10.00
1906,640,20,2,159.00,0.00
1907,640,19,1,69.00,0.00
1908,640,11,3,899.00,0.00
1909,641,12,10,459.00,0.00
1910,642,16,22,45.00,0.00
1911,642,31,24,15.00,0.00
1912,642,9,8,149.00,0.00
1913,642,30,20,27.00,5.00
1914,642,18,15,89.00,10.00
1915,643,1,28,499.00,0.00
1916,643,8,7,389.00,0.00
1917,643,35,12,79.00,10.00
1918,643,18,21,89.00,10.00
1919,644,29,28,32.00,0.00
1920,644,26,14,12.00,10.00
1921,645,19,22,69.00,10.00
1922,645,17,19,189.00,5.00
1923,645,23,4,22.00,5.00
1924,645,33,20,65.00,0.00
1925,646,31,19,15.00,0.00
1926,646,21,15,58.00,5.00
1927,646,30,7,27.00,0.00
1928,646,31,26,15.00,5.00
1929,646,23,10,22.00,5.00
1930,647,7,7,549.00,0.00
1931,647,4,27,129.00,0.00
1932,647,1,21,499.00,0.00
1933,648,33,6,65.00,0.00
1934,649,12,25,459.00,0.00
1935,649,26,18,12.00,5.00
1936,650,33,15,65.00,0.00
1937,650,12,30,459.00,10.00
1938,650,28,2,120.00,10.00
1939,650,25,16,42.00,0.00
1940,651,17,18,189.00,0.00
1941,651,6,2,699.00,10.00
1942,651,34,8,35.00,0.00
1943,651,8,28,389.00,10.00
1944,651,27,2,18.00,0.00
1945,652,30,8,27.00,5.00
1946,652,25,15,42.00,0.00
1947,653,21,4,58.00,10.00
1948,653,28,15,120.00,0.00
1949,654,14,16,549.00,0.00
1950,654,1,6,499.00,10.00
1951,654,22,19,75.00,0.00
1952,655,4,29,129.00,0.00
1953,655,21,15,58.00,5.00
1954,655,33,17,65.00,10.00
1955,655,7,2,549.00,5.00
1956,655,16,1,45.00,5.00
1957,656,25,24,42.00,10.00
1958,656,30,20,27.00,5.00
1959,657,25,27,42.00,0.00
1960,657,30,12,27.00,0.00
1961,657,20,23,159.00,0.00
1962,658,3,22,249.00,0.00
1963,658,1,23,499.00,5.00
1964,658,16,2,45.00,10.00
1965,658,34,10,35.00,5.00
1966,658,33,10,65.00,5.00
1967,659,3,18,249.00,5.00
1968,659,21,27,58.00,5.00
1969,659,28,28,120.00,0.00
1970,660,10,2,799.00,0.00
1971,661,10,17,799.00,10.00
1972,661,26,2,12.00,0.00
1973,661,6,20,699.00,5.00
1974,661,27,19,18.00,5.00
1975,662,25,8,42.00,0.00
1976,662,3,26,249.00,0.00
1977,662,33,9,65.00,5.00
1978,663,30,8,27.00,5.00
1979,663,27,22,18.00,0.00
1980,664,14,17,549.00,5.00
1981,664,23,7,22.00,0.00
1982,664,35,18,79.00,10.00
1983,664,24,22,95.00,0.00
1984,665,31,15,15.00,10.00
1985,665,32,27,45.00,5.00
1986,665,28,25,120.00,10.00
1987,665,25,28,42.00,0.00
1988,665,33,2,65.00,0.00
1989,666,16,12,45.00,0.00
1990,666,21,10,58.00,10.00
1991,666,15,14,379.00,0.00
1992,667,2,14,899.00,0.00
1993,667,7,18,549.00,0.00
1994,667,34,23,35.00,10.00
1995,667,18,19,89.00,5.00
1996,668,32,29,45.00,0.00
1997,668,14,23,549.00,0.00
1998,668,22,13,75.00,0.00
1999,668,25,28,42.00,0.00
2000,668,31,25,15.00,0.00
2001,669,29,22,32.00,0.00
2002,670,21,19,58.00,0.00
2003,670,27,25,18.00,5.00
2004,670,14,19,549.00,10.00
2005,671,16,19,45.00,10.00
2006,671,15,16,379.00,0.00
2007,671,2,8,899.00,0.00
2008,671,7,10,549.00,10.00
2009,671,34,27,35.00,0.00
2010,672,9,4,149.00,10.00
2011,673,28,18,120.00,0.00
2012,673,23,26,22.00,0.00
2013,673,6,23,699.00,0.00
2014,674,26,13,12.00,10.00
2015,674,22,5,75.00,10.00
2016,675,12,27,459.00,0.00
2017,675,26,8,12.00,0.00
2018,675,12,17,459.00,10.00
2019,675,17,27,189.00,0.00
2020,675,14,26,549.00,0.00
2021,676,19,21,69.00,10.00
2022,676,23,10,22.00,5.00
2023,677,28,30,120.00,5.00
2024,677,5,23,349.00,0.00
2025,678,21,18,58.00,0.00
2026,678,6,8,699.00,10.00
2027,678,11,3,899.00,0.00
2028,678,10,27,799.00,5.00
2029,679,14,2,549.00,0.00
2030,679,8,25,389.00,0.00
2031,679,2,20,899.00,0.00
2032,679,33,2,65.00,0.00
2033,679,24,20,95.00,0.00
2034,680,15,27,379.00,0.00
2035,680,34,15,35.00,0.00
2036,680,10,22,799.00,5.00
2037,680,18,12,89.00,0.00
2038,681,17,13,189.00,5.00
2039,681,17,3,189.00,0.00
2040,681,30,4,27.00,0.00
2041,681,4,6,129.00,5.00
2042,682,4,5,129.00,0.00
2043,683,3,26,249.00,0.00
2044,683,32,6,45.00,0.00
2045,683,28,2,120.00,10.00
2046,684,24,23,95.00,5.00
2047,684,17,2,189.00,10.00
2048,684,6,8,699.00,5.00
2049,685,7,23,549.00,0.00
2050,685,9,29,149.00,10.00
2051,685,3,12,249.00,5.00
2052,686,31,7,15.00,0.00
2053,686,16,29,45.00,0.00
2054,686,20,10,159.00,10.00
2055,686,30,9,27.00,10.00
2056,687,5,21,349.00,10.00
2057,687,29,4,32.00,0.00
2058,688,4,2,129.00,10.00
2059,688,28,29,120.00,0.00
2060,688,29,3,32.00,10.00
2061,689,7,17,549.00,0.00
2062,689,2,25,899.00,10.00
2063,689,13,26,649.00,0.00
2064,690,35,29,79.00,10.00
2065,690,7,15,549.00,10.00
2066,691,23,14,22.00,0.00
2067,691,7,30,549.00,0.00
2068,691,34,18,35.00,0.00
2069,692,18,6,89.00,0.00
2070,693,10,25,799.00,0.00
2071,693,4,18,129.00,0.00
2072,693,34,7,35.00,0.00
2073,694,18,12,89.00,0.00
2074,695,16,1,45.00,5.00
2075,696,28,27,120.00,0.00
2076,696,27,17,18.00,0.00
2077,696,16,1,45.00,5.00
2078,696,30,27,27.00,10.00
2079,697,4,21,129.00,0.00
2080,697,7,24,549.00,0.00
2081,697,20,19,159.00,0.00
2082,697,7,24,549.00,0.00
2083,697,35,7,79.00,0.00
2084,698,16,19,45.00,5.00
2085,699,21,29,58.00,0.00
2086,699,11,13,899.00,0.00
2087,699,20,8,159.00,5.00
2088,699,16,8,45.00,10.00
2089,699,33,25,65.00,0.00
2090,700,30,20,27.00,10.00
2091,701,12,27,459.00,0.00
2092,701,13,19,649.00,10.00
2093,701,3,14,249.00,0.00
2094,702,30,26,27.00,5.00
2095,703,31,20,15.00,5.00
2096,703,11,18,899.00,10.00
2097,704,2,20,899.00,0.00
2098,704,32,1,45.00,0.00
2099,704,20,25,159.00,0.00
2100,705,10,17,799.00,10.00
2101,705,29,11,32.00,0.00
2102,705,31,4,15.00,0.00
2103,705,34,17,35.00,10.00
2104,705,34,2,35.00,0.00
2105,706,19,2,69.00,5.00
2106,707,9,15,149.00,5.00
2107,707,3,8,249.00,10.00
2108,707,7,29,549.00,0.00
2109,707,3,27,249.00,0.00
2110,707,5,7,349.00,5.00
2111,708,14,26,549.00,0.00
2112,708,2,27,899.00,0.00
2113,708,25,21,42.00,0.00
2114,708,14,3,549.00,0.00
2115,709,22,7,75.00,0.00
2116,709,14,10,549.00,0.00
2117,709,10,30,799.00,0.00
2118,709,33,3,65.00,5.00
2119,710,17,1,189.00,5.00
2120,710,21,24,58.00,0.00
2121,710,9,27,149.00,5.00
2122,711,12,19,459.00,0.00
2123,711,16,3,45.00,0.00
2124,712,32,11,45.00,0.00
2125,713,30,30,27.00,0.00
2126,713,27,22,18.00,0.00
2127,713,27,18,18.00,5.00
2128,714,33,20,65.00,0.00
2129,714,29,11,32.00,0.00
2130,714,15,6,379.00,5.00
2131,714,7,19,549.00,0.00
2132,714,28,11,120.00,0.00
2133,715,13,30,649.00,10.00
2134,715,26,25,12.00,10.00
2135,715,4,25,129.00,5.00
2136,716,5,8,349.00,10.00
2137,716,24,22,95.00,0.00
2138,716,15,15,379.00,0.00
2139,716,33,26,65.00,0.00
2140,717,11,21,899.00,0.00
2141,717,23,18,22.00,0.00
2142,717,18,10,89.00,0.00
2143,717,13,19,649.00,0.00
2144,717,13,20,649.00,0.00
2145,718,30,17,27.00,0.00
2146,718,13,7,649.00,10.00
2147,718,6,27,699.00,0.00
2148,718,12,21,459.00,0.00
2149,718,7,17,549.00,0.00
2150,719,18,1,89.00,0.00
2151,719,22,17,75.00,5.00
2152,719,14,17,549.00,0.00
2153,720,1,25,499.00,0.00
2154,720,31,5,15.00,0.00
2155,720,9,25,149.00,0.00
2156,721,28,11,120.00,0.00
2157,721,30,3,27.00,10.00
2158,722,2,3,899.00,0.00
2159,722,4,20,129.00,10.00
2160,722,29,6,32.00,0.00
2161,722,34,9,35.00,0.00
2162,723,13,8,649.00,0.00
2163,723,34,10,35.00,5.00
2164,723,18,15,89.00,10.00
2165,723,4,22,129.00,0.00
2166,723,19,21,69.00,5.00
2167,724,34,21,35.00,5.00
2168,724,35,4,79.00,5.00
2169,725,16,8,45.00,10.00
2170,725,6,24,699.00,0.00
2171,726,27,25,18.00,10.00
2172,726,28,12,120.00,0.00
2173,727,23,4,22.00,5.00
2174,728,14,2,549.00,10.00
2175,728,28,29,120.00,0.00
2176,728,7,21,549.00,10.00
2177,728,19,27,69.00,5.00
2178,729,13,13,649.00,0.00
2179,729,5,13,349.00,5.00
2180,729,13,20,649.00,0.00
2181,730,10,13,799.00,0.00
2182,730,14,30,549.00,5.00
2183,730,28,20,120.00,10.00
2184,730,27,29,18.00,0.00
2185,731,5,20,349.00,10.00
2186,731,10,26,799.00,0.00
2187,732,7,10,549.00,10.00
2188,732,27,30,18.00,5.00
2189,732,4,21,129.00,0.00
2190,732,29,15,32.00,10.00
2191,732,18,18,89.00,0.00
2192,733,12,28,459.00,5.00
2193,733,10,18,799.00,0.00
2194,733,19,14,69.00,5.00
2195,733,5,17,349.00,0.00
2196,733,32,18,45.00,0.00
2197,734,1,23,499.00,5.00
2198,734,10,8,799.00,0.00
2199,734,19,10,69.00,0.00
2200,734,4,12,129.00,5.00
2201,735,22,8,75.00,0.00
2202,735,10,5,799.00,10.00
2203,735,6,2,699.00,5.00
2204,735,23,27,22.00,0.00
2205,735,6,4,699.00,0.00
2206,736,11,30,899.00,10.00
2207,736,2,6,899.00,10.00
2208,736,17,30,189.00,0.00
2209,737,4,19,129.00,10.00
2210,737,13,9,649.00,0.00
2211,737,20,1,159.00,0.00
2212,737,22,2,75.00,0.00
2213,737,29,29,32.00,0.00
2214,738,13,8,649.00,0.00
2215,738,29,22,32.00,0.00
2216,738,23,23,22.00,10.00
2217,738,1,14,499.00,0.00
2218,738,4,19,129.00,5.00
2219,739,6,4,699.00,0.00
2220,739,16,23,45.00,0.00
2221,739,20,21,159.00,5.00
2222,740,32,23,45.00,0.00
2223,740,8,25,389.00,0.00
2224,741,20,4,159.00,10.00
2225,741,4,25,129.00,5.00
2226,741,13,16,649.00,0.00
2227,742,19,5,69.00,0.00
2228,742,9,25,149.00,0.00
2229,742,13,20,649.00,0.00
2230,743,19,15,69.00,5.00
2231,743,20,14,159.00,0.00
2232,744,26,13,12.00,5.00
2233,745,15,16,379.00,0.00
2234,745,6,21,699.00,0.00
2235,745,7,23,549.00,0.00
2236,746,8,19,389.00,0.00
2237,746,34,22,35.00,5.00
2238,746,11,15,899.00,0.00
2239,747,5,22,349.00,0.00
2240,747,29,14,32.00,10.00
2241,747,28,14,120.00,10.00
2242,747,14,3,549.00,0.00
2243,748,35,13,79.00,0.00
2244,748,26,1,12.00,10.00
2245,748,16,18,45.00,0.00
2246,749,16,3,45.00,0.00
2247,749,12,9,459.00,0.00
2248,749,8,25,389.00,0.00
2249,749,2,20,899.00,0.00
2250,750,25,15,42.00,0.00
2251,750,21,21,58.00,0.00
2252,751,3,11,249.00,0.00
2253,751,31,19,15.00,0.00
2254,751,15,22,379.00,0.00
2255,751,26,14,12.00,0.00
2256,752,5,25,349.00,5.00
2257,752,33,18,65.00,0.00
2258,753,24,1,95.00,0.00
2259,754,3,6,249.00,5.00
2260,754,32,12,45.00,0.00
2261,754,31,24,15.00,0.00
2262,755,22,25,75.00,0.00
2263,755,8,3,389.00,5.00
2264,755,22,23,75.00,10.00
2265,755,13,30,649.00,10.00
2266,756,5,15,349.00,0.00
2267,756,21,28,58.00,10.00
2268,756,18,30,89.00,0.00
2269,756,9,26,149.00,0.00
2270,757,5,20,349.00,10.00
2271,757,10,27,799.00,5.00
2272,757,15,8,379.00,10.00
2273,757,6,24,699.00,0.00
2274,758,23,18,22.00,0.00
2275,758,18,10,89.00,0.00
2276,758,21,20,58.00,0.00
2277,759,19,19,69.00,0.00
2278,759,30,17,27.00,0.00
2279,759,20,4,159.00,10.00
2280,759,4,24,129.00,0.00
2281,760,21,13,58.00,0.00
2282,760,11,18,899.00,0.00
2283,760,21,21,58.00,5.00
2284,760,21,23,58.00,10.00
2285,760,21,2,58.00,0.00
2286,761,1,3,499.00,0.00
2287,761,8,7,389.00,0.00
2288,762,25,4,42.00,0.00
2289,762,8,16,389.00,10.00
2290,762,15,1,379.00,10.00
2291,763,1,6,499.00,10.00
2292,763,1,11,499.00,5.00
2293,763,20,17,159.00,0.00
2294,763,6,9,699.00,10.00
2295,763,28,5,120.00,0.00
2296,764,13,2,649.00,0.00
2297,764,14,20,549.00,0.00
2298,764,23,24,22.00,0.00
2299,764,27,22,18.00,0.00
2300,764,13,29,649.00,5.00
2301,765,4,23,129.00,0.00
2302,765,31,2,15.00,5.00
2303,765,7,27,549.00,10.00
2304,765,4,19,129.00,5.00
2305,765,30,30,27.00,0.00
2306,766,14,17,549.00,0.00
2307,767,8,17,389.00,0.00
2308,768,21,27,58.00,5.00
2309,768,17,16,189.00,0.00
2310,769,14,16,549.00,0.00
2311,769,22,23,75.00,10.00
2312,769,7,9,549.00,10.00
2313,769,13,7,649.00,0.00
2314,770,9,29,149.00,0.00
2315,771,2,9,899.00,0.00
2316,771,26,22,12.00,0.00
2317,771,17,13,189.00,5.00
2318,771,10,9,799.00,0.00
2319,771,30,19,27.00,0.00
2320,772,25,1,42.00,10.00
2321,772,24,17,95.00,5.00
2322,772,33,15,65.00,5.00
2323,772,24,16,95.00,5.00
2324,772,18,20,89.00,5.00
2325,773,35,12,79.00,10.00
2326,774,14,21,549.00,0.00
2327,774,19,20,69.00,5.00
2328,774,15,4,379.00,0.00
2329,774,31,19,15.00,0.00
2330,775,7,22,549.00,10.00
2331,775,27,27,18.00,0.00
2332,775,30,28,27.00,0.00
2333,776,7,2,549.00,5.00
2334,776,16,1,45.00,5.00
2335,777,10,22,799.00,10.00
2336,777,32,4,45.00,10.00
2337,777,29,18,32.00,0.00
2338,778,18,9,89.00,10.00
2339,779,14,8,549.00,0.00
2340,779,22,26,75.00,0.00
2341,779,13,20,649.00,0.00
2342,780,25,22,42.00,0.00
2343,780,27,2,18.00,10.00
2344,780,14,6,549.00,10.00
2345,781,17,6,189.00,0.00
2346,781,8,12,389.00,0.00
2347,782,12,29,459.00,5.00
2348,782,24,10,95.00,0.00
2349,782,22,15,75.00,5.00
2350,783,4,2,129.00,10.00
2351,784,8,15,389.00,5.00
2352,784,6,21,699.00,10.00
2353,785,3,20,249.00,0.00
2354,785,17,2,189.00,10.00
2355,785,10,20,799.00,0.00
2356,786,8,18,389.00,0.00
2357,786,18,25,89.00,0.00
2358,786,4,30,129.00,5.00
2359,787,4,27,129.00,0.00
2360,787,31,3,15.00,5.00
2361,787,16,1,45.00,5.00
2362,788,7,21,549.00,10.00
2363,788,27,26,18.00,10.00
2364,789,5,1,349.00,0.00
2365,789,33,28,65.00,10.00
2366,789,15,15,379.00,0.00
2367,789,33,24,65.00,0.00
2368,789,10,1,799.00,0.00
2369,790,32,16,45.00,10.00
2370,790,7,2,549.00,5.00
2371,790,13,22,649.00,0.00
2372,790,2,30,899.00,5.00
2373,791,14,29,549.00,0.00
2374,792,1,19,499.00,0.00
2375,792,13,22,649.00,0.00
2376,792,33,13,65.00,0.00
2377,792,35,6,79.00,10.00
2378,792,6,1,699.00,0.00
2379,793,26,27,12.00,0.00
2380,793,30,8,27.00,5.00
2381,794,15,5,379.00,0.00
2382,794,11,24,899.00,0.00
2383,794,7,19,549.00,0.00
2384,794,33,30,65.00,0.00
2385,795,35,5,79.00,5.00
2386,795,17,1,189.00,5.00
2387,795,2,12,899.00,5.00
2388,796,9,16,149.00,5.00
2389,796,14,20,549.00,10.00
2390,796,3,10,249.00,0.00
2391,796,7,20,549.00,5.00
2392,796,24,6,95.00,10.00
2393,797,19,2,69.00,5.00
2394,797,9,5,149.00,10.00
2395,797,17,13,189.00,5.00
2396,798,23,14,22.00,0.00
2397,798,6,29,699.00,0.00
2398,799,14,19,549.00,10.00
2399,799,28,6,120.00,0.00
2400,799,34,9,35.00,5.00
2401,800,9,7,149.00,0.00
2402,800,8,27,389.00,10.00
2403,800,18,1,89.00,0.00
2404,800,26,1,12.00,10.00
2405,801,2,12,899.00,5.00
2406,801,27,12,18.00,5.00
2407,802,8,18,389.00,0.00
2408,802,11,27,899.00,0.00
2409,802,2,19,899.00,10.00
2410,803,14,4,549.00,0.00
2411,803,9,19,149.00,0.00
2412,804,35,20,79.00,0.00
2413,805,35,25,79.00,0.00
2414,805,26,29,12.00,0.00
2415,805,34,2,35.00,0.00
2416,805,33,11,65.00,0.00
2417,806,22,3,75.00,0.00
2418,806,10,25,799.00,0.00
2419,806,3,12,249.00,5.00
2420,806,26,8,12.00,0.00
2421,807,1,25,499.00,0.00
2422,807,22,1,75.00,0.00
2423,807,15,6,379.00,5.00
2424,808,22,2,75.00,0.00
2425,808,8,20,389.00,0.00
2426,808,26,3,12.00,0.00
2427,808,5,23,349.00,0.00
2428,809,34,14,35.00,0.00
2429,809,20,18,159.00,0.00
2430,809,32,17,45.00,10.00
2431,810,31,13,15.00,0.00
2432,810,11,28,899.00,5.00
2433,811,17,15,189.00,0.00
2434,811,26,17,12.00,0.00
2435,812,6,25,699.00,0.00
2436,813,17,2,189.00,10.00
2437,814,8,27,389.00,5.00
2438,815,35,1,79.00,0.00
2439,815,10,7,799.00,0.00
2440,816,33,23,65.00,10.00
2441,816,13,30,649.00,10.00
2442,816,15,16,379.00,0.00
2443,816,31,15,15.00,10.00
2444,816,32,28,45.00,10.00
2445,817,27,30,18.00,5.00
2446,817,15,30,379.00,5.00
2447,817,13,27,649.00,0.00
2448,817,31,12,15.00,0.00
2449,818,21,30,58.00,0.00
2450,818,30,21,27.00,10.00
2451,819,7,13,549.00,0.00
2452,819,3,30,249.00,5.00
2453,819,16,6,45.00,5.00
2454,820,4,13,129.00,10.00
2455,820,31,27,15.00,10.00
2456,820,16,22,45.00,0.00
2457,820,33,3,65.00,0.00
2458,821,19,2,69.00,5.00
2459,821,11,12,899.00,0.00
2460,821,34,24,35.00,0.00
2461,822,15,5,379.00,0.00
2462,822,17,16,189.00,0.00
2463,822,19,2,69.00,0.00
2464,822,24,20,95.00,0.00
2465,822,23,6,22.00,0.00
2466,823,35,8,79.00,0.00
2467,823,24,15,95.00,0.00
2468,823,19,13,69.00,0.00
2469,824,29,23,32.00,0.00
2470,824,34,4,35.00,5.00
2471,824,29,7,32.00,5.00
2472,824,21,1,58.00,0.00
2473,825,13,23,649.00,5.00
2474,825,35,1,79.00,0.00
2475,826,14,23,549.00,0.00
2476,826,13,7,649.00,10.00
2477,827,31,24,15.00,0.00
2478,827,6,27,699.00,0.00
2479,827,15,29,379.00,0.00
2480,827,34,3,35.00,5.00
2481,827,29,6,32.00,0.00
2482,828,11,13,899.00,0.00
2483,829,10,19,799.00,0.00
2484,829,23,11,22.00,10.00
2485,829,1,18,499.00,10.00
2486,830,4,22,129.00,0.00
2487,830,16,6,45.00,5.00
2488,831,34,19,35.00,0.00
2489,832,15,2,379.00,0.00
2490,832,11,5,899.00,10.00
2491,833,5,29,349.00,0.00
2492,833,29,3,32.00,10.00
2493,834,15,28,379.00,0.00
2494,834,6,20,699.00,5.00
2495,834,22,30,75.00,0.00
2496,834,22,23,75.00,10.00
2497,835,28,27,120.00,10.00
2498,835,6,29,699.00,0.00
2499,835,20,28,159.00,10.00
2500,835,23,17,22.00,10.00
2501,836,33,11,65.00,10.00
2502,836,21,7,58.00,0.00
2503,836,28,1,120.00,5.00
2504,837,35,25,79.00,0.00
2505,837,28,24,120.00,5.00
2506,837,26,24,12.00,5.00
2507,837,7,26,549.00,5.00
2508,838,23,9,22.00,0.00
2509,838,21,16,58.00,5.00
2510,838,12,11,459.00,5.00
2511,838,26,11,12.00,0.00
2512,839,27,9,18.00,0.00
2513,840,20,11,159.00,0.00
2514,840,20,13,159.00,0.00
2515,840,28,20,120.00,10.00
2516,840,26,26,12.00,0.00
2517,841,35,11,79.00,5.00
2518,841,30,28,27.00,0.00
2519,841,15,30,379.00,5.00
2520,842,20,22,159.00,10.00
2521,842,9,19,149.00,0.00
2522,843,1,2,499.00,0.00
2523,843,8,8,389.00,0.00
2524,844,34,28,35.00,5.00
2525,844,35,20,79.00,0.00
2526,844,15,7,379.00,10.00
2527,844,25,28,42.00,0.00
2528,844,18,4,89.00,0.00
2529,845,30,24,27.00,0.00
2530,845,7,30,549.00,0.00
2531,845,9,26,149.00,0.00
2532,846,12,3,459.00,0.00
2533,846,25,13,42.00,10.00
2534,846,6,5,699.00,0.00
2535,846,26,1,12.00,10.00
2536,846,10,25,799.00,0.00
2537,847,3,9,249.00,0.00
2538,847,32,2,45.00,0.00
2539,848,29,25,32.00,5.00
2540,849,27,1,18.00,10.00
2541,849,18,23,89.00,0.00
2542,849,35,7,79.00,0.00
2543,850,28,25,120.00,5.00
2544,851,28,5,120.00,0.00
2545,851,11,13,899.00,0.00
2546,851,35,6,79.00,10.00
2547,852,34,12,35.00,10.00
2548,852,24,17,95.00,5.00
2549,852,22,5,75.00,10.00
2550,853,2,26,899.00,0.00
2551,854,3,6,249.00,5.00
2552,854,10,4,799.00,5.00
2553,854,2,5,899.00,5.00
2554,854,23,11,22.00,10.00
2555,855,20,9,159.00,5.00
2556,855,31,5,15.00,0.00
2557,855,30,4,27.00,0.00
2558,855,27,23,18.00,0.00
2559,855,2,26,899.00,0.00
2560,856,1,12,499.00,10.00
2561,856,1,19,499.00,0.00
2562,856,11,15,899.00,0.00
2563,856,20,20,159.00,0.00
2564,856,21,12,58.00,0.00
2565,857,13,12,649.00,10.00
2566,857,32,1,45.00,0.00
2567,857,34,19,35.00,0.00
2568,858,3,13,249.00,10.00
2569,858,30,25,27.00,0.00
2570,858,33,9,65.00,0.00
2571,858,2,15,899.00,0.00
2572,859,16,28,45.00,0.00
2573,859,23,11,22.00,5.00
2574,859,30,28,27.00,0.00
2575,860,34,29,35.00,10.00
2576,860,17,22,189.00,0.00
2577,860,31,24,15.00,0.00
2578,860,34,29,35.00,10.00
2579,860,27,1,18.00,10.00
2580,861,34,12,35.00,0.00
2581,861,2,4,899.00,0.00
2582,861,27,17,18.00,0.00
2583,862,13,11,649.00,5.00
2584,862,13,23,649.00,5.00
2585,862,30,10,27.00,0.00
2586,862,20,16,159.00,10.00
2587,862,25,28,42.00,0.00
2588,863,2,16,899.00,0.00
2589,863,27,15,18.00,0.00
2590,863,31,4,15.00,0.00
2591,864,2,20,899.00,0.00
2592,864,20,15,159.00,10.00
2593,864,19,8,69.00,5.00
2594,865,33,16,65.00,5.00
2595,866,13,4,649.00,0.00
2596,866,4,2,129.00,10.00
2597,866,13,4,649.00,0.00
2598,867,12,17,459.00,10.00
2599,867,12,6,459.00,10.00
2600,867,6,30,699.00,0.00
2601,867,35,25,79.00,0.00
2602,868,30,8,27.00,10.00
2603,868,9,24,149.00,0.00
2604,868,14,16,549.00,0.00
2605,868,13,22,649.00,0.00
2606,868,12,4,459.00,5.00
2607,869,15,13,379.00,10.00
2608,870,25,5,42.00,0.00
2609,871,27,12,18.00,0.00
2610,871,27,2,18.00,10.00
2611,871,22,7,75.00,0.00
2612,872,3,20,249.00,0.00
2613,872,16,29,45.00,0.00
2614,872,5,14,349.00,10.00
2615,873,29,29,32.00,0.00
2616,873,33,18,65.00,0.00
2617,874,19,16,69.00,10.00
2618,874,6,1,699.00,5.00
2619,874,7,28,549.00,0.00
2620,874,23,28,22.00,5.00
2621,875,27,15,18.00,0.00
2622,876,2,23,899.00,5.00
2623,876,5,20,349.00,5.00
2624,876,35,18,79.00,10.00
2625,876,33,25,65.00,0.00
2626,876,10,8,799.00,0.00
2627,877,33,16,65.00,5.00
2628,878,26,19,12.00,10.00
2629,878,24,20,95.00,0.00
2630,878,16,9,45.00,0.00
2631,878,5,30,349.00,0.00
2632,879,35,18,79.00,10.00
2633,879,7,29,549.00,0.00
2634,879,14,4,549.00,0.00
2635,880,1,1,499.00,0.00
2636,880,9,30,149.00,0.00
2637,881,25,26,42.00,0.00
2638,881,13,6,649.00,10.00
2639,881,35,5,79.00,10.00
2640,881,27,10,18.00,0.00
2641,881,10,20,799.00,0.00
2642,882,2,4,899.00,0.00
2643,883,11,20,899.00,0.00
2644,883,35,21,79.00,0.00
2645,884,1,13,499.00,0.00
2646,884,4,8,129.00,10.00
2647,884,26,1,12.00,10.00
2648,884,20,29,159.00,0.00
2649,884,1,16,499.00,0.00
2650,885,32,13,45.00,0.00
2651,885,11,18,899.00,0.00
2652,886,13,10,649.00,0.00
2653,887,1,17,499.00,10.00
2654,887,15,21,379.00,0.00
2655,887,10,5,799.00,10.00
2656,887,10,18,799.00,10.00
2657,887,11,14,899.00,0.00
2658,888,29,8,32.00,5.00
2659,888,7,20,549.00,5.00
2660,888,7,3,549.00,5.00
2661,889,14,10,549.00,0.00
2662,889,16,25,45.00,5.00
2663,889,29,5,32.00,0.00
2664,890,7,6,549.00,0.00
2665,890,15,25,379.00,10.00
2666,891,19,25,69.00,0.00
2667,891,31,30,15.00,0.00
2668,892,27,15,18.00,0.00
2669,892,31,4,15.00,0.00
2670,892,30,4,27.00,10.00
2671,893,33,4,65.00,5.00
2672,894,32,8,45.00,5.00
2673,895,9,19,149.00,0.00
2674,895,29,4,32.00,0.00
2675,896,20,28,159.00,10.00
2676,896,27,4,18.00,0.00
2677,896,3,15,249.00,0.00
2678,896,22,15,75.00,0.00
2679,897,15,25,379.00,5.00
2680,897,11,7,899.00,0.00
2681,897,18,23,89.00,0.00
2682,898,8,1,389.00,0.00
2683,898,17,26,189.00,10.00
2684,898,29,15,32.00,10.00
2685,898,13,26,649.00,0.00
2686,899,23,18,22.00,10.00
2687,899,9,6,149.00,0.00
2688,900,14,16,549.00,0.00
2689,900,15,29,379.00,0.00
2690,900,24,25,95.00,0.00
2691,900,31,7,15.00,0.00
2692,900,20,14,159.00,0.00
2693,901,21,1,58.00,0.00
2694,901,27,19,18.00,10.00
2695,902,23,12,22.00,10.00
2696,902,26,23,12.00,0.00
2697,903,22,7,75.00,0.00
2698,903,7,16,549.00,10.00
2699,903,3,18,249.00,5.00
2700,903,29,30,32.00,0.00
2701,903,13,11,649.00,5.00
2702,904,5,11,349.00,0.00
2703,904,21,2,58.00,0.00
2704,904,27,21,18.00,0.00
2705,905,35,17,79.00,5.00
2706,905,30,6,27.00,0.00
2707,905,18,8,89.00,5.00
2708,905,5,8,349.00,10.00
2709,905,26,30,12.00,5.00
2710,906,10,22,799.00,5.00
2711,906,18,10,89.00,0.00
2712,907,30,29,27.00,0.00
2713,907,15,8,379.00,0.00
2714,907,22,26,75.00,0.00
2715,908,24,24,95.00,10.00
2716,908,32,30,45.00,0.00
2717,909,13,3,649.00,0.00
2718,909,6,29,699.00,0.00
2719,909,30,4,27.00,0.00
2720,909,6,14,699.00,10.00
2721,909,27,11,18.00,0.00
2722,910,22,20,75.00,0.00
2723,910,33,15,65.00,5.00
2724,910,24,17,95.00,5.00
2725,910,31,7,15.00,0.00
2726,910,30,21,27.00,10.00
2727,911,28,14,120.00,10.00
2728,911,31,25,15.00,0.00
2729,911,4,29,129.00,0.00
2730,911,22,17,75.00,10.00
2731,911,6,25,699.00,5.00
2732,912,35,23,79.00,5.00
2733,912,24,1,95.00,0.00
2734,912,3,11,249.00,0.00
2735,912,22,14,75.00,0.00
2736,913,11,28,899.00,5.00
2737,913,35,21,79.00,0.00
2738,913,2,1,899.00,10.00
2739,914,35,30,79.00,10.00
2740,914,16,17,45.00,0.00
2741,914,23,25,22.00,0.00
2742,914,17,23,189.00,0.00
2743,915,13,11,649.00,5.00
2744,915,28,19,120.00,5.00
2745,915,24,6,95.00,0.00
2746,915,16,8,45.00,10.00
2747,916,11,26,899.00,0.00
2748,916,3,12,249.00,5.00
2749,916,12,19,459.00,0.00
2750,917,3,9,249.00,0.00
2751,917,4,29,129.00,0.00
2752,917,16,24,45.00,5.00
2753,917,1,3,499.00,0.00
2754,918,21,2,58.00,5.00
2755,918,30,13,27.00,0.00
2756,918,21,8,58.00,0.00
2757,918,18,5,89.00,0.00
2758,918,24,22,95.00,0.00
2759,919,32,18,45.00,0.00
2760,919,19,25,69.00,0.00
2761,920,22,26,75.00,0.00
2762,920,4,18,129.00,5.00
2763,920,10,16,799.00,10.00
2764,921,32,4,45.00,10.00
2765,922,6,11,699.00,0.00
2766,922,12,23,459.00,5.00
2767,922,25,6,42.00,5.00
2768,922,15,21,379.00,0.00
2769,922,35,11,79.00,5.00
2770,923,2,12,899.00,10.00
2771,923,30,26,27.00,5.00
2772,924,9,22,149.00,5.00
2773,924,28,17,120.00,0.00
2774,924,16,28,45.00,0.00
2775,925,1,18,499.00,10.00
2776,926,27,22,18.00,0.00
2777,926,13,27,649.00,0.00
2778,927,34,11,35.00,10.00
2779,928,12,19,459.00,0.00
2780,928,17,7,189.00,5.00
2781,929,29,22,32.00,0.00
2782,930,17,12,189.00,0.00
2783,930,14,14,549.00,10.00
2784,931,31,6,15.00,0.00
2785,931,30,13,27.00,0.00
2786,931,17,21,189.00,0.00
2787,932,7,25,549.00,0.00
2788,932,33,9,65.00,0.00
2789,933,6,13,699.00,0.00
2790,933,20,4,159.00,10.00
2791,933,4,25,129.00,10.00
2792,933,24,27,95.00,0.00
2793,933,11,10,899.00,5.00
2794,934,11,10,899.00,5.00
2795,934,22,30,75.00,10.00
2796,934,30,13,27.00,0.00
2797,934,14,11,549.00,0.00
2798,935,7,13,549.00,0.00
2799,935,12,4,459.00,5.00
2800,935,27,29,18.00,0.00
2801,935,7,24,549.00,0.00
2802,935,9,7,149.00,0.00
2803,936,19,5,69.00,0.00
2804,937,34,1,35.00,0.00
2805,937,6,2,699.00,5.00
2806,938,10,18,799.00,0.00
2807,938,4,1,129.00,5.00
2808,939,2,13,899.00,10.00
2809,939,21,30,58.00,0.00
2810,939,25,3,42.00,0.00
2811,940,22,20,75.00,0.00
2812,940,34,21,35.00,0.00
2813,940,21,10,58.00,5.00
2814,940,2,27,899.00,0.00
2815,940,21,5,58.00,0.00
2816,941,18,22,89.00,0.00
2817,941,14,18,549.00,5.00
2818,942,3,29,249.00,0.00
2819,943,21,23,58.00,0.00
2820,944,14,1,549.00,10.00
2821,944,20,2,159.00,0.00
2822,945,28,3,120.00,10.00
2823,945,26,20,12.00,0.00
2824,945,27,11,18.00,0.00
2825,945,35,23,79.00,5.00
2826,945,21,18,58.00,0.00
2827,946,3,1,249.00,5.00
2828,947,25,20,42.00,0.00
2829,947,26,7,12.00,10.00
2830,947,8,3,389.00,10.00
2831,947,30,24,27.00,0.00
2832,948,31,23,15.00,0.00
2833,948,20,10,159.00,10.00
2834,948,10,26,799.00,0.00
2835,949,5,12,349.00,0.00
2836,949,21,11,58.00,10.00
2837,949,25,18,42.00,10.00
2838,949,30,15,27.00,10.00
2839,950,28,29,120.00,0.00
2840,950,7,23,549.00,0.00
2841,950,16,26,45.00,10.00
2842,950,31,23,15.00,0.00
2843,951,20,23,159.00,0.00
2844,951,13,12,649.00,10.00
2845,951,34,12,35.00,0.00
2846,951,2,3,899.00,0.00
2847,952,2,4,899.00,0.00
2848,952,2,21,899.00,0.00
2849,953,20,24,159.00,0.00
2850,953,28,7,120.00,5.00
2851,954,34,19,35.00,0.00
2852,955,12,11,459.00,5.00
2853,956,27,6,18.00,0.00
2854,956,14,5,549.00,5.00
2855,956,32,13,45.00,0.00
2856,957,19,3,69.00,10.00
2857,957,34,9,35.00,0.00
2858,957,29,15,32.00,10.00
2859,958,15,15,379.00,0.00
2860,958,11,1,899.00,0.00
2861,959,4,10,129.00,0.00
2862,960,29,27,32.00,0.00
2863,960,14,29,549.00,0.00
2864,961,6,2,699.00,5.00
2865,961,18,9,89.00,10.00
2866,962,20,23,159.00,10.00
2867,962,21,2,58.00,0.00
2868,963,3,28,249.00,0.00
2869,963,28,3,120.00,10.00
2870,963,23,11,22.00,5.00
2871,964,35,13,79.00,0.00
2872,964,2,2,899.00,0.00
2873,964,25,30,42.00,10.00
2874,965,25,18,42.00,10.00
2875,965,30,14,27.00,5.00
2876,965,16,29,45.00,0.00
2877,965,5,15,349.00,0.00
2878,966,3,26,249.00,0.00
2879,966,2,24,899.00,10.00
2880,966,32,29,45.00,10.00
2881,966,2,11,899.00,5.00
2882,966,8,1,389.00,0.00
2883,967,26,21,12.00,0.00
2884,967,11,21,899.00,0.00
2885,968,33,3,65.00,5.00
2886,968,11,12,899.00,0.00
2887,968,4,9,129.00,0.00
2888,969,32,17,45.00,0.00
2889,969,17,10,189.00,0.00
2890,969,24,30,95.00,10.00
2891,969,18,26,89.00,5.00
2892,970,5,6,349.00,0.00
2893,971,15,27,379.00,0.00
2894,971,32,7,45.00,0.00
2895,971,4,13,129.00,5.00
2896,971,23,29,22.00,5.00
2897,972,18,4,89.00,0.00
2898,972,2,1,899.00,10.00
2899,972,25,21,42.00,0.00
2900,973,25,3,42.00,0.00
2901,973,22,28,75.00,5.00
2902,973,32,9,45.00,5.00
2903,973,29,26,32.00,10.00
2904,973,19,8,69.00,0.00
2905,974,12,1,459.00,0.00
2906,974,15,25,379.00,10.00
2907,975,30,25,27.00,5.00
2908,976,21,14,58.00,0.00
2909,977,9,18,149.00,0.00
2910,977,30,28,27.00,0.00
2911,977,13,22,649.00,0.00
2912,977,23,15,22.00,0.00
2913,977,3,25,249.00,10.00
2914,978,4,4,129.00,0.00
2915,978,10,11,799.00,10.00
2916,978,28,30,120.00,0.00
2917,978,29,15,32.00,10.00
2918,979,9,30,149.00,0.00
2919,979,34,6,35.00,0.00
2920,979,4,4,129.00,0.00
2921,979,32,22,45.00,10.00
2922,980,4,17,129.00,0.00
2923,980,11,13,899.00,0.00
2924,980,13,15,649.00,0.00
2925,980,29,12,32.00,0.00
2926,980,13,7,649.00,0.00
2927,981,35,28,79.00,0.00
2928,981,7,6,549.00,0.00
2929,981,2,7,899.00,0.00
2930,981,22,26,75.00,0.00
2931,981,29,21,32.00,10.00
2932,982,6,6,699.00,0.00
2933,983,10,26,799.00,0.00
2934,983,19,12,69.00,0.00
2935,983,10,17,799.00,10.00
2936,983,9,10,149.00,5.00
2937,983,1,21,499.00,0.00
2938,984,16,12,45.00,5.00
2939,984,31,17,15.00,0.00
2940,985,23,11,22.00,5.00
2941,985,26,11,12.00,0.00
2942,985,28,8,120.00,10.00
2943,985,19,2,69.00,5.00
2944,986,25,26,42.00,0.00
2945,987,19,23,69.00,0.00
2946,987,9,29,149.00,0.00
2947,988,30,20,27.00,5.00
2948,988,23,1,22.00,0.00
2949,988,3,19,249.00,10.00
2950,989,4,2,129.00,10.00
2951,989,6,7,699.00,5.00
2952,989,19,21,69.00,5.00
2953,989,35,16,79.00,5.00
2954,989,26,20,12.00,0.00
2955,990,27,23,18.00,0.00
2956,991,8,19,389.00,0.00
2957,992,35,3,79.00,0.00
2958,992,9,22,149.00,10.00
2959,992,1,17,499.00,5.00
2960,992,35,22,79.00,0.00
2961,993,22,2,75.00,0.00
2962,993,28,23,120.00,0.00
2963,993,21,27,58.00,5.00
2964,993,15,9,379.00,0.00
2965,994,10,5,799.00,10.00
2966,995,24,19,95.00,0.00
2967,995,15,28,379.00,0.00
2968,995,28,1,120.00,5.00
2969,995,20,18,159.00,0.00
2970,995,27,25,18.00,10.00
2971,996,34,17,35.00,5.00
2972,996,12,10,459.00,0.00
2973,996,27,6,18.00,5.00
2974,997,16,10,45.00,0.00
2975,997,23,9,22.00,0.00
2976,997,7,21,549.00,10.00
2977,997,18,22,89.00,0.00
2978,998,14,23,549.00,5.00
2979,998,33,20,65.00,0.00
2980,999,14,29,549.00,0.00
2981,999,2,16,899.00,0.00
2982,999,25,5,42.00,0.00
2983,999,18,24,89.00,0.00
2984,1000,17,1,189.00,5.00
2985,1000,17,9,189.00,10.00
2986,1000,5,18,349.00,0.00
2987,1000,7,5,549.00,0.00
2988,1001,10,16,799.00,5.00
2989,1001,30,6,27.00,0.00
2990,1002,30,9,27.00,10.00
2991,1003,7,21,549.00,10.00
2992,1003,23,10,22.00,5.00
2993,1003,23,2,22.00,0.00
2994,1004,29,4,32.00,0.00
2995,1004,7,18,549.00,0.00
2996,1004,5,18,349.00,0.00
2997,1004,16,29,45.00,0.00
2998,1004,8,25,389.00,0.00
2999,1005,17,8,189.00,10.00
3000,1005,13,8,649.00,0.00
3001,1006,24,4,95.00,0.00
3002,1006,10,23,799.00,0.00
3003,1006,30,3,27.00,10.00
3004,1007,3,27,249.00,0.00
3005,1007,34,15,35.00,0.00
3006,1007,5,4,349.00,0.00
3007,1008,35,15,79.00,0.00
3008,1008,32,4,45.00,10.00
3009,1008,5,28,349.00,0.00
3010,1008,7,13,549.00,0.00
3011,1008,4,2,129.00,0.00
3012,1009,17,2,189.00,10.00
3013,1009,33,6,65.00,0.00
3014,1009,31,4,15.00,10.00
3015,1010,9,28,149.00,10.00
3016,1011,35,26,79.00,0.00
3017,1011,34,26,35.00,0.00
3018,1012,23,2,22.00,0.00
3019,1012,15,4,379.00,0.00
3020,1013,16,11,45.00,0.00
3021,1013,28,26,120.00,10.00
3022,1013,35,6,79.00,0.00
3023,1013,21,24,58.00,0.00
3024,1013,27,2,18.00,0.00
3025,1014,28,30,120.00,0.00
3026,1014,16,24,45.00,5.00
3027,1014,29,6,32.00,0.00
3028,1014,22,23,75.00,10.00
3029,1014,5,3,349.00,0.00
3030,1015,20,30,159.00,0.00
3031,1015,13,1,649.00,0.00
3032,1016,19,27,69.00,10.00
3033,1016,16,21,45.00,0.00
3034,1017,27,22,18.00,0.00
3035,1017,6,2,699.00,5.00
3036,1018,10,4,799.00,5.00
3037,1019,3,12,249.00,5.00
3038,1019,12,19,459.00,0.00
3039,1019,15,29,379.00,0.00
3040,1019,19,6,69.00,0.00
3041,1020,7,24,549.00,0.00
3042,1021,20,22,159.00,10.00
3043,1021,16,15,45.00,0.00
3044,1022,10,23,799.00,0.00
3045,1022,27,22,18.00,0.00
3046,1022,30,30,27.00,0.00
3047,1022,5,12,349.00,0.00
3048,1022,22,12,75.00,0.00
3049,1023,6,26,699.00,5.00
3050,1023,15,20,379.00,10.00
3051,1023,33,21,65.00,5.00
3052,1023,14,27,549.00,0.00
3053,1024,17,16,189.00,0.00
3054,1024,7,16,549.00,10.00
3055,1025,11,4,899.00,0.00
3056,1026,23,7,22.00,0.00
3057,1026,32,8,45.00,0.00
3058,1027,33,19,65.00,0.00
3059,1027,30,6,27.00,0.00
3060,1027,6,25,699.00,0.00
3061,1027,18,23,89.00,0.00
3062,1028,29,25,32.00,5.00
3063,1028,31,12,15.00,0.00
3064,1028,5,26,349.00,10.00
3065,1028,6,27,699.00,0.00
3066,1029,18,1,89.00,5.00
3067,1030,1,3,499.00,0.00
3068,1030,14,1,549.00,10.00
3069,1030,9,19,149.00,0.00
3070,1030,32,16,45.00,10.00
3071,1031,14,22,549.00,0.00
3072,1031,10,26,799.00,0.00
3073,1032,30,20,27.00,5.00
3074,1032,29,26,32.00,10.00
3075,1032,18,3,89.00,10.00
3076,1033,4,7,129.00,5.00
3077,1034,23,6,22.00,10.00
3078,1034,3,20,249.00,0.00
3079,1035,29,7,32.00,5.00
3080,1035,18,19,89.00,0.00
3081,1035,34,2,35.00,0.00
3082,1035,1,23,499.00,5.00
3083,1036,32,29,45.00,0.00
3084,1037,9,30,149.00,0.00
3085,1037,32,1,45.00,0.00
3086,1037,31,5,15.00,0.00
3087,1038,25,10,42.00,0.00
3088,1038,25,28,42.00,0.00
3089,1038,12,12,459.00,0.00
3090,1038,33,18,65.00,0.00
3091,1039,35,7,79.00,0.00
3092,1039,23,2,22.00,0.00
3093,1040,24,11,95.00,5.00
3094,1040,15,29,379.00,0.00
3095,1041,24,13,95.00,10.00
3096,1041,20,29,159.00,0.00
3097,1041,8,3,389.00,5.00
3098,1041,15,25,379.00,10.00
3099,1042,22,12,75.00,0.00
3100,1042,7,24,549.00,0.00
3101,1043,7,1,549.00,0.00
3102,1043,9,27,149.00,5.00
3103,1044,16,22,45.00,0.00
3104,1045,10,21,799.00,5.00
3105,1045,7,28,549.00,0.00
3106,1045,28,17,120.00,0.00
3107,1046,6,17,699.00,0.00
3108,1046,1,3,499.00,0.00
3109,1046,20,22,159.00,10.00
3110,1046,3,25,249.00,10.00
3111,1047,10,2,799.00,0.00
3112,1048,35,17,79.00,5.00
3113,1049,14,26,549.00,0.00
3114,1050,11,11,899.00,10.00
3115,1050,12,2,459.00,0.00
3116,1051,13,1,649.00,0.00
3117,1051,3,9,249.00,0.00
3118,1051,7,8,549.00,5.00
3119,1051,6,14,699.00,5.00
3120,1052,8,2,389.00,0.00
3121,1052,21,8,58.00,0.00
3122,1052,35,8,79.00,0.00
3123,1052,2,3,899.00,0.00
3124,1053,30,17,27.00,0.00
3125,1053,9,20,149.00,0.00
3126,1054,3,11,249.00,0.00
3127,1054,28,7,120.00,5.00
3128,1055,4,16,129.00,0.00
3129,1055,29,10,32.00,0.00
3130,1056,25,16,42.00,0.00
3131,1056,23,29,22.00,5.00
3132,1057,35,16,79.00,0.00
3133,1058,20,27,159.00,5.00
3134,1058,33,15,65.00,5.00
3135,1059,18,24,89.00,0.00
3136,1059,20,22,159.00,10.00
3137,1059,11,26,899.00,0.00
3138,1060,5,8,349.00,10.00
3139,1060,27,4,18.00,0.00
3140,1060,2,10,899.00,0.00
3141,1061,25,6,42.00,5.00
3142,1061,9,30,149.00,0.00
3143,1061,24,1,95.00,0.00
3144,1062,15,16,379.00,0.00
3145,1062,18,6,89.00,0.00
3146,1062,35,12,79.00,10.00
3147,1063,25,20,42.00,0.00
3148,1063,20,17,159.00,0.00
3149,1063,25,8,42.00,0.00
3150,1063,31,2,15.00,0.00
3151,1064,9,19,149.00,0.00
3152,1064,1,30,499.00,10.00
3153,1064,9,22,149.00,10.00
3154,1065,27,7,18.00,5.00
3155,1065,11,4,899.00,5.00
3156,1065,14,21,549.00,0.00
3157,1066,4,8,129.00,10.00
3158,1066,5,20,349.00,10.00
3159,1066,18,24,89.00,0.00
3160,1067,32,6,45.00,0.00
3161,1067,16,20,45.00,10.00
3162,1067,30,9,27.00,10.00
3163,1067,32,19,45.00,0.00
3164,1068,10,20,799.00,0.00
3165,1068,11,5,899.00,10.00
3166,1068,1,11,499.00,5.00
3167,1069,30,11,27.00,0.00
3168,1069,34,6,35.00,0.00
3169,1069,24,7,95.00,0.00
3170,1069,18,12,89.00,0.00
3171,1070,14,15,549.00,0.00
3172,1071,21,24,58.00,0.00
3173,1071,25,28,42.00,0.00
3174,1071,19,10,69.00,10.00
3175,1071,24,17,95.00,5.00
3176,1072,16,3,45.00,0.00
3177,1072,12,10,459.00,0.00
3178,1072,34,30,35.00,0.00
3179,1072,26,8,12.00,0.00
3180,1073,10,6,799.00,0.00
3181,1073,7,14,549.00,5.00
3182,1073,2,7,899.00,10.00
3183,1073,33,28,65.00,10.00
3184,1074,17,11,189.00,0.00
3185,1075,8,9,389.00,5.00
3186,1075,24,8,95.00,0.00
3187,1075,21,5,58.00,10.00
3188,1075,14,30,549.00,10.00
3189,1075,10,26,799.00,0.00
3190,1076,35,26,79.00,0.00
3191,1076,32,18,45.00,0.00
3192,1076,25,19,42.00,10.00
3193,1076,34,28,35.00,5.00
3194,1077,2,19,899.00,10.00
3195,1077,5,20,349.00,10.00
3196,1077,6,12,699.00,0.00
3197,1078,35,17,79.00,5.00
3198,1079,17,11,189.00,0.00
3199,1079,22,5,75.00,10.00
3200,1079,22,19,75.00,0.00
3201,1079,28,30,120.00,0.00
3202,1080,1,10,499.00,5.00
3203,1080,3,18,249.00,5.00
3204,1080,14,4,549.00,0.00
3205,1081,23,4,22.00,5.00
3206,1081,10,6,799.00,0.00
3207,1082,4,20,129.00,10.00
3208,1082,33,21,65.00,5.00
3209,1082,14,25,549.00,10.00
3210,1082,2,18,899.00,5.00
3211,1083,12,4,459.00,5.00
3212,1083,4,12,129.00,5.00
3213,1083,8,30,389.00,0.00
3214,1083,23,9,22.00,0.00
3215,1083,20,11,159.00,0.00
3216,1084,2,15,899.00,0.00
3217,1084,17,5,189.00,0.00
3218,1084,10,11,799.00,10.00
3219,1085,18,10,89.00,0.00
3220,1085,23,25,22.00,0.00
3221,1085,11,3,899.00,0.00
3222,1085,35,18,79.00,10.00
3223,1086,1,1,499.00,0.00
3224,1086,22,20,75.00,0.00
3225,1086,1,29,499.00,5.00
3226,1086,19,17,69.00,0.00
3227,1086,23,13,22.00,0.00
3228,1087,23,1,22.00,0.00
3229,1087,1,12,499.00,10.00
3230,1087,21,3,58.00,5.00
3231,1087,31,14,15.00,5.00
3232,1088,26,1,12.00,10.00
3233,1088,11,26,899.00,0.00
3234,1088,6,26,699.00,5.00
3235,1089,28,9,120.00,0.00
3236,1089,13,20,649.00,0.00
3237,1089,4,27,129.00,0.00
3238,1090,8,8,389.00,0.00
3239,1090,8,8,389.00,0.00
3240,1090,8,12,389.00,0.00
3241,1090,26,4,12.00,0.00
3242,1091,33,15,65.00,0.00
3243,1091,13,4,649.00,0.00
3244,1091,16,14,45.00,0.00
3245,1091,27,22,18.00,0.00
3246,1092,25,12,42.00,10.00
3247,1092,10,21,799.00,5.00
3248,1093,13,3,649.00,0.00
3249,1093,28,21,120.00,0.00
3250,1093,15,24,379.00,5.00
3251,1094,26,18,12.00,5.00
3252,1094,1,25,499.00,10.00
3253,1095,35,29,79.00,5.00
3254,1095,5,9,349.00,0.00
3255,1095,9,5,149.00,10.00
3256,1095,17,12,189.00,0.00
3257,1096,23,18,22.00,10.00
3258,1097,5,11,349.00,0.00
3259,1097,8,22,389.00,10.00
3260,1097,12,30,459.00,10.00
3261,1097,14,10,549.00,0.00
3262,1098,35,3,79.00,0.00
3263,1098,11,28,899.00,5.00
3264,1099,31,8,15.00,5.00
3265,1100,15,19,379.00,10.00
3266,1100,22,13,75.00,0.00
3267,1100,4,20,129.00,10.00
3268,1100,33,21,65.00,5.00
3269,1100,2,10,899.00,0.00
3270,1101,7,2,549.00,5.00
3271,1101,22,25,75.00,0.00
3272,1101,25,24,42.00,10.00
3273,1101,26,6,12.00,10.00
3274,1102,10,16,799.00,5.00
3275,1102,10,4,799.00,5.00
3276,1102,7,23,549.00,0.00
3277,1102,9,9,149.00,5.00
3278,1103,26,17,12.00,0.00
3279,1103,31,27,15.00,5.00
3280,1104,35,19,79.00,0.00
3281,1104,31,29,15.00,0.00
3282,1104,34,9,35.00,0.00
3283,1104,23,21,22.00,0.00
3284,1105,7,8,549.00,5.00
3285,1105,28,27,120.00,10.00
3286,1105,8,5,389.00,0.00
3287,1106,18,12,89.00,0.00
3288,1106,30,3,27.00,10.00
3289,1106,34,9,35.00,0.00
3290,1106,2,13,899.00,10.00
3291,1107,31,11,15.00,0.00
3292,1107,14,21,549.00,0.00
3293,1108,34,21,35.00,0.00
3294,1108,21,12,58.00,0.00
3295,1108,15,22,379.00,0.00
3296,1108,19,21,69.00,10.00
3297,1109,26,5,12.00,0.00
3298,1109,9,19,149.00,0.00
3299,1109,24,13,95.00,0.00
3300,1110,7,21,549.00,5.00
3301,1110,34,13,35.00,0.00
3302,1110,2,12,899.00,5.00
3303,1110,22,25,75.00,0.00
3304,1111,3,13,249.00,10.00
3305,1111,32,2,45.00,0.00
3306,1111,18,29,89.00,0.00
3307,1111,4,29,129.00,0.00
3308,1112,10,28,799.00,5.00
3309,1113,2,13,899.00,0.00
3310,1113,32,14,45.00,0.00
3311,1114,18,20,89.00,5.00
3312,1114,16,5,45.00,0.00
3313,1115,9,12,149.00,0.00
3314,1115,4,21,129.00,0.00
3315,1115,23,24,22.00,0.00
3316,1115,34,16,35.00,10.00
3317,1115,17,26,189.00,10.00
3318,1116,29,3,32.00,10.00
3319,1116,7,8,549.00,5.00
3320,1116,19,23,69.00,0.00
3321,1116,19,4,69.00,0.00
3322,1117,1,26,499.00,0.00
3323,1118,29,25,32.00,5.00
3324,1119,27,22,18.00,0.00
3325,1119,8,9,389.00,10.00
3326,1120,14,11,549.00,0.00
3327,1120,31,17,15.00,0.00
3328,1120,6,8,699.00,5.00
3329,1121,26,1,12.00,10.00
3330,1121,14,10,549.00,0.00
3331,1121,13,12,649.00,10.00
3332,1121,2,23,899.00,0.00
3333,1121,23,14,22.00,0.00
3334,1122,22,16,75.00,10.00
3335,1122,19,4,69.00,0.00
3336,1122,3,3,249.00,0.00
3337,1123,17,6,189.00,0.00
3338,1124,17,8,189.00,10.00
3339,1125,10,21,799.00,5.00
3340,1125,2,10,899.00,0.00
3341,1125,4,11,129.00,0.00
3342,1126,22,25,75.00,0.00
3343,1126,9,27,149.00,0.00
3344,1126,13,2,649.00,0.00
3345,1126,13,17,649.00,0.00
3346,1127,13,27,649.00,0.00
3347,1127,3,9,249.00,0.00
3348,1127,7,10,549.00,10.00
3349,1127,34,28,35.00,5.00
3350,1127,18,16,89.00,0.00
3351,1128,25,6,42.00,5.00
3352,1129,13,14,649.00,0.00
3353,1129,14,17,549.00,0.00
3354,1129,35,12,79.00,0.00
3355,1130,1,1,499.00,0.00
3356,1130,34,24,35.00,0.00
3357,1130,35,23,79.00,5.00
3358,1130,21,19,58.00,0.00
3359,1131,32,22,45.00,10.00
3360,1131,24,14,95.00,0.00
3361,1131,20,10,159.00,10.00
3362,1132,14,12,549.00,5.00
3363,1132,23,29,22.00,10.00
3364,1132,7,17,549.00,0.00
3365,1133,3,30,249.00,10.00
3366,1133,2,23,899.00,5.00
3367,1133,7,24,549.00,0.00
3368,1133,35,15,79.00,0.00
3369,1134,31,26,15.00,0.00
3370,1134,12,28,459.00,5.00
3371,1134,10,16,799.00,10.00
3372,1135,34,8,35.00,0.00
3373,1135,10,6,799.00,0.00
3374,1135,4,2,129.00,10.00
3375,1136,7,26,549.00,5.00
3376,1136,10,3,799.00,0.00
3377,1136,20,4,159.00,10.00
3378,1136,32,30,45.00,0.00
3379,1137,26,10,12.00,0.00
3380,1138,3,30,249.00,5.00
3381,1139,20,3,159.00,10.00
3382,1139,27,13,18.00,10.00
3383,1139,32,29,45.00,0.00
3384,1139,9,7,149.00,0.00
3385,1139,29,7,32.00,5.00
3386,1140,7,10,549.00,0.00
3387,1140,11,12,899.00,10.00
3388,1140,22,6,75.00,0.00
3389,1141,1,12,499.00,10.00
3390,1141,15,11,379.00,0.00
3391,1141,23,19,22.00,0.00
3392,1142,5,30,349.00,5.00
3393,1142,6,26,699.00,5.00
3394,1142,9,28,149.00,10.00
3395,1142,15,19,379.00,10.00
3396,1142,13,8,649.00,0.00
3397,1143,16,6,45.00,0.00
3398,1144,24,22,95.00,0.00
3399,1144,9,26,149.00,0.00
3400,1144,29,21,32.00,10.00
3401,1144,32,18,45.00,0.00
3402,1144,34,13,35.00,0.00
3403,1145,33,9,65.00,5.00
3404,1145,15,5,379.00,0.00
3405,1145,7,9,549.00,10.00
3406,1145,23,16,22.00,0.00
3407,1146,18,12,89.00,0.00
3408,1146,6,12,699.00,0.00
3409,1146,1,23,499.00,5.00
3410,1146,16,30,45.00,0.00
3411,1147,14,11,549.00,0.00
3412,1147,28,7,120.00,5.00
3413,1147,6,17,699.00,0.00
3414,1147,23,13,22.00,0.00
3415,1147,15,20,379.00,10.00
3416,1148,12,17,459.00,5.00
3417,1148,2,1,899.00,0.00
3418,1148,35,29,79.00,5.00
3419,1148,24,10,95.00,0.00
3420,1149,14,26,549.00,0.00
3421,1150,35,9,79.00,0.00
3422,1150,17,30,189.00,0.00
3423,1150,26,2,12.00,10.00
3424,1150,31,12,15.00,0.00
3425,1150,11,20,899.00,0.00
3426,1151,8,25,389.00,0.00
3427,1151,23,1,22.00,0.00
3428,1151,10,4,799.00,10.00
3429,1152,10,30,799.00,0.00
3430,1152,19,13,69.00,0.00
3431,1152,7,15,549.00,5.00
3432,1152,20,14,159.00,0.00
3433,1153,32,27,45.00,5.00
3434,1153,22,4,75.00,5.00
3435,1153,18,7,89.00,0.00
3436,1153,30,24,27.00,0.00
3437,1153,18,12,89.00,0.00
3438,1154,1,28,499.00,0.00
3439,1154,27,11,18.00,0.00
3440,1155,27,5,18.00,0.00
3441,1155,31,30,15.00,0.00
3442,1155,22,4,75.00,5.00
3443,1156,12,29,459.00,5.00
3444,1156,18,15,89.00,10.00
3445,1156,2,17,899.00,5.00
3446,1156,14,5,549.00,0.00
3447,1156,6,7,699.00,0.00
3448,1157,35,16,79.00,5.00
3449,1158,34,2,35.00,0.00
3450,1158,2,29,899.00,0.00
3451,1158,31,22,15.00,0.00
3452,1159,24,4,95.00,0.00
3453,1159,15,14,379.00,10.00
3454,1159,13,1,649.00,10.00
3455,1160,14,4,549.00,0.00
3456,1160,23,1,22.00,0.00
3457,1160,27,11,18.00,0.00
3458,1160,6,14,699.00,5.00
3459,1161,35,5,79.00,5.00
3460,1161,12,10,459.00,5.00
3461,1161,19,18,69.00,0.00
3462,1162,31,8,15.00,5.00
3463,1163,3,22,249.00,0.00
3464,1163,16,8,45.00,10.00
3465,1164,5,5,349.00,0.00
3466,1164,20,16,159.00,10.00
3467,1164,2,13,899.00,0.00
3468,1164,29,30,32.00,0.00
3469,1164,26,3,12.00,0.00
3470,1165,24,8,95.00,0.00
3471,1165,27,25,18.00,10.00
3472,1165,27,10,18.00,0.00
3473,1165,14,6,549.00,5.00
3474,1166,29,29,32.00,0.00
3475,1166,31,11,15.00,0.00
3476,1167,27,19,18.00,5.00
3477,1167,3,1,249.00,10.00
3478,1167,2,26,899.00,0.00
3479,1167,21,26,58.00,0.00
3480,1168,1,14,499.00,0.00
3481,1168,12,9,459.00,0.00
3482,1169,31,16,15.00,10.00
3483,1169,3,20,249.00,0.00
3484,1169,6,21,699.00,0.00
3485,1169,3,6,249.00,10.00
3486,1170,14,1,549.00,10.00
3487,1170,28,3,120.00,10.00
3488,1170,26,21,12.00,0.00
3489,1170,2,17,899.00,0.00
3490,1171,30,22,27.00,0.00
3491,1171,14,16,549.00,0.00
3492,1171,2,21,899.00,0.00
3493,1171,2,17,899.00,5.00
3494,1171,17,14,189.00,5.00
3495,1172,28,22,120.00,0.00
3496,1172,24,26,95.00,0.00
3497,1172,25,25,42.00,10.00
3498,1172,5,28,349.00,0.00
3499,1173,20,26,159.00,0.00
3500,1173,3,23,249.00,0.00
3501,1174,24,3,95.00,0.00
3502,1174,26,13,12.00,10.00
3503,1174,18,21,89.00,10.00
3504,1175,8,27,389.00,10.00
3505,1176,4,10,129.00,0.00
3506,1176,11,24,899.00,0.00
3507,1177,13,11,649.00,5.00
3508,1177,13,23,649.00,5.00
3509,1177,13,18,649.00,10.00
3510,1177,14,13,549.00,10.00
3511,1177,11,25,899.00,0.00
3512,1178,28,21,120.00,0.00
3513,1178,7,24,549.00,0.00
3514,1178,26,12,12.00,5.00
3515,1179,9,8,149.00,0.00
3516,1179,8,10,389.00,10.00
3517,1179,23,15,22.00,0.00
3518,1179,8,12,389.00,0.00
3519,1179,22,1,75.00,0.00
3520,1180,2,25,899.00,10.00
3521,1181,14,8,549.00,0.00
3522,1181,32,4,45.00,10.00
3523,1181,29,17,32.00,0.00
3524,1182,2,14,899.00,0.00
3525,1182,1,28,499.00,0.00
3526,1182,22,22,75.00,5.00
3527,1182,20,17,159.00,0.00
3528,1183,10,2,799.00,0.00
3529,1183,27,19,18.00,10.00
3530,1183,9,25,149.00,0.00
3531,1183,5,21,349.00,0.00
3532,1184,10,16,799.00,10.00
3533,1184,26,3,12.00,0.00
3534,1185,20,28,159.00,10.00
3535,1185,5,22,349.00,0.00
3536,1186,6,6,699.00,0.00
3537,1186,24,30,95.00,10.00
3538,1186,31,15,15.00,5.00
3539,1187,15,16,379.00,0.00
3540,1187,9,5,149.00,10.00
3541,1187,17,14,189.00,5.00
3542,1187,22,23,75.00,10.00
3543,1187,29,22,32.00,0.00
3544,1188,23,26,22.00,0.00
3545,1189,32,19,45.00,0.00
3546,1189,10,4,799.00,5.00
3547,1189,10,8,799.00,0.00
3548,1189,35,27,79.00,0.00
3549,1189,33,1,65.00,0.00
3550,1190,31,24,15.00,0.00
3551,1190,34,30,35.00,0.00
3552,1190,19,11,69.00,0.00
3553,1190,23,23,22.00,10.00
3554,1190,13,30,649.00,10.00
3555,1191,16,12,45.00,5.00
3556,1191,31,16,15.00,10.00
3557,1191,4,23,129.00,0.00
3558,1191,5,6,349.00,0.00
3559,1191,34,11,35.00,5.00
3560,1192,25,30,42.00,10.00
3561,1192,9,21,149.00,5.00
3562,1192,7,2,549.00,5.00
3563,1193,12,10,459.00,5.00
3564,1194,27,28,18.00,0.00
3565,1194,16,16,45.00,0.00
3566,1194,16,21,45.00,0.00
3567,1194,2,5,899.00,5.00
3568,1194,31,11,15.00,0.00
3569,1195,34,30,35.00,10.00
3570,1195,30,12,27.00,0.00
3571,1195,27,20,18.00,10.00
3572,1195,31,15,15.00,5.00
3573,1195,11,9,899.00,0.00
3574,1196,13,27,649.00,0.00
3575,1196,3,11,249.00,0.00
3576,1197,3,13,249.00,10.00
3577,1197,11,22,899.00,5.00
3578,1197,18,9,89.00,10.00
3579,1197,27,2,18.00,10.00
3580,1197,27,27,18.00,0.00
3581,1198,27,18,18.00,0.00
3582,1198,4,26,129.00,10.00
3583,1198,3,18,249.00,5.00
3584,1198,28,25,120.00,5.00
3585,1199,3,24,249.00,5.00
3586,1199,27,27,18.00,0.00
3587,1199,9,20,149.00,5.00
3588,1199,3,14,249.00,0.00
3589,1199,5,10,349.00,0.00
3590,1200,19,9,69.00,5.00
3591,1200,27,22,18.00,0.00
3592,1200,34,6,35.00,0.00
3593,1201,8,1,389.00,0.00
3594,1201,33,14,65.00,0.00
3595,1202,1,6,499.00,10.00
3596,1202,2,13,899.00,0.00
3597,1203,27,14,18.00,0.00
3598,1203,23,8,22.00,0.00
3599,1203,18,23,89.00,0.00
3600,1204,33,27,65.00,5.00
3601,1204,14,3,549.00,0.00
3602,1204,34,5,35.00,5.00
3603,1204,18,5,89.00,0.00
3604,1204,34,27,35.00,0.00
3605,1205,19,23,69.00,0.00
3606,1205,16,24,45.00,0.00
3607,1205,21,6,58.00,0.00
3608,1205,35,18,79.00,0.00
3609,1205,12,17,459.00,10.00
3610,1206,13,25,649.00,10.00
3611,1206,13,28,649.00,0.00
3612,1206,25,30,42.00,10.00
3613,1206,17,20,189.00,10.00
3614,1207,20,24,159.00,0.00
3615,1208,19,4,69.00,10.00
3616,1208,5,28,349.00,0.00
3617,1208,21,4,58.00,10.00
3618,1209,29,19,32.00,0.00
3619,1209,6,2,699.00,5.00
3620,1209,24,4,95.00,0.00
3621,1209,9,19,149.00,0.00
3622,1209,5,16,349.00,0.00
3623,1210,14,8,549.00,0.00
3624,1210,26,10,12.00,0.00
3625,1210,34,19,35.00,0.00
3626,1210,13,1,649.00,0.00
3627,1210,15,24,379.00,5.00
3628,1211,18,11,89.00,0.00
3629,1211,17,13,189.00,5.00
3630,1211,7,27,549.00,10.00
3631,1211,19,6,69.00,0.00
3632,1212,35,6,79.00,10.00
3633,1212,8,9,389.00,5.00
3634,1212,25,11,42.00,5.00
3635,1212,20,20,159.00,0.00
3636,1212,27,5,18.00,0.00
3637,1213,5,11,349.00,0.00
3638,1213,33,14,65.00,0.00
3639,1213,33,10,65.00,5.00
3640,1214,7,2,549.00,5.00
3641,1214,16,1,45.00,5.00
3642,1214,23,2,22.00,0.00
3643,1214,14,1,549.00,10.00
3644,1215,25,17,42.00,5.00
3645,1215,28,26,120.00,10.00
3646,1215,5,25,349.00,5.00
3647,1215,34,22,35.00,5.00
3648,1216,14,21,549.00,0.00
3649,1216,21,29,58.00,10.00
3650,1216,32,19,45.00,0.00
3651,1216,6,17,699.00,0.00
3652,1217,33,11,65.00,10.00
3653,1218,16,5,45.00,0.00
3654,1218,28,17,120.00,0.00
3655,1218,11,9,899.00,5.00
3656,1218,5,26,349.00,10.00
3657,1219,2,3,899.00,0.00
3658,1219,9,11,149.00,0.00
3659,1220,1,25,499.00,0.00
3660,1220,4,5,129.00,0.00
3661,1220,24,3,95.00,0.00
3662,1220,21,26,58.00,0.00
3663,1221,5,10,349.00,0.00
3664,1221,25,5,42.00,5.00
3665,1221,32,17,45.00,10.00
3666,1222,17,2,189.00,10.00
3667,1222,5,2,349.00,10.00
3668,1222,5,2,349.00,10.00
3669,1222,3,25,249.00,10.00
3670,1223,34,2,35.00,0.00
3671,1223,31,6,15.00,0.00
3672,1223,22,11,75.00,0.00
3673,1224,10,3,799.00,0.00
3674,1225,33,16,65.00,10.00
3675,1226,33,6,65.00,0.00
3676,1226,3,29,249.00,0.00
3677,1226,21,17,58.00,10.00
3678,1227,17,8,189.00,5.00
3679,1228,33,5,65.00,0.00
3680,1228,23,3,22.00,0.00
3681,1228,16,17,45.00,0.00
3682,1229,28,1,120.00,5.00
3683,1229,28,21,120.00,10.00
3684,1229,27,27,18.00,0.00
3685,1229,18,24,89.00,0.00
3686,1229,33,9,65.00,5.00
3687,1230,1,19,499.00,10.00
3688,1230,4,18,129.00,5.00
3689,1230,14,3,549.00,0.00
3690,1231,4,23,129.00,0.00
3691,1231,8,19,389.00,0.00
3692,1231,34,23,35.00,10.00
3693,1232,5,3,349.00,0.00
3694,1232,29,2,32.00,5.00
3695,1232,28,19,120.00,5.00
3696,1233,23,7,22.00,0.00
3697,1233,34,14,35.00,0.00
3698,1233,17,7,189.00,5.00
3699,1233,26,18,12.00,5.00
3700,1234,25,11,42.00,0.00
3701,1234,29,13,32.00,5.00
3702,1235,1,2,499.00,0.00
3703,1236,20,5,159.00,0.00
3704,1236,32,10,45.00,10.00
3705,1237,5,28,349.00,0.00
3706,1237,20,29,159.00,0.00
3707,1237,26,10,12.00,0.00
3708,1237,30,5,27.00,0.00
3709,1237,29,10,32.00,0.00
3710,1238,17,26,189.00,5.00
3711,1238,17,28,189.00,0.00
3712,1238,14,7,549.00,0.00
3713,1239,35,26,79.00,0.00
3714,1239,23,15,22.00,0.00
3715,1239,10,20,799.00,0.00
3716,1239,22,18,75.00,10.00
3717,1240,24,23,95.00,10.00
3718,1241,31,28,15.00,10.00
3719,1241,4,20,129.00,10.00
3720,1241,13,8,649.00,0.00
3721,1242,4,6,129.00,5.00
3722,1242,32,12,45.00,0.00
3723,1242,27,10,18.00,0.00
3724,1243,6,1,699.00,0.00
3725,1243,21,13,58.00,0.00
3726,1243,7,3,549.00,10.00
3727,1243,4,27,129.00,0.00
3728,1244,8,15,389.00,5.00
3729,1245,32,7,45.00,0.00
3730,1245,30,11,27.00,0.00
3731,1245,6,3,699.00,10.00
3732,1245,3,25,249.00,10.00
3733,1246,3,8,249.00,0.00
3734,1247,11,30,899.00,10.00
3735,1248,16,29,45.00,0.00
3736,1249,21,2,58.00,0.00
3737,1249,11,1,899.00,0.00
3738,1249,8,10,389.00,10.00
3739,1249,14,11,549.00,0.00
3740,1249,31,19,15.00,0.00
3741,1250,35,19,79.00,0.00
3742,1251,23,8,22.00,0.00
3743,1251,6,19,699.00,0.00
3744,1252,3,16,249.00,0.00
3745,1252,7,26,549.00,5.00
3746,1252,12,9,459.00,0.00
3747,1252,18,4,89.00,0.00
3748,1252,26,18,12.00,5.00
3749,1253,1,21,499.00,0.00
3750,1253,2,30,899.00,5.00
3751,1253,25,12,42.00,5.00
3752,1253,21,22,58.00,10.00
3753,1254,20,19,159.00,0.00
3754,1254,3,6,249.00,5.00
3755,1255,23,13,22.00,0.00
3756,1255,23,19,22.00,0.00
3757,1256,17,23,189.00,0.00
3758,1256,25,8,42.00,0.00
3759,1256,12,29,459.00,5.00
3760,1256,28,25,120.00,5.00
3761,1256,11,9,899.00,0.00
3762,1257,21,8,58.00,0.00
3763,1257,35,8,79.00,0.00
3764,1258,6,8,699.00,5.00
3765,1259,23,25,22.00,0.00
3766,1259,13,9,649.00,0.00
3767,1259,1,28,499.00,0.00
3768,1260,18,16,89.00,0.00
3769,1260,24,9,95.00,0.00
3770,1260,12,11,459.00,5.00
3771,1260,32,4,45.00,10.00
3772,1261,21,12,58.00,0.00
3773,1262,15,24,379.00,5.00
3774,1263,34,30,35.00,0.00
3775,1263,14,21,549.00,0.00
3776,1264,30,5,27.00,0.00
3777,1265,21,3,58.00,0.00
3778,1265,21,8,58.00,0.00
3779,1266,17,24,189.00,0.00
3780,1266,5,6,349.00,0.00
3781,1266,11,25,899.00,0.00
3782,1266,7,17,549.00,0.00
3783,1266,20,30,159.00,0.00
3784,1267,13,8,649.00,0.00
3785,1267,15,12,379.00,5.00
3786,1267,13,20,649.00,0.00
3787,1267,25,5,42.00,5.00
3788,1267,21,5,58.00,10.00
3789,1268,1,11,499.00,5.00
3790,1268,26,10,12.00,0.00
3791,1269,22,23,75.00,0.00
3792,1269,28,27,120.00,0.00
3793,1269,22,27,75.00,0.00
3794,1269,6,5,699.00,0.00
3795,1270,20,1,159.00,0.00
3796,1270,4,5,129.00,0.00
3797,1270,11,24,899.00,10.00
3798,1270,23,7,22.00,0.00
3799,1270,9,22,149.00,5.00
3800,1271,3,3,249.00,0.00
3801,1271,1,8,499.00,0.00
3802,1271,20,29,159.00,0.00
3803,1272,35,18,79.00,10.00
3804,1272,21,12,58.00,0.00
3805,1272,20,11,159.00,0.00
3806,1272,19,8,69.00,5.00
3807,1272,29,26,32.00,10.00
3808,1273,5,1,349.00,5.00
3809,1273,16,2,45.00,10.00
3810,1273,27,25,18.00,10.00
3811,1274,30,6,27.00,0.00
3812,1275,21,14,58.00,0.00
3813,1275,1,21,499.00,0.00
3814,1275,32,8,45.00,5.00
3815,1275,18,18,89.00,0.00
3816,1275,32,17,45.00,0.00
3817,1276,3,3,249.00,0.00
3818,1277,26,2,12.00,0.00
3819,1277,1,1,499.00,0.00
3820,1277,2,4,899.00,0.00
3821,1278,4,13,129.00,5.00
3822,1278,23,25,22.00,0.00
3823,1278,29,8,32.00,10.00
3824,1278,17,26,189.00,10.00
3825,1279,7,3,549.00,10.00
3826,1279,4,28,129.00,0.00
3827,1279,21,5,58.00,10.00
3828,1279,19,19,69.00,0.00
3829,1280,19,29,69.00,0.00
3830,1280,34,9,35.00,5.00
3831,1280,7,5,549.00,0.00
3832,1281,4,2,129.00,10.00
3833,1282,1,20,499.00,0.00
3834,1282,19,20,69.00,5.00
3835,1282,34,11,35.00,10.00
3836,1282,20,2,159.00,5.00
3837,1283,2,23,899.00,0.00
3838,1283,23,15,22.00,0.00
3839,1283,3,26,249.00,10.00
3840,1284,33,1,65.00,0.00
3841,1284,9,16,149.00,5.00
3842,1284,10,3,799.00,0.00
3843,1284,25,24,42.00,5.00
3844,1284,10,7,799.00,0.00
3845,1285,7,12,549.00,0.00
3846,1286,18,28,89.00,0.00
3847,1286,25,9,42.00,0.00
3848,1286,10,21,799.00,5.00
3849,1287,4,5,129.00,0.00
3850,1287,33,6,65.00,0.00
3851,1287,4,3,129.00,0.00
3852,1287,19,6,69.00,0.00
3853,1288,21,7,58.00,0.00
3854,1288,33,22,65.00,5.00
3855,1288,24,4,95.00,0.00
3856,1288,11,26,899.00,0.00
3857,1288,23,27,22.00,0.00
3858,1289,2,5,899.00,0.00
3859,1289,17,19,189.00,5.00
3860,1290,15,27,379.00,0.00
3861,1290,3,30,249.00,5.00
3862,1290,5,24,349.00,5.00
3863,1290,26,25,12.00,10.00
3864,1291,35,22,79.00,0.00
3865,1292,18,17,89.00,0.00
3866,1292,29,7,32.00,5.00
3867,1292,18,20,89.00,5.00
3868,1292,13,26,649.00,0.00
3869,1293,34,24,35.00,0.00
3870,1294,4,21,129.00,0.00
3871,1294,22,20,75.00,0.00
3872,1294,4,8,129.00,0.00
3873,1294,11,16,899.00,0.00
3874,1295,28,18,120.00,0.00
3875,1295,32,29,45.00,0.00
3876,1295,15,29,379.00,0.00
3877,1296,17,13,189.00,5.00
3878,1296,28,4,120.00,0.00
3879,1297,34,29,35.00,10.00
3880,1297,12,7,459.00,0.00
3881,1297,17,10,189.00,0.00
3882,1297,28,14,120.00,10.00
3883,1298,5,10,349.00,0.00
3884,1298,21,18,58.00,0.00
3885,1298,15,10,379.00,0.00
3886,1298,3,6,249.00,5.00
3887,1299,13,9,649.00,0.00
3888,1299,20,30,159.00,0.00
3889,1299,6,3,699.00,10.00
3890,1300,18,30,89.00,0.00
3891,1300,17,26,189.00,10.00
3892,1300,27,6,18.00,5.00
3893,1300,35,23,79.00,10.00
3894,1300,3,23,249.00,0.00
3895,1301,30,15,27.00,10.00
3896,1301,6,2,699.00,5.00
3897,1301,15,30,379.00,5.00
3898,1301,21,25,58.00,0.00
3899,1301,27,5,18.00,0.00
3900,1302,10,25,799.00,0.00
3901,1303,33,15,65.00,0.00
3902,1304,15,29,379.00,0.00
3903,1304,9,30,149.00,0.00
3904,1305,2,22,899.00,0.00
3905,1305,10,26,799.00,0.00
3906,1305,25,5,42.00,5.00
3907,1306,16,2,45.00,10.00
3908,1307,2,10,899.00,0.00
3909,1307,13,11,649.00,5.00
3910,1308,25,20,42.00,0.00
3911,1308,33,5,65.00,10.00
3912,1309,27,6,18.00,0.00
3913,1309,12,29,459.00,5.00
3914,1309,33,10,65.00,10.00
3915,1309,14,10,549.00,0.00
3916,1309,15,19,379.00,5.00
3917,1310,22,23,75.00,10.00
3918,1310,35,14,79.00,0.00
3919,1310,5,24,349.00,0.00
3920,1310,14,9,549.00,0.00
3921,1311,21,20,58.00,0.00
3922,1311,30,17,27.00,0.00
3923,1311,2,26,899.00,0.00
3924,1312,15,21,379.00,0.00
3925,1312,13,19,649.00,0.00
3926,1312,9,6,149.00,0.00
3927,1313,4,20,129.00,10.00
3928,1313,26,26,12.00,0.00
3929,1313,30,29,27.00,0.00
3930,1313,15,11,379.00,0.00
3931,1314,5,6,349.00,0.00
3932,1314,12,28,459.00,0.00
3933,1314,3,19,249.00,10.00
3934,1315,19,14,69.00,5.00
3935,1315,5,17,349.00,0.00
3936,1316,30,9,27.00,10.00
3937,1316,28,4,120.00,0.00
3938,1316,33,28,65.00,5.00
3939,1316,3,4,249.00,0.00
3940,1316,8,4,389.00,10.00
3941,1317,18,4,89.00,0.00
3942,1317,1,25,499.00,0.00
3943,1317,5,7,349.00,5.00
3944,1317,10,28,799.00,10.00
3945,1318,7,1,549.00,0.00
3946,1318,23,18,22.00,0.00
3947,1318,19,15,69.00,5.00
3948,1318,17,1,189.00,5.00
3949,1318,19,16,69.00,10.00
3950,1319,26,25,12.00,10.00
3951,1319,7,4,549.00,0.00
3952,1319,29,28,32.00,0.00
3953,1319,11,27,899.00,0.00
3954,1319,4,26,129.00,10.00
3955,1320,32,25,45.00,0.00
3956,1320,29,21,32.00,0.00
3957,1320,3,7,249.00,10.00
3958,1320,20,10,159.00,10.00
3959,1320,12,5,459.00,5.00
3960,1321,26,10,12.00,0.00
3961,1322,26,10,12.00,0.00
3962,1323,18,3,89.00,10.00
3963,1323,8,15,389.00,5.00
3964,1323,33,18,65.00,0.00
3965,1323,3,28,249.00,0.00
3966,1324,13,18,649.00,10.00
3967,1324,15,18,379.00,5.00
3968,1325,15,16,379.00,0.00
3969,1325,4,17,129.00,0.00
3970,1325,29,16,32.00,0.00
3971,1325,9,23,149.00,0.00
3972,1325,30,6,27.00,0.00
3973,1326,1,17,499.00,5.00
3974,1326,25,15,42.00,0.00
3975,1326,2,12,899.00,5.00
3976,1327,8,28,389.00,10.00
3977,1328,28,27,120.00,10.00
3978,1328,6,28,699.00,0.00
3979,1328,22,27,75.00,0.00
3980,1328,4,28,129.00,0.00
3981,1329,4,1,129.00,10.00
3982,1329,2,22,899.00,0.00
3983,1329,14,14,549.00,10.00
3984,1330,25,13,42.00,10.00
3985,1330,23,7,22.00,0.00
3986,1331,8,27,389.00,5.00
3987,1331,7,18,549.00,0.00
3988,1331,9,1,149.00,0.00
3989,1331,32,12,45.00,0.00
3990,1332,33,23,65.00,0.00
3991,1332,30,3,27.00,10.00
3992,1332,4,30,129.00,0.00
3993,1332,24,23,95.00,10.00
3994,1333,17,30,189.00,0.00
3995,1334,14,6,549.00,10.00
3996,1334,17,28,189.00,0.00
3997,1335,27,4,18.00,0.00
3998,1335,6,26,699.00,10.00
3999,1335,17,29,189.00,0.00
4000,1336,5,17,349.00,0.00
4001,1336,20,12,159.00,0.00
4002,1336,13,27,649.00,0.00
4003,1336,30,12,27.00,0.00
4004,1337,23,20,22.00,0.00
4005,1337,35,22,79.00,5.00
4006,1337,6,25,699.00,0.00
4007,1338,5,20,349.00,10.00
4008,1338,17,21,189.00,10.00
4009,1338,28,3,120.00,10.00
4010,1338,25,15,42.00,0.00
4011,1339,23,4,22.00,5.00
4012,1339,25,21,42.00,0.00
4013,1339,10,20,799.00,0.00
4014,1339,29,1,32.00,5.00
4015,1340,18,13,89.00,0.00
4016,1341,31,16,15.00,10.00
4017,1341,2,15,899.00,0.00
4018,1341,10,8,799.00,0.00
4019,1341,24,28,95.00,0.00
4020,1342,2,14,899.00,0.00
4021,1342,21,12,58.00,0.00
4022,1343,33,27,65.00,5.00
4023,1343,25,13,42.00,0.00
4024,1343,4,8,129.00,10.00
4025,1343,7,29,549.00,0.00
4026,1343,5,2,349.00,10.00
4027,1344,8,3,389.00,5.00
4028,1344,13,20,649.00,0.00
4029,1344,26,10,12.00,0.00
4030,1344,23,7,22.00,0.00
4031,1345,10,30,799.00,0.00
4032,1346,35,26,79.00,0.00
4033,1346,30,14,27.00,5.00
4034,1347,30,22,27.00,0.00
4035,1347,19,6,69.00,0.00
4036,1347,5,18,349.00,5.00
4037,1348,28,27,120.00,0.00
4038,1348,22,27,75.00,0.00
4039,1349,9,27,149.00,5.00
4040,1350,31,15,15.00,10.00
4041,1350,25,29,42.00,5.00
4042,1350,30,29,27.00,0.00
4043,1350,20,27,159.00,5.00
4044,1350,5,13,349.00,5.00
4045,1351,19,30,69.00,0.00
4046,1351,29,3,32.00,10.00
4047,1351,8,13,389.00,0.00
4048,1352,13,13,649.00,10.00
4049,1352,23,8,22.00,0.00
4050,1352,34,24,35.00,0.00
4051,1353,20,5,159.00,0.00
4052,1353,11,1,899.00,0.00
4053,1354,17,24,189.00,0.00
4054,1354,31,3,15.00,5.00
4055,1354,12,15,459.00,0.00
4056,1355,17,13,189.00,5.00
4057,1355,31,17,15.00,0.00
4058,1356,27,24,18.00,5.00
4059,1356,5,18,349.00,0.00
4060,1357,15,2,379.00,0.00
4061,1357,6,19,699.00,5.00
4062,1357,7,3,549.00,10.00
4063,1357,31,26,15.00,5.00
4064,1358,16,30,45.00,0.00
4065,1358,29,14,32.00,10.00
4066,1358,29,17,32.00,0.00
4067,1359,19,30,69.00,0.00
4068,1359,19,25,69.00,0.00
4069,1359,27,15,18.00,0.00
4070,1360,33,20,65.00,0.00
4071,1360,22,16,75.00,5.00
4072,1361,25,11,42.00,5.00
4073,1361,5,23,349.00,0.00
4074,1362,24,29,95.00,5.00
4075,1363,29,28,32.00,0.00
4076,1363,17,7,189.00,5.00
4077,1363,24,13,95.00,0.00
4078,1363,7,21,549.00,10.00
4079,1364,26,2,12.00,0.00
4080,1364,11,5,899.00,10.00
4081,1364,1,12,499.00,10.00
4082,1364,16,13,45.00,10.00
4083,1364,32,30,45.00,0.00
4084,1365,23,23,22.00,10.00
4085,1365,4,28,129.00,0.00
4086,1365,26,22,12.00,0.00
4087,1365,5,10,349.00,0.00
4088,1365,24,30,95.00,10.00
4089,1366,28,23,120.00,0.00
4090,1367,6,12,699.00,0.00
4091,1367,1,25,499.00,10.00
4092,1367,17,14,189.00,10.00
4093,1367,29,17,32.00,0.00
4094,1367,1,1,499.00,0.00
4095,1368,30,5,27.00,0.00
4096,1368,21,8,58.00,0.00
4097,1368,31,23,15.00,0.00
4098,1368,25,29,42.00,5.00
4099,1369,22,25,75.00,0.00
4100,1370,18,5,89.00,0.00
4101,1370,32,21,45.00,5.00
4102,1370,20,18,159.00,0.00
4103,1370,16,16,45.00,0.00
4104,1371,25,22,42.00,0.00
4105,1371,35,20,79.00,0.00
4106,1371,28,27,120.00,0.00
4107,1371,20,19,159.00,0.00
4108,1372,5,29,349.00,0.00
4109,1372,29,3,32.00,10.00
4110,1372,17,16,189.00,0.00
4111,1373,8,23,389.00,0.00
4112,1373,17,28,189.00,0.00
4113,1373,35,14,79.00,0.00
4114,1374,27,12,18.00,5.00
4115,1374,2,10,899.00,0.00
4116,1374,11,4,899.00,5.00
4117,1374,35,28,79.00,5.00
4118,1375,1,12,499.00,10.00
4119,1375,8,13,389.00,0.00
4120,1375,4,3,129.00,0.00
4121,1375,6,16,699.00,0.00
4122,1375,7,14,549.00,5.00
4123,1376,17,27,189.00,10.00
4124,1376,1,10,499.00,0.00
4125,1376,30,17,27.00,0.00
4126,1376,5,5,349.00,0.00
4127,1376,13,23,649.00,5.00
4128,1377,31,13,15.00,0.00
4129,1377,21,7,58.00,0.00
4130,1378,21,4,58.00,5.00
4131,1378,20,13,159.00,0.00
4132,1378,7,14,549.00,5.00
4133,1378,2,4,899.00,0.00
4134,1379,30,22,27.00,0.00
4135,1379,2,4,899.00,0.00
4136,1379,22,30,75.00,10.00
4137,1380,10,14,799.00,0.00
4138,1380,34,10,35.00,10.00
4139,1380,2,23,899.00,5.00
4140,1380,33,24,65.00,0.00
4141,1381,11,24,899.00,10.00
4142,1381,8,13,389.00,0.00
4143,1381,30,27,27.00,10.00
4144,1382,22,7,75.00,0.00
4145,1382,22,12,75.00,0.00
4146,1382,1,29,499.00,5.00
4147,1383,13,24,649.00,10.00
4148,1383,28,16,120.00,0.00
4149,1384,11,14,899.00,0.00
4150,1384,24,6,95.00,10.00
4151,1385,11,21,899.00,0.00
4152,1385,5,13,349.00,5.00
4153,1385,34,27,35.00,0.00
4154,1385,2,17,899.00,5.00
4155,1385,20,28,159.00,10.00
4156,1386,14,6,549.00,5.00
4157,1386,33,17,65.00,0.00
4158,1386,14,27,549.00,0.00
4159,1386,15,15,379.00,0.00
4160,1386,5,9,349.00,0.00
4161,1387,6,1,699.00,5.00
4162,1387,15,29,379.00,0.00
4163,1387,18,5,89.00,0.00
4164,1387,33,24,65.00,0.00
4165,1387,8,24,389.00,0.00
4166,1388,34,3,35.00,5.00
4167,1388,34,25,35.00,0.00
4168,1388,25,25,42.00,0.00
4169,1389,33,18,65.00,0.00
4170,1389,20,20,159.00,0.00
4171,1390,35,24,79.00,10.00
4172,1390,19,22,69.00,0.00
4173,1391,5,18,349.00,0.00
4174,1391,29,17,32.00,0.00
4175,1391,35,29,79.00,5.00
4176,1391,2,28,899.00,0.00
4177,1392,23,1,22.00,0.00
4178,1393,6,22,699.00,0.00
4179,1393,12,12,459.00,10.00
4180,1393,17,18,189.00,0.00
4181,1393,25,2,42.00,0.00
4182,1394,8,16,389.00,10.00
4183,1394,32,28,45.00,5.00
4184,1394,10,28,799.00,5.00
4185,1395,18,3,89.00,10.00
4186,1396,7,9,549.00,10.00
4187,1396,17,24,189.00,0.00
4188,1396,2,24,899.00,5.00
4189,1396,13,18,649.00,10.00
4190,1396,16,23,45.00,0.00
4191,1397,28,23,120.00,0.00
4192,1398,9,20,149.00,0.00
4193,1398,12,9,459.00,0.00
4194,1399,35,28,79.00,5.00
4195,1399,18,15,89.00,0.00
4196,1399,23,5,22.00,10.00
4197,1399,28,10,120.00,0.00
4198,1400,10,15,799.00,5.00
4199,1400,27,28,18.00,0.00
4200,1400,23,11,22.00,10.00
4201,1400,4,30,129.00,0.00
4202,1400,34,4,35.00,5.00
4203,1401,4,11,129.00,0.00
4204,1401,21,9,58.00,5.00
4205,1402,27,28,18.00,0.00
4206,1402,28,3,120.00,10.00
4207,1402,21,3,58.00,5.00
4208,1402,31,16,15.00,10.00
4209,1402,2,14,899.00,0.00
4210,1403,3,23,249.00,5.00
4211,1403,30,11,27.00,0.00
4212,1403,4,25,129.00,5.00
4213,1404,20,8,159.00,5.00
4214,1404,9,15,149.00,0.00
4215,1404,17,18,189.00,5.00
4216,1405,14,7,549.00,10.00
4217,1405,33,26,65.00,0.00
4218,1406,19,17,69.00,0.00
4219,1406,32,8,45.00,0.00
4220,1407,21,10,58.00,10.00
4221,1407,13,7,649.00,10.00
4222,1407,6,28,699.00,0.00
4223,1408,22,10,75.00,5.00
4224,1408,19,17,69.00,0.00
4225,1409,26,28,12.00,0.00
4226,1409,9,2,149.00,0.00
4227,1409,6,15,699.00,10.00
4228,1410,4,21,129.00,0.00
4229,1410,20,12,159.00,0.00
4230,1411,27,30,18.00,5.00
4231,1411,8,5,389.00,0.00
4232,1412,30,13,27.00,0.00
4233,1412,22,12,75.00,0.00
4234,1413,5,15,349.00,0.00
4235,1413,26,16,12.00,0.00
4236,1414,5,3,349.00,10.00
4237,1414,25,18,42.00,5.00
4238,1415,25,24,42.00,10.00
4239,1415,5,30,349.00,0.00
4240,1415,14,17,549.00,0.00
4241,1415,10,18,799.00,0.00
4242,1415,29,24,32.00,0.00
4243,1416,6,3,699.00,10.00
4244,1416,24,13,95.00,10.00
4245,1417,28,1,120.00,5.00
4246,1417,2,13,899.00,10.00
4247,1417,7,8,549.00,5.00
4248,1417,1,26,499.00,0.00
4249,1417,2,28,899.00,0.00
4250,1418,6,26,699.00,5.00
4251,1419,33,16,65.00,10.00
4252,1419,18,1,89.00,5.00
4253,1419,10,10,799.00,10.00
4254,1419,9,21,149.00,5.00
4255,1420,14,18,549.00,10.00
4256,1420,18,29,89.00,0.00
4257,1420,1,17,499.00,5.00
4258,1421,15,21,379.00,0.00
4259,1422,24,11,95.00,5.00
4260,1422,20,20,159.00,0.00
4261,1423,18,30,89.00,0.00
4262,1424,34,26,35.00,0.00
4263,1424,22,22,75.00,5.00
4264,1425,26,19,12.00,10.00
4265,1425,28,5,120.00,0.00
4266,1425,7,30,549.00,0.00
4267,1425,24,12,95.00,10.00
4268,1426,9,7,149.00,0.00
4269,1427,32,6,45.00,0.00
4270,1428,30,3,27.00,10.00
4271,1429,12,1,459.00,0.00
4272,1429,15,22,379.00,0.00
4273,1430,28,25,120.00,5.00
4274,1431,5,26,349.00,10.00
4275,1431,32,27,45.00,5.00
4276,1432,9,17,149.00,0.00
4277,1432,19,14,69.00,5.00
4278,1433,4,7,129.00,5.00
4279,1433,4,7,129.00,5.00
4280,1433,12,9,459.00,0.00
4281,1434,12,16,459.00,0.00
4282,1434,2,21,899.00,0.00
4283,1434,4,24,129.00,5.00
4284,1434,31,14,15.00,5.00
4285,1435,24,20,95.00,0.00
4286,1435,31,28,15.00,0.00
4287,1435,9,5,149.00,0.00
4288,1435,24,9,95.00,0.00
4289,1435,34,23,35.00,10.00
4290,1436,24,6,95.00,10.00
4291,1436,30,20,27.00,5.00
4292,1437,2,26,899.00,0.00
4293,1437,34,14,35.00,0.00
4294,1437,23,2,22.00,0.00
4295,1438,30,10,27.00,0.00
4296,1438,27,12,18.00,0.00
4297,1438,25,26,42.00,0.00
4298,1438,27,21,18.00,0.00
4299,1439,31,30,15.00,0.00
4300,1439,23,6,22.00,0.00
4301,1439,24,7,95.00,0.00
4302,1440,28,5,120.00,0.00
4303,1440,30,27,27.00,5.00
4304,1441,9,11,149.00,10.00
4305,1441,29,5,32.00,0.00
4306,1441,11,14,899.00,0.00
4307,1441,3,17,249.00,0.00
4308,1441,5,30,349.00,0.00
4309,1442,30,16,27.00,10.00
4310,1442,14,29,549.00,5.00
4311,1442,8,6,389.00,0.00
4312,1443,5,3,349.00,10.00
4313,1443,22,7,75.00,0.00
4314,1444,35,19,79.00,0.00
4315,1445,33,13,65.00,0.00
4316,1446,23,4,22.00,5.00
4317,1446,1,1,499.00,0.00
4318,1446,4,12,129.00,0.00
4319,1446,29,8,32.00,10.00
4320,1447,29,3,32.00,10.00
4321,1447,13,2,649.00,0.00
4322,1447,29,14,32.00,10.00
4323,1447,1,12,499.00,10.00
4324,1448,2,15,899.00,0.00
4325,1448,24,21,95.00,0.00
4326,1448,34,20,35.00,0.00
4327,1448,24,12,95.00,10.00
4328,1448,14,6,549.00,5.00
4329,1449,13,17,649.00,5.00
4330,1449,25,15,42.00,0.00
4331,1449,6,26,699.00,5.00
4332,1450,25,24,42.00,10.00
4333,1450,8,11,389.00,0.00
4334,1450,3,12,249.00,0.00
4335,1450,28,8,120.00,10.00
4336,1450,25,26,42.00,0.00
4337,1451,17,10,189.00,0.00
4338,1451,33,3,65.00,5.00
4339,1451,8,28,389.00,0.00
4340,1451,12,20,459.00,0.00
4341,1452,16,24,45.00,5.00
4342,1453,18,1,89.00,0.00
4343,1454,32,16,45.00,10.00
4344,1454,30,19,27.00,0.00
4345,1454,4,21,129.00,0.00
4346,1454,22,22,75.00,5.00
4347,1455,28,16,120.00,0.00
4348,1455,7,15,549.00,10.00
4349,1455,34,6,35.00,0.00
4350,1455,23,3,22.00,0.00
4351,1455,14,9,549.00,0.00
4352,1456,16,5,45.00,0.00
4353,1457,17,26,189.00,10.00
4354,1457,22,18,75.00,0.00
4355,1457,16,3,45.00,0.00
4356,1458,2,14,899.00,0.00
4357,1458,34,18,35.00,0.00
4358,1459,1,28,499.00,0.00
4359,1460,15,21,379.00,0.00
4360,1461,30,16,27.00,0.00
4361,1461,6,9,699.00,10.00
4362,1462,33,3,65.00,0.00
4363,1463,5,12,349.00,0.00
4364,1464,7,11,549.00,0.00
4365,1465,6,14,699.00,5.00
4366,1465,9,3,149.00,5.00
4367,1465,13,18,649.00,10.00
4368,1465,15,17,379.00,0.00
4369,1465,33,4,65.00,10.00
4370,1466,32,13,45.00,0.00
4371,1466,22,1,75.00,0.00
4372,1467,14,18,549.00,5.00
4373,1468,12,6,459.00,10.00
4374,1468,29,15,32.00,0.00
4375,1468,23,5,22.00,10.00
4376,1468,26,4,12.00,0.00
4377,1468,19,17,69.00,0.00
4378,1469,5,24,349.00,0.00
4379,1469,19,27,69.00,10.00
4380,1469,17,28,189.00,0.00
4381,1469,27,17,18.00,0.00
4382,1469,27,10,18.00,0.00
4383,1470,22,2,75.00,0.00
4384,1471,4,9,129.00,0.00
4385,1472,1,30,499.00,5.00
4386,1472,1,21,499.00,0.00
4387,1473,31,6,15.00,0.00
4388,1473,13,21,649.00,0.00
4389,1473,15,6,379.00,5.00
4390,1473,27,24,18.00,5.00
4391,1474,18,13,89.00,0.00
4392,1475,28,30,120.00,0.00
4393,1475,16,26,45.00,10.00
4394,1475,23,21,22.00,0.00
4395,1475,19,2,69.00,5.00
4396,1476,32,3,45.00,5.00
4397,1476,35,30,79.00,10.00
4398,1476,34,24,35.00,0.00
4399,1476,5,11,349.00,0.00
4400,1476,20,25,159.00,0.00
4401,1477,9,13,149.00,0.00
4402,1477,5,26,349.00,10.00
4403,1477,19,5,69.00,0.00
4404,1477,25,26,42.00,0.00
4405,1477,32,7,45.00,0.00
4406,1478,31,30,15.00,0.00
4407,1478,30,4,27.00,0.00
4408,1478,32,10,45.00,10.00
4409,1479,35,2,79.00,0.00
4410,1479,11,20,899.00,0.00
4411,1480,9,12,149.00,0.00
4412,1480,30,21,27.00,5.00
4413,1481,20,14,159.00,0.00
4414,1481,22,9,75.00,0.00
4415,1481,28,12,120.00,0.00
4416,1481,18,29,89.00,0.00
4417,1482,8,20,389.00,0.00
4418,1482,32,24,45.00,0.00
4419,1482,3,13,249.00,10.00
4420,1482,11,25,899.00,0.00
4421,1482,2,30,899.00,10.00
4422,1483,16,11,45.00,0.00
4423,1483,29,28,32.00,0.00
4424,1483,4,29,129.00,0.00
4425,1483,20,10,159.00,10.00
4426,1483,31,15,15.00,5.00
4427,1484,32,27,45.00,5.00
4428,1484,4,9,129.00,0.00
4429,1484,24,2,95.00,0.00
4430,1485,13,1,649.00,10.00
4431,1485,30,7,27.00,5.00
4432,1485,23,6,22.00,0.00
4433,1485,19,19,69.00,0.00
4434,1485,10,5,799.00,10.00
4435,1486,16,23,45.00,0.00
4436,1486,15,14,379.00,10.00
4437,1486,16,11,45.00,0.00
4438,1487,16,10,45.00,0.00
4439,1487,6,3,699.00,10.00
4440,1488,35,29,79.00,5.00
4441,1488,4,3,129.00,0.00
4442,1488,13,12,649.00,10.00
4443,1488,18,22,89.00,0.00
4444,1489,31,27,15.00,5.00
4445,1490,2,2,899.00,0.00
4446,1491,24,12,95.00,10.00
4447,1491,15,10,379.00,0.00
4448,1492,27,29,18.00,0.00
4449,1492,8,25,389.00,0.00
4450,1492,24,4,95.00,0.00
4451,1492,6,9,699.00,0.00
4452,1492,7,28,549.00,10.00
4453,1493,10,2,799.00,0.00
4454,1493,5,10,349.00,0.00
4455,1493,28,14,120.00,10.00
4456,1494,27,13,18.00,10.00
4457,1494,1,15,499.00,0.00
4458,1494,13,21,649.00,0.00
4459,1494,30,4,27.00,0.00
4460,1494,25,14,42.00,0.00
4461,1495,9,16,149.00,5.00
4462,1495,10,4,799.00,5.00
4463,1496,25,12,42.00,10.00
4464,1496,4,28,129.00,0.00
4465,1497,8,13,389.00,0.00
4466,1497,8,18,389.00,0.00
4467,1497,21,6,58.00,0.00
4468,1497,6,11,699.00,0.00
4469,1497,5,29,349.00,0.00
4470,1498,19,12,69.00,0.00
4471,1498,26,16,12.00,0.00
4472,1498,23,26,22.00,0.00
4473,1499,33,2,65.00,0.00
4474,1500,6,10,699.00,0.00
4475,1501,21,5,58.00,10.00
4476,1501,10,16,799.00,10.00
4477,1501,19,4,69.00,0.00
4478,1501,4,8,129.00,10.00
4479,1501,27,4,18.00,0.00
4480,1502,13,14,649.00,0.00
4481,1502,11,5,899.00,10.00
4482,1502,26,6,12.00,5.00
4483,1503,16,23,45.00,0.00
4484,1503,17,13,189.00,0.00
4485,1503,22,11,75.00,10.00
4486,1504,24,27,95.00,0.00
4487,1504,19,10,69.00,10.00
4488,1504,28,4,120.00,0.00
4489,1504,16,24,45.00,5.00
4490,1504,28,1,120.00,5.00
4491,1505,4,22,129.00,0.00
4492,1505,6,30,699.00,0.00
4493,1505,20,9,159.00,5.00
4494,1505,24,7,95.00,0.00
4495,1505,21,27,58.00,0.00
4496,1506,2,23,899.00,0.00
4497,1507,30,16,27.00,0.00
4498,1507,24,6,95.00,10.00
4499,1507,6,1,699.00,0.00
4500,1508,26,13,12.00,10.00
4501,1508,10,19,799.00,0.00
4502,1509,31,29,15.00,0.00
4503,1509,10,22,799.00,5.00
4504,1509,8,4,389.00,10.00
4505,1510,9,15,149.00,5.00
4506,1510,31,10,15.00,0.00
4507,1510,6,20,699.00,10.00
4508,1511,32,11,45.00,0.00
4509,1512,32,30,45.00,0.00
4510,1513,27,29,18.00,0.00
4511,1513,16,25,45.00,5.00
4512,1513,13,17,649.00,0.00
4513,1513,14,4,549.00,0.00
4514,1513,27,16,18.00,0.00
4515,1514,15,19,379.00,10.00
4516,1514,9,25,149.00,0.00
4517,1514,13,20,649.00,0.00
4518,1514,31,27,15.00,5.00
4519,1514,6,17,699.00,0.00
4520,1515,18,17,89.00,0.00
4521,1515,23,14,22.00,0.00
4522,1515,1,10,499.00,0.00
4523,1515,15,21,379.00,0.00
4524,1515,22,21,75.00,0.00
4525,1516,2,9,899.00,0.00
4526,1516,14,7,549.00,10.00
4527,1516,7,30,549.00,0.00
4528,1516,24,13,95.00,0.00
4529,1517,35,30,79.00,10.00
4530,1517,34,26,35.00,0.00
4531,1518,20,20,159.00,5.00
4532,1518,3,15,249.00,0.00
4533,1518,26,30,12.00,5.00
4534,1518,19,16,69.00,10.00
4535,1519,17,8,189.00,10.00
4536,1519,25,26,42.00,0.00
4537,1520,16,17,45.00,0.00
4538,1520,23,24,22.00,0.00
4539,1520,27,24,18.00,0.00
4540,1521,17,4,189.00,0.00
4541,1521,19,4,69.00,0.00
4542,1521,30,2,27.00,10.00
4543,1521,30,24,27.00,0.00
4544,1522,32,22,45.00,10.00
4545,1522,19,26,69.00,0.00
4546,1522,16,12,45.00,5.00
4547,1523,32,17,45.00,0.00
4548,1523,32,7,45.00,0.00
4549,1523,35,29,79.00,10.00
4550,1523,14,11,549.00,0.00
4551,1524,22,9,75.00,0.00
4552,1524,1,12,499.00,10.00
4553,1525,17,8,189.00,10.00
4554,1525,20,5,159.00,0.00
4555,1525,10,27,799.00,0.00
4556,1525,7,9,549.00,10.00
4557,1526,13,15,649.00,0.00
4558,1527,22,17,75.00,10.00
4559,1527,35,3,79.00,0.00
4560,1527,11,30,899.00,0.00
4561,1527,3,12,249.00,5.00
4562,1527,19,12,69.00,0.00
4563,1528,5,16,349.00,0.00
4564,1529,13,12,649.00,10.00
4565,1529,35,13,79.00,0.00
4566,1529,9,29,149.00,10.00
4567,1529,3,15,249.00,0.00
4568,1529,3,2,249.00,0.00
4569,1530,7,18,549.00,0.00
4570,1530,2,6,899.00,5.00
4571,1530,11,7,899.00,0.00
4572,1530,15,12,379.00,5.00
4573,1531,7,24,549.00,0.00
4574,1532,14,16,549.00,0.00
4575,1533,14,11,549.00,0.00
4576,1533,14,14,549.00,0.00
4577,1533,9,27,149.00,5.00
4578,1533,35,22,79.00,5.00
4579,1533,1,5,499.00,5.00
4580,1534,33,12,65.00,0.00
4581,1534,22,18,75.00,0.00
4582,1534,35,13,79.00,0.00
4583,1534,13,13,649.00,0.00
4584,1535,5,14,349.00,10.00
4585,1536,10,23,799.00,10.00
4586,1536,15,10,379.00,0.00
4587,1537,31,30,15.00,0.00
4588,1538,14,14,549.00,0.00
4589,1539,5,22,349.00,0.00
4590,1539,6,29,699.00,0.00
4591,1540,15,15,379.00,0.00
4592,1540,16,22,45.00,0.00
4593,1540,27,7,18.00,10.00
4594,1541,27,26,18.00,0.00
4595,1541,19,18,69.00,0.00
4596,1542,19,6,69.00,0.00
4597,1542,26,26,12.00,0.00
4598,1542,34,16,35.00,5.00
4599,1543,9,19,149.00,0.00
4600,1543,9,28,149.00,10.00
4601,1543,24,23,95.00,5.00
4602,1544,24,24,95.00,10.00
4603,1544,1,15,499.00,0.00
4604,1544,15,30,379.00,5.00
4605,1544,10,14,799.00,0.00
4606,1544,28,19,120.00,5.00
4607,1545,14,20,549.00,0.00
4608,1546,24,17,95.00,5.00
4609,1546,9,27,149.00,5.00
4610,1546,35,22,79.00,5.00
4611,1546,7,29,549.00,0.00
4612,1546,4,28,129.00,0.00
4613,1547,3,25,249.00,10.00
4614,1548,19,28,69.00,10.00
4615,1548,34,1,35.00,0.00
4616,1548,4,23,129.00,0.00
4617,1549,20,8,159.00,5.00
4618,1549,16,8,45.00,10.00
4619,1549,33,25,65.00,0.00
4620,1550,20,3,159.00,5.00
4621,1550,17,4,189.00,0.00
4622,1550,28,8,120.00,10.00
4623,1551,7,14,549.00,5.00
4624,1552,4,17,129.00,0.00
4625,1552,10,6,799.00,0.00
4626,1552,11,1,899.00,0.00
4627,1552,31,26,15.00,0.00
4628,1553,30,16,27.00,0.00
4629,1553,34,17,35.00,5.00
4630,1554,34,12,35.00,0.00
4631,1555,19,8,69.00,5.00
4632,1555,34,17,35.00,10.00
4633,1555,26,30,12.00,5.00
4634,1556,15,17,379.00,0.00
4635,1557,31,24,15.00,0.00
4636,1558,30,7,27.00,5.00
4637,1558,16,10,45.00,0.00
4638,1559,16,5,45.00,0.00
4639,1559,21,22,58.00,5.00
4640,1560,32,9,45.00,5.00
4641,1560,16,8,45.00,10.00
4642,1560,28,6,120.00,0.00
4643,1561,32,21,45.00,5.00
4644,1561,5,23,349.00,0.00
4645,1562,10,7,799.00,0.00
4646,1562,8,16,389.00,0.00
4647,1562,19,16,69.00,0.00
4648,1562,26,13,12.00,0.00
4649,1563,12,5,459.00,5.00
4650,1564,18,14,89.00,5.00
4651,1564,3,10,249.00,0.00
4652,1564,26,19,12.00,10.00
4653,1564,27,1,18.00,5.00
4654,1565,5,7,349.00,5.00
4655,1565,27,22,18.00,0.00
4656,1565,21,29,58.00,10.00
4657,1565,22,15,75.00,0.00
4658,1565,3,27,249.00,0.00
4659,1566,26,24,12.00,5.00
4660,1566,8,28,389.00,10.00
4661,1566,35,3,79.00,0.00
4662,1566,6,10,699.00,0.00
4663,1566,29,20,32.00,5.00
4664,1567,8,6,389.00,0.00
4665,1567,6,25,699.00,0.00
4666,1567,3,27,249.00,0.00
4667,1567,10,27,799.00,0.00
4668,1567,31,25,15.00,0.00
4669,1568,17,2,189.00,10.00
4670,1568,2,21,899.00,0.00
4671,1568,23,6,22.00,0.00
4672,1569,2,25,899.00,10.00
4673,1569,6,1,699.00,5.00
4674,1569,35,4,79.00,5.00
4675,1569,27,29,18.00,0.00
4676,1570,14,21,549.00,0.00
4677,1570,9,13,149.00,0.00
4678,1570,26,12,12.00,5.00
4679,1570,28,19,120.00,5.00
4680,1571,1,1,499.00,0.00
4681,1572,18,8,89.00,10.00
4682,1573,28,17,120.00,0.00
4683,1574,34,2,35.00,0.00
4684,1574,26,18,12.00,5.00
4685,1575,22,22,75.00,5.00
4686,1575,25,5,42.00,5.00
4687,1575,31,11,15.00,0.00
4688,1575,24,30,95.00,10.00
4689,1576,9,11,149.00,0.00
4690,1576,35,27,79.00,0.00
4691,1576,27,10,18.00,0.00
4692,1576,17,18,189.00,0.00
4693,1576,11,8,899.00,0.00
4694,1577,25,2,42.00,0.00
4695,1577,27,8,18.00,10.00
4696,1577,1,5,499.00,5.00
4697,1577,18,3,89.00,10.00
4698,1577,7,10,549.00,0.00
4699,1578,3,1,249.00,5.00
4700,1579,11,17,899.00,10.00
4701,1579,35,5,79.00,5.00
4702,1579,9,30,149.00,0.00
4703,1579,12,25,459.00,0.00
4704,1579,6,13,699.00,5.00
4705,1580,12,25,459.00,0.00
4706,1580,29,29,32.00,0.00
4707,1581,12,3,459.00,0.00
4708,1582,26,29,12.00,0.00
4709,1582,2,14,899.00,0.00
4710,1582,10,30,799.00,0.00
4711,1583,32,28,45.00,10.00
4712,1583,20,7,159.00,0.00
4713,1583,21,18,58.00,0.00
4714,1583,9,19,149.00,0.00
4715,1583,27,25,18.00,10.00
4716,1584,29,13,32.00,5.00
4717,1584,31,14,15.00,5.00
4718,1584,6,20,699.00,10.00
4719,1584,2,25,899.00,10.00
4720,1584,12,25,459.00,0.00
4721,1585,21,10,58.00,10.00
4722,1585,10,25,799.00,0.00
4723,1586,32,30,45.00,0.00
4724,1586,30,24,27.00,0.00
4725,1586,13,23,649.00,5.00
4726,1587,33,15,65.00,0.00
4727,1587,20,1,159.00,0.00
4728,1587,24,12,95.00,10.00
4729,1587,19,26,69.00,5.00
4730,1588,28,14,120.00,10.00
4731,1589,13,21,649.00,0.00
4732,1589,25,12,42.00,10.00
4733,1589,15,8,379.00,0.00
4734,1589,19,13,69.00,5.00
4735,1590,3,5,249.00,5.00
4736,1590,21,3,58.00,5.00
4737,1591,22,18,75.00,0.00
4738,1592,31,27,15.00,5.00
4739,1593,26,13,12.00,10.00
4740,1593,5,30,349.00,0.00
4741,1593,28,10,120.00,0.00
4742,1593,10,20,799.00,0.00
4743,1594,12,24,459.00,10.00
4744,1594,12,25,459.00,0.00
4745,1595,30,22,27.00,0.00
4746,1596,17,3,189.00,0.00
4747,1596,29,2,32.00,10.00
4748,1596,2,20,899.00,0.00
4749,1596,30,24,27.00,0.00
4750,1597,14,21,549.00,0.00
4751,1598,22,7,75.00,0.00
4752,1598,2,4,899.00,0.00
4753,1598,15,12,379.00,5.00
4754,1599,21,29,58.00,10.00
4755,1599,3,12,249.00,5.00
4756,1600,2,25,899.00,10.00
4757,1600,10,15,799.00,0.00
4758,1600,20,29,159.00,0.00
4759,1600,30,22,27.00,0.00
4760,1601,13,4,649.00,0.00
4761,1601,5,5,349.00,0.00
4762,1601,2,11,899.00,5.00
4763,1601,13,21,649.00,0.00
4764,1601,31,6,15.00,0.00
4765,1602,32,22,45.00,10.00
4766,1602,32,3,45.00,5.00
4767,1602,4,15,129.00,0.00
4768,1602,17,23,189.00,0.00
4769,1602,18,13,89.00,5.00
4770,1603,22,10,75.00,5.00
4771,1603,19,16,69.00,10.00
4772,1603,13,28,649.00,0.00
4773,1603,25,2,42.00,0.00
4774,1604,20,18,159.00,0.00
4775,1604,18,24,89.00,0.00
4776,1605,29,6,32.00,0.00
4777,1605,23,26,22.00,0.00
4778,1606,3,29,249.00,5.00
4779,1606,5,26,349.00,10.00
4780,1606,26,4,12.00,0.00
4781,1607,25,3,42.00,0.00
4782,1607,28,22,120.00,0.00
4783,1607,20,13,159.00,0.00
4784,1608,10,19,799.00,0.00
4785,1608,11,25,899.00,0.00
4786,1608,19,4,69.00,10.00
4787,1608,6,4,699.00,0.00
4788,1608,10,29,799.00,0.00
4789,1609,33,8,65.00,0.00
4790,1609,33,2,65.00,0.00
4791,1609,27,20,18.00,0.00
4792,1609,5,18,349.00,0.00
4793,1610,10,26,799.00,0.00
4794,1611,15,1,379.00,10.00
4795,1611,11,27,899.00,0.00
4796,1612,13,30,649.00,10.00
4797,1612,7,13,549.00,5.00
4798,1612,27,30,18.00,5.00
4799,1612,8,5,389.00,0.00
4800,1612,16,18,45.00,5.00
4801,1613,27,18,18.00,5.00
4802,1613,22,1,75.00,0.00
4803,1613,16,10,45.00,0.00
4804,1613,6,5,699.00,0.00
4805,1614,34,2,35.00,0.00
4806,1614,31,4,15.00,10.00
4807,1614,9,15,149.00,5.00
4808,1614,6,17,699.00,0.00
4809,1614,30,9,27.00,10.00
4810,1615,30,24,27.00,0.00
4811,1616,10,15,799.00,0.00
4812,1616,15,13,379.00,5.00
4813,1617,28,20,120.00,10.00
4814,1617,27,28,18.00,0.00
4815,1617,29,6,32.00,0.00
4816,1618,13,20,649.00,0.00
4817,1618,2,18,899.00,10.00
4818,1619,2,12,899.00,10.00
4819,1619,1,19,499.00,10.00
4820,1619,34,27,35.00,5.00
4821,1619,19,20,69.00,5.00
4822,1619,26,12,12.00,5.00
4823,1620,5,28,349.00,0.00
4824,1620,31,1,15.00,0.00
4825,1620,11,2,899.00,0.00
4826,1621,24,9,95.00,0.00
4827,1622,25,4,42.00,0.00
4828,1622,3,28,249.00,0.00
4829,1622,3,7,249.00,10.00
4830,1623,11,28,899.00,5.00
4831,1623,30,2,27.00,5.00
4832,1623,14,27,549.00,0.00
4833,1623,6,9,699.00,10.00
4834,1623,4,17,129.00,0.00
4835,1624,17,23,189.00,0.00
4836,1624,3,17,249.00,5.00
4837,1624,13,30,649.00,10.00
4838,1625,14,4,549.00,0.00
4839,1625,3,26,249.00,0.00
4840,1626,30,13,27.00,0.00
4841,1626,20,5,159.00,10.00
4842,1626,20,25,159.00,0.00
4843,1626,9,8,149.00,0.00
4844,1626,32,27,45.00,5.00
4845,1627,14,9,549.00,0.00
4846,1627,12,1,459.00,0.00
4847,1627,7,24,549.00,0.00
4848,1627,16,3,45.00,0.00
4849,1627,16,24,45.00,5.00
4850,1628,8,10,389.00,10.00
4851,1628,34,26,35.00,0.00
4852,1628,1,7,499.00,10.00
4853,1629,32,8,45.00,0.00
4854,1630,3,6,249.00,5.00
4855,1631,27,10,18.00,0.00
4856,1632,21,24,58.00,0.00
4857,1632,1,6,499.00,10.00
4858,1632,27,8,18.00,0.00
4859,1632,12,19,459.00,0.00
4860,1633,17,12,189.00,0.00
4861,1634,18,20,89.00,5.00
4862,1634,14,28,549.00,0.00
4863,1634,21,16,58.00,10.00
4864,1634,22,18,75.00,0.00
4865,1634,15,30,379.00,5.00
4866,1635,5,11,349.00,0.00
4867,1635,29,28,32.00,0.00
4868,1635,35,16,79.00,0.00
4869,1636,20,3,159.00,5.00
4870,1636,14,22,549.00,0.00
4871,1636,6,14,699.00,5.00
4872,1636,12,15,459.00,0.00
4873,1636,27,13,18.00,5.00
4874,1637,23,21,22.00,0.00
4875,1637,20,5,159.00,0.00
4876,1637,35,20,79.00,0.00
4877,1637,17,15,189.00,10.00
4878,1637,17,14,189.00,10.00
4879,1638,14,12,549.00,5.00
4880,1638,11,13,899.00,0.00
4881,1638,30,18,27.00,0.00
4882,1639,23,1,22.00,0.00
4883,1639,27,10,18.00,0.00
4884,1639,19,25,69.00,0.00
4885,1639,23,28,22.00,5.00
4886,1640,17,14,189.00,10.00
4887,1640,24,1,95.00,10.00
4888,1640,27,30,18.00,5.00
4889,1640,6,27,699.00,10.00
4890,1641,22,2,75.00,0.00
4891,1642,24,21,95.00,0.00
4892,1642,2,29,899.00,0.00
4893,1642,1,11,499.00,5.00
4894,1643,14,10,549.00,0.00
4895,1644,20,26,159.00,0.00
4896,1644,10,20,799.00,0.00
4897,1645,7,2,549.00,5.00
4898,1645,1,7,499.00,0.00
4899,1646,9,11,149.00,0.00
4900,1646,11,9,899.00,0.00
4901,1647,21,26,58.00,0.00
4902,1648,28,18,120.00,0.00
4903,1649,7,9,549.00,10.00
4904,1649,12,6,459.00,10.00
4905,1649,23,23,22.00,5.00
4906,1650,8,24,389.00,0.00
4907,1650,18,10,89.00,0.00
4908,1650,22,22,75.00,5.00
4909,1651,19,7,69.00,0.00
4910,1652,30,14,27.00,5.00
4911,1652,13,18,649.00,10.00
4912,1652,16,21,45.00,0.00
4913,1653,2,27,899.00,0.00
4914,1653,22,11,75.00,10.00
4915,1653,19,26,69.00,5.00
4916,1654,2,19,899.00,10.00
4917,1654,22,11,75.00,0.00
4918,1654,33,21,65.00,5.00
4919,1654,4,17,129.00,0.00
4920,1654,2,18,899.00,10.00
4921,1655,32,12,45.00,0.00
4922,1656,20,28,159.00,10.00
4923,1656,27,3,18.00,0.00
4924,1656,9,28,149.00,10.00
4925,1656,14,14,549.00,0.00
4926,1657,22,30,75.00,0.00
4927,1657,21,18,58.00,0.00
4928,1658,35,9,79.00,0.00
4929,1658,13,15,649.00,0.00
4930,1658,18,9,89.00,10.00
4931,1659,32,11,45.00,0.00
4932,1660,20,1,159.00,0.00
4933,1660,30,3,27.00,10.00
4934,1660,10,19,799.00,0.00
4935,1660,13,1,649.00,0.00
4936,1660,14,20,549.00,0.00
4937,1661,31,14,15.00,5.00
4938,1661,29,7,32.00,0.00
4939,1662,34,27,35.00,5.00
4940,1662,12,24,459.00,10.00
4941,1662,16,9,45.00,0.00
4942,1662,30,26,27.00,5.00
4943,1662,30,5,27.00,0.00
4944,1663,27,10,18.00,0.00
4945,1663,22,5,75.00,10.00
4946,1663,30,20,27.00,5.00
4947,1664,19,19,69.00,0.00
4948,1664,22,20,75.00,0.00
4949,1665,31,16,15.00,0.00
4950,1665,20,23,159.00,0.00
4951,1665,28,28,120.00,0.00
4952,1665,16,14,45.00,10.00
4953,1665,5,30,349.00,0.00
4954,1666,1,20,499.00,0.00
4955,1666,29,20,32.00,5.00
4956,1666,28,22,120.00,0.00
4957,1666,3,20,249.00,10.00
4958,1666,30,11,27.00,0.00
4959,1667,14,6,549.00,5.00
4960,1667,30,6,27.00,0.00
4961,1667,10,8,799.00,0.00
4962,1667,22,19,75.00,0.00
4963,1667,20,30,159.00,0.00
4964,1668,15,6,379.00,5.00
4965,1668,25,19,42.00,10.00
4966,1668,32,20,45.00,0.00
4967,1668,29,11,32.00,0.00
4968,1668,26,19,12.00,10.00
4969,1669,6,16,699.00,0.00
4970,1669,2,28,899.00,0.00
4971,1669,17,1,189.00,5.00
4972,1669,11,15,899.00,0.00
4973,1670,4,11,129.00,0.00
4974,1670,11,2,899.00,0.00
4975,1671,6,18,699.00,0.00
4976,1671,15,22,379.00,0.00
4977,1671,26,17,12.00,0.00
4978,1671,33,4,65.00,5.00
4979,1672,29,11,32.00,0.00
4980,1672,23,4,22.00,5.00
4981,1672,15,23,379.00,0.00
4982,1673,34,12,35.00,0.00
4983,1674,18,9,89.00,10.00
4984,1674,16,21,45.00,0.00
4985,1674,11,11,899.00,5.00
4986,1674,30,27,27.00,10.00
4987,1675,18,24,89.00,0.00
4988,1675,24,5,95.00,5.00
4989,1675,12,11,459.00,5.00
4990,1675,28,18,120.00,5.00
4991,1675,13,26,649.00,0.00
4992,1676,15,25,379.00,10.00
4993,1677,8,7,389.00,0.00
4994,1677,33,4,65.00,5.00
4995,1677,20,15,159.00,5.00
4996,1678,19,4,69.00,0.00
4997,1678,28,26,120.00,10.00
4998,1678,21,14,58.00,0.00
4999,1678,5,5,349.00,0.00
5000,1678,21,21,58.00,5.00
5001,1679,24,20,95.00,0.00
5002,1679,14,5,549.00,0.00
5003,1679,14,8,549.00,0.00
5004,1680,11,1,899.00,0.00
5005,1680,34,4,35.00,5.00
5006,1680,8,29,389.00,0.00
5007,1681,32,10,45.00,10.00
5008,1682,22,23,75.00,10.00
5009,1683,11,9,899.00,0.00
5010,1684,11,19,899.00,0.00
5011,1684,2,21,899.00,0.00
5012,1684,19,20,69.00,5.00
5013,1684,16,8,45.00,10.00
5014,1684,13,12,649.00,5.00
5015,1685,14,25,549.00,10.00
5016,1685,6,3,699.00,10.00
5017,1686,29,2,32.00,10.00
5018,1686,35,14,79.00,0.00
5019,1687,25,28,42.00,0.00
5020,1687,26,6,12.00,5.00
5021,1688,23,4,22.00,5.00
5022,1688,5,15,349.00,0.00
5023,1689,34,26,35.00,0.00
5024,1689,7,27,549.00,10.00
5025,1689,20,10,159.00,10.00
5026,1689,6,12,699.00,0.00
5027,1689,33,11,65.00,10.00
5028,1690,14,15,549.00,0.00
5029,1690,24,20,95.00,0.00
5030,1690,15,9,379.00,0.00
5031,1691,31,10,15.00,0.00
5032,1692,28,6,120.00,0.00
5033,1692,11,23,899.00,10.00
5034,1692,4,27,129.00,0.00
5035,1693,13,11,649.00,5.00
5036,1694,3,23,249.00,0.00
5037,1694,31,4,15.00,10.00
5038,1694,18,17,89.00,0.00
5039,1695,24,23,95.00,5.00
5040,1695,18,7,89.00,0.00
5041,1695,10,18,799.00,0.00
5042,1695,24,3,95.00,0.00
5043,1695,2,24,899.00,10.00
5044,1696,34,2,35.00,0.00
5045,1696,30,1,27.00,0.00
5046,1696,22,14,75.00,0.00
5047,1697,7,1,549.00,0.00
5048,1697,23,19,22.00,0.00
5049,1697,27,13,18.00,10.00
5050,1697,5,2,349.00,5.00
5051,1697,24,4,95.00,0.00
5052,1698,29,4,32.00,0.00
5053,1698,19,5,69.00,0.00
5054,1698,9,26,149.00,0.00
5055,1698,22,24,75.00,0.00
5056,1699,16,29,45.00,0.00
5057,1700,19,4,69.00,10.00
5058,1700,21,29,58.00,10.00
5059,1700,4,17,129.00,0.00
5060,1700,29,16,32.00,0.00
5061,1700,18,28,89.00,10.00
5062,1701,17,13,189.00,5.00
5063,1701,16,29,45.00,0.00
5064,1701,9,28,149.00,10.00
5065,1701,26,29,12.00,0.00
5066,1702,11,6,899.00,10.00
5067,1703,4,25,129.00,5.00
5068,1703,19,8,69.00,5.00
5069,1703,14,2,549.00,0.00
5070,1703,18,5,89.00,0.00
5071,1703,28,5,120.00,0.00
5072,1704,23,12,22.00,10.00
5073,1704,27,25,18.00,10.00
5074,1704,33,29,65.00,10.00
5075,1704,2,9,899.00,0.00
5076,1705,13,4,649.00,0.00
5077,1705,2,25,899.00,10.00
5078,1706,16,7,45.00,5.00
5079,1706,10,1,799.00,0.00
5080,1707,23,15,22.00,0.00
5081,1707,4,28,129.00,0.00
5082,1707,30,9,27.00,10.00
5083,1708,34,18,35.00,10.00
5084,1708,1,9,499.00,0.00
5085,1708,1,27,499.00,0.00
5086,1708,12,14,459.00,0.00
5087,1709,2,16,899.00,0.00
5088,1709,22,25,75.00,0.00
5089,1709,22,14,75.00,0.00
5090,1710,29,26,32.00,5.00
5091,1710,34,22,35.00,5.00
5092,1710,10,10,799.00,5.00
5093,1711,28,22,120.00,0.00
5094,1711,32,27,45.00,5.00
5095,1711,1,26,499.00,0.00
5096,1712,4,5,129.00,0.00
5097,1712,25,8,42.00,0.00
5098,1712,28,20,120.00,5.00
5099,1713,15,9,379.00,0.00
5100,1713,32,1,45.00,0.00
5101,1713,5,10,349.00,0.00
5102,1713,8,12,389.00,0.00
5103,1713,11,19,899.00,0.00
5104,1714,13,17,649.00,5.00
5105,1714,17,14,189.00,10.00
5106,1714,32,28,45.00,10.00
5107,1715,23,29,22.00,10.00
5108,1715,17,22,189.00,0.00
5109,1715,19,8,69.00,5.00
5110,1716,12,23,459.00,5.00
5111,1716,24,30,95.00,10.00
5112,1716,25,21,42.00,0.00
5113,1716,27,21,18.00,0.00
5114,1717,33,23,65.00,0.00
5115,1717,32,10,45.00,10.00
5116,1718,10,30,799.00,0.00
5117,1719,3,10,249.00,0.00
5118,1719,12,9,459.00,0.00
5119,1719,6,19,699.00,5.00
5120,1719,10,16,799.00,5.00
5121,1719,33,17,65.00,0.00
5122,1720,14,30,549.00,10.00
5123,1720,6,8,699.00,10.00
5124,1720,13,10,649.00,0.00
5125,1720,29,13,32.00,5.00
5126,1721,8,4,389.00,10.00
5127,1721,14,5,549.00,0.00
5128,1722,20,23,159.00,10.00
5129,1723,29,9,32.00,0.00
5130,1723,7,29,549.00,0.00
5131,1724,20,29,159.00,0.00
5132,1724,15,27,379.00,0.00
5133,1724,22,8,75.00,0.00
5134,1724,11,10,899.00,5.00
5135,1724,22,28,75.00,5.00
5136,1725,11,14,899.00,0.00
5137,1725,1,7,499.00,0.00
5138,1726,2,11,899.00,5.00
5139,1726,12,18,459.00,10.00
5140,1727,30,13,27.00,0.00
5141,1727,20,4,159.00,10.00
5142,1727,30,23,27.00,0.00
5143,1727,22,17,75.00,10.00
5144,1728,19,26,69.00,5.00
5145,1728,24,15,95.00,0.00
5146,1728,11,12,899.00,0.00
5147,1728,17,28,189.00,0.00
5148,1728,7,13,549.00,0.00
5149,1729,8,25,389.00,0.00
5150,1729,19,15,69.00,10.00
5151,1729,31,23,15.00,0.00
5152,1729,9,28,149.00,10.00
5153,1730,34,27,35.00,0.00
5154,1730,28,14,120.00,10.00
5155,1730,6,5,699.00,0.00
5156,1730,21,11,58.00,0.00
5157,1731,9,29,149.00,0.00
5158,1731,11,13,899.00,0.00
5159,1731,27,4,18.00,0.00
5160,1732,23,12,22.00,0.00
5161,1732,7,21,549.00,10.00
5162,1732,5,4,349.00,0.00
5163,1733,6,24,699.00,0.00
5164,1734,12,21,459.00,0.00
5165,1734,10,28,799.00,5.00
5166,1734,4,6,129.00,5.00
5167,1734,26,20,12.00,0.00
5168,1734,23,26,22.00,0.00
5169,1735,29,29,32.00,0.00
5170,1736,15,18,379.00,5.00
5171,1737,11,24,899.00,0.00
5172,1737,24,11,95.00,5.00
5173,1737,30,26,27.00,5.00
5174,1738,8,3,389.00,5.00
5175,1738,20,17,159.00,0.00
5176,1738,18,13,89.00,0.00
5177,1738,22,12,75.00,0.00
5178,1739,4,30,129.00,0.00
5179,1739,27,8,18.00,10.00
5180,1739,26,28,12.00,0.00
5181,1740,33,4,65.00,10.00
5182,1741,24,14,95.00,0.00
5183,1741,29,10,32.00,0.00
5184,1741,30,22,27.00,0.00
5185,1741,15,20,379.00,0.00
5186,1741,22,20,75.00,0.00
5187,1742,25,20,42.00,0.00
5188,1742,5,30,349.00,0.00
5189,1742,29,14,32.00,5.00
5190,1742,13,20,649.00,0.00
5191,1743,8,19,389.00,0.00
5192,1743,4,9,129.00,0.00
5193,1743,7,9,549.00,10.00
5194,1743,25,22,42.00,0.00
5195,1743,17,24,189.00,0.00
5196,1744,11,22,899.00,5.00
5197,1744,5,20,349.00,10.00
5198,1744,27,29,18.00,0.00
5199,1744,12,10,459.00,5.00
5200,1744,14,28,549.00,0.00
5201,1745,1,9,499.00,0.00
5202,1745,24,16,95.00,0.00
5203,1745,7,8,549.00,5.00
5204,1745,33,14,65.00,0.00
5205,1745,6,8,699.00,5.00
5206,1746,28,30,120.00,5.00
5207,1746,10,12,799.00,0.00
5208,1746,11,7,899.00,0.00
5209,1746,23,14,22.00,0.00
5210,1747,30,30,27.00,0.00
5211,1747,17,25,189.00,5.00
5212,1748,5,12,349.00,0.00
5213,1749,13,8,649.00,0.00
5214,1750,24,21,95.00,0.00
5215,1750,21,1,58.00,0.00
5216,1750,18,16,89.00,0.00
5217,1751,25,23,42.00,0.00
5218,1751,26,28,12.00,0.00
5219,1752,27,22,18.00,0.00
5220,1752,16,8,45.00,10.00
5221,1752,4,17,129.00,0.00
5222,1752,15,26,379.00,0.00
5223,1753,21,2,58.00,0.00
5224,1753,25,24,42.00,5.00
5225,1754,24,30,95.00,10.00
5226,1754,12,4,459.00,5.00
5227,1754,27,28,18.00,0.00
5228,1755,29,22,32.00,0.00
5229,1755,31,21,15.00,5.00
5230,1755,34,11,35.00,10.00
5231,1755,26,25,12.00,5.00
5232,1756,2,12,899.00,10.00
5233,1756,1,15,499.00,0.00
5234,1757,33,27,65.00,5.00
5235,1757,17,16,189.00,0.00
5236,1757,11,30,899.00,10.00
5237,1758,16,26,45.00,10.00
5238,1759,20,27,159.00,5.00
5239,1759,3,3,249.00,0.00
5240,1760,23,16,22.00,5.00
5241,1760,22,5,75.00,10.00
5242,1761,15,19,379.00,10.00
5243,1761,7,17,549.00,0.00
5244,1761,5,6,349.00,0.00
5245,1762,19,27,69.00,10.00
5246,1762,19,5,69.00,0.00
5247,1762,11,1,899.00,0.00
5248,1763,23,29,22.00,10.00
5249,1763,27,2,18.00,10.00
5250,1764,16,16,45.00,0.00
5251,1764,7,25,549.00,0.00
5252,1764,9,17,149.00,0.00
5253,1764,33,10,65.00,5.00
5254,1764,27,19,18.00,5.00
5255,1765,17,14,189.00,5.00
5256,1765,21,16,58.00,10.00
5257,1766,34,13,35.00,0.00
5258,1767,25,13,42.00,0.00
5259,1767,30,4,27.00,0.00
5260,1767,2,1,899.00,10.00
5261,1767,26,22,12.00,0.00
5262,1768,16,4,45.00,0.00
5263,1768,34,30,35.00,0.00
5264,1768,4,17,129.00,0.00
5265,1768,18,6,89.00,0.00
5266,1769,32,1,45.00,0.00
5267,1769,34,19,35.00,0.00
5268,1769,5,2,349.00,10.00
5269,1770,2,2,899.00,0.00
5270,1771,20,6,159.00,0.00
5271,1771,27,1,18.00,5.00
5272,1772,16,5,45.00,0.00
5273,1772,30,24,27.00,0.00
5274,1773,31,7,15.00,0.00
5275,1773,16,1,45.00,5.00
5276,1774,30,11,27.00,0.00
5277,1774,12,27,459.00,0.00
5278,1774,34,26,35.00,0.00
5279,1774,17,5,189.00,0.00
5280,1775,3,29,249.00,0.00
5281,1776,13,21,649.00,0.00
5282,1776,30,3,27.00,10.00
5283,1777,4,28,129.00,0.00
5284,1777,29,5,32.00,0.00
5285,1777,32,20,45.00,5.00
5286,1777,10,12,799.00,0.00
5287,1777,11,9,899.00,0.00
5288,1778,34,14,35.00,0.00
5289,1778,22,26,75.00,0.00
5290,1778,29,21,32.00,10.00
5291,1778,12,3,459.00,0.00
5292,1779,28,25,120.00,5.00
5293,1780,20,28,159.00,10.00
5294,1780,21,11,58.00,10.00
5295,1781,33,13,65.00,0.00
5296,1782,15,3,379.00,0.00
5297,1782,15,22,379.00,0.00
5298,1782,12,23,459.00,10.00
5299,1782,30,24,27.00,0.00
5300,1783,34,14,35.00,0.00
5301,1783,14,28,549.00,0.00
5302,1783,16,28,45.00,0.00
5303,1784,34,22,35.00,5.00
5304,1784,13,20,649.00,0.00
5305,1784,3,24,249.00,5.00
5306,1784,11,8,899.00,0.00
5307,1785,22,3,75.00,5.00
5308,1785,35,30,79.00,0.00
5309,1786,24,8,95.00,0.00
5310,1786,20,30,159.00,0.00
5311,1787,26,19,12.00,10.00
5312,1787,30,12,27.00,0.00
5313,1787,27,19,18.00,10.00
5314,1787,10,27,799.00,0.00
5315,1788,30,20,27.00,5.00
5316,1788,19,17,69.00,0.00
5317,1788,14,11,549.00,0.00
5318,1789,2,19,899.00,10.00
5319,1789,26,27,12.00,0.00
5320,1789,20,2,159.00,0.00
5321,1790,35,20,79.00,0.00
5322,1790,18,21,89.00,10.00
5323,1790,12,30,459.00,10.00
5324,1791,10,19,799.00,0.00
5325,1791,26,20,12.00,0.00
5326,1791,20,16,159.00,10.00
5327,1792,2,2,899.00,0.00
5328,1793,28,23,120.00,0.00
5329,1793,19,16,69.00,0.00
5330,1793,33,10,65.00,10.00
5331,1794,22,3,75.00,0.00
5332,1794,20,2,159.00,0.00
5333,1794,30,14,27.00,5.00
5334,1794,4,14,129.00,10.00
5335,1795,33,13,65.00,0.00
5336,1795,3,18,249.00,5.00
5337,1795,28,26,120.00,10.00
5338,1795,34,3,35.00,0.00
5339,1796,22,26,75.00,0.00
5340,1796,30,23,27.00,0.00
5341,1797,34,8,35.00,0.00
5342,1798,22,6,75.00,0.00
5343,1798,4,1,129.00,10.00
5344,1799,17,18,189.00,0.00
5345,1799,26,4,12.00,0.00
5346,1799,27,17,18.00,0.00
5347,1799,26,8,12.00,10.00
5348,1800,18,5,89.00,0.00
5349,1800,25,25,42.00,10.00
5350,1800,15,7,379.00,10.00
5351,1801,33,23,65.00,10.00
5352,1801,22,5,75.00,10.00
5353,1801,14,2,549.00,0.00
5354,1801,3,8,249.00,10.00
5355,1801,10,10,799.00,5.00
5356,1802,1,16,499.00,0.00
5357,1802,13,29,649.00,5.00
5358,1802,2,25,899.00,0.00
5359,1803,8,21,389.00,5.00
5360,1804,6,29,699.00,0.00
5361,1804,21,1,58.00,0.00
5362,1805,27,19,18.00,5.00
5363,1805,1,24,499.00,10.00
5364,1805,33,3,65.00,5.00
5365,1806,4,10,129.00,0.00
5366,1806,2,18,899.00,10.00
5367,1806,12,6,459.00,10.00
5368,1807,8,30,389.00,0.00
5369,1807,20,26,159.00,0.00
5370,1808,15,6,379.00,5.00
5371,1808,25,19,42.00,10.00
5372,1808,29,7,32.00,5.00
5373,1808,35,21,79.00,0.00
5374,1808,22,13,75.00,0.00
5375,1809,17,6,189.00,0.00
5376,1809,31,27,15.00,10.00
5377,1810,26,28,12.00,0.00
5378,1810,33,20,65.00,0.00
5379,1810,17,29,189.00,0.00
5380,1811,14,26,549.00,0.00
5381,1812,35,4,79.00,0.00
5382,1812,15,13,379.00,10.00
5383,1812,2,21,899.00,0.00
5384,1812,15,4,379.00,0.00
5385,1812,28,18,120.00,0.00
5386,1813,29,25,32.00,5.00
5387,1813,26,23,12.00,0.00
5388,1813,18,26,89.00,5.00
5389,1813,6,17,699.00,0.00
5390,1814,15,27,379.00,0.00
5391,1814,4,4,129.00,0.00
5392,1815,25,17,42.00,5.00
5393,1815,29,29,32.00,0.00
5394,1816,10,10,799.00,10.00
5395,1816,3,30,249.00,5.00
5396,1816,10,15,799.00,0.00
5397,1816,11,26,899.00,0.00
5398,1817,24,10,95.00,5.00
5399,1817,4,22,129.00,0.00
5400,1817,9,11,149.00,0.00
5401,1817,11,8,899.00,0.00
5402,1818,29,15,32.00,0.00
5403,1819,2,1,899.00,10.00
5404,1819,19,26,69.00,5.00
5405,1819,33,17,65.00,0.00
5406,1820,19,15,69.00,10.00
5407,1821,6,16,699.00,0.00
5408,1821,6,11,699.00,0.00
5409,1821,21,29,58.00,10.00
5410,1821,31,15,15.00,10.00
5411,1822,16,3,45.00,0.00
5412,1822,35,24,79.00,10.00
5413,1823,21,2,58.00,0.00
5414,1823,23,17,22.00,10.00
5415,1823,14,15,549.00,0.00
5416,1823,2,9,899.00,0.00
5417,1823,30,6,27.00,0.00
5418,1824,19,3,69.00,5.00
5419,1824,16,2,45.00,10.00
5420,1825,14,25,549.00,0.00
5421,1825,25,12,42.00,10.00
5422,1826,5,1,349.00,5.00
5423,1826,30,26,27.00,5.00
5424,1826,8,25,389.00,0.00
5425,1827,20,21,159.00,5.00
5426,1827,31,1,15.00,0.00
5427,1827,4,6,129.00,0.00
5428,1827,13,2,649.00,0.00
5429,1828,18,1,89.00,0.00
5430,1828,32,21,45.00,5.00
5431,1828,32,2,45.00,0.00
5432,1828,24,20,95.00,0.00
5433,1828,8,11,389.00,0.00
5434,1829,22,29,75.00,10.00
5435,1829,30,11,27.00,0.00
5436,1829,14,3,549.00,0.00
5437,1829,33,28,65.00,5.00
5438,1830,32,3,45.00,5.00
5439,1830,1,4,499.00,0.00
5440,1830,16,18,45.00,5.00
5441,1831,6,19,699.00,5.00
5442,1831,14,1,549.00,10.00
5443,1831,8,18,389.00,0.00
5444,1831,18,24,89.00,0.00
5445,1832,29,2,32.00,10.00
5446,1832,5,3,349.00,10.00
5447,1833,26,12,12.00,5.00
5448,1833,18,11,89.00,0.00
5449,1833,33,1,65.00,0.00
5450,1833,24,10,95.00,0.00
5451,1834,13,13,649.00,10.00
5452,1835,32,6,45.00,0.00
5453,1835,23,14,22.00,0.00
5454,1835,25,10,42.00,0.00
5455,1836,23,15,22.00,0.00
5456,1836,7,9,549.00,10.00
5457,1837,16,30,45.00,0.00
5458,1837,28,11,120.00,0.00
5459,1837,17,14,189.00,10.00
5460,1838,5,26,349.00,10.00
5461,1838,29,15,32.00,10.00
5462,1838,12,24,459.00,10.00
5463,1838,21,27,58.00,5.00
5464,1838,33,13,65.00,0.00
5465,1839,21,6,58.00,0.00
5466,1839,14,10,549.00,0.00
5467,1839,11,5,899.00,10.00
5468,1839,22,21,75.00,0.00
5469,1839,30,14,27.00,5.00
5470,1840,12,7,459.00,0.00
5471,1840,28,20,120.00,10.00
5472,1840,9,24,149.00,0.00
5473,1840,11,3,899.00,0.00
5474,1840,13,8,649.00,0.00
5475,1841,17,15,189.00,0.00
5476,1841,32,10,45.00,5.00
5477,1841,3,30,249.00,5.00
5478,1841,17,11,189.00,0.00
5479,1842,1,11,499.00,5.00
5480,1842,4,21,129.00,0.00
5481,1842,11,8,899.00,0.00
5482,1843,7,1,549.00,0.00
5483,1843,17,24,189.00,0.00
5484,1843,20,1,159.00,0.00
5485,1843,9,26,149.00,0.00
5486,1843,2,19,899.00,10.00
5487,1844,1,2,499.00,0.00
5488,1844,31,22,15.00,10.00
5489,1844,20,30,159.00,0.00
5490,1844,7,7,549.00,0.00
5491,1845,18,21,89.00,10.00
5492,1845,10,24,799.00,0.00
5493,1846,26,11,12.00,0.00
5494,1847,27,20,18.00,0.00
5495,1847,13,18,649.00,10.00
5496,1847,19,1,69.00,0.00
5497,1847,26,28,12.00,0.00
5498,1848,26,20,12.00,0.00
5499,1849,35,20,79.00,0.00
5500,1849,31,8,15.00,5.00
5501,1849,16,7,45.00,10.00
5502,1850,24,18,95.00,10.00
5503,1850,23,20,22.00,0.00
5504,1851,18,10,89.00,0.00
5505,1852,11,4,899.00,5.00
5506,1853,3,4,249.00,0.00
5507,1854,23,22,22.00,0.00
5508,1854,32,21,45.00,5.00
5509,1854,22,26,75.00,0.00
5510,1854,18,9,89.00,10.00
5511,1854,25,23,42.00,5.00
5512,1855,1,17,499.00,5.00
5513,1855,1,27,499.00,0.00
5514,1855,2,6,899.00,10.00
5515,1855,24,23,95.00,5.00
5516,1855,20,15,159.00,5.00
5517,1856,31,10,15.00,10.00
5518,1856,17,22,189.00,0.00
5519,1856,28,11,120.00,0.00
5520,1856,5,10,349.00,0.00
5521,1857,15,17,379.00,0.00
5522,1858,10,27,799.00,0.00
5523,1859,8,14,389.00,0.00
5524,1859,18,26,89.00,5.00
5525,1860,14,29,549.00,5.00
5526,1860,18,16,89.00,0.00
5527,1861,17,12,189.00,0.00
5528,1861,18,29,89.00,0.00
5529,1861,1,19,499.00,10.00
5530,1861,6,23,699.00,0.00
5531,1861,18,12,89.00,0.00
5532,1862,7,8,549.00,5.00
5533,1862,26,17,12.00,0.00
5534,1862,8,10,389.00,10.00
5535,1863,35,28,79.00,0.00
5536,1864,23,29,22.00,10.00
5537,1864,17,23,189.00,0.00
5538,1865,9,7,149.00,0.00
5539,1865,4,14,129.00,10.00
5540,1866,31,15,15.00,10.00
5541,1866,20,14,159.00,0.00
5542,1866,3,28,249.00,0.00
5543,1866,13,17,649.00,5.00
5544,1866,17,16,189.00,0.00
5545,1867,11,27,899.00,0.00
5546,1867,1,13,499.00,0.00
5547,1867,2,3,899.00,0.00
5548,1868,17,27,189.00,10.00
5549,1868,7,3,549.00,5.00
5550,1868,22,23,75.00,10.00
5551,1869,29,10,32.00,0.00
5552,1869,16,30,45.00,5.00
5553,1869,8,7,389.00,0.00
5554,1870,17,22,189.00,0.00
5555,1870,20,10,159.00,0.00
5556,1870,2,5,899.00,5.00
5557,1870,1,1,499.00,0.00
5558,1870,34,26,35.00,0.00
5559,1871,8,14,389.00,0.00
5560,1871,22,11,75.00,10.00
5561,1871,3,29,249.00,0.00
5562,1872,14,26,549.00,0.00
5563,1872,23,4,22.00,5.00
5564,1872,30,10,27.00,0.00
5565,1872,8,29,389.00,0.00
5566,1873,9,28,149.00,10.00
5567,1873,32,23,45.00,10.00
5568,1873,18,21,89.00,10.00
5569,1874,35,30,79.00,10.00
5570,1874,18,27,89.00,10.00
5571,1874,2,13,899.00,10.00
5572,1874,5,1,349.00,5.00
5573,1875,31,24,15.00,0.00
5574,1875,14,27,549.00,0.00
5575,1875,12,4,459.00,0.00
5576,1875,17,20,189.00,5.00
5577,1875,2,26,899.00,0.00
5578,1876,32,1,45.00,0.00
5579,1876,34,18,35.00,0.00
5580,1876,19,15,69.00,10.00
5581,1876,25,1,42.00,10.00
5582,1876,27,28,18.00,0.00
5583,1877,17,24,189.00,0.00
5584,1878,14,8,549.00,0.00
5585,1878,28,19,120.00,5.00
5586,1878,27,18,18.00,5.00
5587,1878,21,29,58.00,10.00
5588,1878,27,4,18.00,0.00
5589,1879,24,8,95.00,0.00
5590,1879,22,9,75.00,0.00
5591,1880,3,19,249.00,10.00
5592,1880,18,26,89.00,5.00
5593,1881,29,8,32.00,10.00
5594,1881,10,27,799.00,5.00
5595,1882,1,27,499.00,0.00
5596,1882,16,28,45.00,0.00
5597,1883,26,13,12.00,10.00
5598,1883,1,15,499.00,0.00
5599,1883,19,13,69.00,0.00
5600,1884,17,7,189.00,5.00
5601,1885,33,16,65.00,5.00
5602,1886,31,19,15.00,0.00
5603,1886,1,29,499.00,5.00
5604,1887,25,19,42.00,0.00
5605,1887,9,5,149.00,0.00
5606,1888,16,6,45.00,0.00
5607,1888,7,11,549.00,0.00
5608,1888,22,21,75.00,5.00
5609,1888,2,10,899.00,0.00
5610,1889,29,3,32.00,0.00
5611,1889,29,30,32.00,0.00
5612,1889,12,10,459.00,5.00
5613,1889,8,5,389.00,0.00
5614,1889,7,17,549.00,0.00
5615,1890,15,6,379.00,5.00
5616,1890,30,8,27.00,5.00
5617,1890,13,30,649.00,10.00
5618,1890,4,1,129.00,10.00
5619,1890,10,23,799.00,10.00
5620,1891,29,23,32.00,0.00
5621,1891,34,5,35.00,5.00
5622,1891,19,8,69.00,5.00
5623,1892,19,30,69.00,0.00
5624,1892,19,22,69.00,0.00
5625,1892,5,15,349.00,0.00
5626,1892,28,22,120.00,0.00
5627,1892,17,12,189.00,0.00
5628,1893,24,11,95.00,5.00
5629,1893,27,15,18.00,0.00
5630,1893,7,17,549.00,0.00
5631,1893,7,13,549.00,0.00
5632,1894,24,7,95.00,0.00
5633,1894,34,11,35.00,10.00
5634,1894,25,20,42.00,0.00
5635,1894,26,6,12.00,5.00
5636,1895,33,8,65.00,0.00
5637,1895,33,30,65.00,0.00
5638,1895,3,22,249.00,0.00
5639,1895,19,18,69.00,0.00
5640,1896,26,12,12.00,5.00
5641,1897,3,29,249.00,0.00
5642,1897,24,27,95.00,0.00
5643,1897,12,14,459.00,0.00
5644,1898,27,15,18.00,0.00
5645,1898,14,12,549.00,5.00
5646,1898,21,22,58.00,5.00
5647,1898,24,3,95.00,0.00
5648,1899,28,24,120.00,0.00
5649,1900,23,26,22.00,0.00
5650,1900,2,9,899.00,0.00
5651,1900,10,21,799.00,5.00
5652,1900,1,6,499.00,10.00
5653,1900,34,4,35.00,5.00
5654,1901,21,20,58.00,0.00
5655,1902,30,28,27.00,0.00
5656,1903,24,14,95.00,0.00
5657,1903,23,20,22.00,0.00
5658,1903,15,9,379.00,0.00
5659,1903,2,19,899.00,10.00
5660,1903,35,1,79.00,0.00
5661,1904,3,27,249.00,0.00
5662,1905,33,14,65.00,0.00
5663,1906,33,13,65.00,0.00
5664,1906,14,28,549.00,0.00
5665,1906,11,8,899.00,0.00
5666,1906,7,25,549.00,0.00
5667,1907,23,16,22.00,5.00
5668,1907,25,18,42.00,5.00
5669,1908,20,4,159.00,10.00
5670,1908,16,9,45.00,0.00
5671,1908,21,22,58.00,10.00
5672,1909,22,3,75.00,5.00
5673,1909,27,30,18.00,5.00
5674,1910,12,29,459.00,5.00
5675,1910,20,22,159.00,10.00
5676,1911,28,14,120.00,10.00
5677,1912,11,29,899.00,10.00
5678,1913,3,15,249.00,0.00
5679,1913,9,26,149.00,0.00
5680,1914,21,26,58.00,0.00
5681,1914,19,12,69.00,0.00
5682,1914,19,22,69.00,10.00
5683,1914,15,10,379.00,0.00
5684,1915,2,15,899.00,0.00
5685,1915,28,8,120.00,10.00
5686,1915,31,17,15.00,0.00
5687,1915,2,23,899.00,5.00
5688,1915,11,9,899.00,5.00
5689,1916,2,22,899.00,0.00
5690,1916,11,2,899.00,0.00
5691,1916,20,22,159.00,10.00
5692,1916,20,28,159.00,10.00
5693,1916,31,20,15.00,0.00
5694,1917,17,10,189.00,0.00
5695,1917,32,30,45.00,0.00
5696,1917,13,1,649.00,10.00
5697,1917,32,16,45.00,10.00
5698,1918,13,1,649.00,10.00
5699,1918,31,13,15.00,0.00
5700,1918,14,12,549.00,5.00
5701,1918,10,11,799.00,10.00
5702,1918,12,1,459.00,0.00
5703,1919,21,26,58.00,0.00
5704,1919,31,27,15.00,10.00
5705,1919,15,20,379.00,0.00
5706,1919,8,28,389.00,0.00
5707,1920,5,26,349.00,10.00
5708,1920,20,12,159.00,0.00
5709,1920,1,10,499.00,0.00
5710,1920,1,7,499.00,0.00
5711,1920,33,10,65.00,5.00
5712,1921,3,15,249.00,0.00
5713,1921,7,17,549.00,0.00
5714,1921,12,2,459.00,0.00
5715,1921,9,12,149.00,0.00
5716,1922,5,2,349.00,10.00
5717,1922,8,14,389.00,5.00
5718,1922,27,29,18.00,0.00
5719,1922,10,5,799.00,10.00
5720,1922,6,3,699.00,10.00
5721,1923,21,13,58.00,0.00
5722,1924,15,19,379.00,10.00
5723,1925,35,8,79.00,0.00
5724,1925,20,2,159.00,0.00
5725,1926,11,7,899.00,0.00
5726,1926,14,10,549.00,0.00
5727,1926,2,3,899.00,0.00
5728,1926,30,19,27.00,0.00
5729,1927,29,8,32.00,5.00
5730,1927,5,9,349.00,0.00
5731,1927,13,21,649.00,0.00
5732,1927,17,13,189.00,5.00
5733,1928,8,20,389.00,5.00
5734,1928,19,15,69.00,10.00
5735,1928,28,11,120.00,0.00
5736,1928,28,27,120.00,0.00
5737,1929,14,7,549.00,0.00
5738,1929,13,22,649.00,0.00
5739,1930,26,17,12.00,5.00
5740,1931,32,25,45.00,0.00
5741,1931,25,7,42.00,10.00
5742,1931,4,19,129.00,5.00
5743,1931,35,19,79.00,0.00
5744,1931,3,23,249.00,0.00
5745,1932,33,22,65.00,5.00
5746,1932,25,6,42.00,5.00
5747,1933,3,14,249.00,0.00
5748,1933,29,30,32.00,0.00
5749,1933,6,16,699.00,0.00
5750,1933,6,13,699.00,0.00
5751,1934,12,21,459.00,0.00
5752,1934,1,26,499.00,0.00
5753,1934,19,1,69.00,0.00
5754,1934,3,4,249.00,0.00
5755,1935,8,2,389.00,5.00
5756,1935,33,25,65.00,0.00
5757,1936,16,22,45.00,0.00
5758,1937,9,2,149.00,0.00
5759,1937,5,10,349.00,0.00
5760,1937,7,8,549.00,5.00
5761,1937,19,20,69.00,5.00
5762,1938,22,27,75.00,5.00
5763,1938,17,15,189.00,0.00
5764,1938,26,17,12.00,0.00
5765,1938,4,26,129.00,10.00
5766,1939,25,14,42.00,0.00
5767,1940,2,23,899.00,5.00
5768,1940,2,9,899.00,0.00
5769,1940,10,20,799.00,0.00
5770,1941,11,13,899.00,0.00
5771,1942,3,12,249.00,5.00
5772,1942,21,20,58.00,0.00
5773,1942,22,16,75.00,10.00
5774,1942,16,24,45.00,0.00
5775,1942,19,28,69.00,10.00
5776,1943,35,30,79.00,10.00
5777,1943,25,21,42.00,0.00
5778,1943,15,7,379.00,10.00
5779,1943,29,12,32.00,0.00
5780,1943,9,24,149.00,0.00
5781,1944,16,21,45.00,0.00
5782,1944,12,13,459.00,0.00
5783,1944,3,5,249.00,0.00
5784,1945,26,20,12.00,0.00
5785,1946,23,15,22.00,0.00
5786,1946,24,5,95.00,5.00
5787,1946,6,19,699.00,5.00
5788,1946,6,2,699.00,5.00
5789,1946,13,22,649.00,0.00
5790,1947,12,23,459.00,5.00
5791,1947,20,15,159.00,5.00
5792,1947,11,7,899.00,0.00
5793,1947,8,18,389.00,0.00
5794,1947,25,18,42.00,10.00
5795,1948,6,28,699.00,0.00
5796,1948,6,6,699.00,0.00
5797,1949,10,2,799.00,0.00
5798,1949,35,21,79.00,0.00
5799,1949,32,12,45.00,0.00
5800,1950,13,11,649.00,5.00
5801,1950,8,6,389.00,0.00
5802,1950,20,3,159.00,10.00
5803,1950,33,6,65.00,0.00
5804,1951,18,24,89.00,0.00
5805,1951,28,21,120.00,0.00
5806,1951,15,24,379.00,5.00
5807,1951,28,3,120.00,0.00
5808,1951,7,18,549.00,0.00
5809,1952,26,28,12.00,0.00
5810,1952,19,9,69.00,5.00
5811,1953,32,2,45.00,0.00
5812,1953,8,22,389.00,10.00
5813,1953,12,28,459.00,5.00
5814,1953,15,5,379.00,0.00
5815,1953,16,15,45.00,0.00
5816,1954,30,26,27.00,5.00
5817,1954,7,22,549.00,0.00
5818,1954,30,8,27.00,5.00
5819,1954,1,23,499.00,5.00
5820,1955,34,6,35.00,10.00
5821,1955,14,1,549.00,10.00
5822,1955,9,20,149.00,0.00
5823,1955,24,25,95.00,0.00
5824,1955,1,25,499.00,0.00
5825,1956,20,9,159.00,5.00
5826,1956,26,15,12.00,0.00
5827,1956,25,23,42.00,5.00
5828,1956,16,28,45.00,0.00
5829,1956,31,12,15.00,0.00
5830,1957,10,10,799.00,5.00
5831,1957,35,17,79.00,10.00
5832,1957,20,9,159.00,5.00
5833,1957,30,2,27.00,5.00
5834,1957,1,7,499.00,10.00
5835,1958,25,6,42.00,10.00
5836,1958,1,9,499.00,0.00
5837,1958,7,20,549.00,5.00
5838,1958,19,17,69.00,0.00
5839,1959,15,21,379.00,0.00
5840,1959,18,6,89.00,0.00
5841,1959,29,21,32.00,10.00
5842,1960,25,7,42.00,10.00
5843,1960,13,25,649.00,10.00
5844,1960,14,2,549.00,0.00
5845,1960,3,7,249.00,10.00
5846,1961,12,13,459.00,0.00
5847,1961,13,12,649.00,10.00
5848,1961,8,16,389.00,10.00
5849,1961,32,25,45.00,0.00
5850,1962,19,28,69.00,0.00
5851,1962,22,26,75.00,0.00
5852,1963,22,25,75.00,0.00
5853,1963,30,15,27.00,5.00
5854,1963,21,15,58.00,5.00
5855,1964,4,15,129.00,0.00
5856,1964,9,24,149.00,0.00
5857,1964,27,5,18.00,0.00
5858,1964,28,18,120.00,0.00
5859,1965,13,12,649.00,10.00
5860,1966,6,3,699.00,10.00
5861,1966,20,29,159.00,0.00
5862,1966,25,5,42.00,5.00
5863,1967,23,19,22.00,0.00
5864,1968,25,5,42.00,5.00
5865,1968,8,26,389.00,5.00
5866,1968,21,3,58.00,5.00
5867,1969,35,15,79.00,0.00
5868,1969,15,29,379.00,0.00
5869,1969,25,30,42.00,10.00
5870,1970,4,10,129.00,0.00
5871,1970,33,17,65.00,10.00
5872,1971,2,30,899.00,5.00
5873,1971,32,6,45.00,0.00
5874,1971,14,12,549.00,5.00
5875,1972,11,19,899.00,0.00
5876,1972,34,11,35.00,10.00
5877,1973,5,8,349.00,10.00
5878,1974,3,13,249.00,10.00
5879,1974,33,5,65.00,10.00
5880,1974,8,9,389.00,10.00
5881,1974,7,16,549.00,0.00
5882,1975,16,27,45.00,0.00
5883,1975,27,17,18.00,0.00
5884,1975,31,26,15.00,5.00
5885,1976,28,7,120.00,10.00
5886,1976,17,25,189.00,5.00
5887,1976,10,4,799.00,5.00
5888,1976,16,27,45.00,0.00
5889,1976,10,23,799.00,10.00
5890,1977,14,3,549.00,0.00
5891,1977,29,14,32.00,5.00
5892,1977,22,23,75.00,10.00
5893,1977,32,1,45.00,0.00
5894,1978,23,15,22.00,0.00
5895,1978,30,28,27.00,10.00
5896,1978,7,29,549.00,0.00
5897,1978,1,19,499.00,10.00
5898,1978,5,20,349.00,10.00
5899,1979,19,2,69.00,5.00
5900,1979,13,21,649.00,0.00
5901,1979,18,17,89.00,0.00
5902,1979,30,11,27.00,0.00
5903,1979,3,21,249.00,0.00
5904,1980,3,26,249.00,0.00
5905,1980,30,30,27.00,0.00
5906,1980,25,17,42.00,5.00
5907,1980,20,28,159.00,10.00
5908,1980,17,27,189.00,10.00
5909,1981,25,7,42.00,0.00
5910,1981,12,20,459.00,0.00
5911,1981,12,28,459.00,0.00
5912,1982,26,6,12.00,5.00
5913,1982,1,28,499.00,0.00
5914,1982,5,27,349.00,0.00
5915,1982,20,22,159.00,10.00
5916,1982,9,18,149.00,0.00
5917,1983,3,22,249.00,0.00
5918,1983,28,22,120.00,0.00
5919,1983,2,16,899.00,0.00
5920,1983,15,29,379.00,0.00
5921,1983,25,30,42.00,5.00
5922,1984,1,20,499.00,0.00
5923,1984,14,6,549.00,5.00
5924,1984,26,22,12.00,0.00
5925,1985,26,14,12.00,0.00
5926,1985,34,17,35.00,10.00
5927,1985,5,24,349.00,0.00
5928,1985,3,29,249.00,0.00
5929,1986,32,25,45.00,0.00
5930,1986,7,28,549.00,0.00
5931,1986,30,27,27.00,10.00
5932,1987,7,16,549.00,0.00
5933,1987,24,8,95.00,0.00
5934,1987,16,15,45.00,0.00
5935,1987,9,24,149.00,0.00
5936,1988,23,1,22.00,0.00
5937,1988,34,4,35.00,5.00
5938,1989,20,10,159.00,10.00
5939,1989,16,20,45.00,10.00
5940,1989,11,1,899.00,0.00
5941,1990,19,22,69.00,10.00
5942,1990,25,21,42.00,0.00
5943,1990,1,13,499.00,0.00
5944,1990,7,18,549.00,0.00
5945,1990,21,16,58.00,10.00
5946,1991,9,29,149.00,10.00
5947,1992,6,14,699.00,10.00
5948,1992,30,23,27.00,0.00
5949,1992,17,30,189.00,0.00
5950,1992,7,21,549.00,10.00
5951,1993,18,7,89.00,5.00
5952,1993,16,13,45.00,5.00
5953,1993,1,4,499.00,0.00
5954,1993,16,17,45.00,0.00
5955,1994,18,8,89.00,5.00
5956,1994,26,16,12.00,0.00
5957,1994,32,29,45.00,0.00
5958,1995,22,6,75.00,10.00
5959,1995,17,10,189.00,0.00
5960,1995,7,6,549.00,0.00
5961,1995,12,17,459.00,5.00
5962,1996,20,16,159.00,10.00
5963,1996,32,24,45.00,0.00
5964,1996,33,27,65.00,0.00
5965,1996,9,17,149.00,0.00
5966,1997,1,29,499.00,5.00
5967,1998,28,15,120.00,0.00
5968,1998,13,7,649.00,0.00
5969,1998,26,12,12.00,5.00
5970,1999,26,6,12.00,5.00
5971,2000,2,18,899.00,5.00
5972,2000,7,16,549.00,10.00
5973,2000,15,2,379.00,0.00
5974,2001,25,25,42.00,10.00
5975,2001,16,11,45.00,0.00
5976,2002,10,24,799.00,0.00
5977,2002,27,21,18.00,0.00
5978,2003,15,9,379.00,0.00
5979,2003,18,19,89.00,0.00
5980,2003,2,17,899.00,0.00
5981,2004,32,29,45.00,0.00
5982,2004,14,25,549.00,10.00
5983,2004,10,15,799.00,0.00
5984,2004,20,1,159.00,0.00
5985,2004,25,13,42.00,0.00
5986,2005,19,21,69.00,5.00
5987,2005,31,2,15.00,5.00
5988,2006,27,15,18.00,0.00
5989,2006,7,16,549.00,0.00
5990,2006,20,21,159.00,10.00
5991,2006,5,4,349.00,0.00
5992,2007,18,24,89.00,0.00
5993,2007,21,26,58.00,0.00
5994,2007,17,5,189.00,0.00
5995,2008,6,30,699.00,0.00
5996,2008,30,5,27.00,0.00
5997,2008,18,28,89.00,0.00
5998,2008,35,14,79.00,0.00
5999,2008,10,12,799.00,0.00
6000,2009,34,27,35.00,0.00
6001,2009,8,10,389.00,10.00
6002,2009,25,24,42.00,5.00
6003,2009,11,11,899.00,10.00
6004,2009,9,19,149.00,0.00
6005,2010,21,28,58.00,10.00
6006,2010,30,13,27.00,0.00
6007,2010,13,7,649.00,10.00
6008,2010,13,23,649.00,5.00
6009,2011,13,12,649.00,10.00
6010,2011,3,27,249.00,0.00
6011,2011,33,10,65.00,5.00
6012,2012,31,19,15.00,0.00
6013,2012,17,29,189.00,0.00
6014,2012,29,1,32.00,5.00
6015,2013,33,30,65.00,0.00
6016,2013,23,25,22.00,0.00
6017,2014,27,12,18.00,5.00
6018,2014,13,19,649.00,0.00
6019,2014,8,2,389.00,0.00
6020,2014,27,3,18.00,0.00
6021,2014,21,11,58.00,0.00
6022,2015,8,30,389.00,0.00
6023,2015,10,18,799.00,0.00
6024,2016,24,30,95.00,10.00
6025,2016,27,1,18.00,5.00
6026,2016,21,23,58.00,10.00
6027,2016,23,11,22.00,5.00
6028,2017,21,22,58.00,10.00
6029,2017,33,5,65.00,10.00
6030,2017,14,3,549.00,0.00
6031,2018,13,22,649.00,0.00
6032,2019,19,26,69.00,5.00
6033,2019,34,19,35.00,0.00
6034,2019,13,1,649.00,0.00
6035,2019,1,1,499.00,0.00
6036,2019,8,30,389.00,0.00
6037,2020,14,28,549.00,0.00
6038,2020,5,17,349.00,0.00
6039,2020,3,11,249.00,0.00
6040,2020,29,11,32.00,0.00
6041,2021,24,14,95.00,0.00
6042,2021,1,9,499.00,0.00
6043,2022,21,24,58.00,0.00
6044,2022,27,2,18.00,10.00
6045,2023,14,11,549.00,0.00
6046,2023,33,28,65.00,5.00
6047,2023,6,12,699.00,0.00
6048,2024,21,27,58.00,5.00
6049,2024,32,9,45.00,5.00
6050,2024,4,5,129.00,0.00
6051,2024,34,10,35.00,5.00
6052,2025,31,28,15.00,10.00
6053,2025,8,4,389.00,10.00
6054,2025,12,24,459.00,10.00
6055,2025,18,17,89.00,0.00
6056,2025,16,17,45.00,0.00
6057,2026,23,29,22.00,10.00
6058,2026,21,7,58.00,0.00
6059,2026,29,6,32.00,0.00
6060,2027,20,22,159.00,10.00
6061,2028,11,7,899.00,0.00
6062,2028,3,28,249.00,0.00
6063,2028,16,28,45.00,0.00
6064,2028,19,27,69.00,10.00
6065,2029,9,22,149.00,10.00
6066,2029,10,21,799.00,0.00
6067,2029,30,14,27.00,5.00
6068,2030,33,30,65.00,0.00
6069,2030,10,9,799.00,0.00
6070,2030,1,13,499.00,10.00
6071,2031,17,5,189.00,0.00
6072,2031,26,30,12.00,5.00
6073,2031,25,9,42.00,0.00
6074,2032,14,3,549.00,0.00
6075,2032,5,24,349.00,0.00
6076,2033,35,16,79.00,0.00
6077,2033,9,17,149.00,0.00
6078,2033,19,18,69.00,0.00
6079,2034,24,1,95.00,0.00
6080,2034,1,3,499.00,0.00
6081,2034,13,26,649.00,0.00
6082,2035,30,30,27.00,0.00
6083,2035,33,14,65.00,0.00
6084,2035,17,19,189.00,5.00
6085,2036,4,26,129.00,0.00
6086,2037,1,5,499.00,5.00
6087,2037,31,12,15.00,0.00
6088,2038,4,9,129.00,0.00
6089,2038,1,15,499.00,0.00
6090,2038,22,26,75.00,0.00
6091,2038,20,15,159.00,5.00
6092,2039,15,1,379.00,5.00
6093,2039,35,18,79.00,10.00
6094,2039,27,4,18.00,0.00
6095,2039,32,25,45.00,0.00
6096,2040,9,11,149.00,10.00
6097,2040,22,9,75.00,5.00
6098,2041,15,2,379.00,10.00
6099,2041,27,26,18.00,10.00
6100,2042,2,10,899.00,0.00
6101,2042,22,15,75.00,5.00
6102,2042,27,26,18.00,10.00
6103,2042,8,8,389.00,5.00
6104,2042,16,10,45.00,0.00
6105,2043,24,24,95.00,10.00
6106,2044,6,20,699.00,5.00
6107,2044,26,15,12.00,0.00
6108,2045,11,25,899.00,0.00
6109,2045,17,26,189.00,5.00
6110,2045,8,26,389.00,5.00
6111,2046,35,6,79.00,10.00
6112,2046,12,22,459.00,5.00
6113,2046,1,5,499.00,5.00
6114,2046,33,20,65.00,0.00
6115,2046,12,8,459.00,0.00
6116,2047,10,26,799.00,0.00
6117,2047,29,18,32.00,0.00
6118,2047,35,7,79.00,0.00
6119,2047,4,1,129.00,10.00
6120,2047,4,1,129.00,5.00
6121,2048,25,21,42.00,0.00
6122,2048,34,16,35.00,5.00
6123,2048,15,20,379.00,10.00
6124,2048,1,2,499.00,0.00
6125,2048,12,22,459.00,5.00
6126,2049,17,2,189.00,5.00
6127,2049,26,12,12.00,5.00
6128,2049,18,11,89.00,0.00
6129,2049,26,6,12.00,5.00
6130,2050,13,25,649.00,0.00
6131,2050,25,13,42.00,10.00
6132,2051,26,9,12.00,0.00
6133,2052,9,5,149.00,10.00
6134,2053,22,2,75.00,0.00
6135,2053,35,20,79.00,0.00
6136,2053,22,3,75.00,5.00
6137,2053,27,1,18.00,5.00
6138,2054,25,1,42.00,10.00
6139,2054,23,12,22.00,10.00
6140,2054,25,17,42.00,5.00
6141,2054,33,14,65.00,0.00
6142,2054,10,25,799.00,0.00
6143,2055,26,29,12.00,5.00
6144,2055,10,15,799.00,5.00
6145,2055,21,3,58.00,5.00
6146,2055,32,21,45.00,5.00
6147,2055,18,10,89.00,0.00
6148,2056,32,19,45.00,0.00
6149,2056,15,21,379.00,0.00
6150,2057,35,28,79.00,5.00
6151,2057,10,16,799.00,10.00
6152,2058,35,9,79.00,0.00
6153,2058,2,2,899.00,0.00
6154,2058,19,6,69.00,0.00
6155,2059,6,18,699.00,0.00
6156,2059,34,6,35.00,10.00
6157,2060,30,7,27.00,5.00
6158,2060,12,27,459.00,0.00
6159,2061,14,12,549.00,5.00
6160,2061,11,15,899.00,0.00
6161,2062,30,27,27.00,10.00
6162,2063,6,6,699.00,0.00
6163,2064,35,19,79.00,0.00
6164,2065,23,3,22.00,0.00
6165,2065,29,25,32.00,5.00
6166,2065,3,8,249.00,10.00
6167,2065,9,8,149.00,0.00
6168,2066,25,24,42.00,5.00
6169,2066,16,30,45.00,5.00
6170,2067,1,23,499.00,5.00
6171,2068,25,29,42.00,5.00
6172,2068,24,7,95.00,0.00
6173,2068,34,11,35.00,10.00
6174,2068,19,27,69.00,10.00
6175,2068,29,11,32.00,0.00
6176,2069,15,17,379.00,0.00
6177,2070,34,18,35.00,0.00
6178,2070,33,8,65.00,0.00
6179,2070,8,27,389.00,10.00
6180,2070,16,22,45.00,0.00
6181,2071,20,15,159.00,5.00
6182,2072,31,10,15.00,10.00
6183,2073,3,27,249.00,0.00
6184,2074,2,13,899.00,10.00
6185,2074,16,12,45.00,5.00
6186,2074,3,11,249.00,5.00
6187,2074,34,28,35.00,10.00
6188,2074,8,22,389.00,10.00
6189,2075,14,4,549.00,0.00
6190,2075,27,16,18.00,0.00
6191,2075,12,16,459.00,0.00
6192,2076,17,29,189.00,0.00
6193,2076,33,17,65.00,10.00
6194,2076,7,2,549.00,5.00
6195,2077,7,20,549.00,5.00
6196,2077,11,16,899.00,5.00
6197,2077,1,30,499.00,10.00
6198,2078,28,11,120.00,0.00
6199,2078,27,22,18.00,0.00
6200,2078,18,17,89.00,0.00
6201,2079,6,25,699.00,5.00
6202,2079,24,16,95.00,0.00
6203,2080,35,23,79.00,5.00
6204,2080,23,28,22.00,5.00
6205,2081,25,24,42.00,5.00
6206,2081,15,26,379.00,0.00
6207,2081,17,12,189.00,0.00
6208,2081,15,16,379.00,0.00
6209,2081,4,18,129.00,0.00
6210,2082,6,4,699.00,0.00
6211,2082,4,8,129.00,10.00
6212,2082,26,2,12.00,10.00
6213,2082,23,12,22.00,0.00
6214,2082,1,29,499.00,5.00
6215,2083,2,6,899.00,5.00
6216,2083,1,28,499.00,0.00
6217,2083,1,14,499.00,0.00
6218,2083,22,14,75.00,0.00
6219,2084,5,19,349.00,5.00
6220,2085,23,20,22.00,0.00
6221,2085,32,10,45.00,10.00
6222,2085,26,25,12.00,10.00
6223,2085,1,13,499.00,10.00
6224,2085,24,12,95.00,10.00
6225,2086,33,3,65.00,0.00
6226,2086,24,19,95.00,0.00
6227,2086,12,16,459.00,5.00
6228,2087,25,2,42.00,0.00
6229,2087,17,29,189.00,0.00
6230,2087,28,28,120.00,0.00
6231,2087,18,22,89.00,0.00
6232,2087,8,26,389.00,5.00
6233,2088,13,27,649.00,0.00
6234,2088,33,23,65.00,10.00
6235,2088,18,18,89.00,0.00
6236,2088,30,19,27.00,0.00
6237,2089,25,13,42.00,0.00
6238,2089,31,8,15.00,5.00
6239,2089,25,13,42.00,0.00
6240,2089,30,6,27.00,0.00
6241,2090,14,23,549.00,0.00
6242,2090,27,1,18.00,5.00
6243,2090,33,8,65.00,0.00
6244,2090,26,4,12.00,0.00
6245,2091,7,17,549.00,0.00
6246,2092,23,21,22.00,0.00
6247,2092,17,27,189.00,0.00
6248,2092,14,29,549.00,0.00
6249,2092,23,25,22.00,0.00
6250,2092,27,23,18.00,0.00
6251,2093,21,4,58.00,10.00
6252,2093,34,8,35.00,0.00
6253,2094,31,24,15.00,0.00
6254,2094,5,25,349.00,5.00
6255,2094,23,11,22.00,5.00
6256,2094,35,14,79.00,0.00
6257,2094,21,23,58.00,10.00
6258,2095,24,11,95.00,5.00
6259,2095,25,7,42.00,0.00
6260,2095,21,25,58.00,0.00
6261,2095,35,3,79.00,0.00
6262,2096,26,23,12.00,5.00
6263,2096,27,1,18.00,5.00
6264,2096,25,8,42.00,0.00
6265,2096,7,11,549.00,0.00
6266,2097,23,4,22.00,0.00
6267,2097,19,29,69.00,0.00
6268,2097,5,1,349.00,5.00
6269,2097,12,19,459.00,0.00
6270,2098,34,2,35.00,0.00
6271,2098,6,12,699.00,0.00
6272,2098,6,12,699.00,0.00
6273,2099,32,10,45.00,10.00
6274,2100,35,6,79.00,10.00
6275,2100,3,19,249.00,10.00
6276,2101,6,23,699.00,0.00
6277,2101,2,12,899.00,10.00
6278,2102,35,14,79.00,0.00
6279,2102,17,9,189.00,10.00
6280,2102,28,6,120.00,0.00
6281,2102,7,8,549.00,5.00
6282,2102,1,25,499.00,0.00
6283,2103,15,12,379.00,5.00
6284,2103,16,3,45.00,0.00
6285,2103,33,15,65.00,5.00
6286,2103,7,21,549.00,10.00
6287,2103,24,16,95.00,0.00
6288,2104,15,26,379.00,10.00
6289,2104,8,8,389.00,0.00
6290,2104,5,26,349.00,10.00
6291,2105,2,15,899.00,0.00
6292,2105,29,11,32.00,0.00
6293,2105,10,19,799.00,0.00
6294,2106,20,7,159.00,0.00
6295,2107,11,26,899.00,0.00
6296,2107,9,6,149.00,0.00
6297,2108,17,5,189.00,0.00
6298,2109,26,21,12.00,0.00
6299,2109,5,27,349.00,0.00
6300,2110,33,24,65.00,0.00
6301,2110,11,4,899.00,5.00
6302,2111,25,19,42.00,0.00
6303,2111,13,21,649.00,0.00
6304,2111,19,23,69.00,0.00
6305,2111,16,23,45.00,0.00
6306,2112,21,8,58.00,0.00
6307,2112,32,29,45.00,10.00
6308,2112,5,19,349.00,5.00
6309,2113,9,12,149.00,0.00
6310,2113,24,26,95.00,0.00
6311,2113,23,15,22.00,0.00
6312,2113,31,30,15.00,0.00
6313,2113,16,12,45.00,5.00
6314,2114,5,18,349.00,0.00
6315,2114,34,6,35.00,10.00
6316,2114,12,24,459.00,10.00
6317,2114,3,22,249.00,0.00
6318,2115,17,25,189.00,5.00
6319,2116,23,28,22.00,0.00
6320,2116,8,9,389.00,5.00
6321,2116,3,30,249.00,5.00
6322,2117,29,1,32.00,5.00
6323,2117,9,8,149.00,0.00
6324,2117,2,15,899.00,0.00
6325,2117,6,25,699.00,5.00
6326,2118,7,20,549.00,5.00
6327,2119,19,11,69.00,0.00
6328,2119,17,3,189.00,0.00
6329,2119,29,3,32.00,10.00
6330,2120,28,27,120.00,0.00
6331,2120,26,13,12.00,10.00
6332,2121,22,10,75.00,5.00
6333,2121,29,24,32.00,0.00
6334,2121,2,24,899.00,10.00
6335,2121,27,10,18.00,0.00
6336,2121,14,5,549.00,0.00
6337,2122,21,19,58.00,0.00
6338,2122,24,15,95.00,0.00
6339,2122,8,5,389.00,0.00
6340,2123,30,14,27.00,5.00
6341,2123,34,27,35.00,0.00
6342,2123,27,11,18.00,0.00
6343,2123,3,4,249.00,0.00
6344,2123,23,30,22.00,0.00
6345,2124,31,15,15.00,10.00
6346,2124,27,7,18.00,10.00
6347,2124,25,26,42.00,0.00
6348,2124,34,17,35.00,10.00
6349,2125,1,10,499.00,0.00
6350,2125,30,18,27.00,0.00
6351,2126,30,2,27.00,5.00
6352,2126,16,1,45.00,5.00
6353,2126,29,22,32.00,0.00
6354,2126,21,15,58.00,5.00
6355,2127,29,1,32.00,5.00
6356,2128,14,10,549.00,0.00
6357,2128,11,5,899.00,10.00
6358,2128,32,29,45.00,10.00
6359,2128,33,25,65.00,0.00
6360,2128,35,2,79.00,0.00
6361,2129,24,13,95.00,0.00
6362,2129,32,14,45.00,0.00
6363,2130,17,1,189.00,0.00
6364,2130,30,16,27.00,0.00
6365,2130,32,8,45.00,0.00
6366,2130,25,2,42.00,0.00
6367,2131,24,3,95.00,0.00
6368,2131,2,27,899.00,0.00
6369,2131,20,3,159.00,5.00
6370,2132,16,28,45.00,0.00
6371,2132,24,15,95.00,0.00
6372,2132,22,25,75.00,0.00
6373,2132,27,4,18.00,0.00
6374,2133,26,8,12.00,10.00
6375,2134,35,13,79.00,0.00
6376,2134,17,29,189.00,0.00
6377,2134,33,18,65.00,0.00
6378,2135,16,19,45.00,5.00
6379,2135,28,24,120.00,0.00
6380,2135,6,11,699.00,0.00
6381,2136,17,6,189.00,0.00
6382,2136,5,30,349.00,0.00
6383,2136,30,15,27.00,10.00
6384,2136,7,3,549.00,10.00
6385,2137,15,29,379.00,0.00
6386,2137,28,9,120.00,0.00
6387,2138,18,10,89.00,0.00
6388,2138,17,3,189.00,0.00
6389,2138,30,6,27.00,0.00
6390,2138,6,23,699.00,0.00
6391,2139,10,10,799.00,10.00
6392,2139,9,22,149.00,10.00
6393,2140,21,18,58.00,0.00
6394,2140,10,21,799.00,0.00
6395,2140,33,27,65.00,5.00
6396,2141,3,24,249.00,5.00
6397,2141,4,15,129.00,0.00
6398,2141,25,14,42.00,0.00
6399,2141,9,26,149.00,0.00
6400,2141,29,23,32.00,0.00
6401,2142,17,23,189.00,0.00
6402,2142,7,2,549.00,5.00
6403,2142,24,2,95.00,0.00
6404,2142,10,14,799.00,0.00
6405,2142,27,18,18.00,0.00
6406,2143,6,26,699.00,5.00
6407,2143,15,19,379.00,10.00
6408,2143,31,14,15.00,5.00
6409,2143,34,25,35.00,0.00
6410,2144,7,2,549.00,5.00
6411,2144,18,8,89.00,10.00
6412,2145,24,7,95.00,0.00
6413,2145,15,2,379.00,10.00
6414,2145,20,1,159.00,0.00
6415,2145,31,8,15.00,0.00
6416,2146,20,17,159.00,0.00
6417,2146,32,3,45.00,5.00
6418,2146,22,24,75.00,10.00
6419,2146,23,6,22.00,0.00
6420,2147,9,27,149.00,5.00
6421,2148,26,15,12.00,0.00
6422,2148,26,27,12.00,0.00
6423,2148,32,18,45.00,0.00
6424,2148,7,12,549.00,0.00
6425,2149,19,16,69.00,10.00
6426,2149,8,7,389.00,0.00
6427,2149,11,12,899.00,0.00
6428,2149,34,22,35.00,5.00
6429,2150,16,12,45.00,5.00
6430,2150,35,2,79.00,0.00
6431,2151,8,7,389.00,0.00
6432,2151,26,6,12.00,10.00
6433,2151,16,26,45.00,10.00
6434,2151,29,14,32.00,10.00
6435,2152,16,12,45.00,0.00
6436,2152,21,11,58.00,10.00
6437,2153,30,21,27.00,10.00
6438,2153,14,9,549.00,0.00
6439,2153,25,18,42.00,5.00
6440,2154,19,29,69.00,0.00
6441,2154,35,13,79.00,0.00
6442,2155,24,11,95.00,5.00
6443,2156,23,23,22.00,10.00
6444,2156,35,10,79.00,5.00
6445,2156,9,11,149.00,0.00
6446,2156,2,6,899.00,10.00
6447,2156,18,2,89.00,5.00
6448,2157,27,5,18.00,0.00
6449,2157,9,20,149.00,0.00
6450,2158,12,27,459.00,0.00
6451,2158,24,29,95.00,5.00
6452,2159,18,3,89.00,10.00
6453,2159,11,24,899.00,10.00
6454,2159,20,26,159.00,0.00
6455,2160,4,7,129.00,10.00
6456,2161,4,18,129.00,0.00
6457,2161,35,9,79.00,0.00
6458,2162,10,24,799.00,0.00
6459,2163,34,1,35.00,0.00
6460,2163,2,16,899.00,0.00
6461,2163,21,20,58.00,0.00
6462,2163,16,24,45.00,0.00
6463,2163,12,4,459.00,0.00
6464,2164,22,23,75.00,10.00
6465,2164,1,16,499.00,0.00
6466,2164,7,9,549.00,10.00
6467,2165,35,27,79.00,0.00
6468,2165,19,12,69.00,0.00
6469,2165,14,1,549.00,10.00
6470,2165,21,5,58.00,10.00
6471,2166,6,26,699.00,10.00
6472,2166,20,8,159.00,5.00
6473,2166,14,1,549.00,10.00
6474,2166,26,23,12.00,0.00
6475,2166,15,14,379.00,0.00
6476,2167,24,15,95.00,0.00
6477,2167,28,16,120.00,0.00
6478,2167,29,8,32.00,10.00
6479,2167,10,28,799.00,5.00
6480,2168,14,28,549.00,0.00
6481,2168,10,6,799.00,0.00
6482,2169,33,2,65.00,0.00
6483,2170,35,16,79.00,5.00
6484,2170,23,8,22.00,0.00
6485,2170,29,5,32.00,0.00
6486,2171,20,25,159.00,0.00
6487,2171,22,26,75.00,0.00
6488,2171,20,15,159.00,5.00
6489,2171,16,27,45.00,0.00
6490,2172,13,12,649.00,5.00
6491,2173,24,13,95.00,0.00
6492,2173,2,1,899.00,10.00
6493,2173,30,10,27.00,0.00
6494,2173,15,26,379.00,10.00
6495,2173,9,10,149.00,10.00
6496,2174,28,21,120.00,0.00
6497,2175,7,9,549.00,10.00
6498,2175,23,17,22.00,5.00
6499,2175,12,8,459.00,0.00
6500,2176,20,14,159.00,0.00
6501,2176,16,18,45.00,5.00
6502,2176,9,11,149.00,0.00
6503,2176,17,30,189.00,0.00
6504,2177,2,25,899.00,10.00
6505,2177,16,7,45.00,5.00
6506,2177,12,7,459.00,0.00
6507,2178,25,9,42.00,0.00
6508,2179,3,25,249.00,10.00
6509,2180,35,8,79.00,0.00
6510,2180,27,28,18.00,0.00
6511,2180,20,2,159.00,0.00
6512,2181,5,25,349.00,5.00
6513,2181,27,28,18.00,0.00
6514,2181,14,10,549.00,0.00
6515,2181,3,3,249.00,0.00
6516,2182,17,24,189.00,0.00
6517,2182,16,17,45.00,0.00
6518,2182,14,20,549.00,0.00
6519,2182,29,19,32.00,5.00
6520,2182,10,16,799.00,5.00
6521,2183,16,9,45.00,0.00
6522,2183,18,7,89.00,5.00
6523,2183,26,18,12.00,5.00
6524,2183,4,5,129.00,0.00
6525,2184,14,7,549.00,10.00
6526,2184,6,27,699.00,10.00
6527,2185,35,7,79.00,0.00
6528,2185,5,6,349.00,0.00
6529,2185,6,7,699.00,0.00
6530,2185,1,15,499.00,0.00
6531,2185,13,23,649.00,5.00
6532,2186,33,13,65.00,0.00
6533,2186,18,13,89.00,5.00
6534,2187,8,14,389.00,0.00
6535,2187,15,15,379.00,0.00
6536,2187,14,13,549.00,10.00
6537,2187,16,14,45.00,10.00
6538,2187,35,9,79.00,0.00
6539,2188,21,25,58.00,0.00
6540,2188,33,27,65.00,0.00
6541,2188,7,7,549.00,0.00
6542,2188,10,17,799.00,10.00
6543,2189,9,10,149.00,10.00
6544,2189,7,14,549.00,5.00
6545,2189,3,10,249.00,0.00
6546,2189,31,10,15.00,10.00
6547,2190,3,15,249.00,0.00
6548,2190,35,1,79.00,0.00
6549,2191,28,23,120.00,0.00
6550,2191,19,18,69.00,0.00
6551,2191,2,4,899.00,0.00
6552,2191,1,20,499.00,0.00
6553,2192,18,7,89.00,5.00
6554,2193,26,3,12.00,0.00
6555,2193,18,1,89.00,5.00
6556,2194,11,16,899.00,5.00
6557,2194,34,20,35.00,0.00
6558,2195,25,10,42.00,0.00
6559,2196,24,19,95.00,0.00
6560,2196,26,7,12.00,10.00
6561,2197,10,8,799.00,0.00
6562,2197,14,20,549.00,0.00
6563,2197,13,20,649.00,0.00
6564,2197,22,21,75.00,5.00
6565,2198,5,22,349.00,0.00
6566,2198,18,5,89.00,0.00
6567,2198,22,12,75.00,0.00
6568,2198,23,21,22.00,0.00
6569,2199,23,7,22.00,0.00
6570,2199,8,17,389.00,0.00
6571,2200,31,13,15.00,0.00
6572,2200,33,11,65.00,10.00
6573,2200,18,23,89.00,0.00
6574,2200,1,12,499.00,5.00
6575,2201,17,27,189.00,10.00
6576,2201,1,10,499.00,0.00
6577,2201,24,25,95.00,0.00
6578,2202,29,28,32.00,0.00
6579,2202,25,9,42.00,0.00
6580,2202,18,21,89.00,10.00
6581,2202,17,21,189.00,10.00
6582,2203,8,22,389.00,0.00
6583,2203,31,12,15.00,0.00
6584,2203,2,18,899.00,5.00
6585,2204,29,1,32.00,5.00
6586,2205,9,14,149.00,0.00
6587,2205,10,25,799.00,0.00
6588,2205,23,18,22.00,10.00
6589,2206,3,25,249.00,10.00
6590,2206,30,20,27.00,5.00
6591,2206,15,2,379.00,10.00
6592,2206,25,20,42.00,0.00
6593,2206,16,29,45.00,0.00
6594,2207,29,26,32.00,5.00
6595,2207,4,11,129.00,0.00
6596,2207,14,14,549.00,0.00
6597,2207,12,7,459.00,0.00
6598,2208,32,17,45.00,0.00
6599,2208,24,5,95.00,5.00
6600,2208,7,22,549.00,0.00
6601,2208,13,14,649.00,0.00
6602,2209,4,22,129.00,0.00
6603,2209,8,9,389.00,5.00
6604,2209,2,25,899.00,10.00
6605,2209,14,30,549.00,5.00
6606,2209,2,24,899.00,5.00
6607,2210,32,19,45.00,0.00
6608,2210,32,13,45.00,0.00
6609,2210,1,21,499.00,0.00
6610,2210,28,25,120.00,5.00
6611,2211,29,5,32.00,0.00
6612,2211,2,9,899.00,0.00
6613,2211,18,20,89.00,10.00
6614,2211,9,20,149.00,0.00
6615,2211,26,30,12.00,10.00
6616,2212,25,30,42.00,10.00
6617,2212,12,3,459.00,0.00
6618,2212,22,30,75.00,0.00
6619,2212,4,17,129.00,0.00
6620,2212,9,4,149.00,10.00
6621,2213,35,19,79.00,0.00
6622,2214,30,21,27.00,10.00
6623,2214,17,19,189.00,5.00
6624,2214,28,23,120.00,0.00
6625,2215,20,26,159.00,5.00
6626,2215,19,24,69.00,0.00
6627,2215,5,22,349.00,0.00
6628,2215,1,13,499.00,10.00
6629,2215,24,14,95.00,0.00
6630,2216,32,29,45.00,0.00
6631,2216,10,10,799.00,10.00
6632,2216,2,25,899.00,10.00
6633,2217,32,14,45.00,5.00
6634,2217,25,21,42.00,0.00
6635,2217,25,14,42.00,0.00
6636,2217,18,29,89.00,0.00
6637,2218,12,6,459.00,10.00
6638,2219,31,16,15.00,10.00
6639,2219,7,3,549.00,10.00
6640,2219,3,25,249.00,10.00
6641,2219,24,26,95.00,0.00
6642,2220,10,12,799.00,0.00
6643,2220,25,28,42.00,0.00
6644,2220,33,2,65.00,0.00
6645,2220,5,8,349.00,10.00
6646,2220,31,18,15.00,0.00
6647,2221,6,13,699.00,0.00
6648,2222,25,19,42.00,0.00
6649,2222,12,16,459.00,0.00
6650,2222,5,4,349.00,0.00
6651,2222,11,3,899.00,0.00
6652,2222,17,23,189.00,0.00
6653,2223,19,30,69.00,0.00
6654,2223,18,22,89.00,0.00
6655,2224,16,17,45.00,0.00
6656,2224,17,4,189.00,0.00
6657,2225,15,5,379.00,0.00
6658,2225,33,8,65.00,0.00
6659,2226,9,21,149.00,5.00
6660,2226,21,23,58.00,10.00
6661,2226,19,25,69.00,0.00
6662,2226,24,4,95.00,0.00
6663,2226,18,23,89.00,0.00
6664,2227,20,9,159.00,10.00
6665,2227,7,14,549.00,5.00
6666,2227,18,5,89.00,0.00
6667,2227,26,28,12.00,0.00
6668,2227,3,10,249.00,0.00
6669,2228,9,7,149.00,0.00
6670,2228,10,8,799.00,0.00
6671,2228,6,20,699.00,5.00
6672,2228,23,2,22.00,0.00
6673,2229,7,8,549.00,5.00
6674,2229,21,1,58.00,0.00
6675,2229,7,6,549.00,0.00
6676,2230,32,30,45.00,0.00
6677,2231,9,4,149.00,10.00
6678,2232,8,14,389.00,0.00
6679,2232,17,21,189.00,10.00
6680,2233,2,13,899.00,10.00
6681,2233,14,5,549.00,0.00
6682,2233,17,19,189.00,5.00
6683,2233,18,15,89.00,10.00
6684,2233,11,21,899.00,0.00
6685,2234,31,21,15.00,10.00
6686,2234,1,20,499.00,0.00
6687,2234,1,16,499.00,0.00
6688,2234,13,29,649.00,5.00
6689,2234,27,20,18.00,10.00
6690,2235,29,5,32.00,0.00
6691,2235,12,16,459.00,5.00
6692,2235,20,27,159.00,5.00
6693,2235,35,25,79.00,0.00
6694,2235,30,3,27.00,10.00
6695,2236,13,29,649.00,5.00
6696,2236,8,7,389.00,0.00
6697,2236,14,23,549.00,0.00
6698,2236,21,7,58.00,0.00
6699,2237,11,8,899.00,0.00
6700,2238,35,22,79.00,5.00
6701,2238,1,5,499.00,5.00
6702,2238,12,12,459.00,10.00
6703,2239,33,16,65.00,5.00
6704,2240,35,4,79.00,5.00
6705,2240,26,24,12.00,5.00
6706,2240,11,11,899.00,5.00
6707,2240,31,30,15.00,0.00
6708,2241,24,6,95.00,10.00
6709,2242,9,9,149.00,5.00
6710,2242,34,17,35.00,5.00
6711,2242,11,5,899.00,10.00
6712,2242,23,24,22.00,0.00
6713,2242,24,11,95.00,5.00
6714,2243,14,18,549.00,5.00
6715,2244,34,25,35.00,0.00
6716,2244,19,30,69.00,0.00
6717,2244,2,30,899.00,5.00
6718,2244,35,16,79.00,5.00
6719,2245,26,9,12.00,0.00
6720,2246,16,30,45.00,5.00
6721,2246,14,29,549.00,5.00
6722,2246,9,12,149.00,0.00
6723,2246,22,18,75.00,0.00
6724,2247,6,10,699.00,0.00
6725,2248,19,20,69.00,5.00
6726,2248,15,30,379.00,5.00
6727,2249,3,30,249.00,5.00
6728,2249,18,14,89.00,5.00
6729,2249,6,21,699.00,10.00
6730,2250,30,17,27.00,0.00
6731,2250,15,12,379.00,5.00
6732,2250,25,4,42.00,0.00
6733,2251,25,17,42.00,5.00
6734,2251,26,18,12.00,5.00
6735,2251,7,17,549.00,0.00
6736,2251,7,15,549.00,10.00
6737,2251,22,20,75.00,0.00
6738,2252,11,23,899.00,10.00
6739,2252,3,22,249.00,0.00
6740,2253,21,14,58.00,0.00
6741,2253,26,15,12.00,0.00
6742,2253,13,8,649.00,0.00
6743,2254,20,4,159.00,10.00
6744,2254,32,29,45.00,0.00
6745,2254,25,5,42.00,5.00
6746,2254,27,27,18.00,0.00
6747,2254,8,16,389.00,0.00
6748,2255,13,19,649.00,0.00
6749,2256,18,14,89.00,10.00
6750,2256,32,27,45.00,5.00
6751,2257,8,16,389.00,10.00
6752,2257,8,6,389.00,0.00
6753,2257,28,4,120.00,0.00
6754,2257,28,8,120.00,10.00
6755,2257,30,12,27.00,0.00
6756,2258,20,4,159.00,10.00
6757,2258,32,28,45.00,10.00
6758,2258,34,28,35.00,5.00
6759,2258,2,28,899.00,0.00
6760,2258,17,30,189.00,0.00
6761,2259,14,14,549.00,0.00
6762,2259,8,22,389.00,10.00
6763,2259,27,24,18.00,5.00
6764,2260,10,19,799.00,0.00
6765,2260,34,19,35.00,0.00
6766,2260,10,22,799.00,5.00
6767,2261,8,14,389.00,5.00
6768,2261,26,23,12.00,5.00
6769,2261,35,28,79.00,5.00
6770,2261,25,13,42.00,10.00
6771,2261,16,12,45.00,5.00
6772,2262,6,15,699.00,0.00
6773,2262,21,26,58.00,0.00
6774,2262,33,6,65.00,0.00
6775,2263,16,1,45.00,5.00
6776,2263,26,13,12.00,10.00
6777,2264,14,8,549.00,0.00
6778,2264,24,3,95.00,0.00
6779,2264,20,22,159.00,10.00
6780,2264,9,20,149.00,0.00
6781,2264,17,27,189.00,10.00
6782,2265,9,16,149.00,10.00
6783,2265,28,11,120.00,0.00
6784,2265,2,30,899.00,5.00
6785,2265,30,30,27.00,0.00
6786,2265,24,12,95.00,10.00
6787,2266,30,18,27.00,0.00
6788,2266,12,13,459.00,0.00
6789,2267,16,27,45.00,0.00
6790,2267,23,1,22.00,0.00
6791,2267,18,8,89.00,5.00
6792,2267,24,11,95.00,5.00
6793,2268,2,6,899.00,5.00
6794,2268,4,12,129.00,0.00
6795,2269,22,1,75.00,0.00
6796,2270,15,1,379.00,10.00
6797,2270,5,4,349.00,0.00
6798,2271,25,1,42.00,0.00
6799,2271,4,12,129.00,0.00
6800,2271,25,25,42.00,10.00
6801,2271,9,15,149.00,0.00
6802,2271,21,3,58.00,5.00
6803,2272,6,29,699.00,0.00
6804,2272,34,21,35.00,0.00
6805,2272,27,3,18.00,0.00
6806,2273,19,21,69.00,5.00
6807,2273,27,18,18.00,0.00
6808,2273,9,13,149.00,0.00
6809,2273,30,28,27.00,0.00
6810,2274,31,29,15.00,0.00
6811,2274,34,11,35.00,10.00
6812,2274,35,16,79.00,5.00
6813,2274,22,5,75.00,10.00
6814,2274,1,12,499.00,10.00
6815,2275,21,11,58.00,10.00
6816,2275,25,19,42.00,0.00
6817,2275,10,9,799.00,5.00
6818,2275,15,4,379.00,0.00
6819,2275,2,13,899.00,10.00
6820,2276,7,19,549.00,5.00
6821,2276,9,11,149.00,0.00
6822,2276,1,3,499.00,0.00
6823,2277,34,1,35.00,0.00
6824,2277,30,22,27.00,0.00
6825,2277,8,26,389.00,0.00
6826,2278,16,10,45.00,0.00
6827,2278,29,18,32.00,0.00
6828,2278,31,24,15.00,0.00
6829,2278,15,30,379.00,5.00
6830,2278,13,24,649.00,10.00
6831,2279,35,24,79.00,0.00
6832,2279,30,3,27.00,10.00
6833,2279,3,25,249.00,10.00
6834,2279,29,17,32.00,0.00
6835,2280,13,7,649.00,0.00
6836,2281,25,30,42.00,10.00
6837,2281,11,27,899.00,0.00
6838,2281,33,4,65.00,5.00
6839,2281,19,9,69.00,10.00
6840,2281,21,8,58.00,0.00
6841,2282,32,9,45.00,5.00
6842,2282,23,5,22.00,10.00
6843,2282,32,25,45.00,0.00
6844,2282,23,30,22.00,10.00
6845,2283,2,12,899.00,5.00
6846,2283,23,29,22.00,10.00
6847,2284,12,1,459.00,0.00
6848,2284,33,3,65.00,0.00
6849,2284,21,8,58.00,0.00
6850,2284,23,25,22.00,0.00
6851,2284,33,14,65.00,0.00
6852,2285,27,9,18.00,0.00
6853,2286,8,15,389.00,10.00
6854,2287,9,27,149.00,5.00
6855,2287,23,9,22.00,0.00
6856,2287,28,9,120.00,0.00
6857,2288,24,1,95.00,0.00
6858,2288,13,18,649.00,10.00
6859,2288,14,13,549.00,10.00
6860,2289,2,25,899.00,10.00
6861,2290,35,13,79.00,0.00
6862,2290,16,24,45.00,5.00
6863,2290,30,9,27.00,10.00
6864,2290,29,7,32.00,5.00
6865,2290,19,22,69.00,0.00
6866,2291,23,23,22.00,10.00
6867,2291,4,27,129.00,0.00
6868,2291,1,22,499.00,0.00
6869,2291,9,23,149.00,0.00
6870,2291,7,19,549.00,0.00
6871,2292,14,9,549.00,0.00
6872,2292,24,12,95.00,0.00
6873,2293,29,19,32.00,5.00
6874,2294,21,14,58.00,0.00
6875,2295,24,19,95.00,0.00
6876,2295,12,15,459.00,0.00
6877,2295,3,25,249.00,10.00
6878,2295,24,28,95.00,5.00
6879,2295,14,30,549.00,5.00
6880,2296,8,7,389.00,0.00
6881,2296,7,24,549.00,0.00
6882,2296,28,20,120.00,10.00
6883,2296,25,20,42.00,0.00
6884,2297,16,16,45.00,0.00
6885,2297,30,11,27.00,0.00
6886,2298,20,19,159.00,0.00
6887,2298,2,4,899.00,0.00
6888,2298,34,13,35.00,0.00
6889,2298,30,18,27.00,0.00
6890,2299,18,2,89.00,5.00
6891,2300,7,1,549.00,0.00
6892,2300,31,16,15.00,0.00
6893,2301,6,24,699.00,0.00
6894,2302,23,30,22.00,10.00
6895,2302,26,26,12.00,0.00
6896,2302,1,20,499.00,0.00
6897,2302,15,9,379.00,0.00
6898,2303,16,22,45.00,0.00
6899,2303,13,28,649.00,0.00
6900,2303,21,15,58.00,5.00
6901,2304,29,30,32.00,0.00
6902,2305,32,4,45.00,10.00
6903,2306,1,26,499.00,0.00
6904,2307,3,27,249.00,0.00
6905,2307,22,11,75.00,10.00
6906,2307,11,28,899.00,5.00
6907,2307,22,3,75.00,5.00
6908,2307,26,26,12.00,0.00
6909,2308,21,26,58.00,0.00
6910,2308,25,7,42.00,10.00
6911,2309,21,2,58.00,0.00
6912,2309,35,20,79.00,0.00
6913,2309,29,29,32.00,0.00
6914,2309,1,27,499.00,0.00
6915,2310,3,26,249.00,10.00
6916,2311,7,20,549.00,5.00
6917,2311,30,27,27.00,10.00
6918,2311,31,18,15.00,0.00
6919,2312,20,27,159.00,5.00
6920,2312,29,2,32.00,5.00
6921,2312,16,3,45.00,0.00
6922,2312,6,16,699.00,0.00
6923,2313,35,19,79.00,0.00
6924,2313,16,4,45.00,0.00
6925,2313,18,30,89.00,0.00
6926,2313,15,21,379.00,0.00
6927,2314,23,30,22.00,0.00
6928,2315,2,26,899.00,0.00
6929,2315,23,3,22.00,0.00
6930,2315,21,7,58.00,0.00
6931,2315,24,20,95.00,0.00
6932,2315,34,9,35.00,0.00
6933,2316,35,23,79.00,5.00
6934,2317,29,15,32.00,0.00
6935,2317,21,26,58.00,0.00
6936,2317,35,11,79.00,10.00
6937,2318,26,5,12.00,0.00
6938,2319,1,10,499.00,0.00
6939,2319,13,11,649.00,5.00
6940,2320,34,7,35.00,0.00
6941,2321,4,1,129.00,5.00
6942,2321,23,30,22.00,10.00
6943,2321,35,30,79.00,10.00
6944,2322,21,5,58.00,10.00
6945,2322,17,11,189.00,0.00
6946,2322,3,2,249.00,0.00
6947,2323,6,13,699.00,5.00
6948,2323,4,17,129.00,0.00
6949,2323,3,9,249.00,0.00
6950,2324,33,6,65.00,0.00
6951,2324,9,22,149.00,10.00
6952,2324,9,17,149.00,0.00
6953,2324,25,10,42.00,0.00
6954,2325,4,13,129.00,5.00
6955,2326,10,9,799.00,5.00
6956,2327,3,28,249.00,0.00
6957,2327,5,15,349.00,0.00
6958,2327,29,30,32.00,0.00
6959,2328,17,20,189.00,5.00
6960,2328,33,11,65.00,0.00
6961,2328,33,18,65.00,0.00
6962,2328,31,1,15.00,0.00
6963,2328,4,9,129.00,0.00
6964,2329,16,26,45.00,10.00
6965,2330,14,14,549.00,0.00
6966,2330,7,20,549.00,5.00
6967,2330,6,29,699.00,0.00
6968,2331,13,26,649.00,0.00
6969,2331,5,8,349.00,10.00
6970,2331,17,26,189.00,10.00
6971,2331,26,4,12.00,0.00
6972,2332,2,14,899.00,0.00
6973,2332,12,7,459.00,0.00
6974,2332,2,23,899.00,0.00
6975,2333,33,25,65.00,0.00
6976,2333,32,21,45.00,5.00
6977,2333,18,13,89.00,5.00
6978,2334,20,24,159.00,0.00
6979,2334,14,26,549.00,0.00
6980,2334,4,2,129.00,10.00
6981,2334,26,22,12.00,0.00
6982,2334,29,27,32.00,0.00
6983,2335,10,17,799.00,10.00
6984,2335,29,14,32.00,10.00
6985,2335,24,30,95.00,10.00
6986,2335,4,5,129.00,0.00
6987,2335,23,29,22.00,5.00
6988,2336,30,19,27.00,5.00
6989,2337,9,1,149.00,0.00
6990,2337,3,4,249.00,0.00
6991,2337,12,18,459.00,0.00
6992,2337,9,8,149.00,0.00
6993,2338,8,2,389.00,5.00
6994,2338,32,22,45.00,10.00
6995,2339,31,26,15.00,5.00
6996,2340,34,21,35.00,0.00
6997,2341,27,27,18.00,0.00
6998,2341,9,20,149.00,0.00
6999,2341,25,28,42.00,0.00
7000,2341,28,13,120.00,5.00
7001,2342,3,17,249.00,0.00
7002,2342,34,8,35.00,0.00
7003,2342,4,13,129.00,10.00
7004,2343,1,29,499.00,5.00
7005,2343,14,30,549.00,10.00
7006,2343,2,26,899.00,0.00
7007,2343,30,1,27.00,0.00
7008,2344,1,6,499.00,10.00
7009,2344,11,18,899.00,10.00
7010,2345,3,7,249.00,10.00
7011,2346,17,12,189.00,0.00
7012,2346,21,8,58.00,0.00
7013,2346,35,10,79.00,0.00
7014,2346,32,26,45.00,0.00
7015,2346,9,18,149.00,0.00
7016,2347,31,22,15.00,10.00
7017,2347,10,23,799.00,10.00
7018,2347,12,29,459.00,5.00
7019,2348,2,25,899.00,10.00
7020,2348,19,19,69.00,0.00
7021,2348,24,25,95.00,0.00
7022,2349,30,20,27.00,5.00
7023,2349,15,3,379.00,0.00
7024,2349,26,2,12.00,0.00
7025,2350,8,22,389.00,10.00
7026,2351,27,2,18.00,10.00
7027,2351,27,26,18.00,10.00
7028,2351,6,1,699.00,5.00
7029,2351,2,12,899.00,5.00
7030,2351,17,5,189.00,0.00
7031,2352,4,2,129.00,10.00
7032,2352,10,21,799.00,0.00
7033,2352,34,2,35.00,0.00
7034,2353,15,22,379.00,0.00
7035,2354,14,4,549.00,0.00
7036,2354,10,13,799.00,0.00
7037,2354,35,7,79.00,0.00
7038,2354,23,1,22.00,0.00
7039,2354,29,18,32.00,0.00
7040,2355,35,22,79.00,5.00
7041,2355,16,3,45.00,10.00
7042,2356,25,4,42.00,0.00
7043,2356,5,7,349.00,5.00
7044,2356,25,15,42.00,0.00
7045,2357,15,27,379.00,0.00
7046,2357,2,25,899.00,0.00
7047,2357,20,22,159.00,10.00
7048,2357,15,10,379.00,0.00
7049,2358,26,2,12.00,0.00
7050,2358,8,27,389.00,5.00
7051,2358,11,6,899.00,10.00
7052,2358,5,26,349.00,10.00
7053,2358,21,14,58.00,0.00
7054,2359,21,2,58.00,0.00
7055,2359,28,5,120.00,0.00
7056,2359,26,11,12.00,0.00
7057,2359,15,18,379.00,5.00
7058,2360,1,11,499.00,5.00
7059,2360,21,24,58.00,0.00
7060,2360,14,16,549.00,0.00
7061,2361,16,24,45.00,5.00
7062,2362,8,9,389.00,5.00
7063,2362,4,5,129.00,0.00
7064,2362,33,6,65.00,0.00
7065,2363,26,3,12.00,0.00
7066,2363,35,5,79.00,5.00
7067,2363,16,29,45.00,0.00
7068,2364,28,9,120.00,0.00
7069,2364,20,16,159.00,10.00
7070,2364,35,6,79.00,10.00
7071,2365,13,17,649.00,5.00
7072,2366,14,1,549.00,10.00
7073,2366,3,28,249.00,0.00
7074,2366,2,4,899.00,0.00
7075,2366,27,16,18.00,0.00
7076,2366,32,21,45.00,5.00
7077,2367,35,17,79.00,5.00
7078,2367,31,9,15.00,5.00
7079,2367,1,25,499.00,10.00
7080,2368,12,1,459.00,0.00
7081,2368,20,13,159.00,0.00
7082,2368,33,11,65.00,0.00
7083,2368,34,22,35.00,5.00
7084,2368,17,6,189.00,0.00
7085,2369,23,2,22.00,0.00
7086,2370,23,15,22.00,0.00
7087,2370,32,3,45.00,5.00
7088,2370,9,6,149.00,0.00
7089,2371,3,17,249.00,5.00
7090,2371,12,27,459.00,0.00
7091,2372,5,3,349.00,0.00
7092,2372,33,18,65.00,0.00
7093,2372,18,13,89.00,0.00
7094,2373,32,11,45.00,10.00
7095,2373,33,20,65.00,0.00
7096,2373,24,24,95.00,10.00
7097,2374,16,14,45.00,0.00
7098,2374,24,11,95.00,5.00
7099,2375,3,3,249.00,0.00
7100,2376,1,21,499.00,0.00
7101,2376,33,13,65.00,0.00
7102,2376,23,3,22.00,0.00
7103,2377,8,13,389.00,0.00
7104,2377,31,3,15.00,5.00
7105,2377,18,10,89.00,0.00
7106,2377,5,19,349.00,5.00
7107,2377,29,25,32.00,5.00
7108,2378,32,29,45.00,10.00
7109,2378,5,21,349.00,10.00
7110,2378,28,30,120.00,5.00
7111,2379,19,23,69.00,0.00
7112,2379,12,11,459.00,5.00
7113,2379,17,8,189.00,10.00
7114,2379,13,10,649.00,0.00
7115,2380,3,17,249.00,0.00
7116,2380,28,16,120.00,0.00
7117,2381,28,14,120.00,10.00
7118,2381,6,4,699.00,0.00
7119,2381,7,17,549.00,0.00
7120,2381,23,13,22.00,0.00
7121,2381,19,6,69.00,0.00
7122,2382,24,25,95.00,0.00
7123,2383,27,16,18.00,0.00
7124,2383,1,5,499.00,5.00
7125,2383,35,26,79.00,0.00
7126,2383,35,1,79.00,0.00
7127,2384,24,12,95.00,10.00
7128,2384,20,30,159.00,0.00
7129,2385,27,17,18.00,0.00
7130,2386,24,19,95.00,0.00
7131,2386,3,22,249.00,0.00
7132,2386,2,29,899.00,0.00
7133,2387,4,18,129.00,0.00
7134,2387,5,29,349.00,0.00
7135,2388,25,29,42.00,5.00
7136,2389,17,18,189.00,0.00
7137,2389,30,20,27.00,5.00
7138,2389,14,1,549.00,10.00
7139,2389,8,17,389.00,0.00
7140,2389,30,28,27.00,0.00
7141,2390,30,6,27.00,0.00
7142,2390,10,6,799.00,0.00
7143,2390,19,28,69.00,0.00
7144,2390,20,18,159.00,0.00
7145,2391,16,20,45.00,10.00
7146,2391,16,19,45.00,5.00
7147,2392,20,12,159.00,0.00
7148,2392,6,1,699.00,5.00
7149,2392,4,19,129.00,5.00
7150,2393,18,3,89.00,10.00
7151,2393,8,11,389.00,0.00
7152,2393,31,25,15.00,0.00
7153,2393,2,21,899.00,0.00
7154,2393,21,30,58.00,0.00
7155,2394,26,18,12.00,10.00
7156,2394,11,3,899.00,0.00
7157,2394,16,17,45.00,0.00
7158,2394,26,7,12.00,10.00
7159,2395,27,5,18.00,0.00
7160,2395,6,6,699.00,0.00
7161,2396,28,17,120.00,0.00
7162,2397,27,18,18.00,5.00
7163,2397,31,7,15.00,0.00
7164,2397,15,26,379.00,10.00
7165,2397,6,29,699.00,0.00
7166,2398,1,10,499.00,0.00
7167,2398,29,14,32.00,5.00
7168,2398,18,5,89.00,0.00
7169,2399,7,5,549.00,0.00
7170,2399,18,27,89.00,10.00
7171,2400,28,7,120.00,10.00
7172,2400,12,9,459.00,0.00
7173,2400,33,18,65.00,0.00
7174,2401,16,23,45.00,0.00
7175,2401,27,17,18.00,0.00
7176,2401,7,8,549.00,5.00
7177,2401,15,7,379.00,10.00
7178,2401,26,28,12.00,0.00
7179,2402,17,7,189.00,5.00
7180,2403,8,18,389.00,0.00
7181,2403,17,21,189.00,0.00
7182,2403,1,30,499.00,10.00
7183,2404,18,19,89.00,0.00
7184,2404,3,18,249.00,5.00
7185,2405,9,12,149.00,0.00
7186,2405,31,22,15.00,10.00
7187,2405,25,18,42.00,10.00
7188,2405,21,10,58.00,5.00
7189,2406,27,26,18.00,10.00
7190,2406,33,29,65.00,10.00
7191,2407,18,29,89.00,0.00
7192,2407,13,2,649.00,0.00
7193,2407,20,11,159.00,0.00
7194,2407,10,7,799.00,0.00
7195,2407,28,2,120.00,10.00
7196,2408,27,29,18.00,0.00
7197,2408,10,3,799.00,5.00
7198,2408,5,17,349.00,0.00
7199,2408,4,15,129.00,0.00
7200,2408,9,23,149.00,0.00
7201,2409,19,15,69.00,5.00
7202,2409,13,15,649.00,0.00
7203,2409,10,9,799.00,5.00
7204,2409,18,15,89.00,10.00
7205,2410,24,7,95.00,0.00
7206,2411,8,24,389.00,0.00
7207,2411,11,17,899.00,10.00
7208,2411,17,27,189.00,10.00
7209,2412,30,17,27.00,0.00
7210,2412,35,19,79.00,0.00
7211,2412,19,11,69.00,0.00
7212,2413,3,15,249.00,0.00
7213,2413,20,5,159.00,0.00
7214,2414,3,3,249.00,0.00
7215,2414,25,27,42.00,0.00
7216,2414,9,2,149.00,0.00
7217,2414,18,26,89.00,10.00
7218,2415,30,6,27.00,0.00
7219,2416,31,19,15.00,0.00
7220,2416,19,9,69.00,5.00
7221,2417,33,21,65.00,5.00
7222,2417,13,23,649.00,5.00
7223,2417,10,7,799.00,0.00
7224,2417,29,8,32.00,5.00
7225,2418,27,5,18.00,0.00
7226,2419,3,27,249.00,0.00
7227,2420,13,11,649.00,5.00
7228,2420,15,30,379.00,5.00
7229,2420,12,19,459.00,0.00
7230,2420,6,4,699.00,0.00
7231,2420,18,28,89.00,0.00
7232,2421,29,20,32.00,5.00
7233,2421,1,20,499.00,0.00
7234,2421,8,10,389.00,0.00
7235,2421,7,27,549.00,5.00
7236,2421,9,29,149.00,10.00
7237,2422,12,7,459.00,0.00
7238,2422,4,2,129.00,10.00
7239,2422,10,24,799.00,0.00
7240,2422,27,23,18.00,0.00
7241,2423,15,13,379.00,10.00
7242,2423,3,25,249.00,5.00
7243,2424,14,20,549.00,0.00
7244,2424,13,20,649.00,0.00
7245,2424,22,22,75.00,5.00
7246,2425,33,9,65.00,5.00
7247,2426,27,11,18.00,0.00
7248,2426,16,24,45.00,0.00
7249,2426,13,6,649.00,10.00
7250,2426,18,4,89.00,0.00
7251,2427,6,24,699.00,0.00
7252,2427,3,26,249.00,0.00
7253,2428,34,22,35.00,5.00
7254,2429,3,3,249.00,0.00
7255,2429,16,23,45.00,0.00
7256,2429,13,7,649.00,0.00
7257,2429,18,12,89.00,0.00
7258,2430,11,9,899.00,5.00
7259,2431,14,3,549.00,0.00
7260,2431,12,20,459.00,0.00
7261,2431,9,16,149.00,10.00
7262,2431,1,11,499.00,5.00
7263,2431,6,27,699.00,10.00
7264,2432,27,24,18.00,5.00
7265,2432,31,13,15.00,0.00
7266,2433,3,13,249.00,10.00
7267,2433,6,6,699.00,0.00
7268,2434,32,26,45.00,5.00
7269,2434,15,8,379.00,0.00
7270,2435,10,25,799.00,0.00
7271,2435,17,25,189.00,5.00
7272,2435,25,20,42.00,0.00
7273,2436,27,12,18.00,5.00
7274,2436,2,8,899.00,0.00
7275,2436,2,24,899.00,5.00
7276,2437,30,28,27.00,0.00
7277,2437,22,26,75.00,0.00
7278,2437,15,26,379.00,0.00
7279,2437,24,7,95.00,0.00
7280,2438,20,13,159.00,0.00
7281,2438,25,13,42.00,10.00
7282,2438,6,7,699.00,0.00
7283,2439,21,1,58.00,0.00
7284,2439,1,24,499.00,10.00
7285,2440,24,29,95.00,5.00
7286,2440,35,20,79.00,0.00
7287,2440,7,8,549.00,5.00
7288,2441,3,26,249.00,0.00
7289,2442,35,14,79.00,0.00
7290,2442,23,29,22.00,10.00
7291,2442,10,28,799.00,5.00
7292,2443,27,25,18.00,10.00
7293,2443,22,21,75.00,0.00
7294,2443,19,3,69.00,10.00
7295,2443,11,21,899.00,0.00
7296,2444,23,6,22.00,0.00
7297,2444,19,19,69.00,0.00
7298,2444,10,3,799.00,0.00
7299,2444,26,26,12.00,0.00
7300,2445,7,12,549.00,0.00
7301,2445,32,7,45.00,0.00
7302,2445,15,24,379.00,5.00
7303,2445,9,1,149.00,0.00
7304,2445,20,27,159.00,5.00
7305,2446,20,20,159.00,0.00
7306,2447,31,1,15.00,0.00
7307,2447,8,21,389.00,10.00
7308,2447,5,2,349.00,10.00
7309,2447,20,28,159.00,10.00
7310,2448,2,7,899.00,0.00
7311,2448,13,24,649.00,10.00
7312,2448,30,22,27.00,0.00
7313,2448,4,12,129.00,5.00
7314,2448,30,13,27.00,0.00
7315,2449,19,30,69.00,0.00
7316,2449,29,29,32.00,0.00
7317,2449,30,5,27.00,0.00
7318,2450,1,1,499.00,10.00
7319,2451,28,29,120.00,0.00
7320,2451,16,24,45.00,5.00
7321,2452,5,4,349.00,0.00
7322,2452,31,20,15.00,5.00
7323,2452,4,19,129.00,10.00
7324,2452,18,28,89.00,0.00
7325,2452,19,15,69.00,10.00
7326,2453,4,6,129.00,0.00
7327,2453,14,7,549.00,10.00
7328,2453,27,5,18.00,0.00
7329,2453,5,1,349.00,5.00
7330,2454,7,7,549.00,0.00
7331,2454,6,2,699.00,5.00
7332,2454,23,30,22.00,10.00
7333,2455,17,20,189.00,10.00
7334,2455,5,8,349.00,5.00
7335,2455,5,11,349.00,0.00
7336,2456,1,16,499.00,0.00
7337,2456,34,10,35.00,5.00
7338,2457,30,12,27.00,0.00
7339,2457,6,13,699.00,0.00
7340,2457,26,27,12.00,0.00
7341,2458,24,20,95.00,0.00
7342,2458,12,27,459.00,0.00
7343,2458,18,8,89.00,5.00
7344,2459,33,4,65.00,10.00
7345,2459,32,28,45.00,10.00
7346,2459,34,30,35.00,0.00
7347,2460,3,25,249.00,5.00
7348,2460,19,10,69.00,0.00
7349,2460,8,27,389.00,10.00
7350,2460,24,23,95.00,5.00
7351,2460,21,17,58.00,0.00
7352,2461,9,24,149.00,0.00
7353,2462,20,10,159.00,10.00
7354,2463,20,12,159.00,0.00
7355,2463,17,13,189.00,5.00
7356,2463,30,11,27.00,0.00
7357,2463,11,21,899.00,0.00
7358,2464,9,5,149.00,0.00
7359,2465,3,23,249.00,5.00
7360,2465,28,5,120.00,0.00
7361,2465,8,3,389.00,5.00
7362,2465,12,15,459.00,0.00
7363,2465,21,23,58.00,10.00
7364,2466,18,9,89.00,10.00
7365,2466,15,18,379.00,5.00
7366,2466,11,21,899.00,0.00
7367,2467,30,18,27.00,0.00
7368,2468,20,30,159.00,0.00
7369,2468,7,9,549.00,10.00
7370,2468,15,17,379.00,0.00
7371,2468,21,18,58.00,0.00
7372,2469,7,21,549.00,10.00
7373,2470,24,18,95.00,10.00
7374,2470,16,22,45.00,0.00
7375,2471,23,14,22.00,0.00
7376,2471,9,7,149.00,0.00
7377,2471,13,19,649.00,0.00
7378,2472,22,24,75.00,0.00
7379,2472,30,3,27.00,10.00
7380,2472,18,19,89.00,5.00
7381,2472,8,7,389.00,0.00
7382,2473,18,6,89.00,0.00
7383,2473,22,24,75.00,0.00
7384,2473,30,6,27.00,0.00
7385,2473,1,4,499.00,0.00
7386,2474,7,22,549.00,0.00
7387,2474,4,12,129.00,0.00
7388,2475,11,7,899.00,0.00
7389,2475,14,11,549.00,0.00
7390,2475,21,10,58.00,10.00
7391,2476,33,5,65.00,10.00
7392,2476,16,8,45.00,10.00
7393,2476,1,5,499.00,5.00
7394,2477,27,29,18.00,0.00
7395,2477,25,30,42.00,10.00
7396,2477,4,3,129.00,0.00
7397,2477,15,20,379.00,10.00
7398,2477,30,12,27.00,0.00
7399,2478,21,7,58.00,0.00
7400,2478,6,21,699.00,10.00
7401,2479,16,26,45.00,10.00
7402,2479,35,8,79.00,0.00
7403,2479,22,6,75.00,0.00
7404,2479,11,28,899.00,5.00
7405,2479,21,28,58.00,10.00
7406,2480,20,11,159.00,0.00
7407,2480,14,21,549.00,0.00
7408,2480,33,3,65.00,5.00
7409,2480,29,6,32.00,0.00
7410,2480,9,18,149.00,0.00
7411,2481,26,28,12.00,0.00
7412,2481,8,29,389.00,0.00
7413,2481,22,26,75.00,0.00
7414,2482,1,12,499.00,10.00
7415,2482,8,15,389.00,5.00
7416,2483,20,18,159.00,0.00
7417,2484,34,29,35.00,10.00
7418,2484,16,21,45.00,0.00
7419,2484,14,21,549.00,0.00
7420,2484,32,28,45.00,10.00
7421,2485,8,5,389.00,0.00
7422,2485,3,1,249.00,10.00
7423,2485,6,11,699.00,0.00
7424,2485,30,22,27.00,10.00
7425,2485,29,5,32.00,0.00
7426,2486,32,13,45.00,0.00
7427,2486,12,21,459.00,0.00
7428,2486,17,25,189.00,5.00
7429,2486,23,13,22.00,0.00
7430,2487,29,2,32.00,10.00
7431,2488,29,7,32.00,5.00
7432,2488,2,30,899.00,5.00
7433,2488,1,22,499.00,0.00
7434,2488,20,5,159.00,0.00
7435,2488,32,9,45.00,5.00
7436,2489,16,29,45.00,0.00
7437,2490,13,14,649.00,0.00
7438,2491,11,9,899.00,0.00
7439,2491,11,8,899.00,0.00
7440,2491,1,1,499.00,10.00
7441,2492,2,3,899.00,0.00
7442,2492,10,12,799.00,0.00
7443,2493,2,11,899.00,5.00
7444,2493,2,12,899.00,5.00
7445,2493,16,5,45.00,0.00
7446,2493,10,12,799.00,0.00
7447,2493,10,4,799.00,5.00
7448,2494,23,18,22.00,0.00
7449,2494,13,23,649.00,5.00
7450,2495,34,16,35.00,5.00
7451,2495,21,2,58.00,0.00
7452,2495,3,3,249.00,0.00
7453,2496,19,11,69.00,0.00
7454,2496,27,9,18.00,0.00
7455,2496,4,28,129.00,0.00
7456,2496,20,2,159.00,0.00
7457,2497,35,17,79.00,10.00
7458,2498,33,2,65.00,0.00
7459,2499,35,13,79.00,0.00
7460,2499,14,17,549.00,5.00
7461,2499,15,8,379.00,0.00
7462,2500,18,15,89.00,10.00
7463,2500,13,25,649.00,0.00
7464,2501,28,18,120.00,0.00
7465,2501,33,1,65.00,0.00
7466,2501,8,12,389.00,0.00
7467,2502,21,25,58.00,0.00
7468,2503,26,22,12.00,0.00
7469,2503,23,5,22.00,10.00
7470,2503,25,1,42.00,10.00
7471,2503,24,17,95.00,5.00
7472,2503,5,10,349.00,0.00
7473,2504,21,27,58.00,5.00
7474,2504,4,6,129.00,5.00
7475,2504,27,23,18.00,0.00
7476,2504,8,20,389.00,0.00
7477,2504,34,1,35.00,0.00
7478,2505,27,20,18.00,0.00
7479,2505,4,15,129.00,0.00
7480,2505,30,1,27.00,0.00
7481,2505,24,22,95.00,5.00
7482,2506,12,23,459.00,5.00
7483,2506,12,14,459.00,0.00
7484,2506,8,5,389.00,0.00
7485,2506,26,16,12.00,0.00
7486,2506,20,15,159.00,5.00
7487,2507,24,11,95.00,5.00
7488,2508,32,11,45.00,10.00
7489,2509,8,11,389.00,0.00
7490,2509,3,10,249.00,0.00
7491,2509,30,6,27.00,0.00
7492,2509,34,27,35.00,0.00
7493,2509,5,28,349.00,0.00
7494,2510,13,3,649.00,0.00
7495,2510,4,22,129.00,0.00
7496,2510,11,19,899.00,0.00
7497,2510,10,20,799.00,0.00
7498,2510,18,30,89.00,0.00
7499,2511,1,4,499.00,0.00
7500,2511,34,14,35.00,0.00
7501,2512,14,28,549.00,0.00
7502,2512,3,9,249.00,0.00
7503,2513,1,13,499.00,10.00
7504,2513,24,12,95.00,10.00
7505,2513,25,16,42.00,0.00
7506,2513,12,26,459.00,0.00
7507,2513,23,15,22.00,0.00
7508,2514,14,17,549.00,5.00
7509,2514,24,11,95.00,5.00
7510,2514,12,21,459.00,0.00
7511,2514,3,4,249.00,0.00
7512,2515,3,5,249.00,0.00
7513,2515,16,13,45.00,10.00
7514,2515,32,29,45.00,0.00
7515,2515,14,25,549.00,10.00
7516,2516,32,23,45.00,0.00
7517,2516,9,26,149.00,0.00
7518,2517,7,6,549.00,0.00
7519,2517,20,17,159.00,0.00
7520,2518,33,30,65.00,0.00
7521,2518,32,2,45.00,0.00
7522,2519,16,7,45.00,5.00
7523,2519,4,10,129.00,0.00
7524,2519,14,5,549.00,0.00
7525,2519,13,4,649.00,0.00
7526,2519,15,12,379.00,5.00
7527,2520,25,24,42.00,10.00
7528,2520,1,12,499.00,10.00
7529,2521,1,19,499.00,0.00
7530,2522,5,18,349.00,0.00
7531,2522,32,29,45.00,10.00
7532,2522,1,6,499.00,10.00
7533,2522,2,15,899.00,0.00
7534,2523,15,12,379.00,5.00
7535,2523,32,22,45.00,10.00
7536,2524,24,24,95.00,10.00
7537,2524,13,30,649.00,10.00
7538,2524,3,28,249.00,0.00
7539,2525,21,2,58.00,0.00
7540,2525,26,26,12.00,0.00
7541,2525,31,3,15.00,10.00
7542,2525,6,4,699.00,0.00
7543,2525,12,7,459.00,0.00
7544,2526,24,7,95.00,0.00
7545,2526,21,25,58.00,0.00
7546,2526,13,22,649.00,0.00
7547,2526,35,20,79.00,0.00
7548,2527,34,12,35.00,0.00
7549,2527,16,27,45.00,0.00
7550,2527,24,6,95.00,10.00
7551,2527,27,7,18.00,10.00
7552,2528,16,7,45.00,5.00
7553,2528,5,12,349.00,0.00
7554,2529,35,7,79.00,0.00
7555,2529,8,19,389.00,0.00
7556,2529,31,12,15.00,0.00
7557,2529,15,3,379.00,0.00
7558,2529,21,12,58.00,0.00
7559,2530,1,16,499.00,0.00
7560,2530,34,9,35.00,0.00
7561,2530,25,30,42.00,5.00
7562,2530,33,11,65.00,10.00
7563,2530,29,4,32.00,0.00
7564,2531,25,15,42.00,0.00
7565,2532,16,24,45.00,0.00
7566,2532,19,28,69.00,0.00
7567,2532,13,21,649.00,0.00
7568,2533,32,2,45.00,0.00
7569,2533,13,11,649.00,0.00
7570,2533,32,25,45.00,0.00
7571,2533,34,28,35.00,5.00
7572,2533,31,8,15.00,0.00
7573,2534,15,15,379.00,0.00
7574,2534,16,21,45.00,0.00
7575,2534,2,6,899.00,5.00
7576,2535,31,15,15.00,5.00
7577,2535,10,7,799.00,0.00
7578,2536,9,25,149.00,0.00
7579,2536,32,23,45.00,10.00
7580,2536,22,5,75.00,10.00
7581,2537,17,16,189.00,0.00
7582,2537,7,15,549.00,10.00
7583,2537,24,26,95.00,0.00
7584,2537,3,10,249.00,0.00
7585,2538,8,3,389.00,5.00
7586,2538,27,10,18.00,0.00
7587,2538,33,15,65.00,5.00
7588,2538,32,16,45.00,10.00
7589,2538,22,18,75.00,0.00
7590,2539,14,17,549.00,0.00
7591,2540,19,6,69.00,0.00
7592,2541,25,20,42.00,0.00
7593,2541,4,27,129.00,0.00
7594,2542,25,9,42.00,0.00
7595,2542,26,20,12.00,0.00
7596,2542,20,17,159.00,10.00
7597,2542,8,6,389.00,0.00
7598,2543,29,24,32.00,0.00
7599,2544,12,25,459.00,0.00
7600,2544,27,21,18.00,0.00
7601,2544,23,25,22.00,0.00
7602,2544,7,19,549.00,0.00
7603,2545,33,26,65.00,0.00
7604,2545,1,17,499.00,5.00
7605,2545,22,6,75.00,0.00
7606,2546,21,6,58.00,0.00
7607,2546,35,19,79.00,0.00
7608,2546,1,15,499.00,0.00
7609,2547,30,27,27.00,10.00
7610,2548,4,11,129.00,0.00
7611,2548,13,11,649.00,5.00
7612,2549,30,10,27.00,10.00
7613,2549,2,6,899.00,10.00
7614,2549,20,10,159.00,10.00
7615,2549,30,10,27.00,0.00
7616,2550,19,16,69.00,0.00
7617,2550,29,25,32.00,5.00
7618,2550,4,9,129.00,0.00
7619,2550,33,5,65.00,10.00
7620,2551,28,27,120.00,0.00
7621,2551,17,9,189.00,0.00
7622,2552,20,9,159.00,5.00
7623,2552,35,20,79.00,0.00
7624,2552,14,3,549.00,0.00
7625,2553,10,29,799.00,10.00
7626,2553,32,20,45.00,0.00
7627,2553,19,7,69.00,0.00
7628,2553,30,21,27.00,10.00
7629,2553,10,25,799.00,0.00
7630,2554,20,22,159.00,10.00
7631,2554,5,2,349.00,10.00
7632,2555,2,19,899.00,0.00
7633,2555,11,13,899.00,0.00
7634,2555,24,24,95.00,10.00
7635,2556,27,29,18.00,0.00
7636,2556,5,14,349.00,10.00
7637,2556,10,16,799.00,5.00
7638,2556,16,24,45.00,5.00
7639,2556,1,2,499.00,0.00
7640,2557,9,10,149.00,5.00
7641,2557,35,16,79.00,5.00
7642,2557,29,30,32.00,0.00
7643,2557,28,10,120.00,0.00
7644,2558,21,21,58.00,5.00
7645,2558,18,11,89.00,0.00
7646,2559,18,29,89.00,0.00
7647,2560,20,6,159.00,0.00
7648,2560,32,20,45.00,0.00
7649,2560,19,5,69.00,0.00
7650,2560,10,30,799.00,0.00
7651,2560,4,16,129.00,0.00
7652,2561,13,21,649.00,0.00
7653,2562,13,6,649.00,10.00
7654,2562,29,15,32.00,10.00
7655,2563,15,14,379.00,10.00
7656,2563,19,22,69.00,10.00
7657,2563,21,5,58.00,0.00
7658,2563,22,29,75.00,0.00
7659,2563,7,26,549.00,5.00
7660,2564,26,22,12.00,0.00
7661,2564,23,5,22.00,10.00
7662,2564,31,22,15.00,10.00
7663,2564,25,17,42.00,5.00
7664,2564,3,4,249.00,0.00
7665,2565,35,22,79.00,5.00
7666,2565,34,27,35.00,5.00
7667,2566,11,18,899.00,0.00
7668,2566,11,13,899.00,0.00
7669,2567,10,30,799.00,0.00
7670,2568,23,27,22.00,0.00
7671,2568,20,16,159.00,10.00
7672,2568,6,27,699.00,0.00
7673,2569,30,3,27.00,10.00
7674,2569,20,28,159.00,10.00
7675,2570,27,30,18.00,5.00
7676,2570,10,14,799.00,0.00
7677,2570,30,27,27.00,10.00
7678,2570,24,23,95.00,5.00
7679,2571,30,25,27.00,0.00
7680,2571,6,7,699.00,0.00
7681,2571,6,6,699.00,0.00
7682,2571,9,6,149.00,0.00
7683,2571,3,2,249.00,10.00
7684,2572,15,20,379.00,0.00
7685,2572,15,25,379.00,10.00
7686,2572,28,11,120.00,0.00
7687,2573,21,30,58.00,0.00
7688,2573,34,5,35.00,10.00
7689,2573,15,4,379.00,0.00
7690,2573,18,12,89.00,0.00
7691,2574,22,18,75.00,0.00
7692,2575,23,20,22.00,0.00
7693,2575,25,16,42.00,0.00
7694,2576,27,6,18.00,5.00
7695,2576,24,13,95.00,10.00
7696,2577,22,22,75.00,5.00
7697,2577,13,22,649.00,0.00
7698,2577,19,1,69.00,0.00
7699,2577,23,19,22.00,0.00
7700,2578,7,22,549.00,10.00
7701,2578,15,12,379.00,5.00
7702,2578,15,28,379.00,0.00
7703,2579,26,10,12.00,0.00
7704,2580,4,9,129.00,0.00
7705,2581,15,21,379.00,0.00
7706,2581,25,2,42.00,0.00
7707,2581,14,18,549.00,5.00
7708,2581,35,20,79.00,0.00
7709,2581,33,16,65.00,10.00
7710,2582,34,27,35.00,0.00
7711,2582,25,2,42.00,0.00
7712,2582,29,17,32.00,0.00
7713,2582,17,20,189.00,10.00
7714,2582,16,18,45.00,0.00
7715,2583,3,25,249.00,10.00
7716,2584,2,21,899.00,0.00
7717,2584,9,16,149.00,10.00
7718,2584,25,28,42.00,0.00
7719,2585,6,28,699.00,0.00
7720,2585,31,1,15.00,0.00
7721,2585,7,17,549.00,0.00
7722,2585,6,8,699.00,10.00
7723,2585,25,26,42.00,0.00
7724,2586,15,13,379.00,10.00
7725,2586,3,22,249.00,0.00
7726,2587,5,24,349.00,0.00
7727,2587,2,22,899.00,0.00
7728,2588,15,11,379.00,0.00
7729,2588,13,12,649.00,5.00
7730,2588,22,27,75.00,0.00
7731,2589,25,28,42.00,0.00
7732,2589,22,19,75.00,0.00
7733,2589,18,20,89.00,5.00
7734,2590,4,25,129.00,10.00
7735,2590,20,13,159.00,0.00
7736,2591,25,28,42.00,0.00
7737,2591,28,11,120.00,0.00
7738,2592,28,22,120.00,0.00
7739,2592,8,6,389.00,0.00
7740,2592,25,22,42.00,0.00
7741,2592,20,4,159.00,10.00
7742,2593,10,26,799.00,0.00
7743,2593,19,14,69.00,5.00
7744,2593,32,18,45.00,0.00
7745,2593,5,5,349.00,0.00
7746,2593,16,4,45.00,0.00
7747,2594,30,23,27.00,0.00
7748,2594,27,5,18.00,0.00
7749,2594,27,17,18.00,0.00
7750,2594,15,26,379.00,0.00
7751,2594,21,25,58.00,0.00
7752,2595,6,9,699.00,10.00
7753,2595,29,7,32.00,5.00
7754,2595,1,24,499.00,10.00
7755,2596,20,23,159.00,10.00
7756,2596,27,24,18.00,5.00
7757,2597,8,4,389.00,10.00
7758,2597,8,13,389.00,0.00
7759,2598,30,12,27.00,0.00
7760,2598,20,24,159.00,0.00
7761,2599,18,21,89.00,10.00
7762,2599,25,21,42.00,0.00
7763,2600,16,12,45.00,5.00
7764,2600,1,6,499.00,10.00
7765,2600,21,13,58.00,0.00
7766,2600,13,25,649.00,0.00
7767,2600,34,16,35.00,5.00
7768,2601,18,27,89.00,0.00
7769,2602,20,29,159.00,0.00
7770,2602,1,15,499.00,0.00
7771,2602,23,30,22.00,0.00
7772,2603,17,6,189.00,0.00
7773,2603,5,2,349.00,10.00
7774,2603,34,9,35.00,0.00
7775,2603,28,12,120.00,0.00
7776,2604,33,4,65.00,10.00
7777,2605,9,13,149.00,0.00
7778,2605,13,27,649.00,0.00
7779,2606,27,9,18.00,0.00
7780,2606,21,22,58.00,10.00
7781,2606,6,6,699.00,0.00
7782,2606,22,23,75.00,10.00
7783,2606,13,2,649.00,0.00
7784,2607,5,8,349.00,5.00
7785,2608,19,12,69.00,0.00
7786,2609,28,19,120.00,5.00
7787,2609,29,25,32.00,5.00
7788,2609,5,14,349.00,10.00
7789,2610,34,15,35.00,0.00
7790,2610,17,19,189.00,5.00
7791,2610,11,20,899.00,0.00
7792,2610,18,19,89.00,0.00
7793,2611,35,4,79.00,0.00
7794,2611,21,6,58.00,0.00
7795,2611,5,7,349.00,5.00
7796,2611,32,12,45.00,0.00
7797,2612,35,4,79.00,5.00
7798,2612,28,2,120.00,10.00
7799,2613,16,19,45.00,10.00
7800,2613,11,2,899.00,0.00
7801,2613,18,14,89.00,5.00
7802,2613,19,9,69.00,10.00
7803,2613,8,20,389.00,5.00
7804,2614,29,18,32.00,0.00
7805,2614,24,28,95.00,0.00
7806,2614,25,4,42.00,0.00
7807,2615,8,28,389.00,10.00
7808,2615,25,26,42.00,0.00
7809,2616,21,29,58.00,10.00
7810,2617,2,6,899.00,10.00
7811,2617,17,28,189.00,0.00
7812,2618,27,23,18.00,0.00
7813,2619,9,7,149.00,0.00
7814,2619,5,16,349.00,0.00
7815,2620,10,6,799.00,0.00
7816,2620,9,20,149.00,5.00
7817,2620,6,26,699.00,5.00
7818,2620,12,10,459.00,5.00
7819,2621,33,3,65.00,5.00
7820,2622,2,13,899.00,10.00
7821,2622,5,2,349.00,5.00
7822,2623,13,3,649.00,0.00
7823,2623,19,19,69.00,0.00
7824,2623,14,18,549.00,5.00
7825,2623,28,26,120.00,10.00
7826,2623,24,27,95.00,0.00
7827,2624,26,5,12.00,0.00
7828,2624,33,6,65.00,0.00
7829,2624,17,21,189.00,10.00
7830,2625,10,11,799.00,10.00
7831,2625,16,16,45.00,0.00
7832,2626,25,7,42.00,0.00
7833,2626,26,12,12.00,5.00
7834,2626,23,30,22.00,10.00
7835,2626,19,29,69.00,0.00
7836,2627,17,16,189.00,0.00
7837,2627,13,8,649.00,0.00
7838,2628,3,11,249.00,5.00
7839,2628,33,24,65.00,0.00
7840,2629,1,4,499.00,0.00
7841,2629,12,1,459.00,0.00
7842,2629,18,7,89.00,0.00
7843,2629,9,14,149.00,0.00
7844,2629,3,28,249.00,0.00
7845,2630,2,30,899.00,10.00
7846,2630,10,26,799.00,0.00
7847,2630,22,23,75.00,10.00
7848,2631,20,10,159.00,10.00
7849,2631,32,17,45.00,0.00
7850,2631,20,19,159.00,0.00
7851,2632,35,20,79.00,0.00
7852,2632,22,6,75.00,0.00
7853,2632,18,16,89.00,0.00
7854,2633,11,2,899.00,0.00
7855,2634,24,7,95.00,0.00
7856,2635,30,5,27.00,0.00
7857,2635,3,13,249.00,10.00
7858,2636,33,6,65.00,0.00
7859,2636,32,6,45.00,0.00
7860,2636,33,23,65.00,10.00
7861,2636,14,5,549.00,5.00
7862,2636,26,20,12.00,0.00
7863,2637,21,16,58.00,10.00
7864,2637,21,14,58.00,0.00
7865,2637,31,4,15.00,10.00
7866,2637,5,28,349.00,0.00
7867,2638,18,8,89.00,5.00
7868,2638,8,21,389.00,5.00
7869,2639,23,11,22.00,10.00
7870,2639,10,23,799.00,10.00
7871,2640,27,19,18.00,5.00
7872,2640,4,4,129.00,0.00
7873,2641,17,20,189.00,10.00
7874,2641,17,22,189.00,0.00
7875,2642,34,13,35.00,0.00
7876,2643,17,17,189.00,0.00
7877,2643,9,2,149.00,5.00
7878,2644,16,25,45.00,5.00
7879,2645,16,19,45.00,5.00
7880,2645,4,3,129.00,0.00
7881,2645,18,2,89.00,5.00
7882,2646,33,10,65.00,10.00
7883,2646,5,7,349.00,5.00
7884,2646,1,27,499.00,0.00
7885,2646,30,12,27.00,0.00
7886,2647,35,12,79.00,0.00
7887,2647,32,15,45.00,5.00
7888,2647,35,26,79.00,0.00
7889,2648,25,30,42.00,10.00
7890,2648,5,6,349.00,0.00
7891,2648,9,16,149.00,10.00
7892,2649,7,3,549.00,10.00
7893,2649,15,6,379.00,5.00
7894,2649,10,2,799.00,0.00
7895,2649,6,12,699.00,0.00
7896,2650,8,8,389.00,0.00
7897,2650,1,12,499.00,10.00
7898,2650,12,30,459.00,10.00
7899,2650,15,15,379.00,0.00
7900,2651,16,23,45.00,0.00
7901,2651,12,3,459.00,0.00
7902,2651,1,20,499.00,0.00
7903,2652,34,25,35.00,0.00
7904,2652,32,22,45.00,10.00
7905,2652,33,7,65.00,0.00
7906,2652,19,1,69.00,0.00
7907,2652,2,1,899.00,10.00
7908,2653,13,12,649.00,10.00
7909,2653,7,10,549.00,10.00
7910,2653,1,2,499.00,0.00
7911,2653,11,19,899.00,0.00
7912,2653,33,8,65.00,0.00
7913,2654,28,22,120.00,0.00
7914,2655,22,3,75.00,0.00
7915,2655,20,3,159.00,5.00
7916,2655,10,7,799.00,0.00
7917,2655,35,27,79.00,0.00
7918,2656,3,21,249.00,0.00
7919,2656,13,27,649.00,0.00
7920,2656,6,21,699.00,10.00
7921,2656,21,7,58.00,0.00
7922,2656,24,18,95.00,10.00
7923,2657,18,18,89.00,0.00
7924,2657,22,20,75.00,0.00
7925,2657,31,9,15.00,5.00
7926,2657,5,10,349.00,0.00
7927,2658,8,7,389.00,0.00
7928,2658,12,13,459.00,0.00
7929,2659,35,23,79.00,5.00
7930,2659,9,3,149.00,5.00
7931,2659,15,27,379.00,0.00
7932,2659,5,6,349.00,0.00
7933,2660,2,19,899.00,10.00
7934,2660,34,26,35.00,0.00
7935,2661,32,29,45.00,0.00
7936,2661,21,19,58.00,0.00
7937,2661,1,28,499.00,0.00
7938,2661,31,23,15.00,0.00
7939,2661,22,18,75.00,0.00
7940,2662,11,24,899.00,0.00
7941,2662,24,11,95.00,5.00
7942,2663,29,25,32.00,5.00
7943,2663,5,14,349.00,10.00
7944,2663,7,5,549.00,0.00
7945,2664,23,28,22.00,5.00
7946,2664,25,15,42.00,0.00
7947,2664,3,13,249.00,10.00
7948,2664,14,4,549.00,0.00
7949,2665,2,17,899.00,5.00
7950,2665,24,10,95.00,5.00
7951,2666,22,12,75.00,0.00
7952,2666,8,26,389.00,5.00
7953,2666,20,29,159.00,0.00
7954,2666,8,1,389.00,0.00
7955,2666,8,20,389.00,5.00
7956,2667,11,17,899.00,5.00
7957,2667,13,13,649.00,10.00
7958,2667,19,23,69.00,0.00
7959,2667,16,23,45.00,0.00
7960,2668,20,28,159.00,10.00
7961,2668,31,19,15.00,0.00
7962,2669,5,11,349.00,0.00
7963,2669,22,3,75.00,0.00
7964,2669,23,15,22.00,0.00
7965,2669,29,21,32.00,0.00
7966,2670,5,8,349.00,10.00
7967,2670,2,8,899.00,0.00
7968,2670,3,27,249.00,0.00
7969,2671,16,24,45.00,0.00
7970,2671,20,2,159.00,0.00
7971,2671,17,27,189.00,10.00
7972,2672,34,18,35.00,0.00
7973,2672,12,20,459.00,0.00
7974,2672,7,9,549.00,10.00
7975,2673,27,4,18.00,0.00
7976,2673,8,5,389.00,0.00
7977,2674,33,20,65.00,0.00
7978,2674,32,12,45.00,0.00
7979,2674,31,22,15.00,10.00
7980,2674,27,24,18.00,5.00
7981,2675,15,12,379.00,5.00
7982,2675,6,26,699.00,5.00
7983,2676,27,5,18.00,0.00
7984,2676,18,12,89.00,0.00
7985,2676,3,30,249.00,5.00
7986,2677,18,18,89.00,0.00
7987,2677,26,3,12.00,0.00
7988,2678,17,15,189.00,10.00
7989,2678,13,26,649.00,0.00
7990,2679,29,16,32.00,0.00
7991,2680,35,21,79.00,0.00
7992,2680,10,28,799.00,5.00
7993,2680,1,24,499.00,10.00
7994,2681,5,12,349.00,0.00
7995,2681,6,12,699.00,0.00
7996,2681,15,17,379.00,0.00
7997,2682,4,20,129.00,10.00
7998,2682,22,12,75.00,10.00
7999,2682,30,7,27.00,0.00
8000,2682,33,6,65.00,0.00
8001,2683,7,5,549.00,0.00
8002,2683,22,15,75.00,0.00
8003,2683,1,18,499.00,10.00
8004,2683,31,18,15.00,0.00
8005,2683,16,15,45.00,0.00
8006,2684,9,29,149.00,0.00
8007,2684,11,12,899.00,0.00
8008,2684,4,10,129.00,0.00
8009,2685,34,16,35.00,5.00
8010,2685,2,2,899.00,0.00
8011,2685,11,8,899.00,0.00
8012,2685,29,4,32.00,0.00
8013,2686,12,17,459.00,5.00
8014,2686,8,21,389.00,10.00
8015,2686,12,1,459.00,0.00
8016,2686,19,10,69.00,10.00
8017,2687,27,2,18.00,10.00
8018,2687,23,11,22.00,10.00
8019,2687,4,30,129.00,5.00
8020,2688,31,2,15.00,0.00
8021,2689,4,17,129.00,0.00
8022,2689,23,26,22.00,0.00
8023,2689,27,2,18.00,10.00
8024,2689,20,1,159.00,0.00
8025,2690,1,3,499.00,0.00
8026,2690,29,27,32.00,10.00
8027,2690,34,3,35.00,0.00
8028,2690,7,17,549.00,0.00
8029,2690,28,21,120.00,0.00
8030,2691,12,25,459.00,0.00
8031,2691,10,27,799.00,0.00
8032,2691,13,29,649.00,5.00
8033,2691,19,20,69.00,5.00
8034,2691,7,3,549.00,10.00
8035,2692,9,22,149.00,10.00
8036,2693,14,6,549.00,5.00
8037,2693,13,14,649.00,0.00
8038,2693,20,8,159.00,0.00
8039,2693,31,25,15.00,0.00
8040,2693,5,4,349.00,0.00
8041,2694,34,2,35.00,0.00
8042,2694,34,17,35.00,10.00
8043,2694,17,29,189.00,0.00
8044,2695,1,14,499.00,0.00
8045,2695,22,15,75.00,5.00
8046,2695,22,9,75.00,0.00
8047,2695,23,21,22.00,0.00
8048,2695,21,12,58.00,0.00
8049,2696,19,29,69.00,0.00
8050,2696,3,25,249.00,10.00
8051,2696,1,13,499.00,10.00
8052,2697,23,12,22.00,0.00
8053,2697,9,28,149.00,10.00
8054,2697,29,10,32.00,0.00
8055,2698,11,16,899.00,5.00
8056,2698,23,8,22.00,0.00
8057,2698,12,13,459.00,0.00
8058,2698,9,27,149.00,5.00
8059,2699,18,3,89.00,10.00
8060,2699,7,9,549.00,10.00
8061,2699,23,14,22.00,0.00
8062,2700,28,3,120.00,10.00
8063,2700,22,6,75.00,0.00
8064,2700,33,10,65.00,5.00
8065,2700,31,5,15.00,0.00
8066,2701,27,7,18.00,5.00
8067,2701,14,15,549.00,0.00
8068,2701,28,8,120.00,10.00
8069,2702,24,19,95.00,0.00
8070,2702,15,29,379.00,0.00
8071,2702,16,26,45.00,10.00
8072,2702,9,11,149.00,0.00
8073,2702,34,26,35.00,0.00
8074,2703,27,8,18.00,10.00
8075,2703,26,28,12.00,0.00
8076,2704,16,17,45.00,0.00
8077,2704,26,7,12.00,10.00
8078,2704,24,22,95.00,5.00
8079,2704,1,7,499.00,0.00
8080,2704,16,6,45.00,0.00
8081,2705,13,11,649.00,5.00
8082,2706,18,12,89.00,0.00
8083,2707,12,20,459.00,0.00
8084,2707,8,12,389.00,0.00
8085,2708,28,18,120.00,0.00
8086,2709,33,27,65.00,5.00
8087,2709,15,6,379.00,5.00
8088,2710,34,24,35.00,0.00
8089,2710,11,5,899.00,5.00
8090,2711,19,7,69.00,0.00
8091,2712,33,26,65.00,0.00
8092,2712,3,22,249.00,0.00
8093,2712,22,30,75.00,0.00
8094,2712,16,1,45.00,5.00
8095,2712,17,8,189.00,10.00
8096,2713,17,10,189.00,0.00
8097,2714,28,7,120.00,5.00
8098,2714,32,13,45.00,0.00
8099,2714,15,3,379.00,0.00
8100,2714,23,20,22.00,0.00
8101,2714,30,4,27.00,0.00
8102,2715,33,29,65.00,0.00
8103,2715,11,13,899.00,0.00
8104,2716,17,27,189.00,0.00
8105,2717,27,30,18.00,5.00
8106,2717,17,8,189.00,10.00
8107,2718,5,12,349.00,5.00
8108,2718,30,12,27.00,0.00
8109,2718,31,4,15.00,10.00
8110,2719,31,9,15.00,10.00
8111,2719,10,27,799.00,5.00
8112,2719,14,2,549.00,0.00
8113,2719,10,3,799.00,5.00
8114,2720,21,28,58.00,10.00
8115,2720,26,28,12.00,0.00
8116,2720,13,15,649.00,0.00
8117,2720,17,7,189.00,5.00
8118,2721,32,22,45.00,10.00
8119,2721,25,18,42.00,5.00
8120,2722,25,27,42.00,0.00
8121,2722,27,30,18.00,0.00
8122,2722,35,6,79.00,10.00
8123,2722,3,18,249.00,5.00
8124,2722,5,8,349.00,10.00
8125,2723,27,14,18.00,0.00
8126,2724,3,14,249.00,10.00
8127,2724,23,7,22.00,0.00
8128,2725,21,26,58.00,0.00
8129,2725,17,7,189.00,0.00
8130,2726,9,14,149.00,0.00
8131,2726,29,23,32.00,0.00
8132,2727,13,26,649.00,0.00
8133,2727,33,12,65.00,0.00
8134,2727,8,28,389.00,10.00
8135,2727,33,24,65.00,0.00
8136,2728,31,3,15.00,5.00
8137,2728,23,27,22.00,0.00
8138,2728,28,14,120.00,10.00
8139,2729,34,12,35.00,0.00
8140,2730,25,11,42.00,5.00
8141,2731,29,5,32.00,0.00
8142,2731,29,11,32.00,0.00
8143,2732,13,22,649.00,0.00
8144,2733,23,29,22.00,10.00
8145,2733,11,29,899.00,10.00
8146,2733,25,24,42.00,10.00
8147,2733,33,1,65.00,0.00
8148,2734,16,6,45.00,0.00
8149,2734,10,23,799.00,10.00
8150,2734,4,28,129.00,0.00
8151,2734,31,12,15.00,0.00
8152,2735,30,11,27.00,0.00
8153,2735,20,22,159.00,0.00
8154,2735,35,24,79.00,0.00
8155,2735,25,15,42.00,0.00
8156,2735,27,2,18.00,10.00
8157,2736,33,4,65.00,5.00
8158,2737,34,24,35.00,0.00
8159,2737,25,14,42.00,0.00
8160,2738,20,20,159.00,5.00
8161,2738,2,13,899.00,10.00
8162,2739,8,13,389.00,0.00
8163,2739,34,14,35.00,0.00
8164,2739,26,13,12.00,10.00
8165,2739,7,9,549.00,10.00
8166,2739,9,23,149.00,10.00
8167,2740,15,25,379.00,10.00
8168,2740,22,21,75.00,0.00
8169,2740,23,20,22.00,0.00
8170,2741,20,10,159.00,10.00
8171,2741,15,16,379.00,0.00
8172,2741,4,17,129.00,0.00
8173,2742,15,11,379.00,0.00
8174,2742,13,10,649.00,0.00
8175,2742,19,6,69.00,0.00
8176,2742,1,3,499.00,0.00
8177,2742,29,26,32.00,10.00
8178,2743,25,16,42.00,0.00
8179,2743,33,4,65.00,5.00
8180,2743,19,10,69.00,0.00
8181,2743,5,19,349.00,5.00
8182,2744,19,17,69.00,0.00
8183,2744,11,28,899.00,5.00
8184,2745,11,18,899.00,0.00
8185,2745,15,28,379.00,0.00
8186,2745,11,8,899.00,0.00
8187,2745,4,13,129.00,5.00
8188,2746,28,26,120.00,10.00
8189,2746,32,26,45.00,0.00
8190,2747,30,17,27.00,0.00
8191,2748,6,17,699.00,0.00
8192,2748,8,29,389.00,0.00
8193,2748,20,15,159.00,10.00
8194,2748,20,12,159.00,0.00
8195,2749,30,4,27.00,0.00
8196,2749,32,11,45.00,0.00
8197,2750,28,19,120.00,10.00
8198,2751,34,14,35.00,0.00
8199,2752,16,29,45.00,0.00
8200,2753,27,12,18.00,5.00
8201,2754,24,12,95.00,10.00
8202,2754,17,18,189.00,0.00
8203,2754,35,10,79.00,5.00
8204,2754,7,1,549.00,0.00
8205,2754,12,7,459.00,0.00
8206,2755,1,15,499.00,0.00
8207,2755,16,4,45.00,0.00
8208,2756,35,9,79.00,0.00
8209,2756,1,28,499.00,0.00
8210,2757,6,23,699.00,0.00
8211,2757,22,28,75.00,5.00
8212,2758,6,29,699.00,0.00
8213,2758,18,21,89.00,10.00
8214,2758,21,4,58.00,10.00
8215,2758,4,26,129.00,10.00
8216,2759,18,26,89.00,10.00
8217,2759,16,23,45.00,0.00
8218,2759,33,12,65.00,0.00
8219,2760,23,14,22.00,0.00
8220,2760,28,18,120.00,5.00
8221,2760,14,3,549.00,0.00
8222,2760,33,27,65.00,5.00
8223,2760,33,13,65.00,0.00
8224,2761,34,7,35.00,0.00
8225,2761,3,30,249.00,5.00
8226,2761,12,22,459.00,5.00
8227,2761,33,22,65.00,10.00
8228,2761,8,15,389.00,5.00
8229,2762,24,13,95.00,0.00
8230,2762,32,14,45.00,0.00
8231,2763,33,11,65.00,10.00
8232,2764,5,15,349.00,0.00
8233,2764,33,12,65.00,0.00
8234,2765,5,19,349.00,5.00
8235,2765,11,18,899.00,0.00
8236,2766,33,5,65.00,10.00
8237,2767,23,15,22.00,0.00
8238,2767,27,16,18.00,0.00
8239,2768,31,29,15.00,0.00
8240,2769,27,28,18.00,0.00
8241,2769,3,9,249.00,0.00
8242,2769,34,8,35.00,0.00
8243,2769,22,21,75.00,0.00
8244,2769,25,26,42.00,0.00
8245,2770,25,19,42.00,10.00
8246,2770,1,4,499.00,0.00
8247,2770,19,28,69.00,0.00
8248,2770,14,26,549.00,0.00
8249,2770,26,15,12.00,0.00
8250,2771,24,22,95.00,0.00
8251,2771,20,6,159.00,0.00
8252,2771,14,11,549.00,0.00
8253,2771,28,8,120.00,10.00
8254,2771,35,1,79.00,0.00
8255,2772,8,1,389.00,0.00
8256,2772,34,20,35.00,0.00
8257,2773,11,21,899.00,0.00
8258,2773,15,18,379.00,5.00
8259,2773,31,6,15.00,0.00
8260,2774,8,28,389.00,10.00
8261,2774,5,23,349.00,0.00
8262,2774,8,9,389.00,5.00
8263,2774,21,27,58.00,5.00
8264,2775,10,19,799.00,0.00
8265,2775,15,12,379.00,5.00
8266,2775,34,30,35.00,10.00
8267,2775,28,6,120.00,0.00
8268,2775,29,20,32.00,5.00
8269,2776,22,20,75.00,0.00
8270,2776,35,22,79.00,5.00
8271,2776,3,13,249.00,10.00
8272,2777,35,3,79.00,0.00
8273,2777,16,18,45.00,0.00
8274,2777,5,29,349.00,0.00
8275,2778,3,27,249.00,0.00
8276,2778,16,17,45.00,0.00
8277,2778,26,7,12.00,10.00
8278,2779,4,6,129.00,5.00
8279,2780,24,17,95.00,5.00
8280,2780,2,1,899.00,10.00
8281,2780,24,17,95.00,5.00
8282,2781,18,8,89.00,10.00
8283,2781,10,29,799.00,10.00
8284,2781,29,9,32.00,10.00
8285,2781,3,13,249.00,10.00
8286,2782,11,28,899.00,5.00
8287,2782,14,1,549.00,0.00
8288,2782,35,27,79.00,0.00
8289,2782,16,1,45.00,5.00
8290,2782,13,22,649.00,0.00
8291,2783,20,8,159.00,5.00
8292,2783,23,4,22.00,5.00
8293,2783,30,10,27.00,0.00
8294,2784,26,7,12.00,10.00
8295,2785,32,11,45.00,10.00
8296,2785,27,30,18.00,5.00
8297,2786,18,17,89.00,0.00
8298,2786,29,4,32.00,0.00
8299,2787,29,25,32.00,0.00
8300,2788,12,28,459.00,0.00
8301,2788,8,10,389.00,0.00
8302,2788,1,1,499.00,0.00
8303,2788,9,30,149.00,0.00
8304,2788,18,18,89.00,0.00
8305,2789,21,1,58.00,0.00
8306,2789,7,8,549.00,5.00
8307,2789,23,5,22.00,5.00
8308,2789,17,1,189.00,5.00
8309,2789,19,14,69.00,5.00
8310,2790,17,10,189.00,0.00
8311,2790,9,15,149.00,5.00
8312,2790,4,10,129.00,0.00
8313,2790,21,30,58.00,0.00
8314,2791,31,16,15.00,10.00
8315,2791,16,6,45.00,0.00
8316,2791,13,2,649.00,0.00
8317,2791,17,30,189.00,0.00
8318,2791,34,30,35.00,0.00
8319,2792,7,12,549.00,0.00
8320,2793,4,2,129.00,0.00
8321,2793,33,17,65.00,10.00
8322,2793,35,4,79.00,5.00
8323,2794,18,2,89.00,5.00
8324,2794,18,10,89.00,0.00
8325,2794,27,9,18.00,0.00
8326,2794,3,25,249.00,10.00
8327,2794,35,9,79.00,0.00
8328,2795,35,9,79.00,0.00
8329,2795,23,23,22.00,10.00
8330,2795,33,2,65.00,0.00
8331,2795,17,25,189.00,0.00
8332,2795,20,1,159.00,0.00
8333,2796,12,5,459.00,5.00
8334,2796,3,7,249.00,10.00
8335,2796,33,27,65.00,5.00
8336,2796,18,19,89.00,0.00
8337,2796,3,20,249.00,10.00
8338,2797,35,7,79.00,0.00
8339,2797,7,14,549.00,5.00
8340,2798,26,19,12.00,10.00
8341,2798,29,8,32.00,10.00
8342,2799,3,8,249.00,0.00
8343,2799,20,17,159.00,0.00
8344,2800,4,17,129.00,0.00
8345,2800,27,12,18.00,5.00
8346,2800,31,15,15.00,10.00
8347,2800,30,18,27.00,0.00
8348,2800,17,30,189.00,0.00
8349,2801,1,11,499.00,5.00
8350,2801,15,2,379.00,10.00
8351,2801,21,2,58.00,0.00
8352,2801,21,8,58.00,0.00
8353,2801,20,14,159.00,5.00
8354,2802,11,11,899.00,10.00
8355,2802,2,23,899.00,5.00
8356,2802,33,21,65.00,5.00
8357,2802,15,30,379.00,5.00
8358,2803,33,12,65.00,0.00
8359,2803,34,3,35.00,0.00
8360,2804,33,3,65.00,5.00
8361,2804,31,14,15.00,5.00
8362,2804,2,6,899.00,5.00
8363,2805,25,4,42.00,0.00
8364,2806,11,30,899.00,10.00
8365,2806,28,5,120.00,0.00
8366,2806,10,10,799.00,5.00
8367,2806,26,13,12.00,10.00
8368,2806,23,9,22.00,0.00
8369,2807,6,25,699.00,5.00
8370,2807,5,15,349.00,10.00
8371,2808,8,28,389.00,10.00
8372,2809,27,2,18.00,10.00
8373,2809,29,4,32.00,0.00
8374,2809,8,21,389.00,5.00
8375,2809,32,6,45.00,0.00
8376,2809,18,25,89.00,5.00
8377,2810,4,19,129.00,5.00
8378,2810,28,22,120.00,0.00
8379,2811,4,8,129.00,10.00
8380,2812,33,1,65.00,0.00
8381,2812,22,4,75.00,5.00
8382,2813,29,20,32.00,10.00
8383,2813,4,1,129.00,5.00
8384,2813,31,2,15.00,0.00
8385,2813,28,5,120.00,0.00
8386,2813,32,4,45.00,10.00
8387,2814,29,17,32.00,0.00
8388,2815,7,12,549.00,0.00
8389,2815,33,13,65.00,0.00
8390,2815,30,19,27.00,0.00
8391,2815,28,10,120.00,0.00
8392,2815,2,22,899.00,0.00
8393,2816,3,28,249.00,0.00
8394,2816,7,23,549.00,0.00
8395,2816,29,14,32.00,10.00
8396,2816,30,20,27.00,5.00
8397,2816,30,27,27.00,10.00
8398,2817,26,24,12.00,10.00
8399,2817,26,5,12.00,0.00
8400,2817,15,13,379.00,5.00
8401,2818,35,21,79.00,0.00
8402,2819,23,10,22.00,5.00
8403,2819,22,29,75.00,10.00
8404,2819,28,5,120.00,0.00
8405,2819,9,9,149.00,0.00
8406,2819,5,25,349.00,5.00
8407,2820,4,11,129.00,0.00
8408,2820,12,6,459.00,0.00
8409,2821,5,20,349.00,10.00
8410,2821,11,30,899.00,10.00
8411,2822,13,9,649.00,0.00
8412,2823,21,27,58.00,5.00
8413,2824,3,26,249.00,0.00
8414,2824,32,6,45.00,0.00
8415,2824,20,3,159.00,5.00
8416,2824,14,25,549.00,10.00
8417,2824,35,9,79.00,0.00
8418,2825,17,26,189.00,5.00
8419,2825,11,7,899.00,0.00
8420,2825,33,10,65.00,10.00
8421,2826,25,12,42.00,10.00
8422,2826,35,15,79.00,0.00
8423,2826,27,15,18.00,0.00
8424,2826,16,20,45.00,10.00
8425,2827,9,19,149.00,0.00
8426,2827,33,20,65.00,0.00
8427,2827,34,20,35.00,0.00
8428,2827,4,6,129.00,5.00
8429,2827,3,5,249.00,0.00
8430,2828,17,22,189.00,0.00
8431,2828,35,9,79.00,0.00
8432,2828,11,7,899.00,0.00
8433,2828,4,1,129.00,5.00
8434,2828,32,5,45.00,10.00
8435,2829,4,20,129.00,0.00
8436,2829,3,12,249.00,5.00
8437,2829,5,22,349.00,0.00
8438,2830,18,24,89.00,0.00
8439,2830,3,28,249.00,0.00
8440,2830,2,3,899.00,0.00
8441,2830,16,8,45.00,10.00
8442,2830,16,23,45.00,0.00
8443,2831,24,15,95.00,0.00
8444,2831,13,21,649.00,0.00
8445,2831,29,28,32.00,0.00
8446,2831,6,7,699.00,0.00
8447,2832,3,13,249.00,10.00
8448,2832,12,26,459.00,0.00
8449,2832,3,11,249.00,0.00
8450,2832,15,18,379.00,5.00
8451,2833,30,21,27.00,10.00
8452,2833,7,12,549.00,0.00
8453,2833,20,23,159.00,0.00
8454,2834,32,25,45.00,0.00
8455,2834,24,3,95.00,0.00
8456,2834,34,15,35.00,0.00
8457,2834,4,1,129.00,5.00
8458,2834,18,13,89.00,5.00
8459,2835,19,24,69.00,0.00
8460,2835,5,23,349.00,0.00
8461,2835,20,21,159.00,5.00
8462,2835,20,19,159.00,0.00
8463,2836,12,1,459.00,0.00
8464,2836,21,17,58.00,0.00
8465,2836,18,11,89.00,0.00
8466,2836,8,9,389.00,10.00
8467,2836,10,25,799.00,0.00
8468,2837,24,30,95.00,10.00
8469,2838,15,14,379.00,10.00
8470,2838,23,6,22.00,0.00
8471,2839,33,9,65.00,5.00
8472,2840,23,18,22.00,0.00
8473,2840,12,18,459.00,10.00
8474,2840,32,21,45.00,5.00
8475,2841,19,25,69.00,0.00
8476,2841,32,2,45.00,0.00
8477,2842,34,25,35.00,0.00
8478,2842,15,19,379.00,5.00
8479,2843,13,5,649.00,5.00
8480,2843,5,15,349.00,0.00
8481,2844,16,29,45.00,0.00
8482,2844,11,5,899.00,10.00
8483,2844,32,27,45.00,5.00
8484,2844,27,22,18.00,0.00
8485,2845,14,19,549.00,10.00
8486,2845,3,10,249.00,0.00
8487,2845,5,11,349.00,0.00
8488,2845,32,11,45.00,0.00
8489,2846,18,16,89.00,0.00
8490,2846,9,21,149.00,5.00
8491,2846,13,23,649.00,5.00
8492,2846,10,6,799.00,0.00
8493,2846,7,13,549.00,5.00
8494,2847,14,22,549.00,0.00
8495,2847,24,8,95.00,0.00
8496,2847,16,16,45.00,0.00
8497,2848,33,22,65.00,5.00
8498,2848,23,29,22.00,10.00
8499,2848,21,9,58.00,5.00
8500,2848,18,13,89.00,5.00
8501,2849,15,12,379.00,5.00
8502,2849,14,23,549.00,5.00
8503,2849,28,3,120.00,0.00
8504,2849,34,20,35.00,0.00
8505,2849,9,27,149.00,5.00
8506,2850,35,20,79.00,0.00
8507,2850,11,25,899.00,0.00
8508,2850,1,24,499.00,10.00
8509,2851,5,10,349.00,0.00
8510,2851,35,13,79.00,0.00
8511,2851,32,14,45.00,0.00
8512,2851,12,3,459.00,0.00
8513,2852,32,9,45.00,5.00
8514,2853,2,14,899.00,0.00
8515,2853,12,6,459.00,10.00
8516,2853,10,14,799.00,0.00
8517,2854,24,26,95.00,0.00
8518,2855,3,10,249.00,0.00
8519,2856,23,8,22.00,0.00
8520,2856,14,9,549.00,0.00
8521,2856,20,30,159.00,0.00
8522,2856,30,23,27.00,0.00
8523,2857,31,27,15.00,5.00
8524,2858,17,17,189.00,0.00
8525,2858,10,5,799.00,0.00
8526,2859,22,27,75.00,0.00
8527,2860,35,6,79.00,10.00
8528,2860,3,19,249.00,10.00
8529,2860,12,4,459.00,5.00
8530,2860,1,1,499.00,0.00
8531,2860,10,4,799.00,5.00
8532,2861,14,19,549.00,10.00
8533,2861,15,18,379.00,5.00
8534,2861,15,7,379.00,5.00
8535,2861,5,12,349.00,0.00
8536,2862,1,18,499.00,10.00
8537,2863,23,18,22.00,0.00
8538,2864,12,26,459.00,0.00
8539,2864,11,13,899.00,0.00
8540,2864,22,18,75.00,0.00
8541,2864,12,19,459.00,0.00
8542,2864,29,22,32.00,0.00
8543,2865,4,3,129.00,0.00
8544,2865,35,27,79.00,0.00
8545,2865,8,28,389.00,10.00
8546,2865,9,6,149.00,0.00
8547,2865,10,27,799.00,5.00
8548,2866,22,11,75.00,10.00
8549,2866,12,1,459.00,0.00
8550,2866,13,15,649.00,0.00
8551,2867,6,9,699.00,0.00
8552,2867,6,23,699.00,0.00
8553,2867,5,25,349.00,5.00
8554,2868,5,22,349.00,0.00
8555,2868,12,11,459.00,5.00
8556,2868,30,27,27.00,10.00
8557,2868,33,26,65.00,0.00
8558,2868,28,16,120.00,0.00
8559,2869,26,19,12.00,10.00
8560,2870,5,30,349.00,0.00
8561,2870,21,13,58.00,0.00
8562,2871,6,8,699.00,5.00
8563,2871,23,5,22.00,10.00
8564,2871,34,5,35.00,10.00
8565,2871,29,17,32.00,0.00
8566,2871,23,13,22.00,0.00
8567,2872,17,8,189.00,10.00
8568,2872,18,29,89.00,0.00
8569,2872,16,14,45.00,10.00
8570,2872,35,9,79.00,0.00
8571,2873,28,25,120.00,5.00
8572,2874,12,19,459.00,0.00
8573,2874,26,10,12.00,0.00
8574,2875,5,26,349.00,10.00
8575,2875,5,27,349.00,10.00
8576,2875,35,5,79.00,10.00
8577,2875,27,7,18.00,10.00
8578,2875,20,6,159.00,0.00
8579,2876,1,25,499.00,0.00
8580,2876,6,12,699.00,0.00
8581,2876,2,29,899.00,0.00
8582,2876,2,15,899.00,0.00
8583,2877,23,3,22.00,0.00
8584,2877,4,2,129.00,10.00
8585,2877,16,16,45.00,0.00
8586,2877,32,18,45.00,0.00
8587,2878,2,22,899.00,0.00
8588,2879,16,6,45.00,0.00
8589,2879,16,13,45.00,5.00
8590,2879,17,4,189.00,0.00
8591,2879,18,28,89.00,0.00
8592,2880,3,28,249.00,0.00
8593,2881,28,7,120.00,5.00
8594,2881,2,1,899.00,10.00
8595,2881,20,2,159.00,5.00
8596,2882,2,20,899.00,0.00
8597,2883,19,1,69.00,0.00
8598,2884,16,14,45.00,10.00
8599,2884,16,11,45.00,0.00
8600,2884,10,29,799.00,10.00
8601,2884,3,11,249.00,0.00
8602,2884,24,22,95.00,0.00
8603,2885,11,30,899.00,0.00
8604,2885,3,11,249.00,0.00
8605,2885,17,28,189.00,0.00
8606,2886,16,12,45.00,0.00
8607,2886,9,26,149.00,0.00
8608,2886,23,30,22.00,10.00
8609,2886,23,16,22.00,5.00
8610,2886,29,2,32.00,10.00
8611,2887,34,12,35.00,0.00
8612,2887,16,26,45.00,10.00
8613,2887,34,3,35.00,5.00
8614,2887,27,29,18.00,0.00
8615,2888,1,22,499.00,0.00
8616,2888,24,22,95.00,0.00
8617,2888,22,13,75.00,0.00
8618,2889,17,20,189.00,10.00
8619,2889,23,13,22.00,0.00
8620,2890,3,14,249.00,0.00
8621,2890,5,11,349.00,0.00
8622,2890,17,15,189.00,0.00
8623,2890,27,18,18.00,5.00
8624,2890,27,21,18.00,0.00
8625,2891,19,15,69.00,10.00
8626,2891,35,8,79.00,0.00
8627,2892,1,26,499.00,0.00
8628,2892,8,18,389.00,0.00
8629,2892,1,30,499.00,10.00
8630,2893,29,30,32.00,0.00
8631,2893,5,12,349.00,0.00
8632,2894,15,4,379.00,0.00
8633,2894,34,2,35.00,0.00
8634,2894,33,13,65.00,0.00
8635,2894,32,24,45.00,0.00
8636,2894,1,8,499.00,0.00
8637,2895,14,25,549.00,10.00
8638,2895,8,10,389.00,10.00
8639,2895,17,21,189.00,10.00
8640,2895,28,1,120.00,5.00
8641,2896,14,24,549.00,5.00
8642,2897,10,21,799.00,5.00
8643,2897,18,10,89.00,0.00
8644,2897,25,4,42.00,0.00
8645,2897,3,28,249.00,0.00
8646,2897,6,20,699.00,5.00
8647,2898,2,24,899.00,10.00
8648,2898,25,3,42.00,0.00
8649,2898,12,21,459.00,0.00
8650,2898,12,8,459.00,0.00
8651,2899,31,5,15.00,0.00
8652,2900,12,14,459.00,0.00
8653,2900,35,4,79.00,5.00
8654,2900,35,28,79.00,0.00
8655,2900,9,12,149.00,0.00
8656,2901,9,4,149.00,10.00
8657,2901,1,12,499.00,10.00
8658,2902,33,29,65.00,10.00
8659,2902,33,23,65.00,0.00
8660,2902,31,9,15.00,10.00
8661,2902,10,27,799.00,0.00
8662,2902,9,16,149.00,10.00
8663,2903,20,9,159.00,5.00
8664,2903,4,3,129.00,0.00
8665,2903,6,17,699.00,0.00
8666,2904,33,13,65.00,0.00
8667,2905,34,5,35.00,10.00
8668,2905,5,27,349.00,0.00
8669,2906,11,2,899.00,0.00
8670,2906,22,3,75.00,0.00
8671,2906,12,5,459.00,5.00
8672,2906,13,13,649.00,0.00
8673,2906,11,5,899.00,10.00
8674,2907,11,25,899.00,0.00
8675,2907,33,15,65.00,5.00
8676,2907,29,4,32.00,0.00
8677,2908,33,29,65.00,10.00
8678,2908,35,3,79.00,0.00
8679,2908,32,6,45.00,0.00
8680,2908,27,1,18.00,5.00
8681,2908,33,9,65.00,5.00
8682,2909,27,23,18.00,0.00
8683,2909,30,28,27.00,0.00
8684,2909,31,1,15.00,0.00
8685,2909,32,13,45.00,0.00
8686,2910,14,5,549.00,5.00
8687,2910,21,2,58.00,0.00
8688,2910,14,12,549.00,5.00
8689,2910,22,24,75.00,0.00
8690,2910,12,8,459.00,0.00
8691,2911,23,3,22.00,0.00
8692,2911,11,29,899.00,10.00
8693,2912,20,20,159.00,5.00
8694,2913,12,17,459.00,5.00
8695,2913,31,7,15.00,0.00
8696,2914,6,14,699.00,5.00
8697,2915,7,24,549.00,0.00
8698,2916,4,11,129.00,0.00
8699,2916,10,1,799.00,0.00
8700,2916,5,30,349.00,0.00
8701,2916,25,27,42.00,0.00
8702,2917,7,11,549.00,0.00
8703,2917,23,26,22.00,0.00
8704,2917,23,17,22.00,5.00
8705,2918,26,23,12.00,0.00
8706,2918,23,17,22.00,5.00
8707,2919,23,4,22.00,5.00
8708,2919,30,9,27.00,10.00
8709,2920,28,6,120.00,0.00
8710,2920,9,18,149.00,0.00
8711,2920,9,19,149.00,0.00
8712,2921,15,24,379.00,5.00
8713,2922,16,7,45.00,5.00
8714,2922,3,5,249.00,0.00
8715,2923,5,26,349.00,10.00
8716,2923,29,15,32.00,10.00
8717,2923,10,17,799.00,10.00
8718,2923,8,5,389.00,0.00
8719,2923,28,26,120.00,10.00
8720,2924,9,17,149.00,0.00
8721,2924,18,14,89.00,5.00
8722,2924,10,6,799.00,0.00
8723,2924,31,5,15.00,0.00
8724,2924,5,11,349.00,0.00
8725,2925,29,29,32.00,0.00
8726,2925,14,6,549.00,5.00
8727,2925,3,7,249.00,10.00
8728,2925,19,6,69.00,0.00
8729,2926,1,1,499.00,0.00
8730,2927,10,20,799.00,0.00
8731,2927,3,4,249.00,0.00
8732,2927,14,28,549.00,0.00
8733,2928,15,13,379.00,10.00
8734,2928,9,16,149.00,10.00
8735,2928,28,12,120.00,0.00
8736,2928,8,20,389.00,5.00
8737,2928,16,3,45.00,0.00
8738,2929,12,28,459.00,0.00
8739,2929,32,29,45.00,10.00
8740,2930,28,8,120.00,10.00
8741,2930,15,17,379.00,0.00
8742,2930,9,14,149.00,0.00
8743,2930,5,7,349.00,5.00
8744,2930,20,28,159.00,10.00
8745,2931,14,18,549.00,5.00
8746,2932,11,2,899.00,0.00
8747,2933,1,19,499.00,0.00
8748,2933,26,7,12.00,10.00
8749,2933,1,8,499.00,0.00
8750,2933,17,20,189.00,10.00
8751,2933,8,17,389.00,0.00
8752,2934,2,21,899.00,0.00
8753,2935,33,6,65.00,0.00
8754,2935,11,1,899.00,0.00
8755,2935,18,5,89.00,0.00
8756,2936,28,7,120.00,5.00
8757,2936,8,22,389.00,10.00
8758,2936,23,10,22.00,5.00
8759,2937,34,23,35.00,10.00
8760,2937,29,20,32.00,5.00
8761,2937,31,4,15.00,10.00
8762,2937,18,18,89.00,0.00
8763,2938,16,12,45.00,5.00
8764,2938,34,28,35.00,5.00
8765,2939,33,16,65.00,5.00
8766,2939,9,28,149.00,10.00
8767,2939,22,15,75.00,0.00
8768,2939,14,7,549.00,10.00
8769,2940,16,4,45.00,0.00
8770,2941,12,6,459.00,0.00
8771,2942,26,17,12.00,5.00
8772,2943,2,6,899.00,10.00
8773,2943,29,13,32.00,5.00
8774,2944,17,15,189.00,0.00
8775,2944,32,7,45.00,0.00
8776,2944,23,26,22.00,0.00
8777,2944,28,7,120.00,5.00
8778,2945,21,15,58.00,5.00
8779,2945,1,30,499.00,10.00
8780,2945,4,3,129.00,0.00
8781,2946,25,4,42.00,0.00
8782,2947,30,19,27.00,0.00
8783,2947,15,23,379.00,0.00
8784,2947,12,2,459.00,0.00
8785,2948,16,20,45.00,10.00
8786,2948,33,21,65.00,5.00
8787,2948,7,29,549.00,0.00
8788,2948,8,14,389.00,0.00
8789,2948,21,6,58.00,0.00
8790,2949,19,18,69.00,0.00
8791,2949,33,21,65.00,5.00
8792,2949,1,8,499.00,0.00
8793,2949,1,20,499.00,0.00
8794,2950,8,14,389.00,0.00
8795,2950,22,9,75.00,0.00
8796,2950,2,14,899.00,0.00
8797,2950,20,6,159.00,0.00
8798,2950,20,5,159.00,0.00
8799,2951,28,25,120.00,5.00
8800,2951,34,25,35.00,0.00
8801,2952,29,28,32.00,0.00
8802,2952,22,26,75.00,0.00
8803,2952,14,24,549.00,10.00
8804,2952,26,4,12.00,0.00
8805,2953,34,6,35.00,0.00
8806,2954,29,5,32.00,0.00
8807,2954,7,30,549.00,0.00
8808,2954,24,13,95.00,0.00
8809,2954,2,1,899.00,10.00
8810,2955,17,26,189.00,5.00
8811,2956,17,5,189.00,0.00
8812,2957,5,23,349.00,0.00
8813,2957,10,16,799.00,5.00
8814,2957,29,4,32.00,0.00
8815,2957,1,28,499.00,0.00
8816,2958,22,21,75.00,5.00
8817,2959,32,25,45.00,0.00
8818,2959,10,9,799.00,5.00
8819,2959,15,2,379.00,0.00
8820,2959,11,7,899.00,0.00
8821,2959,6,8,699.00,10.00
8822,2960,25,27,42.00,0.00
8823,2960,26,25,12.00,10.00
8824,2960,2,16,899.00,0.00
8825,2961,32,18,45.00,0.00
8826,2961,35,17,79.00,10.00
8827,2962,14,28,549.00,0.00
8828,2962,10,5,799.00,10.00
8829,2963,23,30,22.00,0.00
8830,2963,4,13,129.00,10.00
8831,2963,29,18,32.00,0.00
8832,2963,26,7,12.00,10.00
8833,2964,34,20,35.00,0.00
8834,2964,34,21,35.00,0.00
8835,2964,17,26,189.00,10.00
8836,2964,19,6,69.00,0.00
8837,2965,5,29,349.00,0.00
8838,2965,5,14,349.00,10.00
8839,2966,19,21,69.00,10.00
8840,2966,15,12,379.00,5.00
8841,2967,15,20,379.00,0.00
8842,2967,3,11,249.00,0.00
8843,2967,27,4,18.00,0.00
8844,2967,7,30,549.00,0.00
8845,2967,30,6,27.00,0.00
8846,2968,27,26,18.00,10.00
8847,2969,23,28,22.00,5.00
8848,2970,23,24,22.00,0.00
8849,2971,11,12,899.00,0.00
8850,2972,8,7,389.00,0.00
8851,2972,12,15,459.00,0.00
8852,2972,32,2,45.00,0.00
8853,2972,20,5,159.00,0.00
8854,2972,10,29,799.00,10.00
8855,2973,27,28,18.00,0.00
8856,2973,21,4,58.00,10.00
8857,2973,6,2,699.00,5.00
8858,2973,29,23,32.00,0.00
8859,2973,2,15,899.00,0.00
8860,2974,19,4,69.00,0.00
8861,2975,16,14,45.00,0.00
8862,2975,27,21,18.00,0.00
8863,2975,35,9,79.00,0.00
8864,2975,17,29,189.00,0.00
8865,2975,25,17,42.00,5.00
8866,2976,11,18,899.00,10.00
8867,2976,1,8,499.00,0.00
8868,2976,20,29,159.00,0.00
8869,2976,24,3,95.00,0.00
8870,2977,10,5,799.00,10.00
8871,2977,17,13,189.00,5.00
8872,2977,32,17,45.00,0.00
8873,2977,5,4,349.00,0.00
8874,2978,32,24,45.00,0.00
8875,2978,33,26,65.00,0.00
8876,2978,27,13,18.00,5.00
8877,2978,24,30,95.00,10.00
8878,2978,13,9,649.00,0.00
8879,2979,35,12,79.00,10.00
8880,2979,13,3,649.00,0.00
8881,2979,14,28,549.00,0.00
8882,2979,11,9,899.00,0.00
8883,2979,31,22,15.00,10.00
8884,2980,3,4,249.00,0.00
8885,2980,13,25,649.00,10.00
8886,2980,14,3,549.00,0.00
8887,2980,31,21,15.00,10.00
8888,2981,25,29,42.00,5.00
8889,2981,17,11,189.00,0.00
8890,2981,25,14,42.00,0.00
8891,2981,17,25,189.00,5.00
8892,2981,2,6,899.00,5.00
8893,2982,3,5,249.00,0.00
8894,2982,3,24,249.00,5.00
8895,2982,19,9,69.00,10.00
8896,2983,19,29,69.00,0.00
8897,2983,10,20,799.00,0.00
8898,2984,24,18,95.00,10.00
8899,2984,33,27,65.00,0.00
8900,2985,14,26,549.00,0.00
8901,2986,30,7,27.00,0.00
8902,2986,8,11,389.00,0.00
8903,2987,17,14,189.00,10.00
8904,2987,23,26,22.00,0.00
8905,2987,7,28,549.00,10.00
8906,2987,34,30,35.00,10.00
8907,2988,32,25,45.00,0.00
8908,2988,15,28,379.00,0.00
8909,2988,8,27,389.00,5.00
8910,2988,33,16,65.00,5.00
8911,2988,8,26,389.00,5.00
8912,2989,25,13,42.00,10.00
8913,2989,26,20,12.00,0.00
8914,2990,34,11,35.00,10.00
8915,2990,4,1,129.00,5.00
8916,2990,23,2,22.00,0.00
8917,2990,6,2,699.00,5.00
8918,2990,27,15,18.00,0.00
8919,2991,23,27,22.00,0.00
8920,2991,9,13,149.00,0.00
8921,2991,21,27,58.00,0.00
8922,2991,11,23,899.00,10.00
8923,2992,19,28,69.00,0.00
8924,2992,17,5,189.00,0.00
8925,2992,26,12,12.00,5.00
8926,2992,35,1,79.00,0.00
8927,2992,24,28,95.00,0.00
8928,2993,5,12,349.00,0.00
8929,2994,4,11,129.00,0.00
8930,2994,3,4,249.00,0.00
8931,2995,33,16,65.00,5.00
8932,2995,3,6,249.00,5.00
8933,2996,31,19,15.00,0.00
8934,2996,20,10,159.00,10.00
8935,2997,35,20,79.00,0.00
8936,2997,12,28,459.00,0.00
8937,2997,7,6,549.00,0.00
8938,2998,6,1,699.00,5.00
8939,2998,4,18,129.00,0.00
8940,2999,32,27,45.00,5.00
8941,2999,22,4,75.00,5.00
8942,2999,14,22,549.00,0.00
8943,3000,25,19,42.00,0.00
8944,3000,8,2,389.00,0.00
8945,3000,26,27,12.00,0.00
8946,3000,15,16,379.00,0.00
8947,3000,29,7,32.00,5.00
8948,3001,4,1,129.00,10.00
8949,3001,6,9,699.00,10.00
8950,3001,33,23,65.00,0.00
8951,3002,28,18,120.00,0.00
8952,3003,31,8,15.00,0.00
8953,3003,4,26,129.00,10.00
8954,3003,33,28,65.00,10.00
8955,3003,19,2,69.00,5.00
8956,3004,22,23,75.00,5.00
8957,3005,4,28,129.00,0.00
8958,3005,19,27,69.00,5.00
8959,3006,33,3,65.00,0.00
8960,3006,13,9,649.00,0.00
8961,3006,32,15,45.00,5.00
8962,3006,2,3,899.00,0.00
8963,3006,6,30,699.00,0.00
8964,3007,16,11,45.00,0.00
8965,3007,19,22,69.00,10.00
8966,3007,25,18,42.00,10.00
8967,3007,13,10,649.00,0.00
8968,3008,19,12,69.00,0.00
8969,3008,12,25,459.00,0.00
8970,3008,21,30,58.00,0.00
8971,3008,23,26,22.00,0.00
8972,3009,21,1,58.00,0.00
8973,3009,34,18,35.00,0.00
8974,3009,21,22,58.00,10.00
8975,3009,6,5,699.00,0.00
8976,3009,10,11,799.00,10.00
8977,3010,21,7,58.00,0.00
8978,3010,28,2,120.00,10.00
8979,3011,29,13,32.00,0.00
8980,3011,18,27,89.00,10.00
8981,3012,14,14,549.00,0.00
8982,3012,35,21,79.00,0.00
8983,3012,23,18,22.00,10.00
8984,3013,3,15,249.00,0.00
8985,3013,19,4,69.00,10.00
8986,3014,27,29,18.00,0.00
8987,3014,20,11,159.00,0.00
8988,3014,1,3,499.00,0.00
8989,3014,19,18,69.00,0.00
8990,3014,5,13,349.00,10.00
8991,3015,15,19,379.00,10.00
8992,3015,14,10,549.00,0.00
8993,3015,23,21,22.00,0.00
8994,3016,17,4,189.00,0.00
8995,3017,13,12,649.00,10.00
8996,3018,6,8,699.00,10.00
8997,3019,6,24,699.00,0.00
8998,3019,31,2,15.00,5.00
8999,3020,9,27,149.00,5.00
9000,3021,15,19,379.00,10.00
9001,3021,16,18,45.00,0.00
9002,3021,4,25,129.00,5.00
9003,3021,6,21,699.00,10.00
9004,3021,20,30,159.00,0.00
9005,3022,34,3,35.00,0.00
9006,3022,15,15,379.00,0.00
9007,3023,6,4,699.00,0.00
9008,3023,10,1,799.00,0.00
9009,3023,32,29,45.00,10.00
9010,3023,6,26,699.00,5.00
9011,3023,34,20,35.00,0.00
9012,3024,35,27,79.00,0.00
9013,3024,27,11,18.00,0.00
9014,3025,1,28,499.00,0.00
9015,3025,24,28,95.00,0.00
9016,3025,31,25,15.00,0.00
9017,3025,27,15,18.00,0.00
9018,3026,34,16,35.00,5.00
9019,3027,33,25,65.00,0.00
9020,3027,18,28,89.00,0.00
9021,3027,27,14,18.00,10.00
9022,3027,22,5,75.00,10.00
9023,3027,2,15,899.00,0.00
9024,3028,3,16,249.00,0.00
9025,3028,22,25,75.00,0.00
9026,3029,20,29,159.00,0.00
9027,3029,28,17,120.00,0.00
9028,3029,11,12,899.00,10.00
9029,3030,16,5,45.00,0.00
9030,3031,13,26,649.00,0.00
9031,3031,9,24,149.00,0.00
9032,3031,26,28,12.00,0.00
9033,3031,14,21,549.00,0.00
9034,3032,6,17,699.00,0.00
9035,3033,22,12,75.00,0.00
9036,3033,19,9,69.00,5.00
9037,3033,33,11,65.00,10.00
9038,3034,24,16,95.00,0.00
9039,3034,2,20,899.00,0.00
9040,3034,23,26,22.00,0.00
9041,3034,2,7,899.00,0.00
9042,3034,21,25,58.00,0.00
9043,3035,23,15,22.00,0.00
9044,3035,30,25,27.00,0.00
9045,3035,12,1,459.00,0.00
9046,3035,3,11,249.00,0.00
9047,3035,21,11,58.00,10.00
9048,3036,16,27,45.00,0.00
9049,3036,9,19,149.00,0.00
9050,3036,6,19,699.00,0.00
9051,3036,29,16,32.00,0.00
9052,3037,15,3,379.00,0.00
9053,3037,15,20,379.00,0.00
9054,3038,9,25,149.00,0.00
9055,3038,22,25,75.00,0.00
9056,3038,20,8,159.00,0.00
9057,3039,21,8,58.00,0.00
9058,3039,13,18,649.00,10.00
9059,3039,19,1,69.00,0.00
9060,3040,5,22,349.00,0.00
9061,3040,15,22,379.00,0.00
9062,3040,25,10,42.00,0.00
9063,3040,34,3,35.00,0.00
9064,3041,25,21,42.00,0.00
9065,3041,24,8,95.00,0.00
9066,3041,26,22,12.00,0.00
9067,3041,30,1,27.00,5.00
9068,3041,34,28,35.00,5.00
9069,3042,9,13,149.00,0.00
9070,3042,1,12,499.00,10.00
9071,3042,32,5,45.00,10.00
9072,3042,12,23,459.00,10.00
9073,3043,6,16,699.00,0.00
9074,3043,28,21,120.00,0.00
9075,3043,10,6,799.00,0.00
9076,3043,4,2,129.00,0.00
9077,3044,3,25,249.00,10.00
9078,3044,23,24,22.00,0.00
9079,3044,25,15,42.00,0.00
9080,3044,1,8,499.00,0.00
9081,3044,35,15,79.00,0.00
9082,3045,10,11,799.00,10.00
9083,3046,8,2,389.00,0.00
9084,3046,24,20,95.00,0.00
9085,3046,18,20,89.00,5.00
9086,3046,15,2,379.00,0.00
9087,3047,33,4,65.00,10.00
9088,3048,31,19,15.00,0.00
9089,3048,7,21,549.00,10.00
9090,3049,29,29,32.00,0.00
9091,3050,32,21,45.00,5.00
9092,3050,12,18,459.00,10.00
9093,3050,1,6,499.00,10.00
9094,3050,7,4,549.00,10.00
9095,3050,19,21,69.00,10.00
9096,3051,3,10,249.00,0.00
9097,3052,25,5,42.00,5.00
9098,3052,6,16,699.00,0.00
9099,3052,19,30,69.00,0.00
9100,3053,34,11,35.00,10.00
9101,3054,25,5,42.00,5.00
9102,3054,23,13,22.00,0.00
9103,3054,25,26,42.00,0.00
9104,3055,29,10,32.00,0.00
9105,3055,21,17,58.00,0.00
9106,3055,31,29,15.00,0.00
9107,3055,12,27,459.00,0.00
9108,3055,31,24,15.00,0.00
9109,3056,2,28,899.00,0.00
9110,3056,20,13,159.00,0.00
9111,3056,25,11,42.00,5.00
9112,3057,1,21,499.00,0.00
9113,3057,20,24,159.00,0.00
9114,3057,10,13,799.00,0.00
9115,3057,24,24,95.00,10.00
9116,3057,10,18,799.00,0.00
9117,3058,15,10,379.00,0.00
9118,3058,23,10,22.00,5.00
9119,3059,10,9,799.00,5.00
9120,3059,20,23,159.00,0.00
9121,3059,5,14,349.00,10.00
9122,3059,2,15,899.00,0.00
9123,3060,26,7,12.00,10.00
9124,3060,1,7,499.00,0.00
9125,3060,15,1,379.00,10.00
9126,3060,5,7,349.00,5.00
9127,3060,18,21,89.00,10.00
9128,3061,25,17,42.00,0.00
9129,3061,8,13,389.00,0.00
9130,3061,34,13,35.00,0.00
9131,3061,33,28,65.00,10.00
9132,3062,3,3,249.00,0.00
9133,3062,24,25,95.00,0.00
9134,3062,3,2,249.00,0.00
9135,3062,31,12,15.00,0.00
9136,3063,18,19,89.00,0.00
9137,3063,33,1,65.00,0.00
9138,3063,11,20,899.00,0.00
9139,3063,34,18,35.00,0.00
9140,3063,22,27,75.00,0.00
9141,3064,15,13,379.00,5.00
9142,3064,25,3,42.00,0.00
9143,3064,21,24,58.00,0.00
9144,3064,11,3,899.00,5.00
9145,3064,29,7,32.00,5.00
9146,3065,18,21,89.00,0.00
9147,3065,3,9,249.00,0.00
9148,3066,17,22,189.00,0.00
9149,3066,5,26,349.00,10.00
9150,3067,34,22,35.00,5.00
9151,3067,17,6,189.00,0.00
9152,3068,7,21,549.00,5.00
9153,3068,33,8,65.00,0.00
9154,3068,25,30,42.00,10.00
9155,3069,26,22,12.00,0.00
9156,3069,28,24,120.00,0.00
9157,3070,22,23,75.00,10.00
9158,3071,19,21,69.00,10.00
9159,3071,16,14,45.00,10.00
9160,3072,23,28,22.00,5.00
9161,3073,26,6,12.00,10.00
9162,3073,19,4,69.00,0.00
9163,3073,35,22,79.00,0.00
9164,3074,8,19,389.00,0.00
9165,3075,30,14,27.00,5.00
9166,3075,13,18,649.00,10.00
9167,3075,22,13,75.00,0.00
9168,3075,34,4,35.00,5.00
9169,3075,4,12,129.00,5.00
9170,3076,26,30,12.00,5.00
9171,3076,15,1,379.00,10.00
9172,3076,9,19,149.00,0.00
9173,3077,23,12,22.00,10.00
9174,3077,21,5,58.00,10.00
9175,3078,20,13,159.00,0.00
9176,3078,20,24,159.00,0.00
9177,3078,16,24,45.00,0.00
9178,3079,2,28,899.00,0.00
9179,3079,29,15,32.00,0.00
9180,3079,22,2,75.00,0.00
9181,3079,35,18,79.00,10.00
9182,3080,8,18,389.00,0.00
9183,3080,13,3,649.00,0.00
9184,3080,22,1,75.00,0.00
9185,3080,25,2,42.00,0.00
9186,3080,31,22,15.00,10.00
9187,3081,8,3,389.00,5.00
9188,3081,16,1,45.00,5.00
9189,3081,25,9,42.00,0.00
9190,3081,26,21,12.00,0.00
9191,3082,13,10,649.00,0.00
9192,3083,15,7,379.00,10.00
9193,3083,32,24,45.00,0.00
9194,3084,6,6,699.00,0.00
9195,3084,30,25,27.00,0.00
9196,3084,3,25,249.00,10.00
9197,3085,13,28,649.00,0.00
9198,3085,10,7,799.00,0.00
9199,3085,15,13,379.00,10.00
9200,3085,6,6,699.00,0.00
9201,3086,25,3,42.00,0.00
9202,3087,26,12,12.00,5.00
9203,3088,21,28,58.00,5.00
9204,3088,5,12,349.00,0.00
9205,3089,1,19,499.00,0.00
9206,3089,25,5,42.00,5.00
9207,3089,23,13,22.00,0.00
9208,3089,6,19,699.00,0.00
9209,3089,2,14,899.00,0.00
9210,3090,12,11,459.00,5.00
9211,3090,31,30,15.00,0.00
9212,3090,31,7,15.00,0.00
9213,3090,25,3,42.00,0.00
9214,3091,1,10,499.00,0.00
9215,3091,24,26,95.00,0.00
9216,3092,28,25,120.00,10.00
9217,3092,20,12,159.00,0.00
9218,3092,32,29,45.00,10.00
9219,3092,34,29,35.00,10.00
9220,3093,1,14,499.00,0.00
9221,3093,26,1,12.00,10.00
9222,3093,7,13,549.00,0.00
9223,3094,27,15,18.00,0.00
9224,3094,2,28,899.00,0.00
9225,3094,13,16,649.00,0.00
9226,3095,35,29,79.00,10.00
9227,3095,5,9,349.00,0.00
9228,3095,6,25,699.00,0.00
9229,3095,12,29,459.00,10.00
9230,3096,5,6,349.00,0.00
9231,3097,24,17,95.00,5.00
9232,3097,7,20,549.00,5.00
9233,3097,20,20,159.00,5.00
9234,3097,2,14,899.00,0.00
9235,3097,3,5,249.00,0.00
9236,3098,8,5,389.00,0.00
9237,3098,3,3,249.00,0.00
9238,3099,1,25,499.00,0.00
9239,3099,33,11,65.00,0.00
9240,3099,3,8,249.00,0.00
9241,3099,12,17,459.00,10.00
9242,3100,10,4,799.00,5.00
9243,3100,17,4,189.00,0.00
9244,3100,15,17,379.00,0.00
9245,3100,9,14,149.00,0.00
9246,3101,33,11,65.00,0.00
9247,3101,7,23,549.00,0.00
9248,3101,18,3,89.00,10.00
9249,3101,6,5,699.00,0.00
9250,3102,4,23,129.00,0.00
9251,3102,1,20,499.00,0.00
9252,3102,5,29,349.00,0.00
9253,3102,10,2,799.00,0.00
9254,3102,11,1,899.00,0.00
9255,3103,12,14,459.00,0.00
9256,3103,27,6,18.00,5.00
9257,3103,22,4,75.00,10.00
9258,3103,23,24,22.00,0.00
9259,3104,9,18,149.00,0.00
9260,3104,14,6,549.00,5.00
9261,3105,15,24,379.00,5.00
9262,3105,12,15,459.00,0.00
9263,3105,8,4,389.00,10.00
9264,3106,33,5,65.00,10.00
9265,3107,27,9,18.00,0.00
9266,3107,26,9,12.00,0.00
9267,3107,6,6,699.00,0.00
9268,3108,19,1,69.00,0.00
9269,3108,23,20,22.00,0.00
9270,3108,21,2,58.00,0.00
9271,3108,31,5,15.00,0.00
9272,3108,8,21,389.00,10.00
9273,3109,20,26,159.00,0.00
9274,3109,14,8,549.00,10.00
9275,3109,8,6,389.00,0.00
9276,3109,14,13,549.00,10.00
9277,3110,25,3,42.00,0.00
9278,3110,9,11,149.00,0.00
9279,3110,9,2,149.00,0.00
9280,3110,18,29,89.00,0.00
9281,3110,34,10,35.00,5.00
9282,3111,6,15,699.00,10.00
9283,3111,13,28,649.00,0.00
9284,3111,29,18,32.00,0.00
9285,3112,22,23,75.00,10.00
9286,3113,20,23,159.00,0.00
9287,3113,16,23,45.00,0.00
9288,3113,34,16,35.00,5.00
9289,3113,29,2,32.00,10.00
9290,3113,5,2,349.00,10.00
9291,3114,4,7,129.00,5.00
9292,3114,7,19,549.00,0.00
9293,3114,2,13,899.00,10.00
9294,3115,33,26,65.00,0.00
9295,3115,32,29,45.00,0.00
9296,3116,35,6,79.00,10.00
9297,3116,10,14,799.00,0.00
9298,3116,23,30,22.00,0.00
9299,3116,12,13,459.00,0.00
9300,3116,5,14,349.00,10.00
9301,3117,7,12,549.00,0.00
9302,3118,28,28,120.00,0.00
9303,3118,14,9,549.00,0.00
9304,3118,5,3,349.00,10.00
9305,3118,25,16,42.00,0.00
9306,3119,11,24,899.00,10.00
9307,3119,23,6,22.00,0.00
9308,3119,29,24,32.00,0.00
9309,3120,33,17,65.00,10.00
9310,3121,4,19,129.00,5.00
9311,3121,33,11,65.00,0.00
9312,3121,4,12,129.00,5.00
9313,3121,7,28,549.00,0.00
9314,3121,17,7,189.00,5.00
9315,3122,5,28,349.00,0.00
9316,3122,4,2,129.00,10.00
9317,3122,20,28,159.00,10.00
9318,3122,30,14,27.00,5.00
9319,3122,9,4,149.00,10.00
9320,3123,7,12,549.00,0.00
9321,3124,28,2,120.00,10.00
9322,3124,7,10,549.00,10.00
9323,3125,30,15,27.00,0.00
9324,3125,18,16,89.00,0.00
9325,3125,29,25,32.00,5.00
9326,3125,25,20,42.00,0.00
9327,3125,25,5,42.00,5.00
9328,3126,10,8,799.00,0.00
9329,3126,21,17,58.00,10.00
9330,3126,9,7,149.00,0.00
9331,3126,12,15,459.00,0.00
9332,3127,7,16,549.00,10.00
9333,3127,6,30,699.00,0.00
9334,3127,4,8,129.00,10.00
9335,3128,5,10,349.00,0.00
9336,3128,2,20,899.00,0.00
9337,3128,12,15,459.00,0.00
9338,3128,28,16,120.00,0.00
9339,3129,35,10,79.00,5.00
9340,3129,18,13,89.00,0.00
9341,3129,21,9,58.00,0.00
9342,3129,1,11,499.00,5.00
9343,3129,14,29,549.00,0.00
9344,3130,5,18,349.00,0.00
9345,3131,19,29,69.00,0.00
9346,3131,20,19,159.00,0.00
9347,3131,2,2,899.00,0.00
9348,3131,14,18,549.00,5.00
9349,3131,3,2,249.00,0.00
9350,3132,22,4,75.00,5.00
9351,3132,13,17,649.00,5.00
9352,3132,26,20,12.00,0.00
9353,3132,20,14,159.00,0.00
9354,3133,19,27,69.00,5.00
9355,3133,13,14,649.00,0.00
9356,3133,24,22,95.00,5.00
9357,3133,35,1,79.00,0.00
9358,3133,17,3,189.00,0.00
9359,3134,35,18,79.00,10.00
9360,3134,8,4,389.00,10.00
9361,3134,9,15,149.00,5.00
9362,3135,16,28,45.00,0.00
9363,3135,17,19,189.00,5.00
9364,3135,21,25,58.00,0.00
9365,3136,11,26,899.00,0.00
9366,3136,33,24,65.00,0.00
9367,3136,1,27,499.00,0.00
9368,3137,12,4,459.00,5.00
9369,3137,30,9,27.00,10.00
9370,3137,11,3,899.00,0.00
9371,3138,12,24,459.00,10.00
9372,3138,4,27,129.00,0.00
9373,3138,20,22,159.00,10.00
9374,3138,22,5,75.00,10.00
9375,3138,16,8,45.00,10.00
9376,3139,21,14,58.00,0.00
9377,3139,10,24,799.00,0.00
9378,3139,16,20,45.00,0.00
9379,3139,2,7,899.00,10.00
9380,3139,10,12,799.00,0.00
9381,3140,17,14,189.00,10.00
9382,3140,3,20,249.00,0.00
9383,3140,20,13,159.00,0.00
9384,3140,26,16,12.00,0.00
9385,3141,32,12,45.00,0.00
9386,3141,27,9,18.00,0.00
9387,3141,33,4,65.00,10.00
9388,3141,35,10,79.00,0.00
9389,3142,33,22,65.00,10.00
9390,3142,1,16,499.00,0.00
9391,3142,5,2,349.00,10.00
9392,3142,7,10,549.00,10.00
9393,3142,3,10,249.00,0.00
9394,3143,4,22,129.00,0.00
9395,3143,15,6,379.00,0.00
9396,3144,6,7,699.00,5.00
9397,3144,14,4,549.00,0.00
9398,3144,25,10,42.00,0.00
9399,3144,18,3,89.00,10.00
9400,3144,30,24,27.00,0.00
9401,3145,21,5,58.00,10.00
9402,3145,10,18,799.00,0.00
9403,3145,19,17,69.00,0.00
9404,3145,31,2,15.00,5.00
9405,3145,6,23,699.00,0.00
9406,3146,34,26,35.00,0.00
9407,3146,9,4,149.00,10.00
9408,3146,32,30,45.00,0.00
9409,3146,32,2,45.00,0.00
9410,3146,16,19,45.00,5.00
9411,3147,11,25,899.00,0.00
9412,3147,7,19,549.00,0.00
9413,3148,7,17,549.00,0.00
9414,3148,28,2,120.00,10.00
9415,3148,17,19,189.00,0.00
9416,3149,11,25,899.00,0.00
9417,3149,15,19,379.00,10.00
9418,3149,8,21,389.00,5.00
9419,3150,4,10,129.00,0.00
9420,3150,28,25,120.00,5.00
9421,3151,11,20,899.00,0.00
9422,3151,22,6,75.00,0.00
9423,3151,24,7,95.00,0.00
9424,3151,1,20,499.00,0.00
9425,3152,18,28,89.00,0.00
9426,3153,13,8,649.00,0.00
9427,3153,6,9,699.00,10.00
9428,3153,16,21,45.00,0.00
9429,3154,12,4,459.00,0.00
9430,3154,13,6,649.00,10.00
9431,3154,22,16,75.00,10.00
9432,3155,21,27,58.00,5.00
9433,3155,30,6,27.00,0.00
9434,3155,4,15,129.00,0.00
9435,3155,11,3,899.00,0.00
9436,3155,33,11,65.00,10.00
9437,3156,21,8,58.00,0.00
9438,3156,18,7,89.00,0.00
9439,3156,10,19,799.00,0.00
9440,3156,19,25,69.00,0.00
9441,3156,9,19,149.00,0.00
9442,3157,7,13,549.00,0.00
9443,3158,3,14,249.00,0.00
9444,3158,33,15,65.00,5.00
9445,3158,35,26,79.00,0.00
9446,3158,25,22,42.00,0.00
9447,3159,21,14,58.00,0.00
9448,3160,23,3,22.00,0.00
9449,3160,29,28,32.00,0.00
9450,3161,14,16,549.00,0.00
9451,3161,22,24,75.00,0.00
9452,3161,35,22,79.00,5.00
9453,3161,6,23,699.00,0.00
9454,3161,17,10,189.00,0.00
9455,3162,20,2,159.00,0.00
9456,3162,21,11,58.00,0.00
9457,3162,2,3,899.00,0.00
9458,3162,24,5,95.00,10.00
9459,3162,19,8,69.00,5.00
9460,3163,4,6,129.00,0.00
9461,3163,3,25,249.00,10.00
9462,3163,33,2,65.00,0.00
9463,3164,31,3,15.00,10.00
9464,3164,4,25,129.00,10.00
9465,3164,20,14,159.00,0.00
9466,3165,23,4,22.00,5.00
9467,3166,19,17,69.00,0.00
9468,3166,12,30,459.00,10.00
9469,3167,20,9,159.00,5.00
9470,3168,2,2,899.00,0.00
9471,3168,24,27,95.00,0.00
9472,3168,16,28,45.00,0.00
9473,3168,32,14,45.00,5.00
9474,3169,9,23,149.00,0.00
9475,3170,7,11,549.00,0.00
9476,3170,5,30,349.00,0.00
9477,3170,19,6,69.00,0.00
9478,3170,35,30,79.00,10.00
9479,3170,35,30,79.00,10.00
9480,3171,18,18,89.00,0.00
9481,3171,23,23,22.00,10.00
9482,3171,3,24,249.00,5.00
9483,3171,12,11,459.00,10.00
9484,3172,6,3,699.00,10.00
9485,3172,5,2,349.00,10.00
9486,3172,14,7,549.00,10.00
9487,3173,4,12,129.00,0.00
9488,3173,30,15,27.00,10.00
9489,3174,18,16,89.00,0.00
9490,3175,16,8,45.00,10.00
9491,3175,8,3,389.00,10.00
9492,3176,18,12,89.00,0.00
9493,3176,35,20,79.00,0.00
9494,3176,23,6,22.00,0.00
9495,3176,31,3,15.00,10.00
9496,3177,7,26,549.00,5.00
9497,3177,6,17,699.00,0.00
9498,3177,16,17,45.00,0.00
9499,3177,16,29,45.00,0.00
9500,3178,33,19,65.00,0.00
9501,3179,32,9,45.00,5.00
9502,3179,4,5,129.00,0.00
9503,3180,23,8,22.00,0.00
9504,3180,21,5,58.00,0.00
9505,3180,25,11,42.00,5.00
9506,3180,19,15,69.00,10.00
9507,3180,24,29,95.00,5.00
9508,3181,26,20,12.00,0.00
9509,3181,26,9,12.00,0.00
9510,3181,34,11,35.00,10.00
9511,3181,4,2,129.00,10.00
9512,3182,25,10,42.00,0.00
9513,3182,12,7,459.00,0.00
9514,3182,4,3,129.00,0.00
9515,3183,13,7,649.00,0.00
9516,3184,7,10,549.00,0.00
9517,3184,13,18,649.00,10.00
9518,3184,22,14,75.00,0.00
9519,3184,28,19,120.00,5.00
9520,3184,22,2,75.00,0.00
9521,3185,17,15,189.00,0.00
9522,3185,30,2,27.00,5.00
9523,3185,5,22,349.00,0.00
9524,3185,32,26,45.00,0.00
9525,3185,10,21,799.00,5.00
9526,3186,6,23,699.00,0.00
9527,3186,1,10,499.00,0.00
9528,3187,35,13,79.00,0.00
9529,3188,27,20,18.00,0.00
9530,3189,24,29,95.00,5.00
9531,3189,23,5,22.00,5.00
9532,3189,20,11,159.00,0.00
9533,3189,13,18,649.00,5.00
9534,3189,5,9,349.00,0.00
9535,3190,10,3,799.00,0.00
9536,3190,24,19,95.00,0.00
9537,3190,12,19,459.00,0.00
9538,3190,7,30,549.00,0.00
9539,3191,21,27,58.00,5.00
9540,3191,26,17,12.00,5.00
9541,3191,21,29,58.00,0.00
9542,3191,9,5,149.00,0.00
9543,3192,14,18,549.00,5.00
9544,3192,31,7,15.00,0.00
9545,3192,33,1,65.00,0.00
9546,3193,26,26,12.00,10.00
9547,3193,9,11,149.00,10.00
9548,3194,3,10,249.00,0.00
9549,3194,6,17,699.00,0.00
9550,3195,8,2,389.00,5.00
9551,3195,3,12,249.00,5.00
9552,3196,4,29,129.00,0.00
9553,3197,12,14,459.00,0.00
9554,3198,5,28,349.00,0.00
9555,3198,24,13,95.00,0.00
9556,3198,19,6,69.00,0.00
9557,3198,32,18,45.00,0.00
9558,3198,29,4,32.00,0.00
9559,3199,29,23,32.00,0.00
9560,3199,34,3,35.00,0.00
9561,3199,19,30,69.00,0.00
9562,3199,32,11,45.00,0.00
9563,3200,35,27,79.00,0.00
9564,3200,35,11,79.00,5.00
9565,3200,21,23,58.00,0.00
9566,3200,3,3,249.00,0.00
9567,3201,9,30,149.00,0.00
9568,3201,33,5,65.00,10.00
9569,3201,2,18,899.00,5.00
9570,3201,26,18,12.00,5.00
9571,3202,35,3,79.00,0.00
9572,3202,16,16,45.00,0.00
9573,3202,34,27,35.00,0.00
9574,3202,9,16,149.00,10.00
9575,3202,20,10,159.00,10.00
9576,3203,21,23,58.00,10.00
9577,3203,14,4,549.00,0.00
9578,3203,27,15,18.00,0.00
9579,3203,19,1,69.00,0.00
9580,3204,31,17,15.00,0.00
9581,3204,8,18,389.00,0.00
9582,3205,12,28,459.00,0.00
9583,3205,31,23,15.00,0.00
9584,3205,30,16,27.00,0.00
9585,3205,22,30,75.00,0.00
9586,3205,15,27,379.00,0.00
9587,3206,23,26,22.00,0.00
9588,3207,33,9,65.00,5.00
9589,3207,22,28,75.00,5.00
9590,3207,7,16,549.00,0.00
9591,3207,19,19,69.00,0.00
9592,3208,3,17,249.00,0.00
9593,3208,31,27,15.00,5.00
9594,3208,3,5,249.00,0.00
9595,3208,3,25,249.00,10.00
9596,3208,5,29,349.00,0.00
9597,3209,15,29,379.00,0.00
9598,3210,15,3,379.00,0.00
9599,3211,24,4,95.00,5.00
9600,3211,23,11,22.00,10.00
9601,3211,7,13,549.00,0.00
9602,3212,32,2,45.00,5.00
9603,3213,9,12,149.00,0.00
9604,3213,31,24,15.00,0.00
9605,3213,31,19,15.00,0.00
9606,3213,14,17,549.00,5.00
9607,3213,14,5,549.00,5.00
9608,3214,6,7,699.00,0.00
9609,3214,11,21,899.00,5.00
9610,3214,33,25,65.00,0.00
9611,3215,21,1,58.00,0.00
9612,3215,17,13,189.00,5.00
9613,3215,3,10,249.00,0.00
9614,3215,4,8,129.00,10.00
9615,3215,34,30,35.00,10.00
9616,3216,4,15,129.00,0.00
9617,3216,29,30,32.00,0.00
9618,3217,16,27,45.00,0.00
9619,3218,21,1,58.00,0.00
9620,3218,28,24,120.00,5.00
9621,3218,25,20,42.00,0.00
9622,3218,29,18,32.00,0.00
9623,3218,16,29,45.00,0.00
9624,3219,4,24,129.00,5.00
9625,3219,34,24,35.00,0.00
9626,3219,5,9,349.00,0.00
9627,3220,22,19,75.00,0.00
9628,3221,32,22,45.00,10.00
9629,3221,16,13,45.00,5.00
9630,3221,25,3,42.00,0.00
9631,3221,9,11,149.00,0.00
9632,3221,8,29,389.00,0.00
9633,3222,6,22,699.00,0.00
9634,3222,19,6,69.00,0.00
9635,3223,26,14,12.00,0.00
9636,3224,16,1,45.00,10.00
9637,3225,34,1,35.00,0.00
9638,3225,9,11,149.00,0.00
9639,3225,19,8,69.00,5.00
9640,3226,27,26,18.00,10.00
9641,3226,6,2,699.00,5.00
9642,3226,7,28,549.00,0.00
9643,3226,15,30,379.00,5.00
9644,3226,20,21,159.00,5.00
9645,3227,12,4,459.00,0.00
9646,3227,7,13,549.00,0.00
9647,3227,12,2,459.00,0.00
9648,3228,20,4,159.00,10.00
9649,3228,7,7,549.00,0.00
9650,3229,16,2,45.00,10.00
9651,3230,1,1,499.00,0.00
9652,3230,11,10,899.00,5.00
9653,3231,34,24,35.00,0.00
9654,3231,12,7,459.00,0.00
9655,3231,29,23,32.00,0.00
9656,3231,7,4,549.00,0.00
9657,3232,18,14,89.00,5.00
9658,3233,26,13,12.00,10.00
9659,3234,14,15,549.00,0.00
9660,3234,19,2,69.00,5.00
9661,3234,14,23,549.00,5.00
9662,3235,26,29,12.00,0.00
9663,3235,26,3,12.00,0.00
9664,3235,28,10,120.00,0.00
9665,3235,17,13,189.00,5.00
9666,3235,21,17,58.00,0.00
9667,3236,19,16,69.00,10.00
9668,3236,10,14,799.00,0.00
9669,3237,18,5,89.00,0.00
9670,3237,21,12,58.00,0.00
9671,3237,9,29,149.00,0.00
9672,3238,9,3,149.00,5.00
9673,3239,15,26,379.00,10.00
9674,3240,9,18,149.00,0.00
9675,3240,34,12,35.00,0.00
9676,3240,11,7,899.00,0.00
9677,3241,30,17,27.00,0.00
9678,3241,18,25,89.00,0.00
9679,3241,14,7,549.00,10.00
9680,3242,20,29,159.00,0.00
9681,3242,1,17,499.00,5.00
9682,3243,3,17,249.00,0.00
9683,3243,25,4,42.00,0.00
9684,3244,1,11,499.00,5.00
9685,3244,4,21,129.00,0.00
9686,3244,9,1,149.00,0.00
9687,3244,29,30,32.00,0.00
9688,3244,22,16,75.00,5.00
9689,3245,18,27,89.00,10.00
9690,3245,31,19,15.00,0.00
9691,3245,13,14,649.00,0.00
9692,3246,31,29,15.00,0.00
9693,3246,20,18,159.00,0.00
9694,3246,10,25,799.00,0.00
9695,3246,22,14,75.00,0.00
9696,3246,15,1,379.00,10.00
9697,3247,32,29,45.00,0.00
9698,3248,25,3,42.00,0.00
9699,3248,23,4,22.00,0.00
9700,3248,21,6,58.00,0.00
9701,3249,1,8,499.00,0.00
9702,3249,33,7,65.00,0.00
9703,3249,35,28,79.00,5.00
9704,3249,23,6,22.00,0.00
9705,3249,19,17,69.00,0.00
9706,3250,28,5,120.00,0.00
9707,3250,19,14,69.00,5.00
9708,3251,7,9,549.00,10.00
9709,3251,25,23,42.00,5.00
9710,3251,34,27,35.00,0.00
9711,3252,13,2,649.00,0.00
9712,3252,24,27,95.00,0.00
9713,3252,8,29,389.00,0.00
9714,3253,31,19,15.00,0.00
9715,3253,27,7,18.00,10.00
9716,3253,17,27,189.00,0.00
9717,3254,9,29,149.00,0.00
9718,3254,20,16,159.00,10.00
9719,3254,11,17,899.00,10.00
9720,3254,20,7,159.00,0.00
9721,3255,13,7,649.00,0.00
9722,3255,21,23,58.00,0.00
9723,3255,32,11,45.00,0.00
9724,3255,10,7,799.00,0.00
9725,3255,28,1,120.00,5.00
9726,3256,20,13,159.00,0.00
9727,3256,28,24,120.00,0.00
9728,3256,5,7,349.00,5.00
9729,3257,27,3,18.00,0.00
9730,3257,11,6,899.00,10.00
9731,3257,10,15,799.00,5.00
9732,3257,22,9,75.00,0.00
9733,3257,27,6,18.00,5.00
9734,3258,35,28,79.00,5.00
9735,3258,11,21,899.00,0.00
9736,3259,19,25,69.00,0.00
9737,3259,7,12,549.00,0.00
9738,3259,13,29,649.00,5.00
9739,3259,15,3,379.00,0.00
9740,3259,25,30,42.00,5.00
9741,3260,12,17,459.00,10.00
9742,3261,3,23,249.00,0.00
9743,3261,6,13,699.00,0.00
9744,3261,18,28,89.00,0.00
9745,3262,29,9,32.00,0.00
9746,3262,7,26,549.00,5.00
9747,3263,9,3,149.00,5.00
9748,3263,29,10,32.00,0.00
9749,3264,13,7,649.00,10.00
9750,3264,8,7,389.00,0.00
9751,3264,20,13,159.00,0.00
9752,3264,4,3,129.00,0.00
9753,3264,16,24,45.00,5.00
9754,3265,3,21,249.00,0.00
9755,3265,1,14,499.00,0.00
9756,3265,15,18,379.00,5.00
9757,3265,31,5,15.00,0.00
9758,3265,5,11,349.00,0.00
9759,3266,13,23,649.00,5.00
9760,3267,1,29,499.00,5.00
9761,3267,24,8,95.00,0.00
9762,3268,21,27,58.00,5.00
9763,3268,25,14,42.00,0.00
9764,3268,8,23,389.00,0.00
9765,3268,11,4,899.00,5.00
9766,3269,20,5,159.00,0.00
9767,3269,24,11,95.00,5.00
9768,3270,31,14,15.00,0.00
9769,3270,23,15,22.00,0.00
9770,3270,22,28,75.00,5.00
9771,3270,26,18,12.00,5.00
9772,3271,16,16,45.00,0.00
9773,3271,33,22,65.00,5.00
9774,3271,31,27,15.00,10.00
9775,3272,30,21,27.00,10.00
9776,3273,8,14,389.00,0.00
9777,3273,21,6,58.00,0.00
9778,3273,33,13,65.00,0.00
9779,3273,6,29,699.00,0.00
9780,3273,9,18,149.00,0.00
9781,3274,33,2,65.00,0.00
9782,3274,22,2,75.00,0.00
9783,3274,25,11,42.00,5.00
9784,3275,24,7,95.00,0.00
9785,3275,34,13,35.00,0.00
9786,3275,16,25,45.00,5.00
9787,3275,13,16,649.00,0.00
9788,3276,2,29,899.00,5.00
9789,3276,7,2,549.00,5.00
9790,3276,19,13,69.00,0.00
9791,3277,18,18,89.00,0.00
9792,3277,18,4,89.00,0.00
9793,3277,2,30,899.00,5.00
9794,3277,28,20,120.00,10.00
9795,3277,29,7,32.00,0.00
9796,3278,33,22,65.00,5.00
9797,3278,30,24,27.00,0.00
9798,3279,10,23,799.00,10.00
9799,3279,6,4,699.00,0.00
9800,3279,3,6,249.00,5.00
9801,3279,27,26,18.00,10.00
9802,3279,5,27,349.00,0.00
9803,3280,7,27,549.00,5.00
9804,3280,12,8,459.00,0.00
9805,3281,19,9,69.00,10.00
9806,3281,7,17,549.00,0.00
9807,3281,8,18,389.00,0.00
9808,3281,20,2,159.00,0.00
9809,3282,31,23,15.00,0.00
9810,3282,29,14,32.00,5.00
9811,3282,14,21,549.00,0.00
9812,3282,19,22,69.00,10.00
9813,3282,16,16,45.00,0.00
9814,3283,34,26,35.00,0.00
9815,3283,10,8,799.00,0.00
9816,3284,27,21,18.00,0.00
9817,3285,19,19,69.00,0.00
9818,3285,27,8,18.00,10.00
9819,3286,18,11,89.00,0.00
9820,3287,27,26,18.00,10.00
9821,3287,35,6,79.00,0.00
9822,3287,19,19,69.00,0.00
9823,3287,13,15,649.00,0.00
9824,3288,25,3,42.00,0.00
9825,3288,11,18,899.00,10.00
9826,3288,3,17,249.00,0.00
9827,3289,5,21,349.00,0.00
9828,3289,15,24,379.00,5.00
9829,3289,9,3,149.00,5.00
9830,3289,10,5,799.00,0.00
9831,3290,1,7,499.00,0.00
9832,3290,26,12,12.00,5.00
9833,3291,25,3,42.00,0.00
9834,3291,18,12,89.00,0.00
9835,3291,12,6,459.00,10.00
9836,3292,8,3,389.00,10.00
9837,3292,1,15,499.00,0.00
9838,3292,11,14,899.00,0.00
9839,3292,15,2,379.00,0.00
9840,3293,13,26,649.00,0.00
9841,3293,13,9,649.00,0.00
9842,3293,26,21,12.00,0.00
9843,3293,3,22,249.00,0.00
9844,3293,17,12,189.00,0.00
9845,3294,20,1,159.00,0.00
9846,3294,12,8,459.00,0.00
9847,3295,22,18,75.00,0.00
9848,3296,22,4,75.00,5.00
9849,3296,7,25,549.00,0.00
9850,3296,14,8,549.00,0.00
9851,3296,26,12,12.00,5.00
9852,3296,9,6,149.00,0.00
9853,3297,8,10,389.00,10.00
9854,3297,26,26,12.00,0.00
9855,3298,4,25,129.00,10.00
9856,3298,20,10,159.00,0.00
9857,3299,8,12,389.00,0.00
9858,3299,27,9,18.00,0.00
9859,3299,3,22,249.00,0.00
9860,3300,17,2,189.00,10.00
9861,3300,13,2,649.00,0.00
9862,3300,29,15,32.00,0.00
9863,3300,22,2,75.00,0.00
9864,3301,25,22,42.00,0.00
9865,3301,12,6,459.00,10.00
9866,3301,1,10,499.00,0.00
9867,3301,27,7,18.00,10.00
9868,3301,14,16,549.00,0.00
9869,3302,13,29,649.00,5.00
9870,3302,30,30,27.00,0.00
9871,3302,7,21,549.00,10.00
9872,3303,22,9,75.00,0.00
9873,3303,3,20,249.00,0.00
9874,3303,8,28,389.00,10.00
9875,3303,5,23,349.00,0.00
9876,3303,15,3,379.00,0.00
9877,3304,26,14,12.00,0.00
9878,3304,30,5,27.00,0.00
9879,3304,11,1,899.00,0.00
9880,3305,25,6,42.00,10.00
9881,3305,18,4,89.00,0.00
9882,3305,3,2,249.00,0.00
9883,3306,28,12,120.00,0.00
9884,3306,27,2,18.00,10.00
9885,3306,24,15,95.00,0.00
9886,3307,2,20,899.00,0.00
9887,3307,33,4,65.00,10.00
9888,3307,24,28,95.00,0.00
9889,3308,6,22,699.00,0.00
9890,3308,10,5,799.00,10.00
9891,3308,34,5,35.00,10.00
9892,3308,28,13,120.00,5.00
9893,3309,30,28,27.00,0.00
9894,3310,25,1,42.00,0.00
9895,3310,10,5,799.00,10.00
9896,3310,16,10,45.00,0.00
9897,3310,29,21,32.00,10.00
9898,3310,30,9,27.00,10.00
9899,3311,33,30,65.00,0.00
9900,3311,27,10,18.00,0.00
9901,3311,18,22,89.00,0.00
9902,3311,32,14,45.00,5.00
9903,3311,25,20,42.00,0.00
9904,3312,15,17,379.00,0.00
9905,3312,32,1,45.00,0.00
9906,3312,19,21,69.00,10.00
9907,3312,19,25,69.00,0.00
9908,3312,10,23,799.00,10.00
9909,3313,6,3,699.00,10.00
9910,3313,26,19,12.00,10.00
9911,3313,20,6,159.00,0.00
9912,3314,18,12,89.00,0.00
9913,3314,10,28,799.00,5.00
9914,3314,32,11,45.00,10.00
9915,3314,33,19,65.00,0.00
9916,3315,4,16,129.00,0.00
9917,3315,15,14,379.00,0.00
9918,3316,17,27,189.00,0.00
9919,3317,20,11,159.00,0.00
9920,3318,27,28,18.00,0.00
9921,3318,27,27,18.00,0.00
9922,3319,21,5,58.00,10.00
9923,3319,1,12,499.00,10.00
9924,3320,25,4,42.00,0.00
9925,3321,10,18,799.00,0.00
9926,3321,20,17,159.00,0.00
9927,3322,3,5,249.00,0.00
9928,3322,11,27,899.00,0.00
9929,3322,31,26,15.00,5.00
9930,3322,19,23,69.00,0.00
9931,3323,28,5,120.00,0.00
9932,3323,29,23,32.00,0.00
9933,3323,32,24,45.00,0.00
9934,3324,15,9,379.00,0.00
9935,3324,15,7,379.00,10.00
9936,3325,19,27,69.00,5.00
9937,3325,11,6,899.00,10.00
9938,3326,29,6,32.00,0.00
9939,3326,26,8,12.00,0.00
9940,3326,21,21,58.00,5.00
9941,3326,22,28,75.00,5.00
9942,3327,16,9,45.00,0.00
9943,3327,28,18,120.00,0.00
9944,3327,23,25,22.00,0.00
9945,3327,10,27,799.00,0.00
9946,3328,30,20,27.00,5.00
9947,3328,13,25,649.00,10.00
9948,3328,19,20,69.00,5.00
9949,3329,11,26,899.00,0.00
9950,3330,6,3,699.00,10.00
9951,3330,8,12,389.00,0.00
9952,3330,15,5,379.00,0.00
9953,3331,35,5,79.00,10.00
9954,3331,21,14,58.00,0.00
9955,3331,2,23,899.00,5.00
9956,3331,31,16,15.00,10.00
9957,3331,10,16,799.00,5.00
9958,3332,4,12,129.00,0.00
9959,3333,14,16,549.00,0.00
9960,3334,16,30,45.00,5.00
9961,3334,8,5,389.00,0.00
9962,3334,29,28,32.00,0.00
9963,3334,28,19,120.00,5.00
9964,3335,25,21,42.00,0.00
9965,3335,16,9,45.00,0.00
9966,3335,31,30,15.00,0.00
9967,3335,1,17,499.00,5.00
9968,3336,13,11,649.00,5.00
9969,3336,17,8,189.00,10.00
9970,3336,25,24,42.00,10.00
9971,3337,23,29,22.00,10.00
9972,3338,21,7,58.00,0.00
9973,3338,27,28,18.00,0.00
9974,3338,1,2,499.00,0.00
9975,3338,29,14,32.00,5.00
9976,3338,18,8,89.00,5.00
9977,3339,15,28,379.00,0.00
9978,3339,26,23,12.00,5.00
9979,3339,31,16,15.00,10.00
9980,3339,30,20,27.00,5.00
9981,3340,6,26,699.00,10.00
9982,3340,17,29,189.00,0.00
9983,3341,2,2,899.00,0.00
9984,3341,10,4,799.00,5.00
9985,3341,20,13,159.00,0.00
9986,3341,26,15,12.00,0.00
9987,3342,4,19,129.00,5.00
9988,3342,30,2,27.00,5.00
9989,3343,29,14,32.00,5.00
9990,3343,16,29,45.00,0.00
9991,3343,13,15,649.00,0.00
9992,3343,13,21,649.00,0.00
9993,3343,25,14,42.00,0.00
9994,3344,14,8,549.00,10.00
9995,3344,9,8,149.00,0.00
9996,3345,24,9,95.00,0.00
9997,3346,6,27,699.00,0.00
9998,3346,15,1,379.00,10.00
9999,3346,11,27,899.00,0.00
10000,3346,34,6,35.00,0.00
10001,3347,15,3,379.00,0.00
10002,3348,13,10,649.00,0.00
10003,3348,22,15,75.00,0.00
10004,3348,11,26,899.00,0.00
10005,3349,8,12,389.00,0.00
10006,3349,24,7,95.00,0.00
10007,3349,20,22,159.00,10.00
10008,3350,34,20,35.00,0.00
10009,3350,2,1,899.00,10.00
10010,3351,31,20,15.00,0.00
10011,3351,1,11,499.00,5.00
10012,3351,3,18,249.00,0.00
10013,3351,10,18,799.00,0.00
10014,3351,30,26,27.00,5.00
10015,3352,16,17,45.00,0.00
10016,3352,12,14,459.00,0.00
10017,3352,11,14,899.00,0.00
10018,3353,30,9,27.00,10.00
10019,3353,12,5,459.00,5.00
10020,3353,7,22,549.00,0.00
10021,3353,5,15,349.00,0.00
10022,3353,32,10,45.00,10.00
10023,3354,13,10,649.00,0.00
10024,3355,33,25,65.00,0.00
10025,3355,14,26,549.00,0.00
10026,3355,25,11,42.00,5.00
10027,3355,14,26,549.00,0.00
10028,3355,35,20,79.00,0.00
10029,3356,13,27,649.00,0.00
10030,3356,10,4,799.00,10.00
10031,3357,18,26,89.00,10.00
10032,3357,17,27,189.00,0.00
10033,3358,26,29,12.00,0.00
10034,3358,28,10,120.00,0.00
10035,3359,23,6,22.00,0.00
10036,3359,17,10,189.00,0.00
10037,3360,10,1,799.00,0.00
10038,3360,5,27,349.00,0.00
10039,3360,31,2,15.00,5.00
10040,3360,4,18,129.00,0.00
10041,3361,6,18,699.00,0.00
10042,3361,18,6,89.00,0.00
10043,3361,18,7,89.00,0.00
10044,3361,11,22,899.00,5.00
10045,3362,6,17,699.00,0.00
10046,3362,29,4,32.00,0.00
10047,3362,17,25,189.00,5.00
10048,3362,9,30,149.00,0.00
10049,3363,25,12,42.00,5.00
10050,3363,29,20,32.00,10.00
10051,3364,31,14,15.00,0.00
10052,3364,23,15,22.00,0.00
10053,3365,17,5,189.00,0.00
10054,3365,13,20,649.00,0.00
10055,3365,2,18,899.00,5.00
10056,3366,20,6,159.00,0.00
10057,3366,25,23,42.00,5.00
10058,3366,4,14,129.00,10.00
10059,3367,23,25,22.00,0.00
10060,3368,1,11,499.00,5.00
10061,3368,16,4,45.00,0.00
10062,3368,30,14,27.00,10.00
10063,3368,25,4,42.00,0.00
10064,3368,20,22,159.00,10.00
10065,3369,7,8,549.00,5.00
10066,3369,34,17,35.00,10.00
10067,3369,28,9,120.00,0.00
10068,3370,7,22,549.00,10.00
10069,3371,3,28,249.00,0.00
10070,3371,25,20,42.00,0.00
10071,3371,21,20,58.00,0.00
10072,3371,6,17,699.00,0.00
10073,3371,24,17,95.00,10.00
10074,3372,17,20,189.00,10.00
10075,3372,13,5,649.00,5.00
10076,3373,4,12,129.00,0.00
10077,3373,23,18,22.00,0.00
10078,3373,9,6,149.00,0.00
10079,3373,8,18,389.00,0.00
10080,3374,21,18,58.00,0.00
10081,3375,1,7,499.00,0.00
10082,3375,20,20,159.00,0.00
10083,3376,34,14,35.00,0.00
10084,3377,5,17,349.00,0.00
10085,3378,26,27,12.00,0.00
10086,3378,24,18,95.00,10.00
10087,3378,25,26,42.00,0.00
10088,3378,8,17,389.00,0.00
10089,3378,10,25,799.00,0.00
10090,3379,10,28,799.00,10.00
10091,3379,10,29,799.00,10.00
10092,3379,24,19,95.00,0.00
10093,3379,20,17,159.00,0.00
10094,3379,2,23,899.00,0.00
10095,3380,30,3,27.00,10.00
10096,3381,17,24,189.00,0.00
10097,3382,10,11,799.00,10.00
10098,3382,15,14,379.00,10.00
10099,3382,10,20,799.00,0.00
10100,3382,28,29,120.00,0.00
10101,3383,6,21,699.00,10.00
10102,3384,10,26,799.00,0.00
10103,3384,24,1,95.00,0.00
10104,3384,20,12,159.00,0.00
10105,3384,3,20,249.00,10.00
10106,3384,34,26,35.00,0.00
10107,3385,13,3,649.00,0.00
10108,3385,14,29,549.00,0.00
10109,3386,35,9,79.00,0.00
10110,3386,5,13,349.00,5.00
10111,3387,17,13,189.00,0.00
10112,3387,27,30,18.00,5.00
10113,3387,16,6,45.00,0.00
10114,3387,9,16,149.00,10.00
10115,3388,30,23,27.00,0.00
10116,3388,2,14,899.00,0.00
10117,3388,13,11,649.00,5.00
10118,3388,13,24,649.00,5.00
10119,3388,20,13,159.00,0.00
10120,3389,32,8,45.00,5.00
10121,3389,13,27,649.00,0.00
10122,3389,17,1,189.00,5.00
10123,3389,20,19,159.00,0.00
10124,3390,15,25,379.00,10.00
10125,3390,26,5,12.00,0.00
10126,3391,7,25,549.00,0.00
10127,3391,1,18,499.00,10.00
10128,3391,21,12,58.00,0.00
10129,3391,13,15,649.00,0.00
10130,3392,20,23,159.00,0.00
10131,3392,15,22,379.00,0.00
10132,3392,13,25,649.00,0.00
10133,3392,4,4,129.00,0.00
10134,3393,22,10,75.00,5.00
10135,3393,19,18,69.00,0.00
10136,3393,23,13,22.00,0.00
10137,3393,26,2,12.00,0.00
10138,3394,29,27,32.00,10.00
10139,3395,30,9,27.00,10.00
10140,3395,12,4,459.00,5.00
10141,3396,18,19,89.00,5.00
10142,3396,7,2,549.00,5.00
10143,3396,8,5,389.00,10.00
10144,3396,19,21,69.00,10.00
10145,3396,6,10,699.00,0.00
10146,3397,15,14,379.00,10.00
10147,3397,7,9,549.00,10.00
10148,3397,14,12,549.00,5.00
10149,3397,27,13,18.00,10.00
10150,3397,5,30,349.00,0.00
10151,3398,16,12,45.00,5.00
10152,3398,1,4,499.00,5.00
10153,3398,29,6,32.00,0.00
10154,3398,31,28,15.00,10.00
10155,3398,35,1,79.00,0.00
10156,3399,6,16,699.00,0.00
10157,3399,15,16,379.00,0.00
10158,3399,27,1,18.00,5.00
10159,3399,26,12,12.00,5.00
10160,3400,30,27,27.00,10.00
10161,3400,28,11,120.00,0.00
10162,3400,17,16,189.00,0.00
10163,3400,30,30,27.00,0.00
10164,3401,5,14,349.00,5.00
10165,3401,22,22,75.00,5.00
10166,3401,12,19,459.00,0.00
10167,3402,24,17,95.00,5.00
10168,3402,2,1,899.00,10.00
10169,3402,30,7,27.00,5.00
10170,3402,18,16,89.00,0.00
10171,3403,29,23,32.00,0.00
10172,3403,3,19,249.00,10.00
10173,3403,19,29,69.00,0.00
10174,3403,35,12,79.00,0.00
10175,3404,19,13,69.00,0.00
10176,3404,23,12,22.00,0.00
10177,3405,20,18,159.00,0.00
10178,3406,18,27,89.00,10.00
10179,3406,31,18,15.00,0.00
10180,3406,5,17,349.00,0.00
10181,3406,7,27,549.00,5.00
10182,3406,4,8,129.00,10.00
10183,3407,34,2,35.00,0.00
10184,3407,19,19,69.00,0.00
10185,3407,30,18,27.00,0.00
10186,3407,2,5,899.00,0.00
10187,3407,18,24,89.00,0.00
10188,3408,10,5,799.00,10.00
10189,3409,32,6,45.00,0.00
10190,3409,22,12,75.00,0.00
10191,3409,5,14,349.00,10.00
10192,3409,4,26,129.00,10.00
10193,3410,8,6,389.00,0.00
10194,3410,27,1,18.00,10.00
10195,3410,7,13,549.00,0.00
10196,3410,10,27,799.00,0.00
10197,3411,18,21,89.00,10.00
10198,3411,31,14,15.00,0.00
10199,3411,18,25,89.00,5.00
10200,3411,21,3,58.00,5.00
10201,3411,33,24,65.00,0.00
10202,3412,25,18,42.00,5.00
10203,3412,34,16,35.00,5.00
10204,3412,13,15,649.00,0.00
10205,3412,6,26,699.00,5.00
10206,3412,11,5,899.00,10.00
10207,3413,7,4,549.00,10.00
10208,3413,23,9,22.00,0.00
10209,3413,26,3,12.00,0.00
10210,3414,9,5,149.00,0.00
10211,3414,21,28,58.00,10.00
10212,3414,20,7,159.00,0.00
10213,3414,8,30,389.00,0.00
10214,3415,10,13,799.00,0.00
10215,3415,28,9,120.00,0.00
10216,3415,30,23,27.00,0.00
10217,3415,26,2,12.00,0.00
10218,3416,9,29,149.00,10.00
10219,3416,34,30,35.00,10.00
10220,3416,28,4,120.00,0.00
10221,3417,9,18,149.00,0.00
10222,3417,5,5,349.00,0.00
10223,3417,11,12,899.00,0.00
10224,3418,34,29,35.00,10.00
10225,3418,21,10,58.00,5.00
10226,3418,29,24,32.00,0.00
10227,3419,33,11,65.00,10.00
10228,3420,6,5,699.00,0.00
10229,3420,25,25,42.00,10.00
10230,3420,9,12,149.00,0.00
10231,3421,5,30,349.00,0.00
10232,3421,17,27,189.00,10.00
10233,3422,23,30,22.00,10.00
10234,3422,31,14,15.00,0.00
10235,3422,23,15,22.00,0.00
10236,3422,23,28,22.00,5.00
10237,3423,32,2,45.00,0.00
10238,3423,17,23,189.00,0.00
10239,3423,19,19,69.00,0.00
10240,3423,18,4,89.00,0.00
10241,3423,33,15,65.00,5.00
10242,3424,15,2,379.00,10.00
10243,3424,31,10,15.00,0.00
10244,3425,14,21,549.00,0.00
10245,3425,17,11,189.00,0.00
10246,3425,2,27,899.00,0.00
10247,3426,13,13,649.00,10.00
10248,3426,22,7,75.00,0.00
10249,3426,15,12,379.00,5.00
10250,3427,28,9,120.00,0.00
10251,3427,8,2,389.00,5.00
10252,3428,7,28,549.00,10.00
10253,3428,8,3,389.00,5.00
10254,3428,26,8,12.00,0.00
10255,3428,32,1,45.00,0.00
10256,3429,1,9,499.00,0.00
10257,3429,32,15,45.00,5.00
10258,3429,32,14,45.00,5.00
10259,3430,11,14,899.00,0.00
10260,3430,32,22,45.00,10.00
10261,3430,24,14,95.00,0.00
10262,3430,25,26,42.00,0.00
10263,3431,8,2,389.00,5.00
10264,3431,1,3,499.00,0.00
10265,3432,26,3,12.00,0.00
10266,3432,29,14,32.00,10.00
10267,3432,30,21,27.00,10.00
10268,3433,15,14,379.00,0.00
10269,3433,29,30,32.00,0.00
10270,3433,20,10,159.00,10.00
10271,3434,27,15,18.00,0.00
10272,3434,20,4,159.00,10.00
10273,3434,11,23,899.00,10.00
10274,3434,31,26,15.00,0.00
10275,3435,28,5,120.00,0.00
10276,3435,13,20,649.00,0.00
10277,3435,14,4,549.00,0.00
10278,3435,18,12,89.00,0.00
10279,3436,29,21,32.00,0.00
10280,3436,2,3,899.00,0.00
10281,3436,18,15,89.00,10.00
10282,3436,5,28,349.00,0.00
10283,3437,10,5,799.00,10.00
10284,3437,34,6,35.00,0.00
10285,3437,23,2,22.00,0.00
10286,3437,16,8,45.00,10.00
10287,3438,10,11,799.00,10.00
10288,3438,30,6,27.00,0.00
10289,3438,31,28,15.00,10.00
10290,3438,26,30,12.00,5.00
10291,3439,24,11,95.00,5.00
10292,3439,29,24,32.00,0.00
10293,3439,33,7,65.00,0.00
10294,3439,34,25,35.00,0.00
10295,3439,32,20,45.00,0.00
10296,3440,1,13,499.00,0.00
10297,3440,29,2,32.00,5.00
10298,3441,14,14,549.00,10.00
10299,3441,24,10,95.00,5.00
10300,3441,13,24,649.00,10.00
10301,3441,29,17,32.00,0.00
10302,3441,1,3,499.00,0.00
10303,3442,22,25,75.00,0.00
10304,3442,35,4,79.00,0.00
10305,3442,13,6,649.00,10.00
10306,3442,25,30,42.00,5.00
10307,3443,25,1,42.00,10.00
10308,3443,15,14,379.00,0.00
10309,3443,29,28,32.00,0.00
10310,3443,30,28,27.00,0.00
10311,3443,14,26,549.00,0.00
10312,3444,31,9,15.00,10.00
10313,3444,13,6,649.00,10.00
10314,3444,2,16,899.00,0.00
10315,3444,8,1,389.00,0.00
10316,3445,26,28,12.00,0.00
10317,3445,13,16,649.00,0.00
10318,3446,24,27,95.00,0.00
10319,3446,9,4,149.00,10.00
10320,3446,5,30,349.00,0.00
10321,3446,9,28,149.00,10.00
10322,3446,30,15,27.00,10.00
10323,3447,21,29,58.00,0.00
10324,3447,18,7,89.00,5.00
10325,3447,17,13,189.00,5.00
10326,3447,23,25,22.00,0.00
10327,3447,9,25,149.00,0.00
10328,3448,24,11,95.00,5.00
10329,3449,3,6,249.00,5.00
10330,3450,1,29,499.00,5.00
10331,3450,32,8,45.00,0.00
10332,3451,18,25,89.00,0.00
10333,3451,13,5,649.00,5.00
10334,3451,34,23,35.00,10.00
10335,3451,8,13,389.00,0.00
10336,3451,22,29,75.00,10.00
10337,3452,7,25,549.00,0.00
10338,3452,12,30,459.00,10.00
10339,3452,18,25,89.00,5.00
10340,3452,26,24,12.00,5.00
10341,3453,35,29,79.00,10.00
10342,3453,7,15,549.00,10.00
10343,3453,24,29,95.00,5.00
10344,3453,18,17,89.00,0.00
10345,3454,13,2,649.00,0.00
10346,3454,12,11,459.00,5.00
10347,3454,32,3,45.00,10.00
10348,3454,26,7,12.00,10.00
10349,3454,22,18,75.00,0.00
10350,3455,3,11,249.00,0.00
10351,3456,15,5,379.00,0.00
10352,3456,10,22,799.00,10.00
10353,3457,22,15,75.00,0.00
10354,3457,9,20,149.00,0.00
10355,3457,17,26,189.00,10.00
10356,3457,5,25,349.00,5.00
10357,3457,31,12,15.00,0.00
10358,3458,28,25,120.00,5.00
10359,3458,13,14,649.00,0.00
10360,3459,7,27,549.00,10.00
10361,3459,4,18,129.00,5.00
10362,3459,12,25,459.00,0.00
10363,3459,8,21,389.00,5.00
10364,3460,2,11,899.00,0.00
10365,3460,32,21,45.00,10.00
10366,3460,3,27,249.00,0.00
10367,3460,18,25,89.00,0.00
10368,3461,3,15,249.00,0.00
10369,3461,14,12,549.00,10.00
10370,3462,16,19,45.00,5.00
10371,3462,30,29,27.00,0.00
10372,3462,19,25,69.00,0.00
10373,3463,12,12,459.00,10.00
10374,3464,33,4,65.00,5.00
10375,3464,14,21,549.00,0.00
10376,3464,10,18,799.00,0.00
10377,3464,22,28,75.00,5.00
10378,3464,18,19,89.00,0.00
10379,3465,6,13,699.00,5.00
10380,3465,34,28,35.00,5.00
10381,3465,28,22,120.00,0.00
10382,3465,20,21,159.00,10.00
10383,3466,10,6,799.00,10.00
10384,3466,16,9,45.00,10.00
10385,3466,6,26,699.00,5.00
10386,3466,8,24,389.00,0.00
10387,3467,23,17,22.00,10.00
10388,3467,14,15,549.00,0.00
10389,3467,31,16,15.00,0.00
10390,3467,22,29,75.00,10.00
10391,3467,28,5,120.00,0.00
10392,3468,16,5,45.00,0.00
10393,3469,9,25,149.00,0.00
10394,3470,27,2,18.00,10.00
10395,3470,9,20,149.00,0.00
10396,3471,33,28,65.00,5.00
10397,3471,34,17,35.00,10.00
10398,3471,25,28,42.00,0.00
10399,3471,17,3,189.00,0.00
10400,3471,29,30,32.00,0.00
10401,3472,9,30,149.00,0.00
10402,3472,3,23,249.00,0.00
10403,3473,17,15,189.00,10.00
10404,3473,13,28,649.00,0.00
10405,3473,4,22,129.00,0.00
10406,3473,12,22,459.00,5.00
10407,3473,1,5,499.00,5.00
10408,3474,35,7,79.00,0.00
10409,3474,5,5,349.00,0.00
10410,3474,16,3,45.00,0.00
10411,3474,31,11,15.00,0.00
10412,3474,16,27,45.00,0.00
10413,3475,1,5,499.00,5.00
10414,3475,6,19,699.00,5.00
10415,3475,11,18,899.00,0.00
10416,3475,11,14,899.00,0.00
10417,3475,28,21,120.00,10.00
10418,3476,5,28,349.00,0.00
10419,3476,10,24,799.00,0.00
10420,3476,35,24,79.00,10.00
10421,3477,8,19,389.00,0.00
10422,3477,8,26,389.00,5.00
10423,3477,22,5,75.00,10.00
10424,3477,3,22,249.00,0.00
10425,3477,7,7,549.00,0.00
10426,3478,12,5,459.00,5.00
10427,3478,5,15,349.00,0.00
10428,3478,29,27,32.00,0.00
10429,3479,12,2,459.00,0.00
10430,3479,8,7,389.00,0.00
10431,3480,27,20,18.00,0.00
10432,3480,14,22,549.00,0.00
10433,3480,34,17,35.00,10.00
10434,3480,29,11,32.00,0.00
10435,3481,30,21,27.00,10.00
10436,3482,10,11,799.00,10.00
10437,3482,17,20,189.00,10.00
10438,3483,2,27,899.00,0.00
10439,3483,9,30,149.00,0.00
10440,3483,19,21,69.00,10.00
10441,3484,12,25,459.00,0.00
10442,3484,10,26,799.00,0.00
10443,3485,22,26,75.00,0.00
10444,3485,15,28,379.00,0.00
10445,3485,2,6,899.00,5.00
10446,3485,1,30,499.00,10.00
10447,3486,25,22,42.00,0.00
10448,3486,19,2,69.00,5.00
10449,3487,6,7,699.00,5.00
10450,3487,17,14,189.00,10.00
10451,3487,25,4,42.00,0.00
10452,3487,8,17,389.00,0.00
10453,3487,33,10,65.00,10.00
10454,3488,31,12,15.00,0.00
10455,3488,16,9,45.00,0.00
10456,3489,26,7,12.00,10.00
10457,3490,6,3,699.00,10.00
10458,3490,2,22,899.00,0.00
10459,3490,32,10,45.00,10.00
10460,3490,14,9,549.00,0.00
10461,3490,23,9,22.00,0.00
10462,3491,32,25,45.00,0.00
10463,3491,14,27,549.00,0.00
10464,3492,16,5,45.00,0.00
10465,3492,5,2,349.00,10.00
10466,3493,10,24,799.00,0.00
10467,3493,18,28,89.00,0.00
10468,3493,33,6,65.00,0.00
10469,3493,5,6,349.00,5.00
10470,3493,20,27,159.00,5.00
10471,3494,16,6,45.00,5.00
10472,3494,21,3,58.00,5.00
10473,3495,21,6,58.00,0.00
10474,3495,15,17,379.00,0.00
10475,3496,32,19,45.00,0.00
10476,3496,5,15,349.00,10.00
10477,3497,18,29,89.00,0.00
10478,3497,21,1,58.00,0.00
10479,3497,24,12,95.00,10.00
10480,3498,35,22,79.00,5.00
10481,3498,10,9,799.00,5.00
10482,3499,9,12,149.00,0.00
10483,3499,35,9,79.00,0.00
10484,3499,12,10,459.00,0.00
10485,3499,32,24,45.00,0.00
10486,3499,28,7,120.00,5.00
10487,3500,5,4,349.00,0.00
10488,3500,3,6,249.00,5.00
10489,3501,23,13,22.00,0.00
10490,3501,13,13,649.00,0.00
10491,3501,34,19,35.00,0.00
10492,3502,15,20,379.00,0.00
10493,3502,8,30,389.00,0.00
10494,3502,22,4,75.00,10.00
10495,3503,32,17,45.00,0.00
10496,3503,35,18,79.00,10.00
10497,3504,1,13,499.00,0.00
10498,3504,33,15,65.00,5.00
10499,3505,4,10,129.00,0.00
10500,3505,31,7,15.00,0.00
10501,3506,34,4,35.00,5.00
10502,3506,1,3,499.00,0.00
10503,3506,26,13,12.00,10.00
10504,3507,6,15,699.00,0.00
10505,3508,20,28,159.00,10.00
10506,3508,34,29,35.00,10.00
10507,3509,31,10,15.00,10.00
10508,3509,31,16,15.00,10.00
10509,3509,1,12,499.00,10.00
10510,3509,11,24,899.00,0.00
10511,3510,35,16,79.00,5.00
10512,3510,30,7,27.00,0.00
10513,3510,4,24,129.00,5.00
10514,3510,32,17,45.00,0.00
10515,3511,30,28,27.00,0.00
10516,3511,15,29,379.00,0.00
10517,3511,35,5,79.00,10.00
10518,3511,22,20,75.00,0.00
10519,3512,5,15,349.00,0.00
10520,3513,17,5,189.00,0.00
10521,3513,3,15,249.00,0.00
10522,3513,6,12,699.00,0.00
10523,3514,2,25,899.00,10.00
10524,3514,29,16,32.00,0.00
10525,3514,3,1,249.00,10.00
10526,3514,7,11,549.00,0.00
10527,3514,32,30,45.00,0.00
10528,3515,23,19,22.00,0.00
10529,3516,33,21,65.00,0.00
10530,3517,1,18,499.00,10.00
10531,3517,21,11,58.00,10.00
10532,3517,26,26,12.00,0.00
10533,3518,30,11,27.00,0.00
10534,3518,31,24,15.00,0.00
10535,3518,18,10,89.00,0.00
10536,3518,25,5,42.00,5.00
10537,3519,22,13,75.00,0.00
10538,3519,11,17,899.00,10.00
10539,3520,8,20,389.00,0.00
10540,3520,25,30,42.00,5.00
10541,3520,30,30,27.00,0.00
10542,3521,29,11,32.00,0.00
10543,3521,12,27,459.00,0.00
10544,3522,12,4,459.00,5.00
10545,3522,23,15,22.00,0.00
10546,3522,25,6,42.00,5.00
10547,3522,14,18,549.00,5.00
10548,3522,4,7,129.00,5.00
10549,3523,4,21,129.00,0.00
10550,3523,7,26,549.00,5.00
10551,3523,3,4,249.00,0.00
10552,3523,30,26,27.00,5.00
10553,3523,33,19,65.00,0.00
10554,3524,18,11,89.00,0.00
10555,3524,32,29,45.00,0.00
10556,3524,8,2,389.00,5.00
10557,3525,27,9,18.00,0.00
10558,3525,3,26,249.00,0.00
10559,3525,16,8,45.00,10.00
10560,3525,31,17,15.00,0.00
10561,3525,9,20,149.00,0.00
10562,3526,29,29,32.00,0.00
10563,3526,27,25,18.00,10.00
10564,3526,30,20,27.00,5.00
10565,3526,26,14,12.00,0.00
10566,3527,2,28,899.00,0.00
10567,3527,15,22,379.00,0.00
10568,3527,23,4,22.00,5.00
10569,3528,14,17,549.00,0.00
10570,3528,6,4,699.00,0.00
10571,3528,34,20,35.00,0.00
10572,3529,23,30,22.00,0.00
10573,3529,6,21,699.00,10.00
10574,3529,22,11,75.00,5.00
10575,3530,28,3,120.00,0.00
10576,3530,35,24,79.00,0.00
10577,3530,25,15,42.00,0.00
10578,3530,27,1,18.00,10.00
10579,3531,24,11,95.00,5.00
10580,3531,30,28,27.00,10.00
10581,3532,23,7,22.00,0.00
10582,3532,17,19,189.00,5.00
10583,3532,33,10,65.00,5.00
10584,3532,31,3,15.00,5.00
10585,3533,6,10,699.00,0.00
10586,3534,28,5,120.00,0.00
10587,3534,25,6,42.00,5.00
10588,3534,17,28,189.00,0.00
10589,3535,24,8,95.00,0.00
10590,3535,15,14,379.00,10.00
10591,3535,11,22,899.00,5.00
10592,3535,2,12,899.00,5.00
10593,3536,19,20,69.00,5.00
10594,3536,23,2,22.00,0.00
10595,3537,6,6,699.00,0.00
10596,3537,15,28,379.00,0.00
10597,3537,32,15,45.00,5.00
10598,3538,2,8,899.00,0.00
10599,3538,9,20,149.00,0.00
10600,3538,18,30,89.00,0.00
10601,3538,21,11,58.00,10.00
10602,3538,26,25,12.00,10.00
10603,3539,25,14,42.00,0.00
10604,3540,6,17,699.00,0.00
10605,3541,13,20,649.00,0.00
10606,3541,33,4,65.00,10.00
10607,3541,28,13,120.00,5.00
10608,3541,20,14,159.00,5.00
10609,3542,29,23,32.00,0.00
10610,3542,18,15,89.00,10.00
10611,3542,25,3,42.00,0.00
10612,3542,3,19,249.00,5.00
10613,3543,27,9,18.00,0.00
10614,3544,15,30,379.00,5.00
10615,3545,32,22,45.00,10.00
10616,3545,9,19,149.00,0.00
10617,3545,35,24,79.00,10.00
10618,3545,13,2,649.00,0.00
10619,3545,11,8,899.00,0.00
10620,3546,31,21,15.00,10.00
10621,3546,9,19,149.00,0.00
10622,3547,12,13,459.00,0.00
10623,3547,35,25,79.00,0.00
10624,3547,13,7,649.00,0.00
10625,3547,28,21,120.00,0.00
10626,3548,26,20,12.00,0.00
10627,3548,16,1,45.00,5.00
10628,3548,12,21,459.00,0.00
10629,3548,7,17,549.00,0.00
10630,3549,7,11,549.00,0.00
10631,3549,28,13,120.00,5.00
10632,3549,10,8,799.00,0.00
10633,3549,20,13,159.00,0.00
10634,3549,26,14,12.00,0.00
10635,3550,25,25,42.00,10.00
10636,3550,17,13,189.00,5.00
10637,3551,13,21,649.00,0.00
10638,3551,24,10,95.00,5.00
10639,3551,5,25,349.00,5.00
10640,3551,4,13,129.00,5.00
10641,3552,27,4,18.00,0.00
10642,3552,2,11,899.00,5.00
10643,3552,6,28,699.00,0.00
10644,3552,13,22,649.00,0.00
10645,3552,23,18,22.00,10.00
10646,3553,9,6,149.00,0.00
10647,3554,17,25,189.00,5.00
10648,3555,8,18,389.00,0.00
10649,3555,26,23,12.00,0.00
10650,3555,19,1,69.00,0.00
10651,3556,22,25,75.00,0.00
10652,3557,6,6,699.00,0.00
10653,3557,24,30,95.00,10.00
10654,3557,16,19,45.00,5.00
10655,3557,32,9,45.00,5.00
10656,3557,18,15,89.00,10.00
10657,3558,19,1,69.00,0.00
10658,3558,30,13,27.00,0.00
10659,3558,12,6,459.00,10.00
10660,3559,29,8,32.00,5.00
10661,3559,35,22,79.00,5.00
10662,3559,1,5,499.00,5.00
10663,3559,2,3,899.00,0.00
10664,3559,8,8,389.00,5.00
10665,3560,7,20,549.00,5.00
10666,3561,30,25,27.00,5.00
10667,3561,22,6,75.00,0.00
10668,3561,24,7,95.00,0.00
10669,3562,21,13,58.00,0.00
10670,3562,6,29,699.00,0.00
10671,3562,18,21,89.00,10.00
10672,3562,12,3,459.00,0.00
10673,3562,19,19,69.00,0.00
10674,3563,12,17,459.00,5.00
10675,3563,35,22,79.00,0.00
10676,3563,29,11,32.00,0.00
10677,3563,11,21,899.00,0.00
10678,3564,28,24,120.00,5.00
10679,3565,35,8,79.00,0.00
10680,3565,4,11,129.00,0.00
10681,3565,2,30,899.00,5.00
10682,3565,32,8,45.00,0.00
10683,3565,28,14,120.00,10.00
10684,3566,16,19,45.00,5.00
10685,3566,1,22,499.00,0.00
10686,3566,21,8,58.00,0.00
10687,3566,26,5,12.00,5.00
10688,3566,26,21,12.00,0.00
10689,3567,7,24,549.00,0.00
10690,3568,11,15,899.00,5.00
10691,3568,25,17,42.00,5.00
10692,3569,30,6,27.00,0.00
10693,3569,14,26,549.00,10.00
10694,3570,27,27,18.00,0.00
10695,3570,32,5,45.00,0.00
10696,3570,24,8,95.00,0.00
10697,3570,26,23,12.00,5.00
10698,3570,27,28,18.00,0.00
10699,3571,23,21,22.00,0.00
10700,3571,21,8,58.00,0.00
10701,3571,7,5,549.00,0.00
10702,3572,1,14,499.00,0.00
10703,3572,30,14,27.00,5.00
10704,3572,5,20,349.00,5.00
10705,3573,1,29,499.00,5.00
10706,3574,19,18,69.00,0.00
10707,3575,20,19,159.00,0.00
10708,3576,32,22,45.00,10.00
10709,3576,33,7,65.00,0.00
10710,3576,33,20,65.00,0.00
10711,3576,16,23,45.00,0.00
10712,3577,4,12,129.00,0.00
10713,3578,29,30,32.00,0.00
10714,3578,28,10,120.00,0.00
10715,3578,2,19,899.00,0.00
10716,3578,6,21,699.00,0.00
10717,3579,33,3,65.00,5.00
10718,3579,1,4,499.00,0.00
10719,3580,17,4,189.00,0.00
10720,3580,1,27,499.00,0.00
10721,3580,10,5,799.00,10.00
10722,3580,11,21,899.00,0.00
10723,3581,10,25,799.00,0.00
10724,3581,26,29,12.00,0.00
10725,3582,34,18,35.00,0.00
10726,3582,25,7,42.00,10.00
10727,3582,3,16,249.00,0.00
10728,3582,12,14,459.00,0.00
10729,3583,17,24,189.00,0.00
10730,3583,3,27,249.00,0.00
10731,3583,19,30,69.00,0.00
10732,3583,23,8,22.00,0.00
10733,3583,29,3,32.00,10.00
10734,3584,23,20,22.00,0.00
10735,3584,15,10,379.00,0.00
10736,3584,24,11,95.00,5.00
10737,3584,24,4,95.00,5.00
10738,3584,23,14,22.00,0.00
10739,3585,9,27,149.00,5.00
10740,3586,33,30,65.00,0.00
10741,3586,26,9,12.00,0.00
10742,3586,5,3,349.00,0.00
10743,3586,31,9,15.00,5.00
10744,3586,34,16,35.00,5.00
10745,3587,31,17,15.00,0.00
10746,3587,18,23,89.00,0.00
10747,3588,25,9,42.00,0.00
10748,3588,31,8,15.00,5.00
10749,3588,21,27,58.00,5.00
10750,3588,25,15,42.00,0.00
10751,3589,22,22,75.00,5.00
10752,3590,30,1,27.00,0.00
10753,3591,25,11,42.00,5.00
10754,3591,6,26,699.00,10.00
10755,3591,17,30,189.00,0.00
10756,3591,12,11,459.00,5.00
10757,3592,5,13,349.00,5.00
10758,3592,9,4,149.00,10.00
10759,3593,9,28,149.00,10.00
10760,3594,29,24,32.00,0.00
10761,3595,10,26,799.00,0.00
10762,3595,30,24,27.00,0.00
10763,3595,15,30,379.00,5.00
10764,3596,17,9,189.00,0.00
10765,3596,6,22,699.00,0.00
10766,3597,12,12,459.00,10.00
10767,3598,17,19,189.00,5.00
10768,3598,21,27,58.00,5.00
10769,3599,9,11,149.00,10.00
10770,3599,23,12,22.00,0.00
10771,3600,31,29,15.00,0.00
10772,3600,10,21,799.00,0.00
10773,3600,24,21,95.00,0.00
10774,3601,20,28,159.00,10.00
10775,3601,5,20,349.00,10.00
10776,3601,12,5,459.00,5.00
10777,3601,33,19,65.00,0.00
10778,3602,14,5,549.00,0.00
10779,3602,12,30,459.00,10.00
10780,3603,20,27,159.00,5.00
10781,3603,5,14,349.00,5.00
10782,3603,20,14,159.00,5.00
10783,3603,23,13,22.00,0.00
10784,3604,17,28,189.00,0.00
10785,3604,33,7,65.00,0.00
10786,3604,34,25,35.00,0.00
10787,3604,13,11,649.00,5.00
10788,3604,6,28,699.00,0.00
10789,3605,22,21,75.00,0.00
10790,3606,16,2,45.00,0.00
10791,3606,30,8,27.00,5.00
10792,3607,5,14,349.00,10.00
10793,3608,22,26,75.00,0.00
10794,3608,27,11,18.00,0.00
10795,3609,35,1,79.00,0.00
10796,3609,34,7,35.00,0.00
10797,3609,33,11,65.00,0.00
10798,3609,34,25,35.00,0.00
10799,3610,20,26,159.00,0.00
10800,3610,5,30,349.00,0.00
10801,3610,35,4,79.00,5.00
10802,3610,6,22,699.00,0.00
10803,3611,35,11,79.00,10.00
10804,3611,1,20,499.00,0.00
10805,3611,12,24,459.00,0.00
10806,3611,28,26,120.00,10.00
10807,3611,5,23,349.00,0.00
10808,3612,23,28,22.00,5.00
10809,3613,26,18,12.00,5.00
10810,3613,5,8,349.00,10.00
10811,3613,22,15,75.00,0.00
10812,3613,17,18,189.00,0.00
10813,3614,29,28,32.00,0.00
10814,3614,13,2,649.00,0.00
10815,3614,25,2,42.00,0.00
10816,3614,15,24,379.00,5.00
10817,3615,31,9,15.00,5.00
10818,3615,30,29,27.00,0.00
10819,3615,27,25,18.00,5.00
10820,3615,14,21,549.00,0.00
10821,3616,26,5,12.00,0.00
10822,3617,5,7,349.00,5.00
10823,3617,21,30,58.00,0.00
10824,3617,35,12,79.00,10.00
10825,3617,26,22,12.00,0.00
10826,3617,33,13,65.00,0.00
10827,3618,9,15,149.00,5.00
10828,3618,24,14,95.00,0.00
10829,3618,29,12,32.00,0.00
10830,3619,14,2,549.00,0.00
10831,3619,14,18,549.00,5.00
10832,3619,35,20,79.00,0.00
10833,3619,24,14,95.00,0.00
10834,3620,12,19,459.00,0.00
10835,3621,16,6,45.00,5.00
10836,3622,2,5,899.00,0.00
10837,3622,19,28,69.00,10.00
10838,3622,29,13,32.00,0.00
10839,3622,22,11,75.00,10.00
10840,3623,23,13,22.00,0.00
10841,3623,21,12,58.00,0.00
10842,3624,24,8,95.00,0.00
10843,3625,25,18,42.00,5.00
10844,3625,8,21,389.00,5.00
10845,3625,24,6,95.00,10.00
10846,3625,29,15,32.00,10.00
10847,3626,14,2,549.00,0.00
10848,3626,30,19,27.00,5.00
10849,3626,4,23,129.00,0.00
10850,3627,34,13,35.00,0.00
10851,3627,28,9,120.00,0.00
10852,3627,10,10,799.00,5.00
10853,3627,25,10,42.00,0.00
10854,3628,8,20,389.00,5.00
10855,3628,19,16,69.00,10.00
10856,3628,13,27,649.00,0.00
10857,3628,3,9,249.00,0.00
10858,3629,10,29,799.00,10.00
10859,3630,14,16,549.00,0.00
10860,3630,22,24,75.00,0.00
10861,3630,31,9,15.00,5.00
10862,3631,1,24,499.00,10.00
10863,3631,3,23,249.00,0.00
10864,3631,11,30,899.00,10.00
10865,3631,30,11,27.00,0.00
10866,3632,22,28,75.00,5.00
10867,3633,23,8,22.00,0.00
10868,3633,29,4,32.00,0.00
10869,3633,21,11,58.00,0.00
10870,3633,34,23,35.00,10.00
10871,3634,7,25,549.00,0.00
10872,3634,8,14,389.00,5.00
10873,3634,32,15,45.00,5.00
10874,3634,14,19,549.00,10.00
10875,3635,9,24,149.00,0.00
10876,3635,27,5,18.00,0.00
10877,3635,2,22,899.00,0.00
10878,3636,23,16,22.00,5.00
10879,3636,24,13,95.00,0.00
10880,3636,5,14,349.00,10.00
10881,3636,30,21,27.00,10.00
10882,3636,26,24,12.00,5.00
10883,3637,20,14,159.00,0.00
10884,3637,16,18,45.00,5.00
10885,3637,12,25,459.00,0.00
10886,3638,16,24,45.00,0.00
10887,3638,21,8,58.00,0.00
10888,3638,13,18,649.00,10.00
10889,3638,11,4,899.00,5.00
10890,3639,32,5,45.00,0.00
10891,3639,30,2,27.00,5.00
10892,3639,20,18,159.00,0.00
10893,3640,4,1,129.00,5.00
10894,3640,24,5,95.00,5.00
10895,3640,16,25,45.00,5.00
10896,3641,13,13,649.00,0.00
10897,3642,14,22,549.00,0.00
10898,3642,8,18,389.00,0.00
10899,3642,19,28,69.00,10.00
10900,3642,8,2,389.00,5.00
10901,3643,1,23,499.00,5.00
10902,3643,18,7,89.00,0.00
10903,3643,3,21,249.00,0.00
10904,3644,34,4,35.00,10.00
10905,3644,23,23,22.00,10.00
10906,3644,29,22,32.00,0.00
10907,3645,21,25,58.00,0.00
10908,3645,3,13,249.00,10.00
10909,3646,34,29,35.00,10.00
10910,3646,9,23,149.00,0.00
10911,3646,7,20,549.00,5.00
10912,3646,13,25,649.00,10.00
10913,3647,31,23,15.00,0.00
10914,3647,19,4,69.00,0.00
10915,3648,23,2,22.00,0.00
10916,3648,9,15,149.00,0.00
10917,3648,16,17,45.00,0.00
10918,3648,17,1,189.00,5.00
10919,3649,32,22,45.00,10.00
10920,3649,5,5,349.00,0.00
10921,3650,35,1,79.00,0.00
10922,3650,19,9,69.00,10.00
10923,3650,22,12,75.00,0.00
10924,3650,33,19,65.00,0.00
10925,3650,19,25,69.00,0.00
10926,3651,32,1,45.00,0.00
10927,3651,19,22,69.00,0.00
10928,3651,4,9,129.00,0.00
10929,3651,23,29,22.00,10.00
10930,3651,11,2,899.00,0.00
10931,3652,21,2,58.00,0.00
10932,3652,4,7,129.00,5.00
10933,3652,34,20,35.00,0.00
10934,3652,1,28,499.00,0.00
10935,3652,30,20,27.00,5.00
10936,3653,4,20,129.00,10.00
10937,3653,23,14,22.00,0.00
10938,3653,5,25,349.00,5.00
10939,3653,22,8,75.00,0.00
10940,3654,7,30,549.00,0.00
10941,3654,34,21,35.00,0.00
10942,3654,16,22,45.00,0.00
10943,3654,9,11,149.00,0.00
10944,3655,7,15,549.00,10.00
10945,3656,21,5,58.00,10.00
10946,3656,11,22,899.00,0.00
10947,3656,27,2,18.00,0.00
10948,3656,2,3,899.00,0.00
10949,3656,16,6,45.00,5.00
10950,3657,4,26,129.00,10.00
10951,3657,5,25,349.00,5.00
10952,3657,32,14,45.00,5.00
10953,3658,16,1,45.00,5.00
10954,3658,23,2,22.00,0.00
10955,3658,11,19,899.00,0.00
10956,3659,19,25,69.00,0.00
10957,3659,5,3,349.00,0.00
10958,3659,32,13,45.00,0.00
10959,3659,31,3,15.00,10.00
10960,3659,29,19,32.00,5.00
10961,3660,19,27,69.00,10.00
10962,3660,31,20,15.00,5.00
10963,3660,5,25,349.00,5.00
10964,3661,29,18,32.00,0.00
10965,3661,7,22,549.00,0.00
10966,3661,16,25,45.00,10.00
10967,3662,23,4,22.00,5.00
10968,3662,33,20,65.00,0.00
10969,3663,10,5,799.00,10.00
10970,3663,11,22,899.00,0.00
10971,3663,28,8,120.00,10.00
10972,3663,23,16,22.00,5.00
10973,3664,10,25,799.00,0.00
10974,3664,22,16,75.00,5.00
10975,3664,1,27,499.00,0.00
10976,3665,32,24,45.00,0.00
10977,3665,17,27,189.00,0.00
10978,3665,13,24,649.00,10.00
10979,3666,15,24,379.00,5.00
10980,3666,8,27,389.00,5.00
10981,3666,2,1,899.00,10.00
10982,3667,30,23,27.00,0.00
10983,3667,5,24,349.00,5.00
10984,3667,22,8,75.00,0.00
10985,3668,32,4,45.00,10.00
10986,3668,8,10,389.00,10.00
10987,3668,17,22,189.00,0.00
10988,3668,22,21,75.00,0.00
10989,3669,7,19,549.00,0.00
10990,3669,29,14,32.00,10.00
10991,3669,32,28,45.00,10.00
10992,3669,34,28,35.00,5.00
10993,3670,19,30,69.00,0.00
10994,3670,34,21,35.00,0.00
10995,3670,14,16,549.00,0.00
10996,3670,19,11,69.00,0.00
10997,3670,4,25,129.00,5.00
10998,3671,22,3,75.00,0.00
10999,3671,23,13,22.00,0.00
11000,3672,14,12,549.00,10.00
11001,3672,6,4,699.00,0.00
11002,3672,18,28,89.00,0.00
11003,3673,29,6,32.00,0.00
11004,3673,29,21,32.00,10.00
11005,3674,5,21,349.00,0.00
11006,3674,14,20,549.00,0.00
11007,3674,15,26,379.00,0.00
11008,3674,24,5,95.00,10.00
11009,3675,7,29,549.00,0.00
11010,3676,26,19,12.00,10.00
11011,3676,18,26,89.00,10.00
11012,3676,19,6,69.00,0.00
11013,3676,2,9,899.00,0.00
11014,3677,14,7,549.00,10.00
11015,3677,7,2,549.00,5.00
11016,3677,8,2,389.00,0.00
11017,3677,27,30,18.00,5.00
11018,3677,26,14,12.00,0.00
11019,3678,15,20,379.00,10.00
11020,3678,26,26,12.00,0.00
11021,3678,19,21,69.00,5.00
11022,3678,24,6,95.00,10.00
11023,3678,25,28,42.00,0.00
11024,3679,26,14,12.00,0.00
11025,3679,14,14,549.00,0.00
11026,3679,2,1,899.00,10.00
11027,3679,23,13,22.00,0.00
11028,3680,30,15,27.00,10.00
11029,3680,30,21,27.00,10.00
11030,3680,16,15,45.00,0.00
11031,3680,31,6,15.00,0.00
11032,3680,31,14,15.00,5.00
11033,3681,33,16,65.00,10.00
11034,3682,7,16,549.00,10.00
11035,3682,3,20,249.00,10.00
11036,3682,31,17,15.00,0.00
11037,3682,25,11,42.00,5.00
11038,3682,35,4,79.00,5.00
11039,3683,1,12,499.00,10.00
11040,3683,6,7,699.00,5.00
11041,3683,22,2,75.00,0.00
11042,3683,34,16,35.00,5.00
11043,3683,33,16,65.00,10.00
11044,3684,31,15,15.00,10.00
11045,3684,29,16,32.00,0.00
11046,3684,2,28,899.00,0.00
11047,3684,13,18,649.00,5.00
11048,3684,34,17,35.00,10.00
11049,3685,26,18,12.00,5.00
11050,3685,2,30,899.00,5.00
11051,3685,32,4,45.00,10.00
11052,3685,17,14,189.00,10.00
11053,3686,11,14,899.00,0.00
11054,3687,30,28,27.00,0.00
11055,3687,32,5,45.00,10.00
11056,3687,12,23,459.00,5.00
11057,3687,25,3,42.00,0.00
11058,3688,6,4,699.00,0.00
11059,3688,28,28,120.00,0.00
11060,3689,22,27,75.00,0.00
11061,3689,2,17,899.00,5.00
11062,3689,19,22,69.00,0.00
11063,3689,9,28,149.00,10.00
11064,3690,25,16,42.00,0.00
11065,3690,29,22,32.00,0.00
11066,3690,16,24,45.00,5.00
11067,3690,3,9,249.00,0.00
11068,3690,34,11,35.00,5.00
11069,3691,32,25,45.00,0.00
11070,3691,5,23,349.00,0.00
11071,3692,2,28,899.00,0.00
11072,3692,14,19,549.00,0.00
11073,3692,8,30,389.00,0.00
11074,3692,12,26,459.00,0.00
11075,3693,34,18,35.00,0.00
11076,3693,16,2,45.00,10.00
11077,3693,18,21,89.00,10.00
11078,3694,21,21,58.00,5.00
11079,3694,8,3,389.00,10.00
11080,3694,34,6,35.00,0.00
11081,3695,17,1,189.00,5.00
11082,3695,9,8,149.00,0.00
11083,3695,3,20,249.00,0.00
11084,3696,11,2,899.00,0.00
11085,3697,28,18,120.00,0.00
11086,3698,16,3,45.00,0.00
11087,3698,28,30,120.00,0.00
11088,3699,32,14,45.00,5.00
11089,3699,29,4,32.00,0.00
11090,3699,14,16,549.00,0.00
11091,3699,28,15,120.00,0.00
11092,3700,33,14,65.00,0.00
11093,3700,2,24,899.00,10.00
11094,3700,25,1,42.00,0.00
11095,3700,11,10,899.00,5.00
11096,3701,14,2,549.00,0.00
11097,3701,25,29,42.00,5.00
11098,3701,13,25,649.00,0.00
11099,3701,33,14,65.00,0.00
11100,3702,27,21,18.00,0.00
11101,3703,7,25,549.00,0.00
11102,3704,23,9,22.00,0.00
11103,3704,18,3,89.00,10.00
11104,3704,10,22,799.00,5.00
11105,3704,6,27,699.00,10.00
11106,3704,30,17,27.00,0.00
11107,3705,31,15,15.00,5.00
11108,3705,10,5,799.00,10.00
11109,3705,15,3,379.00,0.00
11110,3705,4,18,129.00,5.00
11111,3706,13,11,649.00,5.00
11112,3706,20,17,159.00,0.00
11113,3706,35,18,79.00,10.00
11114,3707,3,14,249.00,0.00
11115,3707,5,12,349.00,0.00
11116,3707,8,19,389.00,0.00
11117,3707,16,24,45.00,5.00
11118,3707,34,23,35.00,10.00
11119,3708,30,29,27.00,0.00
11120,3708,17,17,189.00,0.00
11121,3708,9,2,149.00,0.00
11122,3708,22,12,75.00,0.00
11123,3709,4,17,129.00,0.00
11124,3709,29,17,32.00,0.00
11125,3709,4,15,129.00,0.00
11126,3709,28,23,120.00,0.00
11127,3709,1,22,499.00,0.00
11128,3710,24,29,95.00,10.00
11129,3710,8,19,389.00,0.00
11130,3710,19,5,69.00,0.00
11131,3710,22,12,75.00,0.00
11132,3711,27,1,18.00,10.00
11133,3711,1,18,499.00,10.00
11134,3711,19,4,69.00,10.00
11135,3711,23,6,22.00,10.00
11136,3711,11,18,899.00,0.00
11137,3712,19,26,69.00,5.00
11138,3712,18,22,89.00,0.00
11139,3712,2,4,899.00,0.00
11140,3712,27,16,18.00,0.00
11141,3712,31,18,15.00,0.00
11142,3713,10,15,799.00,5.00
11143,3713,30,7,27.00,5.00
11144,3713,12,27,459.00,0.00
11145,3713,2,9,899.00,0.00
11146,3713,9,18,149.00,0.00
11147,3714,25,6,42.00,10.00
11148,3714,29,12,32.00,0.00
11149,3714,22,12,75.00,0.00
11150,3714,16,27,45.00,0.00
11151,3715,32,11,45.00,0.00
11152,3715,3,11,249.00,0.00
11153,3715,26,29,12.00,5.00
11154,3715,6,29,699.00,0.00
11155,3716,14,12,549.00,5.00
11156,3717,11,7,899.00,0.00
11157,3718,30,4,27.00,0.00
11158,3718,10,30,799.00,0.00
11159,3718,11,11,899.00,10.00
11160,3718,19,28,69.00,0.00
11161,3719,17,9,189.00,0.00
11162,3719,13,21,649.00,0.00
11163,3720,21,16,58.00,5.00
11164,3721,12,8,459.00,0.00
11165,3721,18,25,89.00,0.00
11166,3721,9,17,149.00,0.00
11167,3721,32,5,45.00,0.00
11168,3722,3,24,249.00,5.00
11169,3723,1,4,499.00,0.00
11170,3723,15,11,379.00,5.00
11171,3723,33,27,65.00,0.00
11172,3723,4,27,129.00,0.00
11173,3723,1,22,499.00,0.00
11174,3724,17,25,189.00,5.00
11175,3724,31,11,15.00,0.00
11176,3724,18,7,89.00,0.00
11177,3724,11,21,899.00,0.00
11178,3724,19,4,69.00,0.00
11179,3725,10,13,799.00,0.00
11180,3725,11,16,899.00,5.00
11181,3726,24,10,95.00,0.00
11182,3726,33,29,65.00,10.00
11183,3727,20,9,159.00,10.00
11184,3728,11,14,899.00,0.00
11185,3729,12,16,459.00,5.00
11186,3729,23,11,22.00,5.00
11187,3730,13,7,649.00,0.00
11188,3730,23,2,22.00,0.00
11189,3730,4,26,129.00,10.00
11190,3731,20,26,159.00,5.00
11191,3731,22,6,75.00,0.00
11192,3731,31,3,15.00,10.00
11193,3731,32,29,45.00,0.00
11194,3732,25,11,42.00,0.00
11195,3732,30,17,27.00,0.00
11196,3733,11,10,899.00,5.00
11197,3734,5,5,349.00,0.00
11198,3734,8,2,389.00,0.00
11199,3734,27,1,18.00,5.00
11200,3734,31,1,15.00,0.00
11201,3734,10,30,799.00,0.00
11202,3735,24,4,95.00,0.00
11203,3735,9,21,149.00,5.00
11204,3735,5,23,349.00,0.00
11205,3736,16,7,45.00,5.00
11206,3736,4,8,129.00,10.00
11207,3736,33,25,65.00,0.00
11208,3736,14,26,549.00,0.00
11209,3737,24,14,95.00,0.00
11210,3737,13,21,649.00,0.00
11211,3737,26,18,12.00,5.00
11212,3737,35,20,79.00,0.00
11213,3737,13,2,649.00,0.00
11214,3738,7,14,549.00,0.00
11215,3739,11,3,899.00,0.00
11216,3739,3,28,249.00,0.00
11217,3739,15,23,379.00,0.00
11218,3740,34,4,35.00,5.00
11219,3740,7,26,549.00,5.00
11220,3740,33,16,65.00,5.00
11221,3741,18,9,89.00,10.00
11222,3742,2,30,899.00,10.00
11223,3742,7,13,549.00,0.00
11224,3742,12,3,459.00,0.00
11225,3743,23,10,22.00,5.00
11226,3743,31,1,15.00,0.00
11227,3744,13,15,649.00,0.00
11228,3744,33,26,65.00,0.00
11229,3744,35,11,79.00,10.00
11230,3745,25,11,42.00,5.00
11231,3746,18,17,89.00,0.00
11232,3746,22,12,75.00,10.00
11233,3746,31,12,15.00,0.00
11234,3746,35,10,79.00,0.00
11235,3746,31,21,15.00,10.00
11236,3747,22,28,75.00,5.00
11237,3747,23,7,22.00,0.00
11238,3747,35,16,79.00,5.00
11239,3748,24,4,95.00,0.00
11240,3749,8,27,389.00,5.00
11241,3750,32,9,45.00,5.00
11242,3750,25,13,42.00,10.00
11243,3751,4,27,129.00,0.00
11244,3752,7,16,549.00,0.00
11245,3752,23,5,22.00,5.00
11246,3752,14,20,549.00,0.00
11247,3753,20,11,159.00,0.00
11248,3753,1,1,499.00,0.00
11249,3753,7,25,549.00,0.00
11250,3753,31,1,15.00,0.00
11251,3753,14,15,549.00,0.00
11252,3754,4,17,129.00,0.00
11253,3754,10,7,799.00,0.00
11254,3754,22,12,75.00,0.00
11255,3754,34,23,35.00,10.00
11256,3755,23,29,22.00,10.00
11257,3755,11,30,899.00,0.00
11258,3755,13,20,649.00,0.00
11259,3756,26,24,12.00,5.00
11260,3756,15,23,379.00,0.00
11261,3756,23,13,22.00,0.00
11262,3756,26,30,12.00,10.00
11263,3756,8,16,389.00,10.00
11264,3757,29,19,32.00,5.00
11265,3757,31,3,15.00,5.00
11266,3757,22,23,75.00,10.00
11267,3757,23,6,22.00,0.00
11268,3758,9,5,149.00,0.00
11269,3758,3,1,249.00,10.00
11270,3758,14,7,549.00,0.00
11271,3758,13,23,649.00,5.00
11272,3758,3,13,249.00,10.00
11273,3759,2,8,899.00,0.00
11274,3759,22,26,75.00,0.00
11275,3759,17,5,189.00,0.00
11276,3759,4,16,129.00,0.00
11277,3759,12,17,459.00,5.00
11278,3760,10,19,799.00,0.00
11279,3760,22,6,75.00,0.00
11280,3761,11,11,899.00,10.00
11281,3762,35,7,79.00,0.00
11282,3762,1,21,499.00,0.00
11283,3763,19,23,69.00,0.00
11284,3763,31,20,15.00,0.00
11285,3763,3,18,249.00,5.00
11286,3763,19,22,69.00,0.00
11287,3763,31,10,15.00,0.00
11288,3764,13,30,649.00,10.00
11289,3764,10,24,799.00,0.00
11290,3764,15,20,379.00,10.00
11291,3765,30,11,27.00,0.00
11292,3765,30,21,27.00,10.00
11293,3765,6,10,699.00,0.00
11294,3765,8,29,389.00,0.00
11295,3765,31,27,15.00,10.00
11296,3766,34,25,35.00,0.00
11297,3766,25,24,42.00,10.00
11298,3767,24,18,95.00,10.00
11299,3767,22,14,75.00,0.00
11300,3768,29,19,32.00,5.00
11301,3769,17,1,189.00,5.00
11302,3770,33,25,65.00,0.00
11303,3770,27,4,18.00,0.00
11304,3771,22,4,75.00,5.00
11305,3771,12,13,459.00,0.00
11306,3772,24,14,95.00,0.00
11307,3772,15,19,379.00,10.00
11308,3772,26,25,12.00,10.00
11309,3772,5,27,349.00,0.00
11310,3772,15,2,379.00,10.00
11311,3773,14,6,549.00,5.00
11312,3773,29,3,32.00,0.00
11313,3774,23,22,22.00,0.00
11314,3774,22,13,75.00,0.00
11315,3774,1,11,499.00,5.00
11316,3775,21,17,58.00,0.00
11317,3775,13,22,649.00,0.00
11318,3775,26,29,12.00,0.00
11319,3775,3,17,249.00,0.00
11320,3775,31,27,15.00,10.00
11321,3776,33,12,65.00,0.00
11322,3777,23,27,22.00,0.00
11323,3777,26,7,12.00,10.00
11324,3777,35,3,79.00,0.00
11325,3777,8,17,389.00,0.00
11326,3778,27,25,18.00,5.00
11327,3779,16,20,45.00,10.00
11328,3779,23,13,22.00,0.00
11329,3780,35,2,79.00,0.00
11330,3780,7,5,549.00,0.00
11331,3780,19,2,69.00,5.00
11332,3780,14,23,549.00,5.00
11333,3781,11,16,899.00,5.00
11334,3781,2,2,899.00,0.00
11335,3781,25,30,42.00,10.00
11336,3781,10,24,799.00,0.00
11337,3781,15,19,379.00,10.00
11338,3782,11,14,899.00,0.00
11339,3783,31,15,15.00,5.00
11340,3783,18,4,89.00,0.00
11341,3783,31,8,15.00,0.00
11342,3783,5,30,349.00,0.00
11343,3784,1,1,499.00,0.00
11344,3784,23,22,22.00,5.00
11345,3784,6,25,699.00,0.00
11346,3784,17,18,189.00,0.00
11347,3784,7,3,549.00,10.00
11348,3785,12,3,459.00,0.00
11349,3785,4,4,129.00,0.00
11350,3785,2,11,899.00,0.00
11351,3786,22,7,75.00,0.00
11352,3786,35,30,79.00,10.00
11353,3786,21,7,58.00,0.00
11354,3787,30,24,27.00,0.00
11355,3787,9,7,149.00,0.00
11356,3787,21,16,58.00,10.00
11357,3788,31,27,15.00,5.00
11358,3789,29,26,32.00,10.00
11359,3789,26,3,12.00,0.00
11360,3789,21,13,58.00,0.00
11361,3790,4,25,129.00,5.00
11362,3790,13,17,649.00,5.00
11363,3790,22,5,75.00,10.00
11364,3791,35,17,79.00,5.00
11365,3791,9,26,149.00,0.00
11366,3791,34,9,35.00,0.00
11367,3792,9,13,149.00,0.00
11368,3792,12,21,459.00,0.00
11369,3792,3,4,249.00,0.00
11370,3792,27,14,18.00,10.00
11371,3792,16,10,45.00,0.00
11372,3793,8,15,389.00,10.00
11373,3793,23,23,22.00,5.00
11374,3793,22,25,75.00,0.00
11375,3793,14,13,549.00,10.00
11376,3793,21,30,58.00,0.00
11377,3794,13,23,649.00,5.00
11378,3794,32,17,45.00,0.00
11379,3794,5,4,349.00,0.00
11380,3794,25,27,42.00,0.00
11381,3795,22,26,75.00,0.00
11382,3795,16,2,45.00,10.00
11383,3795,19,24,69.00,0.00
11384,3796,7,14,549.00,5.00
11385,3796,2,7,899.00,10.00
11386,3796,7,30,549.00,0.00
11387,3796,25,15,42.00,0.00
11388,3796,14,25,549.00,10.00
11389,3797,19,5,69.00,0.00
11390,3797,1,23,499.00,5.00
11391,3797,22,24,75.00,0.00
11392,3798,31,12,15.00,0.00
11393,3798,23,3,22.00,0.00
11394,3798,11,28,899.00,5.00
11395,3798,6,11,699.00,0.00
11396,3798,26,19,12.00,10.00
11397,3799,24,1,95.00,0.00
11398,3800,17,4,189.00,0.00
11399,3801,34,26,35.00,0.00
11400,3801,13,19,649.00,10.00
11401,3801,6,25,699.00,5.00
11402,3801,28,30,120.00,0.00
11403,3802,15,16,379.00,0.00
11404,3802,3,12,249.00,5.00
11405,3802,13,19,649.00,0.00
11406,3802,16,2,45.00,10.00
11407,3802,10,24,799.00,0.00
11408,3803,31,5,15.00,0.00
11409,3804,13,5,649.00,5.00
11410,3804,1,29,499.00,5.00
11411,3804,21,26,58.00,0.00
11412,3805,14,7,549.00,0.00
11413,3805,14,27,549.00,0.00
11414,3805,28,1,120.00,5.00
11415,3806,9,18,149.00,0.00
11416,3806,14,9,549.00,0.00
11417,3806,10,21,799.00,5.00
11418,3807,15,4,379.00,0.00
11419,3807,13,24,649.00,10.00
11420,3807,27,10,18.00,0.00
11421,3807,24,12,95.00,10.00
11422,3807,10,21,799.00,5.00
11423,3808,9,17,149.00,10.00
11424,3808,13,25,649.00,0.00
11425,3808,24,10,95.00,0.00
11426,3808,34,29,35.00,10.00
11427,3808,35,30,79.00,0.00
11428,3809,12,19,459.00,0.00
11429,3810,25,19,42.00,10.00
11430,3810,25,24,42.00,10.00
11431,3810,30,22,27.00,10.00
11432,3810,29,3,32.00,10.00
11433,3811,9,29,149.00,10.00
11434,3812,21,25,58.00,0.00
11435,3812,33,26,65.00,0.00
11436,3812,21,19,58.00,0.00
11437,3812,31,12,15.00,0.00
11438,3813,29,30,32.00,0.00
11439,3813,35,25,79.00,0.00
11440,3814,29,6,32.00,0.00
11441,3814,32,2,45.00,5.00
11442,3815,15,6,379.00,0.00
11443,3815,15,11,379.00,0.00
11444,3815,12,7,459.00,0.00
11445,3815,27,18,18.00,0.00
11446,3816,28,24,120.00,0.00
11447,3816,20,2,159.00,0.00
11448,3817,8,14,389.00,0.00
11449,3817,14,10,549.00,0.00
11450,3817,13,12,649.00,10.00
11451,3817,5,4,349.00,0.00
11452,3817,22,15,75.00,0.00
11453,3818,21,24,58.00,0.00
11454,3818,21,11,58.00,0.00
11455,3818,10,4,799.00,5.00
11456,3818,16,29,45.00,0.00
11457,3819,25,16,42.00,0.00
11458,3819,23,29,22.00,5.00
11459,3820,28,9,120.00,10.00
11460,3820,6,25,699.00,0.00
11461,3820,15,12,379.00,5.00
11462,3821,20,2,159.00,0.00
11463,3821,19,2,69.00,5.00
11464,3821,33,26,65.00,0.00
11465,3822,32,10,45.00,10.00
11466,3822,29,8,32.00,5.00
11467,3822,33,13,65.00,0.00
11468,3822,20,20,159.00,0.00
11469,3823,2,29,899.00,0.00
11470,3824,11,27,899.00,0.00
11471,3824,6,5,699.00,0.00
11472,3824,24,20,95.00,0.00
11473,3825,33,3,65.00,5.00
11474,3825,32,19,45.00,0.00
11475,3825,12,9,459.00,0.00
11476,3826,13,29,649.00,5.00
11477,3826,24,8,95.00,0.00
11478,3826,16,16,45.00,0.00
11479,3826,15,14,379.00,0.00
11480,3827,18,23,89.00,0.00
11481,3827,30,19,27.00,0.00
11482,3827,18,3,89.00,10.00
11483,3827,11,23,899.00,10.00
11484,3827,33,3,65.00,5.00
11485,3828,32,20,45.00,0.00
11486,3828,24,24,95.00,10.00
11487,3829,22,18,75.00,10.00
11488,3830,21,22,58.00,5.00
11489,3831,32,11,45.00,0.00
11490,3831,10,5,799.00,10.00
11491,3832,3,30,249.00,5.00
11492,3832,9,11,149.00,0.00
11493,3832,9,29,149.00,0.00
11494,3833,29,16,32.00,0.00
11495,3833,6,13,699.00,0.00
11496,3833,17,21,189.00,0.00
11497,3833,9,30,149.00,0.00
11498,3833,7,6,549.00,0.00
11499,3834,26,15,12.00,0.00
11500,3834,9,5,149.00,10.00
11501,3835,13,25,649.00,0.00
11502,3835,25,13,42.00,0.00
11503,3836,4,19,129.00,10.00
11504,3836,18,27,89.00,10.00
11505,3837,17,24,189.00,0.00
11506,3838,32,25,45.00,0.00
11507,3838,16,3,45.00,0.00
11508,3838,11,6,899.00,10.00
11509,3838,14,28,549.00,0.00
11510,3838,31,23,15.00,0.00
11511,3839,31,25,15.00,0.00
11512,3840,19,22,69.00,10.00
11513,3840,25,20,42.00,0.00
11514,3840,20,15,159.00,5.00
11515,3840,11,7,899.00,0.00
11516,3841,30,26,27.00,5.00
11517,3842,3,26,249.00,10.00
11518,3842,8,6,389.00,0.00
11519,3842,6,22,699.00,0.00
11520,3843,17,28,189.00,0.00
11521,3843,32,6,45.00,0.00
11522,3843,3,2,249.00,0.00
11523,3843,32,13,45.00,0.00
11524,3843,5,7,349.00,5.00
11525,3844,15,15,379.00,0.00
11526,3844,11,2,899.00,0.00
11527,3844,15,4,379.00,0.00
11528,3845,30,16,27.00,0.00
11529,3845,25,12,42.00,5.00
11530,3845,29,20,32.00,10.00
11531,3846,30,23,27.00,0.00
11532,3846,1,11,499.00,5.00
11533,3846,21,24,58.00,0.00
11534,3847,35,21,79.00,0.00
11535,3847,1,26,499.00,0.00
11536,3847,9,24,149.00,0.00
11537,3847,14,16,549.00,0.00
11538,3848,24,25,95.00,0.00
11539,3848,1,24,499.00,10.00
11540,3848,33,3,65.00,5.00
11541,3849,5,13,349.00,5.00
11542,3849,34,25,35.00,0.00
11543,3849,32,20,45.00,5.00
11544,3850,34,3,35.00,0.00
11545,3850,11,29,899.00,10.00
11546,3850,18,26,89.00,10.00
11547,3850,21,14,58.00,0.00
11548,3850,26,12,12.00,5.00
11549,3851,35,23,79.00,5.00
11550,3851,25,3,42.00,0.00
11551,3852,8,4,389.00,10.00
11552,3852,11,22,899.00,5.00
11553,3853,22,16,75.00,5.00
11554,3853,2,4,899.00,0.00
11555,3853,35,16,79.00,5.00
11556,3854,14,9,549.00,0.00
11557,3854,19,25,69.00,0.00
11558,3854,8,13,389.00,0.00
11559,3855,14,15,549.00,0.00
11560,3855,27,3,18.00,0.00
11561,3855,24,23,95.00,5.00
11562,3855,19,12,69.00,0.00
11563,3855,22,30,75.00,0.00
11564,3856,21,13,58.00,0.00
11565,3856,12,20,459.00,0.00
11566,3856,15,10,379.00,0.00
11567,3857,21,21,58.00,5.00
11568,3857,10,12,799.00,0.00
11569,3857,18,2,89.00,5.00
11570,3858,34,26,35.00,0.00
11571,3858,2,10,899.00,0.00
11572,3858,16,22,45.00,0.00
11573,3858,35,7,79.00,0.00
11574,3859,33,27,65.00,5.00
11575,3859,13,1,649.00,10.00
11576,3860,8,13,389.00,0.00
11577,3860,1,20,499.00,0.00
11578,3860,2,20,899.00,0.00
11579,3860,32,28,45.00,10.00
11580,3860,31,19,15.00,0.00
11581,3861,34,22,35.00,5.00
11582,3861,18,10,89.00,0.00
11583,3862,20,11,159.00,0.00
11584,3863,31,30,15.00,0.00
11585,3864,20,14,159.00,0.00
11586,3864,13,7,649.00,10.00
11587,3864,4,19,129.00,10.00
11588,3864,16,20,45.00,10.00
11589,3865,4,18,129.00,0.00
11590,3865,10,16,799.00,5.00
11591,3865,14,17,549.00,5.00
11592,3865,13,2,649.00,0.00
11593,3865,13,16,649.00,0.00
11594,3866,10,11,799.00,10.00
11595,3866,15,13,379.00,5.00
11596,3866,21,21,58.00,5.00
11597,3866,1,9,499.00,0.00
11598,3867,29,1,32.00,5.00
11599,3868,7,10,549.00,0.00
11600,3868,20,13,159.00,0.00
11601,3868,1,20,499.00,0.00
11602,3868,10,18,799.00,0.00
11603,3868,30,28,27.00,0.00
11604,3869,10,5,799.00,10.00
11605,3869,4,22,129.00,0.00
11606,3869,21,27,58.00,5.00
11607,3870,24,15,95.00,0.00
11608,3870,26,9,12.00,0.00
11609,3870,28,28,120.00,0.00
11610,3870,17,19,189.00,5.00
11611,3870,10,17,799.00,10.00
11612,3871,23,13,22.00,0.00
11613,3871,17,28,189.00,0.00
11614,3871,5,3,349.00,0.00
11615,3871,9,28,149.00,5.00
11616,3872,5,19,349.00,5.00
11617,3873,28,17,120.00,0.00
11618,3873,23,23,22.00,10.00
11619,3873,7,10,549.00,10.00
11620,3873,32,19,45.00,0.00
11621,3874,18,29,89.00,0.00
11622,3875,13,15,649.00,0.00
11623,3876,4,20,129.00,10.00
11624,3876,16,20,45.00,10.00
11625,3877,24,22,95.00,0.00
11626,3877,26,29,12.00,0.00
11627,3877,25,29,42.00,5.00
11628,3878,35,14,79.00,0.00
11629,3878,33,28,65.00,10.00
11630,3878,9,26,149.00,0.00
11631,3879,9,28,149.00,10.00
11632,3880,27,12,18.00,5.00
11633,3880,9,6,149.00,0.00
11634,3880,22,10,75.00,5.00
11635,3881,5,3,349.00,0.00
11636,3881,35,23,79.00,10.00
11637,3881,29,19,32.00,5.00
11638,3882,27,12,18.00,5.00
11639,3882,12,15,459.00,0.00
11640,3882,8,14,389.00,5.00
11641,3882,27,29,18.00,0.00
11642,3883,29,15,32.00,10.00
11643,3884,18,21,89.00,10.00
11644,3884,16,18,45.00,0.00
11645,3885,30,17,27.00,0.00
11646,3885,22,9,75.00,0.00
11647,3885,3,19,249.00,5.00
11648,3886,35,24,79.00,10.00
11649,3886,12,27,459.00,0.00
11650,3887,7,27,549.00,10.00
11651,3887,26,29,12.00,5.00
11652,3888,5,2,349.00,5.00
11653,3888,27,14,18.00,10.00
11654,3888,14,4,549.00,0.00
11655,3889,10,2,799.00,0.00
11656,3889,24,10,95.00,0.00
11657,3889,33,26,65.00,0.00
11658,3889,29,19,32.00,5.00
11659,3890,29,4,32.00,0.00
11660,3890,12,6,459.00,10.00
11661,3891,28,18,120.00,0.00
11662,3891,5,28,349.00,0.00
11663,3891,10,24,799.00,0.00
11664,3891,30,4,27.00,10.00
11665,3892,21,26,58.00,0.00
11666,3892,34,7,35.00,0.00
11667,3893,35,30,79.00,10.00
11668,3893,28,2,120.00,10.00
11669,3893,22,5,75.00,0.00
11670,3893,19,21,69.00,5.00
11671,3894,15,1,379.00,10.00
11672,3895,33,2,65.00,0.00
11673,3895,3,2,249.00,10.00
11674,3895,30,6,27.00,0.00
11675,3895,24,2,95.00,0.00
11676,3895,24,26,95.00,0.00
11677,3896,4,29,129.00,0.00
11678,3897,14,30,549.00,10.00
11679,3897,6,8,699.00,5.00
11680,3898,19,17,69.00,0.00
11681,3898,24,17,95.00,5.00
11682,3898,35,23,79.00,5.00
11683,3898,20,17,159.00,0.00
11684,3899,14,7,549.00,10.00
11685,3899,6,29,699.00,0.00
11686,3899,9,17,149.00,0.00
11687,3899,16,4,45.00,0.00
11688,3899,1,9,499.00,0.00
11689,3900,8,3,389.00,5.00
11690,3900,12,15,459.00,0.00
11691,3900,29,24,32.00,0.00
11692,3900,17,8,189.00,10.00
11693,3901,22,21,75.00,0.00
11694,3902,18,11,89.00,0.00
11695,3902,2,19,899.00,10.00
11696,3903,32,26,45.00,0.00
11697,3903,1,16,499.00,0.00
11698,3903,35,12,79.00,10.00
11699,3903,28,29,120.00,0.00
11700,3903,14,18,549.00,5.00
11701,3904,4,22,129.00,0.00
11702,3904,13,27,649.00,0.00
11703,3904,32,19,45.00,0.00
11704,3905,8,20,389.00,0.00
11705,3905,29,13,32.00,5.00
11706,3905,6,22,699.00,0.00
11707,3905,27,5,18.00,0.00
11708,3905,10,21,799.00,5.00
11709,3906,5,15,349.00,10.00
11710,3907,7,17,549.00,0.00
11711,3907,6,12,699.00,0.00
11712,3907,20,25,159.00,0.00
11713,3907,27,12,18.00,5.00
11714,3907,12,16,459.00,0.00
11715,3908,12,28,459.00,5.00
11716,3908,18,15,89.00,10.00
11717,3908,35,8,79.00,0.00
11718,3908,1,1,499.00,10.00
11719,3908,28,3,120.00,10.00
11720,3909,13,20,649.00,0.00
11721,3909,2,20,899.00,0.00
11722,3910,2,17,899.00,0.00
11723,3910,12,27,459.00,0.00
11724,3910,25,2,42.00,0.00
11725,3910,28,10,120.00,0.00
11726,3910,12,26,459.00,0.00
11727,3911,29,23,32.00,0.00
11728,3912,22,24,75.00,0.00
11729,3912,26,19,12.00,10.00
11730,3912,14,15,549.00,0.00
11731,3913,14,30,549.00,5.00
11732,3913,16,6,45.00,5.00
11733,3914,33,19,65.00,0.00
11734,3914,18,22,89.00,0.00
11735,3915,6,9,699.00,10.00
11736,3916,19,8,69.00,5.00
11737,3916,31,4,15.00,0.00
11738,3916,32,11,45.00,0.00
11739,3917,24,30,95.00,10.00
11740,3917,24,19,95.00,10.00
11741,3917,4,16,129.00,0.00
11742,3918,11,25,899.00,0.00
11743,3918,12,6,459.00,10.00
11744,3919,20,30,159.00,0.00
11745,3919,18,20,89.00,5.00
11746,3919,21,24,58.00,0.00
11747,3919,19,3,69.00,10.00
11748,3920,20,11,159.00,0.00
11749,3920,7,23,549.00,0.00
11750,3920,6,29,699.00,0.00
11751,3921,25,3,42.00,0.00
11752,3921,19,18,69.00,0.00
11753,3921,20,1,159.00,0.00
11754,3922,6,13,699.00,5.00
11755,3922,35,29,79.00,10.00
11756,3922,8,18,389.00,0.00
11757,3923,33,17,65.00,10.00
11758,3923,3,17,249.00,0.00
11759,3924,23,9,22.00,0.00
11760,3924,30,18,27.00,0.00
11761,3925,16,17,45.00,0.00
11762,3925,17,2,189.00,10.00
11763,3925,7,11,549.00,0.00
11764,3926,18,14,89.00,10.00
11765,3926,32,28,45.00,10.00
11766,3926,25,24,42.00,10.00
11767,3926,29,19,32.00,0.00
11768,3927,13,3,649.00,0.00
11769,3927,24,5,95.00,5.00
11770,3928,2,1,899.00,0.00
11771,3928,4,12,129.00,5.00
11772,3928,8,2,389.00,0.00
11773,3928,26,27,12.00,0.00
11774,3929,20,8,159.00,0.00
11775,3930,6,25,699.00,5.00
11776,3930,27,27,18.00,0.00
11777,3930,32,6,45.00,0.00
11778,3930,9,22,149.00,10.00
11779,3931,19,5,69.00,0.00
11780,3931,21,9,58.00,5.00
11781,3931,19,18,69.00,0.00
11782,3932,13,1,649.00,0.00
11783,3932,7,23,549.00,0.00
11784,3932,29,15,32.00,10.00
11785,3932,12,22,459.00,5.00
11786,3932,6,24,699.00,0.00
11787,3933,23,21,22.00,0.00
11788,3934,22,6,75.00,10.00
11789,3934,16,7,45.00,5.00
11790,3935,33,7,65.00,0.00
11791,3935,30,12,27.00,0.00
11792,3935,21,26,58.00,0.00
11793,3935,8,13,389.00,0.00
11794,3935,34,15,35.00,0.00
11795,3936,17,18,189.00,0.00
11796,3936,27,10,18.00,0.00
11797,3936,28,26,120.00,10.00
11798,3936,7,1,549.00,0.00
11799,3936,23,18,22.00,10.00
11800,3937,27,11,18.00,0.00
11801,3938,5,28,349.00,0.00
11802,3938,20,28,159.00,0.00
11803,3938,9,7,149.00,0.00
11804,3939,21,28,58.00,5.00
11805,3939,7,18,549.00,0.00
11806,3939,1,1,499.00,0.00
11807,3939,14,21,549.00,0.00
11808,3940,33,2,65.00,0.00
11809,3940,1,24,499.00,10.00
11810,3940,8,9,389.00,5.00
11811,3941,5,20,349.00,10.00
11812,3941,23,12,22.00,0.00
11813,3942,15,11,379.00,0.00
11814,3942,9,24,149.00,0.00
11815,3942,3,15,249.00,0.00
11816,3943,21,16,58.00,10.00
11817,3943,25,30,42.00,5.00
11818,3943,35,18,79.00,10.00
11819,3944,3,1,249.00,5.00
11820,3944,31,3,15.00,5.00
11821,3944,19,12,69.00,0.00
11822,3944,20,23,159.00,0.00
11823,3944,13,11,649.00,5.00
11824,3945,14,11,549.00,0.00
11825,3945,33,27,65.00,5.00
11826,3945,18,20,89.00,5.00
11827,3945,20,21,159.00,10.00
11828,3945,35,14,79.00,0.00
11829,3946,3,25,249.00,10.00
11830,3947,10,30,799.00,0.00
11831,3947,13,18,649.00,10.00
11832,3947,22,15,75.00,0.00
11833,3947,16,14,45.00,10.00
11834,3947,18,17,89.00,0.00
11835,3948,31,27,15.00,5.00
11836,3949,1,7,499.00,0.00
11837,3949,24,7,95.00,0.00
11838,3949,24,5,95.00,5.00
11839,3949,4,12,129.00,0.00
11840,3949,24,20,95.00,0.00
11841,3950,29,10,32.00,0.00
11842,3950,5,29,349.00,0.00
11843,3951,21,6,58.00,0.00
11844,3951,3,1,249.00,10.00
11845,3951,1,19,499.00,0.00
11846,3952,7,6,549.00,0.00
11847,3952,5,19,349.00,5.00
11848,3953,25,30,42.00,5.00
11849,3953,35,17,79.00,5.00
11850,3953,5,13,349.00,5.00
11851,3954,10,14,799.00,0.00
11852,3954,29,22,32.00,0.00
11853,3954,1,12,499.00,10.00
11854,3954,32,2,45.00,0.00
11855,3955,34,25,35.00,0.00
11856,3955,28,6,120.00,0.00
11857,3955,4,29,129.00,0.00
11858,3955,18,3,89.00,10.00
11859,3955,21,30,58.00,0.00
11860,3956,27,18,18.00,5.00
11861,3957,21,22,58.00,10.00
11862,3957,5,3,349.00,10.00
11863,3957,21,3,58.00,5.00
11864,3957,2,9,899.00,0.00
11865,3958,26,15,12.00,0.00
11866,3959,28,26,120.00,10.00
11867,3960,12,23,459.00,5.00
11868,3960,23,25,22.00,0.00
11869,3960,27,3,18.00,0.00
11870,3960,17,28,189.00,0.00
11871,3960,8,14,389.00,0.00
11872,3961,15,4,379.00,0.00
11873,3961,4,19,129.00,5.00
11874,3962,12,6,459.00,10.00
11875,3962,34,5,35.00,10.00
11876,3962,3,20,249.00,0.00
11877,3963,3,13,249.00,10.00
11878,3963,34,7,35.00,0.00
11879,3964,34,9,35.00,0.00
11880,3965,34,2,35.00,0.00
11881,3965,13,29,649.00,5.00
11882,3965,23,5,22.00,5.00
11883,3965,18,5,89.00,0.00
11884,3965,18,30,89.00,0.00
11885,3966,28,16,120.00,0.00
11886,3966,14,10,549.00,0.00
11887,3966,26,30,12.00,10.00
11888,3966,1,21,499.00,0.00
11889,3967,8,10,389.00,10.00
11890,3967,29,7,32.00,5.00
11891,3967,15,6,379.00,5.00
11892,3967,9,29,149.00,10.00
11893,3967,35,1,79.00,0.00
11894,3968,17,9,189.00,10.00
11895,3969,31,27,15.00,10.00
11896,3969,19,3,69.00,10.00
11897,3969,7,7,549.00,0.00
11898,3969,29,19,32.00,5.00
11899,3969,18,13,89.00,5.00
11900,3970,17,7,189.00,5.00
11901,3970,23,8,22.00,0.00
11902,3970,34,23,35.00,10.00
11903,3970,32,2,45.00,0.00
11904,3971,8,4,389.00,10.00
11905,3971,5,28,349.00,0.00
11906,3972,18,30,89.00,0.00
11907,3972,17,28,189.00,0.00
11908,3972,33,7,65.00,0.00
11909,3972,34,26,35.00,0.00
11910,3972,19,13,69.00,0.00
11911,3973,5,29,349.00,0.00
11912,3973,32,14,45.00,0.00
11913,3973,13,5,649.00,5.00
11914,3974,24,22,95.00,0.00
11915,3974,16,19,45.00,10.00
11916,3975,16,9,45.00,0.00
11917,3975,3,23,249.00,0.00
11918,3975,24,19,95.00,0.00
11919,3975,7,29,549.00,0.00
11920,3976,17,18,189.00,0.00
11921,3976,32,27,45.00,5.00
11922,3977,17,27,189.00,10.00
11923,3978,28,20,120.00,10.00
11924,3978,21,7,58.00,0.00
11925,3978,23,15,22.00,0.00
11926,3979,23,15,22.00,0.00
11927,3979,26,11,12.00,5.00
11928,3979,1,7,499.00,0.00
11929,3980,10,28,799.00,5.00
11930,3981,13,8,649.00,0.00
11931,3981,15,12,379.00,5.00
11932,3981,12,15,459.00,0.00
11933,3982,25,25,42.00,10.00
11934,3982,15,5,379.00,0.00
11935,3982,14,5,549.00,5.00
11936,3982,31,12,15.00,0.00
11937,3982,35,10,79.00,0.00
11938,3983,1,3,499.00,0.00
11939,3983,27,17,18.00,0.00
11940,3983,26,7,12.00,10.00
11941,3983,31,21,15.00,5.00
11942,3983,30,28,27.00,0.00
11943,3984,31,13,15.00,0.00
11944,3984,1,23,499.00,5.00
11945,3984,6,24,699.00,0.00
11946,3984,26,14,12.00,10.00
11947,3985,8,2,389.00,5.00
11948,3985,3,12,249.00,5.00
11949,3986,22,10,75.00,5.00
11950,3986,24,7,95.00,0.00
11951,3987,22,1,75.00,0.00
11952,3988,5,21,349.00,0.00
11953,3988,5,18,349.00,0.00
11954,3988,2,17,899.00,0.00
11955,3988,9,16,149.00,10.00
11956,3988,28,10,120.00,0.00
11957,3989,33,2,65.00,0.00
11958,3989,31,7,15.00,0.00
11959,3989,11,13,899.00,0.00
11960,3990,31,6,15.00,0.00
11961,3990,28,5,120.00,0.00
11962,3990,18,9,89.00,10.00
11963,3991,17,30,189.00,5.00
11964,3991,4,18,129.00,5.00
11965,3991,16,11,45.00,0.00
11966,3992,8,20,389.00,5.00
11967,3992,13,25,649.00,0.00
11968,3992,27,21,18.00,0.00
11969,3992,14,21,549.00,0.00
11970,3993,32,2,45.00,0.00
11971,3993,10,29,799.00,10.00
11972,3993,22,13,75.00,0.00
11973,3994,16,26,45.00,10.00
11974,3995,34,6,35.00,0.00
11975,3995,27,21,18.00,0.00
11976,3995,7,26,549.00,5.00
11977,3995,25,18,42.00,5.00
11978,3995,6,14,699.00,5.00
11979,3996,16,2,45.00,10.00
11980,3997,3,4,249.00,0.00
11981,3997,23,29,22.00,10.00
11982,3997,12,4,459.00,5.00
11983,3998,14,29,549.00,5.00
11984,3998,17,12,189.00,0.00
11985,3998,33,11,65.00,0.00
11986,3998,10,4,799.00,5.00
11987,3999,21,21,58.00,5.00
11988,3999,11,13,899.00,0.00
11989,3999,31,22,15.00,0.00
11990,3999,30,6,27.00,0.00
11991,4000,26,29,12.00,5.00
11992,4000,12,23,459.00,5.00
11993,4000,25,3,42.00,0.00
11994,4001,21,28,58.00,5.00
11995,4001,35,24,79.00,10.00
11996,4001,31,27,15.00,5.00
11997,4001,8,25,389.00,0.00
11998,4002,9,3,149.00,5.00
11999,4003,34,4,35.00,5.00
12000,4003,3,9,249.00,0.00
12001,4004,32,21,45.00,5.00
12002,4004,17,9,189.00,0.00
12003,4004,8,1,389.00,0.00
12004,4004,5,11,349.00,0.00
12005,4004,18,18,89.00,0.00
12006,4005,2,8,899.00,0.00
12007,4005,30,28,27.00,10.00
12008,4005,8,5,389.00,0.00
12009,4005,25,15,42.00,0.00
12010,4005,3,15,249.00,0.00
12011,4006,12,28,459.00,0.00
12012,4006,34,7,35.00,0.00
12013,4006,3,29,249.00,0.00
12014,4007,29,24,32.00,0.00
12015,4007,35,16,79.00,5.00
12016,4007,24,14,95.00,0.00
12017,4008,16,8,45.00,10.00
12018,4008,26,28,12.00,0.00
12019,4008,17,3,189.00,10.00
12020,4008,14,4,549.00,0.00
12021,4008,7,10,549.00,0.00
12022,4009,5,16,349.00,0.00
12023,4009,25,22,42.00,0.00
12024,4009,11,3,899.00,0.00
12025,4009,5,7,349.00,5.00
12026,4010,1,27,499.00,0.00
12027,4011,35,7,79.00,0.00
12028,4011,22,28,75.00,5.00
12029,4012,8,18,389.00,0.00
12030,4012,27,28,18.00,0.00
12031,4012,33,19,65.00,0.00
12032,4012,14,5,549.00,5.00
12033,4012,30,6,27.00,0.00
12034,4013,9,17,149.00,10.00
12035,4013,11,17,899.00,10.00
12036,4013,21,13,58.00,0.00
12037,4014,1,26,499.00,0.00
12038,4014,16,18,45.00,5.00
12039,4014,17,11,189.00,0.00
12040,4015,31,3,15.00,10.00
12041,4015,33,5,65.00,10.00
12042,4015,3,20,249.00,10.00
12043,4016,9,15,149.00,5.00
12044,4016,4,12,129.00,0.00
12045,4017,12,29,459.00,5.00
12046,4017,30,30,27.00,0.00
12047,4017,27,24,18.00,5.00
12048,4017,32,16,45.00,10.00
12049,4017,1,11,499.00,5.00
12050,4018,14,3,549.00,0.00
12051,4018,31,21,15.00,10.00
12052,4018,35,15,79.00,0.00
12053,4018,10,20,799.00,0.00
12054,4018,9,29,149.00,0.00
12055,4019,19,9,69.00,5.00
12056,4019,33,11,65.00,10.00
12057,4019,28,1,120.00,5.00
12058,4019,28,19,120.00,5.00
12059,4019,31,3,15.00,10.00
12060,4020,33,26,65.00,0.00
12061,4020,24,1,95.00,0.00
12062,4020,23,25,22.00,0.00
12063,4021,6,24,699.00,0.00
12064,4021,18,12,89.00,0.00
12065,4021,30,2,27.00,5.00
12066,4021,13,22,649.00,0.00
12067,4022,24,2,95.00,0.00
12068,4022,22,18,75.00,0.00
12069,4022,33,6,65.00,0.00
12070,4023,3,5,249.00,0.00
12071,4023,4,28,129.00,0.00
12072,4023,1,2,499.00,0.00
12073,4024,18,13,89.00,0.00
12074,4024,23,13,22.00,0.00
12075,4025,4,29,129.00,0.00
12076,4026,29,23,32.00,0.00
12077,4026,4,20,129.00,10.00
12078,4026,27,2,18.00,10.00
12079,4027,25,29,42.00,5.00
12080,4027,10,16,799.00,5.00
12081,4027,3,6,249.00,5.00
12082,4027,8,24,389.00,0.00
12083,4027,4,19,129.00,5.00
12084,4028,17,8,189.00,5.00
12085,4029,35,24,79.00,0.00
12086,4029,28,24,120.00,0.00
12087,4029,22,9,75.00,0.00
12088,4029,32,26,45.00,5.00
12089,4030,6,7,699.00,5.00
12090,4030,20,26,159.00,0.00
12091,4030,35,13,79.00,0.00
12092,4031,27,1,18.00,10.00
12093,4031,15,12,379.00,5.00
12094,4032,32,19,45.00,0.00
12095,4032,4,10,129.00,0.00
12096,4032,12,28,459.00,0.00
12097,4032,35,10,79.00,5.00
12098,4032,4,21,129.00,0.00
12099,4033,2,17,899.00,0.00
12100,4033,9,14,149.00,5.00
12101,4033,23,11,22.00,10.00
12102,4034,18,21,89.00,10.00
12103,4034,31,12,15.00,0.00
12104,4034,23,5,22.00,5.00
12105,4035,7,4,549.00,10.00
12106,4035,14,5,549.00,0.00
12107,4035,17,18,189.00,0.00
12108,4035,19,8,69.00,5.00
12109,4035,31,5,15.00,0.00
12110,4036,33,7,65.00,0.00
12111,4036,26,26,12.00,0.00
12112,4036,28,22,120.00,0.00
12113,4036,8,6,389.00,0.00
12114,4036,33,24,65.00,0.00
12115,4037,27,15,18.00,0.00
12116,4037,33,14,65.00,0.00
12117,4037,25,9,42.00,0.00
12118,4037,21,2,58.00,0.00
12119,4038,25,8,42.00,0.00
12120,4039,5,11,349.00,0.00
12121,4039,25,13,42.00,10.00
12122,4039,20,30,159.00,0.00
12123,4040,23,30,22.00,10.00
12124,4041,23,21,22.00,0.00
12125,4041,24,22,95.00,0.00
12126,4041,24,21,95.00,0.00
12127,4041,23,8,22.00,0.00
12128,4041,34,24,35.00,10.00
12129,4042,7,27,549.00,10.00
12130,4042,35,5,79.00,10.00
12131,4042,24,25,95.00,0.00
12132,4042,27,23,18.00,0.00
12133,4043,6,14,699.00,10.00
12134,4043,32,29,45.00,0.00
12135,4043,22,24,75.00,0.00
12136,4044,9,3,149.00,5.00
12137,4045,4,23,129.00,0.00
12138,4045,8,19,389.00,0.00
12139,4045,4,12,129.00,5.00
12140,4046,21,8,58.00,0.00
12141,4046,30,18,27.00,0.00
12142,4047,9,17,149.00,0.00
12143,4047,24,4,95.00,0.00
12144,4047,14,11,549.00,0.00
12145,4048,17,26,189.00,10.00
12146,4048,23,19,22.00,0.00
12147,4048,13,2,649.00,0.00
12148,4048,33,30,65.00,0.00
12149,4048,14,22,549.00,0.00
12150,4049,7,24,549.00,0.00
12151,4049,11,16,899.00,5.00
12152,4049,2,3,899.00,0.00
12153,4049,30,20,27.00,5.00
12154,4050,11,4,899.00,5.00
12155,4050,34,24,35.00,0.00
12156,4050,32,10,45.00,10.00
12157,4050,16,18,45.00,0.00
12158,4051,22,14,75.00,0.00
12159,4051,11,16,899.00,5.00
12160,4051,22,6,75.00,0.00
12161,4052,30,14,27.00,5.00
12162,4052,5,17,349.00,0.00
12163,4052,16,29,45.00,0.00
12164,4052,34,22,35.00,5.00
12165,4052,20,17,159.00,0.00
12166,4053,2,9,899.00,0.00
12167,4053,22,7,75.00,0.00
12168,4053,19,29,69.00,0.00
12169,4053,1,15,499.00,0.00
12170,4054,8,25,389.00,0.00
12171,4055,11,18,899.00,0.00
12172,4055,11,14,899.00,0.00
12173,4055,28,20,120.00,10.00
12174,4055,13,5,649.00,5.00
12175,4056,17,1,189.00,5.00
12176,4056,5,25,349.00,5.00
12177,4056,25,18,42.00,5.00
12178,4056,7,19,549.00,0.00
12179,4057,9,15,149.00,5.00
12180,4057,24,15,95.00,0.00
12181,4057,22,26,75.00,0.00
12182,4058,8,24,389.00,0.00
12183,4058,9,9,149.00,5.00
12184,4058,20,21,159.00,10.00
12185,4059,9,4,149.00,10.00
12186,4060,29,9,32.00,10.00
12187,4060,29,11,32.00,0.00
12188,4061,26,6,12.00,5.00
12189,4062,1,12,499.00,10.00
12190,4062,16,16,45.00,0.00
12191,4062,13,7,649.00,0.00
12192,4062,26,12,12.00,5.00
12193,4062,16,2,45.00,10.00
12194,4063,7,29,549.00,0.00
12195,4063,7,8,549.00,5.00
12196,4064,17,9,189.00,10.00
12197,4064,35,3,79.00,0.00
12198,4064,28,22,120.00,0.00
12199,4064,8,6,389.00,0.00
12200,4065,28,22,120.00,0.00
12201,4066,5,23,349.00,0.00
12202,4066,14,28,549.00,0.00
12203,4067,10,20,799.00,0.00
12204,4067,7,22,549.00,10.00
12205,4067,18,21,89.00,0.00
12206,4068,17,18,189.00,0.00
12207,4068,23,24,22.00,0.00
12208,4068,30,1,27.00,5.00
12209,4069,14,19,549.00,0.00
12210,4069,7,27,549.00,10.00
12211,4069,33,26,65.00,0.00
12212,4070,8,28,389.00,10.00
12213,4071,28,12,120.00,0.00
12214,4072,7,27,549.00,10.00
12215,4073,13,8,649.00,0.00
12216,4074,7,18,549.00,0.00
12217,4074,10,5,799.00,10.00
12218,4074,2,15,899.00,0.00
12219,4074,13,21,649.00,0.00
12220,4075,28,6,120.00,0.00
12221,4075,6,6,699.00,0.00
12222,4076,23,13,22.00,0.00
12223,4076,6,17,699.00,0.00
12224,4077,34,15,35.00,0.00
12225,4077,6,8,699.00,5.00
12226,4077,35,23,79.00,5.00
12227,4077,12,15,459.00,0.00
12228,4078,10,29,799.00,10.00
12229,4079,17,22,189.00,0.00
12230,4079,2,15,899.00,0.00
12231,4080,15,30,379.00,5.00
12232,4080,12,20,459.00,0.00
12233,4080,27,24,18.00,0.00
12234,4080,15,12,379.00,5.00
12235,4081,3,8,249.00,0.00
12236,4081,19,15,69.00,10.00
12237,4081,32,25,45.00,0.00
12238,4081,20,19,159.00,0.00
12239,4082,13,17,649.00,5.00
12240,4082,26,21,12.00,0.00
12241,4083,7,4,549.00,0.00
12242,4083,30,4,27.00,0.00
12243,4083,34,17,35.00,10.00
12244,4083,2,10,899.00,0.00
12245,4084,12,15,459.00,0.00
12246,4084,4,30,129.00,5.00
12247,4085,16,22,45.00,0.00
12248,4086,28,3,120.00,10.00
12249,4086,28,27,120.00,0.00
12250,4086,19,18,69.00,0.00
12251,4086,26,24,12.00,5.00
12252,4087,19,29,69.00,0.00
12253,4087,5,2,349.00,5.00
12254,4087,31,29,15.00,0.00
12255,4087,4,27,129.00,0.00
12256,4087,26,14,12.00,10.00
12257,4088,7,29,549.00,0.00
12258,4088,6,8,699.00,5.00
12259,4088,25,15,42.00,0.00
12260,4088,3,12,249.00,5.00
12261,4089,30,27,27.00,5.00
12262,4090,23,14,22.00,0.00
12263,4090,4,20,129.00,10.00
12264,4090,26,25,12.00,10.00
12265,4091,5,11,349.00,0.00
12266,4091,7,17,549.00,0.00
12267,4091,20,3,159.00,5.00
12268,4091,11,13,899.00,0.00
12269,4092,4,1,129.00,10.00
12270,4093,15,3,379.00,0.00
12271,4093,16,26,45.00,10.00
12272,4094,11,9,899.00,0.00
12273,4094,22,18,75.00,0.00
12274,4095,2,10,899.00,0.00
12275,4095,32,11,45.00,0.00
12276,4095,22,19,75.00,0.00
12277,4095,9,19,149.00,0.00
12278,4095,25,19,42.00,0.00
12279,4096,31,9,15.00,10.00
12280,4097,31,21,15.00,5.00
12281,4097,29,25,32.00,5.00
12282,4098,10,12,799.00,0.00
12283,4098,30,17,27.00,0.00
12284,4098,31,14,15.00,5.00
12285,4098,26,24,12.00,5.00
12286,4098,22,19,75.00,0.00
12287,4099,22,12,75.00,0.00
12288,4099,23,24,22.00,10.00
12289,4100,5,7,349.00,5.00
12290,4101,34,12,35.00,10.00
12291,4101,29,5,32.00,0.00
12292,4101,26,30,12.00,5.00
12293,4101,17,9,189.00,0.00
12294,4101,9,7,149.00,0.00
12295,4102,5,3,349.00,0.00
12296,4103,29,15,32.00,10.00
12297,4103,17,14,189.00,5.00
12298,4103,22,23,75.00,10.00
12299,4103,32,3,45.00,5.00
12300,4103,2,6,899.00,10.00
12301,4104,7,8,549.00,5.00
12302,4104,24,12,95.00,10.00
12303,4104,4,30,129.00,0.00
12304,4104,34,1,35.00,0.00
12305,4104,35,9,79.00,0.00
12306,4105,3,13,249.00,10.00
12307,4105,3,24,249.00,5.00
12308,4105,8,29,389.00,0.00
12309,4105,29,20,32.00,10.00
12310,4106,8,27,389.00,5.00
12311,4106,8,23,389.00,0.00
12312,4106,20,10,159.00,10.00
12313,4106,18,25,89.00,5.00
12314,4107,7,4,549.00,10.00
12315,4107,17,14,189.00,10.00
12316,4108,29,26,32.00,10.00
12317,4108,25,29,42.00,5.00
12318,4108,10,17,799.00,10.00
12319,4108,24,24,95.00,10.00
12320,4109,20,10,159.00,10.00
12321,4109,34,24,35.00,0.00
12322,4109,11,1,899.00,0.00
12323,4109,13,29,649.00,5.00
12324,4109,16,7,45.00,5.00
12325,4110,28,12,120.00,0.00
12326,4110,19,30,69.00,0.00
12327,4110,1,27,499.00,0.00
12328,4110,16,30,45.00,0.00
12329,4110,19,7,69.00,0.00
12330,4111,7,9,549.00,10.00
12331,4111,20,3,159.00,5.00
12332,4112,13,26,649.00,0.00
12333,4112,25,21,42.00,0.00
12334,4113,31,16,15.00,0.00
12335,4113,24,5,95.00,5.00
12336,4113,15,22,379.00,0.00
12337,4114,19,21,69.00,10.00
12338,4114,21,3,58.00,5.00
12339,4114,14,24,549.00,5.00
12340,4114,13,15,649.00,0.00
12341,4115,30,20,27.00,5.00
12342,4115,9,10,149.00,10.00
12343,4116,10,26,799.00,0.00
12344,4116,29,21,32.00,10.00
12345,4116,28,2,120.00,10.00
12346,4116,10,22,799.00,10.00
12347,4116,32,30,45.00,0.00
12348,4117,29,9,32.00,0.00
12349,4117,10,10,799.00,5.00
12350,4118,24,1,95.00,0.00
12351,4118,16,29,45.00,0.00
12352,4118,28,29,120.00,0.00
12353,4118,32,16,45.00,10.00
12354,4119,13,1,649.00,0.00
12355,4119,5,17,349.00,0.00
12356,4120,34,17,35.00,10.00
12357,4121,14,5,549.00,5.00
12358,4121,23,10,22.00,5.00
12359,4121,23,3,22.00,0.00
12360,4122,5,3,349.00,10.00
12361,4123,9,29,149.00,10.00
12362,4124,4,12,129.00,0.00
12363,4124,21,10,58.00,5.00
12364,4125,19,11,69.00,0.00
12365,4125,20,14,159.00,0.00
12366,4125,6,10,699.00,0.00
12367,4126,17,21,189.00,10.00
12368,4126,33,20,65.00,0.00
12369,4127,30,22,27.00,0.00
12370,4127,6,17,699.00,0.00
12371,4127,1,2,499.00,0.00
12372,4128,31,28,15.00,10.00
12373,4128,7,29,549.00,0.00
12374,4128,8,12,389.00,0.00
12375,4128,7,5,549.00,0.00
12376,4128,20,7,159.00,0.00
12377,4129,6,14,699.00,5.00
12378,4129,4,14,129.00,10.00
12379,4129,22,2,75.00,0.00
12380,4130,15,7,379.00,10.00
12381,4130,24,22,95.00,5.00
12382,4131,2,14,899.00,0.00
12383,4131,9,25,149.00,0.00
12384,4131,18,10,89.00,0.00
12385,4131,13,20,649.00,0.00
12386,4131,21,21,58.00,5.00
12387,4132,18,2,89.00,5.00
12388,4132,26,10,12.00,0.00
12389,4132,27,23,18.00,0.00
12390,4132,20,4,159.00,10.00
12391,4132,3,21,249.00,0.00
12392,4133,25,3,42.00,0.00
12393,4133,5,26,349.00,5.00
12394,4133,16,25,45.00,5.00
12395,4134,10,28,799.00,10.00
12396,4135,13,21,649.00,0.00
12397,4135,28,24,120.00,0.00
12398,4136,10,23,799.00,10.00
12399,4136,13,3,649.00,0.00
12400,4136,34,4,35.00,5.00
12401,4137,21,24,58.00,0.00
12402,4138,3,25,249.00,10.00
12403,4138,24,26,95.00,0.00
12404,4138,33,21,65.00,5.00
12405,4138,12,17,459.00,10.00
12406,4138,18,1,89.00,5.00
12407,4139,9,3,149.00,5.00
12408,4139,1,6,499.00,10.00
12409,4139,28,9,120.00,0.00
12410,4139,12,16,459.00,5.00
12411,4140,7,2,549.00,5.00
12412,4140,13,20,649.00,0.00
12413,4140,3,21,249.00,0.00
12414,4140,7,4,549.00,0.00
12415,4141,5,15,349.00,0.00
12416,4141,34,16,35.00,5.00
12417,4142,35,13,79.00,0.00
12418,4142,11,4,899.00,5.00
12419,4142,12,12,459.00,10.00
12420,4143,10,25,799.00,0.00
12421,4143,28,6,120.00,5.00
12422,4143,19,23,69.00,0.00
12423,4143,13,12,649.00,10.00
12424,4143,16,13,45.00,5.00
12425,4144,35,15,79.00,0.00
12426,4145,15,11,379.00,0.00
12427,4145,14,14,549.00,0.00
12428,4145,10,30,799.00,0.00
12429,4145,15,28,379.00,0.00
12430,4145,19,27,69.00,10.00
12431,4146,12,4,459.00,5.00
12432,4147,17,21,189.00,10.00
12433,4147,31,12,15.00,0.00
12434,4147,24,8,95.00,0.00
12435,4147,25,19,42.00,10.00
12436,4147,3,12,249.00,5.00
12437,4148,33,11,65.00,10.00
12438,4148,30,9,27.00,10.00
12439,4148,30,13,27.00,0.00
12440,4148,19,28,69.00,0.00
12441,4149,25,1,42.00,10.00
12442,4149,14,8,549.00,0.00
12443,4149,6,7,699.00,5.00
12444,4149,16,13,45.00,5.00
12445,4149,7,26,549.00,5.00
12446,4150,23,24,22.00,10.00
12447,4150,12,25,459.00,0.00
12448,4150,3,2,249.00,0.00
12449,4150,8,24,389.00,0.00
12450,4150,3,18,249.00,0.00
12451,4151,33,19,65.00,0.00
12452,4151,30,7,27.00,0.00
12453,4151,31,27,15.00,5.00
12454,4151,8,25,389.00,0.00
12455,4151,12,19,459.00,0.00
12456,4152,5,22,349.00,0.00
12457,4152,28,12,120.00,0.00
12458,4152,22,14,75.00,0.00
12459,4152,31,30,15.00,0.00
12460,4152,26,18,12.00,5.00
12461,4153,31,21,15.00,10.00
12462,4153,12,1,459.00,0.00
12463,4153,16,27,45.00,0.00
12464,4154,18,18,89.00,0.00
12465,4154,19,9,69.00,5.00
12466,4154,3,1,249.00,10.00
12467,4154,13,5,649.00,5.00
12468,4154,6,18,699.00,0.00
12469,4155,4,17,129.00,0.00
12470,4155,18,7,89.00,5.00
12471,4155,14,2,549.00,0.00
12472,4155,21,15,58.00,5.00
12473,4156,21,3,58.00,5.00
12474,4156,13,19,649.00,10.00
12475,4156,35,1,79.00,0.00
12476,4156,31,26,15.00,0.00
12477,4156,11,25,899.00,0.00
12478,4157,14,20,549.00,0.00
12479,4157,34,9,35.00,0.00
12480,4157,16,27,45.00,0.00
12481,4158,7,24,549.00,0.00
12482,4158,3,15,249.00,0.00
12483,4158,30,12,27.00,0.00
12484,4158,6,13,699.00,0.00
12485,4159,19,11,69.00,0.00
12486,4160,35,10,79.00,0.00
12487,4160,35,8,79.00,0.00
12488,4160,21,5,58.00,10.00
12489,4161,12,21,459.00,0.00
12490,4161,1,26,499.00,0.00
12491,4161,6,13,699.00,0.00
12492,4161,17,22,189.00,0.00
12493,4161,23,23,22.00,10.00
12494,4162,13,13,649.00,10.00
12495,4162,21,2,58.00,0.00
12496,4162,13,8,649.00,0.00
12497,4163,12,11,459.00,5.00
12498,4163,15,2,379.00,10.00
12499,4163,17,17,189.00,0.00
12500,4164,2,26,899.00,0.00
12501,4164,16,19,45.00,5.00
12502,4164,23,5,22.00,5.00
12503,4165,8,9,389.00,5.00
12504,4165,34,15,35.00,5.00
12505,4166,26,20,12.00,10.00
12506,4166,2,9,899.00,0.00
12507,4167,28,24,120.00,0.00
12508,4167,10,26,799.00,0.00
12509,4167,11,13,899.00,0.00
12510,4167,32,23,45.00,0.00
12511,4168,30,17,27.00,0.00
12512,4168,20,2,159.00,0.00
12513,4168,29,10,32.00,0.00
12514,4168,13,18,649.00,10.00
12515,4168,13,10,649.00,0.00
12516,4169,24,24,95.00,10.00
12517,4169,5,27,349.00,0.00
12518,4169,34,11,35.00,10.00
12519,4170,30,15,27.00,10.00
12520,4170,31,24,15.00,0.00
12521,4171,13,28,649.00,0.00
12522,4171,13,17,649.00,5.00
12523,4172,27,14,18.00,10.00
12524,4172,20,27,159.00,5.00
12525,4172,28,26,120.00,10.00
12526,4172,2,13,899.00,10.00
12527,4173,18,23,89.00,0.00
12528,4173,6,30,699.00,0.00
12529,4174,5,22,349.00,0.00
12530,4174,5,25,349.00,5.00
12531,4174,12,12,459.00,10.00
12532,4174,21,3,58.00,0.00
12533,4174,28,3,120.00,0.00
12534,4175,35,7,79.00,0.00
12535,4175,1,23,499.00,5.00
12536,4175,34,26,35.00,0.00
12537,4176,30,13,27.00,0.00
12538,4176,18,27,89.00,10.00
12539,4176,34,1,35.00,0.00
12540,4177,28,4,120.00,0.00
12541,4177,32,23,45.00,0.00
12542,4177,35,23,79.00,10.00
12543,4177,33,3,65.00,5.00
12544,4177,5,20,349.00,10.00
12545,4178,19,22,69.00,0.00
12546,4178,5,15,349.00,10.00
12547,4178,12,24,459.00,10.00
12548,4178,11,24,899.00,10.00
12549,4178,13,28,649.00,0.00
12550,4179,15,7,379.00,5.00
12551,4179,7,18,549.00,0.00
12552,4179,20,11,159.00,0.00
12553,4179,21,17,58.00,10.00
12554,4180,10,10,799.00,5.00
12555,4180,24,6,95.00,10.00
12556,4180,10,13,799.00,0.00
12557,4180,12,21,459.00,0.00
12558,4181,15,29,379.00,0.00
12559,4182,16,9,45.00,0.00
12560,4182,8,4,389.00,10.00
12561,4182,32,2,45.00,0.00
12562,4182,2,29,899.00,0.00
12563,4183,25,23,42.00,5.00
12564,4183,5,20,349.00,10.00
12565,4183,15,15,379.00,0.00
12566,4183,14,14,549.00,0.00
12567,4183,33,15,65.00,5.00
12568,4184,25,1,42.00,10.00
12569,4185,26,11,12.00,0.00
12570,4185,24,24,95.00,10.00
12571,4185,28,15,120.00,0.00
12572,4186,2,19,899.00,10.00
12573,4186,24,20,95.00,0.00
12574,4186,14,5,549.00,0.00
12575,4186,8,15,389.00,5.00
12576,4186,17,29,189.00,0.00
12577,4187,32,18,45.00,0.00
12578,4187,17,18,189.00,0.00
12579,4188,28,30,120.00,5.00
12580,4188,12,20,459.00,0.00
12581,4189,25,1,42.00,0.00
12582,4189,3,8,249.00,0.00
12583,4189,12,19,459.00,0.00
12584,4190,25,6,42.00,10.00
12585,4190,18,1,89.00,5.00
12586,4190,5,22,349.00,0.00
12587,4190,24,28,95.00,0.00
12588,4191,13,27,649.00,0.00
12589,4191,5,18,349.00,0.00
12590,4191,3,19,249.00,10.00
12591,4191,30,10,27.00,0.00
12592,4191,18,6,89.00,0.00
12593,4192,25,22,42.00,0.00
12594,4192,24,20,95.00,0.00
12595,4192,2,19,899.00,10.00
12596,4192,2,8,899.00,0.00
12597,4192,4,1,129.00,5.00
12598,4193,33,13,65.00,0.00
12599,4193,33,27,65.00,5.00
12600,4193,1,24,499.00,10.00
12601,4194,5,9,349.00,0.00
12602,4194,13,19,649.00,10.00
12603,4194,5,22,349.00,0.00
12604,4194,28,10,120.00,0.00
12605,4195,2,7,899.00,0.00
12606,4195,22,26,75.00,0.00
12607,4196,23,23,22.00,10.00
12608,4197,19,26,69.00,5.00
12609,4197,25,18,42.00,10.00
12610,4197,16,22,45.00,0.00
12611,4197,8,6,389.00,0.00
12612,4197,8,1,389.00,0.00
12613,4198,4,7,129.00,5.00
12614,4198,1,26,499.00,0.00
12615,4198,24,21,95.00,0.00
12616,4198,21,29,58.00,0.00
12617,4199,15,14,379.00,10.00
12618,4199,12,25,459.00,0.00
12619,4199,11,30,899.00,0.00
12620,4200,12,2,459.00,0.00
12621,4200,34,5,35.00,10.00
12622,4201,34,23,35.00,10.00
12623,4201,6,5,699.00,0.00
12624,4202,26,24,12.00,5.00
12625,4202,6,20,699.00,5.00
12626,4203,1,8,499.00,0.00
12627,4203,6,9,699.00,10.00
12628,4203,29,10,32.00,0.00
12629,4203,23,25,22.00,0.00
12630,4204,26,10,12.00,0.00
12631,4205,1,9,499.00,0.00
12632,4205,15,23,379.00,0.00
12633,4205,31,3,15.00,5.00
12634,4206,24,21,95.00,0.00
12635,4206,5,11,349.00,0.00
12636,4206,32,11,45.00,0.00
12637,4206,4,11,129.00,0.00
12638,4206,13,11,649.00,5.00
12639,4207,5,22,349.00,0.00
12640,4207,35,9,79.00,0.00
12641,4208,10,15,799.00,0.00
12642,4208,16,16,45.00,0.00
12643,4208,27,1,18.00,10.00
12644,4208,35,16,79.00,0.00
12645,4208,16,12,45.00,5.00
12646,4209,14,2,549.00,0.00
12647,4209,6,17,699.00,0.00
12648,4209,10,7,799.00,0.00
12649,4209,30,7,27.00,5.00
12650,4209,24,9,95.00,0.00
12651,4210,31,5,15.00,0.00
12652,4210,33,13,65.00,0.00
12653,4210,8,6,389.00,0.00
12654,4210,2,9,899.00,0.00
12655,4211,13,2,649.00,0.00
12656,4211,15,24,379.00,5.00
12657,4211,6,19,699.00,5.00
12658,4212,26,21,12.00,0.00
12659,4212,14,2,549.00,0.00
12660,4212,21,15,58.00,5.00
12661,4212,31,11,15.00,0.00
12662,4212,20,14,159.00,0.00
12663,4213,25,20,42.00,0.00
12664,4213,7,7,549.00,0.00
12665,4213,3,21,249.00,0.00
12666,4213,14,2,549.00,0.00
12667,4213,17,28,189.00,0.00
12668,4214,16,3,45.00,0.00
12669,4214,14,15,549.00,0.00
12670,4215,1,23,499.00,5.00
12671,4215,11,11,899.00,10.00
12672,4215,6,9,699.00,10.00
12673,4215,34,27,35.00,0.00
12674,4216,16,26,45.00,10.00
12675,4216,31,22,15.00,10.00
12676,4216,21,2,58.00,0.00
12677,4217,33,15,65.00,0.00
12678,4217,16,15,45.00,0.00
12679,4217,8,20,389.00,0.00
12680,4217,29,14,32.00,5.00
12681,4218,30,25,27.00,0.00
12682,4219,31,16,15.00,10.00
12683,4219,7,2,549.00,5.00
12684,4219,26,7,12.00,10.00
12685,4219,11,15,899.00,0.00
12686,4220,9,28,149.00,10.00
12687,4221,22,29,75.00,10.00
12688,4221,12,7,459.00,0.00
12689,4222,24,15,95.00,0.00
12690,4222,12,19,459.00,0.00
12691,4222,20,18,159.00,0.00
12692,4222,7,13,549.00,0.00
12693,4222,10,25,799.00,0.00
12694,4223,6,21,699.00,10.00
12695,4223,19,26,69.00,5.00
12696,4224,9,7,149.00,0.00
12697,4224,1,5,499.00,5.00
12698,4224,27,25,18.00,10.00
12699,4224,28,11,120.00,0.00
12700,4224,10,28,799.00,10.00
12701,4225,12,1,459.00,0.00
12702,4225,1,1,499.00,0.00
12703,4226,18,18,89.00,0.00
12704,4226,3,8,249.00,0.00
12705,4226,22,25,75.00,0.00
12706,4226,23,18,22.00,0.00
12707,4227,33,18,65.00,0.00
12708,4228,27,29,18.00,0.00
12709,4228,10,5,799.00,10.00
12710,4229,17,1,189.00,5.00
12711,4230,33,7,65.00,0.00
12712,4231,20,15,159.00,5.00
12713,4232,12,11,459.00,5.00
12714,4232,23,29,22.00,10.00
12715,4232,19,1,69.00,0.00
12716,4232,22,15,75.00,0.00
12717,4233,9,15,149.00,5.00
12718,4233,29,3,32.00,10.00
12719,4234,23,27,22.00,0.00
12720,4235,17,15,189.00,10.00
12721,4235,10,16,799.00,10.00
12722,4235,19,6,69.00,0.00
12723,4235,8,1,389.00,0.00
12724,4235,8,21,389.00,10.00
12725,4236,6,9,699.00,10.00
12726,4236,1,4,499.00,0.00
12727,4236,9,20,149.00,0.00
12728,4236,29,11,32.00,0.00
12729,4236,26,16,12.00,0.00
12730,4237,15,12,379.00,5.00
12731,4237,9,6,149.00,0.00
12732,4237,21,8,58.00,0.00
12733,4238,22,23,75.00,10.00
12734,4238,12,29,459.00,5.00
12735,4238,35,19,79.00,0.00
12736,4238,26,10,12.00,0.00
12737,4239,11,22,899.00,5.00
12738,4239,5,21,349.00,0.00
12739,4239,14,20,549.00,0.00
12740,4239,18,6,89.00,0.00
12741,4239,21,19,58.00,0.00
12742,4240,10,1,799.00,0.00
12743,4240,7,8,549.00,5.00
12744,4240,30,1,27.00,5.00
12745,4240,33,26,65.00,0.00
12746,4241,27,2,18.00,10.00
12747,4241,28,29,120.00,0.00
12748,4241,14,17,549.00,5.00
12749,4242,31,20,15.00,5.00
12750,4242,5,25,349.00,5.00
12751,4243,31,28,15.00,0.00
12752,4243,17,5,189.00,0.00
12753,4243,16,4,45.00,0.00
12754,4244,29,8,32.00,5.00
12755,4244,7,19,549.00,0.00
12756,4244,33,28,65.00,10.00
12757,4244,10,30,799.00,0.00
12758,4245,3,13,249.00,5.00
12759,4245,27,12,18.00,5.00
12760,4245,3,15,249.00,0.00
12761,4245,12,5,459.00,5.00
12762,4245,8,28,389.00,10.00
12763,4246,1,8,499.00,0.00
12764,4246,35,15,79.00,0.00
12765,4246,27,14,18.00,10.00
12766,4246,16,12,45.00,5.00
12767,4247,21,27,58.00,5.00
12768,4247,16,13,45.00,5.00
12769,4247,15,27,379.00,0.00
12770,4247,35,19,79.00,0.00
12771,4248,30,14,27.00,5.00
12772,4248,4,14,129.00,10.00
12773,4248,7,6,549.00,0.00
12774,4249,27,14,18.00,0.00
12775,4249,26,20,12.00,10.00
12776,4249,34,26,35.00,0.00
12777,4250,24,10,95.00,0.00
12778,4250,29,13,32.00,5.00
12779,4251,9,2,149.00,0.00
12780,4251,28,5,120.00,0.00
12781,4252,29,10,32.00,0.00
12782,4252,23,26,22.00,0.00
12783,4252,29,10,32.00,0.00
12784,4253,18,22,89.00,0.00
12785,4253,30,17,27.00,0.00
12786,4253,15,15,379.00,0.00
12787,4254,30,9,27.00,10.00
12788,4254,26,26,12.00,0.00
12789,4255,15,12,379.00,5.00
12790,4255,11,14,899.00,0.00
12791,4255,5,23,349.00,0.00
12792,4256,27,27,18.00,0.00
12793,4256,12,2,459.00,0.00
12794,4257,19,15,69.00,10.00
12795,4257,31,22,15.00,0.00
12796,4257,34,21,35.00,5.00
12797,4257,34,28,35.00,5.00
12798,4258,1,24,499.00,10.00
12799,4258,32,28,45.00,10.00
12800,4258,19,5,69.00,0.00
12801,4259,26,6,12.00,5.00
12802,4259,13,13,649.00,10.00
12803,4259,25,17,42.00,0.00
12804,4260,22,20,75.00,0.00
12805,4261,15,10,379.00,0.00
12806,4261,27,24,18.00,5.00
12807,4262,13,29,649.00,5.00
12808,4262,23,4,22.00,5.00
12809,4262,27,27,18.00,0.00
12810,4262,10,25,799.00,0.00
12811,4263,18,10,89.00,10.00
12812,4264,28,19,120.00,5.00
12813,4264,29,28,32.00,0.00
12814,4264,35,16,79.00,0.00
12815,4265,12,14,459.00,0.00
12816,4266,4,21,129.00,0.00
12817,4266,1,2,499.00,0.00
12818,4266,6,30,699.00,0.00
12819,4266,11,4,899.00,5.00
12820,4266,32,17,45.00,0.00
12821,4267,34,23,35.00,10.00
12822,4268,33,21,65.00,5.00
12823,4268,35,5,79.00,10.00
12824,4268,23,23,22.00,5.00
12825,4268,19,14,69.00,5.00
12826,4268,29,6,32.00,0.00
12827,4269,32,3,45.00,5.00
12828,4269,18,8,89.00,5.00
12829,4269,32,10,45.00,10.00
12830,4270,18,30,89.00,0.00
12831,4270,5,13,349.00,5.00
12832,4270,35,1,79.00,0.00
12833,4271,23,4,22.00,5.00
12834,4271,32,18,45.00,0.00
12835,4271,10,21,799.00,5.00
12836,4271,17,8,189.00,10.00
12837,4272,26,13,12.00,10.00
12838,4273,18,24,89.00,0.00
12839,4273,32,3,45.00,5.00
12840,4273,12,15,459.00,0.00
12841,4274,28,1,120.00,5.00
12842,4274,22,25,75.00,0.00
12843,4274,35,1,79.00,0.00
12844,4274,19,9,69.00,10.00
12845,4275,26,26,12.00,0.00
12846,4275,31,2,15.00,5.00
12847,4275,15,28,379.00,0.00
12848,4276,16,6,45.00,0.00
12849,4277,20,9,159.00,5.00
12850,4277,35,18,79.00,0.00
12851,4277,13,22,649.00,0.00
12852,4277,3,3,249.00,0.00
12853,4277,29,15,32.00,10.00
12854,4278,23,27,22.00,0.00
12855,4278,22,23,75.00,10.00
12856,4278,35,11,79.00,10.00
12857,4278,4,1,129.00,5.00
12858,4279,5,29,349.00,0.00
12859,4279,34,23,35.00,10.00
12860,4279,32,2,45.00,0.00
12861,4280,31,26,15.00,5.00
12862,4280,34,19,35.00,0.00
12863,4280,17,18,189.00,0.00
12864,4281,24,19,95.00,0.00
12865,4281,16,2,45.00,10.00
12866,4281,27,25,18.00,10.00
12867,4281,26,5,12.00,5.00
12868,4281,19,24,69.00,0.00
12869,4282,33,4,65.00,5.00
12870,4282,20,15,159.00,5.00
12871,4282,2,5,899.00,5.00
12872,4283,31,4,15.00,0.00
12873,4283,25,13,42.00,0.00
12874,4283,34,22,35.00,5.00
12875,4283,34,28,35.00,5.00
12876,4284,35,14,79.00,0.00
12877,4285,10,16,799.00,10.00
12878,4285,24,24,95.00,10.00
12879,4286,33,10,65.00,5.00
12880,4287,28,18,120.00,5.00
12881,4287,15,4,379.00,0.00
12882,4287,17,10,189.00,0.00
12883,4287,29,20,32.00,10.00
12884,4288,3,29,249.00,0.00
12885,4288,35,7,79.00,0.00
12886,4288,4,3,129.00,0.00
12887,4289,27,15,18.00,0.00
12888,4289,34,16,35.00,5.00
12889,4289,2,3,899.00,0.00
12890,4290,25,7,42.00,0.00
12891,4290,17,8,189.00,10.00
12892,4290,24,22,95.00,0.00
12893,4290,21,10,58.00,5.00
12894,4291,16,27,45.00,0.00
12895,4291,2,26,899.00,0.00
12896,4291,21,28,58.00,10.00
12897,4291,11,1,899.00,0.00
12898,4292,35,4,79.00,0.00
12899,4292,11,30,899.00,0.00
12900,4293,4,20,129.00,10.00
12901,4293,23,16,22.00,5.00
12902,4293,26,22,12.00,0.00
12903,4293,15,5,379.00,0.00
12904,4293,14,8,549.00,0.00
12905,4294,28,5,120.00,0.00
12906,4294,25,6,42.00,10.00
12907,4295,26,18,12.00,5.00
12908,4295,3,2,249.00,0.00
12909,4295,3,8,249.00,10.00
12910,4295,7,30,549.00,0.00
12911,4296,21,1,58.00,0.00
12912,4296,32,12,45.00,0.00
12913,4297,12,20,459.00,0.00
12914,4297,20,28,159.00,10.00
12915,4297,24,22,95.00,0.00
12916,4297,20,5,159.00,0.00
12917,4297,6,14,699.00,10.00
12918,4298,29,24,32.00,0.00
12919,4299,25,28,42.00,0.00
12920,4299,10,6,799.00,0.00
12921,4300,13,17,649.00,5.00
12922,4301,27,5,18.00,0.00
12923,4301,4,30,129.00,0.00
12924,4301,33,28,65.00,10.00
12925,4302,18,18,89.00,0.00
12926,4302,7,22,549.00,0.00
12927,4302,14,17,549.00,0.00
12928,4302,11,24,899.00,0.00
12929,4302,28,25,120.00,5.00
12930,4303,7,19,549.00,0.00
12931,4304,2,29,899.00,0.00
12932,4304,2,16,899.00,0.00
12933,4304,22,24,75.00,0.00
12934,4304,10,29,799.00,10.00
12935,4305,35,8,79.00,0.00
12936,4305,2,2,899.00,0.00
12937,4305,34,5,35.00,5.00
12938,4306,16,10,45.00,0.00
12939,4306,6,4,699.00,0.00
12940,4306,7,17,549.00,0.00
12941,4306,23,14,22.00,0.00
12942,4306,16,2,45.00,10.00
12943,4307,26,7,12.00,10.00
12944,4308,7,12,549.00,0.00
12945,4308,18,15,89.00,10.00
12946,4308,11,19,899.00,0.00
12947,4309,15,4,379.00,0.00
12948,4309,13,25,649.00,10.00
12949,4309,10,16,799.00,5.00
12950,4309,13,13,649.00,0.00
12951,4309,5,13,349.00,5.00
12952,4310,34,25,35.00,0.00
12953,4310,29,11,32.00,0.00
12954,4311,14,16,549.00,0.00
12955,4311,9,7,149.00,0.00
12956,4311,28,1,120.00,10.00
12957,4311,33,9,65.00,0.00
12958,4311,1,13,499.00,10.00
12959,4312,5,5,349.00,0.00
12960,4312,12,20,459.00,0.00
12961,4312,34,9,35.00,0.00
12962,4313,7,3,549.00,10.00
12963,4313,7,9,549.00,5.00
12964,4313,6,14,699.00,5.00
12965,4313,18,7,89.00,0.00
12966,4313,2,18,899.00,5.00
12967,4314,30,30,27.00,0.00
12968,4314,29,3,32.00,10.00
12969,4314,22,4,75.00,5.00
12970,4314,14,22,549.00,0.00
12971,4315,19,10,69.00,10.00
12972,4316,20,12,159.00,0.00
12973,4317,17,13,189.00,5.00
12974,4317,14,22,549.00,0.00
12975,4317,9,24,149.00,0.00
12976,4317,17,27,189.00,10.00
12977,4318,28,8,120.00,10.00
12978,4318,32,21,45.00,5.00
12979,4318,15,30,379.00,5.00
12980,4318,13,25,649.00,10.00
12981,4318,17,14,189.00,10.00
12982,4319,28,24,120.00,0.00
12983,4319,9,20,149.00,0.00
12984,4320,30,29,27.00,0.00
12985,4320,33,5,65.00,0.00
12986,4320,29,28,32.00,0.00
12987,4321,32,14,45.00,5.00
12988,4322,2,14,899.00,0.00
12989,4322,20,7,159.00,0.00
12990,4323,4,28,129.00,0.00
12991,4324,11,17,899.00,5.00
12992,4324,12,7,459.00,0.00
12993,4324,9,19,149.00,0.00
12994,4324,28,29,120.00,0.00
12995,4325,8,2,389.00,0.00
12996,4325,28,8,120.00,10.00
12997,4326,30,14,27.00,5.00
12998,4326,11,11,899.00,10.00
12999,4327,33,27,65.00,0.00
13000,4327,8,13,389.00,0.00
13001,4327,28,20,120.00,10.00
13002,4328,20,4,159.00,10.00
13003,4328,9,15,149.00,5.00
13004,4328,31,11,15.00,0.00
13005,4329,4,26,129.00,0.00
13006,4329,18,14,89.00,10.00
13007,4329,22,22,75.00,5.00
13008,4329,25,5,42.00,5.00
13009,4329,24,17,95.00,5.00
13010,4330,31,26,15.00,0.00
13011,4331,5,11,349.00,0.00
13012,4331,32,8,45.00,5.00
13013,4331,14,3,549.00,0.00
13014,4331,21,15,58.00,5.00
13015,4332,33,2,65.00,0.00
13016,4332,16,20,45.00,10.00
13017,4333,4,15,129.00,0.00
13018,4333,5,10,349.00,0.00
13019,4334,8,7,389.00,0.00
13020,4334,6,22,699.00,0.00
13021,4334,12,12,459.00,10.00
13022,4334,24,14,95.00,0.00
13023,4335,25,4,42.00,0.00
13024,4335,5,6,349.00,0.00
13025,4335,32,1,45.00,0.00
13026,4336,4,1,129.00,5.00
13027,4336,32,4,45.00,10.00
13028,4336,2,19,899.00,10.00
13029,4337,15,19,379.00,10.00
13030,4337,7,17,549.00,0.00
13031,4337,18,25,89.00,0.00
13032,4337,17,19,189.00,0.00
13033,4337,4,25,129.00,5.00
13034,4338,1,23,499.00,5.00
13035,4338,32,19,45.00,0.00
13036,4338,30,7,27.00,0.00
13037,4338,2,20,899.00,0.00
13038,4339,14,4,549.00,0.00
13039,4339,17,10,189.00,0.00
13040,4339,35,13,79.00,0.00
13041,4339,33,16,65.00,10.00
13042,4339,24,24,95.00,10.00
13043,4340,8,16,389.00,10.00
13044,4340,8,6,389.00,0.00
13045,4340,4,17,129.00,0.00
13046,4341,31,21,15.00,5.00
13047,4341,28,20,120.00,10.00
13048,4342,7,18,549.00,0.00
13049,4342,33,22,65.00,5.00
13050,4342,18,9,89.00,10.00
13051,4342,27,2,18.00,10.00
13052,4343,28,18,120.00,5.00
13053,4343,12,25,459.00,0.00
13054,4343,35,19,79.00,0.00
13055,4344,30,28,27.00,0.00
13056,4344,24,3,95.00,0.00
13057,4344,34,13,35.00,0.00
13058,4345,10,27,799.00,5.00
13059,4346,30,8,27.00,5.00
13060,4346,31,5,15.00,0.00
13061,4347,29,8,32.00,10.00
13062,4347,27,1,18.00,10.00
13063,4347,1,19,499.00,10.00
13064,4348,33,12,65.00,0.00
13065,4349,21,7,58.00,0.00
13066,4349,35,1,79.00,0.00
13067,4349,5,17,349.00,0.00
13068,4350,2,27,899.00,0.00
13069,4350,34,25,35.00,0.00
13070,4350,17,25,189.00,5.00
13071,4350,1,29,499.00,5.00
13072,4351,9,18,149.00,0.00
13073,4351,14,6,549.00,5.00
13074,4351,13,13,649.00,0.00
13075,4351,5,11,349.00,0.00
13076,4351,28,25,120.00,5.00
13077,4352,27,1,18.00,10.00
13078,4352,2,23,899.00,0.00
13079,4352,27,2,18.00,10.00
13080,4353,10,20,799.00,0.00
13081,4353,9,26,149.00,0.00
13082,4353,4,28,129.00,0.00
13083,4353,27,28,18.00,0.00
13084,4353,32,14,45.00,0.00
13085,4354,28,26,120.00,10.00
13086,4354,24,27,95.00,0.00
13087,4355,10,18,799.00,0.00
13088,4355,25,10,42.00,0.00
13089,4355,35,25,79.00,0.00
13090,4356,19,23,69.00,0.00
13091,4356,10,1,799.00,0.00
13092,4356,5,30,349.00,0.00
13093,4356,23,21,22.00,0.00
13094,4357,34,7,35.00,0.00
13095,4357,18,25,89.00,0.00
13096,4357,9,20,149.00,0.00
13097,4357,18,30,89.00,0.00
13098,4357,20,9,159.00,5.00
13099,4358,10,26,799.00,0.00
13100,4358,20,16,159.00,10.00
13101,4358,28,10,120.00,0.00
13102,4359,29,13,32.00,0.00
13103,4359,23,16,22.00,0.00
13104,4359,15,12,379.00,0.00
13105,4360,1,29,499.00,5.00
13106,4361,35,13,79.00,0.00
13107,4362,13,22,649.00,0.00
13108,4363,15,25,379.00,10.00
13109,4363,23,23,22.00,10.00
13110,4363,35,14,79.00,0.00
13111,4364,19,23,69.00,0.00
13112,4364,9,30,149.00,0.00
13113,4364,22,22,75.00,5.00
13114,4364,22,26,75.00,0.00
13115,4365,12,27,459.00,0.00
13116,4365,19,10,69.00,0.00
13117,4365,3,11,249.00,0.00
13118,4366,7,29,549.00,0.00
13119,4367,19,6,69.00,0.00
13120,4367,10,7,799.00,0.00
13121,4367,17,22,189.00,0.00
13122,4368,3,15,249.00,0.00
13123,4368,12,5,459.00,10.00
13124,4368,28,10,120.00,0.00
13125,4368,5,30,349.00,5.00
13126,4368,1,10,499.00,0.00
13127,4369,30,26,27.00,5.00
13128,4370,30,14,27.00,5.00
13129,4370,8,30,389.00,0.00
13130,4370,20,26,159.00,0.00
13131,4371,27,30,18.00,5.00
13132,4371,5,23,349.00,0.00
13133,4372,3,19,249.00,10.00
13134,4372,33,23,65.00,10.00
13135,4372,18,19,89.00,0.00
13136,4373,33,21,65.00,5.00
13137,4373,17,5,189.00,0.00
13138,4374,12,30,459.00,0.00
13139,4374,6,20,699.00,10.00
13140,4374,12,4,459.00,0.00
13141,4374,11,28,899.00,5.00
13142,4374,23,8,22.00,0.00
13143,4375,24,15,95.00,0.00
13144,4375,18,12,89.00,0.00
13145,4376,19,29,69.00,0.00
13146,4376,11,25,899.00,0.00
13147,4376,12,7,459.00,0.00
13148,4376,31,3,15.00,5.00
13149,4376,15,26,379.00,0.00
13150,4377,17,23,189.00,0.00
13151,4377,29,25,32.00,5.00
13152,4377,31,11,15.00,0.00
13153,4377,19,10,69.00,0.00
13154,4377,10,5,799.00,0.00
13155,4378,22,18,75.00,0.00
13156,4379,24,9,95.00,0.00
13157,4379,7,20,549.00,5.00
13158,4379,34,13,35.00,0.00
13159,4379,21,15,58.00,5.00
13160,4380,12,17,459.00,5.00
13161,4380,4,8,129.00,10.00
13162,4380,3,14,249.00,0.00
13163,4380,29,30,32.00,0.00
13164,4381,30,21,27.00,10.00
13165,4382,6,26,699.00,5.00
13166,4382,3,8,249.00,10.00
13167,4383,13,11,649.00,5.00
13168,4384,31,17,15.00,0.00
13169,4384,31,3,15.00,10.00
13170,4384,34,8,35.00,0.00
13171,4385,3,4,249.00,0.00
13172,4386,26,26,12.00,0.00
13173,4386,4,3,129.00,0.00
13174,4386,12,8,459.00,0.00
13175,4387,31,7,15.00,0.00
13176,4387,11,10,899.00,5.00
13177,4388,33,20,65.00,0.00
13178,4388,14,18,549.00,5.00
13179,4388,22,4,75.00,5.00
13180,4388,35,1,79.00,0.00
13181,4389,34,1,35.00,0.00
13182,4389,22,22,75.00,5.00
13183,4389,14,25,549.00,10.00
13184,4389,35,10,79.00,0.00
13185,4390,22,23,75.00,10.00
13186,4390,17,15,189.00,0.00
13187,4390,23,7,22.00,0.00
13188,4391,20,5,159.00,0.00
13189,4391,3,1,249.00,10.00
13190,4391,6,8,699.00,5.00
13191,4392,31,12,15.00,0.00
13192,4392,6,2,699.00,5.00
13193,4392,18,10,89.00,0.00
13194,4392,25,4,42.00,0.00
13195,4393,1,20,499.00,0.00
13196,4393,33,6,65.00,0.00
13197,4393,26,15,12.00,0.00
13198,4394,35,3,79.00,0.00
13199,4394,11,29,899.00,10.00
13200,4394,19,30,69.00,0.00
13201,4394,21,30,58.00,0.00
13202,4394,4,25,129.00,10.00
13203,4395,23,22,22.00,5.00
13204,4395,2,11,899.00,5.00
13205,4395,5,21,349.00,0.00
13206,4396,23,30,22.00,10.00
13207,4396,31,13,15.00,0.00
13208,4396,12,4,459.00,5.00
13209,4397,23,9,22.00,0.00
13210,4397,9,29,149.00,0.00
13211,4397,8,30,389.00,0.00
13212,4397,31,9,15.00,5.00
13213,4398,27,27,18.00,0.00
13214,4398,34,12,35.00,0.00
13215,4399,10,26,799.00,0.00
13216,4400,3,29,249.00,0.00
13217,4400,35,7,79.00,0.00
13218,4400,28,19,120.00,10.00
13219,4401,26,20,12.00,0.00
13220,4402,16,18,45.00,0.00
13221,4402,5,30,349.00,0.00
13222,4402,9,27,149.00,5.00
13223,4403,5,1,349.00,5.00
13224,4404,1,25,499.00,0.00
13225,4404,29,26,32.00,10.00
13226,4404,21,14,58.00,0.00
13227,4405,34,28,35.00,5.00
13228,4405,7,19,549.00,0.00
13229,4405,11,9,899.00,0.00
13230,4405,18,2,89.00,5.00
13231,4405,22,26,75.00,0.00
13232,4406,12,5,459.00,5.00
13233,4406,3,7,249.00,10.00
13234,4406,32,22,45.00,10.00
13235,4407,17,6,189.00,0.00
13236,4407,32,1,45.00,0.00
13237,4408,2,13,899.00,0.00
13238,4408,29,3,32.00,10.00
13239,4408,6,4,699.00,0.00
13240,4408,12,6,459.00,0.00
13241,4408,17,12,189.00,0.00
13242,4409,16,30,45.00,0.00
13243,4409,32,25,45.00,0.00
13244,4409,23,28,22.00,5.00
13245,4409,18,19,89.00,0.00
13246,4410,4,22,129.00,0.00
13247,4410,3,19,249.00,10.00
13248,4411,30,24,27.00,0.00
13249,4411,31,30,15.00,0.00
13250,4411,21,2,58.00,0.00
13251,4412,23,8,22.00,0.00
13252,4412,2,4,899.00,0.00
13253,4412,34,12,35.00,0.00
13254,4412,8,28,389.00,10.00
13255,4412,16,22,45.00,0.00
13256,4413,31,12,15.00,0.00
13257,4413,7,3,549.00,10.00
13258,4413,20,27,159.00,5.00
13259,4413,35,22,79.00,5.00
13260,4414,1,26,499.00,0.00
13261,4414,11,29,899.00,10.00
13262,4414,14,11,549.00,0.00
13263,4414,34,29,35.00,10.00
13264,4415,20,26,159.00,0.00
13265,4415,11,24,899.00,0.00
13266,4415,26,17,12.00,0.00
13267,4415,12,27,459.00,0.00
13268,4415,19,9,69.00,10.00
13269,4416,8,27,389.00,5.00
13270,4416,10,1,799.00,0.00
13271,4417,33,25,65.00,0.00
13272,4417,24,23,95.00,5.00
13273,4417,13,20,649.00,0.00
13274,4417,2,17,899.00,5.00
13275,4418,29,9,32.00,10.00
13276,4418,19,1,69.00,0.00
13277,4418,15,18,379.00,5.00
13278,4418,19,20,69.00,5.00
13279,4418,22,27,75.00,5.00
13280,4419,15,1,379.00,10.00
13281,4419,19,25,69.00,0.00
13282,4419,10,21,799.00,5.00
13283,4419,1,9,499.00,0.00
13284,4420,30,6,27.00,0.00
13285,4421,1,4,499.00,5.00
13286,4421,25,19,42.00,10.00
13287,4422,20,20,159.00,0.00
13288,4423,6,23,699.00,0.00
13289,4424,20,30,159.00,0.00
13290,4424,16,12,45.00,5.00
13291,4425,14,15,549.00,0.00
13292,4425,23,19,22.00,0.00
13293,4425,20,17,159.00,0.00
13294,4425,26,12,12.00,5.00
13295,4425,20,18,159.00,0.00
13296,4426,29,5,32.00,0.00
13297,4426,21,22,58.00,10.00
13298,4427,30,12,27.00,0.00
13299,4427,5,8,349.00,10.00
13300,4427,21,12,58.00,0.00
13301,4427,11,8,899.00,0.00
13302,4427,34,25,35.00,0.00
13303,4428,10,30,799.00,0.00
13304,4428,14,21,549.00,0.00
13305,4428,25,14,42.00,0.00
13306,4429,30,3,27.00,10.00
13307,4429,1,17,499.00,5.00
13308,4430,29,15,32.00,10.00
13309,4430,33,2,65.00,0.00
13310,4430,13,9,649.00,0.00
13311,4431,21,14,58.00,0.00
13312,4431,7,13,549.00,0.00
13313,4431,21,8,58.00,0.00
13314,4432,9,1,149.00,0.00
13315,4433,18,10,89.00,0.00
13316,4433,13,20,649.00,0.00
13317,4433,19,14,69.00,0.00
13318,4433,21,7,58.00,0.00
13319,4434,8,27,389.00,5.00
13320,4434,8,22,389.00,0.00
13321,4435,19,4,69.00,10.00
13322,4435,17,16,189.00,0.00
13323,4435,8,20,389.00,0.00
13324,4436,23,25,22.00,0.00
13325,4436,5,11,349.00,0.00
13326,4436,19,20,69.00,5.00
13327,4436,24,4,95.00,5.00
13328,4437,21,16,58.00,10.00
13329,4437,1,11,499.00,5.00
13330,4437,9,9,149.00,5.00
13331,4437,27,18,18.00,5.00
13332,4438,20,5,159.00,0.00
13333,4438,24,10,95.00,0.00
13334,4438,20,9,159.00,10.00
13335,4439,20,11,159.00,0.00
13336,4440,26,11,12.00,0.00
13337,4440,32,22,45.00,10.00
13338,4440,13,4,649.00,0.00
13339,4441,24,13,95.00,0.00
13340,4441,29,3,32.00,10.00
13341,4441,15,10,379.00,0.00
13342,4441,12,28,459.00,0.00
13343,4441,3,22,249.00,0.00
13344,4442,33,30,65.00,0.00
13345,4442,16,30,45.00,5.00
13346,4442,4,22,129.00,0.00
13347,4442,6,30,699.00,0.00
13348,4442,16,25,45.00,5.00
13349,4443,14,25,549.00,10.00
13350,4443,2,17,899.00,5.00
13351,4444,11,19,899.00,0.00
13352,4444,6,5,699.00,0.00
13353,4444,5,21,349.00,0.00
13354,4444,14,21,549.00,0.00
13355,4444,8,10,389.00,10.00
13356,4445,35,25,79.00,0.00
13357,4445,6,14,699.00,5.00
13358,4445,15,23,379.00,5.00
13359,4445,29,8,32.00,5.00
13360,4446,8,3,389.00,5.00
13361,4447,32,12,45.00,0.00
13362,4447,30,19,27.00,0.00
13363,4448,1,22,499.00,5.00
13364,4448,3,11,249.00,5.00
13365,4448,4,16,129.00,0.00
13366,4448,13,19,649.00,0.00
13367,4449,14,7,549.00,10.00
13368,4449,6,26,699.00,10.00
13369,4449,23,22,22.00,5.00
13370,4449,31,19,15.00,0.00
13371,4449,6,18,699.00,0.00
13372,4450,26,3,12.00,0.00
13373,4450,1,9,499.00,0.00
13374,4450,33,20,65.00,0.00
13375,4450,32,12,45.00,0.00
13376,4450,29,14,32.00,10.00
13377,4451,1,29,499.00,5.00
13378,4451,20,21,159.00,5.00
13379,4452,6,21,699.00,10.00
13380,4452,20,2,159.00,5.00
13381,4453,21,12,58.00,0.00
13382,4453,34,6,35.00,10.00
13383,4453,7,6,549.00,0.00
13384,4453,25,25,42.00,10.00
13385,4453,13,29,649.00,0.00
13386,4454,14,13,549.00,10.00
13387,4454,2,21,899.00,0.00
13388,4454,13,27,649.00,0.00
13389,4454,3,12,249.00,5.00
13390,4454,2,9,899.00,0.00
13391,4455,34,19,35.00,0.00
13392,4455,34,12,35.00,10.00
13393,4455,27,27,18.00,0.00
13394,4455,35,17,79.00,5.00
13395,4456,24,2,95.00,0.00
13396,4456,15,2,379.00,0.00
13397,4456,1,29,499.00,5.00
13398,4457,17,3,189.00,0.00
13399,4457,35,23,79.00,10.00
13400,4457,2,17,899.00,5.00
13401,4458,12,9,459.00,0.00
13402,4458,5,14,349.00,10.00
13403,4458,10,16,799.00,10.00
13404,4458,22,16,75.00,5.00
13405,4458,8,24,389.00,0.00
13406,4459,2,6,899.00,5.00
13407,4459,13,13,649.00,10.00
13408,4460,12,6,459.00,10.00
13409,4461,31,2,15.00,5.00
13410,4461,3,14,249.00,0.00
13411,4461,1,27,499.00,0.00
13412,4461,33,22,65.00,5.00
13413,4462,12,13,459.00,0.00
13414,4462,18,3,89.00,10.00
13415,4462,1,15,499.00,0.00
13416,4462,25,6,42.00,5.00
13417,4463,35,2,79.00,0.00
13418,4463,9,12,149.00,0.00
13419,4464,26,19,12.00,10.00
13420,4464,28,4,120.00,0.00
13421,4464,3,15,249.00,0.00
13422,4464,28,4,120.00,0.00
13423,4465,35,21,79.00,0.00
13424,4465,19,3,69.00,5.00
13425,4465,24,1,95.00,0.00
13426,4466,24,2,95.00,0.00
13427,4466,14,1,549.00,10.00
13428,4466,23,10,22.00,5.00
13429,4467,12,18,459.00,10.00
13430,4467,4,16,129.00,0.00
13431,4468,27,13,18.00,10.00
13432,4468,32,28,45.00,0.00
13433,4468,8,2,389.00,5.00
13434,4469,18,12,89.00,0.00
13435,4469,2,29,899.00,0.00
13436,4470,25,22,42.00,0.00
13437,4470,11,2,899.00,0.00
13438,4470,12,24,459.00,10.00
13439,4471,29,17,32.00,0.00
13440,4472,27,3,18.00,0.00
13441,4472,33,17,65.00,10.00
13442,4473,21,27,58.00,0.00
13443,4473,11,23,899.00,5.00
13444,4473,27,13,18.00,5.00
13445,4473,22,24,75.00,0.00
13446,4474,2,23,899.00,0.00
13447,4475,8,17,389.00,0.00
13448,4475,20,20,159.00,5.00
13449,4475,10,12,799.00,0.00
13450,4475,8,27,389.00,5.00
13451,4475,4,9,129.00,0.00
13452,4476,19,9,69.00,10.00
13453,4477,12,1,459.00,0.00
13454,4477,16,28,45.00,0.00
13455,4478,33,8,65.00,0.00
13456,4479,6,20,699.00,10.00
13457,4479,7,12,549.00,0.00
13458,4479,27,20,18.00,0.00
13459,4479,5,18,349.00,0.00
13460,4480,14,29,549.00,0.00
13461,4480,1,11,499.00,5.00
13462,4480,16,4,45.00,0.00
13463,4480,3,16,249.00,0.00
13464,4480,3,14,249.00,10.00
13465,4481,1,15,499.00,0.00
13466,4482,8,8,389.00,5.00
13467,4482,25,12,42.00,10.00
13468,4482,6,5,699.00,0.00
13469,4482,3,14,249.00,10.00
13470,4482,21,1,58.00,0.00
13471,4483,1,16,499.00,0.00
13472,4483,11,22,899.00,5.00
13473,4483,25,4,42.00,0.00
13474,4484,18,19,89.00,0.00
13475,4484,5,27,349.00,0.00
13476,4484,19,17,69.00,0.00
13477,4484,12,30,459.00,10.00
13478,4484,24,19,95.00,0.00
13479,4485,35,28,79.00,0.00
13480,4485,3,19,249.00,10.00
13481,4486,3,14,249.00,10.00
13482,4486,23,8,22.00,0.00
13483,4486,28,3,120.00,10.00
13484,4486,20,27,159.00,5.00
13485,4486,5,14,349.00,5.00
13486,4487,8,7,389.00,0.00
13487,4487,12,16,459.00,5.00
13488,4487,18,21,89.00,10.00
13489,4487,12,30,459.00,10.00
13490,4487,34,26,35.00,0.00
13491,4488,27,26,18.00,10.00
13492,4488,14,28,549.00,0.00
13493,4489,7,15,549.00,10.00
13494,4489,35,9,79.00,0.00
13495,4489,6,17,699.00,0.00
13496,4490,19,21,69.00,10.00
13497,4490,19,25,69.00,0.00
13498,4490,6,7,699.00,0.00
13499,4490,8,12,389.00,0.00
13500,4491,12,1,459.00,0.00
13501,4491,4,12,129.00,5.00
13502,4492,24,25,95.00,0.00
13503,4492,30,4,27.00,10.00
13504,4492,23,8,22.00,0.00
13505,4493,4,27,129.00,0.00
13506,4493,21,24,58.00,0.00
13507,4493,24,22,95.00,0.00
13508,4493,27,2,18.00,10.00
13509,4493,17,20,189.00,5.00
13510,4494,1,12,499.00,10.00
13511,4494,4,29,129.00,0.00
13512,4494,24,25,95.00,0.00
13513,4494,2,28,899.00,0.00
13514,4494,7,26,549.00,5.00
13515,4495,31,26,15.00,5.00
13516,4495,21,1,58.00,0.00
13517,4495,18,16,89.00,0.00
13518,4495,11,1,899.00,0.00
13519,4495,27,8,18.00,10.00
13520,4496,34,16,35.00,5.00
13521,4496,20,29,159.00,0.00
13522,4496,10,10,799.00,10.00
13523,4497,9,28,149.00,10.00
13524,4497,19,1,69.00,0.00
13525,4497,19,4,69.00,0.00
13526,4498,13,15,649.00,0.00
13527,4498,34,27,35.00,5.00
13528,4498,22,1,75.00,0.00
13529,4499,1,8,499.00,0.00
13530,4499,4,29,129.00,0.00
13531,4499,18,5,89.00,0.00
13532,4499,25,24,42.00,10.00
13533,4499,1,14,499.00,0.00
13534,4500,23,14,22.00,0.00
13535,4500,20,20,159.00,5.00
13536,4501,6,13,699.00,5.00
13537,4501,11,10,899.00,5.00
13538,4501,14,1,549.00,10.00
13539,4501,4,30,129.00,5.00
13540,4502,32,26,45.00,5.00
13541,4502,19,25,69.00,0.00
13542,4502,3,24,249.00,5.00
13543,4503,35,28,79.00,5.00
13544,4503,17,13,189.00,5.00
13545,4503,30,11,27.00,0.00
13546,4503,3,20,249.00,0.00
13547,4503,11,12,899.00,0.00
13548,4504,10,9,799.00,5.00
13549,4504,15,3,379.00,0.00
13550,4505,2,19,899.00,10.00
13551,4505,19,3,69.00,10.00
13552,4506,2,25,899.00,0.00
13553,4506,26,16,12.00,0.00
13554,4506,12,16,459.00,5.00
13555,4506,24,12,95.00,10.00
13556,4507,19,9,69.00,10.00
13557,4507,9,26,149.00,0.00
13558,4507,22,25,75.00,0.00
13559,4508,17,12,189.00,0.00
13560,4508,21,10,58.00,5.00
13561,4508,31,4,15.00,10.00
13562,4508,11,20,899.00,0.00
13563,4509,21,26,58.00,0.00
13564,4509,32,30,45.00,0.00
13565,4509,21,29,58.00,0.00
13566,4509,14,22,549.00,0.00
13567,4510,27,2,18.00,0.00
13568,4510,34,23,35.00,10.00
13569,4511,25,12,42.00,10.00
13570,4511,11,23,899.00,10.00
13571,4512,28,13,120.00,5.00
13572,4512,8,30,389.00,0.00
13573,4512,23,7,22.00,0.00
13574,4512,6,8,699.00,10.00
13575,4512,19,1,69.00,0.00
13576,4513,32,9,45.00,5.00
13577,4513,1,22,499.00,0.00
13578,4514,19,4,69.00,0.00
13579,4514,2,28,899.00,0.00
13580,4514,28,14,120.00,5.00
13581,4515,34,14,35.00,0.00
13582,4515,20,21,159.00,5.00
13583,4515,20,17,159.00,0.00
13584,4515,8,18,389.00,0.00
13585,4516,21,8,58.00,0.00
13586,4516,28,12,120.00,0.00
13587,4516,17,24,189.00,0.00
13588,4517,31,28,15.00,10.00
13589,4517,35,5,79.00,10.00
13590,4517,20,12,159.00,0.00
13591,4517,29,17,32.00,0.00
13592,4518,20,19,159.00,0.00
13593,4519,21,19,58.00,0.00
13594,4520,26,3,12.00,0.00
13595,4520,30,19,27.00,0.00
13596,4520,27,6,18.00,5.00
13597,4521,25,27,42.00,0.00
13598,4521,9,4,149.00,5.00
13599,4521,17,2,189.00,10.00
13600,4522,28,1,120.00,5.00
13601,4522,15,29,379.00,0.00
13602,4522,23,23,22.00,10.00
13603,4522,27,13,18.00,10.00
13604,4522,29,19,32.00,5.00
13605,4523,4,1,129.00,10.00
13606,4524,23,20,22.00,0.00
13607,4525,5,10,349.00,0.00
13608,4525,5,1,349.00,5.00
13609,4525,15,1,379.00,10.00
13610,4525,13,3,649.00,0.00
13611,4526,5,30,349.00,0.00
13612,4526,12,8,459.00,0.00
13613,4526,18,22,89.00,0.00
13614,4527,22,5,75.00,10.00
13615,4527,12,24,459.00,10.00
13616,4528,15,30,379.00,5.00
13617,4528,5,24,349.00,5.00
13618,4529,17,22,189.00,0.00
13619,4530,3,4,249.00,0.00
13620,4530,25,9,42.00,0.00
13621,4530,19,27,69.00,5.00
13622,4531,15,12,379.00,0.00
13623,4531,30,13,27.00,0.00
13624,4531,21,8,58.00,0.00
13625,4531,28,13,120.00,5.00
13626,4531,4,16,129.00,0.00
13627,4532,21,19,58.00,0.00
13628,4533,11,10,899.00,5.00
13629,4533,19,18,69.00,0.00
13630,4533,23,13,22.00,0.00
13631,4533,7,22,549.00,10.00
13632,4534,16,27,45.00,0.00
13633,4534,33,9,65.00,0.00
13634,4534,6,1,699.00,0.00
13635,4534,29,12,32.00,0.00
13636,4535,35,23,79.00,5.00
13637,4535,26,10,12.00,0.00
13638,4535,32,11,45.00,0.00
13639,4535,17,3,189.00,10.00
13640,4536,26,4,12.00,0.00
13641,4536,21,23,58.00,10.00
13642,4536,26,21,12.00,0.00
13643,4536,35,11,79.00,5.00
13644,4536,29,24,32.00,0.00
13645,4537,25,2,42.00,0.00
13646,4538,21,24,58.00,0.00
13647,4538,30,16,27.00,0.00
13648,4539,28,20,120.00,10.00
13649,4539,31,14,15.00,5.00
13650,4539,3,7,249.00,10.00
13651,4539,32,25,45.00,0.00
13652,4540,33,22,65.00,10.00
13653,4540,35,14,79.00,0.00
13654,4541,4,20,129.00,10.00
13655,4541,15,17,379.00,0.00
13656,4542,20,15,159.00,10.00
13657,4543,15,26,379.00,10.00
13658,4544,23,27,22.00,0.00
13659,4544,27,13,18.00,5.00
13660,4544,15,26,379.00,0.00
13661,4545,11,14,899.00,0.00
13662,4545,8,6,389.00,0.00
13663,4546,7,1,549.00,0.00
13664,4546,19,4,69.00,10.00
13665,4546,18,20,89.00,5.00
13666,4546,26,13,12.00,10.00
13667,4547,6,22,699.00,0.00
13668,4547,15,23,379.00,0.00
13669,4548,27,5,18.00,0.00
13670,4548,25,8,42.00,0.00
13671,4548,33,7,65.00,0.00
13672,4548,4,15,129.00,0.00
13673,4548,26,18,12.00,5.00
13674,4549,30,14,27.00,5.00
13675,4549,3,10,249.00,0.00
13676,4549,22,6,75.00,0.00
13677,4550,26,18,12.00,5.00
13678,4550,25,14,42.00,0.00
13679,4550,10,29,799.00,0.00
13680,4550,5,21,349.00,0.00
13681,4551,33,16,65.00,10.00
13682,4552,35,20,79.00,0.00
13683,4553,7,27,549.00,10.00
13684,4554,14,17,549.00,5.00
13685,4554,13,29,649.00,5.00
13686,4554,21,26,58.00,0.00
13687,4555,8,27,389.00,5.00
13688,4556,24,11,95.00,5.00
13689,4556,14,26,549.00,0.00
13690,4556,34,15,35.00,0.00
13691,4556,5,2,349.00,10.00
13692,4557,22,3,75.00,5.00
13693,4557,28,4,120.00,0.00
13694,4558,17,19,189.00,5.00
13695,4558,9,11,149.00,0.00
13696,4558,15,22,379.00,0.00
13697,4559,5,11,349.00,0.00
13698,4559,18,19,89.00,0.00
13699,4559,4,22,129.00,0.00
13700,4560,12,27,459.00,0.00
13701,4560,25,3,42.00,0.00
13702,4560,2,15,899.00,0.00
13703,4560,29,9,32.00,10.00
13704,4560,35,1,79.00,0.00
13705,4561,1,27,499.00,0.00
13706,4561,19,11,69.00,0.00
13707,4561,23,26,22.00,0.00
13708,4561,33,21,65.00,5.00
13709,4562,2,30,899.00,10.00
13710,4562,4,3,129.00,0.00
13711,4562,11,6,899.00,10.00
13712,4563,31,10,15.00,10.00
13713,4563,19,1,69.00,0.00
13714,4564,18,30,89.00,0.00
13715,4565,35,13,79.00,0.00
13716,4565,22,18,75.00,0.00
13717,4565,14,28,549.00,0.00
13718,4566,35,24,79.00,10.00
13719,4566,32,30,45.00,0.00
13720,4566,11,21,899.00,0.00
13721,4566,28,8,120.00,10.00
13722,4567,2,29,899.00,5.00
13723,4568,6,23,699.00,0.00
13724,4568,4,21,129.00,0.00
13725,4568,23,23,22.00,10.00
13726,4568,9,14,149.00,0.00
13727,4569,23,4,22.00,0.00
13728,4569,22,11,75.00,10.00
13729,4569,6,10,699.00,0.00
13730,4569,11,12,899.00,0.00
13731,4570,33,26,65.00,0.00
13732,4570,6,5,699.00,0.00
13733,4570,33,24,65.00,0.00
13734,4570,24,21,95.00,0.00
13735,4570,11,4,899.00,5.00
13736,4571,11,11,899.00,5.00
13737,4572,26,15,12.00,0.00
13738,4572,27,2,18.00,0.00
13739,4573,35,14,79.00,0.00
13740,4573,9,7,149.00,0.00
13741,4573,5,18,349.00,0.00
13742,4573,35,10,79.00,0.00
13743,4573,1,11,499.00,5.00
13744,4574,34,8,35.00,0.00
13745,4574,32,16,45.00,10.00
13746,4574,32,26,45.00,0.00
13747,4575,13,10,649.00,0.00
13748,4576,4,22,129.00,0.00
13749,4576,7,3,549.00,10.00
13750,4576,32,1,45.00,0.00
13751,4576,25,16,42.00,0.00
13752,4576,30,25,27.00,0.00
13753,4577,20,28,159.00,5.00
13754,4577,11,3,899.00,0.00
13755,4578,2,23,899.00,0.00
13756,4578,20,3,159.00,5.00
13757,4578,18,10,89.00,0.00
13758,4579,16,23,45.00,0.00
13759,4579,8,19,389.00,0.00
13760,4579,6,17,699.00,0.00
13761,4579,24,18,95.00,10.00
13762,4579,26,28,12.00,0.00
13763,4580,23,16,22.00,0.00
13764,4580,15,11,379.00,0.00
13765,4581,9,9,149.00,5.00
13766,4581,18,14,89.00,5.00
13767,4582,24,1,95.00,0.00
13768,4582,14,22,549.00,0.00
13769,4582,27,19,18.00,10.00
13770,4583,9,16,149.00,10.00
13771,4583,26,4,12.00,0.00
13772,4584,35,23,79.00,10.00
13773,4584,31,27,15.00,5.00
13774,4585,27,9,18.00,0.00
13775,4585,6,4,699.00,0.00
13776,4585,20,7,159.00,0.00
13777,4585,19,9,69.00,10.00
13778,4585,25,21,42.00,0.00
13779,4586,28,17,120.00,0.00
13780,4586,21,18,58.00,0.00
13781,4586,2,23,899.00,0.00
13782,4586,26,27,12.00,0.00
13783,4587,17,27,189.00,0.00
13784,4587,18,12,89.00,0.00
13785,4587,28,25,120.00,5.00
13786,4587,10,3,799.00,0.00
13787,4587,21,10,58.00,5.00
13788,4588,20,20,159.00,0.00
13789,4589,18,12,89.00,0.00
13790,4589,2,25,899.00,0.00
13791,4589,24,7,95.00,0.00
13792,4589,35,16,79.00,5.00
13793,4590,28,4,120.00,0.00
13794,4590,29,13,32.00,0.00
13795,4591,8,14,389.00,0.00
13796,4591,16,16,45.00,0.00
13797,4592,5,6,349.00,0.00
13798,4593,17,30,189.00,0.00
13799,4593,15,19,379.00,10.00
13800,4593,22,11,75.00,10.00
13801,4593,31,12,15.00,0.00
13802,4594,23,17,22.00,10.00
13803,4594,17,29,189.00,0.00
13804,4594,25,19,42.00,10.00
13805,4594,22,11,75.00,0.00
13806,4594,1,30,499.00,10.00
13807,4595,3,2,249.00,10.00
13808,4595,29,3,32.00,0.00
13809,4595,2,30,899.00,10.00
13810,4596,34,19,35.00,0.00
13811,4596,33,5,65.00,10.00
13812,4597,3,7,249.00,10.00
13813,4597,19,5,69.00,0.00
13814,4598,26,29,12.00,0.00
13815,4598,2,15,899.00,0.00
13816,4599,28,26,120.00,10.00
13817,4599,27,7,18.00,10.00
13818,4599,21,11,58.00,10.00
13819,4599,32,16,45.00,10.00
13820,4600,18,23,89.00,0.00
13821,4600,6,27,699.00,10.00
13822,4600,2,14,899.00,0.00
13823,4600,15,19,379.00,5.00
13824,4601,8,26,389.00,5.00
13825,4602,4,13,129.00,10.00
13826,4602,33,4,65.00,10.00
13827,4603,14,24,549.00,5.00
13828,4603,18,5,89.00,0.00
13829,4604,6,5,699.00,0.00
13830,4604,27,3,18.00,0.00
13831,4605,2,7,899.00,10.00
13832,4606,35,26,79.00,0.00
13833,4607,8,3,389.00,5.00
13834,4607,20,18,159.00,0.00
13835,4608,13,2,649.00,0.00
13836,4608,23,23,22.00,10.00
13837,4609,16,14,45.00,10.00
13838,4609,13,30,649.00,5.00
13839,4609,2,26,899.00,0.00
13840,4609,8,17,389.00,0.00
13841,4609,32,7,45.00,0.00
13842,4610,3,15,249.00,0.00
13843,4610,22,12,75.00,0.00
13844,4610,11,7,899.00,0.00
13845,4610,18,25,89.00,0.00
13846,4610,14,6,549.00,10.00
13847,4611,2,3,899.00,0.00
13848,4612,15,6,379.00,5.00
13849,4612,24,15,95.00,0.00
13850,4613,35,25,79.00,0.00
13851,4613,9,24,149.00,0.00
13852,4613,15,20,379.00,10.00
13853,4613,2,6,899.00,10.00
13854,4614,25,28,42.00,0.00
13855,4614,19,7,69.00,0.00
13856,4615,8,14,389.00,5.00
13857,4615,30,10,27.00,0.00
13858,4615,15,27,379.00,0.00
13859,4615,7,12,549.00,0.00
13860,4615,24,9,95.00,0.00
13861,4616,29,26,32.00,10.00
13862,4616,30,16,27.00,0.00
13863,4616,4,5,129.00,0.00
13864,4616,12,18,459.00,10.00
13865,4617,3,24,249.00,5.00
13866,4617,10,5,799.00,0.00
13867,4617,20,23,159.00,0.00
13868,4618,9,10,149.00,10.00
13869,4618,5,9,349.00,10.00
13870,4618,27,3,18.00,0.00
13871,4618,17,30,189.00,0.00
13872,4618,3,5,249.00,5.00
13873,4619,34,26,35.00,0.00
13874,4619,34,29,35.00,10.00
13875,4619,21,9,58.00,0.00
13876,4619,2,14,899.00,0.00
13877,4619,20,9,159.00,5.00
13878,4620,19,15,69.00,5.00
13879,4620,15,23,379.00,0.00
13880,4620,14,12,549.00,5.00
13881,4620,20,16,159.00,0.00
13882,4621,32,5,45.00,0.00
13883,4621,30,2,27.00,5.00
13884,4621,10,8,799.00,0.00
13885,4621,32,25,45.00,0.00
13886,4622,9,2,149.00,0.00
13887,4623,12,27,459.00,0.00
13888,4623,19,11,69.00,0.00
13889,4623,20,14,159.00,0.00
13890,4624,35,8,79.00,0.00
13891,4624,19,28,69.00,10.00
13892,4624,1,8,499.00,0.00
13893,4624,4,1,129.00,5.00
13894,4624,24,3,95.00,0.00
13895,4625,18,15,89.00,10.00
13896,4625,2,18,899.00,5.00
13897,4625,32,9,45.00,10.00
13898,4625,5,8,349.00,5.00
13899,4626,31,2,15.00,5.00
13900,4627,11,13,899.00,0.00
13901,4627,15,21,379.00,0.00
13902,4627,19,9,69.00,10.00
13903,4627,8,22,389.00,10.00
13904,4628,30,1,27.00,0.00
13905,4629,5,9,349.00,0.00
13906,4629,21,20,58.00,0.00
13907,4629,26,2,12.00,0.00
13908,4630,29,26,32.00,5.00
13909,4630,12,11,459.00,5.00
13910,4630,25,8,42.00,0.00
13911,4631,3,9,249.00,0.00
13912,4631,4,27,129.00,0.00
13913,4631,35,18,79.00,10.00
13914,4631,31,17,15.00,0.00
13915,4632,7,16,549.00,0.00
13916,4632,19,19,69.00,0.00
13917,4632,22,20,75.00,0.00
13918,4633,3,14,249.00,0.00
13919,4633,10,30,799.00,0.00
13920,4633,20,13,159.00,0.00
13921,4633,1,23,499.00,5.00
13922,4634,25,2,42.00,0.00
13923,4634,12,12,459.00,10.00
13924,4634,18,22,89.00,0.00
13925,4635,9,2,149.00,5.00
13926,4635,30,11,27.00,0.00
13927,4635,35,12,79.00,10.00
13928,4635,19,27,69.00,5.00
13929,4636,6,19,699.00,5.00
13930,4637,18,30,89.00,0.00
13931,4638,4,28,129.00,0.00
13932,4638,29,6,32.00,0.00
13933,4638,12,16,459.00,0.00
13934,4638,14,6,549.00,5.00
13935,4638,11,8,899.00,0.00
13936,4639,23,22,22.00,5.00
13937,4640,24,17,95.00,5.00
13938,4640,4,7,129.00,10.00
13939,4640,19,5,69.00,0.00
13940,4641,34,4,35.00,10.00
13941,4641,25,3,42.00,0.00
13942,4641,14,28,549.00,0.00
13943,4641,26,4,12.00,0.00
13944,4641,34,10,35.00,5.00
13945,4642,12,6,459.00,10.00
13946,4643,15,26,379.00,0.00
13947,4643,23,5,22.00,10.00
13948,4644,33,1,65.00,0.00
13949,4644,28,24,120.00,5.00
13950,4644,29,4,32.00,0.00
13951,4645,17,19,189.00,5.00
13952,4645,13,26,649.00,0.00
13953,4645,23,13,22.00,0.00
13954,4646,15,3,379.00,0.00
13955,4646,20,11,159.00,10.00
13956,4646,31,15,15.00,10.00
13957,4646,21,16,58.00,10.00
13958,4646,26,3,12.00,0.00
13959,4647,13,13,649.00,0.00
13960,4648,14,30,549.00,5.00
13961,4648,1,21,499.00,0.00
13962,4648,3,2,249.00,0.00
13963,4648,8,26,389.00,0.00
13964,4649,7,14,549.00,5.00
13965,4649,27,28,18.00,0.00
13966,4649,6,19,699.00,5.00
13967,4649,12,21,459.00,0.00
13968,4649,16,21,45.00,0.00
13969,4650,25,2,42.00,0.00
13970,4650,34,4,35.00,5.00
13971,4650,11,10,899.00,5.00
13972,4651,17,27,189.00,10.00
13973,4652,2,3,899.00,0.00
13974,4652,6,29,699.00,0.00
13975,4652,13,1,649.00,0.00
13976,4652,10,4,799.00,10.00
13977,4653,3,12,249.00,5.00
13978,4653,13,21,649.00,0.00
13979,4653,21,28,58.00,10.00
13980,4653,12,6,459.00,10.00
13981,4654,10,30,799.00,0.00
13982,4654,23,26,22.00,0.00
13983,4654,2,8,899.00,0.00
13984,4654,21,22,58.00,10.00
13985,4655,30,24,27.00,0.00
13986,4655,14,27,549.00,0.00
13987,4655,27,30,18.00,5.00
13988,4655,13,22,649.00,5.00
13989,4655,30,12,27.00,0.00
13990,4656,29,8,32.00,5.00
13991,4656,31,6,15.00,0.00
13992,4657,35,25,79.00,0.00
13993,4657,13,7,649.00,0.00
13994,4657,34,14,35.00,0.00
13995,4657,15,29,379.00,0.00
13996,4658,27,12,18.00,5.00
13997,4658,17,4,189.00,0.00
13998,4658,19,4,69.00,0.00
13999,4659,24,15,95.00,0.00
14000,4659,13,23,649.00,5.00
14001,4660,30,23,27.00,0.00
14002,4660,33,30,65.00,0.00
14003,4660,13,18,649.00,10.00
14004,4661,24,27,95.00,0.00
14005,4661,23,26,22.00,0.00
14006,4661,34,25,35.00,0.00
14007,4662,9,17,149.00,0.00
14008,4662,28,19,120.00,5.00
14009,4662,32,9,45.00,5.00
14010,4662,32,7,45.00,0.00
14011,4662,12,13,459.00,0.00
14012,4663,22,30,75.00,0.00
14013,4663,19,11,69.00,0.00
14014,4663,33,30,65.00,0.00
14015,4663,6,2,699.00,5.00
14016,4664,12,5,459.00,5.00
14017,4664,17,29,189.00,0.00
14018,4664,2,2,899.00,0.00
14019,4665,9,14,149.00,0.00
14020,4665,10,25,799.00,0.00
14021,4665,21,12,58.00,0.00
14022,4666,33,25,65.00,0.00
14023,4666,29,11,32.00,0.00
14024,4666,23,6,22.00,10.00
14025,4666,14,30,549.00,5.00
14026,4666,25,10,42.00,0.00
14027,4667,19,19,69.00,0.00
14028,4667,33,29,65.00,0.00
14029,4667,6,24,699.00,0.00
14030,4667,4,2,129.00,10.00
14031,4668,17,20,189.00,10.00
14032,4668,20,3,159.00,5.00
14033,4668,20,14,159.00,0.00
14034,4669,8,25,389.00,0.00
14035,4669,30,24,27.00,0.00
14036,4669,2,24,899.00,5.00
14037,4669,8,28,389.00,0.00
14038,4670,24,15,95.00,0.00
14039,4670,22,23,75.00,0.00
14040,4670,27,25,18.00,5.00
14041,4670,18,3,89.00,10.00
14042,4670,11,24,899.00,0.00
14043,4671,23,15,22.00,0.00
14044,4671,9,17,149.00,0.00
14045,4671,24,7,95.00,10.00
14046,4671,9,11,149.00,10.00
14047,4671,26,26,12.00,10.00
14048,4672,8,14,389.00,0.00
14049,4672,14,11,549.00,0.00
14050,4673,6,21,699.00,0.00
14051,4674,32,24,45.00,0.00
14052,4674,8,2,389.00,5.00
14053,4674,13,18,649.00,10.00
14054,4675,13,24,649.00,10.00
14055,4676,24,27,95.00,0.00
14056,4676,23,26,22.00,0.00
14057,4676,34,27,35.00,5.00
14058,4677,12,12,459.00,10.00
14059,4678,20,25,159.00,0.00
14060,4678,34,10,35.00,5.00
14061,4679,33,26,65.00,0.00
14062,4679,7,7,549.00,0.00
14063,4679,9,14,149.00,0.00
14064,4679,6,11,699.00,0.00
14065,4679,5,27,349.00,0.00
14066,4680,14,15,549.00,0.00
14067,4681,21,12,58.00,0.00
14068,4681,5,24,349.00,5.00
14069,4681,28,2,120.00,10.00
14070,4682,32,10,45.00,10.00
14071,4683,24,4,95.00,0.00
14072,4684,24,20,95.00,0.00
14073,4684,7,7,549.00,5.00
14074,4684,14,2,549.00,0.00
14075,4685,17,6,189.00,0.00
14076,4685,22,24,75.00,0.00
14077,4685,6,13,699.00,5.00
14078,4685,34,28,35.00,5.00
14079,4686,31,4,15.00,10.00
14080,4686,6,4,699.00,0.00
14081,4686,2,29,899.00,5.00
14082,4686,13,26,649.00,0.00
14083,4687,30,4,27.00,0.00
14084,4687,35,24,79.00,10.00
14085,4687,35,11,79.00,10.00
14086,4687,9,17,149.00,0.00
14087,4688,3,2,249.00,0.00
14088,4689,1,10,499.00,0.00
14089,4689,23,22,22.00,5.00
14090,4689,35,2,79.00,0.00
14091,4690,13,9,649.00,0.00
14092,4690,34,22,35.00,5.00
14093,4690,16,2,45.00,10.00
14094,4690,9,19,149.00,0.00
14095,4690,34,22,35.00,5.00
14096,4691,10,25,799.00,0.00
14097,4691,22,13,75.00,0.00
14098,4691,32,26,45.00,0.00
14099,4691,14,5,549.00,0.00
14100,4691,9,21,149.00,5.00
14101,4692,15,7,379.00,10.00
14102,4692,29,11,32.00,0.00
14103,4692,19,21,69.00,10.00
14104,4692,7,13,549.00,0.00
14105,4692,3,28,249.00,0.00
14106,4693,2,28,899.00,0.00
14107,4694,3,15,249.00,0.00
14108,4694,9,26,149.00,0.00
14109,4695,20,8,159.00,0.00
14110,4696,14,3,549.00,0.00
14111,4696,30,19,27.00,0.00
14112,4697,30,10,27.00,0.00
14113,4697,17,2,189.00,10.00
14114,4698,17,27,189.00,10.00
14115,4699,30,7,27.00,0.00
14116,4700,11,24,899.00,0.00
14117,4700,25,17,42.00,0.00
14118,4700,5,29,349.00,0.00
14119,4701,13,6,649.00,10.00
14120,4701,22,18,75.00,0.00
14121,4701,18,10,89.00,0.00
14122,4701,27,12,18.00,5.00
14123,4701,1,6,499.00,10.00
14124,4702,35,28,79.00,5.00
14125,4702,25,15,42.00,0.00
14126,4703,23,5,22.00,5.00
14127,4704,27,23,18.00,0.00
14128,4704,34,15,35.00,0.00
14129,4704,12,29,459.00,10.00
14130,4704,12,2,459.00,0.00
14131,4705,16,23,45.00,0.00
14132,4706,16,13,45.00,5.00
14133,4706,10,10,799.00,5.00
14134,4706,15,2,379.00,0.00
14135,4706,1,1,499.00,0.00
14136,4707,29,17,32.00,0.00
14137,4707,32,20,45.00,0.00
14138,4707,15,19,379.00,10.00
14139,4708,30,11,27.00,0.00
14140,4708,15,4,379.00,0.00
14141,4709,16,25,45.00,5.00
14142,4709,8,26,389.00,0.00
14143,4709,12,29,459.00,10.00
14144,4709,7,16,549.00,0.00
14145,4710,12,11,459.00,5.00
14146,4710,26,12,12.00,5.00
14147,4710,27,13,18.00,5.00
14148,4710,19,12,69.00,0.00
14149,4711,4,26,129.00,10.00
14150,4711,14,30,549.00,5.00
14151,4712,30,22,27.00,0.00
14152,4712,33,19,65.00,0.00
14153,4712,30,6,27.00,0.00
14154,4713,27,28,18.00,0.00
14155,4713,3,7,249.00,10.00
14156,4713,25,28,42.00,0.00
14157,4713,25,1,42.00,10.00
14158,4713,28,2,120.00,10.00
14159,4714,14,16,549.00,0.00
14160,4714,12,16,459.00,5.00
14161,4714,24,12,95.00,10.00
14162,4715,5,11,349.00,0.00
14163,4715,1,26,499.00,0.00
14164,4715,2,27,899.00,0.00
14165,4715,2,5,899.00,5.00
14166,4716,26,4,12.00,0.00
14167,4716,15,2,379.00,0.00
14168,4716,1,30,499.00,5.00
14169,4717,23,19,22.00,0.00
14170,4717,2,20,899.00,0.00
14171,4717,31,28,15.00,10.00
14172,4718,7,28,549.00,10.00
14173,4719,23,1,22.00,0.00
14174,4720,10,9,799.00,5.00
14175,4721,5,15,349.00,10.00
14176,4721,15,7,379.00,10.00
14177,4721,21,12,58.00,0.00
14178,4721,23,24,22.00,10.00
14179,4722,3,28,249.00,0.00
14180,4722,15,21,379.00,0.00
14181,4722,12,24,459.00,10.00
14182,4723,23,7,22.00,0.00
14183,4723,34,14,35.00,0.00
14184,4723,18,11,89.00,0.00
14185,4723,3,21,249.00,0.00
14186,4724,29,15,32.00,10.00
14187,4725,20,2,159.00,0.00
14188,4725,24,21,95.00,0.00
14189,4725,32,10,45.00,10.00
14190,4726,6,6,699.00,0.00
14191,4726,28,16,120.00,0.00
14192,4726,25,23,42.00,5.00
14193,4727,11,18,899.00,10.00
14194,4727,2,11,899.00,0.00
14195,4727,30,15,27.00,10.00
14196,4727,29,16,32.00,0.00
14197,4728,4,13,129.00,5.00
14198,4728,8,30,389.00,0.00
14199,4728,17,15,189.00,10.00
14200,4728,17,13,189.00,5.00
14201,4729,31,13,15.00,0.00
14202,4729,33,10,65.00,10.00
14203,4730,2,9,899.00,0.00
14204,4730,22,8,75.00,0.00
14205,4730,31,12,15.00,0.00
14206,4730,14,30,549.00,5.00
14207,4730,34,15,35.00,0.00
14208,4731,9,10,149.00,10.00
14209,4731,20,3,159.00,5.00
14210,4732,5,6,349.00,5.00
14211,4733,30,9,27.00,10.00
14212,4733,20,6,159.00,0.00
14213,4733,27,2,18.00,10.00
14214,4733,8,17,389.00,0.00
14215,4734,11,3,899.00,0.00
14216,4734,14,10,549.00,0.00
14217,4734,19,4,69.00,0.00
14218,4734,24,10,95.00,0.00
14219,4735,24,25,95.00,0.00
14220,4736,13,28,649.00,0.00
14221,4736,5,28,349.00,0.00
14222,4737,3,22,249.00,0.00
14223,4737,26,18,12.00,5.00
14224,4737,19,22,69.00,10.00
14225,4738,21,11,58.00,0.00
14226,4738,34,22,35.00,5.00
14227,4739,35,28,79.00,5.00
14228,4739,24,11,95.00,5.00
14229,4740,13,12,649.00,10.00
14230,4740,3,23,249.00,5.00
14231,4740,30,12,27.00,0.00
14232,4741,31,24,15.00,0.00
14233,4741,29,12,32.00,0.00
14234,4741,15,15,379.00,0.00
14235,4742,21,2,58.00,0.00
14236,4742,8,19,389.00,0.00
14237,4743,9,15,149.00,5.00
14238,4743,29,4,32.00,0.00
14239,4744,19,15,69.00,5.00
14240,4744,15,24,379.00,5.00
14241,4744,9,1,149.00,0.00
14242,4744,26,18,12.00,5.00
14243,4745,1,13,499.00,0.00
14244,4745,30,5,27.00,0.00
14245,4746,8,30,389.00,0.00
14246,4746,13,29,649.00,5.00
14247,4746,30,1,27.00,0.00
14248,4746,16,23,45.00,0.00
14249,4747,13,28,649.00,0.00
14250,4747,24,28,95.00,5.00
14251,4748,6,18,699.00,0.00
14252,4749,11,13,899.00,0.00
14253,4750,11,21,899.00,0.00
14254,4750,25,27,42.00,0.00
14255,4751,29,20,32.00,10.00
14256,4751,3,27,249.00,0.00
14257,4751,25,19,42.00,0.00
14258,4751,15,29,379.00,0.00
14259,4751,24,25,95.00,0.00
14260,4752,1,5,499.00,5.00
14261,4752,8,25,389.00,0.00
14262,4752,29,21,32.00,0.00
14263,4752,34,25,35.00,0.00
14264,4752,17,24,189.00,0.00
14265,4753,23,24,22.00,10.00
14266,4753,21,28,58.00,10.00
14267,4753,27,1,18.00,10.00
14268,4754,21,21,58.00,5.00
14269,4754,14,26,549.00,0.00
14270,4754,35,18,79.00,10.00
14271,4755,34,3,35.00,0.00
14272,4755,25,23,42.00,5.00
14273,4756,6,9,699.00,10.00
14274,4756,28,5,120.00,0.00
14275,4756,26,12,12.00,5.00
14276,4756,4,17,129.00,0.00
14277,4756,26,5,12.00,5.00
14278,4757,23,24,22.00,10.00
14279,4757,20,24,159.00,0.00
14280,4757,9,6,149.00,0.00
14281,4757,20,6,159.00,0.00
14282,4757,10,28,799.00,10.00
14283,4758,35,15,79.00,0.00
14284,4758,4,30,129.00,5.00
14285,4758,9,9,149.00,5.00
14286,4759,13,24,649.00,5.00
14287,4759,23,26,22.00,0.00
14288,4759,30,14,27.00,5.00
14289,4759,4,13,129.00,5.00
14290,4760,31,23,15.00,0.00
14291,4761,13,20,649.00,0.00
14292,4761,33,4,65.00,5.00
14293,4761,22,21,75.00,5.00
14294,4761,35,4,79.00,5.00
14295,4762,6,25,699.00,5.00
14296,4762,28,30,120.00,0.00
14297,4762,31,22,15.00,10.00
14298,4762,17,20,189.00,5.00
14299,4762,27,19,18.00,5.00
14300,4763,1,9,499.00,0.00
14301,4763,6,19,699.00,0.00
14302,4764,2,30,899.00,10.00
14303,4764,9,22,149.00,10.00
14304,4764,35,15,79.00,0.00
14305,4765,17,10,189.00,0.00
14306,4765,19,11,69.00,0.00
14307,4765,20,15,159.00,5.00
14308,4765,16,27,45.00,0.00
14309,4766,6,7,699.00,0.00
14310,4766,10,19,799.00,0.00
14311,4766,13,4,649.00,0.00
14312,4766,4,2,129.00,10.00
14313,4766,9,17,149.00,0.00
14314,4767,18,1,89.00,0.00
14315,4767,33,27,65.00,0.00
14316,4767,7,7,549.00,0.00
14317,4767,30,24,27.00,0.00
14318,4767,16,6,45.00,0.00
14319,4768,4,7,129.00,5.00
14320,4769,18,2,89.00,5.00
14321,4770,5,28,349.00,0.00
14322,4770,5,6,349.00,0.00
14323,4770,23,30,22.00,10.00
14324,4770,31,15,15.00,5.00
14325,4770,16,28,45.00,0.00
14326,4771,22,14,75.00,0.00
14327,4771,2,22,899.00,0.00
14328,4771,17,24,189.00,0.00
14329,4771,4,2,129.00,0.00
14330,4771,29,4,32.00,0.00
14331,4772,6,10,699.00,0.00
14332,4773,11,22,899.00,5.00
14333,4773,12,18,459.00,10.00
14334,4773,32,21,45.00,5.00
14335,4773,18,13,89.00,0.00
14336,4774,15,14,379.00,0.00
14337,4774,32,10,45.00,10.00
14338,4774,18,24,89.00,0.00
14339,4774,28,21,120.00,0.00
14340,4774,13,17,649.00,5.00
14341,4775,5,19,349.00,5.00
14342,4775,31,3,15.00,10.00
14343,4776,18,20,89.00,10.00
14344,4776,6,8,699.00,10.00
14345,4777,31,20,15.00,5.00
14346,4777,3,19,249.00,10.00
14347,4778,15,24,379.00,5.00
14348,4778,8,26,389.00,5.00
14349,4778,32,15,45.00,0.00
14350,4779,26,17,12.00,0.00
14351,4779,1,14,499.00,0.00
14352,4779,24,23,95.00,5.00
14353,4779,22,22,75.00,10.00
14354,4780,17,25,189.00,0.00
14355,4780,18,23,89.00,0.00
14356,4780,31,22,15.00,0.00
14357,4781,33,29,65.00,0.00
14358,4781,9,5,149.00,0.00
14359,4781,23,4,22.00,5.00
14360,4782,14,29,549.00,5.00
14361,4782,13,25,649.00,0.00
14362,4783,13,2,649.00,0.00
14363,4783,17,30,189.00,0.00
14364,4784,33,14,65.00,0.00
14365,4784,25,10,42.00,0.00
14366,4785,16,6,45.00,0.00
14367,4785,8,11,389.00,0.00
14368,4786,19,24,69.00,0.00
14369,4786,8,3,389.00,10.00
14370,4787,33,17,65.00,0.00
14371,4787,21,22,58.00,10.00
14372,4788,26,8,12.00,0.00
14373,4789,6,25,699.00,0.00
14374,4789,14,9,549.00,0.00
14375,4790,26,1,12.00,10.00
14376,4790,21,4,58.00,10.00
14377,4790,31,26,15.00,5.00
14378,4791,15,28,379.00,0.00
14379,4792,25,7,42.00,0.00
14380,4792,16,5,45.00,0.00
14381,4792,29,22,32.00,0.00
14382,4793,4,17,129.00,0.00
14383,4793,25,3,42.00,0.00
14384,4793,7,4,549.00,0.00
14385,4793,26,17,12.00,5.00
14386,4793,14,5,549.00,0.00
14387,4794,33,27,65.00,0.00
14388,4794,11,23,899.00,10.00
14389,4794,3,24,249.00,5.00
14390,4794,30,12,27.00,0.00
14391,4794,19,19,69.00,0.00
14392,4795,16,24,45.00,5.00
14393,4795,34,26,35.00,0.00
14394,4795,33,24,65.00,0.00
14395,4795,14,16,549.00,0.00
14396,4796,8,22,389.00,0.00
14397,4796,1,30,499.00,10.00
14398,4796,4,2,129.00,10.00
14399,4796,29,2,32.00,10.00
14400,4797,33,7,65.00,0.00
14401,4798,23,11,22.00,10.00
14402,4798,8,14,389.00,5.00
14403,4798,28,1,120.00,5.00
14404,4798,28,21,120.00,10.00
14405,4799,21,11,58.00,0.00
14406,4800,3,16,249.00,0.00
14407,4800,10,6,799.00,0.00
14408,4801,22,27,75.00,5.00
14409,4801,17,13,189.00,5.00
14410,4801,14,24,549.00,5.00
14411,4801,19,9,69.00,10.00
14412,4802,13,3,649.00,0.00
14413,4802,22,1,75.00,0.00
14414,4802,25,4,42.00,0.00
14415,4803,4,15,129.00,0.00
14416,4803,9,23,149.00,0.00
14417,4803,10,2,799.00,0.00
14418,4803,22,3,75.00,0.00
14419,4804,26,20,12.00,0.00
14420,4804,25,2,42.00,0.00
14421,4804,28,13,120.00,5.00
14422,4804,5,19,349.00,5.00
14423,4805,13,27,649.00,0.00
14424,4805,3,12,249.00,5.00
14425,4806,2,23,899.00,0.00
14426,4806,19,1,69.00,0.00
14427,4806,16,21,45.00,0.00
14428,4806,22,19,75.00,0.00
14429,4806,18,20,89.00,10.00
14430,4807,2,29,899.00,0.00
14431,4807,28,11,120.00,0.00
14432,4807,28,26,120.00,10.00
14433,4808,5,26,349.00,10.00
14434,4808,34,2,35.00,0.00
14435,4808,25,13,42.00,10.00
14436,4808,14,4,549.00,0.00
14437,4808,5,6,349.00,0.00
14438,4809,3,18,249.00,5.00
14439,4809,13,27,649.00,0.00
14440,4809,18,6,89.00,0.00
14441,4809,27,12,18.00,5.00
14442,4810,32,27,45.00,5.00
14443,4810,24,12,95.00,10.00
14444,4810,14,6,549.00,5.00
14445,4811,23,18,22.00,10.00
14446,4811,8,5,389.00,0.00
14447,4811,34,17,35.00,10.00
14448,4812,29,27,32.00,0.00
14449,4813,28,15,120.00,10.00
14450,4813,16,8,45.00,10.00
14451,4813,1,7,499.00,0.00
14452,4813,28,20,120.00,10.00
14453,4813,24,19,95.00,10.00
14454,4814,19,25,69.00,0.00
14455,4814,12,1,459.00,0.00
14456,4815,1,12,499.00,10.00
14457,4815,11,25,899.00,0.00
14458,4815,17,26,189.00,10.00
14459,4815,25,27,42.00,0.00
14460,4815,9,2,149.00,0.00
14461,4816,25,30,42.00,5.00
14462,4816,21,24,58.00,0.00
14463,4816,22,14,75.00,0.00
14464,4816,3,29,249.00,0.00
14465,4816,15,21,379.00,0.00
14466,4817,9,12,149.00,0.00
14467,4817,31,21,15.00,10.00
14468,4818,35,4,79.00,5.00
14469,4818,33,19,65.00,0.00
14470,4818,27,27,18.00,0.00
14471,4819,26,16,12.00,0.00
14472,4819,8,3,389.00,5.00
14473,4820,6,22,699.00,0.00
14474,4820,13,14,649.00,0.00
14475,4820,17,26,189.00,10.00
14476,4820,28,10,120.00,0.00
14477,4821,6,6,699.00,0.00
14478,4822,22,1,75.00,0.00
14479,4822,12,23,459.00,10.00
14480,4823,14,1,549.00,10.00
14481,4823,23,11,22.00,10.00
14482,4824,16,13,45.00,5.00
14483,4824,12,15,459.00,0.00
14484,4824,21,24,58.00,0.00
14485,4824,6,16,699.00,0.00
14486,4824,25,13,42.00,10.00
14487,4825,18,11,89.00,0.00
14488,4826,11,18,899.00,0.00
14489,4826,12,19,459.00,0.00
14490,4826,27,14,18.00,10.00
14491,4826,14,2,549.00,0.00
14492,4827,9,2,149.00,0.00
14493,4827,1,24,499.00,10.00
14494,4827,11,19,899.00,0.00
14495,4827,20,28,159.00,10.00
14496,4828,29,17,32.00,0.00
14497,4828,10,7,799.00,0.00
14498,4828,19,30,69.00,0.00
14499,4828,18,21,89.00,10.00
14500,4828,16,14,45.00,10.00
14501,4829,24,25,95.00,0.00
14502,4830,27,27,18.00,0.00
14503,4830,11,26,899.00,0.00
14504,4830,15,28,379.00,0.00
14505,4830,22,10,75.00,5.00
14506,4830,30,29,27.00,0.00
14507,4831,24,16,95.00,5.00
14508,4831,22,5,75.00,10.00
14509,4831,2,16,899.00,0.00
14510,4831,27,11,18.00,0.00
14511,4832,17,28,189.00,0.00
14512,4832,1,21,499.00,0.00
14513,4832,13,28,649.00,0.00
14514,4833,34,6,35.00,0.00
14515,4834,1,13,499.00,0.00
14516,4834,28,26,120.00,10.00
14517,4835,3,3,249.00,0.00
14518,4835,3,15,249.00,0.00
14519,4835,2,9,899.00,0.00
14520,4835,29,1,32.00,5.00
14521,4836,21,10,58.00,5.00
14522,4836,34,15,35.00,0.00
14523,4836,2,23,899.00,0.00
14524,4836,19,30,69.00,0.00
14525,4836,32,10,45.00,10.00
14526,4837,9,12,149.00,0.00
14527,4837,18,3,89.00,10.00
14528,4838,19,11,69.00,0.00
14529,4839,34,1,35.00,0.00
14530,4839,27,11,18.00,0.00
14531,4840,9,26,149.00,0.00
14532,4840,3,24,249.00,5.00
14533,4840,35,28,79.00,5.00
14534,4841,19,2,69.00,5.00
14535,4842,3,11,249.00,0.00
14536,4842,22,15,75.00,0.00
14537,4842,4,2,129.00,10.00
14538,4842,12,30,459.00,10.00
14539,4842,24,17,95.00,5.00
14540,4843,34,3,35.00,0.00
14541,4843,11,30,899.00,10.00
14542,4843,2,9,899.00,0.00
14543,4844,12,23,459.00,5.00
14544,4844,21,19,58.00,0.00
14545,4844,28,29,120.00,0.00
14546,4844,32,16,45.00,10.00
14547,4845,22,26,75.00,0.00
14548,4845,25,5,42.00,0.00
14549,4845,15,13,379.00,10.00
14550,4845,33,5,65.00,0.00
14551,4846,10,11,799.00,0.00
14552,4846,5,17,349.00,0.00
14553,4847,16,27,45.00,0.00
14554,4848,29,19,32.00,5.00
14555,4848,20,24,159.00,0.00
14556,4848,16,23,45.00,0.00
14557,4849,8,24,389.00,0.00
14558,4849,3,16,249.00,0.00
14559,4849,12,14,459.00,0.00
14560,4849,15,30,379.00,5.00
14561,4850,5,11,349.00,0.00
14562,4851,5,11,349.00,0.00
14563,4851,20,24,159.00,0.00
14564,4851,30,18,27.00,0.00
14565,4852,28,18,120.00,0.00
14566,4852,28,13,120.00,5.00
14567,4852,8,30,389.00,0.00
14568,4852,19,24,69.00,0.00
14569,4853,32,19,45.00,0.00
14570,4853,2,1,899.00,0.00
14571,4854,28,16,120.00,0.00
14572,4854,20,6,159.00,0.00
14573,4854,14,10,549.00,0.00
14574,4854,25,27,42.00,0.00
14575,4855,22,15,75.00,5.00
14576,4855,31,11,15.00,0.00
14577,4855,15,24,379.00,5.00
14578,4856,34,11,35.00,10.00
14579,4856,13,5,649.00,5.00
14580,4856,32,16,45.00,10.00
14581,4856,2,14,899.00,0.00
14582,4856,3,3,249.00,0.00
14583,4857,15,5,379.00,0.00
14584,4857,6,6,699.00,0.00
14585,4858,30,24,27.00,0.00
14586,4859,26,9,12.00,0.00
14587,4859,4,29,129.00,0.00
14588,4859,12,13,459.00,10.00
14589,4859,24,14,95.00,0.00
14590,4860,29,18,32.00,0.00
14591,4860,24,29,95.00,5.00
14592,4860,14,3,549.00,0.00
14593,4860,23,20,22.00,0.00
14594,4860,24,13,95.00,0.00
14595,4861,25,24,42.00,5.00
14596,4861,19,10,69.00,0.00
14597,4861,10,7,799.00,0.00
14598,4862,6,24,699.00,0.00
14599,4862,5,4,349.00,0.00
14600,4862,23,19,22.00,0.00
14601,4862,26,11,12.00,0.00
14602,4862,28,6,120.00,0.00
14603,4863,22,22,75.00,5.00
14604,4864,20,7,159.00,0.00
14605,4864,33,4,65.00,5.00
14606,4864,20,13,159.00,0.00
14607,4864,35,16,79.00,5.00
14608,4864,1,28,499.00,0.00
14609,4865,21,26,58.00,0.00
14610,4866,6,21,699.00,10.00
14611,4866,27,28,18.00,0.00
14612,4867,25,11,42.00,5.00
14613,4867,7,1,549.00,0.00
14614,4867,11,3,899.00,0.00
14615,4867,18,24,89.00,0.00
14616,4868,7,2,549.00,5.00
14617,4868,1,7,499.00,10.00
14618,4869,25,26,42.00,0.00
14619,4869,32,6,45.00,0.00
14620,4869,3,12,249.00,5.00
14621,4870,6,27,699.00,10.00
14622,4870,29,12,32.00,0.00
14623,4871,29,12,32.00,0.00
14624,4871,30,30,27.00,0.00
14625,4872,12,8,459.00,0.00
14626,4873,34,27,35.00,0.00
14627,4873,9,15,149.00,5.00
14628,4873,1,30,499.00,10.00
14629,4873,23,13,22.00,0.00
14630,4873,21,13,58.00,0.00
14631,4874,33,22,65.00,10.00
14632,4874,11,23,899.00,10.00
14633,4875,30,2,27.00,5.00
14634,4876,6,6,699.00,0.00
14635,4876,26,7,12.00,10.00
14636,4876,10,10,799.00,10.00
14637,4876,7,13,549.00,0.00
14638,4876,24,18,95.00,10.00
14639,4877,13,4,649.00,0.00
14640,4877,4,3,129.00,0.00
14641,4877,13,12,649.00,10.00
14642,4878,26,14,12.00,0.00
14643,4878,26,19,12.00,10.00
14644,4878,21,9,58.00,5.00
14645,4879,26,4,12.00,0.00
14646,4879,2,25,899.00,10.00
14647,4879,9,11,149.00,0.00
14648,4880,35,21,79.00,0.00
14649,4881,24,5,95.00,5.00
14650,4881,4,12,129.00,5.00
14651,4881,34,26,35.00,0.00
14652,4882,2,30,899.00,5.00
14653,4883,8,7,389.00,0.00
14654,4883,7,27,549.00,10.00
14655,4883,20,6,159.00,0.00
14656,4883,7,25,549.00,5.00
14657,4883,21,4,58.00,5.00
14658,4884,11,8,899.00,0.00
14659,4884,35,28,79.00,5.00
14660,4884,21,28,58.00,5.00
14661,4885,27,10,18.00,0.00
14662,4885,12,26,459.00,0.00
14663,4885,26,28,12.00,0.00
14664,4886,3,25,249.00,10.00
14665,4887,3,9,249.00,0.00
14666,4887,3,25,249.00,10.00
14667,4887,29,17,32.00,0.00
14668,4887,19,30,69.00,0.00
14669,4888,3,12,249.00,5.00
14670,4888,6,24,699.00,0.00
14671,4888,32,7,45.00,0.00
14672,4888,29,5,32.00,0.00
14673,4889,8,5,389.00,0.00
14674,4889,27,20,18.00,10.00
14675,4890,30,27,27.00,10.00
14676,4890,29,13,32.00,5.00
14677,4890,3,9,249.00,0.00
14678,4890,21,1,58.00,0.00
14679,4891,34,21,35.00,0.00
14680,4891,31,16,15.00,0.00
14681,4891,31,1,15.00,0.00
14682,4891,18,29,89.00,0.00
14683,4892,13,23,649.00,5.00
14684,4892,19,9,69.00,10.00
14685,4892,31,14,15.00,5.00
14686,4892,1,2,499.00,0.00
14687,4893,14,20,549.00,0.00
14688,4893,18,6,89.00,0.00
14689,4893,33,4,65.00,5.00
14690,4894,33,18,65.00,0.00
14691,4894,27,15,18.00,0.00
14692,4895,10,14,799.00,0.00
14693,4895,3,29,249.00,0.00
14694,4895,13,17,649.00,5.00
14695,4895,15,9,379.00,0.00
14696,4895,27,15,18.00,0.00
14697,4896,20,15,159.00,5.00
14698,4897,14,26,549.00,0.00
14699,4897,24,8,95.00,0.00
14700,4898,13,27,649.00,0.00
14701,4898,29,5,32.00,0.00
14702,4899,6,3,699.00,10.00
14703,4899,20,28,159.00,10.00
14704,4899,17,28,189.00,0.00
14705,4899,21,24,58.00,0.00
14706,4899,6,17,699.00,0.00
14707,4900,15,3,379.00,0.00
14708,4900,18,2,89.00,5.00
14709,4901,8,7,389.00,0.00
14710,4901,12,14,459.00,0.00
14711,4901,5,24,349.00,0.00
14712,4901,16,14,45.00,0.00
14713,4901,28,24,120.00,0.00
14714,4902,15,17,379.00,0.00
14715,4903,1,28,499.00,5.00
14716,4903,17,11,189.00,0.00
14717,4904,5,22,349.00,0.00
14718,4904,28,10,120.00,0.00
14719,4904,16,13,45.00,5.00
14720,4904,14,21,549.00,0.00
14721,4904,26,19,12.00,10.00
14722,4905,7,7,549.00,0.00
14723,4905,3,22,249.00,0.00
14724,4906,22,5,75.00,10.00
14725,4906,15,3,379.00,0.00
14726,4906,25,29,42.00,5.00
14727,4906,18,15,89.00,10.00
14728,4906,30,19,27.00,5.00
14729,4907,24,3,95.00,0.00
14730,4908,33,2,65.00,0.00
14731,4908,18,26,89.00,10.00
14732,4908,22,17,75.00,10.00
14733,4909,16,3,45.00,0.00
14734,4909,35,25,79.00,0.00
14735,4909,10,27,799.00,0.00
14736,4909,7,7,549.00,0.00
14737,4910,3,18,249.00,5.00
14738,4910,16,8,45.00,10.00
14739,4910,2,12,899.00,10.00
14740,4910,30,25,27.00,0.00
14741,4911,13,12,649.00,10.00
14742,4911,34,11,35.00,10.00
14743,4911,12,2,459.00,0.00
14744,4911,2,15,899.00,0.00
14745,4911,2,12,899.00,5.00
14746,4912,3,30,249.00,5.00
14747,4912,30,27,27.00,10.00
14748,4912,33,29,65.00,10.00
14749,4913,7,7,549.00,0.00
14750,4913,33,3,65.00,5.00
14751,4913,30,10,27.00,0.00
14752,4913,28,14,120.00,10.00
14753,4913,2,19,899.00,10.00
14754,4914,7,21,549.00,5.00
14755,4914,27,16,18.00,0.00
14756,4914,32,21,45.00,5.00
14757,4915,13,22,649.00,0.00
14758,4916,7,20,549.00,5.00
14759,4916,25,9,42.00,0.00
14760,4916,30,5,27.00,0.00
14761,4916,27,4,18.00,0.00
14762,4917,33,4,65.00,10.00
14763,4917,28,13,120.00,5.00
14764,4917,12,14,459.00,0.00
14765,4917,8,5,389.00,0.00
14766,4917,8,21,389.00,10.00
14767,4918,31,9,15.00,10.00
14768,4918,10,28,799.00,5.00
14769,4919,2,1,899.00,10.00
14770,4919,12,30,459.00,10.00
14771,4919,27,30,18.00,0.00
14772,4920,6,16,699.00,10.00
14773,4920,17,11,189.00,0.00
14774,4920,23,5,22.00,10.00
14775,4921,35,19,79.00,0.00
14776,4921,18,9,89.00,10.00
14777,4921,32,20,45.00,0.00
14778,4921,20,11,159.00,10.00
14779,4922,21,14,58.00,0.00
14780,4923,28,3,120.00,0.00
14781,4923,3,5,249.00,0.00
14782,4923,5,2,349.00,10.00
14783,4923,20,28,159.00,10.00
14784,4923,27,3,18.00,0.00
14785,4924,5,8,349.00,5.00
14786,4924,7,20,549.00,0.00
14787,4924,2,14,899.00,0.00
14788,4924,4,8,129.00,10.00
14789,4924,2,11,899.00,5.00
14790,4925,16,16,45.00,0.00
14791,4925,31,16,15.00,0.00
14792,4925,15,3,379.00,0.00
14793,4926,21,5,58.00,10.00
14794,4926,15,6,379.00,5.00
14795,4926,19,26,69.00,5.00
14796,4926,32,13,45.00,0.00
14797,4927,5,25,349.00,5.00
14798,4927,10,6,799.00,10.00
14799,4927,16,8,45.00,10.00
14800,4928,7,9,549.00,10.00
14801,4928,11,30,899.00,10.00
14802,4928,33,24,65.00,0.00
14803,4929,19,6,69.00,0.00
14804,4929,5,19,349.00,5.00
14805,4929,14,30,549.00,10.00
14806,4930,20,29,159.00,0.00
14807,4930,32,1,45.00,0.00
14808,4931,9,9,149.00,5.00
14809,4931,23,3,22.00,0.00
14810,4931,4,3,129.00,0.00
14811,4931,15,22,379.00,0.00
14812,4932,5,4,349.00,0.00
14813,4932,28,7,120.00,5.00
14814,4932,29,3,32.00,10.00
14815,4933,4,4,129.00,0.00
14816,4934,34,5,35.00,10.00
14817,4934,23,26,22.00,0.00
14818,4934,27,30,18.00,5.00
14819,4935,23,14,22.00,0.00
14820,4935,10,13,799.00,0.00
14821,4935,25,28,42.00,0.00
14822,4935,29,15,32.00,0.00
14823,4935,24,8,95.00,0.00
14824,4936,3,5,249.00,0.00
14825,4936,9,17,149.00,0.00
14826,4936,22,26,75.00,0.00
14827,4937,15,6,379.00,5.00
14828,4937,31,11,15.00,0.00
14829,4937,20,13,159.00,0.00
14830,4937,4,3,129.00,0.00
14831,4937,14,18,549.00,5.00
14832,4938,14,24,549.00,5.00
14833,4938,6,22,699.00,0.00
14834,4938,16,24,45.00,5.00
14835,4939,32,5,45.00,0.00
14836,4939,24,8,95.00,0.00
14837,4939,23,12,22.00,10.00
14838,4939,19,28,69.00,10.00
14839,4940,24,28,95.00,5.00
14840,4941,27,23,18.00,0.00
14841,4942,11,18,899.00,0.00
14842,4942,14,26,549.00,0.00
14843,4942,2,26,899.00,0.00
14844,4942,4,3,129.00,0.00
14845,4942,12,9,459.00,0.00
14846,4943,26,24,12.00,5.00
14847,4943,18,7,89.00,0.00
14848,4943,34,9,35.00,0.00
14849,4943,15,25,379.00,5.00
14850,4944,2,30,899.00,10.00
14851,4944,10,23,799.00,10.00
14852,4945,27,28,18.00,0.00
14853,4945,24,16,95.00,5.00
14854,4946,29,3,32.00,10.00
14855,4946,20,30,159.00,0.00
14856,4946,29,21,32.00,10.00
14857,4946,31,12,15.00,0.00
14858,4946,10,16,799.00,10.00
14859,4947,28,5,120.00,0.00
14860,4947,1,7,499.00,0.00
14861,4947,31,1,15.00,0.00
14862,4947,9,26,149.00,0.00
14863,4948,16,30,45.00,0.00
14864,4949,16,8,45.00,10.00
14865,4949,18,1,89.00,0.00
14866,4950,19,26,69.00,5.00
14867,4950,10,2,799.00,0.00
14868,4950,31,6,15.00,0.00
14869,4950,2,6,899.00,10.00
14870,4950,19,6,69.00,0.00
14871,4951,31,5,15.00,0.00
14872,4951,13,9,649.00,0.00
14873,4952,34,22,35.00,5.00
14874,4952,7,29,549.00,0.00
14875,4953,31,28,15.00,10.00
14876,4953,32,21,45.00,5.00
14877,4953,31,1,15.00,0.00
14878,4954,18,11,89.00,0.00
14879,4955,7,24,549.00,0.00
14880,4955,5,22,349.00,0.00
14881,4955,6,29,699.00,0.00
14882,4955,18,23,89.00,0.00
14883,4956,32,30,45.00,0.00
14884,4957,23,17,22.00,10.00
14885,4957,19,5,69.00,0.00
14886,4957,35,23,79.00,5.00
14887,4958,18,20,89.00,5.00
14888,4958,23,2,22.00,0.00
14889,4958,31,4,15.00,10.00
14890,4958,17,14,189.00,10.00
14891,4959,22,12,75.00,0.00
14892,4959,34,24,35.00,0.00
14893,4960,31,17,15.00,0.00
14894,4960,28,22,120.00,0.00
14895,4960,3,19,249.00,10.00
14896,4960,20,4,159.00,10.00
14897,4960,10,18,799.00,0.00
14898,4961,15,7,379.00,10.00
14899,4961,1,8,499.00,0.00
14900,4961,2,25,899.00,10.00
14901,4962,32,6,45.00,0.00
14902,4963,28,3,120.00,10.00
14903,4963,26,20,12.00,0.00
14904,4963,19,10,69.00,0.00
14905,4963,5,17,349.00,0.00
14906,4963,8,29,389.00,0.00
14907,4964,17,16,189.00,0.00
14908,4964,7,15,549.00,10.00
14909,4964,6,29,699.00,0.00
14910,4964,27,25,18.00,5.00
14911,4965,9,14,149.00,0.00
14912,4965,35,18,79.00,10.00
14913,4965,32,22,45.00,10.00
14914,4965,13,3,649.00,0.00
14915,4965,20,20,159.00,5.00
14916,4966,21,4,58.00,10.00
14917,4966,32,27,45.00,5.00
14918,4966,5,13,349.00,5.00
14919,4966,34,26,35.00,0.00
14920,4967,24,21,95.00,0.00
14921,4967,12,6,459.00,10.00
14922,4967,6,30,699.00,0.00
14923,4968,9,8,149.00,0.00
14924,4969,32,4,45.00,10.00
14925,4969,4,26,129.00,10.00
14926,4969,3,20,249.00,10.00
14927,4969,31,15,15.00,10.00
14928,4970,35,13,79.00,0.00
14929,4970,19,4,69.00,0.00
14930,4970,4,8,129.00,10.00
14931,4970,31,18,15.00,0.00
14932,4970,27,27,18.00,0.00
14933,4971,17,13,189.00,5.00
14934,4972,7,25,549.00,0.00
14935,4973,12,26,459.00,0.00
14936,4973,34,26,35.00,0.00
14937,4974,18,24,89.00,0.00
14938,4974,4,2,129.00,10.00
14939,4974,20,28,159.00,10.00
14940,4974,25,26,42.00,0.00
14941,4974,4,6,129.00,0.00
14942,4975,19,17,69.00,0.00
14943,4975,9,19,149.00,0.00
14944,4976,18,9,89.00,10.00
14945,4977,24,7,95.00,0.00
14946,4977,19,18,69.00,0.00
14947,4978,22,8,75.00,0.00
14948,4978,23,23,22.00,10.00
14949,4979,24,9,95.00,0.00
14950,4979,30,6,27.00,0.00
14951,4980,14,15,549.00,0.00
14952,4980,26,27,12.00,0.00
14953,4980,24,18,95.00,10.00
14954,4980,22,16,75.00,5.00
14955,4980,32,13,45.00,0.00
14956,4981,32,16,45.00,10.00
14957,4981,25,28,42.00,0.00
14958,4981,3,18,249.00,5.00
14959,4981,34,18,35.00,10.00
14960,4982,24,6,95.00,10.00
14961,4982,32,24,45.00,0.00
14962,4982,27,4,18.00,0.00
14963,4983,11,23,899.00,10.00
14964,4983,12,26,459.00,0.00
14965,4983,34,26,35.00,0.00
14966,4983,26,7,12.00,10.00
14967,4983,1,7,499.00,0.00
14968,4984,5,23,349.00,0.00
14969,4984,24,7,95.00,0.00
14970,4985,10,29,799.00,10.00
14971,4985,27,1,18.00,10.00
14972,4985,7,10,549.00,0.00
14973,4986,33,14,65.00,0.00
14974,4987,5,8,349.00,10.00
14975,4987,18,30,89.00,0.00
14976,4987,12,9,459.00,0.00
14977,4987,16,23,45.00,0.00
14978,4988,29,2,32.00,10.00
14979,4989,30,8,27.00,5.00
14980,4989,27,22,18.00,0.00
14981,4990,17,28,189.00,0.00
14982,4990,27,15,18.00,0.00
14983,4990,20,7,159.00,0.00
14984,4990,34,25,35.00,0.00
14985,4990,21,11,58.00,0.00
14986,4991,5,25,349.00,5.00
14987,4991,26,24,12.00,5.00
14988,4991,5,17,349.00,0.00
14989,4991,8,28,389.00,10.00
14990,4992,29,6,32.00,0.00
14991,4992,19,13,69.00,0.00
14992,4992,11,28,899.00,5.00
14993,4992,28,26,120.00,10.00
14994,4993,34,17,35.00,10.00
14995,4993,26,29,12.00,0.00
14996,4993,2,15,899.00,0.00
14997,4993,2,10,899.00,0.00
14998,4994,33,6,65.00,0.00
14999,4995,15,14,379.00,0.00
15000,4995,29,1,32.00,0.00
15001,4996,20,16,159.00,10.00
15002,4996,1,12,499.00,10.00
15003,4996,6,6,699.00,0.00
15004,4996,32,1,45.00,0.00
15005,4997,27,17,18.00,0.00
15006,4998,10,15,799.00,5.00
15007,4998,1,30,499.00,5.00
15008,4998,3,30,249.00,5.00
15009,4998,29,25,32.00,0.00
15010,4998,15,12,379.00,5.00
15011,4999,13,4,649.00,0.00
15012,4999,27,18,18.00,5.00
15013,5000,3,20,249.00,0.00
15014,5000,18,6,89.00,0.00
15015,5000,17,5,189.00,0.00
15016,5000,17,5,189.00,0.00
15017,5000,10,11,799.00,10.00
15018,5001,2,21,899.00,0.00
15019,5002,24,27,95.00,0.00
15020,5003,19,11,69.00,0.00
15021,5003,18,7,89.00,5.00
15022,5003,17,13,189.00,5.00
15023,5003,15,25,379.00,10.00
15024,5004,15,29,379.00,0.00
15025,5004,3,18,249.00,5.00
15026,5005,1,7,499.00,0.00
15027,5005,22,27,75.00,0.00
15028,5005,9,17,149.00,10.00
15029,5005,4,20,129.00,0.00
15030,5005,5,18,349.00,0.00
15031,5006,31,21,15.00,10.00
15032,5006,14,7,549.00,10.00
15033,5007,1,6,499.00,10.00
15034,5007,34,2,35.00,0.00
15035,5007,29,28,32.00,0.00
15036,5007,35,16,79.00,5.00
15037,5007,21,2,58.00,0.00
15038,5008,20,3,159.00,5.00
15039,5008,9,3,149.00,5.00
15040,5008,19,13,69.00,0.00
15041,5008,6,10,699.00,0.00
15042,5008,20,15,159.00,5.00
15043,5009,25,21,42.00,0.00
15044,5009,21,29,58.00,10.00
15045,5009,31,16,15.00,10.00
15046,5009,15,2,379.00,0.00
15047,5010,5,22,349.00,0.00
15048,5010,9,11,149.00,10.00
15049,5010,30,10,27.00,0.00
15050,5010,14,22,549.00,0.00
15051,5011,15,7,379.00,5.00
15052,5011,8,22,389.00,0.00
15053,5011,31,12,15.00,0.00
15054,5011,10,15,799.00,0.00
15055,5011,13,3,649.00,0.00
15056,5012,2,20,899.00,0.00
15057,5013,28,16,120.00,0.00
15058,5013,6,13,699.00,5.00
15059,5013,29,9,32.00,10.00
15060,5014,30,9,27.00,10.00
15061,5014,27,29,18.00,0.00
15062,5015,16,30,45.00,5.00
15063,5015,8,5,389.00,0.00
15064,5015,10,29,799.00,10.00
15065,5015,19,3,69.00,5.00
15066,5016,3,10,249.00,0.00
15067,5016,3,3,249.00,0.00
15068,5016,30,16,27.00,0.00
15069,5016,27,19,18.00,10.00
15070,5017,30,11,27.00,0.00
15071,5017,33,3,65.00,5.00
15072,5017,27,2,18.00,10.00
15073,5017,20,29,159.00,0.00
15074,5018,2,26,899.00,0.00
15075,5018,23,3,22.00,0.00
15076,5018,11,1,899.00,0.00
15077,5019,33,30,65.00,0.00
15078,5019,22,24,75.00,0.00
15079,5019,2,29,899.00,5.00
15080,5019,21,25,58.00,0.00
15081,5019,3,16,249.00,0.00
15082,5020,10,10,799.00,10.00
15083,5020,8,17,389.00,0.00
15084,5020,23,3,22.00,0.00
15085,5020,6,12,699.00,0.00
15086,5020,7,14,549.00,5.00
15087,5021,28,8,120.00,10.00
15088,5021,4,19,129.00,5.00
15089,5021,24,10,95.00,0.00
15090,5022,4,19,129.00,5.00
15091,5022,1,24,499.00,10.00
15092,5022,25,5,42.00,0.00
15093,5022,12,1,459.00,0.00
15094,5022,21,16,58.00,10.00
15095,5023,1,5,499.00,5.00
15096,5023,10,3,799.00,5.00
15097,5023,33,21,65.00,5.00
15098,5023,12,20,459.00,0.00
15099,5023,13,29,649.00,5.00
15100,5024,14,12,549.00,5.00
15101,5024,21,20,58.00,0.00
15102,5024,33,28,65.00,5.00
15103,5024,35,22,79.00,5.00
15104,5024,8,1,389.00,0.00
15105,5025,16,23,45.00,0.00
15106,5025,12,1,459.00,0.00
15107,5025,20,14,159.00,0.00
15108,5026,18,15,89.00,10.00
15109,5026,3,21,249.00,0.00
15110,5026,2,15,899.00,0.00
15111,5026,10,12,799.00,0.00
15112,5027,20,25,159.00,0.00
15113,5027,31,28,15.00,10.00
15114,5027,6,24,699.00,0.00
15115,5027,11,29,899.00,5.00
15116,5027,32,10,45.00,10.00
15117,5028,5,13,349.00,5.00
15118,5028,13,17,649.00,5.00
15119,5028,35,23,79.00,5.00
15120,5029,31,30,15.00,0.00
15121,5029,30,3,27.00,10.00
15122,5029,15,8,379.00,10.00
15123,5029,1,9,499.00,0.00
15124,5030,34,28,35.00,10.00
15125,5030,11,2,899.00,0.00
15126,5030,26,17,12.00,0.00
15127,5031,14,27,549.00,0.00
15128,5031,12,1,459.00,0.00
15129,5031,28,14,120.00,10.00
15130,5031,10,16,799.00,10.00
15131,5032,25,11,42.00,5.00
15132,5033,13,27,649.00,0.00
15133,5033,31,13,15.00,0.00
15134,5034,21,7,58.00,0.00
15135,5034,9,3,149.00,5.00
15136,5034,8,29,389.00,0.00
15137,5035,35,28,79.00,5.00
15138,5035,21,28,58.00,10.00
15139,5035,11,2,899.00,0.00
15140,5035,30,2,27.00,5.00
15141,5036,24,3,95.00,0.00
15142,5037,34,13,35.00,0.00
15143,5038,32,23,45.00,0.00
15144,5038,3,7,249.00,10.00
15145,5038,29,12,32.00,0.00
15146,5039,23,18,22.00,10.00
15147,5039,32,24,45.00,0.00
15148,5039,10,1,799.00,0.00
15149,5039,35,12,79.00,10.00
15150,5039,20,28,159.00,10.00
15151,5040,17,25,189.00,5.00
15152,5040,30,7,27.00,5.00
15153,5040,13,29,649.00,5.00
15154,5040,23,4,22.00,5.00
15155,5040,7,25,549.00,0.00
15156,5041,5,27,349.00,0.00
15157,5041,31,30,15.00,0.00
15158,5041,14,6,549.00,5.00
15159,5041,13,14,649.00,0.00
15160,5041,11,5,899.00,5.00
15161,5042,26,28,12.00,0.00
15162,5042,33,21,65.00,5.00
15163,5043,10,26,799.00,0.00
15164,5043,19,13,69.00,0.00
15165,5043,17,21,189.00,10.00
15166,5044,29,13,32.00,5.00
15167,5044,35,29,79.00,10.00
15168,5044,10,28,799.00,5.00
15169,5045,3,18,249.00,5.00
15170,5045,20,27,159.00,5.00
15171,5045,29,1,32.00,5.00
15172,5046,26,30,12.00,5.00
15173,5046,21,25,58.00,0.00
15174,5047,1,28,499.00,5.00
15175,5047,17,13,189.00,5.00
15176,5047,6,24,699.00,0.00
15177,5047,23,3,22.00,0.00
15178,5048,7,10,549.00,10.00
15179,5048,27,2,18.00,10.00
15180,5048,16,15,45.00,0.00
15181,5049,14,13,549.00,10.00
15182,5049,11,22,899.00,5.00
15183,5049,17,4,189.00,0.00
15184,5049,30,14,27.00,5.00
15185,5049,13,18,649.00,10.00
15186,5050,11,2,899.00,0.00
15187,5050,24,9,95.00,0.00
15188,5050,26,23,12.00,0.00
15189,5051,3,4,249.00,0.00
15190,5052,28,6,120.00,0.00
15191,5052,11,23,899.00,10.00
15192,5052,13,2,649.00,0.00
15193,5053,16,5,45.00,0.00
15194,5054,27,8,18.00,10.00
15195,5054,4,21,129.00,0.00
15196,5054,35,30,79.00,10.00
15197,5055,28,30,120.00,5.00
15198,5055,1,8,499.00,0.00
15199,5056,26,4,12.00,0.00
15200,5057,20,16,159.00,10.00
15201,5057,31,22,15.00,0.00
15202,5057,32,14,45.00,0.00
15203,5057,16,18,45.00,0.00
15204,5058,10,17,799.00,10.00
15205,5058,5,26,349.00,5.00
15206,5058,14,19,549.00,10.00
15207,5059,23,7,22.00,0.00
15208,5060,28,15,120.00,0.00
15209,5061,22,10,75.00,5.00
15210,5061,15,4,379.00,0.00
15211,5061,3,17,249.00,0.00
15212,5061,32,29,45.00,0.00
15213,5061,11,12,899.00,0.00
15214,5062,19,21,69.00,10.00
15215,5062,4,29,129.00,0.00
15216,5063,27,27,18.00,0.00
15217,5063,10,23,799.00,10.00
15218,5063,18,20,89.00,10.00
15219,5063,3,29,249.00,0.00
15220,5063,31,22,15.00,10.00
15221,5064,18,23,89.00,0.00
15222,5064,34,1,35.00,0.00
15223,5064,31,26,15.00,0.00
15224,5065,35,29,79.00,10.00
15225,5065,8,20,389.00,5.00
15226,5065,3,16,249.00,0.00
15227,5065,8,1,389.00,0.00
15228,5065,12,7,459.00,0.00
15229,5066,15,6,379.00,5.00
15230,5066,27,23,18.00,0.00
15231,5067,24,13,95.00,0.00
15232,5067,1,29,499.00,5.00
15233,5067,28,24,120.00,0.00
15234,5067,3,28,249.00,0.00
15235,5067,15,22,379.00,0.00
15236,5068,4,30,129.00,5.00
15237,5068,9,11,149.00,10.00
15238,5068,27,30,18.00,0.00
15239,5068,28,10,120.00,0.00
15240,5068,3,22,249.00,0.00
15241,5069,18,13,89.00,5.00
15242,5069,34,24,35.00,0.00
15243,5070,18,18,89.00,0.00
15244,5070,10,4,799.00,10.00
15245,5070,24,28,95.00,0.00
15246,5070,34,7,35.00,0.00
15247,5071,10,4,799.00,5.00
15248,5071,9,3,149.00,5.00
15249,5071,4,16,129.00,0.00
15250,5072,15,20,379.00,10.00
15251,5073,16,6,45.00,0.00
15252,5073,15,10,379.00,0.00
15253,5073,16,14,45.00,10.00
15254,5073,4,24,129.00,5.00
15255,5073,1,1,499.00,0.00
15256,5074,14,6,549.00,5.00
15257,5074,14,15,549.00,0.00
15258,5074,7,28,549.00,10.00
15259,5075,21,15,58.00,5.00
15260,5075,27,26,18.00,10.00
15261,5075,14,29,549.00,0.00
15262,5075,3,19,249.00,10.00
15263,5075,25,22,42.00,0.00
15264,5076,29,23,32.00,0.00
15265,5077,28,30,120.00,5.00
15266,5077,1,9,499.00,0.00
15267,5078,23,14,22.00,0.00
15268,5078,16,3,45.00,0.00
15269,5078,8,25,389.00,0.00
15270,5078,20,17,159.00,0.00
15271,5079,10,14,799.00,0.00
15272,5079,1,20,499.00,0.00
15273,5080,21,2,58.00,0.00
15274,5080,5,9,349.00,0.00
15275,5080,8,2,389.00,5.00
15276,5080,6,24,699.00,0.00
15277,5081,24,7,95.00,0.00
15278,5081,24,5,95.00,5.00
15279,5081,13,16,649.00,0.00
15280,5081,4,26,129.00,0.00
15281,5082,1,3,499.00,0.00
15282,5082,19,17,69.00,0.00
15283,5082,19,28,69.00,10.00
15284,5082,2,11,899.00,5.00
15285,5082,1,7,499.00,0.00
15286,5083,8,30,389.00,0.00
15287,5083,23,8,22.00,0.00
15288,5083,23,12,22.00,10.00
15289,5083,25,19,42.00,10.00
15290,5084,10,27,799.00,5.00
15291,5084,14,3,549.00,0.00
15292,5084,1,9,499.00,0.00
15293,5085,17,1,189.00,5.00
15294,5085,6,27,699.00,10.00
15295,5085,33,27,65.00,0.00
15296,5085,13,2,649.00,0.00
15297,5085,19,6,69.00,0.00
15298,5086,3,10,249.00,0.00
15299,5087,25,17,42.00,5.00
15300,5087,18,19,89.00,5.00
15301,5087,12,23,459.00,10.00
15302,5087,26,6,12.00,5.00
15303,5088,13,28,649.00,0.00
15304,5088,19,10,69.00,10.00
15305,5088,28,2,120.00,10.00
15306,5088,28,28,120.00,0.00
15307,5088,17,20,189.00,10.00
15308,5089,29,24,32.00,0.00
15309,5089,19,27,69.00,5.00
15310,5089,8,25,389.00,0.00
15311,5090,30,5,27.00,0.00
15312,5090,13,11,649.00,0.00
15313,5091,22,26,75.00,0.00
15314,5092,25,8,42.00,0.00
15315,5093,18,4,89.00,0.00
15316,5093,9,25,149.00,0.00
15317,5093,26,10,12.00,0.00
15318,5094,13,13,649.00,10.00
15319,5094,25,18,42.00,5.00
15320,5094,2,30,899.00,10.00
15321,5094,4,2,129.00,10.00
15322,5094,21,3,58.00,5.00
15323,5095,25,10,42.00,0.00
15324,5095,16,25,45.00,5.00
15325,5096,7,4,549.00,10.00
15326,5096,24,10,95.00,5.00
15327,5096,6,29,699.00,0.00
15328,5096,23,11,22.00,5.00
15329,5096,25,7,42.00,0.00
15330,5097,6,1,699.00,0.00
15331,5097,30,17,27.00,0.00
15332,5098,3,12,249.00,5.00
15333,5098,20,17,159.00,0.00
15334,5098,26,14,12.00,10.00
15335,5098,21,30,58.00,0.00
15336,5098,33,4,65.00,10.00
15337,5099,26,4,12.00,0.00
15338,5100,14,17,549.00,5.00
15339,5101,29,25,32.00,5.00
15340,5102,17,16,189.00,0.00
15341,5102,28,3,120.00,0.00
15342,5103,17,14,189.00,10.00
15343,5103,28,16,120.00,0.00
15344,5103,13,7,649.00,0.00
15345,5103,21,23,58.00,10.00
15346,5103,24,12,95.00,10.00
15347,5104,20,23,159.00,0.00
15348,5104,10,2,799.00,0.00
15349,5104,6,11,699.00,0.00
15350,5104,22,2,75.00,0.00
15351,5105,19,2,69.00,5.00
15352,5105,34,30,35.00,10.00
15353,5105,35,30,79.00,10.00
15354,5105,20,2,159.00,5.00
15355,5105,35,2,79.00,0.00
15356,5106,3,22,249.00,0.00
15357,5106,21,29,58.00,10.00
15358,5107,8,16,389.00,10.00
15359,5108,35,13,79.00,0.00
15360,5108,2,4,899.00,0.00
15361,5108,23,2,22.00,0.00
15362,5108,23,5,22.00,10.00
15363,5108,28,11,120.00,0.00
15364,5109,25,2,42.00,0.00
15365,5110,35,29,79.00,5.00
15366,5110,30,3,27.00,10.00
15367,5111,7,20,549.00,5.00
15368,5111,13,23,649.00,5.00
15369,5111,14,22,549.00,0.00
15370,5112,32,19,45.00,0.00
15371,5112,17,30,189.00,0.00
15372,5113,27,1,18.00,10.00
15373,5113,35,15,79.00,0.00
15374,5113,24,4,95.00,0.00
15375,5114,21,1,58.00,0.00
15376,5114,17,14,189.00,10.00
15377,5114,5,29,349.00,0.00
15378,5114,32,13,45.00,0.00
15379,5115,20,12,159.00,0.00
15380,5115,33,2,65.00,0.00
15381,5115,32,10,45.00,10.00
15382,5115,4,4,129.00,0.00
15383,5115,1,7,499.00,0.00
15384,5116,25,16,42.00,0.00
15385,5116,31,29,15.00,0.00
15386,5116,24,1,95.00,0.00
15387,5116,19,7,69.00,5.00
15388,5117,32,4,45.00,10.00
15389,5117,7,5,549.00,0.00
15390,5117,26,29,12.00,0.00
15391,5118,11,8,899.00,0.00
15392,5119,9,23,149.00,0.00
15393,5120,2,18,899.00,10.00
15394,5120,10,28,799.00,5.00
15395,5121,5,19,349.00,5.00
15396,5121,20,22,159.00,10.00
15397,5121,15,11,379.00,0.00
15398,5121,28,6,120.00,0.00
15399,5121,12,29,459.00,5.00
15400,5122,6,16,699.00,0.00
15401,5122,8,18,389.00,0.00
15402,5122,15,13,379.00,5.00
15403,5123,13,13,649.00,0.00
15404,5123,5,12,349.00,0.00
15405,5123,19,30,69.00,0.00
15406,5123,2,2,899.00,0.00
15407,5124,31,16,15.00,0.00
15408,5124,17,9,189.00,0.00
15409,5124,16,3,45.00,10.00
15410,5124,25,17,42.00,5.00
15411,5125,26,22,12.00,0.00
15412,5125,23,5,22.00,5.00
15413,5126,28,6,120.00,0.00
15414,5126,15,10,379.00,0.00
15415,5126,16,11,45.00,0.00
15416,5126,5,11,349.00,0.00
15417,5126,25,13,42.00,10.00
15418,5127,1,24,499.00,10.00
15419,5128,26,12,12.00,5.00
15420,5128,12,17,459.00,5.00
15421,5128,12,7,459.00,0.00
15422,5128,2,23,899.00,5.00
15423,5129,6,25,699.00,0.00
15424,5129,18,23,89.00,0.00
15425,5130,14,30,549.00,5.00
15426,5130,16,6,45.00,0.00
15427,5130,5,2,349.00,10.00
15428,5130,10,20,799.00,0.00
15429,5131,1,18,499.00,10.00
15430,5132,6,9,699.00,10.00
15431,5133,23,12,22.00,10.00
15432,5133,29,4,32.00,0.00
15433,5134,6,11,699.00,0.00
15434,5135,31,25,15.00,0.00
15435,5135,17,8,189.00,10.00
15436,5135,17,26,189.00,5.00
15437,5136,7,27,549.00,10.00
15438,5136,19,7,69.00,0.00
15439,5136,18,8,89.00,10.00
15440,5136,8,21,389.00,5.00
15441,5137,30,22,27.00,0.00
15442,5138,35,27,79.00,0.00
15443,5139,33,10,65.00,10.00
15444,5140,30,20,27.00,5.00
15445,5141,23,6,22.00,10.00
15446,5141,34,5,35.00,5.00
15447,5141,20,12,159.00,0.00
15448,5141,3,19,249.00,10.00
15449,5142,10,17,799.00,0.00
15450,5142,13,24,649.00,10.00
15451,5143,30,21,27.00,5.00
15452,5143,31,1,15.00,0.00
15453,5144,23,26,22.00,0.00
15454,5145,35,21,79.00,0.00
15455,5145,18,30,89.00,0.00
15456,5146,5,16,349.00,0.00
15457,5146,20,4,159.00,10.00
15458,5146,13,1,649.00,10.00
15459,5146,16,18,45.00,0.00
15460,5147,10,13,799.00,0.00
15461,5147,12,22,459.00,5.00
15462,5147,1,3,499.00,0.00
15463,5147,1,21,499.00,0.00
15464,5147,1,25,499.00,0.00
15465,5148,28,24,120.00,0.00
15466,5149,12,14,459.00,0.00
15467,5149,7,1,549.00,0.00
15468,5149,16,23,45.00,0.00
15469,5149,25,10,42.00,0.00
15470,5150,28,30,120.00,5.00
15471,5150,8,4,389.00,10.00
15472,5150,11,21,899.00,0.00
15473,5150,31,16,15.00,0.00
15474,5151,1,29,499.00,5.00
15475,5151,18,15,89.00,10.00
15476,5152,32,7,45.00,0.00
15477,5153,3,11,249.00,0.00
15478,5153,19,5,69.00,0.00
15479,5153,33,15,65.00,5.00
15480,5153,23,10,22.00,5.00
15481,5154,33,12,65.00,0.00
15482,5154,18,5,89.00,0.00
15483,5154,19,2,69.00,5.00
15484,5154,17,4,189.00,0.00
15485,5155,16,21,45.00,0.00
15486,5156,2,26,899.00,0.00
15487,5156,16,18,45.00,0.00
15488,5156,3,22,249.00,0.00
15489,5156,25,12,42.00,5.00
15490,5157,7,12,549.00,0.00
15491,5158,18,28,89.00,0.00
15492,5158,24,2,95.00,0.00
15493,5158,10,16,799.00,5.00
15494,5158,14,17,549.00,0.00
15495,5158,7,8,549.00,5.00
15496,5159,23,11,22.00,10.00
15497,5159,2,23,899.00,5.00
15498,5160,29,28,32.00,0.00
15499,5161,23,13,22.00,0.00
15500,5161,4,9,129.00,0.00
15501,5161,3,25,249.00,5.00
15502,5161,18,6,89.00,0.00
15503,5161,24,29,95.00,5.00
15504,5162,22,27,75.00,5.00
15505,5162,22,1,75.00,0.00
15506,5163,35,12,79.00,10.00
15507,5164,6,29,699.00,0.00
15508,5164,29,1,32.00,5.00
15509,5164,5,22,349.00,0.00
15510,5164,3,18,249.00,5.00
15511,5164,3,1,249.00,10.00
15512,5165,33,25,65.00,0.00
15513,5165,33,25,65.00,0.00
15514,5165,9,5,149.00,0.00
15515,5165,29,28,32.00,0.00
15516,5166,23,23,22.00,10.00
15517,5167,31,10,15.00,10.00
15518,5167,34,26,35.00,0.00
15519,5167,5,22,349.00,0.00
15520,5167,14,18,549.00,10.00
15521,5168,4,23,129.00,0.00
15522,5168,9,21,149.00,5.00
15523,5168,11,15,899.00,0.00
15524,5168,4,2,129.00,10.00
15525,5168,3,26,249.00,0.00
15526,5169,9,10,149.00,10.00
15527,5169,10,25,799.00,0.00
15528,5170,34,19,35.00,0.00
15529,5171,5,18,349.00,5.00
15530,5171,15,4,379.00,0.00
15531,5171,26,12,12.00,5.00
15532,5171,24,3,95.00,0.00
15533,5172,22,3,75.00,0.00
15534,5172,23,14,22.00,0.00
15535,5172,4,20,129.00,10.00
15536,5172,20,4,159.00,10.00
15537,5173,2,6,899.00,10.00
15538,5173,24,25,95.00,0.00
15539,5173,24,11,95.00,5.00
15540,5173,7,1,549.00,0.00
15541,5174,34,12,35.00,10.00
15542,5174,25,19,42.00,10.00
15543,5174,4,17,129.00,0.00
15544,5174,29,18,32.00,0.00
15545,5174,17,1,189.00,5.00
15546,5175,18,25,89.00,5.00
15547,5175,32,14,45.00,5.00
15548,5175,23,12,22.00,10.00
15549,5176,34,4,35.00,5.00
15550,5176,34,25,35.00,0.00
15551,5176,25,24,42.00,5.00
15552,5177,16,28,45.00,0.00
15553,5178,9,8,149.00,0.00
15554,5178,20,13,159.00,0.00
15555,5178,29,24,32.00,0.00
15556,5178,14,9,549.00,0.00
15557,5178,23,8,22.00,0.00
15558,5179,18,21,89.00,10.00
15559,5179,18,24,89.00,0.00
15560,5179,34,11,35.00,10.00
15561,5179,9,22,149.00,10.00
15562,5179,32,3,45.00,5.00
15563,5180,29,28,32.00,0.00
15564,5180,3,26,249.00,10.00
15565,5180,14,1,549.00,10.00
15566,5180,12,1,459.00,0.00
15567,5181,27,4,18.00,0.00
15568,5181,3,16,249.00,0.00
15569,5181,3,11,249.00,0.00
15570,5182,28,25,120.00,5.00
15571,5182,31,12,15.00,0.00
15572,5182,12,24,459.00,10.00
15573,5182,9,15,149.00,5.00
15574,5183,23,9,22.00,0.00
15575,5183,22,18,75.00,0.00
15576,5184,11,7,899.00,0.00
15577,5185,26,13,12.00,10.00
15578,5185,9,18,149.00,0.00
15579,5185,1,20,499.00,0.00
15580,5185,1,15,499.00,0.00
15581,5186,26,1,12.00,10.00
15582,5186,5,5,349.00,0.00
15583,5186,9,5,149.00,0.00
15584,5186,35,21,79.00,0.00
15585,5186,1,25,499.00,0.00
15586,5187,8,20,389.00,0.00
15587,5188,1,13,499.00,0.00
15588,5188,35,23,79.00,10.00
15589,5188,30,23,27.00,0.00
15590,5188,23,21,22.00,0.00
15591,5188,25,26,42.00,0.00
15592,5189,15,2,379.00,10.00
15593,5190,19,6,69.00,0.00
15594,5191,34,30,35.00,10.00
15595,5191,1,2,499.00,0.00
15596,5191,32,27,45.00,5.00
15597,5191,2,29,899.00,5.00
15598,5192,5,20,349.00,10.00
15599,5192,22,10,75.00,5.00
15600,5192,21,27,58.00,0.00
15601,5192,11,24,899.00,10.00
15602,5193,11,17,899.00,10.00
15603,5193,17,28,189.00,0.00
15604,5193,29,25,32.00,0.00
15605,5193,14,6,549.00,10.00
15606,5194,23,13,22.00,0.00
15607,5194,25,28,42.00,0.00
15608,5194,23,24,22.00,10.00
15609,5194,13,30,649.00,10.00
15610,5194,12,2,459.00,0.00
15611,5195,24,12,95.00,10.00
15612,5195,19,24,69.00,0.00
15613,5195,10,14,799.00,0.00
15614,5195,16,6,45.00,5.00
15615,5195,16,14,45.00,10.00
15616,5196,23,9,22.00,0.00
15617,5196,24,26,95.00,0.00
15618,5196,14,11,549.00,5.00
15619,5196,7,28,549.00,0.00
15620,5196,21,23,58.00,10.00
15621,5197,24,23,95.00,5.00
15622,5197,12,15,459.00,0.00
15623,5197,19,15,69.00,5.00
15624,5198,26,23,12.00,0.00
15625,5198,9,24,149.00,0.00
15626,5199,31,5,15.00,0.00
15627,5199,3,3,249.00,0.00
15628,5199,27,7,18.00,5.00
15629,5199,9,26,149.00,0.00
15630,5200,27,17,18.00,0.00
15631,5200,33,1,65.00,0.00
15632,5200,17,14,189.00,10.00
15633,5200,34,7,35.00,0.00
15634,5201,27,4,18.00,0.00
15635,5201,6,27,699.00,10.00
15636,5201,2,13,899.00,10.00
15637,5201,13,30,649.00,10.00
15638,5201,22,11,75.00,10.00
15639,5202,34,15,35.00,5.00
15640,5203,2,8,899.00,0.00
15641,5203,27,15,18.00,0.00
15642,5204,14,17,549.00,0.00
15643,5204,4,27,129.00,0.00
15644,5204,7,11,549.00,0.00
15645,5204,4,26,129.00,10.00
15646,5205,34,13,35.00,0.00
15647,5206,11,14,899.00,0.00
15648,5207,24,10,95.00,5.00
15649,5207,3,16,249.00,0.00
15650,5208,10,9,799.00,0.00
15651,5208,2,17,899.00,0.00
15652,5208,5,29,349.00,0.00
15653,5208,8,24,389.00,0.00
15654,5209,33,9,65.00,0.00
15655,5209,6,29,699.00,0.00
15656,5209,33,16,65.00,10.00
15657,5210,3,26,249.00,0.00
15658,5210,27,17,18.00,0.00
15659,5210,31,27,15.00,5.00
15660,5210,12,8,459.00,0.00
15661,5210,19,26,69.00,5.00
15662,5211,14,5,549.00,5.00
15663,5211,28,30,120.00,0.00
15664,5211,31,21,15.00,10.00
15665,5212,11,4,899.00,0.00
15666,5212,22,10,75.00,5.00
15667,5212,30,28,27.00,0.00
15668,5212,17,9,189.00,10.00
15669,5212,27,3,18.00,0.00
15670,5213,15,27,379.00,0.00
15671,5213,5,8,349.00,5.00
15672,5213,8,22,389.00,10.00
15673,5213,19,24,69.00,0.00
15674,5214,22,23,75.00,10.00
15675,5214,12,28,459.00,0.00
15676,5214,31,24,15.00,0.00
15677,5214,19,14,69.00,5.00
15678,5215,17,17,189.00,0.00
15679,5215,27,29,18.00,0.00
15680,5215,18,3,89.00,10.00
15681,5215,17,15,189.00,0.00
15682,5215,29,26,32.00,10.00
15683,5216,2,13,899.00,10.00
15684,5216,19,25,69.00,0.00
15685,5216,25,9,42.00,0.00
15686,5217,34,26,35.00,0.00
15687,5217,5,21,349.00,10.00
15688,5217,33,19,65.00,0.00
15689,5217,32,12,45.00,0.00
15690,5217,15,3,379.00,0.00
15691,5218,9,30,149.00,0.00
15692,5218,10,18,799.00,0.00
15693,5219,32,13,45.00,0.00
15694,5219,22,28,75.00,10.00
15695,5219,16,20,45.00,10.00
15696,5219,30,10,27.00,0.00
15697,5220,32,6,45.00,0.00
15698,5220,11,1,899.00,0.00
15699,5220,25,4,42.00,0.00
15700,5221,30,5,27.00,0.00
15701,5222,25,2,42.00,0.00
15702,5222,21,16,58.00,5.00
15703,5222,6,19,699.00,5.00
15704,5222,10,14,799.00,0.00
15705,5222,31,30,15.00,0.00
15706,5223,8,8,389.00,0.00
15707,5223,30,21,27.00,10.00
15708,5224,8,15,389.00,10.00
15709,5224,34,6,35.00,10.00
15710,5224,10,13,799.00,0.00
15711,5224,22,27,75.00,0.00
15712,5224,4,26,129.00,0.00
15713,5225,6,20,699.00,5.00
15714,5226,31,11,15.00,0.00
15715,5226,29,14,32.00,10.00
15716,5227,12,20,459.00,0.00
15717,5227,13,1,649.00,0.00
15718,5228,32,15,45.00,5.00
15719,5228,33,18,65.00,0.00
15720,5228,7,11,549.00,0.00
15721,5228,28,13,120.00,5.00
15722,5229,5,7,349.00,5.00
15723,5230,12,19,459.00,0.00
15724,5230,14,24,549.00,5.00
15725,5231,21,11,58.00,0.00
15726,5232,10,5,799.00,10.00
15727,5233,7,1,549.00,0.00
15728,5233,28,6,120.00,5.00
15729,5233,23,10,22.00,5.00
15730,5233,11,15,899.00,0.00
15731,5234,33,3,65.00,0.00
15732,5234,20,3,159.00,10.00
15733,5234,29,19,32.00,5.00
15734,5234,16,7,45.00,10.00
15735,5234,16,21,45.00,0.00
15736,5235,5,14,349.00,5.00
15737,5235,23,24,22.00,0.00
15738,5235,32,11,45.00,0.00
15739,5235,1,30,499.00,10.00
15740,5236,20,29,159.00,0.00
15741,5236,23,28,22.00,5.00
15742,5236,26,15,12.00,0.00
15743,5237,11,22,899.00,5.00
15744,5237,2,10,899.00,0.00
15745,5237,21,10,58.00,10.00
15746,5237,22,10,75.00,5.00
15747,5238,31,17,15.00,0.00
15748,5238,2,22,899.00,0.00
15749,5238,19,1,69.00,0.00
15750,5238,11,4,899.00,5.00
15751,5239,25,16,42.00,0.00
15752,5239,33,7,65.00,0.00
15753,5239,21,8,58.00,0.00
15754,5239,19,9,69.00,5.00
15755,5240,27,27,18.00,0.00
15756,5240,5,6,349.00,0.00
15757,5240,8,14,389.00,5.00
15758,5240,24,16,95.00,0.00
15759,5240,3,23,249.00,5.00
15760,5241,34,20,35.00,0.00
15761,5241,18,22,89.00,0.00
15762,5241,32,17,45.00,10.00
15763,5241,3,17,249.00,0.00
15764,5242,22,30,75.00,10.00
15765,5242,34,27,35.00,0.00
15766,5242,5,29,349.00,0.00
15767,5242,7,23,549.00,0.00
15768,5243,29,13,32.00,5.00
15769,5243,10,7,799.00,0.00
15770,5244,20,15,159.00,5.00
15771,5244,8,28,389.00,10.00
15772,5244,4,18,129.00,5.00
15773,5245,12,19,459.00,0.00
15774,5245,26,8,12.00,0.00
15775,5246,4,10,129.00,0.00
15776,5247,18,15,89.00,10.00
15777,5247,8,8,389.00,5.00
15778,5247,11,21,899.00,0.00
15779,5247,27,3,18.00,0.00
15780,5248,17,18,189.00,0.00
15781,5248,1,11,499.00,10.00
15782,5248,33,7,65.00,0.00
15783,5249,6,26,699.00,5.00
15784,5249,14,18,549.00,5.00
15785,5249,4,4,129.00,0.00
15786,5249,13,24,649.00,5.00
15787,5249,18,8,89.00,5.00
15788,5250,11,6,899.00,0.00
15789,5250,28,21,120.00,0.00
15790,5250,18,3,89.00,0.00
15791,5251,29,26,32.00,10.00
15792,5252,10,18,799.00,0.00
15793,5252,5,4,349.00,0.00
15794,5253,5,10,349.00,0.00
15795,5253,13,1,649.00,0.00
15796,5253,1,3,499.00,0.00
15797,5254,8,9,389.00,5.00
15798,5254,28,25,120.00,5.00
15799,5255,1,24,499.00,10.00
15800,5256,35,18,79.00,10.00
15801,5257,34,12,35.00,0.00
15802,5257,8,24,389.00,0.00
15803,5257,8,4,389.00,10.00
15804,5258,21,26,58.00,0.00
15805,5258,12,27,459.00,0.00
15806,5259,27,12,18.00,0.00
15807,5259,29,9,32.00,0.00
15808,5259,9,4,149.00,10.00
15809,5260,24,8,95.00,0.00
15810,5261,16,1,45.00,5.00
15811,5261,27,15,18.00,0.00
15812,5261,4,7,129.00,5.00
15813,5261,34,19,35.00,0.00
15814,5262,35,2,79.00,0.00
15815,5262,22,2,75.00,0.00
15816,5263,18,30,89.00,0.00
15817,5264,25,13,42.00,10.00
15818,5264,9,17,149.00,0.00
15819,5264,19,18,69.00,0.00
15820,5264,28,1,120.00,5.00
15821,5265,31,19,15.00,0.00
15822,5265,18,4,89.00,0.00
15823,5265,5,11,349.00,0.00
15824,5265,35,20,79.00,0.00
15825,5265,13,2,649.00,0.00
15826,5266,26,26,12.00,0.00
15827,5266,25,11,42.00,5.00
15828,5266,19,16,69.00,10.00
15829,5267,8,28,389.00,10.00
15830,5267,29,11,32.00,0.00
15831,5267,22,3,75.00,0.00
15832,5267,9,24,149.00,0.00
15833,5268,35,1,79.00,0.00
15834,5268,11,10,899.00,5.00
15835,5268,18,13,89.00,5.00
15836,5268,33,21,65.00,5.00
15837,5268,6,25,699.00,5.00
15838,5269,12,19,459.00,0.00
15839,5269,1,16,499.00,0.00
15840,5270,5,28,349.00,0.00
15841,5270,25,18,42.00,5.00
15842,5270,9,26,149.00,0.00
15843,5270,31,27,15.00,5.00
15844,5270,11,4,899.00,5.00
15845,5271,11,23,899.00,10.00
15846,5271,13,1,649.00,10.00
15847,5271,29,4,32.00,0.00
15848,5272,5,20,349.00,10.00
15849,5273,20,14,159.00,0.00
15850,5274,23,9,22.00,0.00
15851,5274,13,16,649.00,0.00
15852,5274,8,13,389.00,0.00
15853,5274,20,23,159.00,0.00
15854,5275,14,2,549.00,0.00
15855,5275,14,20,549.00,0.00
15856,5276,15,6,379.00,5.00
15857,5276,30,6,27.00,0.00
15858,5277,17,20,189.00,10.00
15859,5277,12,2,459.00,0.00
15860,5277,10,15,799.00,0.00
15861,5277,18,23,89.00,0.00
15862,5277,2,13,899.00,10.00
15863,5278,22,15,75.00,0.00
15864,5278,12,30,459.00,10.00
15865,5278,23,14,22.00,0.00
15866,5278,4,20,129.00,10.00
15867,5278,1,1,499.00,0.00
15868,5279,35,1,79.00,0.00
15869,5279,11,11,899.00,10.00
15870,5279,5,5,349.00,0.00
15871,5279,7,30,549.00,0.00
15872,5280,14,13,549.00,10.00
15873,5281,6,21,699.00,10.00
15874,5282,1,12,499.00,10.00
15875,5282,2,20,899.00,0.00
15876,5282,23,27,22.00,0.00
15877,5283,21,14,58.00,0.00
15878,5283,30,26,27.00,5.00
15879,5283,14,18,549.00,5.00
15880,5283,32,9,45.00,5.00
15881,5283,33,13,65.00,0.00
15882,5284,24,27,95.00,0.00
15883,5285,32,12,45.00,0.00
15884,5285,31,23,15.00,0.00
15885,5286,21,10,58.00,10.00
15886,5286,14,12,549.00,5.00
15887,5286,12,19,459.00,0.00
15888,5286,10,8,799.00,0.00
15889,5286,30,19,27.00,0.00
15890,5287,32,3,45.00,5.00
15891,5287,34,27,35.00,5.00
15892,5287,13,30,649.00,10.00
15893,5288,7,21,549.00,10.00
15894,5288,18,23,89.00,0.00
15895,5288,11,18,899.00,10.00
15896,5288,8,3,389.00,10.00
15897,5289,5,19,349.00,0.00
15898,5290,2,30,899.00,5.00
15899,5290,27,18,18.00,5.00
15900,5290,18,16,89.00,0.00
15901,5291,22,15,75.00,0.00
15902,5292,13,16,649.00,0.00
15903,5292,13,3,649.00,0.00
15904,5292,34,3,35.00,0.00
15905,5292,11,30,899.00,0.00
15906,5293,11,5,899.00,5.00
15907,5293,21,15,58.00,5.00
15908,5293,28,1,120.00,5.00
15909,5294,23,10,22.00,5.00
15910,5294,20,19,159.00,0.00
15911,5295,2,14,899.00,0.00
15912,5295,2,30,899.00,5.00
15913,5295,35,19,79.00,0.00
15914,5296,1,17,499.00,5.00
15915,5297,34,17,35.00,10.00
15916,5297,35,6,79.00,10.00
15917,5298,25,24,42.00,5.00
15918,5298,21,18,58.00,0.00
15919,5298,25,9,42.00,0.00
15920,5299,33,22,65.00,10.00
15921,5299,35,15,79.00,0.00
15922,5299,23,29,22.00,10.00
15923,5299,13,8,649.00,0.00
15924,5299,3,28,249.00,0.00
15925,5300,22,3,75.00,0.00
15926,5300,19,1,69.00,0.00
15927,5300,9,25,149.00,0.00
15928,5300,13,22,649.00,0.00
15929,5301,4,27,129.00,0.00
15930,5301,12,30,459.00,10.00
15931,5301,31,16,15.00,10.00
15932,5301,7,3,549.00,10.00
15933,5301,7,9,549.00,10.00
15934,5302,32,26,45.00,0.00
15935,5302,35,14,79.00,0.00
15936,5303,15,24,379.00,5.00
15937,5304,16,4,45.00,0.00
15938,5305,31,1,15.00,0.00
15939,5305,13,10,649.00,0.00
15940,5305,19,6,69.00,0.00
15941,5306,19,3,69.00,5.00
15942,5306,22,25,75.00,0.00
15943,5306,18,30,89.00,0.00
15944,5306,9,28,149.00,10.00
15945,5306,13,12,649.00,5.00
15946,5307,24,7,95.00,10.00
15947,5307,8,4,389.00,10.00
15948,5307,19,21,69.00,10.00
15949,5307,18,22,89.00,0.00
15950,5308,7,2,549.00,5.00
15951,5308,4,16,129.00,0.00
15952,5308,7,26,549.00,5.00
15953,5308,1,28,499.00,0.00
15954,5309,20,22,159.00,0.00
15955,5309,31,10,15.00,10.00
15956,5309,33,24,65.00,0.00
15957,5309,30,4,27.00,0.00
15958,5310,14,14,549.00,0.00
15959,5310,25,13,42.00,0.00
15960,5310,5,11,349.00,0.00
15961,5311,27,11,18.00,0.00
15962,5311,31,6,15.00,0.00
15963,5311,12,15,459.00,0.00
15964,5311,20,20,159.00,0.00
15965,5311,32,24,45.00,0.00
15966,5312,33,1,65.00,0.00
15967,5313,11,6,899.00,0.00
15968,5314,2,27,899.00,0.00
15969,5315,10,16,799.00,5.00
15970,5315,9,29,149.00,10.00
15971,5315,2,10,899.00,0.00
15972,5315,11,5,899.00,10.00
15973,5316,13,14,649.00,0.00
15974,5316,20,9,159.00,5.00
15975,5316,34,14,35.00,0.00
15976,5317,22,16,75.00,5.00
15977,5317,31,9,15.00,5.00
15978,5318,13,16,649.00,0.00
15979,5319,30,11,27.00,0.00
15980,5319,18,17,89.00,0.00
15981,5319,12,5,459.00,5.00
15982,5320,8,4,389.00,10.00
15983,5320,7,8,549.00,5.00
15984,5320,13,29,649.00,5.00
15985,5320,25,10,42.00,0.00
15986,5321,23,11,22.00,10.00
15987,5321,2,22,899.00,0.00
15988,5321,8,19,389.00,0.00
15989,5321,10,4,799.00,5.00
15990,5321,21,19,58.00,0.00
15991,5322,27,6,18.00,0.00
15992,5322,13,4,649.00,0.00
15993,5322,26,14,12.00,0.00
15994,5322,28,25,120.00,5.00
15995,5322,12,11,459.00,5.00
15996,5323,19,17,69.00,0.00
15997,5323,3,28,249.00,0.00
15998,5324,3,24,249.00,5.00
15999,5325,23,28,22.00,5.00
16000,5325,18,17,89.00,0.00
16001,5325,19,30,69.00,0.00
16002,5326,34,23,35.00,10.00
16003,5326,16,11,45.00,0.00
16004,5326,12,5,459.00,5.00
16005,5326,19,7,69.00,0.00
16006,5327,35,23,79.00,5.00
16007,5327,25,5,42.00,5.00
16008,5327,34,24,35.00,10.00
16009,5327,18,20,89.00,5.00
16010,5328,18,22,89.00,0.00
16011,5328,19,8,69.00,5.00
16012,5328,14,1,549.00,10.00
16013,5328,30,9,27.00,10.00
16014,5328,11,3,899.00,0.00
16015,5329,1,27,499.00,0.00
16016,5329,35,29,79.00,10.00
16017,5330,34,9,35.00,0.00
16018,5330,16,27,45.00,0.00
16019,5330,28,20,120.00,10.00
16020,5331,34,4,35.00,5.00
16021,5331,13,15,649.00,0.00
16022,5331,25,7,42.00,0.00
16023,5332,29,23,32.00,0.00
16024,5332,20,21,159.00,5.00
16025,5332,17,9,189.00,10.00
16026,5333,24,13,95.00,0.00
16027,5333,4,11,129.00,0.00
16028,5333,26,18,12.00,5.00
16029,5333,2,28,899.00,0.00
16030,5334,9,5,149.00,0.00
16031,5334,23,7,22.00,0.00
16032,5335,12,24,459.00,10.00
16033,5335,35,10,79.00,5.00
16034,5335,9,9,149.00,5.00
16035,5335,28,24,120.00,0.00
16036,5336,31,15,15.00,10.00
16037,5336,20,13,159.00,0.00
16038,5336,21,24,58.00,0.00
16039,5336,18,29,89.00,0.00
16040,5337,22,18,75.00,0.00
16041,5338,4,3,129.00,0.00
16042,5338,19,4,69.00,0.00
16043,5338,31,7,15.00,0.00
16044,5338,34,5,35.00,10.00
16045,5339,20,2,159.00,0.00
16046,5339,24,22,95.00,0.00
16047,5339,14,14,549.00,0.00
16048,5339,7,19,549.00,0.00
16049,5339,22,18,75.00,0.00
16050,5340,13,15,649.00,0.00
16051,5340,34,30,35.00,0.00
16052,5340,4,15,129.00,0.00
16053,5341,32,22,45.00,5.00
16054,5341,29,23,32.00,0.00
16055,5341,3,18,249.00,5.00
16056,5341,31,6,15.00,0.00
16057,5342,14,23,549.00,5.00
16058,5343,26,13,12.00,10.00
16059,5343,17,17,189.00,0.00
16060,5344,30,18,27.00,0.00
16061,5344,18,5,89.00,0.00
16062,5344,17,25,189.00,5.00
16063,5345,3,3,249.00,0.00
16064,5345,23,21,22.00,0.00
16065,5345,23,17,22.00,10.00
16066,5345,21,12,58.00,0.00
16067,5346,10,13,799.00,0.00
16068,5346,32,27,45.00,5.00
16069,5346,32,10,45.00,10.00
16070,5346,17,24,189.00,0.00
16071,5347,33,24,65.00,0.00
16072,5347,4,8,129.00,10.00
16073,5347,29,12,32.00,0.00
16074,5347,8,19,389.00,0.00
16075,5347,8,25,389.00,0.00
16076,5348,2,7,899.00,10.00
16077,5348,30,15,27.00,10.00
16078,5349,16,9,45.00,0.00
16079,5349,10,9,799.00,5.00
16080,5349,16,7,45.00,10.00
16081,5349,15,20,379.00,10.00
16082,5349,28,4,120.00,0.00
16083,5350,33,27,65.00,5.00
16084,5350,19,22,69.00,0.00
16085,5350,35,27,79.00,0.00
16086,5351,18,17,89.00,0.00
16087,5351,19,28,69.00,0.00
16088,5352,29,29,32.00,0.00
16089,5353,15,13,379.00,10.00
16090,5353,31,26,15.00,5.00
16091,5353,34,22,35.00,5.00
16092,5354,5,12,349.00,0.00
16093,5354,15,16,379.00,0.00
16094,5354,1,4,499.00,0.00
16095,5354,15,13,379.00,10.00
16096,5355,10,15,799.00,0.00
16097,5355,7,10,549.00,0.00
16098,5355,19,11,69.00,0.00
16099,5355,20,12,159.00,0.00
16100,5355,15,5,379.00,0.00
16101,5356,22,20,75.00,0.00
16102,5356,12,10,459.00,0.00
16103,5356,29,11,32.00,0.00
16104,5357,31,28,15.00,0.00
16105,5357,17,8,189.00,5.00
16106,5357,35,23,79.00,5.00
16107,5357,22,24,75.00,0.00
16108,5358,1,8,499.00,0.00
16109,5358,12,29,459.00,10.00
16110,5358,15,15,379.00,0.00
16111,5358,14,15,549.00,0.00
16112,5358,17,25,189.00,5.00
16113,5359,17,14,189.00,10.00
16114,5359,10,17,799.00,10.00
16115,5359,1,8,499.00,0.00
16116,5359,15,13,379.00,10.00
16117,5360,18,26,89.00,5.00
16118,5360,7,22,549.00,0.00
16119,5360,31,11,15.00,0.00
16120,5361,14,21,549.00,0.00
16121,5361,8,11,389.00,0.00
16122,5361,14,20,549.00,0.00
16123,5361,10,9,799.00,5.00
16124,5362,6,1,699.00,5.00
16125,5362,14,26,549.00,0.00
16126,5362,32,8,45.00,0.00
16127,5362,6,30,699.00,0.00
16128,5362,4,11,129.00,0.00
16129,5363,14,22,549.00,0.00
16130,5364,22,22,75.00,10.00
16131,5364,30,24,27.00,0.00
16132,5364,31,1,15.00,0.00
16133,5365,7,11,549.00,0.00
16134,5365,20,12,159.00,0.00
16135,5365,16,8,45.00,10.00
16136,5365,30,15,27.00,10.00
16137,5365,35,7,79.00,0.00
16138,5366,25,7,42.00,10.00
16139,5367,31,11,15.00,0.00
16140,5368,8,13,389.00,0.00
16141,5368,11,27,899.00,0.00
16142,5368,5,28,349.00,0.00
16143,5368,23,12,22.00,10.00
16144,5368,15,10,379.00,0.00
16145,5369,21,14,58.00,0.00
16146,5369,5,4,349.00,0.00
16147,5369,31,17,15.00,0.00
16148,5370,24,16,95.00,0.00
16149,5370,4,29,129.00,0.00
16150,5370,13,13,649.00,0.00
16151,5370,32,13,45.00,0.00
16152,5371,12,17,459.00,5.00
16153,5372,33,28,65.00,10.00
16154,5372,16,22,45.00,0.00
16155,5372,9,11,149.00,0.00
16156,5372,8,29,389.00,0.00
16157,5372,16,2,45.00,10.00
16158,5373,22,19,75.00,0.00
16159,5373,6,5,699.00,0.00
16160,5373,8,1,389.00,0.00
16161,5373,9,27,149.00,5.00
16162,5373,27,23,18.00,0.00
16163,5374,31,7,15.00,0.00
16164,5375,22,10,75.00,5.00
16165,5375,30,30,27.00,0.00
16166,5375,18,21,89.00,10.00
16167,5375,12,1,459.00,0.00
16168,5375,12,13,459.00,0.00
16169,5376,21,9,58.00,0.00
16170,5376,2,17,899.00,5.00
16171,5376,20,27,159.00,5.00
16172,5376,6,16,699.00,0.00
16173,5376,26,14,12.00,0.00
16174,5377,7,19,549.00,0.00
16175,5377,24,25,95.00,0.00
16176,5377,30,3,27.00,10.00
16177,5378,24,12,95.00,10.00
16178,5378,20,29,159.00,0.00
16179,5379,31,11,15.00,0.00
16180,5379,34,7,35.00,0.00
16181,5379,14,8,549.00,0.00
16182,5379,21,24,58.00,0.00
16183,5380,24,4,95.00,0.00
16184,5381,11,26,899.00,0.00
16185,5381,31,15,15.00,10.00
16186,5381,23,25,22.00,0.00
16187,5382,35,30,79.00,10.00
16188,5382,25,23,42.00,0.00
16189,5383,28,12,120.00,5.00
16190,5383,33,22,65.00,10.00
16191,5383,1,17,499.00,5.00
16192,5384,22,24,75.00,0.00
16193,5384,33,15,65.00,5.00
16194,5384,26,23,12.00,0.00
16195,5385,14,26,549.00,0.00
16196,5385,30,29,27.00,0.00
16197,5386,6,5,699.00,0.00
16198,5386,21,11,58.00,0.00
16199,5386,35,26,79.00,0.00
16200,5387,18,11,89.00,0.00
16201,5387,30,23,27.00,0.00
16202,5388,25,16,42.00,0.00
16203,5388,25,7,42.00,10.00
16204,5388,5,25,349.00,5.00
16205,5388,3,9,249.00,0.00
16206,5388,33,4,65.00,10.00
16207,5389,12,20,459.00,0.00
16208,5390,15,11,379.00,0.00
16209,5390,18,1,89.00,5.00
16210,5390,35,1,79.00,0.00
16211,5390,4,23,129.00,0.00
16212,5390,6,9,699.00,0.00
16213,5391,33,12,65.00,0.00
16214,5391,19,8,69.00,0.00
16215,5391,9,15,149.00,0.00
16216,5392,15,5,379.00,0.00
16217,5392,33,9,65.00,0.00
16218,5392,5,25,349.00,5.00
16219,5392,10,4,799.00,5.00
16220,5392,17,3,189.00,0.00
16221,5393,11,20,899.00,0.00
16222,5393,2,1,899.00,10.00
16223,5393,20,2,159.00,0.00
16224,5393,23,18,22.00,10.00
16225,5393,5,22,349.00,0.00
16226,5394,6,8,699.00,10.00
16227,5394,8,20,389.00,5.00
16228,5394,13,24,649.00,5.00
16229,5395,9,17,149.00,0.00
16230,5395,14,29,549.00,0.00
16231,5395,4,23,129.00,0.00
16232,5396,33,15,65.00,0.00
16233,5396,18,24,89.00,0.00
16234,5396,15,30,379.00,5.00
16235,5396,28,19,120.00,10.00
16236,5397,23,23,22.00,5.00
16237,5397,25,5,42.00,0.00
16238,5397,21,4,58.00,10.00
16239,5397,30,21,27.00,10.00
16240,5397,22,8,75.00,0.00
16241,5398,10,19,799.00,0.00
16242,5398,28,30,120.00,0.00
16243,5398,19,5,69.00,0.00
16244,5399,31,14,15.00,5.00
16245,5399,26,24,12.00,5.00
16246,5399,10,6,799.00,0.00
16247,5399,9,21,149.00,5.00
16248,5400,35,14,79.00,0.00
16249,5400,9,8,149.00,0.00
16250,5400,4,25,129.00,5.00
16251,5400,11,8,899.00,0.00
16252,5400,6,19,699.00,5.00
16253,5401,10,19,799.00,0.00
16254,5401,16,14,45.00,10.00
16255,5401,34,7,35.00,0.00
16256,5401,10,26,799.00,0.00
16257,5401,16,2,45.00,10.00
16258,5402,16,11,45.00,0.00
16259,5402,24,11,95.00,5.00
16260,5402,16,3,45.00,0.00
16261,5402,19,6,69.00,0.00
16262,5402,32,20,45.00,0.00
16263,5403,12,30,459.00,10.00
16264,5403,22,12,75.00,0.00
16265,5403,35,26,79.00,0.00
16266,5403,35,30,79.00,0.00
16267,5403,7,25,549.00,0.00
16268,5404,26,30,12.00,10.00
16269,5404,2,24,899.00,10.00
16270,5404,28,12,120.00,5.00
16271,5404,31,17,15.00,0.00
16272,5404,29,25,32.00,0.00
16273,5405,31,4,15.00,10.00
16274,5405,12,28,459.00,0.00
16275,5406,17,2,189.00,10.00
16276,5406,2,20,899.00,0.00
16277,5406,29,18,32.00,0.00
16278,5406,15,25,379.00,10.00
16279,5407,30,27,27.00,10.00
16280,5407,30,15,27.00,10.00
16281,5407,34,7,35.00,0.00
16282,5408,29,27,32.00,10.00
16283,5408,28,9,120.00,0.00
16284,5408,27,13,18.00,5.00
16285,5409,3,9,249.00,0.00
16286,5409,26,8,12.00,0.00
16287,5409,4,29,129.00,0.00
16288,5409,26,3,12.00,0.00
16289,5410,4,3,129.00,0.00
16290,5410,12,8,459.00,0.00
16291,5410,32,16,45.00,10.00
16292,5411,13,16,649.00,0.00
16293,5412,2,24,899.00,5.00
16294,5413,33,15,65.00,5.00
16295,5413,22,9,75.00,0.00
16296,5413,1,12,499.00,10.00
16297,5413,7,10,549.00,0.00
16298,5414,16,21,45.00,0.00
16299,5415,33,5,65.00,10.00
16300,5415,2,16,899.00,0.00
16301,5415,27,13,18.00,10.00
16302,5415,35,13,79.00,0.00
16303,5415,4,10,129.00,0.00
16304,5416,26,30,12.00,5.00
16305,5416,15,3,379.00,0.00
16306,5416,17,30,189.00,0.00
16307,5417,7,13,549.00,0.00
16308,5417,9,22,149.00,10.00
16309,5417,35,14,79.00,0.00
16310,5418,30,6,27.00,0.00
16311,5418,6,26,699.00,5.00
16312,5418,29,2,32.00,10.00
16313,5418,8,14,389.00,5.00
16314,5419,13,3,649.00,0.00
16315,5419,32,4,45.00,10.00
16316,5419,15,8,379.00,10.00
16317,5420,12,5,459.00,5.00
16318,5420,8,28,389.00,10.00
16319,5420,33,27,65.00,0.00
16320,5420,5,30,349.00,0.00
16321,5420,21,13,58.00,0.00
16322,5421,19,13,69.00,5.00
16323,5422,32,14,45.00,0.00
16324,5423,15,13,379.00,10.00
16325,5423,1,16,499.00,0.00
16326,5424,13,16,649.00,0.00
16327,5424,25,7,42.00,10.00
16328,5424,28,10,120.00,0.00
16329,5425,12,16,459.00,0.00
16330,5426,9,4,149.00,10.00
16331,5427,1,1,499.00,0.00
16332,5427,10,5,799.00,10.00
16333,5428,15,4,379.00,0.00
16334,5428,16,2,45.00,0.00
16335,5428,31,9,15.00,10.00
16336,5428,10,26,799.00,0.00
16337,5429,27,2,18.00,10.00
16338,5429,23,10,22.00,5.00
16339,5429,13,24,649.00,10.00
16340,5429,4,27,129.00,0.00
16341,5429,15,3,379.00,0.00
16342,5430,18,19,89.00,5.00
16343,5430,18,16,89.00,0.00
16344,5430,17,13,189.00,5.00
16345,5430,29,8,32.00,5.00
16346,5431,23,25,22.00,0.00
16347,5431,10,27,799.00,5.00
16348,5431,21,30,58.00,0.00
16349,5431,33,5,65.00,10.00
16350,5431,8,7,389.00,0.00
16351,5432,11,13,899.00,0.00
16352,5432,11,7,899.00,0.00
16353,5432,3,28,249.00,0.00
16354,5432,3,7,249.00,10.00
16355,5433,28,6,120.00,0.00
16356,5433,4,28,129.00,0.00
16357,5433,20,30,159.00,0.00
16358,5433,4,28,129.00,0.00
16359,5433,17,19,189.00,5.00
16360,5434,1,17,499.00,5.00
16361,5435,27,6,18.00,5.00
16362,5435,17,16,189.00,0.00
16363,5435,13,7,649.00,0.00
16364,5436,31,9,15.00,5.00
16365,5436,27,18,18.00,5.00
16366,5437,3,12,249.00,5.00
16367,5437,14,25,549.00,10.00
16368,5438,14,7,549.00,10.00
16369,5438,9,8,149.00,0.00
16370,5439,18,6,89.00,0.00
16371,5440,23,21,22.00,0.00
16372,5440,4,8,129.00,10.00
16373,5440,6,26,699.00,5.00
16374,5440,10,1,799.00,0.00
16375,5440,16,11,45.00,0.00
16376,5441,1,28,499.00,5.00
16377,5441,10,14,799.00,0.00
16378,5441,13,5,649.00,5.00
16379,5441,3,6,249.00,5.00
16380,5442,32,23,45.00,0.00
16381,5442,12,8,459.00,0.00
16382,5443,5,20,349.00,10.00
16383,5443,20,1,159.00,0.00
16384,5444,16,10,45.00,0.00
16385,5444,20,25,159.00,0.00
16386,5445,18,7,89.00,5.00
16387,5446,30,22,27.00,0.00
16388,5447,27,17,18.00,0.00
16389,5447,33,2,65.00,0.00
16390,5447,17,24,189.00,0.00
16391,5447,31,1,15.00,0.00
16392,5448,31,29,15.00,0.00
16393,5448,17,6,189.00,0.00
16394,5448,1,17,499.00,5.00
16395,5448,19,23,69.00,0.00
16396,5448,25,26,42.00,0.00
16397,5449,20,24,159.00,0.00
16398,5449,22,15,75.00,0.00
16399,5450,6,10,699.00,0.00
16400,5451,17,28,189.00,0.00
16401,5451,10,24,799.00,0.00
16402,5451,32,10,45.00,10.00
16403,5452,22,25,75.00,0.00
16404,5452,30,14,27.00,5.00
16405,5452,6,22,699.00,0.00
16406,5452,19,8,69.00,5.00
16407,5453,16,5,45.00,0.00
16408,5453,14,25,549.00,10.00
16409,5454,18,25,89.00,5.00
16410,5454,23,12,22.00,0.00
16411,5454,34,20,35.00,0.00
16412,5454,34,18,35.00,0.00
16413,5454,33,6,65.00,0.00
16414,5455,17,19,189.00,5.00
16415,5455,9,13,149.00,0.00
16416,5455,12,21,459.00,0.00
16417,5455,31,9,15.00,5.00
16418,5455,30,30,27.00,0.00
16419,5456,19,3,69.00,10.00
16420,5456,7,10,549.00,10.00
16421,5456,33,22,65.00,10.00
16422,5456,35,15,79.00,0.00
16423,5456,21,22,58.00,10.00
16424,5457,20,4,159.00,10.00
16425,5457,32,29,45.00,0.00
16426,5457,24,1,95.00,0.00
16427,5458,4,30,129.00,5.00
16428,5458,6,27,699.00,10.00
16429,5458,7,2,549.00,5.00
16430,5458,12,19,459.00,0.00
16431,5458,9,7,149.00,0.00
16432,5459,28,21,120.00,0.00
16433,5460,11,23,899.00,10.00
16434,5460,32,1,45.00,0.00
16435,5460,30,3,27.00,10.00
16436,5461,22,29,75.00,10.00
16437,5462,20,20,159.00,5.00
16438,5462,2,11,899.00,5.00
16439,5463,22,30,75.00,0.00
16440,5463,14,23,549.00,0.00
16441,5464,29,1,32.00,5.00
16442,5464,14,25,549.00,10.00
16443,5464,17,14,189.00,5.00
16444,5464,16,28,45.00,0.00
16445,5465,29,9,32.00,10.00
16446,5465,24,21,95.00,0.00
16447,5465,7,18,549.00,0.00
16448,5465,30,10,27.00,10.00
16449,5465,35,29,79.00,10.00
16450,5466,19,11,69.00,0.00
16451,5467,29,14,32.00,10.00
16452,5467,26,5,12.00,0.00
16453,5468,29,3,32.00,0.00
16454,5468,30,5,27.00,0.00
16455,5469,11,26,899.00,0.00
16456,5469,24,2,95.00,0.00
16457,5469,32,26,45.00,0.00
16458,5470,6,26,699.00,10.00
16459,5470,22,19,75.00,0.00
16460,5470,34,12,35.00,10.00
16461,5470,22,9,75.00,0.00
16462,5471,30,16,27.00,0.00
16463,5471,23,4,22.00,5.00
16464,5471,35,27,79.00,0.00
16465,5471,35,11,79.00,5.00
16466,5471,26,12,12.00,5.00
16467,5472,14,20,549.00,0.00
16468,5472,32,1,45.00,0.00
16469,5472,17,13,189.00,5.00
16470,5473,22,3,75.00,0.00
16471,5473,24,19,95.00,10.00
16472,5474,31,25,15.00,0.00
16473,5475,2,16,899.00,0.00
16474,5475,33,4,65.00,10.00
16475,5475,30,20,27.00,5.00
16476,5475,22,30,75.00,0.00
16477,5475,4,14,129.00,10.00
16478,5476,8,6,389.00,0.00
16479,5476,19,29,69.00,0.00
16480,5476,8,13,389.00,0.00
16481,5476,32,8,45.00,0.00
16482,5476,6,30,699.00,0.00
16483,5477,1,28,499.00,0.00
16484,5477,34,5,35.00,10.00
16485,5478,18,19,89.00,5.00
16486,5478,8,9,389.00,5.00
16487,5478,31,5,15.00,0.00
16488,5478,10,29,799.00,10.00
16489,5479,19,9,69.00,10.00
16490,5479,17,25,189.00,0.00
16491,5479,16,15,45.00,0.00
16492,5480,9,14,149.00,0.00
16493,5480,18,23,89.00,0.00
16494,5481,3,15,249.00,0.00
16495,5481,9,26,149.00,0.00
16496,5481,5,30,349.00,0.00
16497,5481,34,30,35.00,0.00
16498,5481,15,25,379.00,10.00
16499,5482,4,16,129.00,0.00
16500,5482,13,18,649.00,10.00
16501,5482,25,26,42.00,0.00
16502,5482,14,9,549.00,0.00
16503,5482,34,19,35.00,0.00
16504,5483,3,11,249.00,0.00
16505,5484,32,24,45.00,0.00
16506,5484,18,1,89.00,0.00
16507,5484,27,4,18.00,0.00
16508,5484,15,1,379.00,10.00
16509,5484,10,24,799.00,0.00
16510,5485,9,21,149.00,0.00
16511,5485,35,4,79.00,5.00
16512,5485,27,30,18.00,5.00
16513,5486,23,4,22.00,0.00
16514,5486,21,6,58.00,0.00
16515,5487,5,16,349.00,0.00
16516,5488,20,5,159.00,0.00
16517,5488,12,3,459.00,0.00
16518,5488,6,12,699.00,0.00
16519,5488,23,7,22.00,0.00
16520,5488,1,22,499.00,0.00
16521,5489,20,11,159.00,0.00
16522,5489,11,8,899.00,0.00
16523,5489,32,17,45.00,10.00
16524,5490,2,9,899.00,0.00
16525,5490,18,19,89.00,5.00
16526,5490,21,26,58.00,0.00
16527,5490,6,6,699.00,0.00
16528,5491,14,7,549.00,10.00
16529,5491,7,1,549.00,0.00
16530,5492,19,6,69.00,0.00
16531,5492,11,12,899.00,0.00
16532,5492,5,14,349.00,10.00
16533,5492,27,10,18.00,0.00
16534,5493,14,12,549.00,10.00
16535,5493,33,8,65.00,0.00
16536,5493,11,10,899.00,5.00
16537,5493,11,19,899.00,0.00
16538,5493,27,12,18.00,5.00
16539,5494,28,4,120.00,0.00
16540,5494,25,27,42.00,0.00
16541,5494,25,23,42.00,5.00
16542,5494,29,6,32.00,0.00
16543,5494,10,20,799.00,0.00
16544,5495,28,21,120.00,10.00
16545,5495,32,17,45.00,0.00
16546,5495,15,4,379.00,0.00
16547,5496,25,23,42.00,5.00
16548,5496,34,25,35.00,0.00
16549,5496,4,15,129.00,0.00
16550,5497,27,9,18.00,0.00
16551,5498,13,19,649.00,0.00
16552,5498,12,18,459.00,10.00
16553,5498,29,9,32.00,0.00
16554,5498,13,21,649.00,0.00
16555,5499,8,15,389.00,10.00
16556,5500,25,24,42.00,5.00
16557,5500,14,21,549.00,0.00
16558,5500,5,28,349.00,0.00
16559,5500,10,22,799.00,5.00
16560,5500,22,26,75.00,0.00
16561,5501,32,22,45.00,5.00
16562,5501,28,17,120.00,0.00
16563,5501,24,30,95.00,10.00
16564,5501,22,12,75.00,10.00
16565,5502,21,28,58.00,10.00
16566,5502,13,9,649.00,0.00
16567,5502,3,7,249.00,10.00
16568,5502,28,10,120.00,0.00
16569,5502,25,4,42.00,0.00
16570,5503,22,16,75.00,5.00
16571,5504,16,1,45.00,5.00
16572,5504,17,9,189.00,10.00
16573,5504,35,2,79.00,0.00
16574,5504,5,29,349.00,0.00
16575,5505,32,28,45.00,10.00
16576,5505,31,19,15.00,0.00
16577,5506,12,8,459.00,0.00
16578,5507,35,16,79.00,0.00
16579,5507,15,12,379.00,0.00
16580,5507,24,22,95.00,5.00
16581,5508,31,15,15.00,10.00
16582,5508,33,1,65.00,0.00
16583,5508,4,26,129.00,10.00
16584,5508,35,8,79.00,0.00
16585,5508,21,4,58.00,5.00
16586,5509,27,12,18.00,0.00
16587,5509,24,20,95.00,0.00
16588,5509,9,16,149.00,10.00
16589,5510,6,16,699.00,0.00
16590,5510,35,20,79.00,0.00
16591,5510,15,8,379.00,0.00
16592,5510,13,22,649.00,0.00
16593,5511,14,18,549.00,5.00
16594,5511,21,30,58.00,0.00
16595,5511,26,7,12.00,10.00
16596,5512,34,6,35.00,0.00
16597,5512,21,25,58.00,0.00
16598,5513,13,11,649.00,5.00
16599,5513,30,25,27.00,0.00
16600,5513,13,4,649.00,0.00
16601,5514,26,1,12.00,10.00
16602,5514,26,22,12.00,0.00
16603,5515,15,25,379.00,10.00
16604,5515,10,14,799.00,0.00
16605,5515,34,13,35.00,0.00
16606,5515,33,28,65.00,10.00
16607,5516,17,6,189.00,0.00
16608,5517,13,5,649.00,5.00
16609,5517,23,14,22.00,0.00
16610,5518,9,20,149.00,5.00
16611,5518,6,27,699.00,10.00
16612,5518,1,9,499.00,0.00
16613,5518,29,2,32.00,10.00
16614,5518,32,3,45.00,5.00
16615,5519,16,19,45.00,5.00
16616,5519,24,10,95.00,0.00
16617,5519,15,22,379.00,0.00
16618,5519,23,3,22.00,0.00
16619,5519,9,22,149.00,10.00
16620,5520,20,3,159.00,10.00
16621,5520,33,5,65.00,10.00
16622,5521,20,4,159.00,10.00
16623,5521,18,20,89.00,5.00
16624,5521,11,19,899.00,0.00
16625,5521,35,14,79.00,0.00
16626,5521,4,21,129.00,0.00
16627,5522,34,18,35.00,0.00
16628,5522,18,13,89.00,0.00
16629,5522,6,13,699.00,0.00
16630,5523,30,17,27.00,0.00
16631,5523,24,17,95.00,5.00
16632,5523,32,12,45.00,0.00
16633,5524,21,1,58.00,0.00
16634,5524,24,10,95.00,0.00
16635,5524,31,20,15.00,5.00
16636,5524,12,20,459.00,0.00
16637,5524,9,15,149.00,5.00
16638,5525,21,24,58.00,0.00
16639,5525,32,11,45.00,0.00
16640,5525,18,6,89.00,0.00
16641,5526,11,4,899.00,5.00
16642,5526,32,15,45.00,10.00
16643,5526,24,27,95.00,0.00
16644,5526,20,14,159.00,0.00
16645,5526,9,21,149.00,5.00
16646,5527,8,7,389.00,0.00
16647,5527,6,22,699.00,0.00
16648,5527,23,21,22.00,0.00
16649,5527,10,30,799.00,0.00
16650,5528,16,14,45.00,10.00
16651,5528,2,17,899.00,0.00
16652,5528,12,29,459.00,5.00
16653,5528,15,7,379.00,5.00
16654,5528,1,28,499.00,0.00
16655,5529,34,5,35.00,10.00
16656,5529,28,13,120.00,5.00
16657,5529,17,5,189.00,0.00
16658,5530,12,8,459.00,0.00
16659,5531,7,24,549.00,0.00
16660,5531,2,12,899.00,5.00
16661,5532,12,12,459.00,10.00
16662,5532,27,23,18.00,0.00
16663,5532,23,14,22.00,0.00
16664,5533,17,8,189.00,10.00
16665,5533,10,30,799.00,0.00
16666,5534,23,25,22.00,0.00
16667,5534,5,11,349.00,0.00
16668,5534,31,6,15.00,0.00
16669,5535,27,16,18.00,0.00
16670,5536,31,19,15.00,0.00
16671,5536,22,19,75.00,0.00
16672,5536,7,10,549.00,0.00
16673,5537,28,23,120.00,0.00
16674,5538,22,23,75.00,10.00
16675,5538,21,1,58.00,0.00
16676,5538,23,6,22.00,10.00
16677,5539,26,18,12.00,5.00
16678,5540,25,22,42.00,0.00
16679,5540,16,21,45.00,0.00
16680,5540,18,6,89.00,0.00
16681,5541,5,18,349.00,0.00
16682,5542,6,11,699.00,0.00
16683,5542,7,8,549.00,5.00
16684,5542,17,12,189.00,0.00
16685,5543,35,18,79.00,10.00
16686,5544,1,22,499.00,0.00
16687,5544,14,12,549.00,5.00
16688,5544,26,8,12.00,0.00
16689,5545,24,17,95.00,5.00
16690,5545,11,5,899.00,10.00
16691,5546,2,18,899.00,5.00
16692,5546,9,25,149.00,0.00
16693,5547,29,29,32.00,0.00
16694,5547,15,12,379.00,5.00
16695,5548,26,11,12.00,5.00
16696,5549,17,3,189.00,10.00
16697,5550,6,3,699.00,10.00
16698,5550,14,4,549.00,0.00
16699,5550,6,9,699.00,10.00
16700,5550,27,29,18.00,0.00
16701,5550,3,20,249.00,10.00
16702,5551,34,14,35.00,0.00
16703,5551,1,10,499.00,0.00
16704,5551,17,30,189.00,0.00
16705,5552,17,4,189.00,0.00
16706,5552,10,2,799.00,0.00
16707,5552,5,9,349.00,10.00
16708,5552,4,16,129.00,0.00
16709,5553,15,26,379.00,0.00
16710,5554,33,17,65.00,10.00
16711,5554,9,8,149.00,0.00
16712,5554,26,5,12.00,5.00
16713,5554,23,10,22.00,5.00
16714,5555,1,30,499.00,10.00
16715,5555,24,19,95.00,0.00
16716,5555,21,20,58.00,0.00
16717,5555,8,26,389.00,0.00
16718,5556,27,22,18.00,0.00
16719,5556,24,7,95.00,0.00
16720,5557,32,4,45.00,10.00
16721,5558,28,2,120.00,10.00
16722,5558,25,18,42.00,5.00
16723,5558,5,11,349.00,0.00
16724,5558,32,11,45.00,0.00
16725,5559,21,22,58.00,10.00
16726,5559,8,12,389.00,0.00
16727,5559,7,6,549.00,0.00
16728,5560,35,18,79.00,10.00
16729,5560,33,26,65.00,0.00
16730,5560,18,10,89.00,0.00
16731,5561,28,15,120.00,0.00
16732,5562,1,1,499.00,0.00
16733,5562,14,20,549.00,0.00
16734,5562,16,1,45.00,5.00
16735,5562,23,2,22.00,0.00
16736,5563,19,13,69.00,0.00
16737,5563,29,27,32.00,0.00
16738,5563,14,26,549.00,0.00
16739,5563,35,19,79.00,0.00
16740,5564,13,1,649.00,0.00
16741,5564,5,16,349.00,0.00
16742,5564,24,19,95.00,0.00
16743,5564,25,4,42.00,0.00
16744,5564,6,9,699.00,10.00
16745,5565,16,4,45.00,0.00
16746,5565,28,8,120.00,10.00
16747,5566,21,17,58.00,10.00
16748,5566,6,30,699.00,0.00
16749,5566,1,26,499.00,0.00
16750,5566,26,26,12.00,0.00
16751,5567,28,27,120.00,0.00
16752,5567,18,15,89.00,10.00
16753,5567,35,9,79.00,0.00
16754,5567,13,16,649.00,0.00
16755,5568,18,4,89.00,0.00
16756,5569,27,28,18.00,0.00
16757,5569,18,24,89.00,0.00
16758,5569,23,29,22.00,10.00
16759,5569,28,5,120.00,0.00
16760,5570,20,20,159.00,5.00
16761,5571,9,15,149.00,5.00
16762,5571,34,22,35.00,5.00
16763,5572,4,21,129.00,0.00
16764,5572,15,24,379.00,5.00
16765,5572,7,26,549.00,5.00
16766,5572,31,9,15.00,10.00
16767,5573,30,28,27.00,10.00
16768,5573,7,1,549.00,0.00
16769,5573,21,10,58.00,10.00
16770,5574,14,21,549.00,0.00
16771,5574,12,23,459.00,10.00
16772,5574,33,5,65.00,10.00
16773,5575,28,17,120.00,0.00
16774,5576,20,21,159.00,5.00
16775,5576,29,21,32.00,0.00
16776,5577,31,5,15.00,0.00
16777,5578,11,10,899.00,5.00
16778,5579,12,1,459.00,0.00
16779,5579,16,27,45.00,0.00
16780,5579,23,2,22.00,0.00
16781,5579,15,3,379.00,0.00
16782,5579,29,14,32.00,5.00
16783,5580,28,30,120.00,0.00
16784,5580,22,19,75.00,0.00
16785,5580,2,19,899.00,0.00
16786,5580,15,26,379.00,0.00
16787,5580,21,27,58.00,5.00
16788,5581,8,10,389.00,10.00
16789,5581,19,1,69.00,0.00
16790,5581,12,6,459.00,10.00
16791,5582,11,18,899.00,0.00
16792,5582,22,25,75.00,0.00
16793,5583,5,13,349.00,10.00
16794,5584,31,15,15.00,10.00
16795,5584,31,22,15.00,10.00
16796,5584,20,28,159.00,0.00
16797,5584,10,9,799.00,5.00
16798,5584,10,15,799.00,0.00
16799,5585,14,2,549.00,0.00
16800,5585,4,13,129.00,5.00
16801,5586,31,18,15.00,0.00
16802,5586,12,1,459.00,0.00
16803,5586,13,18,649.00,5.00
16804,5586,5,11,349.00,0.00
16805,5586,22,3,75.00,0.00
16806,5587,22,14,75.00,0.00
16807,5587,25,8,42.00,0.00
16808,5587,2,21,899.00,0.00
16809,5587,21,29,58.00,0.00
16810,5587,13,19,649.00,0.00
16811,5588,15,19,379.00,10.00
16812,5589,26,27,12.00,0.00
16813,5589,8,17,389.00,0.00
16814,5589,33,9,65.00,5.00
16815,5590,24,8,95.00,0.00
16816,5590,5,5,349.00,0.00
16817,5591,14,25,549.00,10.00
16818,5591,2,15,899.00,0.00
16819,5592,33,7,65.00,0.00
16820,5593,1,8,499.00,0.00
16821,5593,4,30,129.00,5.00
16822,5593,16,5,45.00,0.00
16823,5593,28,16,120.00,0.00
16824,5593,35,1,79.00,0.00
16825,5594,20,4,159.00,10.00
16826,5594,1,15,499.00,0.00
16827,5594,19,15,69.00,5.00
16828,5595,4,28,129.00,0.00
16829,5595,35,26,79.00,0.00
16830,5595,10,6,799.00,0.00
16831,5596,10,17,799.00,10.00
16832,5596,4,19,129.00,5.00
16833,5596,1,22,499.00,0.00
16834,5596,23,17,22.00,10.00
16835,5596,14,16,549.00,0.00
16836,5597,5,4,349.00,0.00
16837,5597,20,6,159.00,0.00
16838,5597,4,16,129.00,0.00
16839,5598,20,5,159.00,0.00
16840,5599,30,25,27.00,5.00
16841,5599,23,11,22.00,5.00
16842,5599,33,8,65.00,0.00
16843,5599,30,19,27.00,0.00
16844,5600,10,13,799.00,0.00
16845,5600,24,26,95.00,0.00
16846,5601,17,8,189.00,10.00
16847,5601,17,24,189.00,0.00
16848,5601,21,4,58.00,10.00
16849,5601,27,10,18.00,0.00
16850,5602,20,13,159.00,0.00
16851,5602,27,18,18.00,5.00
16852,5602,24,10,95.00,0.00
16853,5602,26,2,12.00,0.00
16854,5602,6,17,699.00,0.00
16855,5603,34,2,35.00,0.00
16856,5603,6,12,699.00,0.00
16857,5603,8,20,389.00,5.00
16858,5603,5,26,349.00,5.00
16859,5603,15,23,379.00,0.00
16860,5604,22,19,75.00,0.00
16861,5604,7,12,549.00,0.00
16862,5604,7,4,549.00,0.00
16863,5605,32,14,45.00,0.00
16864,5605,18,23,89.00,0.00
16865,5606,3,11,249.00,0.00
16866,5606,15,20,379.00,0.00
16867,5607,22,25,75.00,0.00
16868,5608,12,4,459.00,0.00
16869,5608,8,16,389.00,10.00
16870,5608,5,26,349.00,10.00
16871,5609,5,1,349.00,10.00
16872,5609,33,8,65.00,0.00
16873,5609,22,20,75.00,0.00
16874,5609,8,25,389.00,0.00
16875,5609,18,10,89.00,0.00
16876,5610,35,22,79.00,5.00
16877,5611,29,11,32.00,0.00
16878,5611,15,6,379.00,5.00
16879,5611,26,20,12.00,0.00
16880,5611,11,12,899.00,10.00
16881,5611,25,17,42.00,5.00
16882,5612,13,24,649.00,10.00
16883,5612,26,6,12.00,5.00
16884,5612,10,3,799.00,0.00
16885,5612,18,26,89.00,10.00
16886,5613,3,27,249.00,0.00
16887,5613,8,18,389.00,0.00
16888,5613,18,24,89.00,0.00
16889,5614,35,8,79.00,0.00
16890,5614,24,17,95.00,5.00
16891,5614,27,25,18.00,5.00
16892,5614,10,3,799.00,5.00
16893,5614,30,13,27.00,0.00
16894,5615,1,7,499.00,0.00
16895,5615,28,20,120.00,10.00
16896,5616,21,26,58.00,0.00
16897,5617,27,11,18.00,0.00
16898,5617,8,23,389.00,0.00
16899,5617,34,22,35.00,5.00
16900,5618,33,14,65.00,0.00
16901,5618,27,15,18.00,0.00
16902,5619,23,4,22.00,0.00
16903,5619,17,22,189.00,0.00
16904,5620,20,7,159.00,0.00
16905,5620,6,20,699.00,10.00
16906,5621,30,20,27.00,5.00
16907,5621,29,25,32.00,5.00
16908,5621,2,3,899.00,0.00
16909,5621,11,19,899.00,0.00
16910,5621,25,6,42.00,10.00
16911,5622,20,5,159.00,0.00
16912,5622,6,12,699.00,0.00
16913,5622,13,9,649.00,0.00
16914,5623,18,26,89.00,10.00
16915,5623,17,28,189.00,0.00
16916,5623,33,8,65.00,0.00
16917,5623,27,9,18.00,0.00
16918,5623,24,3,95.00,0.00
16919,5624,12,24,459.00,10.00
16920,5624,16,12,45.00,0.00
16921,5625,17,15,189.00,0.00
16922,5625,24,10,95.00,0.00
16923,5625,24,23,95.00,5.00
16924,5625,19,10,69.00,0.00
16925,5626,22,19,75.00,0.00
16926,5626,3,24,249.00,5.00
16927,5626,16,28,45.00,0.00
16928,5626,16,16,45.00,0.00
16929,5626,27,2,18.00,10.00
16930,5627,21,11,58.00,0.00
16931,5627,4,13,129.00,10.00
16932,5627,32,29,45.00,0.00
16933,5628,17,13,189.00,5.00
16934,5628,12,13,459.00,0.00
16935,5629,35,28,79.00,0.00
16936,5629,4,24,129.00,5.00
16937,5630,25,12,42.00,10.00
16938,5630,6,8,699.00,5.00
16939,5631,27,14,18.00,10.00
16940,5631,7,9,549.00,10.00
16941,5631,12,4,459.00,5.00
16942,5631,34,25,35.00,0.00
16943,5632,15,20,379.00,10.00
16944,5632,30,12,27.00,0.00
16945,5632,33,12,65.00,0.00
16946,5633,24,16,95.00,0.00
16947,5633,12,29,459.00,10.00
16948,5633,5,9,349.00,10.00
16949,5633,1,4,499.00,5.00
16950,5634,22,16,75.00,5.00
16951,5634,1,27,499.00,0.00
16952,5634,26,5,12.00,0.00
16953,5635,18,4,89.00,0.00
16954,5636,14,16,549.00,0.00
16955,5636,26,8,12.00,0.00
16956,5636,20,20,159.00,0.00
16957,5636,31,20,15.00,5.00
16958,5636,15,2,379.00,0.00
16959,5637,24,7,95.00,0.00
16960,5637,1,21,499.00,0.00
16961,5638,35,11,79.00,5.00
16962,5638,14,28,549.00,0.00
16963,5638,12,12,459.00,10.00
16964,5638,12,2,459.00,0.00
16965,5638,22,20,75.00,0.00
16966,5639,6,25,699.00,5.00
16967,5639,35,26,79.00,0.00
16968,5640,6,12,699.00,0.00
16969,5640,30,1,27.00,0.00
16970,5640,31,19,15.00,0.00
16971,5641,31,2,15.00,5.00
16972,5641,9,4,149.00,10.00
16973,5641,26,9,12.00,0.00
16974,5641,29,21,32.00,0.00
16975,5642,3,27,249.00,0.00
16976,5642,13,6,649.00,10.00
16977,5642,28,10,120.00,0.00
16978,5643,8,26,389.00,5.00
16979,5644,2,20,899.00,0.00
16980,5645,20,25,159.00,0.00
16981,5645,20,19,159.00,0.00
16982,5645,6,20,699.00,5.00
16983,5645,15,2,379.00,0.00
16984,5645,34,21,35.00,5.00
16985,5646,28,25,120.00,5.00
16986,5646,29,5,32.00,0.00
16987,5647,13,24,649.00,10.00
16988,5647,14,3,549.00,0.00
16989,5648,17,27,189.00,0.00
16990,5649,7,18,549.00,0.00
16991,5649,8,28,389.00,10.00
16992,5649,28,6,120.00,5.00
16993,5649,22,3,75.00,5.00
16994,5650,20,13,159.00,0.00
16995,5650,10,16,799.00,10.00
16996,5650,16,23,45.00,0.00
16997,5650,28,21,120.00,0.00
16998,5650,12,14,459.00,0.00
16999,5651,10,28,799.00,5.00
17000,5652,5,25,349.00,5.00
17001,5652,17,1,189.00,5.00
17002,5652,35,4,79.00,5.00
17003,5652,30,11,27.00,0.00
17004,5652,21,18,58.00,0.00
17005,5653,24,3,95.00,0.00
17006,5653,33,10,65.00,5.00
17007,5653,33,10,65.00,10.00
17008,5653,12,3,459.00,0.00
17009,5654,26,10,12.00,0.00
17010,5655,11,9,899.00,0.00
17011,5656,31,20,15.00,0.00
17012,5656,31,21,15.00,10.00
17013,5656,3,25,249.00,10.00
17014,5657,6,18,699.00,0.00
17015,5657,20,12,159.00,0.00
17016,5657,11,17,899.00,10.00
17017,5657,30,17,27.00,0.00
17018,5658,16,8,45.00,10.00
17019,5658,28,9,120.00,0.00
17020,5659,4,30,129.00,5.00
17021,5659,14,27,549.00,0.00
17022,5659,30,10,27.00,0.00
17023,5659,6,24,699.00,0.00
17024,5659,19,17,69.00,0.00
17025,5660,35,4,79.00,5.00
17026,5660,32,17,45.00,0.00
17027,5660,25,9,42.00,0.00
17028,5660,30,5,27.00,0.00
17029,5660,31,16,15.00,0.00
17030,5661,6,20,699.00,5.00
17031,5661,30,30,27.00,0.00
17032,5661,31,8,15.00,5.00
17033,5661,28,24,120.00,0.00
17034,5662,6,21,699.00,10.00
17035,5662,26,23,12.00,0.00
17036,5663,11,8,899.00,0.00
17037,5663,31,12,15.00,0.00
17038,5663,3,21,249.00,0.00
17039,5664,25,20,42.00,0.00
17040,5664,23,28,22.00,5.00
17041,5664,10,18,799.00,0.00
17042,5664,34,9,35.00,0.00
17043,5664,5,24,349.00,5.00
17044,5665,17,6,189.00,5.00
17045,5665,17,15,189.00,0.00
17046,5666,23,9,22.00,0.00
17047,5666,21,16,58.00,5.00
17048,5667,7,5,549.00,0.00
17049,5667,15,18,379.00,5.00
17050,5667,24,11,95.00,5.00
17051,5668,22,19,75.00,0.00
17052,5669,19,22,69.00,0.00
17053,5669,32,16,45.00,5.00
17054,5669,14,20,549.00,0.00
17055,5669,10,8,799.00,0.00
17056,5669,4,12,129.00,5.00
17057,5670,29,17,32.00,0.00
17058,5670,20,3,159.00,5.00
17059,5670,8,30,389.00,0.00
17060,5671,27,18,18.00,5.00
17061,5671,21,26,58.00,0.00
17062,5671,9,16,149.00,10.00
17063,5671,23,22,22.00,5.00
17064,5672,12,19,459.00,0.00
17065,5672,2,19,899.00,10.00
17066,5672,27,2,18.00,10.00
17067,5672,21,3,58.00,5.00
17068,5672,3,11,249.00,0.00
17069,5673,1,20,499.00,0.00
17070,5673,17,15,189.00,0.00
17071,5673,23,5,22.00,10.00
17072,5674,1,26,499.00,0.00
17073,5674,8,21,389.00,5.00
17074,5674,11,17,899.00,5.00
17075,5674,9,29,149.00,0.00
17076,5675,22,18,75.00,0.00
17077,5675,19,15,69.00,5.00
17078,5675,16,29,45.00,0.00
17079,5675,31,10,15.00,10.00
17080,5675,26,25,12.00,10.00
17081,5676,25,24,42.00,10.00
17082,5676,31,25,15.00,0.00
17083,5676,26,12,12.00,5.00
17084,5677,29,7,32.00,0.00
17085,5677,11,22,899.00,5.00
17086,5677,19,12,69.00,0.00
17087,5677,20,23,159.00,0.00
17088,5678,35,30,79.00,10.00
17089,5678,31,13,15.00,0.00
17090,5678,14,10,549.00,0.00
17091,5678,15,18,379.00,5.00
17092,5679,17,19,189.00,5.00
17093,5679,9,14,149.00,0.00
17094,5679,31,3,15.00,5.00
17095,5679,19,11,69.00,0.00
17096,5679,31,23,15.00,0.00
17097,5680,21,7,58.00,0.00
17098,5680,33,21,65.00,5.00
17099,5681,20,18,159.00,0.00
17100,5681,35,26,79.00,0.00
17101,5681,4,15,129.00,0.00
17102,5681,14,13,549.00,10.00
17103,5682,2,17,899.00,0.00
17104,5682,3,23,249.00,0.00
17105,5682,13,7,649.00,0.00
17106,5683,23,16,22.00,0.00
17107,5683,10,21,799.00,0.00
17108,5683,32,22,45.00,10.00
17109,5684,11,10,899.00,5.00
17110,5684,16,6,45.00,0.00
17111,5684,4,30,129.00,5.00
17112,5685,11,1,899.00,0.00
17113,5685,8,10,389.00,10.00
17114,5685,32,17,45.00,0.00
17115,5685,16,4,45.00,0.00
17116,5685,8,4,389.00,0.00
17117,5686,3,30,249.00,5.00
17118,5687,9,16,149.00,5.00
17119,5687,15,21,379.00,0.00
17120,5687,32,28,45.00,10.00
17121,5687,28,5,120.00,0.00
17122,5687,34,9,35.00,0.00
17123,5688,17,2,189.00,10.00
17124,5688,12,28,459.00,0.00
17125,5688,7,7,549.00,0.00
17126,5688,31,26,15.00,5.00
17127,5689,25,2,42.00,0.00
17128,5689,18,3,89.00,10.00
17129,5689,23,7,22.00,0.00
17130,5690,18,2,89.00,5.00
17131,5690,21,21,58.00,5.00
17132,5690,12,20,459.00,0.00
17133,5691,25,11,42.00,5.00
17134,5691,20,20,159.00,0.00
17135,5692,5,29,349.00,0.00
17136,5692,30,7,27.00,0.00
17137,5692,34,8,35.00,0.00
17138,5693,32,27,45.00,5.00
17139,5693,29,2,32.00,5.00
17140,5693,17,6,189.00,0.00
17141,5693,34,8,35.00,0.00
17142,5693,17,30,189.00,0.00
17143,5694,23,12,22.00,0.00
17144,5694,1,28,499.00,5.00
17145,5695,11,25,899.00,0.00
17146,5695,16,21,45.00,0.00
17147,5696,30,23,27.00,0.00
17148,5696,2,14,899.00,0.00
17149,5696,7,17,549.00,0.00
17150,5696,24,16,95.00,5.00
17151,5696,21,30,58.00,0.00
17152,5697,7,1,549.00,0.00
17153,5697,20,7,159.00,0.00
17154,5697,12,13,459.00,0.00
17155,5697,23,21,22.00,0.00
17156,5698,21,26,58.00,0.00
17157,5698,34,10,35.00,5.00
17158,5698,17,10,189.00,0.00
17159,5698,27,12,18.00,5.00
17160,5699,15,13,379.00,10.00
17161,5699,6,5,699.00,0.00
17162,5699,29,9,32.00,0.00
17163,5699,6,24,699.00,0.00
17164,5699,29,25,32.00,0.00
17165,5700,33,24,65.00,0.00
17166,5700,9,26,149.00,0.00
17167,5700,10,20,799.00,0.00
17168,5700,33,17,65.00,0.00
17169,5700,16,4,45.00,0.00
17170,5701,4,24,129.00,0.00
17171,5701,17,22,189.00,0.00
17172,5701,26,3,12.00,0.00
17173,5702,23,29,22.00,10.00
17174,5702,12,3,459.00,0.00
17175,5702,6,9,699.00,10.00
17176,5702,34,29,35.00,5.00
17177,5703,33,22,65.00,10.00
17178,5703,32,2,45.00,0.00
17179,5704,35,2,79.00,0.00
17180,5704,33,1,65.00,0.00
17181,5704,9,13,149.00,0.00
17182,5704,20,22,159.00,10.00
17183,5705,4,6,129.00,0.00
17184,5706,23,6,22.00,0.00
17185,5706,26,13,12.00,10.00
17186,5706,20,29,159.00,10.00
17187,5706,3,15,249.00,0.00
17188,5706,17,23,189.00,0.00
17189,5707,28,20,120.00,10.00
17190,5707,8,19,389.00,0.00
17191,5707,18,1,89.00,5.00
17192,5708,35,12,79.00,10.00
17193,5708,10,22,799.00,5.00
17194,5708,22,26,75.00,0.00
17195,5708,4,17,129.00,0.00
17196,5708,28,13,120.00,5.00
17197,5709,9,22,149.00,10.00
17198,5709,16,13,45.00,10.00
17199,5709,27,13,18.00,5.00
17200,5710,4,2,129.00,0.00
17201,5710,30,8,27.00,5.00
17202,5710,30,30,27.00,0.00
17203,5711,11,29,899.00,10.00
17204,5711,9,24,149.00,0.00
17205,5711,21,13,58.00,0.00
17206,5711,8,8,389.00,0.00
17207,5711,3,22,249.00,0.00
17208,5712,26,26,12.00,0.00
17209,5712,11,29,899.00,10.00
17210,5712,17,23,189.00,0.00
17211,5713,1,30,499.00,10.00
17212,5713,10,24,799.00,0.00
17213,5714,32,4,45.00,10.00
17214,5714,32,28,45.00,10.00
17215,5714,26,28,12.00,0.00
17216,5715,35,6,79.00,0.00
17217,5715,17,10,189.00,0.00
17218,5715,34,8,35.00,0.00
17219,5715,32,17,45.00,0.00
17220,5715,16,7,45.00,5.00
17221,5716,28,1,120.00,5.00
17222,5716,19,14,69.00,5.00
17223,5716,12,13,459.00,0.00
17224,5716,33,19,65.00,0.00
17225,5717,26,25,12.00,10.00
17226,5717,25,1,42.00,10.00
17227,5718,4,17,129.00,0.00
17228,5718,2,9,899.00,0.00
17229,5719,30,1,27.00,0.00
17230,5720,22,22,75.00,5.00
17231,5720,24,2,95.00,0.00
17232,5720,13,25,649.00,0.00
17233,5720,25,13,42.00,0.00
17234,5721,7,9,549.00,5.00
17235,5721,5,8,349.00,10.00
17236,5722,16,23,45.00,0.00
17237,5722,32,6,45.00,0.00
17238,5722,14,11,549.00,5.00
17239,5722,7,28,549.00,0.00
17240,5722,23,1,22.00,0.00
17241,5723,31,30,15.00,0.00
17242,5723,20,27,159.00,5.00
17243,5723,5,10,349.00,0.00
17244,5723,10,19,799.00,0.00
17245,5724,3,10,249.00,0.00
17246,5724,6,15,699.00,0.00
17247,5725,2,27,899.00,0.00
17248,5726,16,4,45.00,0.00
17249,5727,28,10,120.00,0.00
17250,5727,12,25,459.00,0.00
17251,5727,31,8,15.00,0.00
17252,5727,4,24,129.00,0.00
17253,5727,22,9,75.00,0.00
17254,5728,8,17,389.00,0.00
17255,5728,25,11,42.00,5.00
17256,5728,1,9,499.00,0.00
17257,5729,5,10,349.00,0.00
17258,5729,34,9,35.00,0.00
17259,5729,21,15,58.00,5.00
17260,5729,2,2,899.00,0.00
17261,5730,26,21,12.00,0.00
17262,5730,33,2,65.00,0.00
17263,5730,18,25,89.00,5.00
17264,5730,35,25,79.00,0.00
17265,5730,13,8,649.00,0.00
17266,5731,24,10,95.00,5.00
17267,5732,24,27,95.00,0.00
17268,5732,16,27,45.00,0.00
17269,5732,11,27,899.00,0.00
17270,5733,16,22,45.00,0.00
17271,5733,33,29,65.00,0.00
17272,5733,15,28,379.00,0.00
17273,5734,3,27,249.00,0.00
17274,5735,28,26,120.00,10.00
17275,5736,22,15,75.00,5.00
17276,5737,27,14,18.00,10.00
17277,5737,22,2,75.00,0.00
17278,5737,11,30,899.00,0.00
17279,5737,13,17,649.00,5.00
17280,5738,5,29,349.00,0.00
17281,5738,3,7,249.00,10.00
17282,5739,31,15,15.00,10.00
17283,5739,3,20,249.00,10.00
17284,5740,26,11,12.00,5.00
17285,5740,2,12,899.00,5.00
17286,5740,14,27,549.00,0.00
17287,5741,25,1,42.00,10.00
17288,5742,26,12,12.00,5.00
17289,5742,24,2,95.00,0.00
17290,5742,14,1,549.00,10.00
17291,5742,15,11,379.00,0.00
17292,5743,2,10,899.00,0.00
17293,5743,35,23,79.00,10.00
17294,5743,1,14,499.00,0.00
17295,5743,32,23,45.00,0.00
17296,5743,7,22,549.00,10.00
17297,5744,21,18,58.00,0.00
17298,5744,1,19,499.00,0.00
17299,5744,21,20,58.00,0.00
17300,5744,10,3,799.00,0.00
17301,5745,16,4,45.00,0.00
17302,5746,29,5,32.00,0.00
17303,5746,6,26,699.00,10.00
17304,5747,30,6,27.00,0.00
17305,5747,23,25,22.00,0.00
17306,5747,27,3,18.00,0.00
17307,5747,10,3,799.00,0.00
17308,5748,2,12,899.00,10.00
17309,5748,33,6,65.00,0.00
17310,5749,12,26,459.00,0.00
17311,5749,23,15,22.00,0.00
17312,5749,11,25,899.00,0.00
17313,5749,23,17,22.00,10.00
17314,5750,23,9,22.00,0.00
17315,5750,34,3,35.00,5.00
17316,5751,32,13,45.00,0.00
17317,5752,9,14,149.00,0.00
17318,5752,10,25,799.00,0.00
17319,5752,26,29,12.00,0.00
17320,5753,4,7,129.00,10.00
17321,5753,15,19,379.00,10.00
17322,5753,16,18,45.00,5.00
17323,5754,8,18,389.00,0.00
17324,5754,13,6,649.00,5.00
17325,5754,11,5,899.00,10.00
17326,5754,7,5,549.00,0.00
17327,5754,15,16,379.00,0.00
17328,5755,18,30,89.00,0.00
17329,5756,1,13,499.00,0.00
17330,5756,1,29,499.00,5.00
17331,5756,11,19,899.00,0.00
17332,5756,31,28,15.00,0.00
17333,5756,15,28,379.00,0.00
17334,5757,30,23,27.00,0.00
17335,5758,24,7,95.00,0.00
17336,5758,19,18,69.00,0.00
17337,5758,32,14,45.00,0.00
17338,5758,12,4,459.00,0.00
17339,5759,8,2,389.00,5.00
17340,5759,32,21,45.00,5.00
17341,5760,28,23,120.00,0.00
17342,5760,23,1,22.00,0.00
17343,5761,15,10,379.00,0.00
17344,5761,11,24,899.00,0.00
17345,5761,34,17,35.00,10.00
17346,5761,26,2,12.00,0.00
17347,5761,32,16,45.00,10.00
17348,5762,33,24,65.00,0.00
17349,5762,9,25,149.00,0.00
17350,5762,19,13,69.00,0.00
17351,5762,17,20,189.00,10.00
17352,5762,24,19,95.00,0.00
17353,5763,21,26,58.00,0.00
17354,5764,24,5,95.00,10.00
17355,5764,19,8,69.00,5.00
17356,5764,16,10,45.00,0.00
17357,5764,11,24,899.00,0.00
17358,5765,33,9,65.00,5.00
17359,5765,20,22,159.00,10.00
17360,5765,15,9,379.00,0.00
17361,5765,13,2,649.00,0.00
17362,5766,7,4,549.00,0.00
17363,5766,25,15,42.00,0.00
17364,5767,6,14,699.00,5.00
17365,5767,22,21,75.00,0.00
17366,5767,18,1,89.00,5.00
17367,5768,8,2,389.00,5.00
17368,5768,33,24,65.00,0.00
17369,5769,3,27,249.00,0.00
17370,5769,3,28,249.00,0.00
17371,5769,17,1,189.00,5.00
17372,5770,19,11,69.00,0.00
17373,5771,18,28,89.00,0.00
17374,5771,15,1,379.00,10.00
17375,5771,4,30,129.00,5.00
17376,5771,5,25,349.00,5.00
17377,5771,6,19,699.00,5.00
17378,5772,28,30,120.00,0.00
17379,5772,27,5,18.00,0.00
17380,5773,14,3,549.00,0.00
17381,5773,27,8,18.00,10.00
17382,5773,33,25,65.00,0.00
17383,5773,12,19,459.00,10.00
17384,5773,7,28,549.00,10.00
17385,5774,9,5,149.00,0.00
17386,5774,26,18,12.00,5.00
17387,5774,21,30,58.00,0.00
17388,5774,27,9,18.00,0.00
17389,5775,5,22,349.00,0.00
17390,5775,7,6,549.00,0.00
17391,5775,27,30,18.00,5.00
17392,5775,20,20,159.00,5.00
17393,5776,27,1,18.00,5.00
17394,5776,22,26,75.00,0.00
17395,5777,19,25,69.00,0.00
17396,5777,7,11,549.00,0.00
17397,5778,16,25,45.00,5.00
17398,5778,1,29,499.00,10.00
17399,5778,6,11,699.00,0.00
17400,5779,21,4,58.00,5.00
17401,5779,21,18,58.00,0.00
17402,5779,11,25,899.00,0.00
17403,5780,15,18,379.00,5.00
17404,5780,19,21,69.00,10.00
17405,5780,8,17,389.00,0.00
17406,5780,23,2,22.00,0.00
17407,5780,15,5,379.00,0.00
17408,5781,35,29,79.00,5.00
17409,5781,35,20,79.00,0.00
17410,5781,19,22,69.00,10.00
17411,5781,25,19,42.00,10.00
17412,5782,3,26,249.00,0.00
17413,5782,25,11,42.00,5.00
17414,5782,11,15,899.00,0.00
17415,5782,35,16,79.00,0.00
17416,5782,11,23,899.00,10.00
17417,5783,29,9,32.00,0.00
17418,5783,14,23,549.00,5.00
17419,5783,2,7,899.00,10.00
17420,5784,35,1,79.00,0.00
17421,5784,20,12,159.00,0.00
17422,5785,11,17,899.00,10.00
17423,5785,16,24,45.00,5.00
17424,5785,23,13,22.00,0.00
17425,5785,20,8,159.00,0.00
17426,5786,9,29,149.00,10.00
17427,5787,2,26,899.00,0.00
17428,5787,34,14,35.00,0.00
17429,5787,33,7,65.00,0.00
17430,5788,27,15,18.00,0.00
17431,5788,8,22,389.00,10.00
17432,5788,20,28,159.00,10.00
17433,5789,27,24,18.00,5.00
17434,5789,1,4,499.00,0.00
17435,5790,24,28,95.00,0.00
17436,5790,6,1,699.00,5.00
17437,5790,15,28,379.00,0.00
17438,5791,17,14,189.00,10.00
17439,5791,3,22,249.00,0.00
17440,5792,11,28,899.00,5.00
17441,5792,11,21,899.00,0.00
17442,5792,26,30,12.00,5.00
17443,5792,20,21,159.00,5.00
17444,5792,19,15,69.00,5.00
17445,5793,35,30,79.00,10.00
17446,5793,17,24,189.00,0.00
17447,5794,27,21,18.00,0.00
17448,5794,20,14,159.00,0.00
17449,5795,4,26,129.00,10.00
17450,5795,4,21,129.00,0.00
17451,5795,27,9,18.00,0.00
17452,5796,24,3,95.00,0.00
17453,5796,25,11,42.00,5.00
17454,5796,8,2,389.00,5.00
17455,5796,12,18,459.00,10.00
17456,5797,4,25,129.00,5.00
17457,5797,17,1,189.00,0.00
17458,5797,34,3,35.00,0.00
17459,5798,18,7,89.00,5.00
17460,5799,32,22,45.00,10.00
17461,5799,12,29,459.00,5.00
17462,5799,29,25,32.00,5.00
17463,5800,7,3,549.00,10.00
17464,5800,7,7,549.00,5.00
17465,5801,26,10,12.00,0.00
17466,5801,7,18,549.00,0.00
17467,5801,17,30,189.00,0.00
17468,5802,24,27,95.00,0.00
17469,5803,21,8,58.00,0.00
17470,5803,15,25,379.00,10.00
17471,5804,24,14,95.00,0.00
17472,5804,29,10,32.00,0.00
17473,5804,6,2,699.00,10.00
17474,5804,4,29,129.00,0.00
17475,5805,15,21,379.00,0.00
17476,5806,18,14,89.00,5.00
17477,5806,10,6,799.00,0.00
17478,5807,28,28,120.00,0.00
17479,5808,15,28,379.00,0.00
17480,5808,1,30,499.00,10.00
17481,5808,12,4,459.00,5.00
17482,5808,27,27,18.00,0.00
17483,5809,23,4,22.00,5.00
17484,5809,26,27,12.00,0.00
17485,5809,35,17,79.00,10.00
17486,5809,13,14,649.00,0.00
17487,5810,20,24,159.00,0.00
17488,5810,33,28,65.00,5.00
17489,5811,2,10,899.00,0.00
17490,5811,16,23,45.00,0.00
17491,5812,1,29,499.00,5.00
17492,5813,35,12,79.00,10.00
17493,5814,13,4,649.00,0.00
17494,5814,4,2,129.00,10.00
17495,5814,27,25,18.00,5.00
17496,5814,12,13,459.00,0.00
17497,5814,12,8,459.00,0.00
17498,5815,13,3,649.00,0.00
17499,5815,14,30,549.00,5.00
17500,5816,29,13,32.00,5.00
17501,5817,1,10,499.00,0.00
17502,5817,29,11,32.00,0.00
17503,5818,24,14,95.00,0.00
17504,5818,33,28,65.00,5.00
17505,5818,1,27,499.00,0.00
17506,5818,29,6,32.00,0.00
17507,5818,3,22,249.00,0.00
17508,5819,23,29,22.00,5.00
17509,5819,5,10,349.00,0.00
17510,5819,32,2,45.00,0.00
17511,5820,20,2,159.00,5.00
17512,5820,5,20,349.00,10.00
17513,5821,12,30,459.00,10.00
17514,5821,33,23,65.00,10.00
17515,5821,11,25,899.00,0.00
17516,5821,8,21,389.00,5.00
17517,5821,30,25,27.00,5.00
17518,5822,19,1,69.00,0.00
17519,5822,11,4,899.00,5.00
17520,5823,27,25,18.00,10.00
17521,5823,25,30,42.00,5.00
17522,5823,1,21,499.00,0.00
17523,5823,1,27,499.00,0.00
17524,5824,34,1,35.00,0.00
17525,5824,3,22,249.00,0.00
17526,5824,11,21,899.00,0.00
17527,5825,13,2,649.00,0.00
17528,5825,35,8,79.00,0.00
17529,5825,20,2,159.00,0.00
17530,5825,15,18,379.00,5.00
17531,5825,22,2,75.00,0.00
17532,5826,1,23,499.00,5.00
17533,5826,20,16,159.00,10.00
17534,5826,22,19,75.00,0.00
17535,5826,1,17,499.00,5.00
17536,5827,35,12,79.00,10.00
17537,5827,22,6,75.00,0.00
17538,5827,25,13,42.00,10.00
17539,5827,12,27,459.00,0.00
17540,5827,24,30,95.00,10.00
17541,5828,26,1,12.00,10.00
17542,5828,19,29,69.00,0.00
17543,5828,35,13,79.00,0.00
17544,5829,29,27,32.00,10.00
17545,5830,20,7,159.00,0.00
17546,5830,14,22,549.00,0.00
17547,5830,25,11,42.00,5.00
17548,5831,10,1,799.00,0.00
17549,5831,3,23,249.00,0.00
17550,5831,33,13,65.00,0.00
17551,5831,28,11,120.00,0.00
17552,5832,8,22,389.00,10.00
17553,5833,28,28,120.00,0.00
17554,5833,14,9,549.00,0.00
17555,5834,20,26,159.00,0.00
17556,5834,35,15,79.00,0.00
17557,5835,33,2,65.00,0.00
17558,5835,4,4,129.00,0.00
17559,5836,35,9,79.00,0.00
17560,5836,9,28,149.00,10.00
17561,5836,20,5,159.00,0.00
17562,5837,29,2,32.00,5.00
17563,5837,27,15,18.00,0.00
17564,5838,35,1,79.00,0.00
17565,5838,20,13,159.00,0.00
17566,5838,4,3,129.00,0.00
17567,5838,35,24,79.00,10.00
17568,5839,5,15,349.00,0.00
17569,5839,33,13,65.00,0.00
17570,5840,14,7,549.00,10.00
17571,5840,32,24,45.00,0.00
17572,5841,23,9,22.00,0.00
17573,5841,28,12,120.00,0.00
17574,5841,17,25,189.00,5.00
17575,5841,24,17,95.00,5.00
17576,5842,10,29,799.00,10.00
17577,5842,1,3,499.00,0.00
17578,5842,26,14,12.00,0.00
17579,5843,34,22,35.00,10.00
17580,5843,32,1,45.00,0.00
17581,5844,21,26,58.00,0.00
17582,5845,33,17,65.00,10.00
17583,5845,9,9,149.00,5.00
17584,5846,21,7,58.00,0.00
17585,5846,19,29,69.00,0.00
17586,5847,19,29,69.00,0.00
17587,5847,29,22,32.00,0.00
17588,5847,10,5,799.00,10.00
17589,5848,18,27,89.00,10.00
17590,5849,30,9,27.00,10.00
17591,5849,18,28,89.00,0.00
17592,5849,21,24,58.00,0.00
17593,5849,5,12,349.00,0.00
17594,5849,23,16,22.00,5.00
17595,5850,14,13,549.00,10.00
17596,5851,13,30,649.00,5.00
17597,5851,35,16,79.00,5.00
17598,5852,5,27,349.00,0.00
17599,5852,26,11,12.00,0.00
17600,5852,23,21,22.00,0.00
17601,5853,14,6,549.00,10.00
17602,5853,18,3,89.00,10.00
17603,5853,35,14,79.00,0.00
17604,5854,30,22,27.00,0.00
17605,5854,12,10,459.00,5.00
17606,5854,3,18,249.00,5.00
17607,5855,14,9,549.00,0.00
17608,5855,27,24,18.00,5.00
17609,5855,30,11,27.00,0.00
17610,5855,5,26,349.00,10.00
17611,5855,6,30,699.00,0.00
17612,5856,7,10,549.00,10.00
17613,5856,30,13,27.00,0.00
17614,5856,4,3,129.00,0.00
17615,5857,3,13,249.00,10.00
17616,5857,19,22,69.00,10.00
17617,5857,26,23,12.00,0.00
17618,5857,12,4,459.00,5.00
17619,5858,34,15,35.00,0.00
17620,5858,32,5,45.00,0.00
17621,5858,20,26,159.00,0.00
17622,5859,6,28,699.00,0.00
17623,5859,28,18,120.00,0.00
17624,5859,34,6,35.00,0.00
17625,5859,25,11,42.00,5.00
17626,5859,17,7,189.00,5.00
17627,5860,26,17,12.00,0.00
17628,5861,28,14,120.00,10.00
17629,5861,22,2,75.00,0.00
17630,5861,32,7,45.00,0.00
17631,5862,34,30,35.00,0.00
17632,5862,13,19,649.00,0.00
17633,5862,8,30,389.00,0.00
17634,5862,21,1,58.00,0.00
17635,5862,9,14,149.00,0.00
17636,5863,8,13,389.00,0.00
17637,5863,33,9,65.00,5.00
17638,5864,25,16,42.00,0.00
17639,5864,19,12,69.00,0.00
17640,5865,23,23,22.00,10.00
17641,5865,11,24,899.00,0.00
17642,5865,29,29,32.00,0.00
17643,5866,13,13,649.00,10.00
17644,5867,11,2,899.00,0.00
17645,5867,1,21,499.00,0.00
17646,5867,9,23,149.00,0.00
17647,5868,16,7,45.00,5.00
17648,5868,28,27,120.00,0.00
17649,5868,29,25,32.00,5.00
17650,5868,24,13,95.00,0.00
17651,5869,12,8,459.00,0.00
17652,5870,23,25,22.00,0.00
17653,5870,16,19,45.00,5.00
17654,5870,4,2,129.00,0.00
17655,5870,6,19,699.00,5.00
17656,5870,9,11,149.00,0.00
17657,5871,21,10,58.00,10.00
17658,5871,5,5,349.00,0.00
17659,5872,31,20,15.00,0.00
17660,5872,27,7,18.00,5.00
17661,5872,2,30,899.00,10.00
17662,5872,4,2,129.00,10.00
17663,5872,25,19,42.00,0.00
17664,5873,6,12,699.00,0.00
17665,5874,3,13,249.00,10.00
17666,5874,14,3,549.00,0.00
17667,5874,16,6,45.00,0.00
17668,5874,8,12,389.00,0.00
17669,5875,11,23,899.00,10.00
17670,5875,10,21,799.00,5.00
17671,5876,8,16,389.00,10.00
17672,5876,13,24,649.00,10.00
17673,5876,35,9,79.00,0.00
17674,5877,28,30,120.00,0.00
17675,5877,21,15,58.00,0.00
17676,5877,19,27,69.00,5.00
17677,5877,8,24,389.00,0.00
17678,5878,29,6,32.00,0.00
17679,5878,17,6,189.00,0.00
17680,5879,26,14,12.00,0.00
17681,5879,4,8,129.00,10.00
17682,5879,29,12,32.00,0.00
17683,5879,9,24,149.00,0.00
17684,5880,26,5,12.00,0.00
17685,5880,8,14,389.00,5.00
17686,5880,31,14,15.00,0.00
17687,5881,2,5,899.00,5.00
17688,5881,21,4,58.00,5.00
17689,5881,21,19,58.00,0.00
17690,5881,30,4,27.00,0.00
17691,5882,17,23,189.00,0.00
17692,5882,12,22,459.00,0.00
17693,5882,17,26,189.00,10.00
17694,5883,19,29,69.00,0.00
17695,5883,32,2,45.00,0.00
17696,5883,13,11,649.00,5.00
17697,5883,10,11,799.00,10.00
17698,5883,14,9,549.00,0.00
17699,5884,7,7,549.00,5.00
17700,5884,13,28,649.00,0.00
17701,5885,21,2,58.00,0.00
17702,5885,20,4,159.00,10.00
17703,5885,16,10,45.00,0.00
17704,5885,6,6,699.00,0.00
17705,5886,20,24,159.00,0.00
17706,5887,21,8,58.00,0.00
17707,5887,34,5,35.00,10.00
17708,5887,31,22,15.00,0.00
17709,5888,22,21,75.00,0.00
17710,5888,29,12,32.00,0.00
17711,5888,1,24,499.00,10.00
17712,5889,24,10,95.00,0.00
17713,5889,30,16,27.00,0.00
17714,5890,34,21,35.00,0.00
17715,5890,29,11,32.00,0.00
17716,5890,13,27,649.00,0.00
17717,5890,14,20,549.00,0.00
17718,5891,30,21,27.00,10.00
17719,5891,18,24,89.00,0.00
17720,5891,32,4,45.00,10.00
17721,5892,34,4,35.00,5.00
17722,5892,4,15,129.00,0.00
17723,5892,24,11,95.00,5.00
17724,5892,16,5,45.00,0.00
17725,5892,19,16,69.00,10.00
17726,5893,15,24,379.00,5.00
17727,5893,33,21,65.00,5.00
17728,5893,12,17,459.00,10.00
17729,5893,14,16,549.00,0.00
17730,5894,8,26,389.00,5.00
17731,5894,19,23,69.00,0.00
17732,5895,18,26,89.00,5.00
17733,5895,15,19,379.00,10.00
17734,5895,9,23,149.00,0.00
17735,5896,18,5,89.00,0.00
17736,5896,1,5,499.00,5.00
17737,5896,3,7,249.00,10.00
17738,5897,21,21,58.00,5.00
17739,5897,3,15,249.00,0.00
17740,5897,22,15,75.00,0.00
17741,5898,32,6,45.00,0.00
17742,5898,5,8,349.00,10.00
17743,5898,12,7,459.00,0.00
17744,5899,18,3,89.00,10.00
17745,5899,14,7,549.00,10.00
17746,5899,18,2,89.00,5.00
17747,5900,29,21,32.00,0.00
17748,5900,34,25,35.00,0.00
17749,5900,6,15,699.00,10.00
17750,5901,6,20,699.00,5.00
17751,5901,2,27,899.00,0.00
17752,5902,28,23,120.00,0.00
17753,5903,3,29,249.00,0.00
17754,5903,23,22,22.00,5.00
17755,5903,4,17,129.00,0.00
17756,5904,10,1,799.00,0.00
17757,5904,34,7,35.00,0.00
17758,5904,12,3,459.00,0.00
17759,5905,31,26,15.00,5.00
17760,5906,26,11,12.00,0.00
17761,5906,30,14,27.00,5.00
17762,5906,6,23,699.00,0.00
17763,5907,11,19,899.00,0.00
17764,5907,15,11,379.00,0.00
17765,5908,10,9,799.00,5.00
17766,5908,12,23,459.00,5.00
17767,5909,7,11,549.00,0.00
17768,5910,27,24,18.00,5.00
17769,5910,28,3,120.00,10.00
17770,5911,32,6,45.00,0.00
17771,5911,24,20,95.00,0.00
17772,5911,10,20,799.00,0.00
17773,5912,17,6,189.00,0.00
17774,5912,26,9,12.00,0.00
17775,5912,1,19,499.00,0.00
17776,5912,16,1,45.00,5.00
17777,5913,13,19,649.00,10.00
17778,5913,30,12,27.00,0.00
17779,5914,25,20,42.00,0.00
17780,5914,6,3,699.00,10.00
17781,5914,15,11,379.00,0.00
17782,5915,25,30,42.00,10.00
17783,5916,24,24,95.00,10.00
17784,5916,14,4,549.00,0.00
17785,5916,13,24,649.00,10.00
17786,5916,32,30,45.00,0.00
17787,5916,35,12,79.00,10.00
17788,5917,24,17,95.00,10.00
17789,5917,18,28,89.00,0.00
17790,5917,7,9,549.00,10.00
17791,5918,25,20,42.00,0.00
17792,5918,5,30,349.00,0.00
17793,5918,24,23,95.00,5.00
17794,5918,11,12,899.00,0.00
17795,5919,20,20,159.00,0.00
17796,5920,28,21,120.00,0.00
17797,5921,5,9,349.00,10.00
17798,5921,35,2,79.00,0.00
17799,5921,15,4,379.00,0.00
17800,5921,3,18,249.00,5.00
17801,5921,28,24,120.00,0.00
17802,5922,19,26,69.00,5.00
17803,5922,34,21,35.00,0.00
17804,5922,26,28,12.00,0.00
17805,5922,11,9,899.00,0.00
17806,5922,19,8,69.00,5.00
17807,5923,1,29,499.00,0.00
17808,5923,7,5,549.00,0.00
17809,5924,6,14,699.00,5.00
17810,5924,16,29,45.00,0.00
17811,5924,5,15,349.00,0.00
17812,5925,28,28,120.00,0.00
17813,5925,35,15,79.00,0.00
17814,5926,26,29,12.00,0.00
17815,5926,20,13,159.00,0.00
17816,5926,22,28,75.00,10.00
17817,5926,11,2,899.00,0.00
17818,5926,20,24,159.00,0.00
17819,5927,6,4,699.00,0.00
17820,5927,1,25,499.00,0.00
17821,5928,31,11,15.00,0.00
17822,5928,13,16,649.00,0.00
17823,5928,1,18,499.00,10.00
17824,5928,19,3,69.00,10.00
17825,5929,2,26,899.00,0.00
17826,5929,16,20,45.00,10.00
17827,5929,21,6,58.00,0.00
17828,5930,14,15,549.00,0.00
17829,5931,26,13,12.00,10.00
17830,5931,2,22,899.00,0.00
17831,5931,24,9,95.00,0.00
17832,5931,15,22,379.00,0.00
17833,5932,25,28,42.00,0.00
17834,5932,11,10,899.00,5.00
17835,5932,24,4,95.00,5.00
17836,5932,32,16,45.00,10.00
17837,5932,4,22,129.00,0.00
17838,5933,17,18,189.00,0.00
17839,5933,29,16,32.00,0.00
17840,5933,14,9,549.00,0.00
17841,5934,23,20,22.00,0.00
17842,5935,10,25,799.00,0.00
17843,5935,31,18,15.00,0.00
17844,5935,30,6,27.00,0.00
17845,5935,28,17,120.00,0.00
17846,5935,32,18,45.00,0.00
17847,5936,31,22,15.00,10.00
17848,5936,20,29,159.00,0.00
17849,5936,33,3,65.00,5.00
17850,5936,9,3,149.00,5.00
17851,5936,15,28,379.00,0.00
17852,5937,12,19,459.00,0.00
17853,5937,35,13,79.00,0.00
17854,5937,5,15,349.00,0.00
17855,5937,25,14,42.00,0.00
17856,5938,2,29,899.00,5.00
17857,5938,13,27,649.00,0.00
17858,5938,10,7,799.00,0.00
17859,5939,26,22,12.00,0.00
17860,5939,8,20,389.00,0.00
17861,5940,30,15,27.00,10.00
17862,5940,3,18,249.00,5.00
17863,5940,7,16,549.00,0.00
17864,5940,30,1,27.00,0.00
17865,5940,15,17,379.00,0.00
17866,5941,28,24,120.00,0.00
17867,5942,2,11,899.00,0.00
17868,5942,33,26,65.00,0.00
17869,5942,26,10,12.00,0.00
17870,5942,28,28,120.00,0.00
17871,5943,30,1,27.00,5.00
17872,5944,12,14,459.00,0.00
17873,5944,17,29,189.00,0.00
17874,5944,13,4,649.00,0.00
17875,5944,10,23,799.00,10.00
17876,5945,30,16,27.00,0.00
17877,5945,31,5,15.00,0.00
17878,5945,28,24,120.00,5.00
17879,5946,10,15,799.00,5.00
17880,5946,21,3,58.00,5.00
17881,5947,1,5,499.00,5.00
17882,5947,33,20,65.00,0.00
17883,5947,6,18,699.00,0.00
17884,5947,14,18,549.00,10.00
17885,5947,12,5,459.00,10.00
17886,5948,30,12,27.00,0.00
17887,5948,25,12,42.00,5.00
17888,5948,31,28,15.00,0.00
17889,5948,18,11,89.00,0.00
17890,5949,21,22,58.00,5.00
17891,5950,15,12,379.00,5.00
17892,5950,15,27,379.00,0.00
17893,5951,18,1,89.00,5.00
17894,5951,4,17,129.00,0.00
17895,5951,33,2,65.00,0.00
17896,5951,35,20,79.00,0.00
17897,5951,29,1,32.00,5.00
17898,5952,4,27,129.00,0.00
17899,5952,25,11,42.00,5.00
17900,5953,1,3,499.00,0.00
17901,5953,25,10,42.00,0.00
17902,5954,33,30,65.00,0.00
17903,5954,14,23,549.00,0.00
17904,5954,20,3,159.00,5.00
17905,5954,14,25,549.00,10.00
17906,5954,27,10,18.00,0.00
17907,5955,8,5,389.00,0.00
17908,5955,9,26,149.00,0.00
17909,5955,23,28,22.00,5.00
17910,5955,19,20,69.00,5.00
17911,5956,16,25,45.00,10.00
17912,5956,22,19,75.00,0.00
17913,5956,20,27,159.00,5.00
17914,5957,19,4,69.00,10.00
17915,5957,20,25,159.00,0.00
17916,5957,26,10,12.00,0.00
17917,5958,32,4,45.00,10.00
17918,5958,9,15,149.00,5.00
17919,5958,3,8,249.00,0.00
17920,5958,10,10,799.00,5.00
17921,5958,33,9,65.00,5.00
17922,5959,13,18,649.00,10.00
17923,5959,23,19,22.00,0.00
17924,5960,8,4,389.00,10.00
17925,5960,20,26,159.00,0.00
17926,5960,10,22,799.00,5.00
17927,5960,15,30,379.00,5.00
17928,5960,6,29,699.00,0.00
17929,5961,32,17,45.00,0.00
17930,5961,34,13,35.00,0.00
17931,5961,17,29,189.00,0.00
17932,5961,34,19,35.00,0.00
17933,5962,12,1,459.00,0.00
17934,5962,5,16,349.00,0.00
17935,5963,34,14,35.00,0.00
17936,5963,15,1,379.00,10.00
17937,5963,1,19,499.00,0.00
17938,5964,33,8,65.00,0.00
17939,5964,14,21,549.00,0.00
17940,5964,5,30,349.00,0.00
17941,5965,16,28,45.00,0.00
17942,5965,28,29,120.00,0.00
17943,5965,7,21,549.00,10.00
17944,5966,6,1,699.00,5.00
17945,5966,35,2,79.00,0.00
17946,5966,17,12,189.00,0.00
17947,5966,3,1,249.00,10.00
17948,5967,3,24,249.00,5.00
17949,5967,3,10,249.00,0.00
17950,5967,4,8,129.00,0.00
17951,5968,25,26,42.00,0.00
17952,5968,1,24,499.00,10.00
17953,5968,2,16,899.00,0.00
17954,5968,30,24,27.00,0.00
17955,5968,22,26,75.00,0.00
17956,5969,21,11,58.00,10.00
17957,5969,26,26,12.00,10.00
17958,5969,13,27,649.00,0.00
17959,5969,30,10,27.00,10.00
17960,5969,4,15,129.00,0.00
17961,5970,35,14,79.00,0.00
17962,5970,33,26,65.00,0.00
17963,5970,31,26,15.00,5.00
17964,5971,20,25,159.00,0.00
17965,5971,34,10,35.00,5.00
17966,5971,32,5,45.00,0.00
17967,5971,29,29,32.00,0.00
17968,5972,4,4,129.00,0.00
17969,5972,9,6,149.00,0.00
17970,5972,19,2,69.00,5.00
17971,5972,32,22,45.00,10.00
17972,5972,35,16,79.00,5.00
17973,5973,31,23,15.00,0.00
17974,5974,30,18,27.00,0.00
17975,5974,10,5,799.00,10.00
17976,5974,7,4,549.00,0.00
17977,5974,33,13,65.00,0.00
17978,5974,16,5,45.00,0.00
17979,5975,31,14,15.00,5.00
17980,5975,2,7,899.00,10.00
17981,5975,30,17,27.00,0.00
17982,5975,14,9,549.00,0.00
17983,5976,10,27,799.00,0.00
17984,5976,32,2,45.00,0.00
17985,5976,8,21,389.00,5.00
17986,5976,26,10,12.00,0.00
17987,5976,11,7,899.00,0.00
17988,5977,13,23,649.00,0.00
17989,5978,21,26,58.00,0.00
17990,5979,31,26,15.00,5.00
17991,5979,28,27,120.00,0.00
17992,5979,22,28,75.00,5.00
17993,5979,6,14,699.00,5.00
17994,5979,14,22,549.00,0.00
17995,5980,23,22,22.00,0.00
17996,5981,13,23,649.00,5.00
17997,5981,12,15,459.00,0.00
17998,5981,20,17,159.00,0.00
17999,5981,35,16,79.00,5.00
18000,5982,19,19,69.00,0.00
18001,5983,21,20,58.00,0.00
18002,5983,19,4,69.00,0.00
18003,5983,4,5,129.00,0.00
18004,5984,19,11,69.00,0.00
18005,5985,26,9,12.00,0.00
18006,5985,6,7,699.00,5.00
18007,5985,17,13,189.00,5.00
18008,5985,5,21,349.00,10.00
18009,5985,23,15,22.00,0.00
18010,5986,9,27,149.00,5.00
18011,5987,19,25,69.00,0.00
18012,5987,7,12,549.00,0.00
18013,5988,35,26,79.00,0.00
18014,5989,9,8,149.00,0.00
18015,5989,17,1,189.00,5.00
18016,5989,17,7,189.00,5.00
18017,5989,29,2,32.00,5.00
18018,5989,20,18,159.00,0.00
18019,5990,27,26,18.00,0.00
18020,5990,17,9,189.00,0.00
18021,5990,13,19,649.00,10.00
18022,5990,6,25,699.00,5.00
18023,5991,8,9,389.00,5.00
18024,5991,1,23,499.00,5.00
18025,5992,33,6,65.00,0.00
18026,5992,3,1,249.00,10.00
18027,5992,11,25,899.00,0.00
18028,5992,33,26,65.00,0.00
18029,5992,16,2,45.00,10.00
18030,5993,11,17,899.00,10.00
18031,5993,18,30,89.00,0.00
18032,5993,35,23,79.00,5.00
18033,5993,23,29,22.00,5.00
18034,5994,19,12,69.00,0.00
18035,5994,2,25,899.00,0.00
18036,5995,15,28,379.00,0.00
18037,5995,13,15,649.00,0.00
18038,5995,23,29,22.00,5.00
18039,5995,33,13,65.00,0.00
18040,5996,9,13,149.00,0.00
18041,5996,26,15,12.00,0.00
18042,5996,21,11,58.00,10.00
18043,5996,25,21,42.00,0.00
18044,5996,21,30,58.00,0.00
18045,5997,6,3,699.00,10.00
18046,5997,13,1,649.00,0.00
18047,5997,8,28,389.00,10.00
18048,5997,1,5,499.00,5.00
18049,5997,14,18,549.00,5.00
18050,5998,9,25,149.00,0.00
18051,5998,1,5,499.00,5.00
18052,5998,18,4,89.00,0.00
18053,5999,23,10,22.00,5.00
18054,5999,6,27,699.00,10.00
18055,5999,1,9,499.00,0.00
18056,5999,28,28,120.00,0.00
18057,6000,17,20,189.00,10.00
18058,6000,3,1,249.00,10.00
18059,6001,14,6,549.00,5.00
18060,6001,14,17,549.00,0.00
18061,6001,6,4,699.00,0.00
18062,6001,11,4,899.00,5.00
18063,6001,9,1,149.00,0.00
18064,6002,10,12,799.00,0.00
18065,6002,1,2,499.00,0.00
18066,6002,27,7,18.00,10.00
18067,6002,27,6,18.00,0.00
18068,6003,8,5,389.00,0.00
18069,6003,27,23,18.00,0.00
18070,6004,21,11,58.00,0.00
18071,6004,9,30,149.00,0.00
18072,6004,10,18,799.00,0.00
18073,6005,24,13,95.00,0.00
18074,6005,6,17,699.00,0.00
18075,6005,21,8,58.00,0.00
18076,6005,19,9,69.00,10.00
18077,6006,34,17,35.00,10.00
18078,6006,16,26,45.00,10.00
18079,6006,23,21,22.00,0.00
18080,6007,31,10,15.00,10.00
18081,6007,26,26,12.00,0.00
18082,6007,26,15,12.00,0.00
18083,6007,33,25,65.00,0.00
18084,6008,12,19,459.00,0.00
18085,6009,27,16,18.00,0.00
18086,6009,12,16,459.00,0.00
18087,6009,9,17,149.00,10.00
18088,6009,11,17,899.00,10.00
18089,6010,32,5,45.00,0.00
18090,6010,2,28,899.00,0.00
18091,6010,21,17,58.00,0.00
18092,6011,20,20,159.00,5.00
18093,6011,16,4,45.00,0.00
18094,6011,3,14,249.00,0.00
18095,6011,11,3,899.00,0.00
18096,6012,22,30,75.00,0.00
18097,6012,28,16,120.00,0.00
18098,6013,31,22,15.00,10.00
18099,6013,24,16,95.00,0.00
18100,6013,7,8,549.00,5.00
18101,6013,35,22,79.00,0.00
18102,6013,23,16,22.00,5.00
18103,6014,6,7,699.00,5.00
18104,6015,32,14,45.00,0.00
18105,6016,11,15,899.00,0.00
18106,6016,2,24,899.00,5.00
18107,6016,12,13,459.00,0.00
18108,6016,10,2,799.00,0.00
18109,6016,4,3,129.00,0.00
18110,6017,33,27,65.00,5.00
18111,6017,23,5,22.00,10.00
18112,6017,7,3,549.00,10.00
18113,6017,1,18,499.00,10.00
18114,6018,17,3,189.00,0.00
18115,6018,11,5,899.00,5.00
18116,6018,20,12,159.00,0.00
18117,6018,4,23,129.00,0.00
18118,6019,20,26,159.00,0.00
18119,6019,32,3,45.00,5.00
18120,6019,19,10,69.00,10.00
18121,6019,2,7,899.00,10.00
18122,6019,33,28,65.00,5.00
18123,6020,34,14,35.00,0.00
18124,6020,10,11,799.00,10.00
18125,6020,25,19,42.00,0.00
18126,6020,11,12,899.00,10.00
18127,6021,29,2,32.00,5.00
18128,6021,25,7,42.00,10.00
18129,6021,5,26,349.00,5.00
18130,6021,16,25,45.00,5.00
18131,6022,13,12,649.00,10.00
18132,6023,15,7,379.00,10.00
18133,6023,25,27,42.00,0.00
18134,6023,5,18,349.00,0.00
18135,6023,18,5,89.00,0.00
18136,6023,7,26,549.00,5.00
18137,6024,28,17,120.00,0.00
18138,6024,9,4,149.00,5.00
18139,6024,18,7,89.00,5.00
18140,6025,24,1,95.00,10.00
18141,6025,35,27,79.00,0.00
18142,6025,33,3,65.00,5.00
18143,6026,1,16,499.00,5.00
18144,6027,22,7,75.00,0.00
18145,6027,30,9,27.00,10.00
18146,6027,31,15,15.00,5.00
18147,6027,17,30,189.00,0.00
18148,6027,33,26,65.00,0.00
18149,6028,9,17,149.00,10.00
18150,6028,12,21,459.00,0.00
18151,6029,17,5,189.00,0.00
18152,6029,7,28,549.00,0.00
18153,6029,20,19,159.00,0.00
18154,6030,8,20,389.00,5.00
18155,6030,14,29,549.00,5.00
18156,6030,11,16,899.00,5.00
18157,6031,30,16,27.00,0.00
18158,6031,25,10,42.00,0.00
18159,6031,27,5,18.00,0.00
18160,6032,11,25,899.00,0.00
18161,6032,21,11,58.00,10.00
18162,6033,4,29,129.00,0.00
18163,6033,12,11,459.00,5.00
18164,6033,31,30,15.00,0.00
18165,6034,7,9,549.00,10.00
18166,6034,7,15,549.00,10.00
18167,6034,2,14,899.00,0.00
18168,6034,23,18,22.00,10.00
18169,6034,7,1,549.00,0.00
18170,6035,31,14,15.00,5.00
18171,6035,7,23,549.00,0.00
18172,6036,25,19,42.00,0.00
18173,6036,10,7,799.00,0.00
18174,6036,5,18,349.00,0.00
18175,6036,34,5,35.00,10.00
18176,6036,3,20,249.00,0.00
18177,6037,26,19,12.00,10.00
18178,6038,10,10,799.00,5.00
18179,6038,34,14,35.00,0.00
18180,6039,31,3,15.00,10.00
18181,6039,32,1,45.00,0.00
18182,6039,26,19,12.00,10.00
18183,6039,23,16,22.00,5.00
18184,6040,12,9,459.00,0.00
18185,6040,27,27,18.00,0.00
18186,6040,32,4,45.00,10.00
18187,6041,21,6,58.00,0.00
18188,6041,29,27,32.00,10.00
18189,6042,30,6,27.00,0.00
18190,6043,3,22,249.00,0.00
18191,6043,16,9,45.00,0.00
18192,6043,15,28,379.00,0.00
18193,6043,10,2,799.00,0.00
18194,6043,19,29,69.00,0.00
18195,6044,12,22,459.00,0.00
18196,6044,24,20,95.00,0.00
18197,6045,25,10,42.00,0.00
18198,6045,26,1,12.00,10.00
18199,6045,25,20,42.00,0.00
18200,6045,22,23,75.00,10.00
18201,6046,4,4,129.00,0.00
18202,6046,14,25,549.00,10.00
18203,6046,17,12,189.00,0.00
18204,6047,16,7,45.00,10.00
18205,6047,16,23,45.00,0.00
18206,6047,18,16,89.00,0.00
18207,6047,23,4,22.00,5.00
18208,6048,6,5,699.00,0.00
18209,6048,18,1,89.00,0.00
18210,6048,23,19,22.00,0.00
18211,6049,34,23,35.00,10.00
18212,6050,30,22,27.00,0.00
18213,6050,4,12,129.00,5.00
18214,6050,34,26,35.00,0.00
18215,6051,2,28,899.00,0.00
18216,6051,8,27,389.00,10.00
18217,6051,15,20,379.00,10.00
18218,6052,17,15,189.00,10.00
18219,6052,11,21,899.00,0.00
18220,6052,15,20,379.00,10.00
18221,6052,25,24,42.00,5.00
18222,6053,25,10,42.00,0.00
18223,6053,14,14,549.00,0.00
18224,6053,23,20,22.00,0.00
18225,6054,9,25,149.00,0.00
18226,6055,13,9,649.00,0.00
18227,6056,31,29,15.00,0.00
18228,6056,23,29,22.00,10.00
18229,6056,8,18,389.00,0.00
18230,6057,14,29,549.00,5.00
18231,6057,14,1,549.00,10.00
18232,6058,2,4,899.00,0.00
18233,6058,10,24,799.00,0.00
18234,6058,13,12,649.00,10.00
18235,6058,3,25,249.00,10.00
18236,6059,11,26,899.00,0.00
18237,6059,34,27,35.00,0.00
18238,6059,32,30,45.00,0.00
18239,6059,34,10,35.00,5.00
18240,6059,6,1,699.00,0.00
18241,6060,3,4,249.00,0.00
18242,6060,21,24,58.00,0.00
18243,6061,6,4,699.00,0.00
18244,6061,18,30,89.00,0.00
18245,6061,8,24,389.00,0.00
18246,6061,3,17,249.00,0.00
18247,6061,21,18,58.00,0.00
18248,6062,29,8,32.00,5.00
18249,6062,6,14,699.00,5.00
18250,6063,27,2,18.00,10.00
18251,6063,25,20,42.00,0.00
18252,6064,8,21,389.00,10.00
18253,6064,4,30,129.00,5.00
18254,6064,5,24,349.00,0.00
18255,6065,30,12,27.00,0.00
18256,6065,32,8,45.00,5.00
18257,6065,9,14,149.00,0.00
18258,6065,35,18,79.00,10.00
18259,6066,26,24,12.00,5.00
18260,6066,3,10,249.00,0.00
18261,6066,4,10,129.00,0.00
18262,6066,8,10,389.00,0.00
18263,6067,13,22,649.00,0.00
18264,6068,29,30,32.00,0.00
18265,6068,18,3,89.00,10.00
18266,6068,34,8,35.00,0.00
18267,6068,8,26,389.00,5.00
18268,6069,9,24,149.00,0.00
18269,6069,23,19,22.00,0.00
18270,6069,25,5,42.00,5.00
18271,6069,3,9,249.00,0.00
18272,6069,24,3,95.00,0.00
18273,6070,2,17,899.00,5.00
18274,6070,18,19,89.00,5.00
18275,6070,10,15,799.00,5.00
18276,6070,24,14,95.00,0.00
18277,6070,24,25,95.00,0.00
18278,6071,21,12,58.00,0.00
18279,6071,31,22,15.00,0.00
18280,6071,34,20,35.00,0.00
18281,6072,10,30,799.00,0.00
18282,6072,23,28,22.00,0.00
18283,6072,6,3,699.00,10.00
18284,6073,1,9,499.00,0.00
18285,6073,5,14,349.00,10.00
18286,6073,30,21,27.00,10.00
18287,6074,5,16,349.00,0.00
18288,6075,29,3,32.00,10.00
18289,6075,19,23,69.00,0.00
18290,6076,1,8,499.00,0.00
18291,6076,1,18,499.00,10.00
18292,6077,35,1,79.00,0.00
18293,6077,20,15,159.00,5.00
18294,6078,12,7,459.00,0.00
18295,6078,4,30,129.00,5.00
18296,6078,6,29,699.00,0.00
18297,6079,18,23,89.00,0.00
18298,6079,6,27,699.00,10.00
18299,6079,3,16,249.00,0.00
18300,6080,12,3,459.00,0.00
18301,6080,19,19,69.00,0.00
18302,6081,2,23,899.00,5.00
18303,6082,20,13,159.00,0.00
18304,6082,26,12,12.00,10.00
18305,6082,3,24,249.00,5.00
18306,6082,7,24,549.00,0.00
18307,6083,30,26,27.00,5.00
18308,6084,29,4,32.00,0.00
18309,6084,2,30,899.00,5.00
18310,6084,30,29,27.00,0.00
18311,6084,2,23,899.00,0.00
18312,6085,31,12,15.00,0.00
18313,6085,13,27,649.00,0.00
18314,6085,6,22,699.00,0.00
18315,6085,17,30,189.00,0.00
18316,6086,5,5,349.00,0.00
18317,6086,14,24,549.00,10.00
18318,6086,26,6,12.00,5.00
18319,6087,14,22,549.00,0.00
18320,6087,8,18,389.00,0.00
18321,6087,27,26,18.00,10.00
18322,6087,10,14,799.00,0.00
18323,6088,9,6,149.00,0.00
18324,6088,9,22,149.00,10.00
18325,6088,6,5,699.00,0.00
18326,6088,10,10,799.00,5.00
18327,6089,5,26,349.00,10.00
18328,6089,19,7,69.00,0.00
18329,6090,31,28,15.00,0.00
18330,6091,23,9,22.00,0.00
18331,6091,21,15,58.00,5.00
18332,6091,30,7,27.00,5.00
18333,6091,12,28,459.00,0.00
18334,6091,26,5,12.00,0.00
18335,6092,22,9,75.00,0.00
18336,6092,21,16,58.00,10.00
18337,6093,22,16,75.00,5.00
18338,6094,14,11,549.00,0.00
18339,6095,26,8,12.00,0.00
18340,6095,23,30,22.00,10.00
18341,6095,27,1,18.00,10.00
18342,6095,2,24,899.00,5.00
18343,6095,14,20,549.00,0.00
18344,6096,32,22,45.00,10.00
18345,6096,3,26,249.00,10.00
18346,6097,34,4,35.00,5.00
18347,6097,7,25,549.00,0.00
18348,6098,2,28,899.00,0.00
18349,6099,1,9,499.00,0.00
18350,6099,26,22,12.00,0.00
18351,6099,32,10,45.00,5.00
18352,6099,2,25,899.00,10.00
18353,6099,10,18,799.00,0.00
18354,6100,5,11,349.00,0.00
18355,6100,24,11,95.00,5.00
18356,6100,26,10,12.00,0.00
18357,6101,19,13,69.00,0.00
18358,6101,25,10,42.00,0.00
18359,6101,32,25,45.00,0.00
18360,6102,27,3,18.00,0.00
18361,6102,20,10,159.00,10.00
18362,6102,20,4,159.00,10.00
18363,6102,29,18,32.00,0.00
18364,6102,30,19,27.00,5.00
18365,6103,18,24,89.00,0.00
18366,6103,18,12,89.00,0.00
18367,6104,2,8,899.00,0.00
18368,6104,33,9,65.00,0.00
18369,6105,28,10,120.00,0.00
18370,6105,7,9,549.00,10.00
18371,6105,13,9,649.00,0.00
18372,6106,29,14,32.00,5.00
18373,6106,22,23,75.00,10.00
18374,6106,3,22,249.00,0.00
18375,6106,2,27,899.00,0.00
18376,6106,30,10,27.00,0.00
18377,6107,22,24,75.00,0.00
18378,6108,27,22,18.00,0.00
18379,6108,17,12,189.00,0.00
18380,6109,20,24,159.00,0.00
18381,6109,14,25,549.00,10.00
18382,6109,12,25,459.00,0.00
18383,6109,27,21,18.00,0.00
18384,6110,11,22,899.00,5.00
18385,6110,19,14,69.00,5.00
18386,6110,3,9,249.00,0.00
18387,6111,5,19,349.00,5.00
18388,6111,32,8,45.00,0.00
18389,6112,21,9,58.00,5.00
18390,6112,22,1,75.00,0.00
18391,6112,2,19,899.00,10.00
18392,6113,5,20,349.00,10.00
18393,6113,29,6,32.00,0.00
18394,6113,2,18,899.00,10.00
18395,6113,25,23,42.00,5.00
18396,6113,8,28,389.00,0.00
18397,6114,21,9,58.00,5.00
18398,6115,29,2,32.00,10.00
18399,6116,19,2,69.00,5.00
18400,6116,2,10,899.00,0.00
18401,6117,29,21,32.00,10.00
18402,6118,19,28,69.00,0.00
18403,6118,10,10,799.00,5.00
18404,6118,31,4,15.00,10.00
18405,6118,4,28,129.00,0.00
18406,6118,10,24,799.00,0.00
18407,6119,31,12,15.00,0.00
18408,6119,14,2,549.00,0.00
18409,6119,2,3,899.00,0.00
18410,6119,2,15,899.00,0.00
18411,6119,8,1,389.00,0.00
18412,6120,6,5,699.00,0.00
18413,6120,2,8,899.00,0.00
18414,6120,4,30,129.00,0.00
18415,6121,32,12,45.00,0.00
18416,6121,30,18,27.00,0.00
18417,6121,20,11,159.00,0.00
18418,6121,27,10,18.00,0.00
18419,6122,10,18,799.00,0.00
18420,6122,25,8,42.00,0.00
18421,6123,1,3,499.00,0.00
18422,6123,6,30,699.00,0.00
18423,6124,3,8,249.00,0.00
18424,6124,12,17,459.00,10.00
18425,6125,3,24,249.00,5.00
18426,6125,17,2,189.00,10.00
18427,6125,11,23,899.00,10.00
18428,6126,15,14,379.00,0.00
18429,6126,25,14,42.00,0.00
18430,6126,21,13,58.00,0.00
18431,6126,35,5,79.00,10.00
18432,6126,23,25,22.00,0.00
18433,6127,22,30,75.00,0.00
18434,6128,19,3,69.00,10.00
18435,6128,9,14,149.00,0.00
18436,6128,9,21,149.00,5.00
18437,6129,31,10,15.00,10.00
18438,6130,26,13,12.00,10.00
18439,6130,6,6,699.00,0.00
18440,6130,13,22,649.00,0.00
18441,6131,14,15,549.00,0.00
18442,6131,27,3,18.00,0.00
18443,6131,11,7,899.00,0.00
18444,6132,8,22,389.00,10.00
18445,6132,12,29,459.00,5.00
18446,6132,33,11,65.00,10.00
18447,6133,12,13,459.00,0.00
18448,6133,29,2,32.00,10.00
18449,6133,35,13,79.00,0.00
18450,6133,13,13,649.00,10.00
18451,6134,8,13,389.00,0.00
18452,6134,31,3,15.00,10.00
18453,6134,31,26,15.00,5.00
18454,6135,2,17,899.00,5.00
18455,6135,20,27,159.00,5.00
18456,6135,28,28,120.00,0.00
18457,6135,19,25,69.00,0.00
18458,6135,1,18,499.00,10.00
18459,6136,20,2,159.00,0.00
18460,6136,28,7,120.00,5.00
18461,6137,30,27,27.00,10.00
18462,6137,19,5,69.00,0.00
18463,6137,12,5,459.00,5.00
18464,6138,35,30,79.00,0.00
18465,6138,10,8,799.00,0.00
18466,6139,13,24,649.00,5.00
18467,6139,19,12,69.00,0.00
18468,6139,10,14,799.00,0.00
18469,6139,7,14,549.00,5.00
18470,6140,6,9,699.00,10.00
18471,6140,19,3,69.00,5.00
18472,6140,16,1,45.00,5.00
18473,6140,29,23,32.00,0.00
18474,6140,7,4,549.00,10.00
18475,6141,12,1,459.00,0.00
18476,6141,23,24,22.00,10.00
18477,6141,16,12,45.00,0.00
18478,6142,10,17,799.00,10.00
18479,6142,8,5,389.00,0.00
18480,6142,32,9,45.00,5.00
18481,6142,34,15,35.00,0.00
18482,6142,14,6,549.00,5.00
18483,6143,26,1,12.00,10.00
18484,6143,27,26,18.00,0.00
18485,6143,23,3,22.00,0.00
18486,6143,14,12,549.00,5.00
18487,6143,15,28,379.00,0.00
18488,6144,18,5,89.00,0.00
18489,6144,32,19,45.00,0.00
18490,6144,16,25,45.00,10.00
18491,6145,11,7,899.00,0.00
18492,6145,11,29,899.00,5.00
18493,6145,5,7,349.00,5.00
18494,6145,8,23,389.00,0.00
18495,6146,19,22,69.00,0.00
18496,6146,30,7,27.00,5.00
18497,6146,12,26,459.00,0.00
18498,6146,25,24,42.00,5.00
18499,6147,26,14,12.00,10.00
18500,6147,23,6,22.00,0.00
18501,6147,30,30,27.00,0.00
18502,6147,2,1,899.00,10.00
18503,6148,29,18,32.00,0.00
18504,6148,31,24,15.00,0.00
18505,6148,34,30,35.00,0.00
18506,6149,28,7,120.00,5.00
18507,6149,35,24,79.00,10.00
18508,6149,18,19,89.00,0.00
18509,6149,26,4,12.00,0.00
18510,6149,24,6,95.00,10.00
18511,6150,3,20,249.00,0.00
18512,6150,16,1,45.00,5.00
18513,6151,2,28,899.00,0.00
18514,6151,30,18,27.00,0.00
18515,6151,22,20,75.00,0.00
18516,6152,8,3,389.00,10.00
18517,6152,28,17,120.00,0.00
18518,6153,20,29,159.00,0.00
18519,6153,18,9,89.00,10.00
18520,6153,31,16,15.00,10.00
18521,6153,5,26,349.00,10.00
18522,6153,27,8,18.00,10.00
18523,6154,13,1,649.00,0.00
18524,6154,5,16,349.00,0.00
18525,6154,24,18,95.00,10.00
18526,6154,30,13,27.00,0.00
18527,6154,14,10,549.00,0.00
18528,6155,29,26,32.00,5.00
18529,6155,6,19,699.00,5.00
18530,6155,11,17,899.00,10.00
18531,6155,33,25,65.00,0.00
18532,6156,11,13,899.00,0.00
18533,6156,20,8,159.00,5.00
18534,6156,23,7,22.00,0.00
18535,6156,29,25,32.00,0.00
18536,6157,13,24,649.00,10.00
18537,6157,30,22,27.00,0.00
18538,6157,3,7,249.00,10.00
18539,6157,35,3,79.00,0.00
18540,6158,9,20,149.00,0.00
18541,6159,31,20,15.00,5.00
18542,6159,10,12,799.00,0.00
18543,6160,7,10,549.00,10.00
18544,6160,27,1,18.00,10.00
18545,6161,1,9,499.00,0.00
18546,6161,2,2,899.00,0.00
18547,6161,20,10,159.00,10.00
18548,6162,3,12,249.00,5.00
18549,6162,23,29,22.00,10.00
18550,6163,8,14,389.00,5.00
18551,6163,7,24,549.00,0.00
18552,6163,12,20,459.00,0.00
18553,6163,13,1,649.00,10.00
18554,6163,28,30,120.00,5.00
18555,6164,16,29,45.00,0.00
18556,6164,9,30,149.00,0.00
18557,6164,7,8,549.00,5.00
18558,6165,28,20,120.00,10.00
18559,6166,6,19,699.00,5.00
18560,6166,13,25,649.00,10.00
18561,6167,28,23,120.00,0.00
18562,6167,25,10,42.00,0.00
18563,6168,6,1,699.00,0.00
18564,6168,33,26,65.00,0.00
18565,6168,20,17,159.00,0.00
18566,6168,16,5,45.00,0.00
18567,6168,26,11,12.00,0.00
18568,6169,27,25,18.00,10.00
18569,6169,23,22,22.00,5.00
18570,6169,10,9,799.00,5.00
18571,6169,9,13,149.00,0.00
18572,6169,3,18,249.00,5.00
18573,6170,1,8,499.00,0.00
18574,6170,14,8,549.00,0.00
18575,6170,14,28,549.00,0.00
18576,6170,14,21,549.00,0.00
18577,6171,10,11,799.00,10.00
18578,6171,23,11,22.00,10.00
18579,6171,3,28,249.00,0.00
18580,6171,3,8,249.00,0.00
18581,6171,11,13,899.00,0.00
18582,6172,33,23,65.00,0.00
18583,6172,29,29,32.00,0.00
18584,6173,35,5,79.00,5.00
18585,6173,17,2,189.00,10.00
18586,6174,10,15,799.00,5.00
18587,6174,24,15,95.00,0.00
18588,6174,17,8,189.00,5.00
18589,6174,1,26,499.00,0.00
18590,6175,25,10,42.00,0.00
18591,6175,12,9,459.00,0.00
18592,6176,16,13,45.00,5.00
18593,6176,16,30,45.00,5.00
18594,6176,9,10,149.00,10.00
18595,6176,16,16,45.00,0.00
18596,6177,15,23,379.00,5.00
18597,6177,26,24,12.00,5.00
18598,6177,8,30,389.00,0.00
18599,6177,6,6,699.00,0.00
18600,6178,23,4,22.00,5.00
18601,6178,1,2,499.00,0.00
18602,6179,35,2,79.00,0.00
18603,6179,7,3,549.00,10.00
18604,6180,15,7,379.00,10.00
18605,6180,22,17,75.00,10.00
18606,6181,15,4,379.00,0.00
18607,6181,7,29,549.00,0.00
18608,6181,17,18,189.00,0.00
18609,6181,25,30,42.00,10.00
18610,6182,33,16,65.00,5.00
18611,6182,3,8,249.00,0.00
18612,6183,9,24,149.00,0.00
18613,6183,11,5,899.00,10.00
18614,6183,23,25,22.00,0.00
18615,6183,32,8,45.00,5.00
18616,6183,15,4,379.00,0.00
18617,6184,24,1,95.00,0.00
18618,6184,16,29,45.00,0.00
18619,6184,5,15,349.00,10.00
18620,6185,5,30,349.00,0.00
18621,6185,22,19,75.00,0.00
18622,6185,34,11,35.00,10.00
18623,6185,3,26,249.00,0.00
18624,6185,29,26,32.00,10.00
18625,6186,9,25,149.00,0.00
18626,6187,17,25,189.00,5.00
18627,6188,26,20,12.00,0.00
18628,6188,20,13,159.00,0.00
18629,6188,9,22,149.00,5.00
18630,6188,28,20,120.00,10.00
18631,6188,14,9,549.00,0.00
18632,6189,11,22,899.00,5.00
18633,6189,1,8,499.00,0.00
18634,6190,18,17,89.00,0.00
18635,6190,17,22,189.00,0.00
18636,6190,25,30,42.00,5.00
18637,6190,35,16,79.00,5.00
18638,6191,7,12,549.00,0.00
18639,6191,17,15,189.00,10.00
18640,6191,2,17,899.00,5.00
18641,6192,27,15,18.00,0.00
18642,6193,20,17,159.00,0.00
18643,6193,16,8,45.00,10.00
18644,6193,12,8,459.00,0.00
18645,6193,9,20,149.00,0.00
18646,6194,12,10,459.00,0.00
18647,6195,21,12,58.00,0.00
18648,6195,26,6,12.00,5.00
18649,6195,21,3,58.00,5.00
18650,6196,3,13,249.00,10.00
18651,6196,1,15,499.00,0.00
18652,6197,30,9,27.00,10.00
18653,6197,16,21,45.00,0.00
18654,6198,25,18,42.00,10.00
18655,6198,17,26,189.00,5.00
18656,6198,15,21,379.00,0.00
18657,6198,4,24,129.00,5.00
18658,6198,28,2,120.00,10.00
18659,6199,30,18,27.00,0.00
18660,6199,30,9,27.00,10.00
18661,6199,18,27,89.00,10.00
18662,6199,24,25,95.00,10.00
18663,6199,19,22,69.00,10.00
18664,6200,11,16,899.00,5.00
18665,6200,28,27,120.00,0.00
18666,6201,4,6,129.00,5.00
18667,6201,34,19,35.00,0.00
18668,6201,9,17,149.00,0.00
18669,6201,23,3,22.00,0.00
18670,6202,9,29,149.00,10.00
18671,6202,4,19,129.00,5.00
18672,6202,27,21,18.00,0.00
18673,6202,17,2,189.00,10.00
18674,6203,8,29,389.00,0.00
18675,6203,23,28,22.00,5.00
18676,6203,21,29,58.00,0.00
18677,6203,9,5,149.00,10.00
18678,6204,26,11,12.00,0.00
18679,6204,31,19,15.00,0.00
18680,6204,16,24,45.00,5.00
18681,6204,35,27,79.00,0.00
18682,6205,33,26,65.00,0.00
18683,6205,15,29,379.00,0.00
18684,6206,3,3,249.00,0.00
18685,6206,1,8,499.00,0.00
18686,6206,25,19,42.00,10.00
18687,6206,28,5,120.00,0.00
18688,6207,16,13,45.00,5.00
18689,6207,2,7,899.00,10.00
18690,6208,34,2,35.00,0.00
18691,6208,18,15,89.00,10.00
18692,6209,24,5,95.00,5.00
18693,6210,34,17,35.00,10.00
18694,6210,29,12,32.00,0.00
18695,6210,34,16,35.00,5.00
18696,6210,4,9,129.00,0.00
18697,6211,11,3,899.00,0.00
18698,6211,14,9,549.00,0.00
18699,6211,35,25,79.00,0.00
18700,6211,8,19,389.00,0.00
18701,6212,16,27,45.00,0.00
18702,6213,33,30,65.00,0.00
18703,6213,29,17,32.00,0.00
18704,6214,4,6,129.00,0.00
18705,6214,6,5,699.00,0.00
18706,6214,10,10,799.00,5.00
18707,6214,26,13,12.00,10.00
18708,6215,15,1,379.00,5.00
18709,6215,30,29,27.00,0.00
18710,6215,31,28,15.00,10.00
18711,6215,6,26,699.00,5.00
18712,6216,13,15,649.00,0.00
18713,6217,2,20,899.00,0.00
18714,6217,17,3,189.00,10.00
18715,6217,25,16,42.00,0.00
18716,6218,10,20,799.00,0.00
18717,6218,24,24,95.00,10.00
18718,6218,6,3,699.00,10.00
18719,6218,25,16,42.00,0.00
18720,6218,2,18,899.00,10.00
18721,6219,10,26,799.00,0.00
18722,6219,24,30,95.00,10.00
18723,6219,19,1,69.00,0.00
18724,6220,14,15,549.00,0.00
18725,6220,1,5,499.00,5.00
18726,6220,34,22,35.00,5.00
18727,6221,18,29,89.00,0.00
18728,6221,33,15,65.00,5.00
18729,6221,7,21,549.00,10.00
18730,6222,33,23,65.00,0.00
18731,6222,4,7,129.00,5.00
18732,6222,7,19,549.00,0.00
18733,6222,30,20,27.00,5.00
18734,6223,32,3,45.00,10.00
18735,6224,31,10,15.00,10.00
18736,6224,20,5,159.00,0.00
18737,6224,28,24,120.00,0.00
18738,6224,9,20,149.00,0.00
18739,6225,15,16,379.00,0.00
18740,6225,31,15,15.00,10.00
18741,6225,21,15,58.00,5.00
18742,6225,32,15,45.00,5.00
18743,6225,35,26,79.00,0.00
18744,6226,7,22,549.00,10.00
18745,6226,17,20,189.00,10.00
18746,6226,14,8,549.00,0.00
18747,6226,32,4,45.00,10.00
18748,6227,28,17,120.00,0.00
18749,6227,19,10,69.00,10.00
18750,6227,28,3,120.00,0.00
18751,6227,33,16,65.00,5.00
18752,6228,18,12,89.00,0.00
18753,6228,3,2,249.00,10.00
18754,6228,27,26,18.00,0.00
18755,6228,19,17,69.00,0.00
18756,6229,30,1,27.00,0.00
18757,6229,27,5,18.00,0.00
18758,6230,23,3,22.00,0.00
18759,6231,21,27,58.00,5.00
18760,6231,5,10,349.00,0.00
18761,6231,17,14,189.00,10.00
18762,6231,30,21,27.00,10.00
18763,6232,25,14,42.00,0.00
18764,6232,20,7,159.00,0.00
18765,6233,15,3,379.00,0.00
18766,6234,21,15,58.00,5.00
18767,6234,12,12,459.00,10.00
18768,6234,10,21,799.00,5.00
18769,6235,10,30,799.00,0.00
18770,6235,25,2,42.00,0.00
18771,6235,17,2,189.00,10.00
18772,6236,29,4,32.00,0.00
18773,6236,25,25,42.00,10.00
18774,6236,12,26,459.00,0.00
18775,6236,23,17,22.00,5.00
18776,6237,30,8,27.00,5.00
18777,6237,28,23,120.00,0.00
18778,6237,5,5,349.00,0.00
18779,6237,17,5,189.00,0.00
18780,6238,7,12,549.00,0.00
18781,6238,35,20,79.00,0.00
18782,6238,10,18,799.00,0.00
18783,6238,1,20,499.00,0.00
18784,6238,2,20,899.00,0.00
18785,6239,1,27,499.00,0.00
18786,6239,6,23,699.00,0.00
18787,6240,12,8,459.00,0.00
18788,6241,24,2,95.00,0.00
18789,6241,14,30,549.00,5.00
18790,6241,30,30,27.00,0.00
18791,6242,5,5,349.00,0.00
18792,6243,34,7,35.00,0.00
18793,6243,18,26,89.00,5.00
18794,6244,6,20,699.00,10.00
18795,6244,5,7,349.00,5.00
18796,6244,32,10,45.00,10.00
18797,6244,23,15,22.00,0.00
18798,6245,33,10,65.00,10.00
18799,6245,11,28,899.00,5.00
18800,6245,34,18,35.00,0.00
18801,6245,18,10,89.00,0.00
18802,6246,22,1,75.00,0.00
18803,6246,29,17,32.00,0.00
18804,6247,6,13,699.00,5.00
18805,6247,29,6,32.00,0.00
18806,6247,3,24,249.00,5.00
18807,6248,11,14,899.00,0.00
18808,6248,21,22,58.00,5.00
18809,6249,15,4,379.00,0.00
18810,6249,16,6,45.00,0.00
18811,6249,10,19,799.00,0.00
18812,6249,16,16,45.00,0.00
18813,6249,19,29,69.00,0.00
18814,6250,3,8,249.00,0.00
18815,6250,21,21,58.00,5.00
18816,6250,11,15,899.00,0.00
18817,6250,16,14,45.00,10.00
18818,6251,14,13,549.00,10.00
18819,6251,19,25,69.00,0.00
18820,6251,3,25,249.00,10.00
18821,6251,1,14,499.00,0.00
18822,6251,7,18,549.00,0.00
18823,6252,27,2,18.00,10.00
18824,6252,20,29,159.00,0.00
18825,6252,28,17,120.00,0.00
18826,6252,15,24,379.00,5.00
18827,6252,33,20,65.00,0.00
18828,6253,25,8,42.00,0.00
18829,6253,6,9,699.00,10.00
18830,6253,26,28,12.00,0.00
18831,6254,14,24,549.00,10.00
18832,6255,32,22,45.00,10.00
18833,6255,12,29,459.00,10.00
18834,6256,26,18,12.00,5.00
18835,6256,31,7,15.00,0.00
18836,6256,27,10,18.00,0.00
18837,6256,20,28,159.00,10.00
18838,6257,9,12,149.00,0.00
18839,6257,1,13,499.00,10.00
18840,6258,4,25,129.00,10.00
18841,6258,27,9,18.00,0.00
18842,6259,31,29,15.00,0.00
18843,6260,22,22,75.00,5.00
18844,6260,10,10,799.00,5.00
18845,6260,1,22,499.00,0.00
18846,6261,26,29,12.00,0.00
18847,6261,4,22,129.00,0.00
18848,6261,4,24,129.00,5.00
18849,6262,26,28,12.00,0.00
18850,6262,22,19,75.00,0.00
18851,6262,20,30,159.00,0.00
18852,6263,6,23,699.00,0.00
18853,6263,4,23,129.00,0.00
18854,6264,15,7,379.00,10.00
18855,6264,24,23,95.00,5.00
18856,6265,25,28,42.00,0.00
18857,6265,32,26,45.00,5.00
18858,6265,22,4,75.00,5.00
18859,6265,9,2,149.00,0.00
18860,6265,20,5,159.00,0.00
18861,6266,32,27,45.00,5.00
18862,6266,29,2,32.00,5.00
18863,6267,14,20,549.00,0.00
18864,6267,29,17,32.00,0.00
18865,6267,2,6,899.00,5.00
18866,6268,19,28,69.00,0.00
18867,6268,27,13,18.00,10.00
18868,6269,17,14,189.00,10.00
18869,6269,24,28,95.00,5.00
18870,6269,11,22,899.00,0.00
18871,6269,28,6,120.00,5.00
18872,6269,21,29,58.00,0.00
18873,6270,28,2,120.00,10.00
18874,6270,34,12,35.00,0.00
18875,6270,35,25,79.00,0.00
18876,6270,7,17,549.00,0.00
18877,6271,10,14,799.00,0.00
18878,6271,10,23,799.00,10.00
18879,6271,6,7,699.00,5.00
18880,6271,19,23,69.00,0.00
18881,6271,19,6,69.00,0.00
18882,6272,2,12,899.00,5.00
18883,6272,27,13,18.00,5.00
18884,6272,20,15,159.00,10.00
18885,6272,23,23,22.00,10.00
18886,6272,32,29,45.00,0.00
18887,6273,10,17,799.00,10.00
18888,6273,22,18,75.00,10.00
18889,6274,18,10,89.00,10.00
18890,6274,35,1,79.00,0.00
18891,6274,27,9,18.00,0.00
18892,6275,34,9,35.00,0.00
18893,6276,2,24,899.00,10.00
18894,6277,34,25,35.00,0.00
18895,6277,19,3,69.00,10.00
18896,6277,29,19,32.00,5.00
18897,6277,16,6,45.00,0.00
18898,6278,14,8,549.00,0.00
18899,6278,31,28,15.00,0.00
18900,6278,10,10,799.00,5.00
18901,6278,31,2,15.00,5.00
18902,6278,32,21,45.00,5.00
18903,6279,12,9,459.00,0.00
18904,6279,35,27,79.00,0.00
18905,6279,29,18,32.00,0.00
18906,6280,24,2,95.00,0.00
18907,6280,7,6,549.00,0.00
18908,6280,4,16,129.00,0.00
18909,6281,3,28,249.00,0.00
18910,6282,32,25,45.00,0.00
18911,6282,23,27,22.00,0.00
18912,6282,27,12,18.00,5.00
18913,6283,25,13,42.00,10.00
18914,6284,27,26,18.00,0.00
18915,6284,17,10,189.00,0.00
18916,6285,20,12,159.00,0.00
18917,6286,6,6,699.00,0.00
18918,6286,35,14,79.00,0.00
18919,6286,28,9,120.00,0.00
18920,6287,26,9,12.00,0.00
18921,6288,14,23,549.00,0.00
18922,6289,19,15,69.00,10.00
18923,6290,3,27,249.00,0.00
18924,6290,6,9,699.00,10.00
18925,6290,3,13,249.00,10.00
18926,6290,8,12,389.00,0.00
18927,6290,32,27,45.00,5.00
18928,6291,25,13,42.00,10.00
18929,6292,33,30,65.00,0.00
18930,6292,27,13,18.00,5.00
18931,6292,20,14,159.00,5.00
18932,6293,17,5,189.00,0.00
18933,6293,35,4,79.00,0.00
18934,6293,17,22,189.00,0.00
18935,6294,20,15,159.00,5.00
18936,6294,3,6,249.00,10.00
18937,6294,16,23,45.00,0.00
18938,6294,8,16,389.00,10.00
18939,6295,35,18,79.00,10.00
18940,6296,11,25,899.00,0.00
18941,6296,1,4,499.00,0.00
18942,6296,21,5,58.00,0.00
18943,6297,18,10,89.00,0.00
18944,6297,22,23,75.00,10.00
18945,6297,32,3,45.00,5.00
18946,6297,5,18,349.00,0.00
18947,6298,27,28,18.00,0.00
18948,6298,32,16,45.00,10.00
18949,6298,33,27,65.00,5.00
18950,6298,34,19,35.00,0.00
18951,6298,8,13,389.00,0.00
18952,6299,18,6,89.00,0.00
18953,6299,35,13,79.00,0.00
18954,6299,35,23,79.00,10.00
18955,6299,4,26,129.00,10.00
18956,6300,28,12,120.00,0.00
18957,6301,2,2,899.00,0.00
18958,6302,32,28,45.00,10.00
18959,6302,12,7,459.00,0.00
18960,6302,23,4,22.00,0.00
18961,6302,15,14,379.00,10.00
18962,6302,15,7,379.00,10.00
18963,6303,22,14,75.00,0.00
18964,6303,22,27,75.00,5.00
18965,6303,16,12,45.00,0.00
18966,6303,26,28,12.00,0.00
18967,6303,16,29,45.00,0.00
18968,6304,33,23,65.00,10.00
18969,6304,24,13,95.00,0.00
18970,6304,4,10,129.00,0.00
18971,6304,17,16,189.00,0.00
18972,6305,8,21,389.00,5.00
18973,6305,29,21,32.00,0.00
18974,6305,10,5,799.00,10.00
18975,6306,13,8,649.00,0.00
18976,6306,7,12,549.00,0.00
18977,6306,17,14,189.00,5.00
18978,6307,27,15,18.00,0.00
18979,6307,24,22,95.00,0.00
18980,6307,21,8,58.00,0.00
18981,6307,35,7,79.00,0.00
18982,6308,15,17,379.00,0.00
18983,6308,29,18,32.00,0.00
18984,6308,12,15,459.00,0.00
18985,6308,11,13,899.00,0.00
18986,6308,2,12,899.00,10.00
18987,6309,35,7,79.00,0.00
18988,6309,10,24,799.00,0.00
18989,6310,27,21,18.00,0.00
18990,6310,13,16,649.00,0.00
18991,6310,12,27,459.00,0.00
18992,6310,26,5,12.00,0.00
18993,6311,8,19,389.00,0.00
18994,6311,14,17,549.00,0.00
18995,6311,11,22,899.00,5.00
18996,6312,9,15,149.00,5.00
18997,6312,1,28,499.00,5.00
18998,6312,11,21,899.00,0.00
18999,6312,9,24,149.00,0.00
19000,6312,5,22,349.00,0.00
19001,6313,29,13,32.00,0.00
19002,6313,24,19,95.00,0.00
19003,6313,13,19,649.00,0.00
19004,6313,13,21,649.00,0.00
19005,6313,26,17,12.00,0.00
19006,6314,18,7,89.00,0.00
19007,6314,8,9,389.00,10.00
19008,6314,19,1,69.00,0.00
19009,6315,31,10,15.00,0.00
19010,6315,2,6,899.00,5.00
19011,6316,20,4,159.00,5.00
19012,6316,25,2,42.00,0.00
19013,6316,27,9,18.00,0.00
19014,6317,33,10,65.00,5.00
19015,6317,1,21,499.00,0.00
19016,6317,32,11,45.00,0.00
19017,6318,3,1,249.00,10.00
19018,6318,27,28,18.00,0.00
19019,6318,29,5,32.00,0.00
19020,6319,24,7,95.00,0.00
19021,6319,20,19,159.00,0.00
19022,6319,20,11,159.00,0.00
19023,6319,5,18,349.00,0.00
19024,6320,23,28,22.00,5.00
19025,6320,19,21,69.00,5.00
19026,6320,33,9,65.00,0.00
19027,6320,4,23,129.00,0.00
19028,6321,11,1,899.00,0.00
19029,6321,16,30,45.00,5.00
19030,6321,2,13,899.00,10.00
19031,6321,13,30,649.00,10.00
19032,6321,22,11,75.00,10.00
19033,6322,18,4,89.00,0.00
19034,6322,33,16,65.00,5.00
19035,6322,8,27,389.00,5.00
19036,6323,25,27,42.00,0.00
19037,6323,9,3,149.00,5.00
19038,6323,1,4,499.00,0.00
19039,6323,20,30,159.00,0.00
19040,6323,13,2,649.00,0.00
19041,6324,6,1,699.00,0.00
19042,6324,24,22,95.00,0.00
19043,6324,27,2,18.00,10.00
19044,6324,22,7,75.00,0.00
19045,6325,24,29,95.00,5.00
19046,6325,21,26,58.00,0.00
19047,6325,11,25,899.00,0.00
19048,6325,13,9,649.00,0.00
19049,6325,30,5,27.00,0.00
19050,6326,15,18,379.00,5.00
19051,6326,17,12,189.00,0.00
19052,6326,19,3,69.00,5.00
19053,6326,23,26,22.00,0.00
19054,6326,8,2,389.00,0.00
19055,6327,31,26,15.00,5.00
19056,6328,33,10,65.00,10.00
19057,6328,6,9,699.00,10.00
19058,6328,31,18,15.00,0.00
19059,6329,24,3,95.00,0.00
19060,6330,30,7,27.00,5.00
19061,6330,14,5,549.00,0.00
19062,6330,16,16,45.00,0.00
19063,6330,25,21,42.00,0.00
19064,6331,21,8,58.00,0.00
19065,6331,20,11,159.00,0.00
19066,6331,14,21,549.00,0.00
19067,6331,15,6,379.00,5.00
19068,6331,19,24,69.00,0.00
19069,6332,25,15,42.00,0.00
19070,6332,4,17,129.00,0.00
19071,6333,34,30,35.00,0.00
19072,6333,8,29,389.00,0.00
19073,6334,21,2,58.00,0.00
19074,6334,1,23,499.00,5.00
19075,6334,13,18,649.00,10.00
19076,6334,30,13,27.00,0.00
19077,6334,23,17,22.00,5.00
19078,6335,1,11,499.00,5.00
19079,6335,25,6,42.00,10.00
19080,6335,30,17,27.00,0.00
19081,6336,16,27,45.00,0.00
19082,6336,34,12,35.00,0.00
19083,6336,34,22,35.00,5.00
19084,6337,4,15,129.00,0.00
19085,6337,26,17,12.00,0.00
19086,6337,12,24,459.00,0.00
19087,6337,28,24,120.00,0.00
19088,6338,14,9,549.00,0.00
19089,6338,5,2,349.00,10.00
19090,6338,4,1,129.00,5.00
19091,6338,19,15,69.00,10.00
19092,6338,28,13,120.00,5.00
19093,6339,15,2,379.00,0.00
19094,6339,1,28,499.00,0.00
19095,6340,24,1,95.00,0.00
19096,6340,12,13,459.00,0.00
19097,6340,9,26,149.00,0.00
19098,6340,15,9,379.00,0.00
19099,6341,7,25,549.00,0.00
19100,6341,4,30,129.00,0.00
19101,6341,30,17,27.00,0.00
19102,6341,9,21,149.00,5.00
19103,6342,19,28,69.00,10.00
19104,6342,2,11,899.00,0.00
19105,6342,31,21,15.00,5.00
19106,6343,31,28,15.00,10.00
19107,6343,25,27,42.00,0.00
19108,6343,3,11,249.00,0.00
19109,6344,33,8,65.00,0.00
19110,6345,27,7,18.00,5.00
19111,6346,27,15,18.00,0.00
19112,6346,19,30,69.00,0.00
19113,6346,5,12,349.00,0.00
19114,6346,15,17,379.00,0.00
19115,6347,20,12,159.00,0.00
19116,6348,32,11,45.00,0.00
19117,6349,20,15,159.00,5.00
19118,6349,30,9,27.00,10.00
19119,6349,13,10,649.00,0.00
19120,6350,33,25,65.00,0.00
19121,6350,27,3,18.00,0.00
19122,6350,25,30,42.00,5.00
19123,6350,21,26,58.00,0.00
19124,6351,19,26,69.00,5.00
19125,6351,31,10,15.00,10.00
19126,6351,32,17,45.00,0.00
19127,6351,17,9,189.00,10.00
19128,6351,6,24,699.00,0.00
19129,6352,23,18,22.00,10.00
19130,6352,6,25,699.00,5.00
19131,6352,30,8,27.00,5.00
19132,6353,29,10,32.00,0.00
19133,6353,14,21,549.00,0.00
19134,6353,18,18,89.00,0.00
19135,6353,16,26,45.00,0.00
19136,6354,15,9,379.00,0.00
19137,6354,34,10,35.00,5.00
19138,6354,12,20,459.00,0.00
19139,6354,29,29,32.00,0.00
19140,6354,23,11,22.00,10.00
19141,6355,21,23,58.00,0.00
19142,6356,34,5,35.00,10.00
19143,6356,32,28,45.00,10.00
19144,6356,24,23,95.00,5.00
19145,6356,1,4,499.00,0.00
19146,6356,13,7,649.00,10.00
19147,6357,15,23,379.00,0.00
19148,6357,15,13,379.00,5.00
19149,6357,28,16,120.00,0.00
19150,6358,27,20,18.00,0.00
19151,6359,18,12,89.00,0.00
19152,6359,9,21,149.00,5.00
19153,6359,31,2,15.00,0.00
19154,6359,17,26,189.00,10.00
19155,6360,18,30,89.00,0.00
19156,6361,7,6,549.00,0.00
19157,6361,4,18,129.00,0.00
19158,6361,1,12,499.00,10.00
19159,6361,20,30,159.00,0.00
19160,6361,30,24,27.00,0.00
19161,6362,26,3,12.00,0.00
19162,6363,27,20,18.00,0.00
19163,6363,4,15,129.00,0.00
19164,6363,35,22,79.00,0.00
19165,6363,21,11,58.00,10.00
19166,6364,8,10,389.00,10.00
19167,6364,24,16,95.00,5.00
19168,6364,19,26,69.00,0.00
19169,6364,15,10,379.00,0.00
19170,6364,15,10,379.00,0.00
19171,6365,29,14,32.00,5.00
19172,6365,17,3,189.00,10.00
19173,6365,25,18,42.00,5.00
19174,6366,33,9,65.00,0.00
19175,6366,3,18,249.00,5.00
19176,6366,34,16,35.00,5.00
19177,6366,34,22,35.00,5.00
19178,6367,21,15,58.00,5.00
19179,6368,26,12,12.00,5.00
19180,6368,7,28,549.00,0.00
19181,6368,24,2,95.00,0.00
19182,6368,6,1,699.00,0.00
19183,6369,28,19,120.00,5.00
19184,6369,24,9,95.00,0.00
19185,6369,29,5,32.00,0.00
19186,6370,10,25,799.00,0.00
19187,6370,33,25,65.00,0.00
19188,6370,1,8,499.00,0.00
19189,6370,1,18,499.00,10.00
19190,6370,16,22,45.00,0.00
19191,6371,28,21,120.00,10.00
19192,6371,34,25,35.00,0.00
19193,6371,30,12,27.00,0.00
19194,6371,6,11,699.00,0.00
19195,6372,2,12,899.00,10.00
19196,6372,2,21,899.00,0.00
19197,6373,29,18,32.00,0.00
19198,6373,12,12,459.00,0.00
19199,6373,31,9,15.00,10.00
19200,6374,26,15,12.00,0.00
19201,6374,3,14,249.00,10.00
19202,6374,17,13,189.00,5.00
19203,6374,23,26,22.00,0.00
19204,6375,33,11,65.00,10.00
19205,6375,33,20,65.00,0.00
19206,6375,21,14,58.00,0.00
19207,6375,23,2,22.00,0.00
19208,6376,32,11,45.00,0.00
19209,6377,15,5,379.00,0.00
19210,6377,2,21,899.00,0.00
19211,6378,28,26,120.00,10.00
19212,6378,27,8,18.00,10.00
19213,6379,3,2,249.00,10.00
19214,6379,24,16,95.00,0.00
19215,6379,9,16,149.00,10.00
19216,6379,3,19,249.00,10.00
19217,6380,22,3,75.00,0.00
19218,6381,3,4,249.00,0.00
19219,6381,7,30,549.00,0.00
19220,6381,3,5,249.00,0.00
19221,6382,11,30,899.00,10.00
19222,6382,28,3,120.00,0.00
19223,6382,13,11,649.00,5.00
19224,6382,19,15,69.00,10.00
19225,6382,32,26,45.00,5.00
19226,6383,15,24,379.00,5.00
19227,6383,30,12,27.00,0.00
19228,6383,23,4,22.00,5.00
19229,6383,32,17,45.00,0.00
19230,6384,7,25,549.00,0.00
19231,6384,14,7,549.00,10.00
19232,6384,3,17,249.00,0.00
19233,6384,3,22,249.00,0.00
19234,6385,30,14,27.00,5.00
19235,6385,20,12,159.00,0.00
19236,6385,32,28,45.00,10.00
19237,6386,28,28,120.00,0.00
19238,6386,17,20,189.00,5.00
19239,6386,35,18,79.00,0.00
19240,6386,12,19,459.00,0.00
19241,6387,21,5,58.00,0.00
19242,6387,29,26,32.00,10.00
19243,6387,29,15,32.00,10.00
19244,6387,35,11,79.00,5.00
19245,6387,23,1,22.00,0.00
19246,6388,33,2,65.00,0.00
19247,6388,17,25,189.00,5.00
19248,6388,21,4,58.00,10.00
19249,6389,24,20,95.00,0.00
19250,6389,18,17,89.00,0.00
19251,6390,29,15,32.00,10.00
19252,6390,4,26,129.00,10.00
19253,6390,32,25,45.00,0.00
19254,6390,27,14,18.00,10.00
19255,6390,13,28,649.00,5.00
19256,6391,35,24,79.00,10.00
19257,6391,11,22,899.00,5.00
19258,6392,31,8,15.00,5.00
19259,6392,20,26,159.00,0.00
19260,6392,5,3,349.00,10.00
19261,6392,16,15,45.00,0.00
19262,6393,15,30,379.00,0.00
19263,6393,1,9,499.00,0.00
19264,6394,2,18,899.00,5.00
19265,6394,35,23,79.00,5.00
19266,6394,8,1,389.00,0.00
19267,6394,33,16,65.00,10.00
19268,6394,20,11,159.00,0.00
19269,6395,6,8,699.00,5.00
19270,6396,22,19,75.00,0.00
19271,6397,18,14,89.00,5.00
19272,6397,11,10,899.00,5.00
19273,6397,5,27,349.00,10.00
19274,6397,5,24,349.00,5.00
19275,6398,2,16,899.00,0.00
19276,6398,4,25,129.00,10.00
19277,6398,35,7,79.00,0.00
19278,6398,3,27,249.00,0.00
19279,6398,16,16,45.00,0.00
19280,6399,30,5,27.00,0.00
19281,6399,31,16,15.00,10.00
19282,6399,9,10,149.00,10.00
19283,6399,24,16,95.00,5.00
19284,6400,35,13,79.00,0.00
19285,6400,34,20,35.00,0.00
19286,6400,30,5,27.00,0.00
19287,6400,15,19,379.00,10.00
19288,6400,17,24,189.00,0.00
19289,6401,15,30,379.00,5.00
19290,6401,22,28,75.00,5.00
19291,6401,5,11,349.00,0.00
19292,6401,12,24,459.00,0.00
19293,6402,20,28,159.00,10.00
19294,6402,29,10,32.00,0.00
19295,6402,34,8,35.00,0.00
19296,6402,29,4,32.00,0.00
19297,6402,22,15,75.00,0.00
19298,6403,4,11,129.00,0.00
19299,6403,14,16,549.00,0.00
19300,6403,6,23,699.00,0.00
19301,6403,1,11,499.00,5.00
19302,6404,15,5,379.00,0.00
19303,6404,32,5,45.00,0.00
19304,6404,21,28,58.00,5.00
19305,6404,6,16,699.00,0.00
19306,6405,26,4,12.00,0.00
19307,6405,31,29,15.00,0.00
19308,6405,9,16,149.00,10.00
19309,6406,8,16,389.00,10.00
19310,6406,24,24,95.00,10.00
19311,6406,20,25,159.00,0.00
19312,6406,27,15,18.00,0.00
19313,6406,1,25,499.00,0.00
19314,6407,28,2,120.00,10.00
19315,6407,9,17,149.00,0.00
19316,6408,26,12,12.00,5.00
19317,6408,7,29,549.00,0.00
19318,6408,5,3,349.00,10.00
19319,6409,16,16,45.00,0.00
19320,6409,27,1,18.00,5.00
19321,6409,33,7,65.00,0.00
19322,6409,9,30,149.00,0.00
19323,6409,16,11,45.00,0.00
19324,6410,27,4,18.00,0.00
19325,6410,2,13,899.00,10.00
19326,6410,23,9,22.00,0.00
19327,6411,33,20,65.00,0.00
19328,6411,16,26,45.00,10.00
19329,6411,26,4,12.00,0.00
19330,6411,12,21,459.00,0.00
19331,6412,29,10,32.00,0.00
19332,6412,21,19,58.00,0.00
19333,6412,32,15,45.00,5.00
19334,6413,12,28,459.00,5.00
19335,6413,14,2,549.00,0.00
19336,6414,14,19,549.00,10.00
19337,6414,28,3,120.00,0.00
19338,6414,2,30,899.00,10.00
19339,6414,16,19,45.00,5.00
19340,6415,34,26,35.00,0.00
19341,6415,13,21,649.00,0.00
19342,6416,5,25,349.00,5.00
19343,6416,8,26,389.00,5.00
19344,6416,18,21,89.00,10.00
19345,6416,13,5,649.00,5.00
19346,6417,11,3,899.00,0.00
19347,6417,7,14,549.00,5.00
19348,6417,7,23,549.00,0.00
19349,6418,31,18,15.00,0.00
19350,6418,19,29,69.00,0.00
19351,6418,21,23,58.00,10.00
19352,6418,11,24,899.00,10.00
19353,6418,20,25,159.00,0.00
19354,6419,29,7,32.00,5.00
19355,6419,27,20,18.00,0.00
19356,6419,16,27,45.00,0.00
19357,6419,7,11,549.00,0.00
19358,6419,6,2,699.00,5.00
19359,6420,12,5,459.00,5.00
19360,6421,28,3,120.00,0.00
19361,6421,5,14,349.00,10.00
19362,6422,14,12,549.00,10.00
19363,6422,1,16,499.00,0.00
19364,6422,14,5,549.00,5.00
19365,6423,28,30,120.00,5.00
19366,6423,3,16,249.00,0.00
19367,6423,4,15,129.00,0.00
19368,6423,9,25,149.00,0.00
19369,6423,20,18,159.00,0.00
19370,6424,33,29,65.00,10.00
19371,6424,35,2,79.00,0.00
19372,6424,6,29,699.00,0.00
19373,6425,33,29,65.00,0.00
19374,6425,10,10,799.00,5.00
19375,6425,18,13,89.00,5.00
19376,6425,3,9,249.00,0.00
19377,6425,23,8,22.00,0.00
19378,6426,6,23,699.00,0.00
19379,6427,34,24,35.00,0.00
19380,6427,30,3,27.00,10.00
19381,6427,18,17,89.00,0.00
19382,6427,6,21,699.00,10.00
19383,6428,26,6,12.00,10.00
19384,6429,5,3,349.00,0.00
19385,6429,35,25,79.00,0.00
19386,6429,4,4,129.00,0.00
19387,6429,5,22,349.00,0.00
19388,6429,7,3,549.00,10.00
19389,6430,15,8,379.00,0.00
19390,6430,13,24,649.00,5.00
19391,6431,16,22,45.00,0.00
19392,6431,7,4,549.00,0.00
19393,6431,31,8,15.00,0.00
19394,6432,31,19,15.00,0.00
19395,6432,15,21,379.00,0.00
19396,6432,27,9,18.00,0.00
19397,6432,30,26,27.00,5.00
19398,6432,32,14,45.00,0.00
19399,6433,6,21,699.00,10.00
19400,6433,19,27,69.00,10.00
19401,6433,17,29,189.00,0.00
19402,6433,16,14,45.00,10.00
19403,6434,8,5,389.00,0.00
19404,6434,10,27,799.00,5.00
19405,6435,33,21,65.00,0.00
19406,6435,31,19,15.00,0.00
19407,6435,22,16,75.00,10.00
19408,6435,21,13,58.00,0.00
19409,6436,1,29,499.00,5.00
19410,6436,19,21,69.00,10.00
19411,6437,7,19,549.00,0.00
19412,6437,9,1,149.00,0.00
19413,6437,13,29,649.00,5.00
19414,6438,5,3,349.00,0.00
19415,6438,35,25,79.00,0.00
19416,6438,5,8,349.00,10.00
19417,6438,23,18,22.00,0.00
19418,6438,14,26,549.00,0.00
19419,6439,3,19,249.00,10.00
19420,6439,8,20,389.00,0.00
19421,6440,11,28,899.00,5.00
19422,6440,13,27,649.00,0.00
19423,6440,18,6,89.00,0.00
19424,6441,12,23,459.00,5.00
19425,6441,6,24,699.00,0.00
19426,6442,17,24,189.00,0.00
19427,6442,7,14,549.00,5.00
19428,6442,25,20,42.00,0.00
19429,6443,13,12,649.00,10.00
19430,6444,35,19,79.00,0.00
19431,6444,23,30,22.00,10.00
19432,6444,31,14,15.00,0.00
19433,6444,21,6,58.00,0.00
19434,6445,34,28,35.00,5.00
19435,6445,35,19,79.00,0.00
19436,6445,8,13,389.00,0.00
19437,6445,34,15,35.00,0.00
19438,6446,7,6,549.00,0.00
19439,6446,8,2,389.00,0.00
19440,6446,25,26,42.00,0.00
19441,6447,20,3,159.00,5.00
19442,6447,15,26,379.00,0.00
19443,6447,29,26,32.00,5.00
19444,6447,5,16,349.00,0.00
19445,6447,7,16,549.00,0.00
19446,6448,18,1,89.00,0.00
19447,6449,28,7,120.00,5.00
19448,6449,4,9,129.00,0.00
19449,6449,13,21,649.00,0.00
19450,6449,26,19,12.00,10.00
19451,6449,22,13,75.00,0.00
19452,6450,13,30,649.00,10.00
19453,6450,21,7,58.00,0.00
19454,6451,4,22,129.00,0.00
19455,6451,3,20,249.00,0.00
19456,6452,1,5,499.00,5.00
19457,6452,34,22,35.00,10.00
19458,6452,31,26,15.00,5.00
19459,6452,34,20,35.00,0.00
19460,6452,4,9,129.00,0.00
19461,6453,7,9,549.00,10.00
19462,6453,29,8,32.00,10.00
19463,6453,14,14,549.00,0.00
19464,6454,29,13,32.00,0.00
19465,6454,26,27,12.00,0.00
19466,6454,26,26,12.00,10.00
19467,6454,10,15,799.00,5.00
19468,6454,24,16,95.00,0.00
19469,6455,14,4,549.00,0.00
19470,6455,15,30,379.00,5.00
19471,6456,11,24,899.00,10.00
19472,6456,19,22,69.00,0.00
19473,6457,32,22,45.00,10.00
19474,6457,9,16,149.00,10.00
19475,6458,16,20,45.00,10.00
19476,6459,24,10,95.00,5.00
19477,6460,5,10,349.00,0.00
19478,6460,11,23,899.00,10.00
19479,6460,34,8,35.00,0.00
19480,6461,12,9,459.00,0.00
19481,6462,31,7,15.00,0.00
19482,6462,30,23,27.00,0.00
19483,6462,21,12,58.00,0.00
19484,6462,28,11,120.00,0.00
19485,6463,23,28,22.00,5.00
19486,6463,30,1,27.00,0.00
19487,6463,24,24,95.00,10.00
19488,6464,2,6,899.00,10.00
19489,6464,24,24,95.00,10.00
19490,6465,25,22,42.00,0.00
19491,6465,30,1,27.00,5.00
19492,6465,34,29,35.00,10.00
19493,6465,12,4,459.00,5.00
19494,6465,3,7,249.00,10.00
19495,6466,2,2,899.00,0.00
19496,6466,25,30,42.00,10.00
19497,6467,5,27,349.00,0.00
19498,6467,29,22,32.00,0.00
19499,6467,3,18,249.00,5.00
19500,6468,4,13,129.00,5.00
19501,6468,25,5,42.00,5.00
19502,6469,23,9,22.00,0.00
19503,6469,11,8,899.00,0.00
19504,6470,1,7,499.00,0.00
19505,6470,27,17,18.00,0.00
19506,6471,22,29,75.00,10.00
19507,6471,30,13,27.00,0.00
19508,6472,8,1,389.00,0.00
19509,6472,1,27,499.00,0.00
19510,6472,1,1,499.00,0.00
19511,6472,23,24,22.00,0.00
19512,6473,4,8,129.00,0.00
19513,6473,15,30,379.00,0.00
19514,6473,1,11,499.00,5.00
19515,6473,15,1,379.00,10.00
19516,6474,31,27,15.00,10.00
19517,6474,19,5,69.00,0.00
19518,6474,17,25,189.00,5.00
19519,6475,15,6,379.00,5.00
19520,6475,23,8,22.00,0.00
19521,6475,3,8,249.00,0.00
19522,6475,23,30,22.00,0.00
19523,6475,7,25,549.00,0.00
19524,6476,7,3,549.00,10.00
19525,6476,8,11,389.00,0.00
19526,6476,22,20,75.00,0.00
19527,6476,2,1,899.00,10.00
19528,6477,26,20,12.00,0.00
19529,6477,30,23,27.00,0.00
19530,6477,23,21,22.00,0.00
19531,6477,9,26,149.00,0.00
19532,6478,4,5,129.00,0.00
19533,6478,18,10,89.00,0.00
19534,6478,19,10,69.00,0.00
19535,6478,4,15,129.00,0.00
19536,6479,21,9,58.00,5.00
19537,6479,10,16,799.00,5.00
19538,6480,11,28,899.00,5.00
19539,6480,22,2,75.00,0.00
19540,6480,34,15,35.00,5.00
19541,6480,25,18,42.00,5.00
19542,6480,5,12,349.00,0.00
19543,6481,21,17,58.00,0.00
19544,6481,28,21,120.00,0.00
19545,6481,3,9,249.00,0.00
19546,6482,31,24,15.00,0.00
19547,6483,22,18,75.00,0.00
19548,6483,29,23,32.00,0.00
19549,6483,4,20,129.00,0.00
19550,6483,6,20,699.00,10.00
19551,6483,12,2,459.00,0.00
19552,6484,6,5,699.00,0.00
19553,6484,21,9,58.00,5.00
19554,6484,16,9,45.00,0.00
19555,6484,28,16,120.00,0.00
19556,6484,22,10,75.00,10.00
19557,6485,7,21,549.00,10.00
19558,6486,25,8,42.00,0.00
19559,6486,27,17,18.00,0.00
19560,6486,20,13,159.00,0.00
19561,6486,8,19,389.00,0.00
19562,6487,22,21,75.00,0.00
19563,6488,26,7,12.00,10.00
19564,6488,31,21,15.00,10.00
19565,6488,4,30,129.00,5.00
19566,6489,27,5,18.00,0.00
19567,6489,33,8,65.00,0.00
19568,6490,24,20,95.00,0.00
19569,6490,8,12,389.00,0.00
19570,6490,5,28,349.00,0.00
19571,6491,31,14,15.00,0.00
19572,6491,16,16,45.00,0.00
19573,6491,6,23,699.00,0.00
19574,6491,11,16,899.00,5.00
19575,6491,6,16,699.00,0.00
19576,6492,18,12,89.00,0.00
19577,6492,35,21,79.00,0.00
19578,6492,9,24,149.00,0.00
19579,6492,29,10,32.00,0.00
19580,6493,5,29,349.00,0.00
19581,6493,11,5,899.00,10.00
19582,6493,35,9,79.00,0.00
19583,6493,18,4,89.00,0.00
19584,6493,33,13,65.00,0.00
19585,6494,33,17,65.00,0.00
19586,6494,13,25,649.00,10.00
19587,6494,8,11,389.00,0.00
19588,6494,2,4,899.00,0.00
19589,6495,25,9,42.00,0.00
19590,6496,21,15,58.00,5.00
19591,6497,24,11,95.00,5.00
19592,6497,27,14,18.00,0.00
19593,6498,15,16,379.00,0.00
19594,6499,35,29,79.00,5.00
19595,6499,2,28,899.00,0.00
19596,6499,13,17,649.00,5.00
19597,6499,26,20,12.00,0.00
19598,6500,8,2,389.00,5.00
19599,6500,31,17,15.00,0.00
19600,6500,31,1,15.00,0.00
19601,6500,21,10,58.00,10.00
19602,6501,14,16,549.00,0.00
19603,6502,10,30,799.00,0.00
19604,6502,31,28,15.00,10.00
19605,6502,27,2,18.00,10.00
19606,6503,27,4,18.00,0.00
19607,6503,9,8,149.00,0.00
19608,6503,30,21,27.00,10.00
19609,6504,33,12,65.00,0.00
19610,6504,25,1,42.00,10.00
19611,6504,23,14,22.00,0.00
19612,6505,10,21,799.00,5.00
19613,6505,35,5,79.00,5.00
19614,6505,10,5,799.00,10.00
19615,6506,20,12,159.00,0.00
19616,6507,1,7,499.00,0.00
19617,6507,31,30,15.00,0.00
19618,6507,32,11,45.00,0.00
19619,6508,6,28,699.00,0.00
19620,6508,19,17,69.00,0.00
19621,6508,28,22,120.00,0.00
19622,6508,3,18,249.00,5.00
19623,6509,9,15,149.00,5.00
19624,6509,10,3,799.00,5.00
19625,6509,4,15,129.00,0.00
19626,6510,8,11,389.00,0.00
19627,6510,4,13,129.00,5.00
19628,6511,33,9,65.00,5.00
19629,6512,21,19,58.00,0.00
19630,6512,28,28,120.00,0.00
19631,6512,27,27,18.00,0.00
19632,6512,34,15,35.00,0.00
19633,6513,27,18,18.00,5.00
19634,6514,4,27,129.00,0.00
19635,6514,25,8,42.00,0.00
19636,6514,4,2,129.00,10.00
19637,6515,19,8,69.00,5.00
19638,6515,11,21,899.00,0.00
19639,6515,29,10,32.00,0.00
19640,6515,33,2,65.00,0.00
19641,6515,9,26,149.00,0.00
19642,6516,11,30,899.00,10.00
19643,6516,31,14,15.00,5.00
19644,6516,5,15,349.00,0.00
19645,6516,2,29,899.00,0.00
19646,6516,30,19,27.00,0.00
19647,6517,21,17,58.00,10.00
19648,6517,9,8,149.00,0.00
19649,6517,30,22,27.00,10.00
19650,6517,30,6,27.00,0.00
19651,6517,10,10,799.00,5.00
19652,6518,26,27,12.00,0.00
19653,6518,13,5,649.00,5.00
19654,6519,25,13,42.00,0.00
19655,6520,10,20,799.00,0.00
19656,6520,20,7,159.00,0.00
19657,6520,23,26,22.00,0.00
19658,6520,2,9,899.00,0.00
19659,6520,11,24,899.00,0.00
19660,6521,31,17,15.00,0.00
19661,6521,30,28,27.00,0.00
19662,6521,29,22,32.00,0.00
19663,6521,27,9,18.00,0.00
19664,6521,22,25,75.00,0.00
19665,6522,4,18,129.00,0.00
19666,6522,7,8,549.00,5.00
19667,6523,10,23,799.00,0.00
19668,6523,32,11,45.00,0.00
19669,6523,10,6,799.00,0.00
19670,6523,8,18,389.00,0.00
19671,6523,31,11,15.00,0.00
19672,6524,8,13,389.00,0.00
19673,6524,1,23,499.00,5.00
19674,6525,3,23,249.00,5.00
19675,6525,27,28,18.00,0.00
19676,6525,31,12,15.00,0.00
19677,6525,20,22,159.00,10.00
19678,6525,12,30,459.00,10.00
19679,6526,19,25,69.00,0.00
19680,6526,26,11,12.00,0.00
19681,6527,16,6,45.00,0.00
19682,6528,1,6,499.00,10.00
19683,6528,8,6,389.00,0.00
19684,6529,9,8,149.00,0.00
19685,6529,6,2,699.00,5.00
19686,6529,27,12,18.00,5.00
19687,6529,1,5,499.00,5.00
19688,6529,35,28,79.00,5.00
19689,6530,17,7,189.00,5.00
19690,6531,29,20,32.00,10.00
19691,6531,20,1,159.00,0.00
19692,6531,10,30,799.00,0.00
19693,6531,10,7,799.00,0.00
19694,6532,22,28,75.00,5.00
19695,6533,15,13,379.00,5.00
19696,6533,28,15,120.00,0.00
19697,6534,14,7,549.00,0.00
19698,6534,19,17,69.00,0.00
19699,6534,29,27,32.00,10.00
19700,6535,31,6,15.00,0.00
19701,6535,21,7,58.00,0.00
19702,6535,15,23,379.00,0.00
19703,6535,22,9,75.00,5.00
19704,6536,7,12,549.00,0.00
19705,6536,29,25,32.00,5.00
19706,6536,30,6,27.00,0.00
19707,6536,25,5,42.00,5.00
19708,6536,25,19,42.00,10.00
19709,6537,28,30,120.00,0.00
19710,6537,34,3,35.00,0.00
19711,6537,4,4,129.00,0.00
19712,6537,10,10,799.00,5.00
19713,6537,31,2,15.00,5.00
19714,6538,19,10,69.00,0.00
19715,6539,35,22,79.00,0.00
19716,6539,19,4,69.00,10.00
19717,6539,8,10,389.00,0.00
19718,6540,35,22,79.00,0.00
19719,6541,23,11,22.00,10.00
19720,6541,7,11,549.00,0.00
19721,6541,6,3,699.00,10.00
19722,6541,14,4,549.00,0.00
19723,6542,2,7,899.00,10.00
19724,6542,34,2,35.00,0.00
19725,6542,31,3,15.00,10.00
19726,6542,33,3,65.00,5.00
19727,6543,31,23,15.00,0.00
19728,6543,19,7,69.00,0.00
19729,6544,20,3,159.00,10.00
19730,6544,1,16,499.00,0.00
19731,6544,32,1,45.00,0.00
19732,6545,20,28,159.00,10.00
19733,6545,1,5,499.00,5.00
19734,6545,8,28,389.00,10.00
19735,6545,2,9,899.00,0.00
19736,6545,20,28,159.00,10.00
19737,6546,32,27,45.00,5.00
19738,6546,10,1,799.00,0.00
19739,6546,11,21,899.00,0.00
19740,6547,12,26,459.00,0.00
19741,6547,22,11,75.00,10.00
19742,6547,14,8,549.00,0.00
19743,6547,26,13,12.00,5.00
19744,6547,27,14,18.00,10.00
19745,6548,22,9,75.00,0.00
19746,6548,32,25,45.00,0.00
19747,6548,21,24,58.00,0.00
19748,6548,33,15,65.00,5.00
19749,6548,22,7,75.00,0.00
19750,6549,34,2,35.00,0.00
19751,6549,33,11,65.00,0.00
19752,6549,34,23,35.00,10.00
19753,6550,1,11,499.00,5.00
19754,6550,7,30,549.00,0.00
19755,6550,25,16,42.00,0.00
19756,6551,11,28,899.00,5.00
19757,6551,32,10,45.00,10.00
19758,6551,12,2,459.00,0.00
19759,6551,14,29,549.00,5.00
19760,6551,19,19,69.00,0.00
19761,6552,8,10,389.00,10.00
19762,6552,1,5,499.00,0.00
19763,6553,21,26,58.00,0.00
19764,6553,30,26,27.00,5.00
19765,6553,23,10,22.00,5.00
19766,6553,9,9,149.00,5.00
19767,6554,29,22,32.00,0.00
19768,6554,30,19,27.00,0.00
19769,6554,22,18,75.00,0.00
19770,6554,33,9,65.00,0.00
19771,6555,25,3,42.00,0.00
19772,6555,14,27,549.00,0.00
19773,6555,8,27,389.00,10.00
19774,6556,25,24,42.00,5.00
19775,6556,20,15,159.00,5.00
19776,6557,34,14,35.00,0.00
19777,6558,7,12,549.00,0.00
19778,6558,33,12,65.00,0.00
19779,6558,15,24,379.00,5.00
19780,6558,31,14,15.00,5.00
19781,6558,1,1,499.00,10.00
19782,6559,21,3,58.00,0.00
19783,6559,24,20,95.00,0.00
19784,6559,31,26,15.00,5.00
19785,6559,3,4,249.00,0.00
19786,6559,28,18,120.00,5.00
19787,6560,19,19,69.00,0.00
19788,6560,28,11,120.00,0.00
19789,6561,28,25,120.00,5.00
19790,6561,6,20,699.00,5.00
19791,6562,28,8,120.00,10.00
19792,6562,2,10,899.00,0.00
19793,6562,9,28,149.00,5.00
19794,6563,30,28,27.00,0.00
19795,6563,26,10,12.00,0.00
19796,6563,11,3,899.00,5.00
19797,6563,29,6,32.00,0.00
19798,6564,11,8,899.00,0.00
19799,6565,17,29,189.00,0.00
19800,6565,33,18,65.00,0.00
19801,6565,2,23,899.00,5.00
19802,6566,24,6,95.00,10.00
19803,6566,7,2,549.00,5.00
19804,6566,16,30,45.00,5.00
19805,6566,19,15,69.00,10.00
19806,6567,24,22,95.00,0.00
19807,6567,11,1,899.00,0.00
19808,6567,10,15,799.00,5.00
19809,6567,33,19,65.00,0.00
19810,6567,30,6,27.00,0.00
19811,6568,17,9,189.00,0.00
19812,6568,15,27,379.00,0.00
19813,6569,32,12,45.00,0.00
19814,6569,19,10,69.00,10.00
19815,6569,22,12,75.00,0.00
19816,6569,10,3,799.00,0.00
19817,6570,34,3,35.00,0.00
19818,6570,10,26,799.00,0.00
19819,6570,20,15,159.00,5.00
19820,6571,28,6,120.00,0.00
19821,6571,15,7,379.00,10.00
19822,6572,3,5,249.00,0.00
19823,6572,34,11,35.00,10.00
19824,6572,13,5,649.00,5.00
19825,6572,34,22,35.00,5.00
19826,6573,25,3,42.00,0.00
19827,6574,21,4,58.00,10.00
19828,6574,9,14,149.00,0.00
19829,6575,11,19,899.00,0.00
19830,6575,35,14,79.00,0.00
19831,6575,26,30,12.00,5.00
19832,6575,35,16,79.00,5.00
19833,6575,35,23,79.00,10.00
19834,6576,10,23,799.00,10.00
19835,6576,7,9,549.00,5.00
19836,6576,5,10,349.00,0.00
19837,6576,27,13,18.00,10.00
19838,6576,26,10,12.00,0.00
19839,6577,7,2,549.00,5.00
19840,6577,14,23,549.00,5.00
19841,6578,33,1,65.00,0.00
19842,6578,21,28,58.00,10.00
19843,6578,13,11,649.00,0.00
19844,6579,28,26,120.00,10.00
19845,6579,21,15,58.00,5.00
19846,6579,4,10,129.00,0.00
19847,6579,20,28,159.00,10.00
19848,6580,10,27,799.00,0.00
19849,6581,17,20,189.00,5.00
19850,6581,31,4,15.00,0.00
19851,6581,23,6,22.00,0.00
19852,6581,18,14,89.00,5.00
19853,6581,11,12,899.00,10.00
19854,6582,16,25,45.00,10.00
19855,6583,4,17,129.00,0.00
19856,6583,17,3,189.00,10.00
19857,6583,20,29,159.00,0.00
19858,6583,8,1,389.00,0.00
19859,6584,5,29,349.00,0.00
19860,6584,5,13,349.00,5.00
19861,6585,24,23,95.00,5.00
19862,6585,14,22,549.00,0.00
19863,6585,34,18,35.00,0.00
19864,6586,8,27,389.00,5.00
19865,6586,30,6,27.00,0.00
19866,6586,3,13,249.00,10.00
19867,6586,8,11,389.00,0.00
19868,6587,35,8,79.00,0.00
19869,6587,14,7,549.00,10.00
19870,6588,33,7,65.00,0.00
19871,6588,31,14,15.00,5.00
19872,6588,32,18,45.00,0.00
19873,6588,14,8,549.00,0.00
19874,6588,14,28,549.00,0.00
19875,6589,5,4,349.00,0.00
19876,6589,24,23,95.00,5.00
19877,6589,14,22,549.00,0.00
19878,6589,7,16,549.00,0.00
19879,6589,18,15,89.00,10.00
19880,6590,24,22,95.00,0.00
19881,6590,25,24,42.00,5.00
19882,6590,20,13,159.00,0.00
19883,6591,9,10,149.00,10.00
19884,6591,4,3,129.00,0.00
19885,6591,11,6,899.00,10.00
19886,6591,10,16,799.00,5.00
19887,6592,19,24,69.00,0.00
19888,6592,8,5,389.00,0.00
19889,6592,29,30,32.00,0.00
19890,6592,9,29,149.00,10.00
19891,6592,30,15,27.00,10.00
19892,6593,9,8,149.00,0.00
19893,6594,23,5,22.00,10.00
19894,6594,31,23,15.00,0.00
19895,6595,4,27,129.00,0.00
19896,6595,31,3,15.00,5.00
19897,6595,23,28,22.00,5.00
19898,6596,21,13,58.00,0.00
19899,6597,35,22,79.00,5.00
19900,6597,19,14,69.00,5.00
19901,6597,2,5,899.00,5.00
19902,6597,32,13,45.00,0.00
19903,6598,7,1,549.00,0.00
19904,6598,17,24,189.00,0.00
19905,6598,19,27,69.00,10.00
19906,6598,27,4,18.00,0.00
19907,6598,15,1,379.00,5.00
19908,6599,15,25,379.00,10.00
19909,6599,35,9,79.00,0.00
19910,6599,12,11,459.00,5.00
19911,6599,31,29,15.00,0.00
19912,6600,24,3,95.00,0.00
19913,6600,21,25,58.00,0.00
19914,6600,17,5,189.00,0.00
19915,6601,5,6,349.00,0.00
19916,6602,10,17,799.00,10.00
19917,6602,9,9,149.00,5.00
19918,6602,27,18,18.00,5.00
19919,6603,15,24,379.00,5.00
19920,6603,12,12,459.00,10.00
19921,6603,12,30,459.00,10.00
19922,6604,12,29,459.00,5.00
19923,6604,31,6,15.00,0.00
19924,6604,20,7,159.00,0.00
19925,6604,33,21,65.00,5.00
19926,6604,15,30,379.00,0.00
19927,6605,28,8,120.00,10.00
19928,6605,19,2,69.00,5.00
19929,6605,19,13,69.00,0.00
19930,6606,1,18,499.00,10.00
19931,6606,15,18,379.00,5.00
19932,6606,26,16,12.00,0.00
19933,6607,35,23,79.00,10.00
19934,6607,30,24,27.00,0.00
19935,6607,16,6,45.00,0.00
19936,6607,11,23,899.00,10.00
19937,6608,7,27,549.00,5.00
19938,6608,14,16,549.00,0.00
19939,6608,17,5,189.00,0.00
19940,6608,3,15,249.00,0.00
19941,6609,4,22,129.00,0.00
19942,6609,4,22,129.00,0.00
19943,6609,20,23,159.00,0.00
19944,6610,14,20,549.00,0.00
19945,6610,21,21,58.00,0.00
19946,6610,29,13,32.00,0.00
19947,6611,26,26,12.00,0.00
19948,6611,28,22,120.00,0.00
19949,6611,26,4,12.00,0.00
19950,6611,30,26,27.00,5.00
19951,6612,9,1,149.00,0.00
19952,6612,31,4,15.00,0.00
19953,6612,34,19,35.00,0.00
19954,6613,23,20,22.00,0.00
19955,6614,29,5,32.00,0.00
19956,6614,33,27,65.00,5.00
19957,6615,9,17,149.00,10.00
19958,6615,9,11,149.00,10.00
19959,6615,23,12,22.00,0.00
19960,6616,35,7,79.00,0.00
19961,6616,15,12,379.00,5.00
19962,6616,19,12,69.00,0.00
19963,6616,29,25,32.00,5.00
19964,6616,5,16,349.00,0.00
19965,6617,21,10,58.00,5.00
19966,6617,34,15,35.00,0.00
19967,6618,21,17,58.00,10.00
19968,6618,35,5,79.00,10.00
19969,6618,25,2,42.00,0.00
19970,6619,23,29,22.00,10.00
19971,6620,30,24,27.00,0.00
19972,6620,22,28,75.00,5.00
19973,6620,28,26,120.00,10.00
19974,6620,21,16,58.00,5.00
19975,6620,14,17,549.00,0.00
19976,6621,8,4,389.00,10.00
19977,6621,10,17,799.00,0.00
19978,6622,28,4,120.00,0.00
19979,6622,14,14,549.00,0.00
19980,6622,19,4,69.00,10.00
19981,6622,21,1,58.00,0.00
19982,6622,8,11,389.00,0.00
19983,6623,34,27,35.00,0.00
19984,6623,32,1,45.00,0.00
19985,6623,35,20,79.00,0.00
19986,6623,29,30,32.00,0.00
19987,6624,16,23,45.00,0.00
19988,6625,2,20,899.00,0.00
19989,6625,33,2,65.00,0.00
19990,6625,19,30,69.00,0.00
19991,6626,15,8,379.00,0.00
19992,6626,13,20,649.00,0.00
19993,6627,33,24,65.00,0.00
19994,6627,29,11,32.00,0.00
19995,6627,11,22,899.00,5.00
19996,6627,11,15,899.00,0.00
19997,6627,34,9,35.00,0.00
19998,6628,31,21,15.00,5.00
19999,6628,25,8,42.00,0.00
20000,6629,20,22,159.00,10.00
20001,6630,12,30,459.00,10.00
20002,6630,19,1,69.00,0.00
20003,6631,28,30,120.00,0.00
20004,6631,22,17,75.00,10.00
20005,6632,26,7,12.00,10.00
20006,6633,18,27,89.00,10.00
20007,6633,24,24,95.00,10.00
20008,6634,15,4,379.00,0.00
20009,6634,26,12,12.00,5.00
20010,6634,20,17,159.00,0.00
20011,6634,18,15,89.00,10.00
20012,6635,31,3,15.00,5.00
20013,6635,21,19,58.00,0.00
20014,6635,34,23,35.00,10.00
20015,6636,31,8,15.00,5.00
20016,6637,1,21,499.00,0.00
20017,6638,10,21,799.00,5.00
20018,6638,6,26,699.00,5.00
20019,6638,11,8,899.00,0.00
20020,6639,28,8,120.00,10.00
20021,6639,16,21,45.00,0.00
20022,6639,9,3,149.00,5.00
20023,6639,2,9,899.00,0.00
20024,6639,10,22,799.00,5.00
20025,6640,17,10,189.00,0.00
20026,6640,16,3,45.00,10.00
20027,6640,23,10,22.00,0.00
20028,6640,1,9,499.00,0.00
20029,6641,8,9,389.00,5.00
20030,6641,3,29,249.00,5.00
20031,6641,10,15,799.00,0.00
20032,6641,16,16,45.00,0.00
20033,6641,15,16,379.00,0.00
20034,6642,24,10,95.00,5.00
20035,6643,26,17,12.00,5.00
20036,6643,13,30,649.00,5.00
20037,6643,33,9,65.00,5.00
20038,6643,23,3,22.00,0.00
20039,6644,19,2,69.00,0.00
20040,6644,30,14,27.00,5.00
20041,6644,14,21,549.00,0.00
20042,6645,25,11,42.00,5.00
20043,6646,31,16,15.00,10.00
20044,6646,33,29,65.00,10.00
20045,6646,34,29,35.00,10.00
20046,6646,13,8,649.00,0.00
20047,6646,3,25,249.00,10.00
20048,6647,2,5,899.00,0.00
20049,6647,14,9,549.00,0.00
20050,6647,11,25,899.00,0.00
20051,6647,26,26,12.00,0.00
20052,6648,14,24,549.00,5.00
20053,6648,15,25,379.00,10.00
20054,6648,32,29,45.00,10.00
20055,6648,31,19,15.00,0.00
20056,6649,27,26,18.00,0.00
20057,6649,18,14,89.00,5.00
20058,6649,9,3,149.00,5.00
20059,6649,34,26,35.00,0.00
20060,6650,26,7,12.00,10.00
20061,6650,16,24,45.00,0.00
20062,6650,16,16,45.00,0.00
20063,6650,22,14,75.00,0.00
20064,6650,7,2,549.00,5.00
20065,6651,11,15,899.00,5.00
20066,6651,20,29,159.00,0.00
20067,6651,11,12,899.00,0.00
20068,6651,1,2,499.00,0.00
20069,6651,16,28,45.00,0.00
20070,6652,16,7,45.00,10.00
20071,6652,20,9,159.00,5.00
20072,6653,26,21,12.00,0.00
20073,6653,1,16,499.00,0.00
20074,6654,35,30,79.00,10.00
20075,6655,3,30,249.00,5.00
20076,6655,12,22,459.00,5.00
20077,6655,32,20,45.00,0.00
20078,6655,32,25,45.00,0.00
20079,6655,19,13,69.00,0.00
20080,6656,27,24,18.00,5.00
20081,6656,29,7,32.00,0.00
20082,6657,31,23,15.00,0.00
20083,6658,18,20,89.00,5.00
20084,6658,21,25,58.00,0.00
20085,6658,9,5,149.00,0.00
20086,6658,31,7,15.00,0.00
20087,6658,19,10,69.00,10.00
20088,6659,28,21,120.00,0.00
20089,6659,25,30,42.00,5.00
20090,6659,3,29,249.00,0.00
20091,6659,22,18,75.00,0.00
20092,6660,24,10,95.00,0.00
20093,6660,29,12,32.00,0.00
20094,6660,8,20,389.00,5.00
20095,6660,4,22,129.00,0.00
20096,6661,31,28,15.00,10.00
20097,6661,4,19,129.00,5.00
20098,6661,1,24,499.00,10.00
20099,6661,3,21,249.00,0.00
20100,6661,10,15,799.00,5.00
20101,6662,7,15,549.00,10.00
20102,6662,32,27,45.00,5.00
20103,6662,31,8,15.00,0.00
20104,6662,6,3,699.00,10.00
20105,6662,25,14,42.00,0.00
20106,6663,25,30,42.00,10.00
20107,6664,25,11,42.00,0.00
20108,6664,28,9,120.00,0.00
20109,6665,4,12,129.00,0.00
20110,6666,19,29,69.00,0.00
20111,6666,7,9,549.00,10.00
20112,6666,19,3,69.00,5.00
20113,6666,13,20,649.00,0.00
20114,6666,1,15,499.00,0.00
20115,6667,22,11,75.00,10.00
20116,6667,26,23,12.00,5.00
20117,6667,30,12,27.00,0.00
20118,6667,13,28,649.00,0.00
20119,6667,3,20,249.00,0.00
20120,6668,21,26,58.00,0.00
20121,6668,12,26,459.00,0.00
20122,6669,13,12,649.00,10.00
20123,6670,1,1,499.00,0.00
20124,6670,12,11,459.00,5.00
20125,6671,32,17,45.00,0.00
20126,6671,31,30,15.00,0.00
20127,6672,34,30,35.00,0.00
20128,6672,25,2,42.00,0.00
20129,6672,27,7,18.00,5.00
20130,6672,11,4,899.00,5.00
20131,6672,17,30,189.00,0.00
20132,6673,34,24,35.00,0.00
20133,6673,27,24,18.00,5.00
20134,6673,24,19,95.00,10.00
20135,6673,6,23,699.00,0.00
20136,6673,18,12,89.00,0.00
20137,6674,31,13,15.00,0.00
20138,6674,1,20,499.00,0.00
20139,6674,19,23,69.00,0.00
20140,6674,29,11,32.00,0.00
20141,6675,22,10,75.00,5.00
20142,6675,35,18,79.00,10.00
20143,6675,1,6,499.00,10.00
20144,6675,30,16,27.00,0.00
20145,6675,9,22,149.00,5.00
20146,6676,32,8,45.00,0.00
20147,6676,2,17,899.00,0.00
20148,6676,10,19,799.00,0.00
20149,6677,35,6,79.00,10.00
20150,6677,1,9,499.00,0.00
20151,6677,5,15,349.00,0.00
20152,6677,27,20,18.00,10.00
20153,6677,25,23,42.00,0.00
20154,6678,1,28,499.00,0.00
20155,6679,6,30,699.00,0.00
20156,6679,10,2,799.00,0.00
20157,6680,17,12,189.00,0.00
20158,6680,27,29,18.00,0.00
20159,6680,3,18,249.00,5.00
20160,6680,25,15,42.00,0.00
20161,6680,28,6,120.00,0.00
20162,6681,23,3,22.00,0.00
20163,6681,1,23,499.00,5.00
20164,6681,18,6,89.00,0.00
20165,6681,24,2,95.00,0.00
20166,6682,23,15,22.00,0.00
20167,6682,15,12,379.00,0.00
20168,6683,23,29,22.00,5.00
20169,6683,27,21,18.00,0.00
20170,6683,9,4,149.00,5.00
20171,6684,18,23,89.00,0.00
20172,6684,31,23,15.00,0.00
20173,6685,35,14,79.00,0.00
20174,6686,21,13,58.00,0.00
20175,6687,20,25,159.00,0.00
20176,6687,6,26,699.00,10.00
20177,6687,19,8,69.00,0.00
20178,6687,4,24,129.00,5.00
20179,6688,9,14,149.00,0.00
20180,6688,32,7,45.00,0.00
20181,6688,1,2,499.00,0.00
20182,6689,32,9,45.00,5.00
20183,6689,10,16,799.00,5.00
20184,6689,2,4,899.00,0.00
20185,6690,3,23,249.00,0.00
20186,6690,13,8,649.00,0.00
20187,6690,30,26,27.00,5.00
20188,6691,16,19,45.00,5.00
20189,6691,30,1,27.00,0.00
20190,6691,32,22,45.00,10.00
20191,6691,8,15,389.00,10.00
20192,6691,22,18,75.00,0.00
20193,6692,26,20,12.00,0.00
20194,6692,17,5,189.00,0.00
20195,6693,24,11,95.00,5.00
20196,6694,9,4,149.00,10.00
20197,6694,26,8,12.00,0.00
20198,6694,25,8,42.00,0.00
20199,6694,31,30,15.00,0.00
20200,6695,6,29,699.00,0.00
20201,6695,15,11,379.00,0.00
20202,6696,21,10,58.00,5.00
20203,6696,35,18,79.00,10.00
20204,6696,34,29,35.00,10.00
20205,6696,14,14,549.00,0.00
20206,6696,9,25,149.00,0.00
20207,6697,27,21,18.00,0.00
20208,6697,22,22,75.00,5.00
20209,6698,24,16,95.00,5.00
20210,6698,21,30,58.00,0.00
20211,6698,34,9,35.00,0.00
20212,6698,34,2,35.00,0.00
20213,6699,25,29,42.00,5.00
20214,6700,7,15,549.00,10.00
20215,6700,4,23,129.00,0.00
20216,6700,5,5,349.00,0.00
20217,6700,25,8,42.00,0.00
20218,6700,24,3,95.00,0.00
20219,6701,1,13,499.00,0.00
20220,6702,11,14,899.00,0.00
20221,6702,17,9,189.00,10.00
20222,6703,16,4,45.00,0.00
20223,6703,34,1,35.00,0.00
20224,6703,25,1,42.00,0.00
20225,6703,11,7,899.00,0.00
20226,6704,8,18,389.00,0.00
20227,6705,34,11,35.00,10.00
20228,6706,22,13,75.00,0.00
20229,6706,18,4,89.00,0.00
20230,6707,27,29,18.00,0.00
20231,6707,15,23,379.00,0.00
20232,6708,16,23,45.00,0.00
20233,6708,2,24,899.00,5.00
20234,6708,20,15,159.00,5.00
20235,6709,6,17,699.00,0.00
20236,6709,22,12,75.00,0.00
20237,6709,35,28,79.00,0.00
20238,6709,30,23,27.00,0.00
20239,6710,7,25,549.00,5.00
20240,6710,19,27,69.00,5.00
20241,6711,14,25,549.00,10.00
20242,6711,29,17,32.00,0.00
20243,6712,32,22,45.00,5.00
20244,6712,29,21,32.00,0.00
20245,6713,28,20,120.00,10.00
20246,6713,24,17,95.00,5.00
20247,6713,4,8,129.00,0.00
20248,6713,10,9,799.00,5.00
20249,6714,26,29,12.00,0.00
20250,6714,33,29,65.00,10.00
20251,6714,35,1,79.00,0.00
20252,6715,32,25,45.00,0.00
20253,6715,21,21,58.00,5.00
20254,6716,26,13,12.00,10.00
20255,6716,13,30,649.00,10.00
20256,6716,15,13,379.00,10.00
20257,6716,34,9,35.00,0.00
20258,6717,16,21,45.00,0.00
20259,6717,12,11,459.00,10.00
20260,6717,34,13,35.00,0.00
20261,6718,34,20,35.00,0.00
20262,6719,13,1,649.00,10.00
20263,6719,25,19,42.00,0.00
20264,6719,21,19,58.00,0.00
20265,6719,4,11,129.00,0.00
20266,6719,34,17,35.00,10.00
20267,6720,24,22,95.00,0.00
20268,6720,15,17,379.00,0.00
20269,6721,24,9,95.00,0.00
20270,6722,7,12,549.00,0.00
20271,6722,21,29,58.00,10.00
20272,6722,28,4,120.00,0.00
20273,6722,35,5,79.00,10.00
20274,6722,20,11,159.00,0.00
20275,6723,26,7,12.00,5.00
20276,6723,13,14,649.00,0.00
20277,6723,10,30,799.00,0.00
20278,6724,21,3,58.00,5.00
20279,6724,17,5,189.00,0.00
20280,6724,1,7,499.00,0.00
20281,6725,34,12,35.00,0.00
20282,6725,34,23,35.00,10.00
20283,6725,6,4,699.00,0.00
20284,6725,6,14,699.00,10.00
20285,6725,30,23,27.00,0.00
20286,6726,14,23,549.00,5.00
20287,6726,2,8,899.00,0.00
20288,6726,34,12,35.00,0.00
20289,6726,1,30,499.00,10.00
20290,6727,25,14,42.00,0.00
20291,6727,13,12,649.00,5.00
20292,6728,32,12,45.00,0.00
20293,6729,27,17,18.00,0.00
20294,6730,31,25,15.00,0.00
20295,6730,15,12,379.00,5.00
20296,6730,32,22,45.00,10.00
20297,6731,20,30,159.00,0.00
20298,6731,35,14,79.00,0.00
20299,6732,3,7,249.00,10.00
20300,6733,12,9,459.00,0.00
20301,6734,27,21,18.00,0.00
20302,6734,24,28,95.00,0.00
20303,6734,34,5,35.00,10.00
20304,6734,8,8,389.00,5.00
20305,6735,8,20,389.00,5.00
20306,6736,35,8,79.00,0.00
20307,6736,29,6,32.00,0.00
20308,6736,12,16,459.00,5.00
20309,6736,17,17,189.00,0.00
20310,6736,9,4,149.00,5.00
20311,6737,4,2,129.00,10.00
20312,6737,22,8,75.00,0.00
20313,6737,14,19,549.00,10.00
20314,6737,28,5,120.00,0.00
20315,6737,11,15,899.00,0.00
20316,6738,21,24,58.00,0.00
20317,6738,17,26,189.00,10.00
20318,6738,24,26,95.00,0.00
20319,6738,9,22,149.00,10.00
20320,6739,17,20,189.00,5.00
20321,6739,32,6,45.00,0.00
20322,6739,30,10,27.00,0.00
20323,6740,19,3,69.00,10.00
20324,6740,31,29,15.00,0.00
20325,6740,13,22,649.00,0.00
20326,6740,17,23,189.00,0.00
20327,6740,24,7,95.00,0.00
20328,6741,25,3,42.00,0.00
20329,6741,12,21,459.00,0.00
20330,6741,6,14,699.00,5.00
20331,6741,21,18,58.00,0.00
20332,6742,5,26,349.00,10.00
20333,6742,23,20,22.00,0.00
20334,6743,17,28,189.00,0.00
20335,6743,9,18,149.00,0.00
20336,6743,1,19,499.00,0.00
20337,6744,13,16,649.00,0.00
20338,6745,16,23,45.00,0.00
20339,6746,22,6,75.00,0.00
20340,6746,1,21,499.00,0.00
20341,6746,1,25,499.00,0.00
20342,6746,34,16,35.00,5.00
20343,6747,27,10,18.00,0.00
20344,6747,32,11,45.00,0.00
20345,6747,20,12,159.00,0.00
20346,6748,6,18,699.00,0.00
20347,6749,34,30,35.00,0.00
20348,6749,17,4,189.00,0.00
20349,6750,13,10,649.00,0.00
20350,6750,21,13,58.00,0.00
20351,6750,3,18,249.00,5.00
20352,6751,14,29,549.00,0.00
20353,6751,35,10,79.00,0.00
20354,6752,26,25,12.00,10.00
20355,6752,33,1,65.00,0.00
20356,6752,18,17,89.00,0.00
20357,6752,15,15,379.00,0.00
20358,6753,9,27,149.00,5.00
20359,6753,25,17,42.00,0.00
20360,6753,6,5,699.00,0.00
20361,6753,30,13,27.00,0.00
20362,6754,2,20,899.00,0.00
20363,6754,31,25,15.00,0.00
20364,6754,12,30,459.00,10.00
20365,6755,34,29,35.00,10.00
20366,6755,23,14,22.00,0.00
20367,6756,1,27,499.00,0.00
20368,6756,15,26,379.00,10.00
20369,6757,26,10,12.00,0.00
20370,6757,16,22,45.00,0.00
20371,6757,2,14,899.00,0.00
20372,6757,22,15,75.00,0.00
20373,6758,24,14,95.00,0.00
20374,6758,27,5,18.00,0.00
20375,6758,34,9,35.00,0.00
20376,6758,2,16,899.00,0.00
20377,6758,21,19,58.00,0.00
20378,6759,31,13,15.00,0.00
20379,6759,4,3,129.00,0.00
20380,6760,7,9,549.00,10.00
20381,6760,30,10,27.00,0.00
20382,6761,24,30,95.00,10.00
20383,6761,28,4,120.00,0.00
20384,6761,14,17,549.00,0.00
20385,6762,16,27,45.00,0.00
20386,6762,26,13,12.00,10.00
20387,6762,10,21,799.00,5.00
20388,6763,6,4,699.00,0.00
20389,6763,17,26,189.00,10.00
20390,6763,28,9,120.00,0.00
20391,6764,33,13,65.00,0.00
20392,6765,7,29,549.00,0.00
20393,6765,1,16,499.00,5.00
20394,6765,16,13,45.00,5.00
20395,6765,21,20,58.00,0.00
20396,6765,11,6,899.00,10.00
20397,6766,25,3,42.00,0.00
20398,6767,3,7,249.00,5.00
20399,6767,13,15,649.00,0.00
20400,6768,25,10,42.00,0.00
20401,6768,14,15,549.00,0.00
20402,6768,6,24,699.00,0.00
20403,6769,14,2,549.00,0.00
20404,6769,9,1,149.00,0.00
20405,6769,22,3,75.00,0.00
20406,6769,26,25,12.00,10.00
20407,6770,14,8,549.00,0.00
20408,6770,32,2,45.00,0.00
20409,6770,19,2,69.00,5.00
20410,6770,34,28,35.00,5.00
20411,6770,4,4,129.00,0.00
20412,6771,3,30,249.00,5.00
20413,6771,23,3,22.00,0.00
20414,6771,15,12,379.00,5.00
20415,6772,11,14,899.00,0.00
20416,6772,15,30,379.00,5.00
20417,6772,15,1,379.00,10.00
20418,6772,10,24,799.00,0.00
20419,6773,4,29,129.00,0.00
20420,6773,9,30,149.00,0.00
20421,6773,26,8,12.00,0.00
20422,6774,1,30,499.00,10.00
20423,6774,18,26,89.00,5.00
20424,6775,1,20,499.00,0.00
20425,6775,26,7,12.00,10.00
20426,6775,27,6,18.00,0.00
20427,6776,16,10,45.00,0.00
20428,6776,5,1,349.00,5.00
20429,6776,18,10,89.00,0.00
20430,6776,21,18,58.00,0.00
20431,6777,12,25,459.00,0.00
20432,6777,4,4,129.00,0.00
20433,6778,5,30,349.00,0.00
20434,6778,27,4,18.00,0.00
20435,6778,11,17,899.00,5.00
20436,6779,5,14,349.00,5.00
20437,6780,33,6,65.00,0.00
20438,6780,9,22,149.00,10.00
20439,6780,32,3,45.00,5.00
20440,6781,13,30,649.00,10.00
20441,6781,12,3,459.00,0.00
20442,6781,28,23,120.00,0.00
20443,6782,4,7,129.00,10.00
20444,6783,12,3,459.00,0.00
20445,6784,33,21,65.00,5.00
20446,6784,9,9,149.00,5.00
20447,6785,23,6,22.00,10.00
20448,6786,3,14,249.00,0.00
20449,6786,33,16,65.00,5.00
20450,6787,7,3,549.00,10.00
20451,6787,35,11,79.00,10.00
20452,6788,18,6,89.00,0.00
20453,6788,9,4,149.00,10.00
20454,6788,9,12,149.00,0.00
20455,6788,3,18,249.00,5.00
20456,6789,25,18,42.00,5.00
20457,6789,28,27,120.00,0.00
20458,6789,22,26,75.00,0.00
20459,6789,23,27,22.00,0.00
20460,6789,33,3,65.00,5.00
20461,6790,5,19,349.00,5.00
20462,6790,26,15,12.00,0.00
20463,6790,22,15,75.00,0.00
20464,6790,18,22,89.00,0.00
20465,6791,10,15,799.00,5.00
20466,6791,26,20,12.00,0.00
20467,6792,16,12,45.00,0.00
20468,6792,21,8,58.00,0.00
20469,6792,30,19,27.00,5.00
20470,6792,9,10,149.00,10.00
20471,6792,6,11,699.00,0.00
20472,6793,3,19,249.00,10.00
20473,6793,14,12,549.00,5.00
20474,6793,13,23,649.00,0.00
20475,6793,26,26,12.00,0.00
20476,6794,31,18,15.00,0.00
20477,6794,12,1,459.00,0.00
20478,6794,6,22,699.00,0.00
20479,6794,8,25,389.00,0.00
20480,6795,28,23,120.00,0.00
20481,6796,22,8,75.00,0.00
20482,6796,1,2,499.00,0.00
20483,6796,2,13,899.00,0.00
20484,6796,30,5,27.00,0.00
20485,6797,20,6,159.00,0.00
20486,6797,16,22,45.00,0.00
20487,6797,26,4,12.00,0.00
20488,6798,23,20,22.00,0.00
20489,6798,14,5,549.00,5.00
20490,6799,13,7,649.00,0.00
20491,6800,21,17,58.00,10.00
20492,6801,9,13,149.00,0.00
20493,6801,2,14,899.00,0.00
20494,6801,17,24,189.00,0.00
20495,6801,17,20,189.00,10.00
20496,6801,15,15,379.00,0.00
20497,6802,12,22,459.00,5.00
20498,6802,10,8,799.00,0.00
20499,6803,35,27,79.00,0.00
20500,6803,6,3,699.00,10.00
20501,6803,19,22,69.00,0.00
20502,6803,34,21,35.00,0.00
20503,6803,26,30,12.00,5.00
20504,6804,11,6,899.00,10.00
20505,6805,10,26,799.00,0.00
20506,6805,28,17,120.00,0.00
20507,6805,10,6,799.00,0.00
20508,6806,29,7,32.00,0.00
20509,6806,6,6,699.00,0.00
20510,6806,12,16,459.00,0.00
20511,6806,11,23,899.00,10.00
20512,6806,15,10,379.00,0.00
20513,6807,7,9,549.00,10.00
20514,6807,20,4,159.00,10.00
20515,6808,35,5,79.00,10.00
20516,6808,32,28,45.00,10.00
20517,6808,13,11,649.00,5.00
20518,6808,8,4,389.00,10.00
20519,6808,17,15,189.00,10.00
20520,6809,33,13,65.00,0.00
20521,6809,11,18,899.00,0.00
20522,6809,15,29,379.00,0.00
20523,6809,23,22,22.00,5.00
20524,6810,23,16,22.00,5.00
20525,6810,23,9,22.00,0.00
20526,6810,25,30,42.00,10.00
20527,6810,15,12,379.00,5.00
20528,6810,4,19,129.00,5.00
20529,6811,23,18,22.00,10.00
20530,6811,28,6,120.00,0.00
20531,6811,10,19,799.00,0.00
20532,6812,16,4,45.00,0.00
20533,6813,5,27,349.00,0.00
20534,6813,24,4,95.00,5.00
20535,6813,30,10,27.00,0.00
20536,6814,18,15,89.00,10.00
20537,6814,7,4,549.00,0.00
20538,6814,25,15,42.00,0.00
20539,6814,12,18,459.00,10.00
20540,6815,23,8,22.00,0.00
20541,6816,33,23,65.00,10.00
20542,6816,16,13,45.00,5.00
20543,6816,21,20,58.00,0.00
20544,6816,25,28,42.00,0.00
20545,6816,18,4,89.00,0.00
20546,6817,26,9,12.00,0.00
20547,6817,6,7,699.00,0.00
20548,6817,5,2,349.00,5.00
20549,6818,26,14,12.00,0.00
20550,6819,7,2,549.00,5.00
20551,6819,27,12,18.00,5.00
20552,6819,16,30,45.00,0.00
20553,6819,2,12,899.00,10.00
20554,6819,7,10,549.00,0.00
20555,6820,18,19,89.00,0.00
20556,6820,35,8,79.00,0.00
20557,6820,25,18,42.00,10.00
20558,6820,24,20,95.00,0.00
20559,6821,10,7,799.00,0.00
20560,6821,7,23,549.00,0.00
20561,6821,34,2,35.00,0.00
20562,6821,1,24,499.00,10.00
20563,6822,30,24,27.00,0.00
20564,6822,19,16,69.00,0.00
20565,6822,17,13,189.00,0.00
20566,6822,19,2,69.00,5.00
20567,6822,8,30,389.00,0.00
20568,6823,25,11,42.00,5.00
20569,6823,35,5,79.00,5.00
20570,6824,24,21,95.00,0.00
20571,6824,2,30,899.00,10.00
20572,6825,7,26,549.00,5.00
20573,6825,27,26,18.00,10.00
20574,6826,35,9,79.00,0.00
20575,6826,24,27,95.00,0.00
20576,6827,32,2,45.00,0.00
20577,6827,22,14,75.00,0.00
20578,6827,27,14,18.00,10.00
20579,6827,22,2,75.00,0.00
20580,6827,11,30,899.00,10.00
20581,6828,32,21,45.00,5.00
20582,6828,6,26,699.00,10.00
20583,6829,30,14,27.00,5.00
20584,6829,11,10,899.00,5.00
20585,6829,21,26,58.00,0.00
20586,6830,11,26,899.00,0.00
20587,6830,8,2,389.00,0.00
20588,6831,32,9,45.00,5.00
20589,6831,33,13,65.00,0.00
20590,6832,14,30,549.00,5.00
20591,6832,19,18,69.00,0.00
20592,6832,33,20,65.00,0.00
20593,6832,12,10,459.00,5.00
20594,6833,34,17,35.00,10.00
20595,6833,30,14,27.00,10.00
20596,6833,26,7,12.00,10.00
20597,6834,22,12,75.00,0.00
20598,6834,6,19,699.00,5.00
20599,6834,13,24,649.00,10.00
20600,6834,12,23,459.00,10.00
20601,6834,32,29,45.00,0.00
20602,6835,32,10,45.00,10.00
20603,6835,35,28,79.00,5.00
20604,6835,25,12,42.00,10.00
20605,6835,2,20,899.00,0.00
20606,6836,15,24,379.00,5.00
20607,6837,15,1,379.00,10.00
20608,6837,6,9,699.00,10.00
20609,6837,31,15,15.00,10.00
20610,6837,29,15,32.00,0.00
20611,6838,35,18,79.00,10.00
20612,6838,31,18,15.00,0.00
20613,6838,30,10,27.00,10.00
20614,6839,27,26,18.00,10.00
20615,6839,12,24,459.00,10.00
20616,6839,29,18,32.00,0.00
20617,6839,33,1,65.00,0.00
20618,6840,22,1,75.00,0.00
20619,6840,15,6,379.00,5.00
20620,6841,20,29,159.00,0.00
20621,6841,15,26,379.00,0.00
20622,6842,12,13,459.00,0.00
20623,6842,24,24,95.00,10.00
20624,6843,13,19,649.00,0.00
20625,6844,16,21,45.00,0.00
20626,6845,5,18,349.00,0.00
20627,6846,32,28,45.00,10.00
20628,6846,27,3,18.00,0.00
20629,6846,23,21,22.00,0.00
20630,6847,11,22,899.00,0.00
20631,6847,31,19,15.00,0.00
20632,6847,4,10,129.00,0.00
20633,6847,31,7,15.00,0.00
20634,6848,11,25,899.00,0.00
20635,6848,5,11,349.00,0.00
20636,6848,29,28,32.00,0.00
20637,6849,1,11,499.00,5.00
20638,6849,6,27,699.00,10.00
20639,6849,9,7,149.00,0.00
20640,6849,11,11,899.00,10.00
20641,6849,7,12,549.00,0.00
20642,6850,32,22,45.00,10.00
20643,6850,9,17,149.00,0.00
20644,6851,25,1,42.00,10.00
20645,6851,25,19,42.00,10.00
20646,6851,1,7,499.00,0.00
20647,6851,25,8,42.00,0.00
20648,6851,3,26,249.00,0.00
20649,6852,16,1,45.00,5.00
20650,6853,14,30,549.00,5.00
20651,6853,25,10,42.00,0.00
20652,6853,19,4,69.00,0.00
20653,6853,35,23,79.00,10.00
20654,6854,29,29,32.00,0.00
20655,6854,26,21,12.00,0.00
20656,6854,32,27,45.00,10.00
20657,6854,16,23,45.00,0.00
20658,6855,30,3,27.00,10.00
20659,6855,12,29,459.00,5.00
20660,6856,8,10,389.00,10.00
20661,6856,16,19,45.00,10.00
20662,6856,6,10,699.00,0.00
20663,6857,35,26,79.00,0.00
20664,6857,31,16,15.00,10.00
20665,6857,8,5,389.00,0.00
20666,6857,20,5,159.00,0.00
20667,6858,24,14,95.00,0.00
20668,6858,5,24,349.00,0.00
20669,6858,9,21,149.00,5.00
20670,6858,17,7,189.00,5.00
20671,6859,22,26,75.00,0.00
20672,6859,13,19,649.00,10.00
20673,6859,5,21,349.00,0.00
20674,6859,9,3,149.00,5.00
20675,6860,6,15,699.00,10.00
20676,6861,2,19,899.00,10.00
20677,6861,30,11,27.00,0.00
20678,6861,17,15,189.00,10.00
20679,6861,4,25,129.00,5.00
20680,6861,6,18,699.00,0.00
20681,6862,2,2,899.00,0.00
20682,6862,29,15,32.00,10.00
20683,6862,18,15,89.00,10.00
20684,6862,4,23,129.00,0.00
20685,6863,16,9,45.00,10.00
20686,6863,2,11,899.00,0.00
20687,6863,29,11,32.00,0.00
20688,6863,10,19,799.00,0.00
20689,6864,1,9,499.00,0.00
20690,6864,1,29,499.00,5.00
20691,6865,10,15,799.00,0.00
20692,6865,13,4,649.00,0.00
20693,6866,20,3,159.00,10.00
20694,6866,28,13,120.00,10.00
20695,6867,3,3,249.00,0.00
20696,6867,24,24,95.00,10.00
20697,6867,5,28,349.00,0.00
20698,6868,17,29,189.00,0.00
20699,6868,18,21,89.00,10.00
20700,6868,29,3,32.00,0.00
20701,6869,26,26,12.00,0.00
20702,6869,21,25,58.00,0.00
20703,6869,10,11,799.00,10.00
20704,6869,25,21,42.00,0.00
20705,6870,10,7,799.00,0.00
20706,6870,28,3,120.00,0.00
20707,6871,34,26,35.00,0.00
20708,6871,4,18,129.00,0.00
20709,6871,32,28,45.00,10.00
20710,6871,25,26,42.00,0.00
20711,6872,4,26,129.00,10.00
20712,6872,8,8,389.00,5.00
20713,6873,18,29,89.00,0.00
20714,6873,2,23,899.00,5.00
20715,6873,31,13,15.00,0.00
20716,6874,20,20,159.00,5.00
20717,6875,3,21,249.00,0.00
20718,6875,29,18,32.00,0.00
20719,6875,14,19,549.00,10.00
20720,6875,27,2,18.00,10.00
20721,6875,20,28,159.00,10.00
20722,6876,31,24,15.00,0.00
20723,6876,19,17,69.00,0.00
20724,6876,25,12,42.00,5.00
20725,6877,22,13,75.00,0.00
20726,6877,35,6,79.00,10.00
20727,6878,10,6,799.00,0.00
20728,6878,28,23,120.00,0.00
20729,6878,31,4,15.00,10.00
20730,6878,10,19,799.00,0.00
20731,6879,4,25,129.00,10.00
20732,6879,20,10,159.00,0.00
20733,6880,28,13,120.00,5.00
20734,6880,16,30,45.00,5.00
20735,6880,7,2,549.00,5.00
20736,6880,17,5,189.00,0.00
20737,6880,10,8,799.00,0.00
20738,6881,13,6,649.00,5.00
20739,6881,15,21,379.00,0.00
20740,6881,22,21,75.00,0.00
20741,6881,27,3,18.00,0.00
20742,6881,31,22,15.00,10.00
20743,6882,11,25,899.00,0.00
20744,6882,28,6,120.00,0.00
20745,6883,19,19,69.00,0.00
20746,6883,18,6,89.00,0.00
20747,6884,27,3,18.00,0.00
20748,6884,12,12,459.00,10.00
20749,6884,6,6,699.00,0.00
20750,6885,17,18,189.00,0.00
20751,6885,32,28,45.00,10.00
20752,6886,3,26,249.00,10.00
20753,6886,8,9,389.00,5.00
20754,6886,27,18,18.00,5.00
20755,6886,28,25,120.00,5.00
20756,6886,14,20,549.00,0.00
20757,6887,35,27,79.00,0.00
20758,6887,28,13,120.00,5.00
20759,6888,15,27,379.00,0.00
20760,6888,6,12,699.00,0.00
20761,6889,2,9,899.00,0.00
20762,6889,13,5,649.00,0.00
20763,6889,20,2,159.00,0.00
20764,6889,13,11,649.00,0.00
20765,6890,31,13,15.00,0.00
20766,6891,2,3,899.00,0.00
20767,6891,5,27,349.00,10.00
20768,6891,2,14,899.00,0.00
20769,6891,2,2,899.00,0.00
20770,6892,24,3,95.00,0.00
20771,6892,17,11,189.00,0.00
20772,6892,29,29,32.00,0.00
20773,6893,20,26,159.00,0.00
20774,6893,7,10,549.00,0.00
20775,6894,26,16,12.00,0.00
20776,6895,35,3,79.00,0.00
20777,6895,11,27,899.00,5.00
20778,6895,15,6,379.00,5.00
20779,6895,25,17,42.00,5.00
20780,6895,17,14,189.00,10.00
20781,6896,31,21,15.00,5.00
20782,6896,29,24,32.00,0.00
20783,6896,2,24,899.00,5.00
20784,6897,15,24,379.00,5.00
20785,6897,9,2,149.00,0.00
20786,6897,24,21,95.00,0.00
20787,6898,23,29,22.00,10.00
20788,6899,15,20,379.00,0.00
20789,6899,12,14,459.00,0.00
20790,6899,5,22,349.00,0.00
20791,6899,9,11,149.00,10.00
20792,6900,24,14,95.00,0.00
20793,6900,31,17,15.00,0.00
20794,6901,11,15,899.00,0.00
20795,6901,25,7,42.00,0.00
20796,6901,22,28,75.00,5.00
20797,6901,4,6,129.00,5.00
20798,6902,11,14,899.00,0.00
20799,6902,17,10,189.00,0.00
20800,6903,21,5,58.00,0.00
20801,6903,20,25,159.00,0.00
20802,6903,12,19,459.00,0.00
20803,6903,24,1,95.00,0.00
20804,6903,13,16,649.00,0.00
20805,6904,30,8,27.00,5.00
20806,6904,33,14,65.00,0.00
20807,6904,23,30,22.00,0.00
20808,6904,11,10,899.00,5.00
20809,6904,9,11,149.00,0.00
20810,6905,29,1,32.00,5.00
20811,6905,15,29,379.00,0.00
20812,6906,23,4,22.00,5.00
20813,6907,7,17,549.00,0.00
20814,6907,10,24,799.00,0.00
20815,6907,5,10,349.00,0.00
20816,6907,1,17,499.00,5.00
20817,6907,30,3,27.00,10.00
20818,6908,31,10,15.00,10.00
20819,6908,26,27,12.00,0.00
20820,6909,18,28,89.00,0.00
20821,6909,18,13,89.00,5.00
20822,6909,29,7,32.00,5.00
20823,6909,26,19,12.00,10.00
20824,6909,29,6,32.00,0.00
20825,6910,25,17,42.00,5.00
20826,6910,22,5,75.00,10.00
20827,6910,1,13,499.00,10.00
20828,6910,21,3,58.00,5.00
20829,6910,29,7,32.00,5.00
20830,6911,2,30,899.00,5.00
20831,6912,4,30,129.00,5.00
20832,6912,16,5,45.00,0.00
20833,6912,27,15,18.00,0.00
20834,6912,5,11,349.00,0.00
20835,6912,20,25,159.00,0.00
20836,6913,5,20,349.00,10.00
20837,6913,18,25,89.00,5.00
20838,6913,26,22,12.00,0.00
20839,6913,25,11,42.00,5.00
20840,6914,27,21,18.00,0.00
20841,6914,20,16,159.00,10.00
20842,6914,19,5,69.00,0.00
20843,6914,30,14,27.00,5.00
20844,6915,29,20,32.00,10.00
20845,6915,13,5,649.00,5.00
20846,6915,11,8,899.00,0.00
20847,6916,22,12,75.00,0.00
20848,6916,10,2,799.00,0.00
20849,6916,12,6,459.00,10.00
20850,6916,9,8,149.00,5.00
20851,6916,10,16,799.00,10.00
20852,6917,15,24,379.00,5.00
20853,6917,25,22,42.00,0.00
20854,6917,31,6,15.00,0.00
20855,6918,3,29,249.00,0.00
20856,6918,32,27,45.00,5.00
20857,6918,20,28,159.00,10.00
20858,6919,28,27,120.00,0.00
20859,6920,29,25,32.00,5.00
20860,6920,35,25,79.00,0.00
20861,6920,35,22,79.00,5.00
20862,6920,1,7,499.00,0.00
20863,6921,19,17,69.00,0.00
20864,6922,33,22,65.00,5.00
20865,6922,28,16,120.00,0.00
20866,6922,19,1,69.00,0.00
20867,6922,14,14,549.00,0.00
20868,6922,9,28,149.00,5.00
20869,6923,29,13,32.00,5.00
20870,6923,3,9,249.00,0.00
20871,6923,24,15,95.00,0.00
20872,6924,19,30,69.00,0.00
20873,6924,2,2,899.00,0.00
20874,6924,10,2,799.00,0.00
20875,6924,18,28,89.00,0.00
20876,6924,23,30,22.00,10.00
20877,6925,30,3,27.00,10.00
20878,6925,7,9,549.00,10.00
20879,6926,24,1,95.00,10.00
20880,6926,35,29,79.00,5.00
20881,6926,34,16,35.00,5.00
20882,6927,33,9,65.00,0.00
20883,6928,1,20,499.00,0.00
20884,6929,17,29,189.00,0.00
20885,6929,22,6,75.00,0.00
20886,6929,7,16,549.00,0.00
20887,6929,20,22,159.00,10.00
20888,6930,9,18,149.00,0.00
20889,6930,26,12,12.00,5.00
20890,6931,16,25,45.00,10.00
20891,6931,23,23,22.00,10.00
20892,6931,32,29,45.00,0.00
20893,6931,24,3,95.00,0.00
20894,6932,19,18,69.00,0.00
20895,6932,31,13,15.00,0.00
20896,6932,35,19,79.00,0.00
20897,6932,27,13,18.00,10.00
20898,6933,2,9,899.00,0.00
20899,6933,13,2,649.00,0.00
20900,6933,20,12,159.00,0.00
20901,6933,2,15,899.00,0.00
20902,6933,12,16,459.00,5.00
20903,6934,8,6,389.00,0.00
20904,6934,2,8,899.00,0.00
20905,6934,31,29,15.00,0.00
20906,6934,23,27,22.00,0.00
20907,6935,28,13,120.00,10.00
20908,6935,27,9,18.00,0.00
20909,6935,15,8,379.00,10.00
20910,6936,20,29,159.00,0.00
20911,6936,11,15,899.00,0.00
20912,6936,2,22,899.00,0.00
20913,6936,12,6,459.00,10.00
20914,6937,11,16,899.00,5.00
20915,6937,21,4,58.00,5.00
20916,6937,12,14,459.00,0.00
20917,6937,11,17,899.00,5.00
20918,6937,3,4,249.00,0.00
20919,6938,23,2,22.00,0.00
20920,6938,1,11,499.00,5.00
20921,6938,20,18,159.00,0.00
20922,6938,33,19,65.00,0.00
20923,6939,7,2,549.00,5.00
20924,6939,20,18,159.00,0.00
20925,6939,15,11,379.00,0.00
20926,6939,28,6,120.00,0.00
20927,6940,19,15,69.00,10.00
20928,6940,34,5,35.00,5.00
20929,6941,11,14,899.00,0.00
20930,6941,17,8,189.00,10.00
20931,6942,23,22,22.00,5.00
20932,6942,3,12,249.00,5.00
20933,6942,15,27,379.00,0.00
20934,6943,24,27,95.00,0.00
20935,6943,10,9,799.00,0.00
20936,6943,28,12,120.00,0.00
20937,6944,24,16,95.00,0.00
20938,6944,6,4,699.00,0.00
20939,6945,1,27,499.00,0.00
20940,6945,11,12,899.00,10.00
20941,6945,16,15,45.00,0.00
20942,6946,33,15,65.00,0.00
20943,6946,12,2,459.00,0.00
20944,6946,34,4,35.00,5.00
20945,6947,12,20,459.00,0.00
20946,6947,30,5,27.00,0.00
20947,6947,19,1,69.00,0.00
20948,6947,22,14,75.00,0.00
20949,6947,27,18,18.00,0.00
20950,6948,28,21,120.00,0.00
20951,6948,4,13,129.00,10.00
20952,6948,27,13,18.00,10.00
20953,6949,12,6,459.00,0.00
20954,6949,17,9,189.00,0.00
20955,6949,15,28,379.00,0.00
20956,6949,6,20,699.00,5.00
20957,6949,21,27,58.00,5.00
20958,6950,32,16,45.00,5.00
20959,6950,17,1,189.00,5.00
20960,6950,11,16,899.00,5.00
20961,6950,18,23,89.00,0.00
20962,6951,34,7,35.00,0.00
20963,6951,34,16,35.00,5.00
20964,6952,34,28,35.00,5.00
20965,6952,16,10,45.00,0.00
20966,6953,2,1,899.00,10.00
20967,6954,27,16,18.00,0.00
20968,6954,10,9,799.00,0.00
20969,6954,5,26,349.00,10.00
20970,6954,26,5,12.00,0.00
20971,6955,28,28,120.00,0.00
20972,6955,20,2,159.00,0.00
20973,6956,4,30,129.00,5.00
20974,6956,9,8,149.00,0.00
20975,6956,6,3,699.00,10.00
20976,6957,3,19,249.00,5.00
20977,6957,4,5,129.00,0.00
20978,6957,19,14,69.00,5.00
20979,6957,7,24,549.00,0.00
20980,6957,15,30,379.00,5.00
20981,6958,33,4,65.00,10.00
20982,6959,16,3,45.00,0.00
20983,6959,12,10,459.00,5.00
20984,6960,17,25,189.00,5.00
20985,6961,31,28,15.00,0.00
20986,6962,1,4,499.00,5.00
20987,6962,27,28,18.00,0.00
20988,6962,22,8,75.00,0.00
20989,6962,8,27,389.00,5.00
20990,6963,8,27,389.00,10.00
20991,6964,17,26,189.00,5.00
20992,6964,8,25,389.00,0.00
20993,6964,3,27,249.00,0.00
20994,6964,1,22,499.00,0.00
20995,6964,12,6,459.00,10.00
20996,6965,15,8,379.00,10.00
20997,6965,33,25,65.00,0.00
20998,6965,13,20,649.00,0.00
20999,6965,32,1,45.00,0.00
21000,6965,33,13,65.00,0.00
21001,6966,28,22,120.00,0.00
21002,6966,28,11,120.00,0.00
21003,6966,12,7,459.00,0.00
21004,6966,33,10,65.00,10.00
21005,6967,9,26,149.00,0.00
21006,6968,7,5,549.00,0.00
21007,6968,35,1,79.00,0.00
21008,6968,26,7,12.00,10.00
21009,6968,15,22,379.00,0.00
21010,6968,2,16,899.00,0.00
21011,6969,16,18,45.00,0.00
21012,6969,30,22,27.00,0.00
21013,6969,31,12,15.00,0.00
21014,6970,4,15,129.00,0.00
21015,6970,27,20,18.00,0.00
21016,6971,19,25,69.00,0.00
21017,6971,27,13,18.00,10.00
21018,6971,9,16,149.00,5.00
21019,6971,15,21,379.00,0.00
21020,6972,25,10,42.00,0.00
21021,6972,8,24,389.00,0.00
21022,6972,30,16,27.00,0.00
21023,6972,25,12,42.00,5.00
21024,6973,7,25,549.00,0.00
21025,6973,10,20,799.00,0.00
21026,6974,10,15,799.00,5.00
21027,6974,23,12,22.00,10.00
21028,6974,26,23,12.00,0.00
21029,6974,17,24,189.00,0.00
21030,6974,33,9,65.00,5.00
21031,6975,35,20,79.00,0.00
21032,6976,32,26,45.00,0.00
21033,6976,1,19,499.00,0.00
21034,6977,19,7,69.00,0.00
21035,6977,24,2,95.00,0.00
21036,6977,18,3,89.00,10.00
21037,6977,19,22,69.00,0.00
21038,6977,4,11,129.00,0.00
21039,6978,12,21,459.00,0.00
21040,6978,6,16,699.00,0.00
21041,6979,22,25,75.00,0.00
21042,6979,34,28,35.00,5.00
21043,6979,22,4,75.00,5.00
21044,6980,3,16,249.00,0.00
21045,6980,16,30,45.00,5.00
21046,6981,13,26,649.00,0.00
21047,6981,5,9,349.00,0.00
21048,6981,10,8,799.00,0.00
21049,6981,23,22,22.00,5.00
21050,6981,19,13,69.00,0.00
21051,6982,29,18,32.00,0.00
21052,6982,20,13,159.00,0.00
21053,6982,33,9,65.00,5.00
21054,6983,6,12,699.00,0.00
21055,6983,1,26,499.00,0.00
21056,6983,5,7,349.00,5.00
21057,6984,10,20,799.00,0.00
21058,6984,17,27,189.00,10.00
21059,6985,6,13,699.00,5.00
21060,6985,32,18,45.00,0.00
21061,6985,23,13,22.00,0.00
21062,6986,17,10,189.00,0.00
21063,6987,1,21,499.00,0.00
21064,6988,29,8,32.00,5.00
21065,6988,6,13,699.00,5.00
21066,6988,8,28,389.00,10.00
21067,6988,3,16,249.00,0.00
21068,6988,32,19,45.00,0.00
21069,6989,4,11,129.00,0.00
21070,6990,34,19,35.00,0.00
21071,6990,18,20,89.00,10.00
21072,6991,28,3,120.00,0.00
21073,6991,32,14,45.00,0.00
21074,6991,6,11,699.00,0.00
21075,6991,2,16,899.00,0.00
21076,6992,26,13,12.00,10.00
21077,6992,8,12,389.00,0.00
21078,6992,8,10,389.00,10.00
21079,6992,16,17,45.00,0.00
21080,6993,23,9,22.00,0.00
21081,6993,17,1,189.00,0.00
21082,6993,32,23,45.00,0.00
21083,6993,5,14,349.00,5.00
21084,6994,21,9,58.00,5.00
21085,6995,5,30,349.00,0.00
21086,6995,29,12,32.00,0.00
21087,6996,28,8,120.00,10.00
21088,6996,35,3,79.00,0.00
21089,6996,34,16,35.00,5.00
21090,6996,22,7,75.00,0.00
21091,6996,13,5,649.00,5.00
21092,6997,22,10,75.00,5.00
21093,6997,19,18,69.00,0.00
21094,6997,26,24,12.00,5.00
21095,6997,4,14,129.00,10.00
21096,6998,11,3,899.00,0.00
21097,6998,18,26,89.00,5.00
21098,6998,11,5,899.00,10.00
21099,6999,14,26,549.00,0.00
21100,6999,27,18,18.00,5.00
21101,7000,3,18,249.00,5.00
21102,7000,33,12,65.00,0.00
21103,7001,1,8,499.00,0.00
21104,7001,28,29,120.00,0.00
21105,7002,7,15,549.00,5.00
21106,7002,14,21,549.00,0.00
21107,7002,14,1,549.00,10.00
21108,7002,31,12,15.00,0.00
21109,7002,12,25,459.00,10.00
21110,7003,23,16,22.00,5.00
21111,7003,26,20,12.00,0.00
21112,7003,19,11,69.00,0.00
21113,7003,1,14,499.00,0.00
21114,7003,15,19,379.00,10.00
21115,7004,18,21,89.00,10.00
21116,7004,19,29,69.00,0.00
21117,7004,30,26,27.00,5.00
21118,7004,1,26,499.00,0.00
21119,7004,31,16,15.00,10.00
21120,7005,23,15,22.00,0.00
21121,7005,13,4,649.00,0.00
21122,7006,12,19,459.00,0.00
21123,7006,18,8,89.00,10.00
21124,7007,25,18,42.00,10.00
21125,7007,14,13,549.00,10.00
21126,7008,23,10,22.00,5.00
21127,7008,10,12,799.00,0.00
21128,7009,19,20,69.00,5.00
21129,7009,29,25,32.00,5.00
21130,7009,33,18,65.00,0.00
21131,7009,7,10,549.00,0.00
21132,7009,18,5,89.00,0.00
21133,7010,12,6,459.00,10.00
21134,7011,16,18,45.00,0.00
21135,7011,2,17,899.00,5.00
21136,7011,22,5,75.00,10.00
21137,7012,14,25,549.00,10.00
21138,7012,10,16,799.00,5.00
21139,7012,6,17,699.00,0.00
21140,7012,24,17,95.00,5.00
21141,7013,9,11,149.00,0.00
21142,7013,11,10,899.00,5.00
21143,7014,9,18,149.00,0.00
21144,7014,1,19,499.00,0.00
21145,7014,7,29,549.00,0.00
21146,7014,35,14,79.00,0.00
21147,7014,3,14,249.00,0.00
21148,7015,20,19,159.00,0.00
21149,7016,8,26,389.00,0.00
21150,7016,6,6,699.00,0.00
21151,7016,20,15,159.00,10.00
21152,7017,10,26,799.00,0.00
21153,7017,15,28,379.00,0.00
21154,7017,33,20,65.00,0.00
21155,7018,23,16,22.00,5.00
21156,7018,19,24,69.00,0.00
21157,7019,22,13,75.00,0.00
21158,7019,28,10,120.00,0.00
21159,7020,2,30,899.00,10.00
21160,7021,28,30,120.00,0.00
21161,7022,34,20,35.00,0.00
21162,7022,10,29,799.00,10.00
21163,7022,5,20,349.00,5.00
21164,7022,3,30,249.00,5.00
21165,7023,21,19,58.00,0.00
21166,7023,32,14,45.00,0.00
21167,7023,12,3,459.00,0.00
21168,7024,16,16,45.00,0.00
21169,7024,29,9,32.00,10.00
21170,7024,29,10,32.00,0.00
21171,7025,29,29,32.00,0.00
21172,7026,24,19,95.00,0.00
21173,7026,8,3,389.00,5.00
21174,7027,16,13,45.00,5.00
21175,7027,19,11,69.00,0.00
21176,7028,28,18,120.00,0.00
21177,7029,33,1,65.00,0.00
21178,7029,28,25,120.00,5.00
21179,7029,15,23,379.00,0.00
21180,7029,13,8,649.00,0.00
21181,7029,1,19,499.00,0.00
21182,7030,5,1,349.00,5.00
21183,7030,22,25,75.00,0.00
21184,7031,9,6,149.00,0.00
21185,7031,10,27,799.00,0.00
21186,7032,17,13,189.00,5.00
21187,7032,35,2,79.00,0.00
21188,7032,29,17,32.00,0.00
21189,7032,32,18,45.00,0.00
21190,7032,4,30,129.00,5.00
21191,7033,17,17,189.00,0.00
21192,7033,30,11,27.00,0.00
21193,7033,3,20,249.00,0.00
21194,7033,10,9,799.00,0.00
21195,7033,32,26,45.00,0.00
21196,7034,32,22,45.00,5.00
21197,7034,30,26,27.00,5.00
21198,7034,32,13,45.00,0.00
21199,7034,22,29,75.00,10.00
21200,7035,23,17,22.00,10.00
21201,7035,31,19,15.00,0.00
21202,7035,22,16,75.00,10.00
21203,7036,12,17,459.00,5.00
21204,7036,7,17,549.00,0.00
21205,7036,24,16,95.00,0.00
21206,7036,13,2,649.00,0.00
21207,7037,5,22,349.00,0.00
21208,7037,20,10,159.00,0.00
21209,7037,2,8,899.00,0.00
21210,7037,18,11,89.00,0.00
21211,7038,2,7,899.00,0.00
21212,7038,14,25,549.00,0.00
21213,7039,28,24,120.00,0.00
21214,7039,5,7,349.00,5.00
21215,7040,16,18,45.00,5.00
21216,7040,17,14,189.00,5.00
21217,7040,18,7,89.00,0.00
21218,7040,12,26,459.00,0.00
21219,7040,28,4,120.00,0.00
21220,7041,29,27,32.00,10.00
21221,7042,3,1,249.00,10.00
21222,7042,15,11,379.00,0.00
21223,7042,21,12,58.00,0.00
21224,7042,28,10,120.00,0.00
21225,7043,24,18,95.00,10.00
21226,7043,29,9,32.00,10.00
21227,7043,1,6,499.00,10.00
21228,7043,26,1,12.00,10.00
21229,7043,25,21,42.00,0.00
21230,7044,2,18,899.00,5.00
21231,7044,27,21,18.00,0.00
21232,7044,21,18,58.00,0.00
21233,7045,5,14,349.00,10.00
21234,7045,1,16,499.00,0.00
21235,7045,23,28,22.00,5.00
21236,7045,22,3,75.00,0.00
21237,7046,25,25,42.00,10.00
21238,7046,16,8,45.00,10.00
21239,7046,8,1,389.00,0.00
21240,7046,22,15,75.00,0.00
21241,7046,9,17,149.00,0.00
21242,7047,19,25,69.00,0.00
21243,7047,33,8,65.00,0.00
21244,7047,24,27,95.00,0.00
21245,7047,24,29,95.00,5.00
21246,7048,35,30,79.00,0.00
21247,7048,11,12,899.00,10.00
21248,7049,33,28,65.00,5.00
21249,7049,3,2,249.00,0.00
21250,7049,2,4,899.00,0.00
21251,7050,28,1,120.00,5.00
21252,7050,27,15,18.00,0.00
21253,7051,33,6,65.00,0.00
21254,7052,25,16,42.00,0.00
21255,7052,21,19,58.00,0.00
21256,7053,10,24,799.00,0.00
21257,7054,11,12,899.00,0.00
21258,7055,19,8,69.00,5.00
21259,7056,6,26,699.00,5.00
21260,7056,30,5,27.00,0.00
21261,7056,32,22,45.00,10.00
21262,7056,35,15,79.00,0.00
21263,7057,22,27,75.00,5.00
21264,7057,24,11,95.00,5.00
21265,7057,15,30,379.00,5.00
21266,7057,12,22,459.00,0.00
21267,7058,9,27,149.00,5.00
21268,7058,22,6,75.00,10.00
21269,7058,13,26,649.00,0.00
21270,7059,19,30,69.00,0.00
21271,7059,15,7,379.00,10.00
21272,7059,21,13,58.00,0.00
21273,7060,11,13,899.00,0.00
21274,7060,21,14,58.00,0.00
21275,7060,1,20,499.00,0.00
21276,7060,14,3,549.00,0.00
21277,7061,15,15,379.00,0.00
21278,7062,20,24,159.00,0.00
21279,7062,8,3,389.00,10.00
21280,7062,27,12,18.00,0.00
21281,7062,29,10,32.00,0.00
21282,7063,24,10,95.00,5.00
21283,7063,11,15,899.00,0.00
21284,7064,2,29,899.00,5.00
21285,7064,13,27,649.00,0.00
21286,7064,34,26,35.00,0.00
21287,7065,30,11,27.00,0.00
21288,7065,27,10,18.00,0.00
21289,7065,22,3,75.00,0.00
21290,7065,25,21,42.00,0.00
21291,7065,34,19,35.00,0.00
21292,7066,1,7,499.00,0.00
21293,7066,31,1,15.00,0.00
21294,7066,6,16,699.00,0.00
21295,7067,24,16,95.00,5.00
21296,7067,17,14,189.00,10.00
21297,7067,6,2,699.00,5.00
21298,7067,24,4,95.00,5.00
21299,7068,19,11,69.00,0.00
21300,7069,19,5,69.00,0.00
21301,7070,25,25,42.00,0.00
21302,7070,20,25,159.00,0.00
21303,7070,20,18,159.00,0.00
21304,7070,8,16,389.00,10.00
21305,7070,9,11,149.00,0.00
21306,7071,11,5,899.00,10.00
21307,7071,29,15,32.00,10.00
21308,7071,13,30,649.00,5.00
21309,7071,28,22,120.00,0.00
21310,7072,22,25,75.00,0.00
21311,7072,13,12,649.00,5.00
21312,7072,30,25,27.00,5.00
21313,7073,2,9,899.00,0.00
21314,7073,30,5,27.00,0.00
21315,7073,22,14,75.00,0.00
21316,7073,21,23,58.00,0.00
21317,7073,4,7,129.00,10.00
21318,7074,5,6,349.00,5.00
21319,7074,21,1,58.00,0.00
21320,7074,28,27,120.00,10.00
21321,7075,16,6,45.00,5.00
21322,7075,21,2,58.00,0.00
21323,7075,14,13,549.00,10.00
21324,7075,13,1,649.00,0.00
21325,7076,18,19,89.00,5.00
21326,7076,9,10,149.00,10.00
21327,7076,16,18,45.00,0.00
21328,7076,33,4,65.00,5.00
21329,7076,16,27,45.00,0.00
21330,7077,6,19,699.00,5.00
21331,7077,12,21,459.00,0.00
21332,7077,13,11,649.00,5.00
21333,7077,4,18,129.00,5.00
21334,7078,7,5,549.00,0.00
21335,7078,12,7,459.00,0.00
21336,7078,22,28,75.00,5.00
21337,7079,7,19,549.00,0.00
21338,7079,1,12,499.00,10.00
21339,7079,10,21,799.00,0.00
21340,7080,29,15,32.00,10.00
21341,7080,9,12,149.00,0.00
21342,7080,24,29,95.00,5.00
21343,7081,35,28,79.00,0.00
21344,7081,9,14,149.00,0.00
21345,7082,13,14,649.00,0.00
21346,7082,26,29,12.00,0.00
21347,7082,33,30,65.00,0.00
21348,7083,3,17,249.00,0.00
21349,7083,7,7,549.00,0.00
21350,7084,10,21,799.00,0.00
21351,7084,17,26,189.00,10.00
21352,7084,33,27,65.00,5.00
21353,7084,24,13,95.00,10.00
21354,7084,28,26,120.00,0.00
21355,7085,19,6,69.00,0.00
21356,7086,33,24,65.00,0.00
21357,7086,26,30,12.00,5.00
21358,7087,13,17,649.00,5.00
21359,7088,9,5,149.00,0.00
21360,7088,5,10,349.00,0.00
21361,7088,24,30,95.00,10.00
21362,7088,14,11,549.00,5.00
21363,7088,8,4,389.00,10.00
21364,7089,12,15,459.00,0.00
21365,7089,35,14,79.00,0.00
21366,7089,9,9,149.00,5.00
21367,7089,15,5,379.00,0.00
21368,7090,13,20,649.00,0.00
21369,7091,32,30,45.00,0.00
21370,7091,14,3,549.00,0.00
21371,7091,5,25,349.00,5.00
21372,7091,7,21,549.00,10.00
21373,7091,23,12,22.00,10.00
21374,7092,16,29,45.00,0.00
21375,7092,8,27,389.00,5.00
21376,7092,3,4,249.00,0.00
21377,7092,11,17,899.00,10.00
21378,7093,23,11,22.00,10.00
21379,7093,6,9,699.00,10.00
21380,7094,8,24,389.00,0.00
21381,7095,19,21,69.00,10.00
21382,7095,17,18,189.00,0.00
21383,7095,22,21,75.00,0.00
21384,7095,21,13,58.00,0.00
21385,7096,23,28,22.00,5.00
21386,7096,35,22,79.00,0.00
21387,7096,21,11,58.00,10.00
21388,7097,12,27,459.00,0.00
21389,7097,14,20,549.00,0.00
21390,7097,21,18,58.00,0.00
21391,7097,16,13,45.00,10.00
21392,7098,16,10,45.00,0.00
21393,7098,17,15,189.00,10.00
21394,7098,15,6,379.00,5.00
21395,7098,3,4,249.00,0.00
21396,7099,18,7,89.00,5.00
21397,7099,24,12,95.00,10.00
21398,7099,3,25,249.00,10.00
21399,7100,14,27,549.00,0.00
21400,7100,10,26,799.00,0.00
21401,7100,10,11,799.00,10.00
21402,7100,6,7,699.00,5.00
21403,7101,3,21,249.00,0.00
21404,7101,31,26,15.00,0.00
21405,7102,23,24,22.00,0.00
21406,7102,27,22,18.00,0.00
21407,7102,14,2,549.00,0.00
21408,7103,22,15,75.00,5.00
21409,7103,21,4,58.00,10.00
21410,7103,31,26,15.00,0.00
21411,7104,32,3,45.00,5.00
21412,7105,6,19,699.00,0.00
21413,7105,30,18,27.00,0.00
21414,7105,6,21,699.00,10.00
21415,7105,30,10,27.00,10.00
21416,7106,16,13,45.00,5.00
21417,7106,22,24,75.00,0.00
21418,7106,3,2,249.00,0.00
21419,7106,6,17,699.00,0.00
21420,7106,34,27,35.00,0.00
21421,7107,6,18,699.00,0.00
21422,7107,34,6,35.00,0.00
21423,7107,26,13,12.00,10.00
21424,7107,16,11,45.00,0.00
21425,7108,15,28,379.00,0.00
21426,7109,22,23,75.00,10.00
21427,7110,20,26,159.00,0.00
21428,7110,14,7,549.00,10.00
21429,7110,35,4,79.00,5.00
21430,7110,32,18,45.00,0.00
21431,7111,17,7,189.00,5.00
21432,7111,20,26,159.00,5.00
21433,7112,29,8,32.00,5.00
21434,7112,2,30,899.00,5.00
21435,7113,11,11,899.00,10.00
21436,7114,12,10,459.00,5.00
21437,7114,6,27,699.00,10.00
21438,7114,12,19,459.00,0.00
21439,7115,18,6,89.00,0.00
21440,7115,29,20,32.00,10.00
21441,7115,10,26,799.00,0.00
21442,7116,17,30,189.00,0.00
21443,7116,22,18,75.00,0.00
21444,7116,16,3,45.00,0.00
21445,7116,13,13,649.00,10.00
21446,7117,3,29,249.00,0.00
21447,7117,34,1,35.00,0.00
21448,7117,17,14,189.00,10.00
21449,7117,27,10,18.00,0.00
21450,7117,23,7,22.00,0.00
21451,7118,29,24,32.00,0.00
21452,7118,26,15,12.00,0.00
21453,7118,13,10,649.00,0.00
21454,7118,31,20,15.00,5.00
21455,7119,23,27,22.00,0.00
21456,7119,25,4,42.00,0.00
21457,7119,1,20,499.00,0.00
21458,7119,1,16,499.00,0.00
21459,7120,24,11,95.00,5.00
21460,7120,26,10,12.00,0.00
21461,7120,3,4,249.00,0.00
21462,7120,14,29,549.00,0.00
21463,7121,7,20,549.00,5.00
21464,7121,12,20,459.00,0.00
21465,7121,8,11,389.00,0.00
21466,7121,32,29,45.00,10.00
21467,7122,8,9,389.00,5.00
21468,7122,5,7,349.00,5.00
21469,7122,25,17,42.00,5.00
21470,7122,15,6,379.00,5.00
21471,7122,4,11,129.00,0.00
21472,7123,19,16,69.00,10.00
21473,7123,6,1,699.00,5.00
21474,7124,18,27,89.00,10.00
21475,7124,6,26,699.00,10.00
21476,7124,19,7,69.00,0.00
21477,7125,21,18,58.00,0.00
21478,7125,23,30,22.00,10.00
21479,7125,29,7,32.00,5.00
21480,7126,4,28,129.00,0.00
21481,7126,31,13,15.00,0.00
21482,7126,26,16,12.00,0.00
21483,7127,33,4,65.00,5.00
21484,7128,8,10,389.00,0.00
21485,7128,6,23,699.00,0.00
21486,7128,3,16,249.00,0.00
21487,7129,17,1,189.00,5.00
21488,7129,2,12,899.00,5.00
21489,7129,22,24,75.00,0.00
21490,7130,18,3,89.00,10.00
21491,7130,16,14,45.00,10.00
21492,7130,31,26,15.00,5.00
21493,7131,34,14,35.00,0.00
21494,7132,17,5,189.00,0.00
21495,7133,32,26,45.00,0.00
21496,7133,3,23,249.00,5.00
21497,7134,20,25,159.00,0.00
21498,7134,35,14,79.00,0.00
21499,7134,2,13,899.00,10.00
21500,7134,14,7,549.00,10.00
21501,7135,13,18,649.00,5.00
21502,7135,8,23,389.00,0.00
21503,7135,2,2,899.00,0.00
21504,7135,12,12,459.00,10.00
21505,7136,14,13,549.00,10.00
21506,7136,15,9,379.00,0.00
21507,7136,33,6,65.00,0.00
21508,7136,12,5,459.00,5.00
21509,7136,32,18,45.00,0.00
21510,7137,10,12,799.00,0.00
21511,7137,15,24,379.00,5.00
21512,7137,27,27,18.00,0.00
21513,7137,16,15,45.00,0.00
21514,7138,32,12,45.00,0.00
21515,7139,19,2,69.00,5.00
21516,7139,23,27,22.00,0.00
21517,7139,31,26,15.00,5.00
21518,7140,7,20,549.00,5.00
21519,7141,26,22,12.00,0.00
21520,7141,2,27,899.00,0.00
21521,7142,8,14,389.00,0.00
21522,7142,14,11,549.00,5.00
21523,7142,34,30,35.00,10.00
21524,7143,18,21,89.00,0.00
21525,7143,1,29,499.00,5.00
21526,7143,29,27,32.00,0.00
21527,7143,15,2,379.00,10.00
21528,7143,20,1,159.00,0.00
21529,7144,33,25,65.00,0.00
21530,7144,24,23,95.00,5.00
21531,7144,1,5,499.00,5.00
21532,7144,29,6,32.00,0.00
21533,7144,22,24,75.00,0.00
21534,7145,9,2,149.00,0.00
21535,7146,23,14,22.00,0.00
21536,7146,29,12,32.00,0.00
21537,7146,11,2,899.00,0.00
21538,7146,26,15,12.00,0.00
21539,7146,23,16,22.00,5.00
21540,7147,20,8,159.00,5.00
21541,7147,15,4,379.00,0.00
21542,7147,24,4,95.00,0.00
21543,7148,23,27,22.00,0.00
21544,7148,6,2,699.00,10.00
21545,7148,30,27,27.00,10.00
21546,7148,18,3,89.00,10.00
21547,7149,21,13,58.00,0.00
21548,7149,11,17,899.00,10.00
21549,7149,22,16,75.00,5.00
21550,7150,14,22,549.00,0.00
21551,7151,18,9,89.00,10.00
21552,7151,20,6,159.00,0.00
21553,7151,28,4,120.00,0.00
21554,7152,30,25,27.00,0.00
21555,7152,11,27,899.00,0.00
21556,7152,2,17,899.00,5.00
21557,7152,18,19,89.00,5.00
21558,7153,19,11,69.00,0.00
21559,7153,5,29,349.00,0.00
21560,7153,29,4,32.00,0.00
21561,7153,15,17,379.00,0.00
21562,7154,32,6,45.00,0.00
21563,7154,26,28,12.00,0.00
21564,7154,6,20,699.00,5.00
21565,7155,22,27,75.00,5.00
21566,7155,15,6,379.00,5.00
21567,7156,1,25,499.00,0.00
21568,7156,28,26,120.00,10.00
21569,7156,28,10,120.00,0.00
21570,7156,5,29,349.00,0.00
21571,7157,18,7,89.00,0.00
21572,7157,34,7,35.00,0.00
21573,7157,15,12,379.00,5.00
21574,7158,14,2,549.00,0.00
21575,7158,1,29,499.00,5.00
21576,7158,34,15,35.00,0.00
21577,7158,10,21,799.00,5.00
21578,7159,16,28,45.00,0.00
21579,7159,13,5,649.00,5.00
21580,7159,26,22,12.00,0.00
21581,7159,32,10,45.00,5.00
21582,7160,15,29,379.00,0.00
21583,7161,23,5,22.00,5.00
21584,7161,10,4,799.00,10.00
21585,7162,30,24,27.00,0.00
21586,7162,15,2,379.00,10.00
21587,7162,25,18,42.00,10.00
21588,7163,24,30,95.00,0.00
21589,7163,2,5,899.00,5.00
21590,7163,29,6,32.00,0.00
21591,7164,30,7,27.00,0.00
21592,7164,11,21,899.00,0.00
21593,7164,15,20,379.00,0.00
21594,7164,10,4,799.00,10.00
21595,7165,18,6,89.00,0.00
21596,7166,17,25,189.00,5.00
21597,7166,9,29,149.00,0.00
21598,7166,15,26,379.00,0.00
21599,7167,27,23,18.00,0.00
21600,7167,10,27,799.00,0.00
21601,7167,30,23,27.00,0.00
21602,7167,23,22,22.00,5.00
21603,7168,27,16,18.00,0.00
21604,7168,16,30,45.00,5.00
21605,7169,6,19,699.00,5.00
21606,7169,15,5,379.00,0.00
21607,7169,32,2,45.00,5.00
21608,7169,31,16,15.00,0.00
21609,7170,28,25,120.00,5.00
21610,7171,35,28,79.00,0.00
21611,7171,3,20,249.00,0.00
21612,7172,30,6,27.00,0.00
21613,7172,32,20,45.00,0.00
21614,7172,32,25,45.00,0.00
21615,7172,14,25,549.00,10.00
21616,7173,20,19,159.00,0.00
21617,7173,20,9,159.00,5.00
21618,7173,28,24,120.00,0.00
21619,7173,20,2,159.00,0.00
21620,7174,20,15,159.00,5.00
21621,7175,11,19,899.00,0.00
21622,7175,10,20,799.00,0.00
21623,7175,4,8,129.00,0.00
21624,7175,12,18,459.00,10.00
21625,7176,14,3,549.00,0.00
21626,7176,31,22,15.00,0.00
21627,7176,34,23,35.00,5.00
21628,7176,27,14,18.00,10.00
21629,7177,2,7,899.00,10.00
21630,7177,12,19,459.00,0.00
21631,7178,27,27,18.00,0.00
21632,7178,7,12,549.00,0.00
21633,7179,12,8,459.00,0.00
21634,7179,24,16,95.00,0.00
21635,7179,4,27,129.00,0.00
21636,7180,7,30,549.00,0.00
21637,7180,33,15,65.00,0.00
21638,7180,19,25,69.00,0.00
21639,7180,13,3,649.00,0.00
21640,7181,34,4,35.00,5.00
21641,7181,7,24,549.00,0.00
21642,7182,17,27,189.00,0.00
21643,7182,25,9,42.00,0.00
21644,7182,29,3,32.00,10.00
21645,7183,8,1,389.00,0.00
21646,7183,4,8,129.00,10.00
21647,7183,23,17,22.00,10.00
21648,7183,34,30,35.00,0.00
21649,7184,35,30,79.00,0.00
21650,7184,5,17,349.00,0.00
21651,7184,19,10,69.00,10.00
21652,7184,29,9,32.00,10.00
21653,7184,33,24,65.00,0.00
21654,7185,21,1,58.00,0.00
21655,7185,5,30,349.00,0.00
21656,7185,30,16,27.00,0.00
21657,7185,26,14,12.00,0.00
21658,7186,34,27,35.00,0.00
21659,7186,21,17,58.00,0.00
21660,7186,25,7,42.00,0.00
21661,7186,17,10,189.00,0.00
21662,7186,18,9,89.00,10.00
21663,7187,8,20,389.00,0.00
21664,7187,26,1,12.00,10.00
21665,7187,13,4,649.00,0.00
21666,7187,11,29,899.00,10.00
21667,7187,15,17,379.00,0.00
21668,7188,7,20,549.00,5.00
21669,7189,15,5,379.00,0.00
21670,7189,7,10,549.00,0.00
21671,7189,20,12,159.00,0.00
21672,7189,17,10,189.00,0.00
21673,7189,6,4,699.00,0.00
21674,7190,22,24,75.00,10.00
21675,7190,23,7,22.00,0.00
21676,7190,10,24,799.00,0.00
21677,7190,10,30,799.00,0.00
21678,7191,21,1,58.00,0.00
21679,7191,24,9,95.00,0.00
21680,7192,33,18,65.00,0.00
21681,7193,4,24,129.00,5.00
21682,7193,7,23,549.00,0.00
21683,7193,2,13,899.00,0.00
21684,7193,27,24,18.00,0.00
21685,7193,20,3,159.00,5.00
21686,7194,11,28,899.00,5.00
21687,7194,19,21,69.00,10.00
21688,7194,14,9,549.00,0.00
21689,7195,19,21,69.00,10.00
21690,7195,3,27,249.00,0.00
21691,7195,20,1,159.00,0.00
21692,7195,2,1,899.00,10.00
21693,7196,22,3,75.00,0.00
21694,7196,18,28,89.00,10.00
21695,7196,9,7,149.00,0.00
21696,7196,15,24,379.00,5.00
21697,7196,12,12,459.00,10.00
21698,7197,15,22,379.00,0.00
21699,7197,32,7,45.00,0.00
21700,7197,9,2,149.00,0.00
21701,7197,19,2,69.00,5.00
21702,7198,31,12,15.00,0.00
21703,7199,5,22,349.00,0.00
21704,7199,24,27,95.00,0.00
21705,7199,22,20,75.00,0.00
21706,7199,11,4,899.00,5.00
21707,7200,28,2,120.00,10.00
21708,7200,14,5,549.00,5.00
21709,7200,30,7,27.00,5.00
21710,7200,13,28,649.00,0.00
21711,7201,31,5,15.00,0.00
21712,7202,23,5,22.00,10.00
21713,7202,24,28,95.00,5.00
21714,7203,5,17,349.00,0.00
21715,7203,23,13,22.00,0.00
21716,7204,19,25,69.00,0.00
21717,7204,13,2,649.00,0.00
21718,7204,32,25,45.00,0.00
21719,7204,27,13,18.00,10.00
21720,7204,3,23,249.00,0.00
21721,7205,35,23,79.00,10.00
21722,7205,29,21,32.00,10.00
21723,7205,18,26,89.00,5.00
21724,7205,28,30,120.00,0.00
21725,7206,6,1,699.00,5.00
21726,7206,35,6,79.00,10.00
21727,7207,21,15,58.00,5.00
21728,7207,28,29,120.00,0.00
21729,7207,3,6,249.00,5.00
21730,7208,11,15,899.00,0.00
21731,7208,29,22,32.00,0.00
21732,7209,32,22,45.00,10.00
21733,7209,11,27,899.00,0.00
21734,7209,19,11,69.00,0.00
21735,7210,12,5,459.00,5.00
21736,7210,35,28,79.00,5.00
21737,7210,11,21,899.00,0.00
21738,7210,20,7,159.00,0.00
21739,7210,12,15,459.00,0.00
21740,7211,8,6,389.00,0.00
21741,7211,33,21,65.00,5.00
21742,7212,8,14,389.00,5.00
21743,7212,7,24,549.00,0.00
21744,7212,21,22,58.00,10.00
21745,7213,23,4,22.00,5.00
21746,7213,10,6,799.00,0.00
21747,7213,23,5,22.00,10.00
21748,7213,31,21,15.00,10.00
21749,7214,8,14,389.00,5.00
21750,7214,23,14,22.00,0.00
21751,7214,8,5,389.00,0.00
21752,7215,33,10,65.00,5.00
21753,7215,33,9,65.00,5.00
21754,7215,7,4,549.00,0.00
21755,7216,25,17,42.00,0.00
21756,7217,6,25,699.00,5.00
21757,7217,25,19,42.00,10.00
21758,7218,20,5,159.00,0.00
21759,7218,9,25,149.00,0.00
21760,7219,17,7,189.00,5.00
21761,7220,23,6,22.00,10.00
21762,7220,9,13,149.00,0.00
21763,7220,3,19,249.00,10.00
21764,7220,10,27,799.00,0.00
21765,7221,19,15,69.00,5.00
21766,7221,18,5,89.00,0.00
21767,7221,1,6,499.00,10.00
21768,7221,34,2,35.00,0.00
21769,7222,21,12,58.00,0.00
21770,7223,28,23,120.00,0.00
21771,7224,32,7,45.00,0.00
21772,7225,16,1,45.00,10.00
21773,7225,3,25,249.00,10.00
21774,7226,18,10,89.00,0.00
21775,7227,11,20,899.00,0.00
21776,7227,2,29,899.00,5.00
21777,7227,26,14,12.00,0.00
21778,7227,12,6,459.00,0.00
21779,7227,16,7,45.00,5.00
21780,7228,5,22,349.00,0.00
21781,7228,25,29,42.00,5.00
21782,7229,13,17,649.00,5.00
21783,7229,4,7,129.00,5.00
21784,7229,8,23,389.00,0.00
21785,7229,20,10,159.00,10.00
21786,7230,34,25,35.00,0.00
21787,7230,2,10,899.00,0.00
21788,7231,10,19,799.00,0.00
21789,7231,20,29,159.00,0.00
21790,7231,22,25,75.00,0.00
21791,7231,24,22,95.00,0.00
21792,7231,12,6,459.00,10.00
21793,7232,19,7,69.00,0.00
21794,7232,26,7,12.00,10.00
21795,7232,31,18,15.00,0.00
21796,7232,2,3,899.00,0.00
21797,7232,13,27,649.00,0.00
21798,7233,15,19,379.00,10.00
21799,7234,13,6,649.00,10.00
21800,7234,1,9,499.00,0.00
21801,7234,31,10,15.00,0.00
21802,7235,15,12,379.00,5.00
21803,7235,17,4,189.00,0.00
21804,7235,33,25,65.00,0.00
21805,7235,33,27,65.00,5.00
21806,7235,20,27,159.00,5.00
21807,7236,11,9,899.00,0.00
21808,7236,28,10,120.00,0.00
21809,7236,13,1,649.00,10.00
21810,7236,33,21,65.00,5.00
21811,7237,22,4,75.00,5.00
21812,7238,14,12,549.00,5.00
21813,7238,19,14,69.00,5.00
21814,7238,30,8,27.00,5.00
21815,7239,22,9,75.00,0.00
21816,7239,35,7,79.00,0.00
21817,7239,29,26,32.00,5.00
21818,7239,9,30,149.00,0.00
21819,7239,26,6,12.00,10.00
21820,7240,32,11,45.00,0.00
21821,7240,11,10,899.00,5.00
21822,7241,20,29,159.00,0.00
21823,7241,20,18,159.00,0.00
21824,7241,17,21,189.00,10.00
21825,7241,17,21,189.00,10.00
21826,7241,25,22,42.00,0.00
21827,7242,13,21,649.00,0.00
21828,7243,2,27,899.00,0.00
21829,7243,21,7,58.00,0.00
21830,7243,22,10,75.00,10.00
21831,7244,20,29,159.00,0.00
21832,7244,17,7,189.00,5.00
21833,7244,22,5,75.00,10.00
21834,7244,29,18,32.00,0.00
21835,7245,12,7,459.00,0.00
21836,7245,18,15,89.00,10.00
21837,7245,29,17,32.00,0.00
21838,7245,2,5,899.00,5.00
21839,7245,29,3,32.00,10.00
21840,7246,16,15,45.00,0.00
21841,7246,24,11,95.00,5.00
21842,7246,12,20,459.00,0.00
21843,7247,5,12,349.00,0.00
21844,7247,20,6,159.00,0.00
21845,7247,22,10,75.00,10.00
21846,7247,2,26,899.00,0.00
21847,7248,33,14,65.00,0.00
21848,7248,35,16,79.00,5.00
21849,7248,25,17,42.00,5.00
21850,7248,17,16,189.00,0.00
21851,7249,24,16,95.00,0.00
21852,7249,7,8,549.00,5.00
21853,7249,1,25,499.00,0.00
21854,7250,10,9,799.00,0.00
21855,7251,27,15,18.00,0.00
21856,7252,12,9,459.00,0.00
21857,7252,16,25,45.00,5.00
21858,7252,9,1,149.00,0.00
21859,7252,16,12,45.00,0.00
21860,7253,27,15,18.00,0.00
21861,7254,14,28,549.00,0.00
21862,7254,3,10,249.00,0.00
21863,7255,21,9,58.00,0.00
21864,7255,35,8,79.00,0.00
21865,7256,24,25,95.00,0.00
21866,7256,28,25,120.00,5.00
21867,7256,11,6,899.00,0.00
21868,7257,25,28,42.00,0.00
21869,7257,5,29,349.00,0.00
21870,7257,22,6,75.00,0.00
21871,7258,13,4,649.00,0.00
21872,7258,31,2,15.00,5.00
21873,7258,34,29,35.00,10.00
21874,7259,9,1,149.00,0.00
21875,7259,5,10,349.00,0.00
21876,7260,11,19,899.00,0.00
21877,7260,2,20,899.00,0.00
21878,7260,33,5,65.00,10.00
21879,7260,11,19,899.00,0.00
21880,7260,35,14,79.00,0.00
21881,7261,23,2,22.00,0.00
21882,7262,15,17,379.00,0.00
21883,7262,34,8,35.00,0.00
21884,7262,5,16,349.00,0.00
21885,7262,23,15,22.00,0.00
21886,7262,3,25,249.00,10.00
21887,7263,18,12,89.00,0.00
21888,7264,17,18,189.00,0.00
21889,7264,1,14,499.00,0.00
21890,7264,20,7,159.00,0.00
21891,7265,8,27,389.00,10.00
21892,7266,12,28,459.00,0.00
21893,7266,33,3,65.00,0.00
21894,7266,21,6,58.00,0.00
21895,7267,16,13,45.00,5.00
21896,7267,16,30,45.00,0.00
21897,7267,31,20,15.00,5.00
21898,7267,13,25,649.00,10.00
21899,7267,19,20,69.00,5.00
21900,7268,3,3,249.00,0.00
21901,7269,11,28,899.00,0.00
21902,7269,9,12,149.00,0.00
21903,7269,34,5,35.00,10.00
21904,7269,30,18,27.00,0.00
21905,7269,21,17,58.00,0.00
21906,7270,22,1,75.00,0.00
21907,7270,3,23,249.00,0.00
21908,7270,35,18,79.00,10.00
21909,7270,33,26,65.00,0.00
21910,7271,25,24,42.00,10.00
21911,7271,27,12,18.00,5.00
21912,7271,32,19,45.00,0.00
21913,7271,12,10,459.00,5.00
21914,7271,3,17,249.00,0.00
21915,7272,19,1,69.00,0.00
21916,7272,28,8,120.00,10.00
21917,7272,23,16,22.00,5.00
21918,7272,3,4,249.00,0.00
21919,7272,25,10,42.00,0.00
21920,7273,35,9,79.00,0.00
21921,7273,29,16,32.00,0.00
21922,7273,31,5,15.00,0.00
21923,7273,33,13,65.00,0.00
21924,7273,5,26,349.00,10.00
21925,7274,9,13,149.00,0.00
21926,7274,24,4,95.00,5.00
21927,7274,34,22,35.00,10.00
21928,7274,32,1,45.00,0.00
21929,7274,31,7,15.00,0.00
21930,7275,34,14,35.00,0.00
21931,7276,28,19,120.00,5.00
21932,7276,25,10,42.00,0.00
21933,7276,33,26,65.00,0.00
21934,7276,5,2,349.00,10.00
21935,7277,1,10,499.00,0.00
21936,7277,22,19,75.00,0.00
21937,7278,6,18,699.00,0.00
21938,7278,28,12,120.00,0.00
21939,7279,6,13,699.00,5.00
21940,7279,9,2,149.00,5.00
21941,7279,32,19,45.00,0.00
21942,7279,31,12,15.00,0.00
21943,7280,33,16,65.00,10.00
21944,7280,20,10,159.00,10.00
21945,7280,27,30,18.00,5.00
21946,7280,16,4,45.00,0.00
21947,7281,33,1,65.00,0.00
21948,7281,14,2,549.00,0.00
21949,7281,17,29,189.00,0.00
21950,7281,27,25,18.00,10.00
21951,7281,26,6,12.00,5.00
21952,7282,22,17,75.00,10.00
21953,7282,7,1,549.00,0.00
21954,7282,12,6,459.00,0.00
21955,7283,3,20,249.00,0.00
21956,7283,7,27,549.00,10.00
21957,7283,29,13,32.00,5.00
21958,7284,12,6,459.00,10.00
21959,7284,3,17,249.00,5.00
21960,7284,12,27,459.00,0.00
21961,7285,21,17,58.00,0.00
21962,7285,20,19,159.00,0.00
21963,7285,19,6,69.00,0.00
21964,7286,19,30,69.00,0.00
21965,7286,32,12,45.00,0.00
21966,7286,3,17,249.00,0.00
21967,7286,9,15,149.00,5.00
21968,7286,4,12,129.00,0.00
21969,7287,34,30,35.00,10.00
21970,7287,2,7,899.00,10.00
21971,7287,33,30,65.00,0.00
21972,7287,13,20,649.00,0.00
21973,7287,33,4,65.00,10.00
21974,7288,27,16,18.00,0.00
21975,7289,11,26,899.00,0.00
21976,7290,11,9,899.00,0.00
21977,7290,34,3,35.00,0.00
21978,7291,31,18,15.00,0.00
21979,7291,29,5,32.00,0.00
21980,7291,24,22,95.00,0.00
21981,7291,19,2,69.00,5.00
21982,7291,8,1,389.00,0.00
21983,7292,12,27,459.00,0.00
21984,7292,26,7,12.00,10.00
21985,7292,21,12,58.00,0.00
21986,7292,33,29,65.00,0.00
21987,7292,11,13,899.00,0.00
21988,7293,24,16,95.00,5.00
21989,7293,19,24,69.00,0.00
21990,7294,34,12,35.00,0.00
21991,7295,2,9,899.00,0.00
21992,7295,20,29,159.00,0.00
21993,7295,13,22,649.00,0.00
21994,7295,1,23,499.00,10.00
21995,7295,27,10,18.00,0.00
21996,7296,10,19,799.00,0.00
21997,7296,18,21,89.00,10.00
21998,7296,15,13,379.00,10.00
21999,7296,2,21,899.00,0.00
22000,7296,8,8,389.00,5.00
22001,7297,29,22,32.00,0.00
22002,7298,27,12,18.00,5.00
22003,7299,2,4,899.00,0.00
22004,7299,28,19,120.00,5.00
22005,7300,20,5,159.00,0.00
22006,7300,28,23,120.00,0.00
22007,7300,25,9,42.00,0.00
22008,7300,6,16,699.00,0.00
22009,7300,11,29,899.00,10.00
22010,7301,21,5,58.00,0.00
22011,7301,25,12,42.00,10.00
22012,7301,34,9,35.00,0.00
22013,7302,32,14,45.00,0.00
22014,7302,21,6,58.00,0.00
22015,7302,12,5,459.00,5.00
22016,7302,16,27,45.00,0.00
22017,7303,25,8,42.00,0.00
22018,7303,26,14,12.00,10.00
22019,7303,16,10,45.00,0.00
22020,7303,15,7,379.00,10.00
22021,7304,9,12,149.00,0.00
22022,7304,20,13,159.00,0.00
22023,7304,34,12,35.00,0.00
22024,7304,14,19,549.00,10.00
22025,7305,5,17,349.00,0.00
22026,7305,8,28,389.00,10.00
22027,7306,25,24,42.00,10.00
22028,7306,27,9,18.00,0.00
22029,7307,22,2,75.00,0.00
22030,7308,24,16,95.00,0.00
22031,7308,1,17,499.00,5.00
22032,7309,4,17,129.00,0.00
22033,7309,11,9,899.00,5.00
22034,7310,28,29,120.00,0.00
22035,7310,34,20,35.00,0.00
22036,7310,15,19,379.00,10.00
22037,7310,7,18,549.00,0.00
22038,7311,24,6,95.00,10.00
22039,7312,34,8,35.00,0.00
22040,7312,8,26,389.00,5.00
22041,7312,30,3,27.00,10.00
22042,7313,11,19,899.00,0.00
22043,7313,10,22,799.00,5.00
22044,7313,21,21,58.00,5.00
22045,7313,11,14,899.00,0.00
22046,7314,20,5,159.00,0.00
22047,7314,31,5,15.00,0.00
22048,7314,14,13,549.00,10.00
22049,7315,34,7,35.00,0.00
22050,7315,20,30,159.00,0.00
22051,7315,23,7,22.00,0.00
22052,7316,4,26,129.00,10.00
22053,7316,33,30,65.00,0.00
22054,7316,20,16,159.00,10.00
22055,7317,28,18,120.00,0.00
22056,7317,33,3,65.00,5.00
22057,7317,31,15,15.00,5.00
22058,7318,19,18,69.00,0.00
22059,7318,33,18,65.00,0.00
22060,7319,20,28,159.00,10.00
22061,7319,32,21,45.00,5.00
22062,7320,19,13,69.00,0.00
22063,7320,17,20,189.00,10.00
22064,7320,24,16,95.00,0.00
22065,7320,15,9,379.00,0.00
22066,7321,29,17,32.00,0.00
22067,7322,35,20,79.00,0.00
22068,7322,12,28,459.00,5.00
22069,7322,11,21,899.00,0.00
22070,7322,7,19,549.00,0.00
22071,7323,10,28,799.00,5.00
22072,7323,6,16,699.00,0.00
22073,7323,18,15,89.00,10.00
22074,7324,24,20,95.00,0.00
22075,7324,9,17,149.00,10.00
22076,7325,15,6,379.00,5.00
22077,7325,19,26,69.00,5.00
22078,7325,31,10,15.00,10.00
22079,7325,31,14,15.00,5.00
22080,7325,4,14,129.00,10.00
22081,7326,13,27,649.00,0.00
22082,7326,27,29,18.00,0.00
22083,7326,13,14,649.00,0.00
22084,7326,21,10,58.00,10.00
22085,7326,17,23,189.00,0.00
22086,7327,15,12,379.00,5.00
22087,7327,18,11,89.00,0.00
22088,7328,23,12,22.00,10.00
22089,7328,18,24,89.00,0.00
22090,7328,20,21,159.00,5.00
22091,7328,17,8,189.00,10.00
22092,7329,26,9,12.00,0.00
22093,7329,8,12,389.00,0.00
22094,7329,19,18,69.00,0.00
22095,7329,11,7,899.00,0.00
22096,7329,21,4,58.00,10.00
22097,7330,11,28,899.00,5.00
22098,7331,23,30,22.00,0.00
22099,7331,4,15,129.00,0.00
22100,7331,12,4,459.00,0.00
22101,7332,14,18,549.00,5.00
22102,7332,2,29,899.00,0.00
22103,7332,35,6,79.00,0.00
22104,7333,6,6,699.00,0.00
22105,7333,19,13,69.00,0.00
22106,7333,13,5,649.00,5.00
22107,7334,3,18,249.00,10.00
22108,7334,12,7,459.00,0.00
22109,7335,5,15,349.00,0.00
22110,7335,4,4,129.00,0.00
22111,7336,28,16,120.00,0.00
22112,7336,13,9,649.00,0.00
22113,7336,33,18,65.00,0.00
22114,7336,1,19,499.00,0.00
22115,7336,13,22,649.00,0.00
22116,7337,32,3,45.00,5.00
22117,7337,6,23,699.00,0.00
22118,7337,14,27,549.00,0.00
22119,7338,33,20,65.00,0.00
22120,7338,8,25,389.00,0.00
22121,7338,31,30,15.00,0.00
22122,7338,19,25,69.00,0.00
22123,7338,19,14,69.00,5.00
22124,7339,24,6,95.00,10.00
22125,7339,28,12,120.00,0.00
22126,7339,14,11,549.00,5.00
22127,7339,9,6,149.00,0.00
22128,7340,25,15,42.00,0.00
22129,7341,27,11,18.00,0.00
22130,7342,35,17,79.00,5.00
22131,7343,13,13,649.00,10.00
22132,7343,24,11,95.00,5.00
22133,7343,22,27,75.00,5.00
22134,7343,19,23,69.00,0.00
22135,7343,18,1,89.00,5.00
22136,7344,24,15,95.00,0.00
22137,7344,2,20,899.00,0.00
22138,7344,30,22,27.00,0.00
22139,7344,12,11,459.00,5.00
22140,7345,12,8,459.00,0.00
22141,7345,29,2,32.00,10.00
22142,7345,35,15,79.00,0.00
22143,7346,5,25,349.00,5.00
22144,7346,6,20,699.00,10.00
22145,7346,3,27,249.00,0.00
22146,7346,19,29,69.00,0.00
22147,7347,12,1,459.00,0.00
22148,7347,10,6,799.00,0.00
22149,7347,26,14,12.00,0.00
22150,7347,11,3,899.00,0.00
22151,7347,7,13,549.00,5.00
22152,7348,22,8,75.00,0.00
22153,7348,9,3,149.00,5.00
22154,7349,5,9,349.00,0.00
22155,7349,11,13,899.00,0.00
22156,7349,15,21,379.00,0.00
22157,7350,29,13,32.00,0.00
22158,7350,16,19,45.00,5.00
22159,7350,3,30,249.00,5.00
22160,7351,23,29,22.00,10.00
22161,7351,24,20,95.00,0.00
22162,7351,8,10,389.00,10.00
22163,7352,2,24,899.00,5.00
22164,7352,17,2,189.00,10.00
22165,7352,35,16,79.00,0.00
22166,7352,8,13,389.00,0.00
22167,7352,10,25,799.00,0.00
22168,7353,14,14,549.00,0.00
22169,7353,1,25,499.00,0.00
22170,7353,33,14,65.00,0.00
22171,7353,2,25,899.00,10.00
22172,7353,2,16,899.00,0.00
22173,7354,3,10,249.00,0.00
22174,7354,2,2,899.00,0.00
22175,7355,32,2,45.00,0.00
22176,7355,17,24,189.00,0.00
22177,7355,6,9,699.00,10.00
22178,7356,18,20,89.00,5.00
22179,7356,18,13,89.00,0.00
22180,7356,23,13,22.00,0.00
22181,7356,3,16,249.00,0.00
22182,7357,16,25,45.00,5.00
22183,7357,8,28,389.00,10.00
22184,7357,24,23,95.00,5.00
22185,7357,22,21,75.00,5.00
22186,7357,9,8,149.00,0.00
22187,7358,21,22,58.00,10.00
22188,7359,2,8,899.00,0.00
22189,7360,19,30,69.00,0.00
22190,7360,24,11,95.00,5.00
22191,7360,19,17,69.00,0.00
22192,7361,34,15,35.00,0.00
22193,7361,7,12,549.00,0.00
22194,7361,21,26,58.00,0.00
22195,7362,10,21,799.00,5.00
22196,7362,12,18,459.00,10.00
22197,7362,24,21,95.00,0.00
22198,7362,11,2,899.00,0.00
22199,7362,22,30,75.00,0.00
22200,7363,8,8,389.00,0.00
22201,7363,6,4,699.00,0.00
22202,7363,31,6,15.00,0.00
22203,7363,12,17,459.00,5.00
22204,7363,5,10,349.00,0.00
22205,7364,34,14,35.00,0.00
22206,7364,16,4,45.00,0.00
22207,7364,11,14,899.00,0.00
22208,7365,20,17,159.00,0.00
22209,7365,15,3,379.00,0.00
22210,7365,17,29,189.00,0.00
22211,7366,28,14,120.00,10.00
22212,7367,33,9,65.00,0.00
22213,7367,6,1,699.00,5.00
22214,7367,10,12,799.00,0.00
22215,7367,8,26,389.00,0.00
22216,7368,22,22,75.00,5.00
22217,7368,29,22,32.00,0.00
22218,7368,22,19,75.00,0.00
22219,7369,1,17,499.00,5.00
22220,7369,30,5,27.00,0.00
22221,7369,14,14,549.00,0.00
22222,7370,11,19,899.00,0.00
22223,7370,33,4,65.00,10.00
22224,7370,1,13,499.00,0.00
22225,7370,34,22,35.00,5.00
22226,7371,9,30,149.00,0.00
22227,7371,29,19,32.00,5.00
22228,7371,18,15,89.00,10.00
22229,7372,22,15,75.00,0.00
22230,7372,11,26,899.00,0.00
22231,7372,12,14,459.00,0.00
22232,7373,25,10,42.00,0.00
22233,7373,2,2,899.00,0.00
22234,7373,16,26,45.00,10.00
22235,7373,10,14,799.00,0.00
22236,7374,23,15,22.00,0.00
22237,7374,10,22,799.00,5.00
22238,7375,14,12,549.00,10.00
22239,7375,32,4,45.00,5.00
22240,7375,24,28,95.00,5.00
22241,7376,22,3,75.00,5.00
22242,7376,27,1,18.00,5.00
22243,7376,31,1,15.00,0.00
22244,7376,6,13,699.00,5.00
22245,7376,32,17,45.00,0.00
22246,7377,15,27,379.00,0.00
22247,7377,16,16,45.00,0.00
22248,7378,14,28,549.00,0.00
22249,7378,19,8,69.00,5.00
22250,7378,13,29,649.00,5.00
22251,7378,29,27,32.00,0.00
22252,7378,13,22,649.00,0.00
22253,7379,26,29,12.00,5.00
22254,7379,11,19,899.00,0.00
22255,7380,34,11,35.00,10.00
22256,7380,15,13,379.00,10.00
22257,7380,5,1,349.00,5.00
22258,7380,21,23,58.00,0.00
22259,7380,31,8,15.00,0.00
22260,7381,13,13,649.00,10.00
22261,7381,20,29,159.00,0.00
22262,7381,13,19,649.00,0.00
22263,7382,22,1,75.00,0.00
22264,7382,17,13,189.00,5.00
22265,7382,13,20,649.00,0.00
22266,7382,18,9,89.00,10.00
22267,7383,19,21,69.00,5.00
22268,7383,33,9,65.00,5.00
22269,7383,17,12,189.00,0.00
22270,7383,2,27,899.00,0.00
22271,7384,33,22,65.00,5.00
22272,7385,22,6,75.00,10.00
22273,7385,14,30,549.00,10.00
22274,7385,2,24,899.00,5.00
22275,7385,15,26,379.00,0.00
22276,7385,23,4,22.00,5.00
22277,7386,18,25,89.00,5.00
22278,7386,27,25,18.00,10.00
22279,7386,22,19,75.00,0.00
22280,7386,10,22,799.00,5.00
22281,7386,18,12,89.00,0.00
22282,7387,27,9,18.00,0.00
22283,7387,33,6,65.00,0.00
22284,7387,30,29,27.00,0.00
22285,7388,12,26,459.00,0.00
22286,7388,20,4,159.00,10.00
22287,7388,4,26,129.00,10.00
22288,7388,2,13,899.00,10.00
22289,7388,26,18,12.00,10.00
22290,7389,10,18,799.00,0.00
22291,7389,19,17,69.00,0.00
22292,7389,4,1,129.00,5.00
22293,7390,25,13,42.00,10.00
22294,7390,18,18,89.00,0.00
22295,7390,30,18,27.00,0.00
22296,7390,10,5,799.00,10.00
