commande_id,date_commande,client_id,vendeur_id,canal,statut,montant_total
1,2024-01-01,2,10,PARTENAIRE,LIVREE,23876.15
2,2024-01-01,23,7,DIRECT,LIVREE,8533.00
3,2024-01-02,20,10,GROSSISTE,ANNULEE,0.00
4,2024-01-02,11,11,GROSSISTE,LIVREE,23374.00
5,2024-01-02,4,1,PARTENAIRE,LIVREE,18894.00
6,2024-01-02,20,7,EN_LIGNE,LIVREE,120.00
7,2024-01-02,15,6,DIRECT,EN_ATTENTE,1147.50
8,2024-01-03,26,7,PARTENAIRE,LIVREE,24560.90
9,2024-01-03,38,9,GROSSISTE,LIVREE,299.25
10,2024-01-03,33,12,EN_LIGNE,LIVREE,32823.80
11,2024-01-03,30,1,DIRECT,EXPEDIEE,16714.00
12,2024-01-03,36,5,EN_LIGNE,EN_ATTENTE,16093.30
13,2024-01-03,3,2,EN_LIGNE,EXPEDIEE,455.00
14,2024-01-03,11,2,DIRECT,LIVREE,24189.80
15,2024-01-03,30,7,GROSSISTE,EXPEDIEE,3316.00
16,2024-01-04,18,6,DIRECT,LIVREE,37011.00
17,2024-01-04,5,11,DIRECT,LIVREE,4473.90
18,2024-01-04,20,10,GROSSISTE,LIVREE,6833.00
19,2024-01-04,33,3,EN_LIGNE,EXPEDIEE,435.00
20,2024-01-04,9,5,EN_LIGNE,LIVREE,11742.75
21,2024-01-04,31,5,GROSSISTE,LIVREE,15659.00
22,2024-01-05,21,4,DIRECT,LIVREE,10398.90
23,2024-01-05,33,10,EN_LIGNE,EXPEDIEE,756.00
24,2024-01-06,8,8,GROSSISTE,LIVREE,22954.20
25,2024-01-06,29,8,DIRECT,LIVREE,19750.95
26,2024-01-07,10,6,GROSSISTE,LIVREE,9515.10
27,2024-01-07,6,10,GROSSISTE,EN_ATTENTE,2273.10
28,2024-01-07,22,5,EN_LIGNE,LIVREE,205.20
29,2024-01-07,14,7,PARTENAIRE,LIVREE,2003.40
30,2024-01-07,3,10,GROSSISTE,EXPEDIEE,25550.20
31,2024-01-08,30,1,PARTENAIRE,LIVREE,11244.95
32,2024-01-08,4,7,GROSSISTE,EN_ATTENTE,7214.95
33,2024-01-08,12,11,EN_LIGNE,LIVREE,14391.00
34,2024-01-08,1,11,EN_LIGNE,LIVREE,4845.75
35,2024-01-08,4,4,DIRECT,LIVREE,16820.00
36,2024-01-09,29,8,PARTENAIRE,LIVREE,18819.00
37,2024-01-09,23,6,GROSSISTE,LIVREE,9180.00
38,2024-01-09,5,11,DIRECT,EXPEDIEE,3245.20
39,2024-01-09,30,4,DIRECT,EXPEDIEE,931.50
40,2024-01-09,40,4,EN_LIGNE,LIVREE,21221.00
41,2024-01-09,2,10,PARTENAIRE,LIVREE,1748.00
42,2024-01-10,5,11,DIRECT,LIVREE,5663.70
43,2024-01-10,34,7,DIRECT,LIVREE,23033.00
44,2024-01-10,25,6,EN_LIGNE,LIVREE,15341.50
45,2024-01-10,21,7,DIRECT,LIVREE,75.00
46,2024-01-10,30,4,DIRECT,EXPEDIEE,51999.00
47,2024-01-11,25,9,GROSSISTE,EXPEDIEE,20791.30
48,2024-01-11,9,1,GROSSISTE,LIVREE,6911.40
49,2024-01-11,19,3,GROSSISTE,LIVREE,5270.15
50,2024-01-11,3,5,GROSSISTE,LIVREE,24738.00
51,2024-01-11,17,1,PARTENAIRE,EXPEDIEE,30.00
52,2024-01-12,24,10,DIRECT,LIVREE,24177.55
53,2024-01-12,5,12,DIRECT,LIVREE,13874.00
54,2024-01-12,4,3,GROSSISTE,LIVREE,5885.30
55,2024-01-12,39,9,PARTENAIRE,LIVREE,4358.65
56,2024-01-12,18,12,EN_LIGNE,EXPEDIEE,16849.80
57,2024-01-12,9,11,GROSSISTE,EXPEDIEE,8014.80
58,2024-01-12,21,2,PARTENAIRE,LIVREE,5811.15
59,2024-01-13,13,8,EN_LIGNE,LIVREE,315.00
60,2024-01-13,27,12,GROSSISTE,LIVREE,18499.60
61,2024-01-13,15,11,DIRECT,LIVREE,4322.00
62,2024-01-13,3,5,GROSSISTE,LIVREE,11893.00
63,2024-01-14,33,3,PARTENAIRE,LIVREE,12801.80
64,2024-01-14,8,10,EN_LIGNE,LIVREE,8574.60
65,2024-01-14,27,5,PARTENAIRE,ANNULEE,0.00
66,2024-01-14,5,8,PARTENAIRE,LIVREE,7336.00
67,2024-01-14,18,2,DIRECT,LIVREE,6884.55
68,2024-01-14,17,1,PARTENAIRE,LIVREE,19778.00
69,2024-01-14,4,1,DIRECT,EN_ATTENTE,3815.45
70,2024-01-14,39,7,GROSSISTE,LIVREE,2602.80
71,2024-01-15,12,9,GROSSISTE,LIVREE,1475.00
72,2024-01-15,22,5,DIRECT,ANNULEE,0.00
73,2024-01-15,13,3,DIRECT,LIVREE,5004.45
74,2024-01-15,2,5,GROSSISTE,LIVREE,362.00
75,2024-01-15,5,11,DIRECT,EXPEDIEE,1157.00
76,2024-01-16,9,2,PARTENAIRE,LIVREE,8863.45
77,2024-01-16,7,1,PARTENAIRE,LIVREE,6073.35
78,2024-01-16,6,5,GROSSISTE,LIVREE,996.00
79,2024-01-16,22,7,PARTENAIRE,LIVREE,8052.60
80,2024-01-16,35,1,PARTENAIRE,LIVREE,1797.30
81,2024-01-16,33,1,PARTENAIRE,LIVREE,29418.70
82,2024-01-17,38,1,GROSSISTE,LIVREE,10479.00
83,2024-01-17,20,7,EN_LIGNE,LIVREE,20708.40
84,2024-01-17,20,7,DIRECT,LIVREE,13064.00
85,2024-01-17,5,5,GROSSISTE,LIVREE,1501.00
86,2024-01-17,24,9,PARTENAIRE,ANNULEE,0.00
87,2024-01-17,12,9,GROSSISTE,EN_ATTENTE,4257.90
88,2024-01-17,16,4,DIRECT,LIVREE,1863.00
89,2024-01-17,20,5,EN_LIGNE,LIVREE,5994.80
90,2024-01-18,24,7,PARTENAIRE,LIVREE,54.00
91,2024-01-18,10,7,PARTENAIRE,LIVREE,1508.00
92,2024-01-18,16,2,GROSSISTE,LIVREE,17682.10
93,2024-01-18,10,4,PARTENAIRE,LIVREE,8199.00
94,2024-01-18,39,3,DIRECT,LIVREE,24818.40
95,2024-01-19,23,8,EN_LIGNE,LIVREE,896.00
96,2024-01-19,29,4,DIRECT,LIVREE,16964.00
97,2024-01-20,5,9,DIRECT,EXPEDIEE,14339.20
98,2024-01-20,25,12,DIRECT,LIVREE,6384.60
99,2024-01-20,32,6,PARTENAIRE,LIVREE,16885.70
100,2024-01-20,20,1,PARTENAIRE,LIVREE,9366.80
101,2024-01-20,21,1,GROSSISTE,LIVREE,32690.35
102,2024-01-20,8,5,DIRECT,EXPEDIEE,12352.50
103,2024-01-21,7,4,PARTENAIRE,ANNULEE,0.00
104,2024-01-21,30,6,DIRECT,EN_ATTENTE,10431.00
105,2024-01-21,20,5,GROSSISTE,LIVREE,13651.50
106,2024-01-21,33,10,GROSSISTE,LIVREE,19778.35
107,2024-01-21,1,3,PARTENAIRE,ANNULEE,0.00
108,2024-01-21,21,12,EN_LIGNE,LIVREE,930.00
109,2024-01-21,35,8,EN_LIGNE,LIVREE,17567.40
110,2024-01-22,18,7,GROSSISTE,LIVREE,23463.90
111,2024-01-22,26,7,GROSSISTE,LIVREE,3283.20
112,2024-01-22,35,5,EN_LIGNE,LIVREE,253.80
113,2024-01-23,5,1,PARTENAIRE,LIVREE,6208.60
114,2024-01-23,40,12,PARTENAIRE,EXPEDIEE,3970.95
115,2024-01-23,32,9,DIRECT,EXPEDIEE,226.80
116,2024-01-23,27,9,GROSSISTE,LIVREE,2570.00
117,2024-01-23,17,2,EN_LIGNE,LIVREE,3416.20
118,2024-01-24,3,10,PARTENAIRE,LIVREE,2972.55
119,2024-01-24,27,2,GROSSISTE,LIVREE,1620.00
120,2024-01-24,14,10,DIRECT,LIVREE,7440.90
121,2024-01-25,14,12,PARTENAIRE,LIVREE,14728.80
122,2024-01-25,25,5,DIRECT,LIVREE,28343.45
123,2024-01-25,17,2,EN_LIGNE,LIVREE,1789.50
124,2024-01-25,16,2,GROSSISTE,LIVREE,24374.00
125,2024-01-25,3,1,PARTENAIRE,LIVREE,16441.50
126,2024-01-25,16,11,EN_LIGNE,LIVREE,2443.00
127,2024-01-26,37,2,DIRECT,LIVREE,2142.75
128,2024-01-26,22,11,PARTENAIRE,LIVREE,21168.00
129,2024-01-26,10,5,DIRECT,LIVREE,3803.10
130,2024-01-26,17,1,PARTENAIRE,LIVREE,11308.80
131,2024-01-26,4,7,GROSSISTE,LIVREE,10482.00
132,2024-01-27,7,9,PARTENAIRE,LIVREE,21114.00
133,2024-01-27,3,3,PARTENAIRE,EN_ATTENTE,16804.10
134,2024-01-27,10,8,GROSSISTE,LIVREE,1611.00
135,2024-01-27,25,7,PARTENAIRE,EN_ATTENTE,10554.00
136,2024-01-28,39,11,GROSSISTE,LIVREE,675.00
137,2024-01-28,38,4,GROSSISTE,EN_ATTENTE,3612.60
138,2024-01-28,36,12,DIRECT,LIVREE,25987.60
139,2024-01-28,37,6,EN_LIGNE,LIVREE,32609.00
140,2024-01-28,34,10,EN_LIGNE,LIVREE,4566.75
141,2024-01-28,38,10,DIRECT,LIVREE,2889.40
142,2024-01-28,10,10,EN_LIGNE,EXPEDIEE,19829.40
143,2024-01-28,28,7,GROSSISTE,LIVREE,2036.00
144,2024-01-29,2,9,EN_LIGNE,LIVREE,1718.25
145,2024-01-29,27,9,EN_LIGNE,ANNULEE,0.00
146,2024-01-29,17,12,GROSSISTE,LIVREE,10436.70
147,2024-01-29,23,3,EN_LIGNE,LIVREE,17137.00
148,2024-01-29,13,2,GROSSISTE,LIVREE,22263.10
149,2024-01-29,35,8,GROSSISTE,LIVREE,28770.90
150,2024-01-29,24,8,EN_LIGNE,LIVREE,2562.00
151,2024-01-30,10,6,GROSSISTE,LIVREE,19064.10
152,2024-01-30,14,2,GROSSISTE,LIVREE,29319.90
153,2024-01-30,29,11,DIRECT,LIVREE,54.00
154,2024-01-30,14,12,GROSSISTE,LIVREE,11377.20
155,2024-01-30,26,10,DIRECT,LIVREE,18623.90
156,2024-01-30,16,2,GROSSISTE,LIVREE,22227.50
157,2024-01-30,31,8,GROSSISTE,LIVREE,20963.00
158,2024-01-30,22,2,DIRECT,LIVREE,643.50
159,2024-01-31,22,5,EN_LIGNE,EXPEDIEE,10978.00
160,2024-01-31,10,10,DIRECT,LIVREE,20298.70
161,2024-01-31,1,4,GROSSISTE,LIVREE,3168.00
162,2024-01-31,21,4,PARTENAIRE,LIVREE,5356.20
163,2024-01-31,38,3,DIRECT,ANNULEE,0.00
164,2024-02-01,13,8,DIRECT,LIVREE,25249.25
165,2024-02-01,8,11,PARTENAIRE,LIVREE,16023.80
166,2024-02-01,14,3,DIRECT,LIVREE,23250.00
167,2024-02-01,5,2,DIRECT,LIVREE,6120.90
168,2024-02-01,31,1,DIRECT,ANNULEE,0.00
169,2024-02-01,16,10,GROSSISTE,LIVREE,881.20
170,2024-02-01,9,8,GROSSISTE,LIVREE,13958.90
171,2024-02-01,29,10,PARTENAIRE,EXPEDIEE,1775.00
172,2024-02-02,1,1,DIRECT,LIVREE,19285.05
173,2024-02-02,1,3,DIRECT,LIVREE,28044.00
174,2024-02-02,13,5,PARTENAIRE,LIVREE,14049.30
175,2024-02-02,34,8,GROSSISTE,LIVREE,7245.00
176,2024-02-03,1,5,PARTENAIRE,LIVREE,2660.00
177,2024-02-03,9,4,PARTENAIRE,EN_ATTENTE,574.20
178,2024-02-03,38,9,GROSSISTE,LIVREE,39036.50
179,2024-02-03,27,10,PARTENAIRE,LIVREE,2081.00
180,2024-02-03,3,12,GROSSISTE,LIVREE,50015.15
181,2024-02-03,17,4,DIRECT,EN_ATTENTE,1646.00
182,2024-02-03,39,3,DIRECT,LIVREE,2399.40
183,2024-02-03,4,8,PARTENAIRE,LIVREE,10773.20
184,2024-02-04,18,3,GROSSISTE,LIVREE,2277.15
185,2024-02-04,5,6,DIRECT,LIVREE,18067.00
186,2024-02-04,10,10,EN_LIGNE,LIVREE,41794.00
187,2024-02-04,9,12,EN_LIGNE,LIVREE,2862.00
188,2024-02-04,6,2,EN_LIGNE,LIVREE,7705.75
189,2024-02-04,29,8,DIRECT,EXPEDIEE,10612.00
190,2024-02-05,12,8,EN_LIGNE,EXPEDIEE,21585.40
191,2024-02-05,10,6,EN_LIGNE,EN_ATTENTE,2478.60
192,2024-02-05,17,2,DIRECT,LIVREE,29964.85
193,2024-02-05,29,9,EN_LIGNE,EXPEDIEE,9982.00
194,2024-02-05,30,7,EN_LIGNE,LIVREE,6774.00
195,2024-02-05,24,1,DIRECT,LIVREE,2365.50
196,2024-02-05,26,8,EN_LIGNE,LIVREE,292.50
197,2024-02-05,13,9,GROSSISTE,LIVREE,516.00
198,2024-02-06,1,6,EN_LIGNE,LIVREE,389.00
199,2024-02-06,30,8,DIRECT,LIVREE,1689.10
200,2024-02-06,22,4,DIRECT,LIVREE,35854.00
201,2024-02-06,30,12,EN_LIGNE,ANNULEE,0.00
202,2024-02-06,6,10,EN_LIGNE,LIVREE,25024.00
203,2024-02-07,18,8,PARTENAIRE,LIVREE,22198.00
204,2024-02-07,37,11,EN_LIGNE,LIVREE,18712.65
205,2024-02-07,35,7,EN_LIGNE,EXPEDIEE,7306.30
206,2024-02-07,14,5,PARTENAIRE,LIVREE,9573.00
207,2024-02-07,27,10,PARTENAIRE,LIVREE,5037.90
208,2024-02-08,26,5,DIRECT,EXPEDIEE,7114.40
209,2024-02-08,37,6,GROSSISTE,LIVREE,26590.85
210,2024-02-08,39,6,EN_LIGNE,LIVREE,150.00
211,2024-02-08,2,3,PARTENAIRE,LIVREE,26010.70
212,2024-02-08,15,5,GROSSISTE,EXPEDIEE,894.00
213,2024-02-08,21,12,DIRECT,LIVREE,360.00
214,2024-02-08,18,1,DIRECT,LIVREE,37909.55
215,2024-02-08,33,9,DIRECT,ANNULEE,0.00
216,2024-02-09,16,9,DIRECT,LIVREE,3637.45
217,2024-02-09,11,3,EN_LIGNE,LIVREE,20268.50
218,2024-02-10,34,6,GROSSISTE,LIVREE,15567.00
219,2024-02-10,19,10,PARTENAIRE,LIVREE,5361.65
220,2024-02-10,9,5,DIRECT,LIVREE,13731.30
221,2024-02-11,39,5,PARTENAIRE,EN_ATTENTE,16213.75
222,2024-02-11,13,9,GROSSISTE,LIVREE,19339.20
223,2024-02-11,12,12,PARTENAIRE,EXPEDIEE,6925.20
224,2024-02-11,29,8,DIRECT,LIVREE,2500.40
225,2024-02-11,30,10,PARTENAIRE,LIVREE,783.00
226,2024-02-11,24,2,GROSSISTE,LIVREE,5733.70
227,2024-02-11,39,2,GROSSISTE,LIVREE,15966.00
228,2024-02-12,28,12,PARTENAIRE,LIVREE,10878.50
229,2024-02-12,18,11,PARTENAIRE,EXPEDIEE,14942.70
230,2024-02-13,9,6,GROSSISTE,LIVREE,890.00
231,2024-02-13,20,3,GROSSISTE,LIVREE,40181.10
232,2024-02-13,8,11,PARTENAIRE,LIVREE,29096.90
233,2024-02-14,5,5,GROSSISTE,LIVREE,1392.00
234,2024-02-14,16,6,EN_LIGNE,EN_ATTENTE,2549.30
235,2024-02-14,10,10,EN_LIGNE,LIVREE,18574.40
236,2024-02-14,35,11,GROSSISTE,EXPEDIEE,25093.30
237,2024-02-15,3,2,EN_LIGNE,LIVREE,996.00
238,2024-02-15,13,8,DIRECT,ANNULEE,0.00
239,2024-02-16,8,2,DIRECT,LIVREE,8868.60
240,2024-02-16,16,1,PARTENAIRE,LIVREE,179.55
241,2024-02-16,20,4,PARTENAIRE,LIVREE,2023.80
242,2024-02-17,35,12,DIRECT,LIVREE,6005.40
243,2024-02-17,11,10,EN_LIGNE,EN_ATTENTE,12722.30
244,2024-02-17,3,9,GROSSISTE,LIVREE,1160.00
245,2024-02-17,5,5,GROSSISTE,LIVREE,6091.00
246,2024-02-17,11,1,GROSSISTE,LIVREE,13086.70
247,2024-02-18,27,2,PARTENAIRE,LIVREE,4004.70
248,2024-02-18,40,12,PARTENAIRE,EN_ATTENTE,990.00
249,2024-02-18,7,12,GROSSISTE,LIVREE,19308.40
250,2024-02-18,3,4,DIRECT,EXPEDIEE,2742.75
251,2024-02-18,35,6,GROSSISTE,LIVREE,17590.50
252,2024-02-18,4,5,GROSSISTE,LIVREE,378.00
253,2024-02-19,25,2,PARTENAIRE,LIVREE,26970.00
254,2024-02-19,10,1,GROSSISTE,LIVREE,34649.35
255,2024-02-19,12,1,EN_LIGNE,LIVREE,3037.00
256,2024-02-19,30,12,GROSSISTE,EN_ATTENTE,27168.70
257,2024-02-20,6,9,DIRECT,LIVREE,11299.20
258,2024-02-20,18,11,DIRECT,LIVREE,5085.00
259,2024-02-21,8,3,EN_LIGNE,EXPEDIEE,4080.30
260,2024-02-21,10,4,GROSSISTE,LIVREE,16433.60
261,2024-02-21,16,7,GROSSISTE,LIVREE,2120.40
262,2024-02-21,13,2,GROSSISTE,LIVREE,21579.00
263,2024-02-21,17,2,EN_LIGNE,EN_ATTENTE,4320.60
264,2024-02-21,16,6,DIRECT,LIVREE,13728.80
265,2024-02-22,31,9,EN_LIGNE,ANNULEE,0.00
266,2024-02-22,11,2,PARTENAIRE,LIVREE,12759.70
267,2024-02-22,21,1,PARTENAIRE,ANNULEE,0.00
268,2024-02-22,26,2,PARTENAIRE,LIVREE,8127.20
269,2024-02-23,5,7,DIRECT,LIVREE,5397.00
270,2024-02-23,21,6,GROSSISTE,LIVREE,11515.00
271,2024-02-24,4,11,DIRECT,LIVREE,5585.10
272,2024-02-24,14,8,EN_LIGNE,LIVREE,2176.45
273,2024-02-24,24,11,GROSSISTE,LIVREE,15309.95
274,2024-02-25,4,9,EN_LIGNE,LIVREE,6798.00
275,2024-02-25,7,9,DIRECT,EXPEDIEE,4352.40
276,2024-02-25,6,9,DIRECT,LIVREE,3083.00
277,2024-02-25,35,6,GROSSISTE,LIVREE,2067.00
278,2024-02-25,1,9,EN_LIGNE,LIVREE,11497.00
279,2024-02-25,6,2,DIRECT,LIVREE,11194.15
280,2024-02-25,6,3,PARTENAIRE,LIVREE,222.30
281,2024-02-25,25,10,PARTENAIRE,LIVREE,22479.30
282,2024-02-26,18,3,GROSSISTE,LIVREE,9871.20
283,2024-02-26,10,8,GROSSISTE,LIVREE,747.00
284,2024-02-26,22,9,PARTENAIRE,LIVREE,378.00
285,2024-02-26,32,1,GROSSISTE,LIVREE,2703.00
286,2024-02-27,25,9,GROSSISTE,EXPEDIEE,2856.00
287,2024-02-27,7,4,DIRECT,LIVREE,4531.90
288,2024-02-27,14,10,DIRECT,EXPEDIEE,18590.30
289,2024-02-27,35,11,GROSSISTE,LIVREE,3706.00
290,2024-02-27,5,7,EN_LIGNE,LIVREE,1489.50
291,2024-02-27,33,8,PARTENAIRE,LIVREE,2482.30
292,2024-02-27,40,4,GROSSISTE,EN_ATTENTE,4208.60
293,2024-02-28,24,12,PARTENAIRE,LIVREE,19481.00
294,2024-02-28,3,2,EN_LIGNE,LIVREE,185.25
295,2024-02-28,3,5,GROSSISTE,LIVREE,17898.00
296,2024-02-28,39,10,DIRECT,LIVREE,5406.30
297,2024-02-28,19,2,DIRECT,LIVREE,4868.65
298,2024-02-28,7,2,EN_LIGNE,EXPEDIEE,5498.80
299,2024-02-29,3,3,PARTENAIRE,EN_ATTENTE,587.60
300,2024-02-29,23,11,GROSSISTE,EXPEDIEE,16663.80
301,2024-02-29,31,10,GROSSISTE,LIVREE,9341.40
302,2024-02-29,40,9,EN_LIGNE,EXPEDIEE,2842.80
303,2024-03-01,1,9,EN_LIGNE,EXPEDIEE,2355.95
304,2024-03-01,16,11,DIRECT,LIVREE,1495.15
305,2024-03-01,4,5,PARTENAIRE,LIVREE,4117.95
306,2024-03-01,32,1,GROSSISTE,LIVREE,9887.40
307,2024-03-01,10,1,EN_LIGNE,LIVREE,1157.10
308,2024-03-02,28,1,EN_LIGNE,LIVREE,2211.60
309,2024-03-02,25,7,PARTENAIRE,LIVREE,6474.00
310,2024-03-02,4,1,DIRECT,LIVREE,14082.00
311,2024-03-02,13,7,GROSSISTE,LIVREE,15231.50
312,2024-03-02,8,10,EN_LIGNE,LIVREE,15002.25
313,2024-03-03,29,2,GROSSISTE,LIVREE,735.30
314,2024-03-03,26,4,EN_LIGNE,LIVREE,19357.55
315,2024-03-03,19,7,EN_LIGNE,EXPEDIEE,8233.50
316,2024-03-03,5,9,DIRECT,EXPEDIEE,12187.25
317,2024-03-03,38,5,DIRECT,EXPEDIEE,10849.85
318,2024-03-04,37,10,EN_LIGNE,LIVREE,2094.00
319,2024-03-04,9,5,EN_LIGNE,LIVREE,20022.20
320,2024-03-04,35,11,PARTENAIRE,LIVREE,19850.60
321,2024-03-04,6,9,PARTENAIRE,EXPEDIEE,17422.80
322,2024-03-04,29,11,EN_LIGNE,LIVREE,2231.55
323,2024-03-05,16,2,GROSSISTE,LIVREE,990.00
324,2024-03-05,24,2,PARTENAIRE,EXPEDIEE,8131.00
325,2024-03-05,24,4,GROSSISTE,LIVREE,3734.00
326,2024-03-05,4,8,PARTENAIRE,LIVREE,18165.05
327,2024-03-05,34,11,PARTENAIRE,LIVREE,3006.00
328,2024-03-05,37,6,EN_LIGNE,LIVREE,12118.00
329,2024-03-05,14,8,PARTENAIRE,ANNULEE,0.00
330,2024-03-05,13,4,EN_LIGNE,LIVREE,22331.20
331,2024-03-06,17,10,EN_LIGNE,LIVREE,9116.20
332,2024-03-06,13,8,DIRECT,LIVREE,17081.45
333,2024-03-06,37,11,PARTENAIRE,LIVREE,18866.30
334,2024-03-06,35,3,EN_LIGNE,LIVREE,574.20
335,2024-03-06,24,4,PARTENAIRE,EXPEDIEE,4364.00
336,2024-03-07,24,4,GROSSISTE,EXPEDIEE,6185.40
337,2024-03-07,33,7,DIRECT,EN_ATTENTE,696.00
338,2024-03-07,32,4,DIRECT,ANNULEE,0.00
339,2024-03-08,37,4,PARTENAIRE,LIVREE,8760.00
340,2024-03-08,17,11,PARTENAIRE,LIVREE,7411.50
341,2024-03-09,29,4,DIRECT,EXPEDIEE,162.00
342,2024-03-09,1,6,EN_LIGNE,EXPEDIEE,2837.70
343,2024-03-10,34,7,DIRECT,LIVREE,27469.70
344,2024-03-10,8,12,EN_LIGNE,LIVREE,31555.50
345,2024-03-10,16,12,GROSSISTE,EN_ATTENTE,25889.00
346,2024-03-10,26,4,GROSSISTE,LIVREE,11650.10
347,2024-03-10,23,2,PARTENAIRE,LIVREE,8435.35
348,2024-03-10,28,11,EN_LIGNE,LIVREE,336.00
349,2024-03-10,5,1,PARTENAIRE,LIVREE,12288.00
350,2024-03-10,33,3,PARTENAIRE,LIVREE,2218.50
351,2024-03-11,1,9,GROSSISTE,LIVREE,7176.00
352,2024-03-11,14,8,DIRECT,LIVREE,6426.00
353,2024-03-11,29,12,EN_LIGNE,LIVREE,7882.50
354,2024-03-11,1,7,GROSSISTE,EN_ATTENTE,13140.40
355,2024-03-11,17,2,EN_LIGNE,LIVREE,32836.65
356,2024-03-12,2,10,PARTENAIRE,LIVREE,15404.60
357,2024-03-12,25,6,GROSSISTE,LIVREE,17201.30
358,2024-03-12,16,6,DIRECT,LIVREE,12225.00
359,2024-03-12,11,2,DIRECT,LIVREE,4671.00
360,2024-03-12,2,12,GROSSISTE,LIVREE,180.00
361,2024-03-13,28,10,DIRECT,LIVREE,108.00
362,2024-03-13,12,10,DIRECT,LIVREE,4249.80
363,2024-03-13,12,8,DIRECT,LIVREE,10764.00
364,2024-03-13,7,3,GROSSISTE,LIVREE,29127.90
365,2024-03-13,16,6,DIRECT,LIVREE,41796.00
366,2024-03-14,21,4,PARTENAIRE,LIVREE,17131.80
367,2024-03-14,28,10,PARTENAIRE,EXPEDIEE,6539.45
368,2024-03-14,35,2,PARTENAIRE,EXPEDIEE,2040.00
369,2024-03-14,3,7,GROSSISTE,LIVREE,4960.25
370,2024-03-15,19,11,PARTENAIRE,LIVREE,2286.50
371,2024-03-15,9,5,EN_LIGNE,EXPEDIEE,1896.80
372,2024-03-15,15,12,GROSSISTE,LIVREE,8617.30
373,2024-03-15,30,6,DIRECT,LIVREE,1782.00
374,2024-03-15,18,2,EN_LIGNE,LIVREE,25844.50
375,2024-03-15,19,4,PARTENAIRE,LIVREE,6525.00
376,2024-03-15,38,5,PARTENAIRE,LIVREE,2166.00
377,2024-03-16,34,12,DIRECT,ANNULEE,0.00
378,2024-03-16,7,7,DIRECT,ANNULEE,0.00
379,2024-03-17,7,3,EN_LIGNE,LIVREE,21568.25
380,2024-03-17,29,2,GROSSISTE,LIVREE,19385.00
381,2024-03-17,14,8,EN_LIGNE,LIVREE,5913.75
382,2024-03-17,23,6,EN_LIGNE,ANNULEE,0.00
383,2024-03-17,14,2,GROSSISTE,LIVREE,10678.45
384,2024-03-17,16,3,PARTENAIRE,EXPEDIEE,16977.55
385,2024-03-17,11,8,EN_LIGNE,LIVREE,81.00
386,2024-03-17,27,6,DIRECT,LIVREE,6291.75
387,2024-03-18,26,5,PARTENAIRE,LIVREE,22564.00
388,2024-03-18,4,4,DIRECT,LIVREE,9695.30
389,2024-03-18,15,12,GROSSISTE,LIVREE,12519.00
390,2024-03-18,12,4,PARTENAIRE,EXPEDIEE,1450.00
391,2024-03-18,3,6,DIRECT,LIVREE,32200.90
392,2024-03-18,21,10,EN_LIGNE,LIVREE,14064.50
393,2024-03-18,31,3,GROSSISTE,LIVREE,998.00
394,2024-03-18,5,10,PARTENAIRE,LIVREE,5440.65
395,2024-03-19,16,3,GROSSISTE,ANNULEE,0.00
396,2024-03-19,2,3,PARTENAIRE,LIVREE,22637.65
397,2024-03-19,27,5,DIRECT,EN_ATTENTE,1350.00
398,2024-03-19,24,9,PARTENAIRE,LIVREE,498.00
399,2024-03-19,1,12,PARTENAIRE,LIVREE,6426.00
400,2024-03-19,40,3,PARTENAIRE,LIVREE,83.60
401,2024-03-19,4,5,GROSSISTE,ANNULEE,0.00
402,2024-03-19,35,7,PARTENAIRE,ANNULEE,0.00
403,2024-03-20,23,11,PARTENAIRE,LIVREE,37197.80
404,2024-03-20,16,5,GROSSISTE,LIVREE,10221.75
405,2024-03-20,24,1,EN_LIGNE,EXPEDIEE,15596.80
406,2024-03-20,36,5,DIRECT,LIVREE,12679.90
407,2024-03-21,30,6,EN_LIGNE,LIVREE,10234.50
408,2024-03-21,2,6,EN_LIGNE,LIVREE,8368.85
409,2024-03-22,28,1,EN_LIGNE,EN_ATTENTE,3952.85
410,2024-03-22,29,10,GROSSISTE,LIVREE,7551.50
411,2024-03-23,16,1,DIRECT,LIVREE,10612.00
412,2024-03-23,5,6,PARTENAIRE,LIVREE,29943.00
413,2024-03-23,21,4,GROSSISTE,LIVREE,1208.70
414,2024-03-23,25,7,PARTENAIRE,LIVREE,15393.90
415,2024-03-23,20,11,PARTENAIRE,LIVREE,855.00
416,2024-03-23,2,1,DIRECT,EXPEDIEE,8433.60
417,2024-03-24,10,9,PARTENAIRE,LIVREE,6890.25
418,2024-03-24,35,4,PARTENAIRE,EXPEDIEE,3036.75
419,2024-03-24,40,9,GROSSISTE,LIVREE,18732.60
420,2024-03-24,6,2,EN_LIGNE,LIVREE,52046.10
421,2024-03-24,22,2,DIRECT,LIVREE,2865.00
422,2024-03-25,3,7,EN_LIGNE,LIVREE,18241.75
423,2024-03-25,22,6,GROSSISTE,LIVREE,5479.80
424,2024-03-25,15,9,EN_LIGNE,LIVREE,96.00
425,2024-03-26,18,2,DIRECT,LIVREE,15670.00
426,2024-03-26,14,5,PARTENAIRE,LIVREE,21328.05
427,2024-03-26,29,9,EN_LIGNE,LIVREE,10107.00
428,2024-03-26,32,8,GROSSISTE,LIVREE,18852.00
429,2024-03-26,24,10,EN_LIGNE,LIVREE,4563.00
430,2024-03-26,27,11,GROSSISTE,EXPEDIEE,10042.00
431,2024-03-27,15,8,DIRECT,LIVREE,19572.30
432,2024-03-27,23,1,GROSSISTE,EN_ATTENTE,16571.40
433,2024-03-27,22,2,PARTENAIRE,EXPEDIEE,378.00
434,2024-03-27,32,1,GROSSISTE,LIVREE,1633.75
435,2024-03-28,29,3,DIRECT,LIVREE,12809.20
436,2024-03-28,35,2,DIRECT,LIVREE,3896.60
437,2024-03-28,4,6,DIRECT,LIVREE,3486.60
438,2024-03-28,14,6,EN_LIGNE,LIVREE,25716.20
439,2024-03-28,40,12,GROSSISTE,LIVREE,18273.20
440,2024-03-29,26,3,DIRECT,LIVREE,3720.00
441,2024-03-29,28,12,GROSSISTE,EXPEDIEE,455.00
442,2024-03-29,23,2,PARTENAIRE,LIVREE,1924.20
443,2024-03-29,13,12,GROSSISTE,LIVREE,20279.40
444,2024-03-29,32,3,GROSSISTE,LIVREE,1993.00
445,2024-03-29,19,7,DIRECT,LIVREE,2412.40
446,2024-03-29,18,9,EN_LIGNE,LIVREE,2062.00
447,2024-03-29,19,10,GROSSISTE,LIVREE,17718.20
448,2024-03-30,23,8,EN_LIGNE,LIVREE,13496.50
449,2024-03-30,27,7,GROSSISTE,LIVREE,190.00
450,2024-03-30,12,7,GROSSISTE,ANNULEE,0.00
451,2024-03-30,20,1,GROSSISTE,LIVREE,3213.00
452,2024-03-31,36,2,PARTENAIRE,EXPEDIEE,11370.00
453,2024-03-31,31,5,GROSSISTE,ANNULEE,0.00
454,2024-04-01,23,1,EN_LIGNE,ANNULEE,0.00
455,2024-04-01,27,3,PARTENAIRE,LIVREE,20189.70
456,2024-04-01,39,8,DIRECT,EXPEDIEE,2808.20
457,2024-04-02,14,11,EN_LIGNE,LIVREE,14890.80
458,2024-04-02,5,9,DIRECT,LIVREE,14223.00
459,2024-04-02,27,8,DIRECT,LIVREE,1758.40
460,2024-04-03,18,6,DIRECT,LIVREE,90.00
461,2024-04-03,9,8,EN_LIGNE,LIVREE,13582.00
462,2024-04-03,12,6,GROSSISTE,LIVREE,2040.00
463,2024-04-03,24,8,DIRECT,EN_ATTENTE,1659.00
464,2024-04-03,20,11,PARTENAIRE,LIVREE,4821.10
465,2024-04-03,11,12,PARTENAIRE,LIVREE,28338.65
466,2024-04-04,39,1,EN_LIGNE,LIVREE,4996.95
467,2024-04-04,29,4,DIRECT,EXPEDIEE,270.00
468,2024-04-04,11,12,PARTENAIRE,LIVREE,11163.50
469,2024-04-04,18,2,EN_LIGNE,EN_ATTENTE,1536.60
470,2024-04-04,30,3,GROSSISTE,LIVREE,3573.60
471,2024-04-04,17,12,GROSSISTE,LIVREE,1161.00
472,2024-04-05,20,2,DIRECT,LIVREE,12208.00
473,2024-04-05,33,5,EN_LIGNE,LIVREE,35052.00
474,2024-04-06,16,12,PARTENAIRE,EXPEDIEE,20968.00
475,2024-04-06,35,7,EN_LIGNE,LIVREE,9686.70
476,2024-04-06,20,8,EN_LIGNE,LIVREE,998.00
477,2024-04-06,30,2,EN_LIGNE,LIVREE,594.00
478,2024-04-07,7,1,GROSSISTE,LIVREE,5301.90
479,2024-04-07,13,2,GROSSISTE,LIVREE,3240.00
480,2024-04-07,33,10,EN_LIGNE,LIVREE,4399.05
481,2024-04-07,20,11,PARTENAIRE,EN_ATTENTE,25581.00
482,2024-04-07,11,9,GROSSISTE,LIVREE,1948.00
483,2024-04-07,6,5,GROSSISTE,EXPEDIEE,1935.00
484,2024-04-08,33,3,GROSSISTE,LIVREE,3465.00
485,2024-04-08,10,9,PARTENAIRE,LIVREE,18711.00
486,2024-04-08,13,12,DIRECT,LIVREE,11970.60
487,2024-04-08,34,1,EN_LIGNE,LIVREE,34277.10
488,2024-04-08,15,3,PARTENAIRE,LIVREE,12039.10
489,2024-04-08,1,6,DIRECT,LIVREE,6730.10
490,2024-04-09,19,3,PARTENAIRE,LIVREE,8379.70
491,2024-04-09,23,3,DIRECT,LIVREE,11667.00
492,2024-04-09,18,1,PARTENAIRE,LIVREE,5866.00
493,2024-04-09,2,3,DIRECT,LIVREE,2838.30
494,2024-04-09,33,2,EN_LIGNE,LIVREE,1116.00
495,2024-04-09,17,5,PARTENAIRE,ANNULEE,0.00
496,2024-04-10,3,1,PARTENAIRE,EXPEDIEE,21397.50
497,2024-04-10,25,4,PARTENAIRE,EN_ATTENTE,994.50
498,2024-04-10,37,11,GROSSISTE,LIVREE,13023.90
499,2024-04-10,9,8,EN_LIGNE,LIVREE,4137.00
500,2024-04-10,28,2,PARTENAIRE,LIVREE,2848.50
501,2024-04-11,15,1,EN_LIGNE,LIVREE,1281.00
502,2024-04-11,12,1,EN_LIGNE,EXPEDIEE,16066.00
503,2024-04-11,37,7,PARTENAIRE,EN_ATTENTE,5118.00
504,2024-04-11,1,7,GROSSISTE,LIVREE,16647.40
505,2024-04-11,30,8,PARTENAIRE,EXPEDIEE,6816.10
506,2024-04-12,17,9,EN_LIGNE,LIVREE,2668.40
507,2024-04-12,24,12,DIRECT,LIVREE,13059.90
508,2024-04-12,32,10,GROSSISTE,EXPEDIEE,20271.00
509,2024-04-12,30,4,EN_LIGNE,LIVREE,33797.20
510,2024-04-12,2,5,GROSSISTE,LIVREE,9113.20
511,2024-04-13,8,2,PARTENAIRE,LIVREE,15036.30
512,2024-04-13,40,4,GROSSISTE,EXPEDIEE,15009.75
513,2024-04-13,26,10,EN_LIGNE,EXPEDIEE,16141.45
514,2024-04-13,29,6,DIRECT,LIVREE,21466.40
515,2024-04-13,32,12,EN_LIGNE,LIVREE,1530.00
516,2024-04-13,35,1,GROSSISTE,LIVREE,3213.00
517,2024-04-13,22,1,GROSSISTE,EXPEDIEE,2947.60
518,2024-04-13,23,4,PARTENAIRE,EN_ATTENTE,16923.20
519,2024-04-14,7,6,PARTENAIRE,LIVREE,475.20
520,2024-04-14,10,6,GROSSISTE,EXPEDIEE,16554.00
521,2024-04-14,3,8,PARTENAIRE,LIVREE,12592.00
522,2024-04-14,29,3,PARTENAIRE,LIVREE,8306.40
523,2024-04-14,39,8,DIRECT,EXPEDIEE,140.40
524,2024-04-15,18,4,PARTENAIRE,ANNULEE,0.00
525,2024-04-15,5,10,PARTENAIRE,LIVREE,13473.00
526,2024-04-15,24,3,EN_LIGNE,LIVREE,16788.85
527,2024-04-15,23,8,GROSSISTE,EXPEDIEE,36321.50
528,2024-04-16,31,9,DIRECT,EN_ATTENTE,6715.45
529,2024-04-16,15,6,DIRECT,LIVREE,4397.40
530,2024-04-17,8,2,PARTENAIRE,LIVREE,3981.60
531,2024-04-17,39,2,GROSSISTE,LIVREE,2347.00
532,2024-04-17,24,2,GROSSISTE,LIVREE,15911.70
533,2024-04-17,32,6,DIRECT,LIVREE,3540.00
534,2024-04-18,21,4,DIRECT,LIVREE,1284.00
535,2024-04-18,24,11,GROSSISTE,LIVREE,18026.25
536,2024-04-18,20,3,EN_LIGNE,LIVREE,5933.00
537,2024-04-18,5,7,EN_LIGNE,LIVREE,3108.60
538,2024-04-18,19,1,PARTENAIRE,LIVREE,4472.70
539,2024-04-18,17,4,DIRECT,LIVREE,3546.90
540,2024-04-18,20,8,GROSSISTE,LIVREE,7136.00
541,2024-04-19,17,5,GROSSISTE,LIVREE,18495.00
542,2024-04-19,30,6,DIRECT,LIVREE,225.00
543,2024-04-19,34,12,EN_LIGNE,EXPEDIEE,4054.10
544,2024-04-20,37,4,PARTENAIRE,ANNULEE,0.00
545,2024-04-20,25,9,GROSSISTE,LIVREE,9684.20
546,2024-04-21,14,11,EN_LIGNE,LIVREE,2861.40
547,2024-04-21,16,10,DIRECT,LIVREE,4561.40
548,2024-04-21,7,11,PARTENAIRE,LIVREE,29988.00
549,2024-04-21,5,5,GROSSISTE,EXPEDIEE,424.65
550,2024-04-21,12,5,PARTENAIRE,LIVREE,16451.00
551,2024-04-21,27,8,DIRECT,LIVREE,2085.00
552,2024-04-22,8,3,EN_LIGNE,LIVREE,13813.50
553,2024-04-22,33,9,DIRECT,LIVREE,10964.05
554,2024-04-22,22,2,PARTENAIRE,LIVREE,28476.60
555,2024-04-23,35,9,PARTENAIRE,LIVREE,1041.00
556,2024-04-23,32,3,PARTENAIRE,LIVREE,1101.00
557,2024-04-23,7,3,GROSSISTE,ANNULEE,0.00
558,2024-04-23,30,2,GROSSISTE,LIVREE,9444.00
559,2024-04-23,23,4,GROSSISTE,LIVREE,9392.30
560,2024-04-23,10,3,EN_LIGNE,LIVREE,872.50
561,2024-04-23,37,3,EN_LIGNE,EXPEDIEE,4252.00
562,2024-04-24,22,2,PARTENAIRE,LIVREE,13737.60
563,2024-04-24,30,10,GROSSISTE,LIVREE,9400.50
564,2024-04-24,32,5,GROSSISTE,ANNULEE,0.00
565,2024-04-25,37,11,PARTENAIRE,LIVREE,8887.00
566,2024-04-25,36,6,GROSSISTE,LIVREE,16905.20
567,2024-04-25,30,12,EN_LIGNE,EN_ATTENTE,2517.00
568,2024-04-25,15,2,GROSSISTE,LIVREE,51.30
569,2024-04-25,24,9,GROSSISTE,LIVREE,26484.75
570,2024-04-26,15,8,DIRECT,LIVREE,21027.40
571,2024-04-26,15,6,DIRECT,LIVREE,828.00
572,2024-04-26,22,9,PARTENAIRE,EXPEDIEE,3741.00
573,2024-04-26,34,8,EN_LIGNE,LIVREE,120.00
574,2024-04-27,28,1,DIRECT,LIVREE,10250.70
575,2024-04-27,6,7,EN_LIGNE,LIVREE,2559.90
576,2024-04-28,16,5,PARTENAIRE,LIVREE,2490.00
577,2024-04-28,2,12,GROSSISTE,ANNULEE,0.00
578,2024-04-28,3,4,EN_LIGNE,LIVREE,535.50
579,2024-04-28,30,1,DIRECT,LIVREE,7257.00
580,2024-04-28,7,7,EN_LIGNE,EN_ATTENTE,24210.00
581,2024-04-28,29,10,PARTENAIRE,LIVREE,18779.85
582,2024-04-28,6,12,EN_LIGNE,LIVREE,28057.30
583,2024-04-29,8,12,EN_LIGNE,LIVREE,6526.00
584,2024-04-29,15,7,EN_LIGNE,EXPEDIEE,22.00
585,2024-04-29,37,12,DIRECT,LIVREE,12714.50
586,2024-04-29,40,11,DIRECT,LIVREE,22120.00
587,2024-04-29,23,6,EN_LIGNE,ANNULEE,0.00
588,2024-04-29,20,11,GROSSISTE,LIVREE,16216.00
589,2024-04-29,2,1,DIRECT,LIVREE,26344.90
590,2024-04-29,37,9,PARTENAIRE,LIVREE,1960.80
591,2024-04-30,31,12,EN_LIGNE,LIVREE,33542.10
592,2024-04-30,20,10,GROSSISTE,LIVREE,3427.00
593,2024-04-30,32,12,EN_LIGNE,LIVREE,17614.40
594,2024-04-30,11,6,EN_LIGNE,LIVREE,10233.00
595,2024-04-30,7,4,PARTENAIRE,EN_ATTENTE,25112.10
596,2024-04-30,23,6,GROSSISTE,ANNULEE,0.00
597,2024-05-01,9,10,EN_LIGNE,EXPEDIEE,26363.45
598,2024-05-01,4,8,GROSSISTE,LIVREE,15722.75
599,2024-05-01,22,8,GROSSISTE,LIVREE,5284.10
600,2024-05-01,35,3,EN_LIGNE,LIVREE,1784.25
601,2024-05-02,5,3,PARTENAIRE,LIVREE,1102.00
602,2024-05-02,29,8,DIRECT,LIVREE,5573.15
603,2024-05-03,32,4,DIRECT,LIVREE,10882.00
604,2024-05-03,10,10,DIRECT,LIVREE,35273.85
605,2024-05-03,10,10,EN_LIGNE,EN_ATTENTE,5035.50
606,2024-05-03,11,7,PARTENAIRE,LIVREE,33555.50
607,2024-05-03,19,10,GROSSISTE,LIVREE,39843.00
608,2024-05-04,31,1,DIRECT,LIVREE,387.00
609,2024-05-04,26,8,DIRECT,LIVREE,16996.90
610,2024-05-04,40,7,PARTENAIRE,LIVREE,210.00
611,2024-05-05,22,1,GROSSISTE,EXPEDIEE,24522.75
612,2024-05-05,16,3,PARTENAIRE,ANNULEE,0.00
613,2024-05-05,31,2,EN_LIGNE,ANNULEE,0.00
614,2024-05-06,1,8,PARTENAIRE,LIVREE,1704.00
615,2024-05-06,18,7,GROSSISTE,EN_ATTENTE,10891.20
616,2024-05-06,38,2,PARTENAIRE,LIVREE,744.65
617,2024-05-06,18,12,EN_LIGNE,LIVREE,23563.00
618,2024-05-06,33,6,PARTENAIRE,LIVREE,5670.00
619,2024-05-06,10,11,PARTENAIRE,LIVREE,6922.55
620,2024-05-06,20,11,PARTENAIRE,LIVREE,7866.00
621,2024-05-07,11,8,GROSSISTE,LIVREE,3145.20
622,2024-05-07,39,5,PARTENAIRE,LIVREE,2529.60
623,2024-05-07,31,4,DIRECT,LIVREE,11825.00
624,2024-05-07,18,5,GROSSISTE,LIVREE,16799.00
625,2024-05-07,35,1,GROSSISTE,LIVREE,10280.00
626,2024-05-08,23,7,DIRECT,LIVREE,1500.00
627,2024-05-08,25,6,GROSSISTE,LIVREE,8361.70
628,2024-05-09,34,12,EN_LIGNE,LIVREE,25391.75
629,2024-05-09,3,2,GROSSISTE,EN_ATTENTE,799.00
630,2024-05-09,6,1,GROSSISTE,ANNULEE,0.00
631,2024-05-09,1,12,GROSSISTE,LIVREE,18075.00
632,2024-05-09,23,9,PARTENAIRE,LIVREE,19421.00
633,2024-05-09,20,4,DIRECT,EN_ATTENTE,12480.60
634,2024-05-09,13,9,PARTENAIRE,LIVREE,4184.10
635,2024-05-10,12,7,DIRECT,LIVREE,1163.25
636,2024-05-10,26,1,EN_LIGNE,LIVREE,15604.25
637,2024-05-10,16,9,GROSSISTE,LIVREE,324.00
638,2024-05-10,21,12,EN_LIGNE,LIVREE,34257.40
639,2024-05-10,3,8,DIRECT,LIVREE,4536.00
640,2024-05-10,36,2,PARTENAIRE,LIVREE,3976.20
641,2024-05-10,22,1,EN_LIGNE,EN_ATTENTE,4590.00
642,2024-05-10,1,4,GROSSISTE,EXPEDIEE,4256.50
643,2024-05-11,36,11,GROSSISTE,LIVREE,19230.30
644,2024-05-11,16,4,EN_LIGNE,LIVREE,1047.20
645,2024-05-11,20,7,EN_LIGNE,EXPEDIEE,6161.25
646,2024-05-11,11,1,EN_LIGNE,LIVREE,1880.00
647,2024-05-11,8,1,GROSSISTE,LIVREE,17805.00
648,2024-05-11,28,5,PARTENAIRE,LIVREE,390.00
649,2024-05-11,40,7,PARTENAIRE,ANNULEE,0.00
650,2024-05-11,32,10,GROSSISTE,LIVREE,14256.00
651,2024-05-12,14,12,GROSSISTE,LIVREE,14779.00
652,2024-05-12,1,12,PARTENAIRE,EXPEDIEE,835.20
653,2024-05-12,31,2,EN_LIGNE,LIVREE,2008.80
654,2024-05-13,31,12,EN_LIGNE,LIVREE,12903.60
655,2024-05-13,1,8,PARTENAIRE,LIVREE,6647.85
656,2024-05-13,35,12,DIRECT,LIVREE,1420.20
657,2024-05-13,29,5,GROSSISTE,LIVREE,5115.00
658,2024-05-14,21,12,DIRECT,EN_ATTENTE,17412.15
659,2024-05-14,36,2,DIRECT,EXPEDIEE,9105.60
660,2024-05-14,22,11,GROSSISTE,ANNULEE,0.00
661,2024-05-15,26,10,PARTENAIRE,LIVREE,25854.60
662,2024-05-15,2,10,PARTENAIRE,LIVREE,7365.75
663,2024-05-15,18,3,PARTENAIRE,LIVREE,601.20
664,2024-05-15,10,5,DIRECT,LIVREE,12390.15
665,2024-05-15,21,1,GROSSISTE,EXPEDIEE,5362.75
666,2024-05-15,13,1,EN_LIGNE,LIVREE,6368.00
667,2024-05-15,27,5,GROSSISTE,LIVREE,24798.95
668,2024-05-16,14,7,GROSSISTE,LIVREE,16458.00
669,2024-05-16,28,2,PARTENAIRE,LIVREE,704.00
670,2024-05-16,6,7,EN_LIGNE,LIVREE,10917.40
671,2024-05-16,30,12,GROSSISTE,LIVREE,19911.50
672,2024-05-17,7,8,GROSSISTE,LIVREE,536.40
673,2024-05-17,1,6,DIRECT,LIVREE,18809.00
674,2024-05-17,35,9,PARTENAIRE,LIVREE,477.90
675,2024-05-17,38,2,GROSSISTE,LIVREE,38888.70
676,2024-05-18,22,8,EN_LIGNE,LIVREE,1513.10
677,2024-05-18,25,12,PARTENAIRE,LIVREE,11447.00
678,2024-05-19,30,5,EN_LIGNE,LIVREE,29268.15
679,2024-05-19,14,12,GROSSISTE,LIVREE,30833.00
680,2024-05-19,40,6,DIRECT,LIVREE,28525.10
681,2024-05-19,27,3,DIRECT,LIVREE,3744.45
682,2024-05-19,40,10,PARTENAIRE,LIVREE,645.00
683,2024-05-20,1,5,PARTENAIRE,LIVREE,6960.00
684,2024-05-20,31,10,PARTENAIRE,LIVREE,7728.35
685,2024-05-20,3,12,PARTENAIRE,EXPEDIEE,19354.50
686,2024-05-21,7,7,DIRECT,LIVREE,3059.70
687,2024-05-21,26,6,GROSSISTE,LIVREE,6724.10
688,2024-05-22,10,9,PARTENAIRE,LIVREE,3798.60
689,2024-05-22,16,3,PARTENAIRE,ANNULEE,0.00
690,2024-05-22,10,9,DIRECT,EXPEDIEE,9473.40
691,2024-05-22,38,1,GROSSISTE,LIVREE,17408.00
692,2024-05-22,34,10,GROSSISTE,LIVREE,534.00
693,2024-05-22,12,5,PARTENAIRE,LIVREE,22542.00
694,2024-05-22,13,12,DIRECT,LIVREE,1068.00
695,2024-05-23,35,2,PARTENAIRE,LIVREE,42.75
696,2024-05-23,38,4,GROSSISTE,LIVREE,4244.85
697,2024-05-24,32,6,PARTENAIRE,EXPEDIEE,32635.00
698,2024-05-24,21,6,PARTENAIRE,LIVREE,812.25
699,2024-05-24,30,7,EN_LIGNE,LIVREE,16526.40
700,2024-05-24,7,11,PARTENAIRE,EXPEDIEE,486.00
701,2024-05-24,5,2,DIRECT,LIVREE,26976.90
702,2024-05-24,38,6,GROSSISTE,LIVREE,666.90
703,2024-05-24,7,8,GROSSISTE,LIVREE,14848.80
704,2024-05-25,7,1,GROSSISTE,LIVREE,22000.00
705,2024-05-25,23,8,EN_LIGNE,LIVREE,13242.20
706,2024-05-25,26,2,GROSSISTE,LIVREE,131.10
707,2024-05-25,40,2,GROSSISTE,LIVREE,28880.90
708,2024-05-25,25,1,GROSSISTE,LIVREE,41076.00
709,2024-05-25,11,5,DIRECT,LIVREE,30170.25
710,2024-05-26,29,9,EN_LIGNE,LIVREE,5393.40
711,2024-05-26,19,6,PARTENAIRE,LIVREE,8856.00
712,2024-05-26,10,11,GROSSISTE,EN_ATTENTE,495.00
713,2024-05-26,1,1,DIRECT,EN_ATTENTE,1513.80
714,2024-05-26,18,4,DIRECT,LIVREE,15563.30
715,2024-05-26,35,2,DIRECT,LIVREE,20856.75
716,2024-05-27,28,8,DIRECT,LIVREE,11977.80
717,2024-05-27,12,5,DIRECT,LIVREE,45476.00
718,2024-05-27,27,1,DIRECT,LIVREE,42392.70
719,2024-05-27,27,6,EN_LIGNE,EXPEDIEE,10633.25
720,2024-05-27,2,7,GROSSISTE,LIVREE,16275.00
721,2024-05-27,22,6,PARTENAIRE,LIVREE,1392.90
722,2024-05-27,14,11,GROSSISTE,LIVREE,5526.00
723,2024-05-27,37,11,GROSSISTE,LIVREE,10940.55
724,2024-05-28,40,12,PARTENAIRE,LIVREE,998.45
725,2024-05-28,37,7,DIRECT,LIVREE,17100.00
726,2024-05-28,37,3,DIRECT,LIVREE,1845.00
727,2024-05-28,20,11,PARTENAIRE,LIVREE,83.60
728,2024-05-28,5,6,PARTENAIRE,LIVREE,16614.15
729,2024-05-28,8,9,PARTENAIRE,EXPEDIEE,25727.15
730,2024-05-28,39,4,EN_LIGNE,LIVREE,28715.50
731,2024-05-28,18,10,GROSSISTE,LIVREE,27056.00
732,2024-05-29,39,8,DIRECT,EN_ATTENTE,10197.00
733,2024-05-29,12,3,DIRECT,ANNULEE,0.00
734,2024-05-30,4,2,EN_LIGNE,LIVREE,19455.75
735,2024-05-30,11,4,EN_LIGNE,LIVREE,8913.60
736,2024-05-31,9,4,GROSSISTE,LIVREE,34797.60
737,2024-05-31,31,3,GROSSISTE,LIVREE,9283.90
738,2024-05-31,18,5,PARTENAIRE,LIVREE,15665.85
739,2024-05-31,5,2,EN_LIGNE,LIVREE,7003.05
740,2024-05-31,25,12,PARTENAIRE,EN_ATTENTE,10760.00
741,2024-05-31,30,5,EN_LIGNE,LIVREE,14020.15
742,2024-05-31,10,6,GROSSISTE,LIVREE,17050.00
743,2024-05-31,35,11,GROSSISTE,EN_ATTENTE,3209.25
744,2024-06-01,32,4,DIRECT,EXPEDIEE,148.20
745,2024-06-01,32,7,DIRECT,LIVREE,33370.00
746,2024-06-01,23,4,PARTENAIRE,LIVREE,21607.50
747,2024-06-01,3,10,GROSSISTE,LIVREE,11240.20
748,2024-06-01,10,4,GROSSISTE,LIVREE,1847.80
749,2024-06-01,40,3,EN_LIGNE,LIVREE,31971.00
750,2024-06-01,38,2,GROSSISTE,LIVREE,1848.00
751,2024-06-01,39,1,DIRECT,ANNULEE,0.00
752,2024-06-02,16,7,EN_LIGNE,LIVREE,9458.75
753,2024-06-02,12,10,DIRECT,LIVREE,95.00
754,2024-06-02,11,2,GROSSISTE,LIVREE,2319.30
755,2024-06-02,3,6,DIRECT,LIVREE,22059.15
756,2024-06-02,8,6,GROSSISTE,LIVREE,13240.60
757,2024-06-02,15,1,DIRECT,LIVREE,46281.15
758,2024-06-02,4,1,PARTENAIRE,EXPEDIEE,2446.00
759,2024-06-03,11,11,GROSSISTE,LIVREE,5438.40
760,2024-06-03,25,5,PARTENAIRE,LIVREE,19409.70
761,2024-06-03,39,7,PARTENAIRE,LIVREE,4220.00
762,2024-06-03,16,9,EN_LIGNE,LIVREE,6110.70
763,2024-06-03,14,1,DIRECT,EXPEDIEE,16874.05
764,2024-06-04,28,10,GROSSISTE,LIVREE,31081.95
765,2024-06-04,8,2,DIRECT,LIVREE,19474.65
766,2024-06-04,11,12,PARTENAIRE,LIVREE,9333.00
767,2024-06-05,10,7,PARTENAIRE,LIVREE,6613.00
768,2024-06-05,38,4,GROSSISTE,LIVREE,4511.70
769,2024-06-05,1,10,PARTENAIRE,LIVREE,19326.40
770,2024-06-06,1,4,GROSSISTE,LIVREE,4321.00
771,2024-06-06,17,11,DIRECT,LIVREE,18393.15
772,2024-06-06,3,6,EN_LIGNE,LIVREE,5633.30
773,2024-06-06,34,11,PARTENAIRE,EXPEDIEE,853.20
774,2024-06-06,18,6,DIRECT,LIVREE,14641.00
775,2024-06-06,25,7,PARTENAIRE,LIVREE,12112.20
776,2024-06-06,18,1,DIRECT,EN_ATTENTE,1085.85
777,2024-06-06,22,8,EN_LIGNE,LIVREE,16558.20
778,2024-06-07,33,11,PARTENAIRE,LIVREE,720.90
779,2024-06-07,26,6,GROSSISTE,LIVREE,19322.00
780,2024-06-07,2,7,GROSSISTE,LIVREE,3921.00
781,2024-06-07,26,9,EN_LIGNE,EN_ATTENTE,5802.00
782,2024-06-07,12,7,PARTENAIRE,LIVREE,14664.20
783,2024-06-07,33,2,DIRECT,LIVREE,232.20
784,2024-06-07,32,12,EN_LIGNE,LIVREE,18754.35
785,2024-06-08,35,10,GROSSISTE,LIVREE,21300.20
786,2024-06-08,9,10,EN_LIGNE,ANNULEE,0.00
787,2024-06-08,4,8,PARTENAIRE,LIVREE,3568.50
788,2024-06-08,24,10,DIRECT,LIVREE,10797.30
789,2024-06-08,14,10,PARTENAIRE,EN_ATTENTE,10031.00
790,2024-06-08,2,8,PARTENAIRE,LIVREE,41590.60
791,2024-06-08,30,7,EN_LIGNE,LIVREE,15921.00
792,2024-06-09,31,8,PARTENAIRE,ANNULEE,0.00
793,2024-06-09,31,3,GROSSISTE,LIVREE,529.20
794,2024-06-10,18,4,DIRECT,LIVREE,35852.00
795,2024-06-10,12,5,PARTENAIRE,EXPEDIEE,10803.40
796,2024-06-10,27,1,DIRECT,LIVREE,25580.80
797,2024-06-10,38,1,DIRECT,ANNULEE,0.00
798,2024-06-10,12,4,EN_LIGNE,LIVREE,20579.00
799,2024-06-10,23,11,PARTENAIRE,LIVREE,10407.15
800,2024-06-10,5,10,GROSSISTE,LIVREE,10595.50
801,2024-06-10,18,6,DIRECT,EN_ATTENTE,10453.80
802,2024-06-11,32,12,DIRECT,LIVREE,46647.90
803,2024-06-11,3,4,EN_LIGNE,LIVREE,5027.00
804,2024-06-11,31,11,PARTENAIRE,LIVREE,1580.00
805,2024-06-11,15,12,PARTENAIRE,LIVREE,3108.00
806,2024-06-12,6,4,DIRECT,LIVREE,23134.60
807,2024-06-12,23,8,EN_LIGNE,LIVREE,14710.30
808,2024-06-12,34,2,EN_LIGNE,EXPEDIEE,15993.00
809,2024-06-12,19,4,PARTENAIRE,EN_ATTENTE,4040.50
810,2024-06-12,7,12,EN_LIGNE,EXPEDIEE,24108.40
811,2024-06-12,31,9,DIRECT,EXPEDIEE,3039.00
812,2024-06-12,38,3,DIRECT,LIVREE,17475.00
813,2024-06-13,24,7,DIRECT,LIVREE,340.20
814,2024-06-13,2,9,EN_LIGNE,LIVREE,9977.85
815,2024-06-14,20,6,PARTENAIRE,LIVREE,5672.00
816,2024-06-14,24,3,EN_LIGNE,EXPEDIEE,26269.00
817,2024-06-14,19,10,EN_LIGNE,LIVREE,29017.50
818,2024-06-14,23,10,DIRECT,LIVREE,2250.30
819,2024-06-14,25,3,EN_LIGNE,EN_ATTENTE,14490.00
820,2024-06-14,24,1,GROSSISTE,LIVREE,3058.80
821,2024-06-15,35,3,GROSSISTE,LIVREE,11759.10
822,2024-06-15,27,4,EN_LIGNE,LIVREE,7089.00
823,2024-06-15,32,9,EN_LIGNE,LIVREE,2954.00
824,2024-06-15,26,6,EN_LIGNE,LIVREE,1139.80
825,2024-06-16,10,3,DIRECT,LIVREE,14259.65
826,2024-06-16,16,8,DIRECT,LIVREE,16715.70
827,2024-06-17,26,5,DIRECT,LIVREE,30515.75
828,2024-06-17,32,6,DIRECT,LIVREE,11687.00
829,2024-06-17,29,12,GROSSISTE,LIVREE,23482.60
830,2024-06-18,25,2,PARTENAIRE,LIVREE,3094.50
831,2024-06-18,29,8,PARTENAIRE,LIVREE,665.00
832,2024-06-18,16,2,GROSSISTE,LIVREE,4803.50
833,2024-06-18,8,2,DIRECT,LIVREE,10207.40
834,2024-06-18,19,7,EN_LIGNE,LIVREE,27695.50
835,2024-06-18,11,7,DIRECT,LIVREE,27530.40
836,2024-06-19,1,6,EN_LIGNE,LIVREE,1163.50
837,2024-06-19,24,10,DIRECT,LIVREE,18544.90
838,2024-06-19,30,9,EN_LIGNE,LIVREE,6008.15
839,2024-06-19,32,4,PARTENAIRE,ANNULEE,0.00
840,2024-06-19,9,5,EN_LIGNE,LIVREE,6288.00
841,2024-06-20,7,4,PARTENAIRE,EXPEDIEE,12383.05
842,2024-06-20,27,2,GROSSISTE,LIVREE,5979.20
843,2024-06-20,32,12,EN_LIGNE,LIVREE,4110.00
844,2024-06-21,16,3,PARTENAIRE,EXPEDIEE,6430.70
845,2024-06-21,13,2,GROSSISTE,EXPEDIEE,20992.00
846,2024-06-21,10,6,GROSSISTE,EXPEDIEE,25349.20
847,2024-06-21,21,1,GROSSISTE,LIVREE,2331.00
848,2024-06-21,15,4,EN_LIGNE,LIVREE,760.00
849,2024-06-21,7,7,EN_LIGNE,LIVREE,2616.20
850,2024-06-21,24,11,GROSSISTE,LIVREE,2850.00
851,2024-06-21,39,10,DIRECT,LIVREE,12713.60
852,2024-06-22,13,7,GROSSISTE,LIVREE,2249.75
853,2024-06-22,37,11,PARTENAIRE,LIVREE,23374.00
854,2024-06-22,36,3,EN_LIGNE,LIVREE,8943.55
855,2024-06-22,13,11,GROSSISTE,EXPEDIEE,25330.45
856,2024-06-22,2,11,DIRECT,LIVREE,32231.20
857,2024-06-22,2,5,PARTENAIRE,LIVREE,7719.20
858,2024-06-22,7,3,GROSSISTE,ANNULEE,0.00
859,2024-06-22,31,2,DIRECT,LIVREE,2245.90
860,2024-06-23,1,10,DIRECT,LIVREE,6361.20
861,2024-06-23,13,12,GROSSISTE,LIVREE,4322.00
862,2024-06-23,20,2,EN_LIGNE,EXPEDIEE,24698.30
863,2024-06-23,28,1,PARTENAIRE,EXPEDIEE,14714.00
864,2024-06-23,31,10,EN_LIGNE,LIVREE,20650.90
865,2024-06-23,16,1,PARTENAIRE,LIVREE,988.00
866,2024-06-23,7,8,GROSSISTE,LIVREE,5424.20
867,2024-06-24,38,8,EN_LIGNE,LIVREE,32446.30
868,2024-06-24,1,10,PARTENAIRE,LIVREE,28576.60
869,2024-06-24,31,12,EN_LIGNE,LIVREE,4434.30
870,2024-06-24,8,4,PARTENAIRE,LIVREE,210.00
871,2024-06-25,37,10,EN_LIGNE,LIVREE,773.40
872,2024-06-25,21,11,GROSSISTE,EXPEDIEE,10682.40
873,2024-06-25,14,10,DIRECT,LIVREE,2098.00
874,2024-06-25,36,1,GROSSISTE,LIVREE,17614.85
875,2024-06-25,28,5,PARTENAIRE,EXPEDIEE,270.00
876,2024-06-25,27,7,PARTENAIRE,LIVREE,35570.95
877,2024-06-25,35,9,PARTENAIRE,EN_ATTENTE,988.00
878,2024-06-25,10,11,PARTENAIRE,LIVREE,12980.20
879,2024-06-26,5,1,PARTENAIRE,LIVREE,19396.80
880,2024-06-26,27,2,PARTENAIRE,LIVREE,4969.00
881,2024-06-26,17,3,PARTENAIRE,LIVREE,21112.10
882,2024-06-26,38,8,DIRECT,LIVREE,3596.00
883,2024-06-26,16,3,DIRECT,LIVREE,19639.00
884,2024-06-26,24,4,GROSSISTE,LIVREE,20021.60
885,2024-06-26,10,6,PARTENAIRE,LIVREE,16767.00
886,2024-06-27,9,10,EN_LIGNE,LIVREE,6490.00
887,2024-06-27,24,5,EN_LIGNE,LIVREE,44719.00
888,2024-06-27,35,12,EN_LIGNE,LIVREE,12238.85
889,2024-06-27,31,5,GROSSISTE,EN_ATTENTE,6718.75
890,2024-06-27,6,10,EN_LIGNE,LIVREE,11821.50
891,2024-06-27,5,10,PARTENAIRE,LIVREE,2175.00
892,2024-06-27,28,6,DIRECT,LIVREE,427.20
893,2024-06-28,17,3,PARTENAIRE,ANNULEE,0.00
894,2024-06-28,11,2,PARTENAIRE,LIVREE,342.00
895,2024-06-28,11,6,GROSSISTE,LIVREE,2959.00
896,2024-06-29,17,10,PARTENAIRE,LIVREE,8938.80
897,2024-06-29,7,3,GROSSISTE,EXPEDIEE,17341.25
898,2024-06-29,18,2,GROSSISTE,ANNULEE,0.00
899,2024-06-29,21,11,DIRECT,LIVREE,1250.40
900,2024-06-30,21,6,PARTENAIRE,EXPEDIEE,24481.00
901,2024-06-30,18,7,GROSSISTE,EXPEDIEE,365.80
902,2024-07-01,13,7,PARTENAIRE,LIVREE,513.60
903,2024-07-01,10,9,GROSSISTE,LIVREE,20430.55
904,2024-07-01,18,1,PARTENAIRE,LIVREE,4333.00
905,2024-07-01,38,1,EN_LIGNE,ANNULEE,0.00
906,2024-07-01,34,12,DIRECT,EXPEDIEE,17589.10
907,2024-07-01,32,7,DIRECT,LIVREE,5765.00
908,2024-07-02,20,2,DIRECT,LIVREE,3402.00
909,2024-07-02,32,7,EN_LIGNE,LIVREE,31331.40
910,2024-07-02,1,11,DIRECT,LIVREE,4575.80
911,2024-07-02,19,8,GROSSISTE,EN_ATTENTE,23376.75
912,2024-07-03,28,4,EN_LIGNE,LIVREE,5610.15
913,2024-07-03,40,6,EN_LIGNE,LIVREE,26381.50
914,2024-07-03,22,11,PARTENAIRE,EN_ATTENTE,7795.00
915,2024-07-03,26,1,DIRECT,EXPEDIEE,9842.05
916,2024-07-03,20,11,PARTENAIRE,LIVREE,34933.60
917,2024-07-03,14,8,PARTENAIRE,EN_ATTENTE,8505.00
918,2024-07-04,16,6,DIRECT,ANNULEE,0.00
919,2024-07-04,27,8,DIRECT,LIVREE,2535.00
920,2024-07-04,15,2,EN_LIGNE,LIVREE,15661.50
921,2024-07-04,20,1,GROSSISTE,LIVREE,162.00
922,2024-07-04,17,3,GROSSISTE,EXPEDIEE,26742.10
923,2024-07-04,27,1,EN_LIGNE,LIVREE,10376.10
924,2024-07-04,8,9,PARTENAIRE,LIVREE,6414.10
925,2024-07-05,26,6,EN_LIGNE,EXPEDIEE,8083.80
926,2024-07-05,40,1,DIRECT,ANNULEE,0.00
927,2024-07-05,40,12,PARTENAIRE,LIVREE,346.50
928,2024-07-06,22,7,DIRECT,LIVREE,9977.85
929,2024-07-06,18,4,EN_LIGNE,LIVREE,704.00
930,2024-07-07,34,6,GROSSISTE,EN_ATTENTE,9185.40
931,2024-07-07,25,1,GROSSISTE,LIVREE,4410.00
932,2024-07-07,5,6,PARTENAIRE,LIVREE,14310.00
933,2024-07-07,1,5,PARTENAIRE,LIVREE,23667.40
934,2024-07-07,13,7,PARTENAIRE,EN_ATTENTE,16955.50
935,2024-07-07,31,2,DIRECT,LIVREE,23622.20
936,2024-07-07,18,11,DIRECT,LIVREE,345.00
937,2024-07-07,1,11,DIRECT,EN_ATTENTE,1363.10
938,2024-07-08,3,1,DIRECT,LIVREE,14504.55
939,2024-07-08,19,4,PARTENAIRE,LIVREE,12384.30
940,2024-07-09,35,6,GROSSISTE,LIVREE,27349.00
941,2024-07-09,37,5,PARTENAIRE,LIVREE,11345.90
942,2024-07-09,8,7,DIRECT,EXPEDIEE,7221.00
943,2024-07-09,18,11,DIRECT,EXPEDIEE,1334.00
944,2024-07-09,2,12,GROSSISTE,LIVREE,812.10
945,2024-07-09,30,11,EN_LIGNE,EXPEDIEE,3532.15
946,2024-07-10,34,3,GROSSISTE,LIVREE,236.55
947,2024-07-10,37,3,EN_LIGNE,LIVREE,2613.90
948,2024-07-10,20,5,EN_LIGNE,LIVREE,22550.00
949,2024-07-10,25,10,PARTENAIRE,LIVREE,5807.10
950,2024-07-10,25,8,EN_LIGNE,LIVREE,17505.00
951,2024-07-10,5,4,DIRECT,LIVREE,13783.20
952,2024-07-11,4,7,DIRECT,LIVREE,22475.00
953,2024-07-11,38,6,EN_LIGNE,LIVREE,4614.00
954,2024-07-11,8,8,GROSSISTE,LIVREE,665.00
955,2024-07-11,13,12,GROSSISTE,LIVREE,4796.55
956,2024-07-11,21,6,GROSSISTE,LIVREE,3300.75
957,2024-07-11,1,9,EN_LIGNE,LIVREE,933.30
958,2024-07-11,14,10,DIRECT,EXPEDIEE,6584.00
959,2024-07-11,8,2,DIRECT,ANNULEE,0.00
960,2024-07-12,37,10,DIRECT,LIVREE,16785.00
961,2024-07-12,4,8,PARTENAIRE,LIVREE,2049.00
962,2024-07-12,37,9,PARTENAIRE,LIVREE,3407.30
963,2024-07-12,15,4,EN_LIGNE,LIVREE,7525.90
964,2024-07-12,27,2,EN_LIGNE,LIVREE,3959.00
965,2024-07-12,10,9,PARTENAIRE,LIVREE,7579.50
966,2024-07-12,24,11,GROSSISTE,ANNULEE,0.00
967,2024-07-12,25,6,EN_LIGNE,EXPEDIEE,19131.00
968,2024-07-13,27,9,GROSSISTE,LIVREE,12134.25
969,2024-07-13,32,7,EN_LIGNE,LIVREE,7418.30
970,2024-07-13,40,11,DIRECT,LIVREE,2094.00
971,2024-07-14,28,3,PARTENAIRE,EN_ATTENTE,12747.25
972,2024-07-14,4,2,DIRECT,LIVREE,2047.10
973,2024-07-15,22,9,DIRECT,LIVREE,3806.55
974,2024-07-15,10,6,EN_LIGNE,EXPEDIEE,8986.50
975,2024-07-15,38,12,DIRECT,EXPEDIEE,641.25
976,2024-07-15,23,12,EN_LIGNE,LIVREE,812.00
977,2024-07-15,13,12,PARTENAIRE,LIVREE,23648.50
978,2024-07-15,32,5,GROSSISTE,EXPEDIEE,12458.10
979,2024-07-16,40,7,GROSSISTE,LIVREE,6087.00
980,2024-07-16,21,10,DIRECT,EXPEDIEE,28542.00
981,2024-07-16,20,4,DIRECT,LIVREE,14353.80
982,2024-07-16,16,4,DIRECT,EXPEDIEE,4194.00
983,2024-07-16,32,7,EN_LIGNE,LIVREE,45721.20
984,2024-07-16,33,12,EN_LIGNE,LIVREE,768.00
985,2024-07-16,28,4,EN_LIGNE,LIVREE,1357.00
986,2024-07-17,29,3,PARTENAIRE,LIVREE,1092.00
987,2024-07-17,22,1,EN_LIGNE,LIVREE,5908.00
988,2024-07-17,17,10,PARTENAIRE,LIVREE,4792.90
989,2024-07-17,27,7,PARTENAIRE,LIVREE,7697.90
990,2024-07-17,24,8,DIRECT,EN_ATTENTE,414.00
991,2024-07-18,28,1,EN_LIGNE,LIVREE,7391.00
992,2024-07-18,40,11,EN_LIGNE,LIVREE,12984.05
993,2024-07-19,38,3,EN_LIGNE,EXPEDIEE,7808.70
994,2024-07-19,1,7,GROSSISTE,LIVREE,3595.50
995,2024-07-19,4,10,GROSSISTE,LIVREE,15798.00
996,2024-07-19,39,3,DIRECT,LIVREE,5257.85
997,2024-07-19,27,4,GROSSISTE,LIVREE,12982.10
998,2024-07-20,7,8,PARTENAIRE,LIVREE,13295.65
999,2024-07-20,38,11,GROSSISTE,EXPEDIEE,32651.00
1000,2024-07-20,28,3,PARTENAIRE,EN_ATTENTE,10737.45
1001,2024-07-20,13,2,GROSSISTE,EN_ATTENTE,12306.80
1002,2024-07-21,21,2,DIRECT,ANNULEE,0.00
1003,2024-07-21,8,7,DIRECT,EXPEDIEE,10629.10
1004,2024-07-21,28,4,GROSSISTE,LIVREE,27322.00
1005,2024-07-21,39,4,GROSSISTE,LIVREE,6552.80
1006,2024-07-21,14,1,EN_LIGNE,LIVREE,18829.90
1007,2024-07-21,11,8,EN_LIGNE,LIVREE,8644.00
1008,2024-07-21,16,6,DIRECT,LIVREE,18514.00
1009,2024-07-22,13,10,DIRECT,EXPEDIEE,784.20
1010,2024-07-22,16,1,DIRECT,LIVREE,3754.80
1011,2024-07-22,38,10,EN_LIGNE,LIVREE,2964.00
1012,2024-07-23,12,9,PARTENAIRE,LIVREE,1560.00
1013,2024-07-23,25,11,GROSSISTE,EN_ATTENTE,5205.00
1014,2024-07-23,38,9,GROSSISTE,LIVREE,7417.50
1015,2024-07-23,33,1,PARTENAIRE,EXPEDIEE,5419.00
1016,2024-07-23,1,12,PARTENAIRE,LIVREE,2621.70
1017,2024-07-23,38,1,EN_LIGNE,LIVREE,1724.10
1018,2024-07-24,22,12,EN_LIGNE,LIVREE,3036.20
1019,2024-07-24,22,5,DIRECT,EN_ATTENTE,22964.60
1020,2024-07-24,16,10,GROSSISTE,ANNULEE,0.00
1021,2024-07-24,14,9,GROSSISTE,ANNULEE,0.00
1022,2024-07-24,5,3,GROSSISTE,ANNULEE,0.00
1023,2024-07-24,9,10,GROSSISTE,ANNULEE,0.00
1024,2024-07-25,26,1,DIRECT,EXPEDIEE,10929.60
1025,2024-07-25,9,3,EN_LIGNE,LIVREE,3596.00
1026,2024-07-26,7,3,GROSSISTE,LIVREE,514.00
1027,2024-07-26,24,7,DIRECT,LIVREE,20919.00
1028,2024-07-26,5,9,DIRECT,LIVREE,27979.60
1029,2024-07-27,6,2,DIRECT,LIVREE,84.55
1030,2024-07-27,4,6,DIRECT,LIVREE,5470.10
1031,2024-07-27,20,1,GROSSISTE,LIVREE,32852.00
1032,2024-07-27,28,2,GROSSISTE,EXPEDIEE,1502.10
1033,2024-07-27,12,10,PARTENAIRE,LIVREE,857.85
1034,2024-07-27,40,9,GROSSISTE,ANNULEE,0.00
1035,2024-07-27,4,5,GROSSISTE,EN_ATTENTE,12876.95
1036,2024-07-28,6,10,EN_LIGNE,LIVREE,1305.00
1037,2024-07-28,23,7,PARTENAIRE,LIVREE,4590.00
1038,2024-07-28,23,3,EN_LIGNE,LIVREE,8274.00
1039,2024-07-28,35,12,EN_LIGNE,LIVREE,597.00
1040,2024-07-28,22,8,GROSSISTE,ANNULEE,0.00
1041,2024-07-28,30,2,EN_LIGNE,LIVREE,15358.65
1042,2024-07-29,8,5,EN_LIGNE,LIVREE,14076.00
1043,2024-07-29,38,11,PARTENAIRE,EN_ATTENTE,4370.85
1044,2024-07-29,23,12,PARTENAIRE,LIVREE,990.00
1045,2024-07-29,18,3,PARTENAIRE,LIVREE,33352.05
1046,2024-07-29,19,1,PARTENAIRE,LIVREE,22130.70
1047,2024-07-29,39,2,PARTENAIRE,LIVREE,1598.00
1048,2024-07-29,22,1,GROSSISTE,LIVREE,1275.85
1049,2024-07-29,1,12,GROSSISTE,EXPEDIEE,14274.00
1050,2024-07-30,9,3,EN_LIGNE,LIVREE,9818.10
1051,2024-07-30,10,4,PARTENAIRE,LIVREE,16359.10
1052,2024-07-30,22,5,DIRECT,EN_ATTENTE,4571.00
1053,2024-07-30,20,5,EN_LIGNE,LIVREE,3439.00
1054,2024-07-30,33,6,PARTENAIRE,LIVREE,3537.00
1055,2024-07-30,8,7,EN_LIGNE,LIVREE,2384.00
1056,2024-07-30,19,1,PARTENAIRE,LIVREE,1278.10
1057,2024-07-30,37,4,PARTENAIRE,EXPEDIEE,1264.00
1058,2024-07-31,14,1,DIRECT,LIVREE,5004.60
1059,2024-07-31,30,9,GROSSISTE,LIVREE,28658.20
1060,2024-07-31,37,8,GROSSISTE,ANNULEE,0.00
1061,2024-07-31,26,8,DIRECT,LIVREE,4804.40
1062,2024-07-31,1,1,DIRECT,ANNULEE,0.00
1063,2024-08-01,33,6,GROSSISTE,LIVREE,3909.00
1064,2024-08-01,34,5,EN_LIGNE,LIVREE,19254.20
1065,2024-08-01,8,4,PARTENAIRE,LIVREE,15064.90
1066,2024-08-01,37,12,DIRECT,EXPEDIEE,9346.80
1067,2024-08-01,31,8,GROSSISTE,LIVREE,2153.70
1068,2024-08-01,12,3,DIRECT,LIVREE,25240.05
1069,2024-08-01,23,8,GROSSISTE,EN_ATTENTE,2240.00
1070,2024-08-01,39,7,PARTENAIRE,LIVREE,8235.00
1071,2024-08-02,39,1,EN_LIGNE,LIVREE,4723.25
1072,2024-08-02,11,12,DIRECT,LIVREE,5871.00
1073,2024-08-02,27,1,DIRECT,EN_ATTENTE,19397.40
1074,2024-08-02,16,6,DIRECT,LIVREE,2079.00
1075,2024-08-02,14,11,DIRECT,LIVREE,39943.95
1076,2024-08-02,21,5,DIRECT,LIVREE,4513.20
1077,2024-08-03,23,5,EN_LIGNE,LIVREE,30042.90
1078,2024-08-03,5,2,EN_LIGNE,EXPEDIEE,1275.85
1079,2024-08-03,1,11,EN_LIGNE,LIVREE,7441.50
1080,2024-08-03,14,4,GROSSISTE,LIVREE,11194.40
1081,2024-08-03,19,3,PARTENAIRE,LIVREE,4877.60
1082,2024-08-04,5,8,PARTENAIRE,LIVREE,31344.15
1083,2024-08-04,37,6,EN_LIGNE,LIVREE,16831.80
1084,2024-08-04,16,8,DIRECT,LIVREE,22340.10
1085,2024-08-04,17,5,GROSSISTE,LIVREE,5416.80
1086,2024-08-05,25,2,GROSSISTE,EXPEDIEE,17205.45
1087,2024-08-05,29,12,GROSSISTE,LIVREE,5776.00
1088,2024-08-05,4,5,GROSSISTE,LIVREE,40650.10
1089,2024-08-05,39,9,GROSSISTE,LIVREE,17543.00
1090,2024-08-06,34,3,GROSSISTE,LIVREE,10940.00
1091,2024-08-06,31,7,EN_LIGNE,EXPEDIEE,4597.00
1092,2024-08-06,23,10,EN_LIGNE,ANNULEE,0.00
1093,2024-08-06,4,7,EN_LIGNE,LIVREE,13108.20
1094,2024-08-07,14,11,GROSSISTE,EXPEDIEE,11432.70
1095,2024-08-07,23,10,EN_LIGNE,EN_ATTENTE,8255.95
1096,2024-08-07,31,12,GROSSISTE,LIVREE,356.40
1097,2024-08-07,9,2,PARTENAIRE,LIVREE,29424.20
1098,2024-08-07,3,2,EN_LIGNE,LIVREE,24150.40
1099,2024-08-07,29,6,DIRECT,LIVREE,114.00
1100,2024-08-07,35,2,PARTENAIRE,LIVREE,20064.65
1101,2024-08-07,30,1,DIRECT,LIVREE,3890.10
1102,2024-08-08,31,4,DIRECT,LIVREE,29081.95
1103,2024-08-08,13,9,GROSSISTE,ANNULEE,0.00
1104,2024-08-08,2,1,DIRECT,EXPEDIEE,2713.00
1105,2024-08-08,31,2,DIRECT,LIVREE,9033.40
1106,2024-08-08,11,11,GROSSISTE,EXPEDIEE,11974.20
1107,2024-08-08,30,8,DIRECT,LIVREE,11694.00
1108,2024-08-08,19,4,EN_LIGNE,LIVREE,11073.10
1109,2024-08-09,22,7,PARTENAIRE,LIVREE,4126.00
1110,2024-08-09,10,11,GROSSISTE,LIVREE,23531.15
1111,2024-08-09,26,7,PARTENAIRE,LIVREE,9325.30
1112,2024-08-09,17,9,EN_LIGNE,LIVREE,21253.40
1113,2024-08-10,19,9,DIRECT,ANNULEE,0.00
1114,2024-08-10,5,2,DIRECT,LIVREE,1916.00
1115,2024-08-10,36,1,EN_LIGNE,LIVREE,9951.60
1116,2024-08-11,3,6,DIRECT,LIVREE,6121.80
1117,2024-08-11,34,1,GROSSISTE,LIVREE,12974.00
1118,2024-08-11,15,4,EN_LIGNE,LIVREE,760.00
1119,2024-08-12,16,9,EN_LIGNE,LIVREE,3546.90
1120,2024-08-12,6,4,PARTENAIRE,EN_ATTENTE,11606.40
1121,2024-08-12,10,11,EN_LIGNE,LIVREE,33495.00
1122,2024-08-12,9,3,DIRECT,LIVREE,2103.00
1123,2024-08-13,15,3,PARTENAIRE,LIVREE,1134.00
1124,2024-08-13,29,4,DIRECT,EXPEDIEE,1360.80
1125,2024-08-13,13,3,DIRECT,LIVREE,26349.05
1126,2024-08-13,32,10,PARTENAIRE,LIVREE,18229.00
1127,2024-08-13,13,10,DIRECT,LIVREE,27060.00
1128,2024-08-13,3,12,GROSSISTE,EXPEDIEE,239.40
1129,2024-08-13,6,7,EN_LIGNE,LIVREE,19367.00
1130,2024-08-13,34,3,EN_LIGNE,LIVREE,4167.15
1131,2024-08-14,2,5,GROSSISTE,LIVREE,3652.00
1132,2024-08-14,25,4,GROSSISTE,ANNULEE,0.00
1133,2024-08-14,38,4,PARTENAIRE,LIVREE,40727.15
1134,2024-08-14,30,5,GROSSISTE,LIVREE,24105.00
1135,2024-08-14,25,7,PARTENAIRE,LIVREE,5306.20
1136,2024-08-14,20,9,DIRECT,LIVREE,17879.70
1137,2024-08-14,8,3,GROSSISTE,EXPEDIEE,120.00
1138,2024-08-14,9,9,PARTENAIRE,LIVREE,7096.50
1139,2024-08-15,34,12,DIRECT,LIVREE,3200.70
1140,2024-08-15,34,2,PARTENAIRE,LIVREE,15649.20
1141,2024-08-16,32,9,DIRECT,LIVREE,9976.20
1142,2024-08-16,25,11,EN_LIGNE,LIVREE,42639.50
1143,2024-08-17,33,1,PARTENAIRE,EXPEDIEE,270.00
1144,2024-08-17,17,3,PARTENAIRE,EXPEDIEE,7833.80
1145,2024-08-17,26,8,EN_LIGNE,EXPEDIEE,7249.65
1146,2024-08-17,19,6,DIRECT,EXPEDIEE,21709.15
1147,2024-08-18,20,1,PARTENAIRE,LIVREE,25828.00
1148,2024-08-18,40,1,DIRECT,LIVREE,11438.30
1149,2024-08-18,21,2,PARTENAIRE,LIVREE,14274.00
1150,2024-08-19,14,12,GROSSISTE,EN_ATTENTE,24562.60
1151,2024-08-19,39,8,DIRECT,EXPEDIEE,12623.40
1152,2024-08-19,2,7,GROSSISTE,LIVREE,34916.25
1153,2024-08-20,4,2,EN_LIGNE,LIVREE,3778.25
1154,2024-08-20,6,4,DIRECT,LIVREE,14170.00
1155,2024-08-21,25,12,PARTENAIRE,LIVREE,825.00
1156,2024-08-21,20,3,EN_LIGNE,LIVREE,36003.80
1157,2024-08-21,8,4,PARTENAIRE,LIVREE,1200.80
1158,2024-08-21,24,1,EN_LIGNE,EXPEDIEE,26471.00
1159,2024-08-21,4,3,PARTENAIRE,LIVREE,5739.50
1160,2024-08-21,27,6,EN_LIGNE,LIVREE,11712.70
1161,2024-08-22,3,5,GROSSISTE,LIVREE,5977.75
1162,2024-08-22,26,5,PARTENAIRE,EN_ATTENTE,114.00
1163,2024-08-22,27,3,DIRECT,LIVREE,5802.00
1164,2024-08-22,7,11,PARTENAIRE,LIVREE,16717.60
1165,2024-08-22,18,10,GROSSISTE,EXPEDIEE,4474.30
1166,2024-08-22,5,4,EN_LIGNE,LIVREE,1093.00
1167,2024-08-23,17,6,PARTENAIRE,LIVREE,25431.00
1168,2024-08-23,29,3,DIRECT,LIVREE,11117.00
1169,2024-08-23,8,9,DIRECT,LIVREE,21219.60
1170,2024-08-23,21,1,GROSSISTE,LIVREE,16353.10
1171,2024-08-23,14,12,GROSSISTE,EN_ATTENTE,45289.55
1172,2024-08-23,28,1,DIRECT,LIVREE,15827.00
1173,2024-08-23,4,12,GROSSISTE,ANNULEE,0.00
1174,2024-08-23,27,7,PARTENAIRE,LIVREE,2107.50
1175,2024-08-24,32,11,DIRECT,LIVREE,9452.70
1176,2024-08-24,25,6,EN_LIGNE,EXPEDIEE,22866.00
1177,2024-08-24,28,6,DIRECT,LIVREE,60374.80
1178,2024-08-24,13,2,GROSSISTE,EN_ATTENTE,15832.80
1179,2024-08-25,10,4,PARTENAIRE,LIVREE,9766.00
1180,2024-08-25,9,4,GROSSISTE,EXPEDIEE,20227.50
1181,2024-08-25,20,6,PARTENAIRE,LIVREE,5098.00
1182,2024-08-26,11,7,PARTENAIRE,LIVREE,30828.50
1183,2024-08-26,27,2,GROSSISTE,LIVREE,12959.80
1184,2024-08-26,8,10,EN_LIGNE,ANNULEE,0.00
1185,2024-08-26,1,4,EN_LIGNE,LIVREE,11684.80
1186,2024-08-26,27,10,PARTENAIRE,LIVREE,6972.75
1187,2024-08-26,15,6,EN_LIGNE,LIVREE,11504.70
1188,2024-08-27,2,12,GROSSISTE,LIVREE,572.00
1189,2024-08-27,33,4,PARTENAIRE,EXPEDIEE,12481.20
1190,2024-08-27,32,11,PARTENAIRE,LIVREE,20147.40
1191,2024-08-27,9,8,EN_LIGNE,LIVREE,6155.75
1192,2024-08-27,36,2,PARTENAIRE,LIVREE,5149.65
1193,2024-08-27,38,11,GROSSISTE,LIVREE,4360.50
1194,2024-08-27,6,11,PARTENAIRE,LIVREE,6604.25
1195,2024-08-28,3,9,EN_LIGNE,LIVREE,9897.75
1196,2024-08-28,20,1,PARTENAIRE,LIVREE,20262.00
1197,2024-08-28,23,4,GROSSISTE,LIVREE,22941.70
1198,2024-08-28,30,6,DIRECT,EXPEDIEE,10450.50
1199,2024-08-28,18,10,PARTENAIRE,LIVREE,15970.20
1200,2024-08-28,7,2,DIRECT,LIVREE,1195.95
1201,2024-08-28,28,3,DIRECT,LIVREE,1299.00
1202,2024-08-28,31,8,PARTENAIRE,LIVREE,14381.60
1203,2024-08-29,20,10,EN_LIGNE,LIVREE,2475.00
1204,2024-08-29,32,5,EN_LIGNE,LIVREE,4870.50
1205,2024-08-29,39,3,EN_LIGNE,LIVREE,11459.70
1206,2024-08-30,30,11,PARTENAIRE,LIVREE,37310.50
1207,2024-08-30,22,12,EN_LIGNE,LIVREE,3816.00
1208,2024-08-30,3,6,DIRECT,LIVREE,10229.20
1209,2024-08-30,38,2,PARTENAIRE,LIVREE,10731.10
1210,2024-08-31,18,3,GROSSISTE,ANNULEE,0.00
1211,2024-08-31,2,2,EN_LIGNE,ANNULEE,0.00
1212,2024-08-31,35,6,GROSSISTE,LIVREE,7461.45
1213,2024-08-31,7,3,GROSSISTE,LIVREE,5366.50
1214,2024-09-01,7,9,DIRECT,LIVREE,1623.95
1215,2024-09-01,16,4,EN_LIGNE,LIVREE,12506.55
1216,2024-09-01,11,4,GROSSISTE,EN_ATTENTE,25780.80
1217,2024-09-01,4,5,GROSSISTE,LIVREE,643.50
1218,2024-09-01,27,6,EN_LIGNE,LIVREE,18118.05
1219,2024-09-01,34,7,DIRECT,EXPEDIEE,4336.00
1220,2024-09-02,38,6,EN_LIGNE,LIVREE,14913.00
1221,2024-09-02,26,12,GROSSISTE,LIVREE,4378.00
1222,2024-09-02,3,6,DIRECT,LIVREE,7199.10
1223,2024-09-02,36,10,EN_LIGNE,LIVREE,985.00
1224,2024-09-03,36,11,GROSSISTE,ANNULEE,0.00
1225,2024-09-03,30,11,DIRECT,EN_ATTENTE,936.00
1226,2024-09-03,30,2,EN_LIGNE,LIVREE,8498.40
1227,2024-09-03,40,2,GROSSISTE,LIVREE,1436.40
1228,2024-09-03,9,8,GROSSISTE,LIVREE,1156.00
1229,2024-09-04,12,3,EN_LIGNE,ANNULEE,0.00
1230,2024-09-04,11,5,DIRECT,LIVREE,12385.80
1231,2024-09-05,11,10,DIRECT,EXPEDIEE,11082.50
1232,2024-09-05,36,12,EN_LIGNE,LIVREE,3273.80
1233,2024-09-05,22,8,GROSSISTE,LIVREE,2106.05
1234,2024-09-05,2,11,EN_LIGNE,EN_ATTENTE,857.20
1235,2024-09-05,38,9,PARTENAIRE,LIVREE,998.00
1236,2024-09-05,21,3,GROSSISTE,LIVREE,1200.00
1237,2024-09-05,4,2,DIRECT,LIVREE,14958.00
1238,2024-09-05,22,6,GROSSISTE,LIVREE,13803.30
1239,2024-09-06,29,10,PARTENAIRE,LIVREE,19579.00
1240,2024-09-06,5,9,DIRECT,LIVREE,1966.50
1241,2024-09-06,39,4,GROSSISTE,LIVREE,7892.00
1242,2024-09-06,36,2,PARTENAIRE,ANNULEE,0.00
1243,2024-09-06,27,4,GROSSISTE,LIVREE,6418.30
1244,2024-09-06,2,9,GROSSISTE,LIVREE,5543.25
1245,2024-09-07,2,3,PARTENAIRE,LIVREE,8101.80
1246,2024-09-07,4,9,EN_LIGNE,LIVREE,1992.00
1247,2024-09-07,12,6,EN_LIGNE,LIVREE,24273.00
1248,2024-09-07,28,9,EN_LIGNE,LIVREE,1305.00
1249,2024-09-08,34,4,PARTENAIRE,ANNULEE,0.00
1250,2024-09-08,30,2,EN_LIGNE,LIVREE,1501.00
1251,2024-09-08,34,9,DIRECT,LIVREE,13457.00
1252,2024-09-08,6,12,EN_LIGNE,LIVREE,22236.50
1253,2024-09-08,3,1,DIRECT,EXPEDIEE,37727.70
1254,2024-09-08,37,2,PARTENAIRE,LIVREE,4440.30
1255,2024-09-09,26,3,PARTENAIRE,LIVREE,704.00
1256,2024-09-09,13,11,EN_LIGNE,EXPEDIEE,28269.45
1257,2024-09-10,9,9,PARTENAIRE,LIVREE,1096.00
1258,2024-09-10,1,12,PARTENAIRE,LIVREE,5312.40
1259,2024-09-10,34,2,PARTENAIRE,LIVREE,20363.00
1260,2024-09-10,33,7,EN_LIGNE,EXPEDIEE,7237.55
1261,2024-09-10,32,6,DIRECT,EN_ATTENTE,696.00
1262,2024-09-11,30,2,EN_LIGNE,LIVREE,8641.20
1263,2024-09-11,2,3,PARTENAIRE,LIVREE,12579.00
1264,2024-09-11,5,11,DIRECT,EN_ATTENTE,135.00
1265,2024-09-12,20,4,DIRECT,EXPEDIEE,638.00
1266,2024-09-12,30,3,PARTENAIRE,EXPEDIEE,43208.00
1267,2024-09-12,19,7,DIRECT,LIVREE,22953.10
1268,2024-09-12,16,1,PARTENAIRE,LIVREE,5334.55
1269,2024-09-12,3,2,EN_LIGNE,ANNULEE,0.00
1270,2024-09-12,26,7,GROSSISTE,ANNULEE,0.00
1271,2024-09-13,23,9,PARTENAIRE,LIVREE,9350.00
1272,2024-09-13,33,8,GROSSISTE,LIVREE,4998.00
1273,2024-09-13,39,1,EN_LIGNE,LIVREE,817.55
1274,2024-09-13,26,9,GROSSISTE,LIVREE,162.00
1275,2024-09-14,20,7,EN_LIGNE,LIVREE,14000.00
1276,2024-09-14,24,10,DIRECT,LIVREE,747.00
1277,2024-09-14,14,4,GROSSISTE,LIVREE,4119.00
1278,2024-09-14,7,4,PARTENAIRE,LIVREE,6796.15
1279,2024-09-14,32,5,EN_LIGNE,EXPEDIEE,6666.30
1280,2024-09-14,36,10,EN_LIGNE,EN_ATTENTE,5045.25
1281,2024-09-14,9,8,GROSSISTE,LIVREE,232.20
1282,2024-09-14,31,10,PARTENAIRE,LIVREE,11939.60
1283,2024-09-15,16,10,PARTENAIRE,LIVREE,26833.60
1284,2024-09-15,13,9,GROSSISTE,LIVREE,11277.40
1285,2024-09-15,22,1,GROSSISTE,LIVREE,6588.00
1286,2024-09-15,1,10,PARTENAIRE,ANNULEE,0.00
1287,2024-09-16,3,6,EN_LIGNE,EXPEDIEE,1836.00
1288,2024-09-16,4,5,PARTENAIRE,LIVREE,26112.50
1289,2024-09-16,35,10,EN_LIGNE,LIVREE,7906.45
1290,2024-09-16,23,9,PARTENAIRE,LIVREE,25556.70
1291,2024-09-16,34,8,EN_LIGNE,LIVREE,1738.00
1292,2024-09-16,31,1,PARTENAIRE,LIVREE,20290.80
1293,2024-09-17,20,6,PARTENAIRE,LIVREE,840.00
1294,2024-09-17,35,2,DIRECT,LIVREE,19625.00
1295,2024-09-17,16,3,PARTENAIRE,LIVREE,14456.00
1296,2024-09-17,17,10,GROSSISTE,LIVREE,2814.15
1297,2024-09-17,33,4,DIRECT,ANNULEE,0.00
1298,2024-09-17,18,4,DIRECT,LIVREE,9743.30
1299,2024-09-18,26,7,PARTENAIRE,EN_ATTENTE,12498.30
1300,2024-09-18,21,9,DIRECT,LIVREE,14557.50
1301,2024-09-18,23,2,DIRECT,LIVREE,14034.10
1302,2024-09-18,19,3,GROSSISTE,LIVREE,19975.00
1303,2024-09-18,30,1,PARTENAIRE,EN_ATTENTE,975.00
1304,2024-09-19,27,2,EN_LIGNE,LIVREE,15461.00
1305,2024-09-19,8,3,GROSSISTE,LIVREE,40751.50
1306,2024-09-20,10,2,DIRECT,LIVREE,81.00
1307,2024-09-20,14,12,PARTENAIRE,LIVREE,15772.05
1308,2024-09-20,22,7,PARTENAIRE,LIVREE,1132.50
1309,2024-09-20,7,2,PARTENAIRE,LIVREE,25669.40
1310,2024-09-20,8,6,PARTENAIRE,EN_ATTENTE,15975.50
1311,2024-09-20,19,7,DIRECT,LIVREE,24993.00
1312,2024-09-21,14,2,GROSSISTE,LIVREE,21184.00
1313,2024-09-21,11,10,DIRECT,LIVREE,7586.00
1314,2024-09-21,11,12,PARTENAIRE,EN_ATTENTE,19203.90
1315,2024-09-22,39,8,EN_LIGNE,EN_ATTENTE,6850.70
1316,2024-09-22,6,7,EN_LIGNE,LIVREE,4824.10
1317,2024-09-23,11,12,DIRECT,LIVREE,35286.65
1318,2024-09-23,15,5,PARTENAIRE,EXPEDIEE,3101.40
1319,2024-09-23,14,10,PARTENAIRE,LIVREE,30653.60
1320,2024-09-23,11,6,EN_LIGNE,LIVREE,6976.95
1321,2024-09-23,36,6,GROSSISTE,LIVREE,120.00
1322,2024-09-23,9,9,DIRECT,LIVREE,120.00
1323,2024-09-23,8,9,PARTENAIRE,LIVREE,13925.55
1324,2024-09-24,1,10,PARTENAIRE,LIVREE,16994.70
1325,2024-09-24,34,1,GROSSISTE,EXPEDIEE,12358.00
1326,2024-09-24,5,8,GROSSISTE,LIVREE,18937.45
1327,2024-09-24,19,2,EN_LIGNE,LIVREE,9802.80
1328,2024-09-24,31,2,EN_LIGNE,LIVREE,28125.00
1329,2024-09-24,20,9,DIRECT,EN_ATTENTE,26811.50
1330,2024-09-24,25,1,GROSSISTE,LIVREE,645.40
1331,2024-09-25,37,11,EN_LIGNE,LIVREE,20548.85
1332,2024-09-25,18,11,PARTENAIRE,EN_ATTENTE,7404.40
1333,2024-09-25,35,11,GROSSISTE,LIVREE,5670.00
1334,2024-09-25,15,6,EN_LIGNE,LIVREE,8256.60
1335,2024-09-25,10,7,DIRECT,EXPEDIEE,21909.60
1336,2024-09-25,25,3,DIRECT,LIVREE,25688.00
1337,2024-09-25,31,8,PARTENAIRE,LIVREE,19566.10
1338,2024-09-25,10,8,EN_LIGNE,LIVREE,10808.10
1339,2024-09-26,21,3,GROSSISTE,LIVREE,16976.00
1340,2024-09-26,5,8,PARTENAIRE,LIVREE,1157.00
1341,2024-09-27,7,11,PARTENAIRE,LIVREE,22753.00
1342,2024-09-27,32,6,PARTENAIRE,LIVREE,13282.00
1343,2024-09-27,20,2,PARTENAIRE,LIVREE,19691.25
1344,2024-09-27,19,7,EN_LIGNE,LIVREE,14362.65
1345,2024-09-27,24,3,DIRECT,EN_ATTENTE,23970.00
1346,2024-09-27,26,10,DIRECT,LIVREE,2413.10
1347,2024-09-28,34,4,PARTENAIRE,LIVREE,6975.90
1348,2024-09-28,15,12,GROSSISTE,ANNULEE,0.00
1349,2024-09-28,10,6,EN_LIGNE,EN_ATTENTE,3821.85
1350,2024-09-28,22,10,EN_LIGNE,LIVREE,10531.10
1351,2024-09-28,8,11,PARTENAIRE,LIVREE,7213.40
1352,2024-09-28,26,2,GROSSISTE,LIVREE,8609.30
1353,2024-09-28,40,9,GROSSISTE,LIVREE,1694.00
1354,2024-09-28,3,8,PARTENAIRE,LIVREE,11463.75
1355,2024-09-29,24,12,PARTENAIRE,ANNULEE,0.00
1356,2024-09-29,24,11,GROSSISTE,EXPEDIEE,6692.40
1357,2024-09-29,26,10,DIRECT,EXPEDIEE,15227.75
1358,2024-09-29,31,10,PARTENAIRE,LIVREE,2297.20
1359,2024-09-29,40,12,GROSSISTE,LIVREE,4065.00
1360,2024-09-29,5,3,PARTENAIRE,LIVREE,2440.00
1361,2024-09-30,6,11,DIRECT,LIVREE,8465.90
1362,2024-09-30,25,12,PARTENAIRE,LIVREE,2617.25
1363,2024-09-30,27,4,EN_LIGNE,EXPEDIEE,13763.95
1364,2024-09-30,16,4,EN_LIGNE,LIVREE,11335.20
1365,2024-09-30,17,3,PARTENAIRE,LIVREE,10386.40
1366,2024-09-30,15,4,EN_LIGNE,LIVREE,2760.00
1367,2024-10-01,7,12,DIRECT,LIVREE,23039.90
1368,2024-10-01,11,2,DIRECT,LIVREE,2101.10
1369,2024-10-01,15,11,EN_LIGNE,LIVREE,1875.00
1370,2024-10-01,32,3,PARTENAIRE,LIVREE,4924.75
1371,2024-10-01,39,11,EN_LIGNE,EN_ATTENTE,8765.00
1372,2024-10-01,21,1,PARTENAIRE,LIVREE,13231.40
1373,2024-10-02,35,9,PARTENAIRE,LIVREE,15345.00
1374,2024-10-02,7,12,DIRECT,ANNULEE,0.00
1375,2024-10-02,19,5,EN_LIGNE,LIVREE,29318.90
1376,2024-10-02,5,6,PARTENAIRE,LIVREE,25967.35
1377,2024-10-02,13,5,DIRECT,LIVREE,601.00
1378,2024-10-03,35,11,PARTENAIRE,LIVREE,13185.10
1379,2024-10-03,11,9,GROSSISTE,LIVREE,6215.00
1380,2024-10-03,1,1,EN_LIGNE,LIVREE,32704.15
1381,2024-10-03,38,7,DIRECT,LIVREE,25131.50
1382,2024-10-03,10,3,EN_LIGNE,EN_ATTENTE,15172.45
1383,2024-10-03,30,7,EN_LIGNE,LIVREE,15938.40
1384,2024-10-03,26,6,DIRECT,LIVREE,13099.00
1385,2024-10-04,5,5,EN_LIGNE,LIVREE,42659.80
1386,2024-10-04,31,2,EN_LIGNE,LIVREE,27883.30
1387,2024-10-04,17,12,EN_LIGNE,LIVREE,22996.05
1388,2024-10-04,29,12,EN_LIGNE,LIVREE,2024.75
1389,2024-10-04,26,2,GROSSISTE,LIVREE,4350.00
1390,2024-10-04,37,11,GROSSISTE,EXPEDIEE,3224.40
1391,2024-10-04,35,4,GROSSISTE,LIVREE,34174.45
1392,2024-10-05,34,8,PARTENAIRE,EXPEDIEE,22.00
1393,2024-10-05,30,3,PARTENAIRE,LIVREE,23821.20
1394,2024-10-05,23,5,DIRECT,EN_ATTENTE,28052.00
1395,2024-10-05,8,8,GROSSISTE,LIVREE,240.30
1396,2024-10-05,12,9,GROSSISTE,LIVREE,41028.90
1397,2024-10-06,38,10,DIRECT,LIVREE,2760.00
1398,2024-10-06,34,12,DIRECT,EXPEDIEE,7111.00
1399,2024-10-06,5,5,GROSSISTE,LIVREE,4735.40
1400,2024-10-06,13,10,DIRECT,LIVREE,16110.55
1401,2024-10-06,33,3,GROSSISTE,EXPEDIEE,1914.90
1402,2024-10-06,26,2,GROSSISTE,EXPEDIEE,13795.30
1403,2024-10-07,16,6,DIRECT,LIVREE,8801.40
1404,2024-10-07,10,12,DIRECT,LIVREE,6675.30
1405,2024-10-07,10,5,DIRECT,LIVREE,5148.70
1406,2024-10-07,35,11,GROSSISTE,EN_ATTENTE,1533.00
1407,2024-10-07,24,7,PARTENAIRE,LIVREE,24182.70
1408,2024-10-07,36,1,EN_LIGNE,EXPEDIEE,1885.50
1409,2024-10-07,10,8,EN_LIGNE,LIVREE,10070.50
1410,2024-10-08,27,2,GROSSISTE,EN_ATTENTE,4617.00
1411,2024-10-08,16,1,PARTENAIRE,LIVREE,2458.00
1412,2024-10-08,18,8,PARTENAIRE,LIVREE,1251.00
1413,2024-10-08,39,10,DIRECT,EXPEDIEE,5427.00
1414,2024-10-09,27,11,GROSSISTE,EXPEDIEE,1660.50
1415,2024-10-09,40,9,EN_LIGNE,LIVREE,35860.20
1416,2024-10-09,38,4,GROSSISTE,LIVREE,2998.80
1417,2024-10-09,27,6,DIRECT,LIVREE,52950.70
1418,2024-10-09,11,3,DIRECT,LIVREE,17265.30
1419,2024-10-10,11,2,DIRECT,LIVREE,11184.10
1420,2024-10-10,14,9,EN_LIGNE,EXPEDIEE,19533.65
1421,2024-10-10,37,5,EN_LIGNE,LIVREE,7959.00
1422,2024-10-10,22,5,DIRECT,EXPEDIEE,4172.75
1423,2024-10-11,22,3,EN_LIGNE,LIVREE,2670.00
1424,2024-10-11,36,5,DIRECT,LIVREE,2477.50
1425,2024-10-11,25,10,DIRECT,LIVREE,18301.20
1426,2024-10-12,6,12,EN_LIGNE,LIVREE,1043.00
1427,2024-10-12,39,10,DIRECT,LIVREE,270.00
1428,2024-10-12,13,2,GROSSISTE,LIVREE,72.90
1429,2024-10-12,7,3,EN_LIGNE,LIVREE,8797.00
1430,2024-10-12,3,12,EN_LIGNE,LIVREE,2850.00
1431,2024-10-12,16,8,PARTENAIRE,ANNULEE,0.00
1432,2024-10-12,25,2,PARTENAIRE,EXPEDIEE,3450.70
1433,2024-10-12,16,9,EN_LIGNE,LIVREE,5846.70
1434,2024-10-13,20,5,EN_LIGNE,LIVREE,29363.70
1435,2024-10-13,39,11,EN_LIGNE,EXPEDIEE,4644.50
1436,2024-10-13,1,6,EN_LIGNE,LIVREE,1026.00
1437,2024-10-13,15,11,DIRECT,LIVREE,23908.00
1438,2024-10-13,23,10,DIRECT,LIVREE,1956.00
1439,2024-10-13,12,4,GROSSISTE,LIVREE,1247.00
1440,2024-10-14,28,9,GROSSISTE,LIVREE,1292.55
1441,2024-10-14,13,3,DIRECT,LIVREE,28924.10
1442,2024-10-14,36,9,PARTENAIRE,ANNULEE,0.00
1443,2024-10-14,38,10,PARTENAIRE,LIVREE,1467.30
1444,2024-10-14,7,5,EN_LIGNE,LIVREE,1501.00
1445,2024-10-14,24,9,PARTENAIRE,EN_ATTENTE,845.00
1446,2024-10-14,23,9,PARTENAIRE,LIVREE,2361.00
1447,2024-10-14,34,5,EN_LIGNE,LIVREE,7176.80
1448,2024-10-15,26,8,DIRECT,EXPEDIEE,20335.30
1449,2024-10-15,3,3,PARTENAIRE,LIVREE,28376.65
1450,2024-10-15,15,6,DIRECT,LIVREE,10130.20
1451,2024-10-15,34,1,GROSSISTE,LIVREE,22147.25
1452,2024-10-15,35,11,GROSSISTE,ANNULEE,0.00
1453,2024-10-15,28,8,PARTENAIRE,LIVREE,89.00
1454,2024-10-15,37,10,EN_LIGNE,EN_ATTENTE,5437.50
1455,2024-10-16,37,2,PARTENAIRE,EN_ATTENTE,14548.50
1456,2024-10-16,15,2,GROSSISTE,LIVREE,225.00
1457,2024-10-16,18,1,PARTENAIRE,LIVREE,5907.60
1458,2024-10-16,5,4,EN_LIGNE,LIVREE,13216.00
1459,2024-10-16,18,2,EN_LIGNE,LIVREE,13972.00
1460,2024-10-16,36,11,GROSSISTE,EN_ATTENTE,7959.00
1461,2024-10-16,37,1,EN_LIGNE,LIVREE,6093.90
1462,2024-10-17,40,9,EN_LIGNE,LIVREE,195.00
1463,2024-10-17,31,1,PARTENAIRE,EN_ATTENTE,4188.00
1464,2024-10-17,23,3,DIRECT,LIVREE,6039.00
1465,2024-10-17,14,11,EN_LIGNE,EXPEDIEE,26912.15
1466,2024-10-17,28,12,PARTENAIRE,LIVREE,660.00
1467,2024-10-17,28,1,DIRECT,LIVREE,9387.90
1468,2024-10-17,34,1,PARTENAIRE,LIVREE,4278.60
1469,2024-10-18,1,12,PARTENAIRE,LIVREE,15830.70
1470,2024-10-18,23,11,GROSSISTE,LIVREE,150.00
1471,2024-10-18,40,9,EN_LIGNE,ANNULEE,0.00
1472,2024-10-18,6,1,PARTENAIRE,EXPEDIEE,24700.50
1473,2024-10-19,35,10,DIRECT,EXPEDIEE,16289.70
1474,2024-10-19,38,9,PARTENAIRE,EXPEDIEE,1157.00
1475,2024-10-19,12,11,GROSSISTE,LIVREE,5246.10
1476,2024-10-19,21,4,DIRECT,LIVREE,10915.25
1477,2024-10-19,27,2,EN_LIGNE,LIVREE,11855.60
1478,2024-10-19,3,4,EN_LIGNE,LIVREE,963.00
1479,2024-10-19,26,6,EN_LIGNE,LIVREE,18138.00
1480,2024-10-20,10,9,PARTENAIRE,LIVREE,2326.65
1481,2024-10-20,39,5,DIRECT,LIVREE,6922.00
1482,2024-10-20,7,3,EN_LIGNE,LIVREE,58521.30
1483,2024-10-21,16,6,DIRECT,LIVREE,6776.75
1484,2024-10-21,18,10,PARTENAIRE,LIVREE,2505.25
1485,2024-10-21,4,9,DIRECT,LIVREE,5802.15
1486,2024-10-22,11,12,PARTENAIRE,LIVREE,6305.40
1487,2024-10-22,36,4,PARTENAIRE,LIVREE,2337.30
1488,2024-10-23,2,2,EN_LIGNE,LIVREE,11530.65
1489,2024-10-23,17,9,EN_LIGNE,LIVREE,384.75
1490,2024-10-24,24,11,GROSSISTE,ANNULEE,0.00
1491,2024-10-24,24,7,PARTENAIRE,LIVREE,4816.00
1492,2024-10-24,38,6,GROSSISTE,ANNULEE,0.00
1493,2024-10-24,5,8,PARTENAIRE,LIVREE,6600.00
1494,2024-10-25,24,11,GROSSISTE,EN_ATTENTE,22020.60
1495,2024-10-25,23,4,GROSSISTE,LIVREE,5301.00
1496,2024-10-25,11,3,DIRECT,LIVREE,4065.60
1497,2024-10-25,32,1,GROSSISTE,LIVREE,30217.00
1498,2024-10-26,15,3,DIRECT,LIVREE,1592.00
1499,2024-10-26,38,10,DIRECT,LIVREE,130.00
1500,2024-10-26,27,7,PARTENAIRE,LIVREE,6990.00
1501,2024-10-27,21,8,GROSSISTE,LIVREE,13043.40
1502,2024-10-27,6,10,EN_LIGNE,EXPEDIEE,13199.90
1503,2024-10-27,31,10,PARTENAIRE,LIVREE,4234.50
1504,2024-10-27,21,10,EN_LIGNE,LIVREE,4806.00
1505,2024-10-27,26,12,PARTENAIRE,LIVREE,27398.45
1506,2024-10-27,9,5,DIRECT,LIVREE,20677.00
1507,2024-10-28,35,1,GROSSISTE,LIVREE,1644.00
1508,2024-10-28,25,6,GROSSISTE,LIVREE,15321.40
1509,2024-10-29,24,9,PARTENAIRE,LIVREE,18534.50
1510,2024-10-29,10,6,GROSSISTE,LIVREE,14855.25
1511,2024-10-29,10,9,GROSSISTE,LIVREE,495.00
1512,2024-10-29,5,6,DIRECT,LIVREE,1350.00
1513,2024-10-29,38,3,EN_LIGNE,EXPEDIEE,15107.75
1514,2024-10-29,8,11,PARTENAIRE,LIVREE,35453.65
1515,2024-10-29,37,8,EN_LIGNE,LIVREE,16345.00
1516,2024-10-30,38,7,PARTENAIRE,LIVREE,29254.70
1517,2024-10-30,15,5,PARTENAIRE,LIVREE,3043.00
1518,2024-10-30,2,3,PARTENAIRE,LIVREE,8091.60
1519,2024-10-30,18,3,PARTENAIRE,EN_ATTENTE,2452.80
1520,2024-10-30,9,7,DIRECT,LIVREE,1725.00
1521,2024-10-30,17,6,DIRECT,LIVREE,1728.60
1522,2024-10-30,22,7,DIRECT,EXPEDIEE,3198.00
1523,2024-10-31,10,11,PARTENAIRE,LIVREE,9180.90
1524,2024-10-31,33,5,EN_LIGNE,EXPEDIEE,6064.20
1525,2024-10-31,14,12,PARTENAIRE,LIVREE,28175.70
1526,2024-10-31,16,6,PARTENAIRE,LIVREE,9735.00
1527,2024-10-31,22,6,GROSSISTE,LIVREE,32021.10
1528,2024-10-31,35,1,PARTENAIRE,LIVREE,5584.00
1529,2024-10-31,23,2,PARTENAIRE,LIVREE,16158.10
1530,2024-11-01,28,4,GROSSISTE,EXPEDIEE,25619.90
1531,2024-11-01,11,4,EN_LIGNE,LIVREE,13176.00
1532,2024-11-01,1,4,GROSSISTE,LIVREE,8784.00
1533,2024-11-01,39,4,GROSSISTE,LIVREE,21568.20
1534,2024-11-01,36,6,GROSSISTE,LIVREE,11594.00
1535,2024-11-01,3,2,EN_LIGNE,LIVREE,4397.40
1536,2024-11-02,38,5,PARTENAIRE,LIVREE,20329.30
1537,2024-11-02,12,9,GROSSISTE,LIVREE,450.00
1538,2024-11-02,31,9,EN_LIGNE,EN_ATTENTE,7686.00
1539,2024-11-02,16,6,DIRECT,EN_ATTENTE,27949.00
1540,2024-11-02,25,3,DIRECT,LIVREE,6788.40
1541,2024-11-03,9,7,DIRECT,EXPEDIEE,1710.00
1542,2024-11-03,31,11,EN_LIGNE,LIVREE,1258.00
1543,2024-11-03,28,7,EN_LIGNE,LIVREE,8661.55
1544,2024-11-04,31,6,PARTENAIRE,LIVREE,33690.50
1545,2024-11-04,31,9,DIRECT,LIVREE,10980.00
1546,2024-11-04,5,7,EN_LIGNE,EXPEDIEE,26540.20
1547,2024-11-04,30,10,GROSSISTE,LIVREE,5602.50
1548,2024-11-04,39,2,GROSSISTE,EN_ATTENTE,4740.80
1549,2024-11-04,1,9,GROSSISTE,LIVREE,3157.40
1550,2024-11-04,2,5,GROSSISTE,EN_ATTENTE,2073.15
1551,2024-11-05,13,1,EN_LIGNE,EXPEDIEE,7301.70
1552,2024-11-05,6,8,GROSSISTE,EN_ATTENTE,8276.00
1553,2024-11-05,16,3,GROSSISTE,EN_ATTENTE,997.25
1554,2024-11-05,9,10,EN_LIGNE,LIVREE,420.00
1555,2024-11-05,12,2,PARTENAIRE,LIVREE,1401.90
1556,2024-11-06,40,2,GROSSISTE,LIVREE,6443.00
1557,2024-11-06,29,2,GROSSISTE,LIVREE,360.00
1558,2024-11-06,4,8,GROSSISTE,EXPEDIEE,629.55
1559,2024-11-06,19,6,PARTENAIRE,LIVREE,1437.20
1560,2024-11-06,34,10,EN_LIGNE,LIVREE,1428.75
1561,2024-11-06,14,1,PARTENAIRE,LIVREE,8924.75
1562,2024-11-07,15,2,EN_LIGNE,LIVREE,13077.00
1563,2024-11-07,29,7,GROSSISTE,LIVREE,2180.25
1564,2024-11-07,15,7,GROSSISTE,EXPEDIEE,3896.00
1565,2024-11-07,36,2,PARTENAIRE,LIVREE,12078.65
1566,2024-11-07,1,8,EN_LIGNE,LIVREE,17911.40
1567,2024-11-07,25,12,PARTENAIRE,LIVREE,48480.00
1568,2024-11-07,7,3,GROSSISTE,LIVREE,19351.20
1569,2024-11-07,24,11,GROSSISTE,LIVREE,21713.75
1570,2024-11-08,40,10,DIRECT,LIVREE,15768.80
1571,2024-11-08,26,2,GROSSISTE,ANNULEE,0.00
1572,2024-11-09,40,5,DIRECT,LIVREE,640.80
1573,2024-11-09,19,9,DIRECT,EXPEDIEE,2040.00
1574,2024-11-09,2,2,GROSSISTE,EN_ATTENTE,275.20
1575,2024-11-10,36,7,PARTENAIRE,EN_ATTENTE,4497.00
1576,2024-11-10,12,12,PARTENAIRE,LIVREE,14546.00
1577,2024-11-10,36,7,PARTENAIRE,EN_ATTENTE,8314.15
1578,2024-11-10,12,4,GROSSISTE,LIVREE,236.55
1579,2024-11-10,39,6,EN_LIGNE,LIVREE,38707.60
1580,2024-11-10,2,3,DIRECT,LIVREE,12403.00
1581,2024-11-11,33,2,DIRECT,LIVREE,1377.00
1582,2024-11-11,28,4,EN_LIGNE,LIVREE,36904.00
1583,2024-11-11,25,9,GROSSISTE,LIVREE,6527.00
1584,2024-11-11,31,4,DIRECT,LIVREE,44879.20
1585,2024-11-11,38,6,GROSSISTE,LIVREE,20497.00
1586,2024-11-11,34,6,GROSSISTE,EXPEDIEE,16178.65
1587,2024-11-12,17,11,DIRECT,LIVREE,3864.30
1588,2024-11-12,29,8,PARTENAIRE,ANNULEE,0.00
1589,2024-11-12,7,1,PARTENAIRE,ANNULEE,0.00
1590,2024-11-12,29,9,GROSSISTE,LIVREE,1348.05
1591,2024-11-13,14,10,PARTENAIRE,LIVREE,1350.00
1592,2024-11-13,26,12,PARTENAIRE,LIVREE,384.75
1593,2024-11-13,38,7,PARTENAIRE,LIVREE,27790.40
1594,2024-11-13,39,9,GROSSISTE,ANNULEE,0.00
1595,2024-11-13,38,6,EN_LIGNE,LIVREE,594.00
1596,2024-11-13,5,6,PARTENAIRE,EN_ATTENTE,19252.60
1597,2024-11-14,2,4,DIRECT,LIVREE,11529.00
1598,2024-11-14,3,8,DIRECT,EN_ATTENTE,8441.60
1599,2024-11-14,8,11,PARTENAIRE,ANNULEE,0.00
1600,2024-11-14,11,3,EN_LIGNE,LIVREE,37417.50
1601,2024-11-15,3,3,DIRECT,LIVREE,27454.55
1602,2024-11-15,36,7,DIRECT,LIVREE,8400.40
1603,2024-11-15,36,8,DIRECT,LIVREE,19962.10
1604,2024-11-15,21,2,DIRECT,LIVREE,4998.00
1605,2024-11-16,11,2,PARTENAIRE,LIVREE,764.00
1606,2024-11-16,22,6,GROSSISTE,LIVREE,15074.55
1607,2024-11-17,16,5,GROSSISTE,LIVREE,4833.00
1608,2024-11-17,34,12,DIRECT,EN_ATTENTE,63871.40
1609,2024-11-17,9,1,EN_LIGNE,ANNULEE,0.00
1610,2024-11-17,40,3,EN_LIGNE,LIVREE,20774.00
1611,2024-11-17,7,2,DIRECT,EN_ATTENTE,24614.10
1612,2024-11-17,40,5,PARTENAIRE,EN_ATTENTE,27530.65
1613,2024-11-17,24,11,GROSSISTE,EXPEDIEE,4327.80
1614,2024-11-18,5,10,GROSSISTE,LIVREE,14348.95
1615,2024-11-18,28,9,EN_LIGNE,LIVREE,648.00
1616,2024-11-18,24,9,PARTENAIRE,LIVREE,16665.65
1617,2024-11-18,20,3,EN_LIGNE,LIVREE,2856.00
1618,2024-11-18,26,11,EN_LIGNE,LIVREE,27543.80
1619,2024-11-18,15,5,PARTENAIRE,EXPEDIEE,20587.65
1620,2024-11-18,18,1,DIRECT,EXPEDIEE,11585.00
1621,2024-11-18,38,5,DIRECT,LIVREE,855.00
1622,2024-11-19,35,7,DIRECT,LIVREE,8708.70
1623,2024-11-19,30,1,DIRECT,EXPEDIEE,46642.60
1624,2024-11-19,21,4,PARTENAIRE,LIVREE,25891.35
1625,2024-11-19,16,4,EN_LIGNE,LIVREE,8670.00
1626,2024-11-19,3,11,DIRECT,LIVREE,7387.75
1627,2024-11-19,38,6,GROSSISTE,EXPEDIEE,19737.00
1628,2024-11-20,11,6,GROSSISTE,LIVREE,7554.70
1629,2024-11-20,11,6,EN_LIGNE,LIVREE,360.00
1630,2024-11-20,31,5,EN_LIGNE,ANNULEE,0.00
1631,2024-11-20,10,12,PARTENAIRE,ANNULEE,0.00
1632,2024-11-20,16,3,GROSSISTE,EXPEDIEE,12951.60
1633,2024-11-20,25,10,DIRECT,LIVREE,2268.00
1634,2024-11-21,11,2,PARTENAIRE,LIVREE,30049.70
1635,2024-11-21,13,8,EN_LIGNE,LIVREE,5999.00
1636,2024-11-21,13,11,EN_LIGNE,LIVREE,28935.15
1637,2024-11-21,26,11,GROSSISTE,EXPEDIEE,7769.90
1638,2024-11-21,38,1,GROSSISTE,LIVREE,18431.60
1639,2024-11-21,34,4,GROSSISTE,EXPEDIEE,2512.20
1640,2024-11-21,33,12,DIRECT,LIVREE,19965.60
1641,2024-11-22,11,5,DIRECT,LIVREE,150.00
1642,2024-11-22,39,7,PARTENAIRE,LIVREE,33280.55
1643,2024-11-22,31,6,DIRECT,EXPEDIEE,5490.00
1644,2024-11-22,6,6,DIRECT,LIVREE,20114.00
1645,2024-11-23,3,7,GROSSISTE,LIVREE,4536.10
1646,2024-11-23,22,7,DIRECT,LIVREE,9730.00
1647,2024-11-23,29,1,DIRECT,LIVREE,1508.00
1648,2024-11-23,10,6,GROSSISTE,LIVREE,2160.00
1649,2024-11-23,8,3,EN_LIGNE,EXPEDIEE,7406.20
1650,2024-11-24,26,10,DIRECT,LIVREE,11793.50
1651,2024-11-24,30,4,EN_LIGNE,EN_ATTENTE,483.00
1652,2024-11-24,19,1,PARTENAIRE,ANNULEE,0.00
1653,2024-11-24,9,12,PARTENAIRE,EN_ATTENTE,26719.80
1654,2024-11-24,33,2,DIRECT,LIVREE,34251.45
1655,2024-11-25,17,7,EN_LIGNE,LIVREE,540.00
1656,2024-11-25,1,4,GROSSISTE,LIVREE,15501.60
1657,2024-11-25,37,6,EN_LIGNE,LIVREE,3294.00
1658,2024-11-25,38,4,EN_LIGNE,LIVREE,11166.90
1659,2024-11-25,4,6,PARTENAIRE,LIVREE,495.00
1660,2024-11-26,24,2,PARTENAIRE,LIVREE,27041.90
1661,2024-11-26,18,12,EN_LIGNE,LIVREE,423.50
1662,2024-11-26,12,9,GROSSISTE,EXPEDIEE,12019.05
1663,2024-11-26,3,5,GROSSISTE,LIVREE,1030.50
1664,2024-11-26,37,3,DIRECT,LIVREE,2811.00
1665,2024-11-26,9,10,EN_LIGNE,EXPEDIEE,18294.00
1666,2024-11-26,33,5,EN_LIGNE,ANNULEE,0.00
1667,2024-11-26,4,10,GROSSISTE,LIVREE,15878.30
1668,2024-11-27,29,9,DIRECT,EN_ATTENTE,4335.70
1669,2024-11-27,12,1,DIRECT,LIVREE,50020.55
1670,2024-11-27,11,9,GROSSISTE,LIVREE,3217.00
1671,2024-11-27,17,3,GROSSISTE,LIVREE,21371.00
1672,2024-11-27,13,5,PARTENAIRE,LIVREE,9152.60
1673,2024-11-27,24,3,DIRECT,LIVREE,420.00
1674,2024-11-28,27,1,DIRECT,LIVREE,11716.55
1675,2024-11-28,29,12,EN_LIGNE,LIVREE,26309.80
1676,2024-11-29,8,9,PARTENAIRE,LIVREE,8527.50
1677,2024-11-29,40,4,EN_LIGNE,EXPEDIEE,5235.75
1678,2024-11-29,13,4,GROSSISTE,EXPEDIEE,6798.10
1679,2024-11-29,10,4,GROSSISTE,ANNULEE,0.00
1680,2024-11-30,16,11,DIRECT,LIVREE,12313.00
1681,2024-11-30,18,1,DIRECT,LIVREE,405.00
1682,2024-11-30,27,7,PARTENAIRE,LIVREE,1552.50
1683,2024-11-30,16,3,GROSSISTE,ANNULEE,0.00
1684,2024-12-01,14,1,EN_LIGNE,LIVREE,44993.60
1685,2024-12-01,35,11,PARTENAIRE,LIVREE,14239.80
1686,2024-12-01,3,10,GROSSISTE,LIVREE,1163.60
1687,2024-12-01,1,3,DIRECT,LIVREE,1244.40
1688,2024-12-01,37,6,GROSSISTE,LIVREE,5318.60
1689,2024-12-01,27,3,DIRECT,LIVREE,24713.20
1690,2024-12-01,35,5,DIRECT,ANNULEE,0.00
1691,2024-12-01,3,9,EN_LIGNE,EN_ATTENTE,150.00
1692,2024-12-02,30,6,DIRECT,LIVREE,22812.30
1693,2024-12-02,32,8,PARTENAIRE,LIVREE,6782.05
1694,2024-12-03,11,9,PARTENAIRE,LIVREE,7294.00
1695,2024-12-03,37,8,EN_LIGNE,LIVREE,36784.15
1696,2024-12-03,35,9,DIRECT,LIVREE,1147.00
1697,2024-12-03,33,10,GROSSISTE,LIVREE,2220.70
1698,2024-12-03,24,3,DIRECT,LIVREE,6147.00
1699,2024-12-03,9,9,GROSSISTE,LIVREE,1305.00
1700,2024-12-03,2,1,DIRECT,EXPEDIEE,6710.00
1701,2024-12-04,13,5,PARTENAIRE,LIVREE,7741.95
1702,2024-12-04,3,7,GROSSISTE,LIVREE,4854.60
1703,2024-12-04,19,4,DIRECT,EN_ATTENTE,5731.15
1704,2024-12-04,22,6,GROSSISTE,LIVREE,10430.10
1705,2024-12-05,4,2,EN_LIGNE,LIVREE,22823.50
1706,2024-12-05,20,6,GROSSISTE,ANNULEE,0.00
1707,2024-12-06,16,6,DIRECT,LIVREE,4160.70
1708,2024-12-06,12,12,PARTENAIRE,EXPEDIEE,24957.00
1709,2024-12-06,5,9,DIRECT,LIVREE,17309.00
1710,2024-12-06,15,10,PARTENAIRE,LIVREE,9112.40
1711,2024-12-06,39,7,GROSSISTE,LIVREE,16768.25
1712,2024-12-06,11,10,EN_LIGNE,EN_ATTENTE,3261.00
1713,2024-12-06,4,1,PARTENAIRE,EN_ATTENTE,28695.00
1714,2024-12-07,27,6,DIRECT,LIVREE,13996.75
1715,2024-12-07,37,10,DIRECT,LIVREE,5256.60
1716,2024-12-07,26,2,PARTENAIRE,LIVREE,13854.15
1717,2024-12-07,24,8,DIRECT,LIVREE,1900.00
1718,2024-12-08,39,3,EN_LIGNE,LIVREE,23970.00
1719,2024-12-08,12,4,GROSSISTE,LIVREE,32487.75
1720,2024-12-08,15,10,PARTENAIRE,LIVREE,26741.00
1721,2024-12-08,38,10,DIRECT,EN_ATTENTE,4145.40
1722,2024-12-08,7,4,PARTENAIRE,LIVREE,3291.30
1723,2024-12-09,21,1,GROSSISTE,LIVREE,16209.00
1724,2024-12-09,34,10,EN_LIGNE,LIVREE,25979.50
1725,2024-12-09,4,2,EN_LIGNE,LIVREE,16079.00
1726,2024-12-09,37,2,DIRECT,LIVREE,16830.35
1727,2024-12-09,36,8,EN_LIGNE,LIVREE,2691.90
1728,2024-12-10,31,8,PARTENAIRE,ANNULEE,0.00
1729,2024-12-10,20,10,GROSSISTE,LIVREE,14756.30
1730,2024-12-11,28,7,PARTENAIRE,LIVREE,6590.00
1731,2024-12-11,5,5,GROSSISTE,LIVREE,16080.00
1732,2024-12-11,8,1,GROSSISTE,EN_ATTENTE,12036.10
1733,2024-12-12,4,6,DIRECT,LIVREE,16776.00
1734,2024-12-12,35,1,GROSSISTE,LIVREE,32439.70
1735,2024-12-12,3,5,GROSSISTE,LIVREE,928.00
1736,2024-12-12,25,3,DIRECT,EN_ATTENTE,6480.90
1737,2024-12-12,35,2,DIRECT,LIVREE,23235.65
1738,2024-12-12,34,3,EN_LIGNE,LIVREE,5868.65
1739,2024-12-12,14,6,DIRECT,LIVREE,4335.60
1740,2024-12-12,23,5,EN_LIGNE,LIVREE,234.00
1741,2024-12-13,23,1,GROSSISTE,LIVREE,11324.00
1742,2024-12-13,8,8,PARTENAIRE,LIVREE,24715.60
1743,2024-12-13,17,12,EN_LIGNE,EXPEDIEE,18458.90
1744,2024-12-13,11,9,PARTENAIRE,EN_ATTENTE,45325.60
1745,2024-12-13,11,2,PARTENAIRE,EXPEDIEE,16405.80
1746,2024-12-13,4,2,EN_LIGNE,LIVREE,19609.00
1747,2024-12-13,7,11,PARTENAIRE,ANNULEE,0.00
1748,2024-12-13,16,8,PARTENAIRE,LIVREE,4188.00
1749,2024-12-14,2,1,DIRECT,LIVREE,5192.00
1750,2024-12-14,6,2,DIRECT,LIVREE,3477.00
1751,2024-12-14,34,12,EN_LIGNE,EXPEDIEE,1302.00
1752,2024-12-14,4,5,GROSSISTE,EXPEDIEE,12767.00
1753,2024-12-15,39,12,PARTENAIRE,LIVREE,1073.60
1754,2024-12-15,21,4,PARTENAIRE,LIVREE,4813.20
1755,2024-12-15,38,9,GROSSISTE,LIVREE,1634.75
1756,2024-12-15,23,5,EN_LIGNE,LIVREE,17194.20
1757,2024-12-15,29,4,DIRECT,ANNULEE,0.00
1758,2024-12-15,33,3,PARTENAIRE,EN_ATTENTE,1053.00
1759,2024-12-15,23,5,DIRECT,ANNULEE,0.00
1760,2024-12-15,7,12,EN_LIGNE,LIVREE,671.90
1761,2024-12-16,33,4,DIRECT,ANNULEE,0.00
1762,2024-12-16,12,9,PARTENAIRE,LIVREE,2920.70
1763,2024-12-16,6,12,EN_LIGNE,EN_ATTENTE,606.60
1764,2024-12-16,13,11,EN_LIGNE,LIVREE,17920.40
1765,2024-12-16,4,2,EN_LIGNE,ANNULEE,0.00
1766,2024-12-16,40,3,DIRECT,EXPEDIEE,455.00
1767,2024-12-16,20,1,GROSSISTE,LIVREE,1727.10
1768,2024-12-16,6,4,PARTENAIRE,LIVREE,3957.00
1769,2024-12-17,3,10,PARTENAIRE,LIVREE,1338.20
1770,2024-12-17,15,1,EN_LIGNE,LIVREE,1798.00
1771,2024-12-17,14,5,PARTENAIRE,LIVREE,971.10
1772,2024-12-17,32,9,DIRECT,EN_ATTENTE,873.00
1773,2024-12-17,35,1,EN_LIGNE,LIVREE,147.75
1774,2024-12-18,23,3,GROSSISTE,ANNULEE,0.00
1775,2024-12-18,11,4,PARTENAIRE,EXPEDIEE,7221.00
1776,2024-12-18,18,11,DIRECT,LIVREE,13701.90
1777,2024-12-19,24,3,EN_LIGNE,LIVREE,22306.00
1778,2024-12-19,18,10,PARTENAIRE,LIVREE,4421.80
1779,2024-12-19,37,3,EN_LIGNE,LIVREE,2850.00
1780,2024-12-19,9,11,GROSSISTE,LIVREE,4581.00
1781,2024-12-19,27,7,GROSSISTE,EN_ATTENTE,845.00
1782,2024-12-19,22,8,GROSSISTE,LIVREE,19624.30
1783,2024-12-19,27,2,GROSSISTE,LIVREE,17122.00
1784,2024-12-19,14,1,DIRECT,LIVREE,26580.70
1785,2024-12-20,29,10,PARTENAIRE,EXPEDIEE,2583.75
1786,2024-12-20,2,2,GROSSISTE,LIVREE,5530.00
1787,2024-12-20,3,9,EN_LIGNE,LIVREE,22410.00
1788,2024-12-20,13,10,DIRECT,EXPEDIEE,7725.00
1789,2024-12-20,22,3,EN_LIGNE,EXPEDIEE,16014.90
1790,2024-12-20,29,10,DIRECT,LIVREE,15655.10
1791,2024-12-20,26,6,EN_LIGNE,LIVREE,17710.60
1792,2024-12-20,32,5,EN_LIGNE,EN_ATTENTE,1798.00
1793,2024-12-21,15,12,PARTENAIRE,LIVREE,4449.00
1794,2024-12-21,13,12,PARTENAIRE,EXPEDIEE,2527.50
1795,2024-12-21,13,9,PARTENAIRE,LIVREE,8015.90
1796,2024-12-21,24,4,GROSSISTE,LIVREE,2571.00
1797,2024-12-21,29,1,DIRECT,LIVREE,280.00
1798,2024-12-21,11,2,GROSSISTE,LIVREE,566.10
1799,2024-12-21,8,5,EN_LIGNE,LIVREE,3842.40
1800,2024-12-21,9,2,PARTENAIRE,LIVREE,3777.70
1801,2024-12-22,10,1,EN_LIGNE,LIVREE,12164.30
1802,2024-12-22,39,6,EN_LIGNE,LIVREE,48338.95
1803,2024-12-22,24,11,GROSSISTE,LIVREE,7760.55
1804,2024-12-22,21,6,PARTENAIRE,LIVREE,20329.00
1805,2024-12-22,16,2,GROSSISTE,LIVREE,11288.55
1806,2024-12-22,36,8,EN_LIGNE,LIVREE,18332.40
1807,2024-12-23,25,6,GROSSISTE,LIVREE,15804.00
1808,2024-12-23,8,4,DIRECT,LIVREE,5725.30
1809,2024-12-23,38,12,PARTENAIRE,LIVREE,1498.50
1810,2024-12-24,23,1,EN_LIGNE,LIVREE,7117.00
1811,2024-12-24,27,6,DIRECT,LIVREE,14274.00
1812,2024-12-24,1,8,EN_LIGNE,LIVREE,27305.30
1813,2024-12-24,2,7,GROSSISTE,LIVREE,15117.30
1814,2024-12-24,21,12,DIRECT,LIVREE,10749.00
1815,2024-12-24,37,10,EN_LIGNE,LIVREE,1606.30
1816,2024-12-24,40,11,DIRECT,LIVREE,49646.50
1817,2024-12-24,17,11,DIRECT,LIVREE,12571.50
1818,2024-12-25,22,9,PARTENAIRE,LIVREE,480.00
1819,2024-12-25,30,7,GROSSISTE,EXPEDIEE,3618.40
1820,2024-12-25,19,3,GROSSISTE,LIVREE,931.50
1821,2024-12-25,28,11,GROSSISTE,LIVREE,20589.30
1822,2024-12-25,36,10,DIRECT,LIVREE,1841.40
1823,2024-12-25,18,5,EN_LIGNE,ANNULEE,0.00
1824,2024-12-26,19,3,GROSSISTE,LIVREE,277.65
1825,2024-12-26,9,7,PARTENAIRE,LIVREE,14178.60
1826,2024-12-26,36,1,EN_LIGNE,LIVREE,10723.45
1827,2024-12-26,23,8,GROSSISTE,LIVREE,5259.05
1828,2024-12-26,2,6,DIRECT,LIVREE,7255.75
1829,2024-12-26,21,3,GROSSISTE,LIVREE,5630.50
1830,2024-12-26,3,2,DIRECT,LIVREE,2893.75
1831,2024-12-27,21,6,GROSSISTE,LIVREE,22249.05
1832,2024-12-27,13,8,DIRECT,EXPEDIEE,999.90
1833,2024-12-28,31,11,PARTENAIRE,LIVREE,2130.80
1834,2024-12-28,40,3,DIRECT,LIVREE,7593.30
1835,2024-12-28,26,3,DIRECT,LIVREE,998.00
1836,2024-12-28,37,7,PARTENAIRE,LIVREE,4776.90
1837,2024-12-28,24,3,EN_LIGNE,LIVREE,5051.40
1838,2024-12-28,34,8,PARTENAIRE,LIVREE,20845.70
1839,2024-12-29,1,10,PARTENAIRE,LIVREE,11817.60
1840,2024-12-29,4,5,GROSSISTE,EXPEDIEE,16838.00
1841,2024-12-29,11,9,GROSSISTE,EXPEDIEE,12438.00
1842,2024-12-29,17,3,PARTENAIRE,LIVREE,15115.55
1843,2024-12-29,11,2,PARTENAIRE,EXPEDIEE,24490.90
1844,2024-12-30,7,7,DIRECT,LIVREE,9908.00
1845,2024-12-30,13,10,PARTENAIRE,EXPEDIEE,20858.10
1846,2024-12-31,37,8,EN_LIGNE,LIVREE,132.00
1847,2024-12-31,16,6,EN_LIGNE,EXPEDIEE,11278.80
1848,2024-12-31,27,11,EN_LIGNE,LIVREE,240.00
1849,2024-12-31,16,9,EN_LIGNE,LIVREE,1977.50
1850,2025-01-01,6,3,GROSSISTE,LIVREE,1979.00
1851,2025-01-01,9,5,DIRECT,EXPEDIEE,890.00
1852,2025-01-01,22,6,EN_LIGNE,EN_ATTENTE,3416.20
1853,2025-01-01,3,3,DIRECT,LIVREE,996.00
1854,2025-01-01,24,10,EN_LIGNE,LIVREE,4970.35
1855,2025-01-01,7,10,EN_LIGNE,ANNULEE,0.00
1856,2025-01-01,13,4,GROSSISTE,EXPEDIEE,9103.00
1857,2025-01-02,34,6,GROSSISTE,LIVREE,6443.00
1858,2025-01-02,32,6,PARTENAIRE,LIVREE,21573.00
1859,2025-01-02,10,6,GROSSISTE,LIVREE,7644.30
1860,2025-01-02,38,7,DIRECT,LIVREE,16548.95
1861,2025-01-02,29,6,DIRECT,LIVREE,30526.90
1862,2025-01-02,39,8,DIRECT,LIVREE,7877.40
1863,2025-01-02,40,11,GROSSISTE,LIVREE,2212.00
1864,2025-01-02,6,12,EN_LIGNE,EN_ATTENTE,4921.20
1865,2025-01-03,15,3,PARTENAIRE,LIVREE,2668.40
1866,2025-01-03,19,5,GROSSISTE,EXPEDIEE,22905.85
1867,2025-01-03,8,6,PARTENAIRE,LIVREE,33457.00
1868,2025-01-03,3,7,GROSSISTE,ANNULEE,0.00
1869,2025-01-03,10,6,PARTENAIRE,LIVREE,4325.50
1870,2025-01-03,4,5,PARTENAIRE,LIVREE,11427.25
1871,2025-01-03,2,3,PARTENAIRE,LIVREE,13409.50
1872,2025-01-03,20,1,PARTENAIRE,ANNULEE,0.00
1873,2025-01-04,21,11,DIRECT,LIVREE,6368.40
1874,2025-01-04,22,11,PARTENAIRE,EN_ATTENTE,15145.55
1875,2025-01-04,26,12,GROSSISTE,LIVREE,43984.00
1876,2025-01-04,3,12,EN_LIGNE,LIVREE,2148.30
1877,2025-01-04,31,11,DIRECT,EN_ATTENTE,4536.00
1878,2025-01-04,17,5,GROSSISTE,LIVREE,8451.60
1879,2025-01-04,30,2,EN_LIGNE,ANNULEE,0.00
1880,2025-01-04,29,1,DIRECT,EN_ATTENTE,6456.20
1881,2025-01-05,5,1,DIRECT,EXPEDIEE,20724.75
1882,2025-01-05,16,2,EN_LIGNE,EXPEDIEE,14733.00
1883,2025-01-05,38,8,EN_LIGNE,LIVREE,8522.40
1884,2025-01-05,12,11,GROSSISTE,LIVREE,1256.85
1885,2025-01-05,17,4,DIRECT,LIVREE,988.00
1886,2025-01-05,15,7,EN_LIGNE,LIVREE,14032.45
1887,2025-01-05,35,1,GROSSISTE,LIVREE,1543.00
1888,2025-01-06,12,5,DIRECT,LIVREE,16795.25
1889,2025-01-06,9,10,DIRECT,LIVREE,16694.50
1890,2025-01-07,34,10,GROSSISTE,LIVREE,36543.90
1891,2025-01-07,28,6,DIRECT,LIVREE,1426.65
1892,2025-01-08,31,11,DIRECT,LIVREE,13731.00
1893,2025-01-08,16,5,GROSSISTE,LIVREE,17732.75
1894,2025-01-08,9,8,EN_LIGNE,EXPEDIEE,1919.90
1895,2025-01-08,16,8,PARTENAIRE,ANNULEE,0.00
1896,2025-01-09,14,3,DIRECT,EXPEDIEE,136.80
1897,2025-01-09,33,8,PARTENAIRE,LIVREE,16212.00
1898,2025-01-09,36,8,GROSSISTE,LIVREE,8025.80
1899,2025-01-09,37,3,EN_LIGNE,LIVREE,2880.00
1900,2025-01-09,25,4,GROSSISTE,EN_ATTENTE,27430.65
1901,2025-01-10,4,5,EN_LIGNE,LIVREE,1160.00
1902,2025-01-10,19,11,PARTENAIRE,LIVREE,756.00
1903,2025-01-10,39,5,PARTENAIRE,EN_ATTENTE,20632.90
1904,2025-01-10,24,7,DIRECT,EXPEDIEE,6723.00
1905,2025-01-10,7,5,DIRECT,LIVREE,910.00
1906,2025-01-10,24,10,EN_LIGNE,EXPEDIEE,37134.00
1907,2025-01-11,32,6,PARTENAIRE,LIVREE,1052.60
1908,2025-01-11,4,2,EN_LIGNE,EN_ATTENTE,2125.80
1909,2025-01-11,2,9,EN_LIGNE,LIVREE,726.75
1910,2025-01-12,29,1,DIRECT,LIVREE,15793.65
1911,2025-01-12,31,11,DIRECT,LIVREE,1512.00
1912,2025-01-12,4,10,PARTENAIRE,LIVREE,23463.90
1913,2025-01-13,22,11,PARTENAIRE,LIVREE,7609.00
1914,2025-01-13,29,3,PARTENAIRE,LIVREE,7492.20
1915,2025-01-13,33,1,GROSSISTE,LIVREE,41933.60
1916,2025-01-14,17,6,DIRECT,ANNULEE,0.00
1917,2025-01-14,31,3,GROSSISTE,EXPEDIEE,4472.10
1918,2025-01-14,8,1,GROSSISTE,LIVREE,15406.80
1919,2025-01-14,28,1,PARTENAIRE,EXPEDIEE,20344.50
1920,2025-01-14,12,6,EN_LIGNE,LIVREE,19175.10
1921,2025-01-15,40,4,EN_LIGNE,LIVREE,15774.00
1922,2025-01-15,24,7,DIRECT,LIVREE,11806.70
1923,2025-01-15,2,8,PARTENAIRE,LIVREE,754.00
1924,2025-01-15,6,11,DIRECT,LIVREE,6480.90
1925,2025-01-15,26,7,GROSSISTE,LIVREE,950.00
1926,2025-01-15,22,2,PARTENAIRE,LIVREE,14993.00
1927,2025-01-15,40,3,DIRECT,LIVREE,19347.35
1928,2025-01-15,12,4,GROSSISTE,LIVREE,12882.50
1929,2025-01-16,27,5,PARTENAIRE,EXPEDIEE,18121.00
1930,2025-01-16,30,11,EN_LIGNE,LIVREE,193.80
1931,2025-01-16,26,3,DIRECT,LIVREE,10946.05
1932,2025-01-16,26,5,DIRECT,LIVREE,1597.90
1933,2025-01-16,13,3,EN_LIGNE,LIVREE,24717.00
1934,2025-01-16,17,6,DIRECT,EXPEDIEE,23678.00
1935,2025-01-16,12,6,EN_LIGNE,LIVREE,2364.10
1936,2025-01-16,8,12,DIRECT,LIVREE,990.00
1937,2025-01-17,21,1,GROSSISTE,LIVREE,9271.40
1938,2025-01-17,28,3,PARTENAIRE,LIVREE,7981.35
1939,2025-01-17,1,5,PARTENAIRE,EN_ATTENTE,588.00
1940,2025-01-17,17,8,DIRECT,EN_ATTENTE,43714.15
1941,2025-01-17,17,8,PARTENAIRE,LIVREE,11687.00
1942,2025-01-17,33,5,EN_LIGNE,LIVREE,7897.40
1943,2025-01-17,2,5,PARTENAIRE,LIVREE,9362.70
1944,2025-01-18,22,5,DIRECT,ANNULEE,0.00
1945,2025-01-18,2,9,GROSSISTE,LIVREE,240.00
1946,2025-01-18,20,3,EN_LIGNE,LIVREE,29004.30
1947,2025-01-18,4,2,EN_LIGNE,LIVREE,26270.30
1948,2025-01-18,22,1,PARTENAIRE,LIVREE,23766.00
1949,2025-01-18,24,9,PARTENAIRE,EXPEDIEE,3797.00
1950,2025-01-18,35,9,DIRECT,LIVREE,9935.35
1951,2025-01-19,39,8,DIRECT,LIVREE,23539.20
1952,2025-01-19,17,9,EN_LIGNE,EN_ATTENTE,925.95
1953,2025-01-19,40,8,DIRECT,EN_ATTENTE,22571.60
1954,2025-01-19,33,11,DIRECT,LIVREE,23853.25
1955,2025-01-19,23,7,PARTENAIRE,LIVREE,18513.10
1956,2025-01-19,29,5,PARTENAIRE,LIVREE,3897.15
1957,2025-01-19,21,8,EN_LIGNE,LIVREE,13353.65
1958,2025-01-20,9,10,EN_LIGNE,LIVREE,16321.80
1959,2025-01-20,40,8,DIRECT,LIVREE,9097.80
1960,2025-01-21,13,12,PARTENAIRE,ANNULEE,0.00
1961,2025-01-21,20,12,EN_LIGNE,LIVREE,19702.80
1962,2025-01-21,32,8,GROSSISTE,LIVREE,3882.00
1963,2025-01-21,19,2,DIRECT,LIVREE,3086.25
1964,2025-01-21,34,3,GROSSISTE,LIVREE,7761.00
1965,2025-01-22,33,7,DIRECT,EN_ATTENTE,7009.20
1966,2025-01-22,6,2,EN_LIGNE,LIVREE,6697.80
1967,2025-01-22,3,3,PARTENAIRE,LIVREE,418.00
1968,2025-01-23,15,12,GROSSISTE,LIVREE,9973.10
1969,2025-01-23,32,2,DIRECT,LIVREE,13310.00
1970,2025-01-23,12,12,GROSSISTE,EXPEDIEE,2284.50
1971,2025-01-23,1,4,EN_LIGNE,LIVREE,32150.10
1972,2025-01-23,24,9,PARTENAIRE,LIVREE,17427.50
1973,2025-01-23,2,10,PARTENAIRE,LIVREE,2512.80
1974,2025-01-24,24,7,PARTENAIRE,LIVREE,15140.70
1975,2025-01-24,21,6,PARTENAIRE,LIVREE,1891.50
1976,2025-01-24,35,3,GROSSISTE,EXPEDIEE,26035.25
1977,2025-01-24,11,8,DIRECT,LIVREE,3670.10
1978,2025-01-24,34,1,PARTENAIRE,LIVREE,31746.30
1979,2025-01-25,20,9,DIRECT,EXPEDIEE,20799.10
1980,2025-01-25,26,10,DIRECT,ANNULEE,0.00
1981,2025-01-25,8,1,GROSSISTE,LIVREE,22326.00
1982,2025-01-25,7,1,GROSSISTE,LIVREE,29293.60
1983,2025-01-25,11,8,EN_LIGNE,LIVREE,34690.00
1984,2025-01-26,30,11,DIRECT,LIVREE,13373.30
1985,2025-01-26,28,4,GROSSISTE,LIVREE,16300.50
1986,2025-01-26,39,1,EN_LIGNE,EXPEDIEE,17153.10
1987,2025-01-26,32,4,PARTENAIRE,EXPEDIEE,13795.00
1988,2025-01-26,19,10,GROSSISTE,EN_ATTENTE,155.00
1989,2025-01-26,12,4,GROSSISTE,LIVREE,3140.00
1990,2025-01-27,31,1,PARTENAIRE,EN_ATTENTE,19452.40
1991,2025-01-27,31,3,GROSSISTE,ANNULEE,0.00
1992,2025-01-27,1,3,PARTENAIRE,EXPEDIEE,25474.50
1993,2025-01-28,5,7,GROSSISTE,EN_ATTENTE,3908.60
1994,2025-01-28,8,10,GROSSISTE,LIVREE,2173.40
1995,2025-01-28,24,8,GROSSISTE,EXPEDIEE,13001.85
1996,2025-01-28,36,5,DIRECT,LIVREE,7657.60
1997,2025-01-28,16,12,GROSSISTE,LIVREE,13747.45
1998,2025-01-28,3,12,GROSSISTE,LIVREE,6479.80
1999,2025-01-28,15,10,GROSSISTE,ANNULEE,0.00
2000,2025-01-28,13,4,EN_LIGNE,EXPEDIEE,24036.50
2001,2025-01-29,34,1,GROSSISTE,LIVREE,1440.00
2002,2025-01-29,23,10,EN_LIGNE,EXPEDIEE,19554.00
2003,2025-01-29,3,9,DIRECT,LIVREE,20385.00
2004,2025-01-29,5,12,EN_LIGNE,LIVREE,26347.50
2005,2025-01-30,4,5,EN_LIGNE,LIVREE,1405.05
2006,2025-01-30,7,10,EN_LIGNE,ANNULEE,0.00
2007,2025-01-30,15,5,PARTENAIRE,LIVREE,4589.00
2008,2025-01-30,22,6,GROSSISTE,LIVREE,34291.00
2009,2025-01-31,4,3,PARTENAIRE,EXPEDIEE,17134.70
2010,2025-01-31,3,2,EN_LIGNE,LIVREE,20081.95
2011,2025-01-31,11,3,EN_LIGNE,LIVREE,14349.70
2012,2025-01-31,2,10,GROSSISTE,LIVREE,5796.40
2013,2025-01-31,16,11,EN_LIGNE,ANNULEE,0.00
2014,2025-01-31,9,9,PARTENAIRE,LIVREE,14006.20
2015,2025-01-31,6,7,EN_LIGNE,LIVREE,26052.00
2016,2025-02-01,31,10,PARTENAIRE,LIVREE,4012.60
2017,2025-02-01,28,3,DIRECT,LIVREE,3087.90
2018,2025-02-01,29,1,DIRECT,LIVREE,14278.00
2019,2025-02-01,6,5,EN_LIGNE,ANNULEE,0.00
2020,2025-02-02,27,11,DIRECT,LIVREE,24396.00
2021,2025-02-02,9,4,PARTENAIRE,LIVREE,5821.00
2022,2025-02-02,34,3,EN_LIGNE,LIVREE,1424.40
2023,2025-02-03,38,3,DIRECT,LIVREE,16156.00
2024,2025-02-03,1,10,PARTENAIRE,LIVREE,2849.95
2025,2025-02-03,32,8,PARTENAIRE,LIVREE,13970.80
2026,2025-02-03,24,8,EN_LIGNE,EN_ATTENTE,1172.20
2027,2025-02-03,4,11,PARTENAIRE,LIVREE,3148.20
2028,2025-02-03,23,12,DIRECT,LIVREE,16201.70
2029,2025-02-03,23,4,GROSSISTE,LIVREE,20088.30
2030,2025-02-04,27,7,PARTENAIRE,LIVREE,14979.30
2031,2025-02-04,25,2,PARTENAIRE,LIVREE,1665.00
2032,2025-02-04,35,4,GROSSISTE,LIVREE,10023.00
2033,2025-02-05,18,7,GROSSISTE,LIVREE,5039.00
2034,2025-02-05,18,7,EN_LIGNE,LIVREE,18466.00
2035,2025-02-05,17,7,EN_LIGNE,EN_ATTENTE,5131.45
2036,2025-02-06,11,10,PARTENAIRE,LIVREE,3354.00
2037,2025-02-06,20,6,PARTENAIRE,LIVREE,2550.25
2038,2025-02-06,9,3,GROSSISTE,LIVREE,12861.75
2039,2025-02-06,19,12,GROSSISTE,LIVREE,2836.85
2040,2025-02-06,3,6,PARTENAIRE,LIVREE,2116.35
2041,2025-02-06,11,6,GROSSISTE,LIVREE,1103.40
2042,2025-02-06,14,10,PARTENAIRE,EXPEDIEE,13886.35
2043,2025-02-06,9,5,DIRECT,LIVREE,2052.00
2044,2025-02-07,16,10,PARTENAIRE,LIVREE,13461.00
2045,2025-02-07,17,7,GROSSISTE,LIVREE,36751.60
2046,2025-02-08,2,5,GROSSISTE,LIVREE,17361.95
2047,2025-02-08,16,4,DIRECT,LIVREE,22141.65
2048,2025-02-08,27,2,GROSSISTE,LIVREE,18827.10
2049,2025-02-08,35,7,DIRECT,LIVREE,1543.30
2050,2025-02-08,2,1,DIRECT,EN_ATTENTE,16716.40
2051,2025-02-08,15,1,DIRECT,EXPEDIEE,108.00
2052,2025-02-08,15,2,EN_LIGNE,LIVREE,670.50
2053,2025-02-08,18,4,DIRECT,LIVREE,1960.85
2054,2025-02-09,25,12,DIRECT,LIVREE,21838.70
2055,2025-02-09,19,10,GROSSISTE,LIVREE,13669.40
2056,2025-02-09,26,11,EN_LIGNE,LIVREE,8814.00
2057,2025-02-09,1,6,DIRECT,LIVREE,13607.00
2058,2025-02-10,34,3,GROSSISTE,EXPEDIEE,2923.00
2059,2025-02-10,24,8,GROSSISTE,LIVREE,12771.00
2060,2025-02-10,16,12,PARTENAIRE,EXPEDIEE,12572.55
2061,2025-02-10,13,6,DIRECT,LIVREE,19743.60
2062,2025-02-11,3,12,EN_LIGNE,LIVREE,656.10
2063,2025-02-11,25,6,GROSSISTE,LIVREE,4194.00
2064,2025-02-11,37,1,EN_LIGNE,LIVREE,1501.00
2065,2025-02-11,29,3,PARTENAIRE,LIVREE,3810.80
2066,2025-02-11,24,8,DIRECT,LIVREE,2240.10
2067,2025-02-12,23,3,GROSSISTE,LIVREE,10903.15
2068,2025-02-12,24,7,DIRECT,LIVREE,4197.30
2069,2025-02-12,30,7,GROSSISTE,LIVREE,6443.00
2070,2025-02-13,28,1,DIRECT,EXPEDIEE,11592.70
2071,2025-02-13,12,7,PARTENAIRE,EXPEDIEE,2265.75
2072,2025-02-13,12,2,PARTENAIRE,LIVREE,135.00
2073,2025-02-13,1,2,GROSSISTE,LIVREE,6723.00
2074,2025-02-13,19,8,PARTENAIRE,LIVREE,22217.55
2075,2025-02-14,7,8,GROSSISTE,LIVREE,9828.00
2076,2025-02-14,6,2,DIRECT,LIVREE,7518.60
2077,2025-02-14,10,2,PARTENAIRE,ANNULEE,0.00
2078,2025-02-14,6,3,GROSSISTE,EXPEDIEE,3229.00
2079,2025-02-14,20,10,EN_LIGNE,LIVREE,18121.25
2080,2025-02-14,15,1,DIRECT,LIVREE,2311.35
2081,2025-02-14,23,10,EN_LIGNE,LIVREE,21465.60
2082,2025-02-15,1,8,DIRECT,EN_ATTENTE,17757.85
2083,2025-02-15,17,2,EN_LIGNE,LIVREE,27132.30
2084,2025-02-15,31,7,EN_LIGNE,EXPEDIEE,6299.45
2085,2025-02-15,13,8,EN_LIGNE,LIVREE,7979.30
2086,2025-02-15,15,2,GROSSISTE,EXPEDIEE,8976.80
2087,2025-02-16,12,1,GROSSISTE,LIVREE,20491.30
2088,2025-02-16,27,5,PARTENAIRE,LIVREE,20983.50
2089,2025-02-16,32,5,GROSSISTE,EXPEDIEE,1368.00
2090,2025-02-16,16,10,PARTENAIRE,LIVREE,13212.10
2091,2025-02-16,31,7,GROSSISTE,LIVREE,9333.00
2092,2025-02-16,2,10,GROSSISTE,LIVREE,22450.00
2093,2025-02-16,40,7,PARTENAIRE,LIVREE,488.80
2094,2025-02-17,12,7,PARTENAIRE,LIVREE,11185.25
2095,2025-02-17,17,4,DIRECT,LIVREE,2973.75
2096,2025-02-17,34,12,DIRECT,LIVREE,6654.30
2097,2025-02-17,4,9,EN_LIGNE,LIVREE,11141.55
2098,2025-02-17,36,1,EN_LIGNE,EXPEDIEE,16846.00
2099,2025-02-17,14,2,PARTENAIRE,LIVREE,405.00
2100,2025-02-18,39,2,PARTENAIRE,LIVREE,4684.50
2101,2025-02-18,24,3,EN_LIGNE,LIVREE,25786.20
2102,2025-02-18,4,11,PARTENAIRE,LIVREE,20004.30
2103,2025-02-19,8,3,GROSSISTE,LIVREE,17277.95
2104,2025-02-19,6,2,DIRECT,EXPEDIEE,20147.20
2105,2025-02-19,10,4,GROSSISTE,LIVREE,29018.00
2106,2025-02-20,40,9,GROSSISTE,LIVREE,1113.00
2107,2025-02-20,18,11,EN_LIGNE,LIVREE,24268.00
2108,2025-02-20,40,8,EN_LIGNE,LIVREE,945.00
2109,2025-02-20,26,11,GROSSISTE,EXPEDIEE,9675.00
2110,2025-02-21,39,2,GROSSISTE,LIVREE,4976.20
2111,2025-02-21,30,11,DIRECT,LIVREE,17049.00
2112,2025-02-21,35,1,EN_LIGNE,LIVREE,7937.95
2113,2025-02-21,37,4,GROSSISTE,LIVREE,5551.00
2114,2025-02-21,39,11,GROSSISTE,LIVREE,21863.40
2115,2025-02-21,40,8,DIRECT,LIVREE,4488.75
2116,2025-02-21,28,8,PARTENAIRE,LIVREE,11038.45
2117,2025-02-21,34,11,PARTENAIRE,EXPEDIEE,31308.65
2118,2025-02-22,1,2,EN_LIGNE,EN_ATTENTE,10431.00
2119,2025-02-22,23,9,PARTENAIRE,LIVREE,1412.40
2120,2025-02-22,12,10,DIRECT,LIVREE,3380.40
2121,2025-02-22,2,8,DIRECT,LIVREE,23823.90
2122,2025-02-23,13,4,EN_LIGNE,EXPEDIEE,4472.00
2123,2025-02-23,33,11,PARTENAIRE,EXPEDIEE,3158.10
2124,2025-02-23,3,5,EN_LIGNE,LIVREE,1943.40
2125,2025-02-23,24,5,DIRECT,ANNULEE,0.00
2126,2025-02-23,36,6,GROSSISTE,LIVREE,1624.55
2127,2025-02-23,34,3,EN_LIGNE,LIVREE,30.40
2128,2025-02-23,5,9,PARTENAIRE,EXPEDIEE,12493.00
2129,2025-02-24,15,3,PARTENAIRE,LIVREE,1865.00
2130,2025-02-24,11,9,PARTENAIRE,LIVREE,1065.00
2131,2025-02-24,36,9,DIRECT,EN_ATTENTE,25011.15
2132,2025-02-24,8,11,PARTENAIRE,LIVREE,4632.00
2133,2025-02-24,5,8,PARTENAIRE,LIVREE,86.40
2134,2025-02-24,5,8,PARTENAIRE,LIVREE,7678.00
2135,2025-02-24,30,5,GROSSISTE,EN_ATTENTE,11381.25
2136,2025-02-24,11,6,GROSSISTE,LIVREE,13450.80
2137,2025-02-25,24,10,DIRECT,LIVREE,12071.00
2138,2025-02-25,36,12,DIRECT,ANNULEE,0.00
2139,2025-02-25,19,3,PARTENAIRE,EN_ATTENTE,10141.20
2140,2025-02-25,11,8,DIRECT,LIVREE,19490.25
2141,2025-02-26,2,11,EN_LIGNE,LIVREE,12810.20
2142,2025-02-26,33,6,PARTENAIRE,LIVREE,17090.10
2143,2025-02-26,5,11,DIRECT,ANNULEE,0.00
2144,2025-02-26,16,5,PARTENAIRE,LIVREE,1683.90
2145,2025-02-27,27,10,DIRECT,EXPEDIEE,1626.20
2146,2025-02-27,2,7,GROSSISTE,EN_ATTENTE,4583.25
2147,2025-02-27,26,1,EN_LIGNE,LIVREE,3821.85
2148,2025-02-27,8,7,EN_LIGNE,EXPEDIEE,7902.00
2149,2025-02-27,13,9,GROSSISTE,LIVREE,15236.10
2150,2025-02-27,12,5,DIRECT,LIVREE,671.00
2151,2025-02-27,21,6,PARTENAIRE,LIVREE,4244.00
2152,2025-02-28,33,9,DIRECT,LIVREE,1114.20
2153,2025-02-28,37,8,DIRECT,LIVREE,6169.50
2154,2025-03-01,24,10,DIRECT,LIVREE,3028.00
2155,2025-03-01,20,12,EN_LIGNE,LIVREE,992.75
2156,2025-03-02,15,9,GROSSISTE,LIVREE,7868.60
2157,2025-03-02,13,7,GROSSISTE,EN_ATTENTE,3070.00
2158,2025-03-02,10,11,GROSSISTE,LIVREE,15010.25
2159,2025-03-02,4,1,PARTENAIRE,EXPEDIEE,23792.70
2160,2025-03-02,10,7,DIRECT,LIVREE,812.70
2161,2025-03-02,29,11,EN_LIGNE,LIVREE,3033.00
2162,2025-03-03,19,9,EN_LIGNE,LIVREE,19176.00
2163,2025-03-03,25,6,GROSSISTE,LIVREE,18495.00
2164,2025-03-03,23,2,PARTENAIRE,LIVREE,13983.40
2165,2025-03-03,11,11,EN_LIGNE,LIVREE,3716.10
2166,2025-03-03,17,3,GROSSISTE,LIVREE,23641.10
2167,2025-03-04,5,7,EN_LIGNE,EN_ATTENTE,24828.80
2168,2025-03-04,3,2,DIRECT,LIVREE,20166.00
2169,2025-03-04,27,3,DIRECT,LIVREE,130.00
2170,2025-03-04,4,1,DIRECT,EN_ATTENTE,1536.80
2171,2025-03-04,2,4,DIRECT,LIVREE,9405.75
2172,2025-03-04,34,11,DIRECT,LIVREE,7398.60
2173,2025-03-05,22,8,GROSSISTE,LIVREE,12523.70
2174,2025-03-05,16,5,GROSSISTE,LIVREE,2520.00
2175,2025-03-05,18,10,PARTENAIRE,LIVREE,8474.20
2176,2025-03-05,25,4,GROSSISTE,EN_ATTENTE,10304.50
2177,2025-03-06,37,9,PARTENAIRE,LIVREE,23739.75
2178,2025-03-06,32,8,PARTENAIRE,LIVREE,378.00
2179,2025-03-06,2,1,PARTENAIRE,LIVREE,5602.50
2180,2025-03-06,8,2,DIRECT,EXPEDIEE,1454.00
2181,2025-03-06,28,9,GROSSISTE,LIVREE,15029.75
2182,2025-03-06,5,9,EN_LIGNE,LIVREE,29003.40
2183,2025-03-06,3,3,GROSSISTE,EXPEDIEE,1847.05
2184,2025-03-06,35,12,DIRECT,EXPEDIEE,20444.40
2185,2025-03-07,36,1,GROSSISTE,LIVREE,29205.65
2186,2025-03-07,8,11,PARTENAIRE,LIVREE,1944.15
2187,2025-03-07,37,9,GROSSISTE,LIVREE,18832.30
2188,2025-03-07,26,8,EN_LIGNE,EXPEDIEE,19272.70
2189,2025-03-07,36,10,DIRECT,LIVREE,11267.70
2190,2025-03-08,12,2,PARTENAIRE,LIVREE,3814.00
2191,2025-03-08,22,5,DIRECT,LIVREE,17578.00
2192,2025-03-08,3,9,EN_LIGNE,LIVREE,591.85
2193,2025-03-08,22,10,DIRECT,LIVREE,120.55
2194,2025-03-08,40,3,PARTENAIRE,LIVREE,14364.80
2195,2025-03-09,21,10,EN_LIGNE,LIVREE,420.00
2196,2025-03-09,11,1,DIRECT,LIVREE,1880.60
2197,2025-03-09,38,11,GROSSISTE,LIVREE,31848.25
2198,2025-03-09,14,8,DIRECT,ANNULEE,0.00
2199,2025-03-09,23,3,GROSSISTE,EXPEDIEE,6767.00
2200,2025-03-09,24,10,EN_LIGNE,EN_ATTENTE,8574.10
2201,2025-03-10,19,12,EN_LIGNE,LIVREE,11957.70
2202,2025-03-10,32,10,GROSSISTE,LIVREE,6528.20
2203,2025-03-10,31,11,EN_LIGNE,LIVREE,24110.90
2204,2025-03-10,30,8,PARTENAIRE,LIVREE,30.40
2205,2025-03-10,7,11,DIRECT,LIVREE,22417.40
2206,2025-03-10,8,12,DIRECT,EN_ATTENTE,8942.70
2207,2025-03-10,26,8,EN_LIGNE,EXPEDIEE,13108.40
2208,2025-03-11,2,8,PARTENAIRE,EN_ATTENTE,22380.25
2209,2025-03-11,26,7,PARTENAIRE,LIVREE,62535.15
2210,2025-03-11,23,7,PARTENAIRE,EN_ATTENTE,14769.00
2211,2025-03-11,17,9,EN_LIGNE,LIVREE,13157.00
2212,2025-03-11,5,2,EN_LIGNE,LIVREE,7490.40
2213,2025-03-12,7,8,EN_LIGNE,LIVREE,1501.00
2214,2025-03-12,3,10,PARTENAIRE,LIVREE,6681.75
2215,2025-03-12,32,8,PARTENAIRE,LIVREE,20429.60
2216,2025-03-12,17,8,PARTENAIRE,EXPEDIEE,28723.50
2217,2025-03-12,2,7,EN_LIGNE,LIVREE,4649.50
2218,2025-03-12,18,5,GROSSISTE,LIVREE,2478.60
2219,2025-03-12,37,11,PARTENAIRE,LIVREE,9770.80
2220,2025-03-13,16,5,PARTENAIRE,EXPEDIEE,13676.80
2221,2025-03-13,17,6,PARTENAIRE,LIVREE,9087.00
2222,2025-03-13,27,7,GROSSISTE,ANNULEE,0.00
2223,2025-03-13,25,11,GROSSISTE,LIVREE,4028.00
2224,2025-03-13,1,12,GROSSISTE,LIVREE,1521.00
2225,2025-03-13,21,1,GROSSISTE,ANNULEE,0.00
2226,2025-03-13,10,12,EN_LIGNE,LIVREE,8325.15
2227,2025-03-14,30,8,DIRECT,LIVREE,11860.60
2228,2025-03-14,40,9,GROSSISTE,LIVREE,20760.00
2229,2025-03-15,1,9,EN_LIGNE,LIVREE,7524.40
2230,2025-03-15,13,5,DIRECT,LIVREE,1350.00
2231,2025-03-16,21,10,DIRECT,EXPEDIEE,536.40
2232,2025-03-16,5,12,EN_LIGNE,LIVREE,9018.10
2233,2025-03-16,28,8,DIRECT,LIVREE,36755.25
2234,2025-03-16,8,8,EN_LIGNE,LIVREE,36451.45
2235,2025-03-16,33,3,GROSSISTE,LIVREE,13263.05
2236,2025-03-16,35,10,GROSSISTE,LIVREE,33635.95
2237,2025-03-17,20,7,EN_LIGNE,ANNULEE,0.00
2238,2025-03-17,38,8,EN_LIGNE,LIVREE,8978.55
2239,2025-03-17,11,9,GROSSISTE,LIVREE,988.00
2240,2025-03-17,14,5,PARTENAIRE,ANNULEE,0.00
2241,2025-03-17,38,7,PARTENAIRE,LIVREE,513.00
2242,2025-03-17,35,9,PARTENAIRE,LIVREE,7405.45
2243,2025-03-17,27,1,EN_LIGNE,LIVREE,9387.90
2244,2025-03-17,28,5,PARTENAIRE,LIVREE,29767.30
2245,2025-03-18,5,3,GROSSISTE,LIVREE,108.00
2246,2025-03-18,12,9,PARTENAIRE,ANNULEE,0.00
2247,2025-03-19,25,7,PARTENAIRE,LIVREE,6990.00
2248,2025-03-19,17,11,DIRECT,LIVREE,12112.50
2249,2025-03-19,25,12,DIRECT,EN_ATTENTE,21491.30
2250,2025-03-19,34,4,PARTENAIRE,LIVREE,4947.60
2251,2025-03-19,5,2,DIRECT,LIVREE,19128.00
2252,2025-03-19,32,12,EN_LIGNE,LIVREE,24087.30
2253,2025-03-19,22,9,PARTENAIRE,EXPEDIEE,6184.00
2254,2025-03-20,2,10,PARTENAIRE,LIVREE,8786.90
2255,2025-03-20,20,5,EN_LIGNE,LIVREE,12331.00
2256,2025-03-20,18,1,PARTENAIRE,LIVREE,2275.65
2257,2025-03-20,36,5,DIRECT,LIVREE,9603.60
2258,2025-03-20,11,11,EN_LIGNE,LIVREE,33479.40
2259,2025-03-21,14,10,PARTENAIRE,ANNULEE,0.00
2260,2025-03-21,6,8,GROSSISTE,LIVREE,32545.10
2261,2025-03-21,14,7,PARTENAIRE,LIVREE,8541.70
2262,2025-03-21,3,5,PARTENAIRE,EXPEDIEE,12383.00
2263,2025-03-21,10,9,GROSSISTE,LIVREE,183.15
2264,2025-03-21,16,2,EN_LIGNE,LIVREE,15397.90
2265,2025-03-22,22,6,EN_LIGNE,ANNULEE,0.00
2266,2025-03-22,17,4,EN_LIGNE,LIVREE,6453.00
2267,2025-03-22,17,8,DIRECT,LIVREE,2906.15
2268,2025-03-22,24,10,DIRECT,EXPEDIEE,6672.30
2269,2025-03-22,21,1,GROSSISTE,LIVREE,75.00
2270,2025-03-23,36,5,EN_LIGNE,LIVREE,1737.10
2271,2025-03-23,17,7,GROSSISTE,LIVREE,4935.30
2272,2025-03-23,8,11,GROSSISTE,EXPEDIEE,21060.00
2273,2025-03-23,32,4,DIRECT,LIVREE,4393.55
2274,2025-03-23,30,5,GROSSISTE,LIVREE,7709.00
2275,2025-03-23,15,2,EN_LIGNE,LIVREE,20237.95
2276,2025-03-24,27,9,GROSSISTE,LIVREE,13045.45
2277,2025-03-24,15,11,EN_LIGNE,LIVREE,10743.00
2278,2025-03-24,6,2,DIRECT,LIVREE,26205.90
2279,2025-03-24,40,5,PARTENAIRE,LIVREE,8115.40
2280,2025-03-24,31,12,EN_LIGNE,LIVREE,4543.00
2281,2025-03-24,31,7,EN_LIGNE,LIVREE,26676.90
2282,2025-03-24,24,7,DIRECT,LIVREE,2202.75
2283,2025-03-24,40,12,PARTENAIRE,LIVREE,10822.80
2284,2025-03-25,13,7,GROSSISTE,LIVREE,2578.00
2285,2025-03-25,4,1,GROSSISTE,LIVREE,162.00
2286,2025-03-25,29,3,PARTENAIRE,LIVREE,5251.50
2287,2025-03-25,34,7,EN_LIGNE,LIVREE,5099.85
2288,2025-03-25,24,9,GROSSISTE,LIVREE,17032.10
2289,2025-03-25,26,3,DIRECT,EXPEDIEE,20227.50
2290,2025-03-26,31,12,EN_LIGNE,LIVREE,4002.50
2291,2025-03-26,10,11,PARTENAIRE,LIVREE,28774.40
2292,2025-03-26,27,10,DIRECT,EXPEDIEE,6081.00
2293,2025-03-26,34,2,DIRECT,LIVREE,577.60
2294,2025-03-26,17,1,DIRECT,ANNULEE,0.00
2295,2025-03-26,16,4,DIRECT,LIVREE,32466.00
2296,2025-03-26,27,3,PARTENAIRE,LIVREE,18899.00
2297,2025-03-26,1,6,DIRECT,LIVREE,1017.00
2298,2025-03-27,24,6,EN_LIGNE,ANNULEE,0.00
2299,2025-03-27,32,2,DIRECT,EN_ATTENTE,169.10
2300,2025-03-27,17,12,GROSSISTE,LIVREE,789.00
2301,2025-03-27,30,6,DIRECT,LIVREE,16776.00
2302,2025-03-27,34,11,DIRECT,LIVREE,14297.00
2303,2025-03-27,32,7,EN_LIGNE,LIVREE,19988.50
2304,2025-03-27,8,10,EN_LIGNE,LIVREE,960.00
2305,2025-03-28,18,7,DIRECT,LIVREE,162.00
2306,2025-03-28,12,8,DIRECT,EN_ATTENTE,12974.00
2307,2025-03-28,27,7,GROSSISTE,EXPEDIEE,31904.65
2308,2025-03-28,30,7,EN_LIGNE,LIVREE,1772.60
2309,2025-03-28,40,3,DIRECT,LIVREE,16097.00
2310,2025-03-28,23,6,PARTENAIRE,LIVREE,5826.60
2311,2025-03-28,14,9,GROSSISTE,LIVREE,11357.10
2312,2025-03-28,6,7,DIRECT,LIVREE,15458.15
2313,2025-03-29,15,2,GROSSISTE,EXPEDIEE,12310.00
2314,2025-03-29,25,8,EN_LIGNE,LIVREE,660.00
2315,2025-03-29,8,11,GROSSISTE,EXPEDIEE,26061.00
2316,2025-03-30,29,5,PARTENAIRE,LIVREE,1726.15
2317,2025-03-30,19,2,DIRECT,EXPEDIEE,2770.10
2318,2025-03-30,16,3,DIRECT,LIVREE,60.00
2319,2025-03-30,7,3,PARTENAIRE,EN_ATTENTE,11772.05
2320,2025-03-30,30,6,PARTENAIRE,LIVREE,245.00
2321,2025-03-30,27,7,GROSSISTE,LIVREE,2849.55
2322,2025-03-30,26,6,EN_LIGNE,LIVREE,2838.00
2323,2025-03-31,30,4,EN_LIGNE,LIVREE,13066.65
2324,2025-03-31,26,4,GROSSISTE,LIVREE,6293.20
2325,2025-03-31,17,9,DIRECT,LIVREE,1593.15
2326,2025-03-31,16,9,EN_LIGNE,LIVREE,6831.45
2327,2025-03-31,6,11,DIRECT,LIVREE,13167.00
2328,2025-03-31,4,3,PARTENAIRE,LIVREE,6652.00
2329,2025-03-31,21,5,DIRECT,LIVREE,1053.00
2330,2025-04-01,26,11,GROSSISTE,ANNULEE,0.00
2331,2025-04-01,18,6,PARTENAIRE,LIVREE,23857.40
2332,2025-04-02,17,4,EN_LIGNE,EXPEDIEE,36476.00
2333,2025-04-02,30,11,EN_LIGNE,LIVREE,3621.90
2334,2025-04-02,30,11,EN_LIGNE,LIVREE,19450.20
2335,2025-04-02,20,5,DIRECT,EN_ATTENTE,16444.00
2336,2025-04-02,2,11,DIRECT,LIVREE,487.35
2337,2025-04-02,18,3,PARTENAIRE,LIVREE,10599.00
2338,2025-04-02,28,12,PARTENAIRE,LIVREE,1630.10
2339,2025-04-02,15,1,DIRECT,EXPEDIEE,370.50
2340,2025-04-03,23,10,EN_LIGNE,LIVREE,735.00
2341,2025-04-03,12,2,GROSSISTE,LIVREE,6124.00
2342,2025-04-03,3,5,GROSSISTE,LIVREE,6022.30
2343,2025-04-03,34,9,DIRECT,LIVREE,51971.45
2344,2025-04-03,26,7,PARTENAIRE,LIVREE,17258.40
2345,2025-04-03,7,10,GROSSISTE,ANNULEE,0.00
2346,2025-04-03,3,6,DIRECT,LIVREE,7374.00
2347,2025-04-03,27,2,EN_LIGNE,EXPEDIEE,29481.75
2348,2025-04-04,3,8,PARTENAIRE,LIVREE,23913.50
2349,2025-04-04,33,12,EN_LIGNE,EXPEDIEE,1674.00
2350,2025-04-04,9,10,GROSSISTE,LIVREE,7702.20
2351,2025-04-04,9,6,GROSSISTE,LIVREE,12311.25
2352,2025-04-04,9,2,PARTENAIRE,LIVREE,17081.20
2353,2025-04-04,15,11,EN_LIGNE,LIVREE,8338.00
2354,2025-04-04,29,6,DIRECT,LIVREE,13734.00
2355,2025-04-04,22,5,DIRECT,LIVREE,1772.60
2356,2025-04-05,33,4,PARTENAIRE,LIVREE,3118.85
2357,2025-04-05,11,4,GROSSISTE,EN_ATTENTE,39646.20
2358,2025-04-05,40,9,GROSSISTE,LIVREE,23835.05
2359,2025-04-05,7,5,DIRECT,LIVREE,7328.90
2360,2025-04-05,37,5,DIRECT,LIVREE,15390.55
2361,2025-04-05,13,6,DIRECT,LIVREE,1026.00
2362,2025-04-06,21,1,GROSSISTE,LIVREE,4360.95
2363,2025-04-06,3,12,GROSSISTE,LIVREE,1716.25
2364,2025-04-06,1,12,PARTENAIRE,EXPEDIEE,3796.20
2365,2025-04-06,13,8,EN_LIGNE,LIVREE,10481.35
2366,2025-04-06,21,8,PARTENAIRE,LIVREE,12247.85
2367,2025-04-07,32,7,EN_LIGNE,LIVREE,12631.60
2368,2025-04-07,15,12,GROSSISTE,LIVREE,5106.50
2369,2025-04-07,5,11,EN_LIGNE,LIVREE,44.00
2370,2025-04-07,14,10,DIRECT,LIVREE,1352.25
2371,2025-04-07,18,7,EN_LIGNE,LIVREE,16414.35
2372,2025-04-07,7,9,DIRECT,EN_ATTENTE,3374.00
2373,2025-04-07,14,3,PARTENAIRE,ANNULEE,0.00
2374,2025-04-08,31,11,DIRECT,EXPEDIEE,1622.75
2375,2025-04-08,17,1,PARTENAIRE,EN_ATTENTE,747.00
2376,2025-04-08,25,8,DIRECT,LIVREE,11390.00
2377,2025-04-08,14,2,GROSSISTE,LIVREE,13049.20
2378,2025-04-08,25,4,EN_LIGNE,LIVREE,11190.60
2379,2025-04-08,13,7,PARTENAIRE,EXPEDIEE,14234.35
2380,2025-04-08,38,11,GROSSISTE,LIVREE,6153.00
2381,2025-04-08,15,4,EN_LIGNE,LIVREE,14341.00
2382,2025-04-09,11,4,EN_LIGNE,LIVREE,2375.00
2383,2025-04-09,38,6,EN_LIGNE,LIVREE,4791.25
2384,2025-04-09,13,5,PARTENAIRE,LIVREE,5796.00
2385,2025-04-09,6,1,GROSSISTE,LIVREE,306.00
2386,2025-04-09,32,6,PARTENAIRE,ANNULEE,0.00
2387,2025-04-09,29,2,EN_LIGNE,LIVREE,12443.00
2388,2025-04-10,20,12,DIRECT,LIVREE,1157.10
2389,2025-04-10,23,10,DIRECT,LIVREE,11778.10
2390,2025-04-10,19,3,PARTENAIRE,LIVREE,9750.00
2391,2025-04-10,16,4,EN_LIGNE,LIVREE,1622.25
2392,2025-04-10,34,12,EN_LIGNE,EXPEDIEE,4900.50
2393,2025-04-11,33,10,GROSSISTE,LIVREE,25513.30
2394,2025-04-11,25,9,GROSSISTE,EXPEDIEE,3732.00
2395,2025-04-12,36,10,DIRECT,LIVREE,4284.00
2396,2025-04-12,26,11,GROSSISTE,EXPEDIEE,2040.00
2397,2025-04-12,14,7,GROSSISTE,LIVREE,29552.40
2398,2025-04-12,34,2,DIRECT,LIVREE,5860.60
2399,2025-04-12,10,3,DIRECT,LIVREE,4907.70
2400,2025-04-13,3,12,PARTENAIRE,EXPEDIEE,6057.00
2401,2025-04-13,35,12,EN_LIGNE,LIVREE,8237.10
2402,2025-04-13,28,11,GROSSISTE,EXPEDIEE,1256.85
2403,2025-04-13,20,7,DIRECT,LIVREE,24444.00
2404,2025-04-13,21,11,PARTENAIRE,LIVREE,5948.90
2405,2025-04-13,36,3,EN_LIGNE,LIVREE,3316.40
2406,2025-04-13,37,3,EN_LIGNE,LIVREE,2117.70
2407,2025-04-14,20,6,DIRECT,LIVREE,11437.00
2408,2025-04-14,25,2,PARTENAIRE,LIVREE,14094.15
2409,2025-04-14,11,12,DIRECT,LIVREE,18751.20
2410,2025-04-14,14,10,DIRECT,LIVREE,665.00
2411,2025-04-14,30,6,DIRECT,LIVREE,27683.40
2412,2025-04-14,11,5,PARTENAIRE,LIVREE,2719.00
2413,2025-04-15,14,10,DIRECT,LIVREE,4530.00
2414,2025-04-15,2,11,DIRECT,LIVREE,4261.60
2415,2025-04-15,29,12,GROSSISTE,LIVREE,162.00
2416,2025-04-15,12,4,GROSSISTE,LIVREE,874.95
2417,2025-04-15,32,9,EN_LIGNE,LIVREE,21313.60
2418,2025-04-15,33,12,EN_LIGNE,EN_ATTENTE,90.00
2419,2025-04-15,3,10,GROSSISTE,LIVREE,6723.00
2420,2025-04-15,7,5,EN_LIGNE,LIVREE,31592.55
2421,2025-04-16,1,8,DIRECT,EN_ATTENTE,32448.75
2422,2025-04-16,35,6,PARTENAIRE,EXPEDIEE,23035.20
2423,2025-04-16,3,12,GROSSISTE,LIVREE,10348.05
2424,2025-04-17,28,1,EN_LIGNE,LIVREE,25527.50
2425,2025-04-17,30,5,GROSSISTE,LIVREE,555.75
2426,2025-04-17,11,6,GROSSISTE,LIVREE,5138.60
2427,2025-04-17,40,9,GROSSISTE,LIVREE,23250.00
2428,2025-04-17,32,9,EN_LIGNE,LIVREE,731.50
2429,2025-04-17,13,6,EN_LIGNE,LIVREE,7393.00
2430,2025-04-17,2,11,DIRECT,LIVREE,7686.45
2431,2025-04-18,3,2,GROSSISTE,EN_ATTENTE,35172.85
2432,2025-04-18,34,7,EN_LIGNE,LIVREE,605.40
2433,2025-04-19,12,11,EN_LIGNE,LIVREE,7107.30
2434,2025-04-19,21,5,DIRECT,LIVREE,4143.50
2435,2025-04-19,13,7,GROSSISTE,LIVREE,25303.75
2436,2025-04-19,20,3,EN_LIGNE,LIVREE,27894.40
2437,2025-04-19,9,11,PARTENAIRE,LIVREE,13225.00
2438,2025-04-20,33,3,GROSSISTE,LIVREE,7451.40
2439,2025-04-20,39,3,EN_LIGNE,LIVREE,10836.40
2440,2025-04-20,11,6,GROSSISTE,EXPEDIEE,8369.65
2441,2025-04-20,23,10,EN_LIGNE,EXPEDIEE,6474.00
2442,2025-04-20,34,12,EN_LIGNE,LIVREE,22933.60
2443,2025-04-20,7,6,PARTENAIRE,LIVREE,21045.30
2444,2025-04-21,40,9,GROSSISTE,EXPEDIEE,4152.00
2445,2025-04-21,28,4,EN_LIGNE,EXPEDIEE,19771.55
2446,2025-04-21,7,7,DIRECT,LIVREE,3180.00
2447,2025-04-21,30,2,EN_LIGNE,LIVREE,12002.10
2448,2025-04-21,29,11,DIRECT,LIVREE,22727.00
2449,2025-04-21,29,9,GROSSISTE,LIVREE,3133.00
2450,2025-04-21,28,10,PARTENAIRE,LIVREE,449.10
2451,2025-04-22,4,9,EN_LIGNE,EXPEDIEE,4506.00
2452,2025-04-22,40,12,GROSSISTE,LIVREE,7310.40
2453,2025-04-22,37,12,PARTENAIRE,EXPEDIEE,4654.25
2454,2025-04-22,35,12,DIRECT,LIVREE,5765.10
2455,2025-04-22,38,9,PARTENAIRE,LIVREE,9893.40
2456,2025-04-23,6,3,PARTENAIRE,LIVREE,8316.50
2457,2025-04-23,18,3,GROSSISTE,LIVREE,9735.00
2458,2025-04-24,30,6,DIRECT,LIVREE,14969.40
2459,2025-04-24,26,3,DIRECT,LIVREE,2418.00
2460,2025-04-25,7,12,DIRECT,EN_ATTENTE,19118.20
2461,2025-04-25,28,4,DIRECT,EN_ATTENTE,3576.00
2462,2025-04-25,33,5,EN_LIGNE,LIVREE,1431.00
2463,2025-04-25,22,1,GROSSISTE,LIVREE,23418.15
2464,2025-04-25,22,2,PARTENAIRE,LIVREE,745.00
2465,2025-04-25,34,1,GROSSISTE,LIVREE,15234.90
2466,2025-04-26,38,8,DIRECT,LIVREE,26080.80
2467,2025-04-26,33,4,DIRECT,LIVREE,486.00
2468,2025-04-26,10,1,EN_LIGNE,LIVREE,16703.90
2469,2025-04-26,7,3,PARTENAIRE,EN_ATTENTE,10376.10
2470,2025-04-26,19,8,GROSSISTE,LIVREE,2529.00
2471,2025-04-26,6,11,DIRECT,LIVREE,13682.00
2472,2025-04-27,39,2,PARTENAIRE,LIVREE,6202.35
2473,2025-04-27,22,5,DIRECT,EN_ATTENTE,4492.00
2474,2025-04-27,20,10,EN_LIGNE,LIVREE,13626.00
2475,2025-04-27,32,2,EN_LIGNE,LIVREE,12854.00
2476,2025-04-27,18,7,EN_LIGNE,EXPEDIEE,2986.75
2477,2025-04-28,27,10,PARTENAIRE,LIVREE,9189.00
2478,2025-04-28,26,2,PARTENAIRE,LIVREE,13617.10
2479,2025-04-28,25,3,EN_LIGNE,LIVREE,27510.00
2480,2025-04-28,21,1,GROSSISTE,LIVREE,16337.25
2481,2025-04-28,28,2,PARTENAIRE,LIVREE,13567.00
2482,2025-04-28,6,8,PARTENAIRE,LIVREE,10932.45
2483,2025-04-28,16,8,DIRECT,LIVREE,2862.00
2484,2025-04-28,30,10,PARTENAIRE,LIVREE,14521.50
2485,2025-04-29,14,1,DIRECT,LIVREE,10552.70
2486,2025-04-29,37,10,DIRECT,LIVREE,14998.75
2487,2025-04-29,6,7,DIRECT,EN_ATTENTE,57.60
2488,2025-04-29,35,11,PARTENAIRE,EXPEDIEE,37992.05
2489,2025-04-29,33,11,DIRECT,LIVREE,1305.00
2490,2025-04-29,12,2,PARTENAIRE,LIVREE,9086.00
2491,2025-04-29,36,8,GROSSISTE,LIVREE,15732.10
2492,2025-04-29,39,10,DIRECT,LIVREE,12285.00
2493,2025-04-30,8,5,DIRECT,EXPEDIEE,32492.35
2494,2025-04-30,24,7,DIRECT,LIVREE,14576.65
2495,2025-04-30,6,8,PARTENAIRE,LIVREE,1395.00
2496,2025-04-30,19,12,EN_LIGNE,LIVREE,4851.00
2497,2025-04-30,32,2,EN_LIGNE,LIVREE,1208.70
2498,2025-05-01,18,6,DIRECT,LIVREE,130.00
2499,2025-05-01,18,8,PARTENAIRE,LIVREE,12925.35
2500,2025-05-01,11,5,PARTENAIRE,LIVREE,17426.50
2501,2025-05-02,9,12,PARTENAIRE,LIVREE,6893.00
2502,2025-05-02,6,11,DIRECT,EXPEDIEE,1450.00
2503,2025-05-02,38,12,PARTENAIRE,ANNULEE,0.00
2504,2025-05-02,40,5,PARTENAIRE,LIVREE,10452.00
2505,2025-05-03,7,3,EN_LIGNE,LIVREE,4307.50
2506,2025-05-03,4,6,DIRECT,LIVREE,20857.90
2507,2025-05-03,12,3,EN_LIGNE,LIVREE,992.75
2508,2025-05-03,22,8,EN_LIGNE,LIVREE,445.50
2509,2025-05-03,34,3,GROSSISTE,LIVREE,17648.00
2510,2025-05-03,22,12,DIRECT,LIVREE,40516.00
2511,2025-05-03,7,8,EN_LIGNE,LIVREE,2486.00
2512,2025-05-03,25,11,GROSSISTE,LIVREE,17613.00
2513,2025-05-04,2,6,DIRECT,LIVREE,19800.30
2514,2025-05-04,6,3,EN_LIGNE,LIVREE,20494.10
2515,2025-05-04,17,12,GROSSISTE,EXPEDIEE,15429.00
2516,2025-05-05,7,11,PARTENAIRE,LIVREE,4909.00
2517,2025-05-05,13,10,DIRECT,LIVREE,5997.00
2518,2025-05-05,21,6,GROSSISTE,ANNULEE,0.00
2519,2025-05-05,2,12,GROSSISTE,LIVREE,11250.85
2520,2025-05-05,12,4,PARTENAIRE,LIVREE,6296.40
2521,2025-05-05,23,12,DIRECT,LIVREE,9481.00
2522,2025-05-05,19,2,DIRECT,LIVREE,23636.10
2523,2025-05-05,39,12,PARTENAIRE,LIVREE,5211.60
2524,2025-05-06,9,10,EN_LIGNE,LIVREE,26547.00
2525,2025-05-06,20,2,DIRECT,ANNULEE,0.00
2526,2025-05-06,35,12,EN_LIGNE,EXPEDIEE,17973.00
2527,2025-05-06,37,5,DIRECT,LIVREE,2261.40
2528,2025-05-06,18,10,GROSSISTE,LIVREE,4487.25
2529,2025-05-07,14,12,GROSSISTE,LIVREE,9957.00
2530,2025-05-07,40,4,EN_LIGNE,LIVREE,10267.50
2531,2025-05-07,12,2,GROSSISTE,LIVREE,630.00
2532,2025-05-07,14,8,DIRECT,LIVREE,16641.00
2533,2025-05-07,25,2,PARTENAIRE,LIVREE,9405.00
2534,2025-05-07,40,5,PARTENAIRE,LIVREE,11754.30
2535,2025-05-07,11,1,DIRECT,LIVREE,5806.75
2536,2025-05-07,11,10,DIRECT,LIVREE,4994.00
2537,2025-05-08,2,6,EN_LIGNE,EXPEDIEE,15395.50
2538,2025-05-08,11,12,DIRECT,EXPEDIEE,4212.90
2539,2025-05-08,13,7,PARTENAIRE,LIVREE,9333.00
2540,2025-05-08,1,6,DIRECT,LIVREE,414.00
2541,2025-05-08,34,5,EN_LIGNE,LIVREE,4323.00
2542,2025-05-09,17,2,EN_LIGNE,LIVREE,5384.70
2543,2025-05-09,35,6,GROSSISTE,LIVREE,768.00
2544,2025-05-09,4,11,EN_LIGNE,EXPEDIEE,22834.00
2545,2025-05-09,19,11,DIRECT,ANNULEE,0.00
2546,2025-05-10,15,8,PARTENAIRE,EN_ATTENTE,9334.00
2547,2025-05-10,34,10,EN_LIGNE,EXPEDIEE,656.10
2548,2025-05-11,9,6,EN_LIGNE,EXPEDIEE,8201.05
2549,2025-05-11,6,10,GROSSISTE,LIVREE,6798.60
2550,2025-05-11,13,6,DIRECT,LIVREE,3317.50
2551,2025-05-11,18,4,DIRECT,EXPEDIEE,4941.00
2552,2025-05-11,14,8,DIRECT,LIVREE,4586.45
2553,2025-05-12,29,5,GROSSISTE,EXPEDIEE,42722.20
2554,2025-05-12,28,10,PARTENAIRE,LIVREE,3776.40
2555,2025-05-12,2,9,EN_LIGNE,LIVREE,30820.00
2556,2025-05-12,4,10,PARTENAIRE,LIVREE,19088.20
2557,2025-05-12,40,3,DIRECT,ANNULEE,0.00
2558,2025-05-12,30,4,EN_LIGNE,LIVREE,2136.10
2559,2025-05-12,1,6,EN_LIGNE,LIVREE,2581.00
2560,2025-05-13,35,8,GROSSISTE,LIVREE,28233.00
2561,2025-05-13,33,4,PARTENAIRE,LIVREE,13629.00
2562,2025-05-13,10,6,EN_LIGNE,EXPEDIEE,3936.60
2563,2025-05-14,10,6,GROSSISTE,EXPEDIEE,22166.90
2564,2025-05-14,6,6,PARTENAIRE,LIVREE,2334.30
2565,2025-05-14,12,7,GROSSISTE,LIVREE,2548.85
2566,2025-05-15,32,1,PARTENAIRE,LIVREE,27869.00
2567,2025-05-15,6,10,GROSSISTE,LIVREE,23970.00
2568,2025-05-15,12,5,PARTENAIRE,LIVREE,21756.60
2569,2025-05-15,16,12,EN_LIGNE,LIVREE,4079.70
2570,2025-05-15,20,11,PARTENAIRE,EN_ATTENTE,14430.85
2571,2025-05-15,13,6,GROSSISTE,EN_ATTENTE,11104.20
2572,2025-05-15,32,1,GROSSISTE,LIVREE,17427.50
2573,2025-05-15,3,1,PARTENAIRE,LIVREE,4481.50
2574,2025-05-16,3,7,GROSSISTE,LIVREE,1350.00
2575,2025-05-16,21,5,EN_LIGNE,EN_ATTENTE,1112.00
2576,2025-05-16,29,3,PARTENAIRE,LIVREE,1214.10
2577,2025-05-17,13,10,DIRECT,LIVREE,16332.50
2578,2025-05-17,28,2,GROSSISTE,LIVREE,25802.80
2579,2025-05-17,29,9,EN_LIGNE,LIVREE,120.00
2580,2025-05-17,38,7,PARTENAIRE,LIVREE,1161.00
2581,2025-05-17,1,7,GROSSISTE,LIVREE,19946.90
2582,2025-05-17,24,6,GROSSISTE,LIVREE,5785.00
2583,2025-05-17,1,5,PARTENAIRE,LIVREE,5602.50
2584,2025-05-17,3,7,GROSSISTE,LIVREE,22200.60
2585,2025-05-18,30,3,GROSSISTE,LIVREE,35044.80
2586,2025-05-18,4,1,PARTENAIRE,EXPEDIEE,9912.30
2587,2025-05-18,3,12,GROSSISTE,LIVREE,28154.00
2588,2025-05-19,13,11,GROSSISTE,LIVREE,13592.60
2589,2025-05-19,13,9,GROSSISTE,LIVREE,4292.00
2590,2025-05-19,35,1,EN_LIGNE,LIVREE,4969.50
2591,2025-05-20,15,12,GROSSISTE,LIVREE,2496.00
2592,2025-05-20,32,11,PARTENAIRE,LIVREE,6470.40
2593,2025-05-20,13,9,PARTENAIRE,LIVREE,24426.70
2594,2025-05-20,22,2,DIRECT,LIVREE,12321.00
2595,2025-05-21,29,2,GROSSISTE,LIVREE,16653.10
2596,2025-05-21,17,2,GROSSISTE,LIVREE,3701.70
2597,2025-05-21,32,2,DIRECT,EN_ATTENTE,6457.40
2598,2025-05-21,29,5,PARTENAIRE,LIVREE,4140.00
2599,2025-05-21,35,7,EN_LIGNE,LIVREE,2564.10
2600,2025-05-21,20,7,EN_LIGNE,LIVREE,20718.60
2601,2025-05-21,2,1,PARTENAIRE,LIVREE,2403.00
2602,2025-05-22,32,12,EN_LIGNE,LIVREE,12756.00
2603,2025-05-22,6,7,EN_LIGNE,LIVREE,3517.20
2604,2025-05-22,16,6,DIRECT,LIVREE,234.00
2605,2025-05-22,37,12,PARTENAIRE,ANNULEE,0.00
2606,2025-05-22,34,4,PARTENAIRE,LIVREE,8354.90
2607,2025-05-22,28,12,GROSSISTE,LIVREE,2652.40
2608,2025-05-23,26,4,GROSSISTE,EXPEDIEE,828.00
2609,2025-05-23,16,1,DIRECT,LIVREE,7323.40
2610,2025-05-23,1,6,EN_LIGNE,LIVREE,23607.45
2611,2025-05-23,3,7,GROSSISTE,ANNULEE,0.00
2612,2025-05-24,20,11,DIRECT,LIVREE,516.20
2613,2025-05-24,19,7,DIRECT,LIVREE,11701.10
2614,2025-05-24,15,10,PARTENAIRE,LIVREE,3404.00
2615,2025-05-24,39,5,DIRECT,LIVREE,10894.80
2616,2025-05-24,40,9,EN_LIGNE,LIVREE,1513.80
2617,2025-05-24,27,9,EN_LIGNE,EXPEDIEE,10146.60
2618,2025-05-24,9,6,GROSSISTE,LIVREE,414.00
2619,2025-05-25,20,2,DIRECT,EN_ATTENTE,6627.00
2620,2025-05-25,36,7,PARTENAIRE,EN_ATTENTE,29250.80
2621,2025-05-25,16,12,GROSSISTE,EXPEDIEE,185.25
2622,2025-05-25,37,8,GROSSISTE,LIVREE,11181.40
2623,2025-05-25,36,1,GROSSISTE,LIVREE,18018.90
2624,2025-05-25,8,11,PARTENAIRE,LIVREE,4022.10
2625,2025-05-25,39,10,DIRECT,EN_ATTENTE,8630.10
2626,2025-05-26,33,9,EN_LIGNE,LIVREE,3025.80
2627,2025-05-26,14,11,GROSSISTE,EXPEDIEE,8216.00
2628,2025-05-27,11,2,PARTENAIRE,LIVREE,4162.05
2629,2025-05-27,24,4,PARTENAIRE,LIVREE,12136.00
2630,2025-05-28,30,10,GROSSISTE,LIVREE,46599.50
2631,2025-05-28,13,10,DIRECT,EXPEDIEE,5217.00
2632,2025-05-28,23,5,DIRECT,ANNULEE,0.00
2633,2025-05-28,25,12,DIRECT,LIVREE,1798.00
2634,2025-05-29,32,11,DIRECT,EXPEDIEE,665.00
2635,2025-05-29,19,4,DIRECT,LIVREE,3048.30
2636,2025-05-29,10,6,GROSSISTE,LIVREE,4853.25
2637,2025-05-29,36,11,PARTENAIRE,LIVREE,11473.20
2638,2025-05-29,17,5,GROSSISTE,LIVREE,8436.95
2639,2025-05-29,32,8,PARTENAIRE,LIVREE,16757.10
2640,2025-05-30,2,12,GROSSISTE,LIVREE,840.90
2641,2025-05-30,20,4,PARTENAIRE,LIVREE,7560.00
2642,2025-05-30,35,9,PARTENAIRE,EXPEDIEE,455.00
2643,2025-05-30,39,2,GROSSISTE,LIVREE,3496.10
2644,2025-05-31,34,6,PARTENAIRE,LIVREE,1068.75
2645,2025-05-31,21,2,DIRECT,LIVREE,1368.35
2646,2025-05-31,17,12,GROSSISTE,LIVREE,16702.85
2647,2025-06-01,2,9,EN_LIGNE,LIVREE,3643.25
2648,2025-06-01,40,1,EN_LIGNE,LIVREE,5373.60
2649,2025-06-01,3,7,GROSSISTE,LIVREE,13628.60
2650,2025-06-01,8,7,PARTENAIRE,LIVREE,26579.20
2651,2025-06-01,10,10,EN_LIGNE,LIVREE,12392.00
2652,2025-06-02,32,11,DIRECT,LIVREE,3099.10
2653,2025-06-02,17,6,PARTENAIRE,LIVREE,30549.20
2654,2025-06-02,13,4,GROSSISTE,LIVREE,2640.00
2655,2025-06-02,4,8,PARTENAIRE,EXPEDIEE,8404.15
2656,2025-06-02,6,12,EN_LIGNE,LIVREE,37908.10
2657,2025-06-02,24,4,PARTENAIRE,LIVREE,6720.25
2658,2025-06-03,35,5,DIRECT,LIVREE,8690.00
2659,2025-06-03,18,10,GROSSISTE,LIVREE,14477.80
2660,2025-06-03,9,5,EN_LIGNE,LIVREE,16282.90
2661,2025-06-03,14,7,GROSSISTE,LIVREE,18074.00
2662,2025-06-03,18,2,DIRECT,LIVREE,22568.75
2663,2025-06-03,27,2,GROSSISTE,LIVREE,7902.40
2664,2025-06-04,26,12,PARTENAIRE,LIVREE,6324.50
2665,2025-06-04,26,1,EN_LIGNE,LIVREE,15421.35
2666,2025-06-04,3,6,EN_LIGNE,EXPEDIEE,22899.30
2667,2025-06-04,22,7,DIRECT,ANNULEE,0.00
2668,2025-06-04,17,5,PARTENAIRE,EXPEDIEE,4291.80
2669,2025-06-04,14,6,DIRECT,LIVREE,5066.00
2670,2025-06-04,1,1,DIRECT,ANNULEE,0.00
2671,2025-06-05,11,6,EN_LIGNE,EXPEDIEE,5990.70
2672,2025-06-05,34,7,DIRECT,LIVREE,14256.90
2673,2025-06-05,14,3,DIRECT,LIVREE,2017.00
2674,2025-06-06,7,12,EN_LIGNE,LIVREE,2547.40
2675,2025-06-06,13,5,PARTENAIRE,EXPEDIEE,21585.90
2676,2025-06-06,40,11,EN_LIGNE,LIVREE,8254.50
2677,2025-06-06,34,11,PARTENAIRE,LIVREE,1638.00
2678,2025-06-06,5,9,DIRECT,EXPEDIEE,19425.50
2679,2025-06-06,35,6,GROSSISTE,ANNULEE,0.00
2680,2025-06-07,34,5,EN_LIGNE,LIVREE,33690.80
2681,2025-06-07,17,3,GROSSISTE,LIVREE,19019.00
2682,2025-06-07,23,7,PARTENAIRE,LIVREE,3711.00
2683,2025-06-08,17,1,DIRECT,LIVREE,12898.80
2684,2025-06-08,5,3,PARTENAIRE,LIVREE,16399.00
2685,2025-06-08,22,10,EN_LIGNE,LIVREE,9650.00
2686,2025-06-08,23,3,EN_LIGNE,LIVREE,15844.95
2687,2025-06-08,30,12,EN_LIGNE,LIVREE,3926.70
2688,2025-06-08,12,6,EN_LIGNE,EXPEDIEE,30.00
2689,2025-06-08,27,8,DIRECT,ANNULEE,0.00
2690,2025-06-08,27,5,GROSSISTE,LIVREE,14232.60
2691,2025-06-09,27,1,DIRECT,LIVREE,53721.25
2692,2025-06-09,34,10,EN_LIGNE,LIVREE,2950.20
2693,2025-06-09,39,4,GROSSISTE,LIVREE,15258.30
2694,2025-06-09,18,9,EN_LIGNE,LIVREE,6086.50
2695,2025-06-09,22,11,GROSSISTE,LIVREE,9887.75
2696,2025-06-09,32,5,GROSSISTE,LIVREE,13441.80
2697,2025-06-09,28,6,EN_LIGNE,EN_ATTENTE,4338.80
2698,2025-06-10,26,3,DIRECT,ANNULEE,0.00
2699,2025-06-10,28,6,EN_LIGNE,LIVREE,4995.20
2700,2025-06-10,16,11,DIRECT,LIVREE,1466.50
2701,2025-06-10,36,4,GROSSISTE,LIVREE,9218.70
2702,2025-06-11,4,3,PARTENAIRE,EXPEDIEE,16398.00
2703,2025-06-11,39,11,GROSSISTE,LIVREE,465.60
2704,2025-06-12,12,3,EN_LIGNE,EXPEDIEE,6589.10
2705,2025-06-12,13,11,EN_LIGNE,LIVREE,6782.05
2706,2025-06-12,21,6,GROSSISTE,LIVREE,1068.00
2707,2025-06-12,13,1,EN_LIGNE,LIVREE,13848.00
2708,2025-06-13,6,12,EN_LIGNE,LIVREE,2160.00
2709,2025-06-13,30,3,PARTENAIRE,LIVREE,3827.55
2710,2025-06-13,40,10,PARTENAIRE,LIVREE,5110.25
2711,2025-06-13,19,12,EN_LIGNE,ANNULEE,0.00
2712,2025-06-13,2,7,GROSSISTE,LIVREE,10821.55
2713,2025-06-13,29,11,DIRECT,LIVREE,1890.00
2714,2025-06-13,27,12,GROSSISTE,LIVREE,3068.00
2715,2025-06-13,3,1,DIRECT,EN_ATTENTE,13572.00
2716,2025-06-14,11,4,PARTENAIRE,EN_ATTENTE,5103.00
2717,2025-06-14,21,6,PARTENAIRE,LIVREE,1873.80
2718,2025-06-14,32,3,EN_LIGNE,EXPEDIEE,4356.60
2719,2025-06-14,18,5,EN_LIGNE,LIVREE,23991.00
2720,2025-06-15,30,11,DIRECT,LIVREE,12789.45
2721,2025-06-15,36,4,GROSSISTE,LIVREE,1609.20
2722,2025-06-15,8,8,EN_LIGNE,LIVREE,8871.30
2723,2025-06-15,28,9,GROSSISTE,LIVREE,252.00
2724,2025-06-15,1,11,DIRECT,LIVREE,3291.40
2725,2025-06-15,11,9,PARTENAIRE,LIVREE,2831.00
2726,2025-06-15,11,7,DIRECT,LIVREE,2822.00
2727,2025-06-15,21,6,PARTENAIRE,LIVREE,29016.80
2728,2025-06-16,4,12,GROSSISTE,LIVREE,2148.75
2729,2025-06-16,38,2,GROSSISTE,LIVREE,420.00
2730,2025-06-17,22,7,DIRECT,EXPEDIEE,438.90
2731,2025-06-17,14,8,DIRECT,LIVREE,512.00
2732,2025-06-18,7,3,GROSSISTE,LIVREE,14278.00
2733,2025-06-18,21,12,DIRECT,ANNULEE,0.00
2734,2025-06-18,16,1,DIRECT,LIVREE,20601.30
2735,2025-06-18,7,1,GROSSISTE,EXPEDIEE,6353.40
2736,2025-06-18,32,12,GROSSISTE,EXPEDIEE,247.00
2737,2025-06-19,10,5,EN_LIGNE,LIVREE,1428.00
2738,2025-06-19,28,10,PARTENAIRE,LIVREE,13539.30
2739,2025-06-19,14,12,PARTENAIRE,ANNULEE,0.00
2740,2025-06-19,30,9,EN_LIGNE,LIVREE,10542.50
2741,2025-06-19,26,3,DIRECT,EXPEDIEE,9688.00
2742,2025-06-19,12,4,GROSSISTE,LIVREE,13318.80
2743,2025-06-20,32,5,EN_LIGNE,LIVREE,7908.45
2744,2025-06-20,30,7,EN_LIGNE,LIVREE,25086.40
2745,2025-06-20,26,3,PARTENAIRE,LIVREE,35579.15
2746,2025-06-20,19,2,DIRECT,LIVREE,3978.00
2747,2025-06-20,2,8,DIRECT,LIVREE,459.00
2748,2025-06-21,16,5,PARTENAIRE,LIVREE,27218.50
2749,2025-06-21,3,7,GROSSISTE,EXPEDIEE,603.00
2750,2025-06-21,18,11,DIRECT,EXPEDIEE,2052.00
2751,2025-06-21,11,10,DIRECT,LIVREE,490.00
2752,2025-06-21,22,7,DIRECT,LIVREE,1305.00
2753,2025-06-21,22,4,GROSSISTE,LIVREE,205.20
2754,2025-06-21,5,8,PARTENAIRE,EN_ATTENTE,8940.50
2755,2025-06-21,34,11,PARTENAIRE,EXPEDIEE,7665.00
2756,2025-06-22,6,6,PARTENAIRE,LIVREE,14683.00
2757,2025-06-22,8,2,EN_LIGNE,LIVREE,18072.00
2758,2025-06-23,22,11,PARTENAIRE,LIVREE,25180.50
2759,2025-06-23,6,11,PARTENAIRE,EN_ATTENTE,3897.60
2760,2025-06-23,17,10,GROSSISTE,LIVREE,6519.25
2761,2025-06-24,22,2,DIRECT,LIVREE,23764.85
2762,2025-06-24,13,4,EN_LIGNE,LIVREE,1865.00
2763,2025-06-24,23,1,GROSSISTE,LIVREE,643.50
2764,2025-06-24,16,5,GROSSISTE,LIVREE,6015.00
2765,2025-06-24,17,9,EN_LIGNE,LIVREE,22481.45
2766,2025-06-24,25,10,DIRECT,LIVREE,292.50
2767,2025-06-24,6,12,EN_LIGNE,LIVREE,618.00
2768,2025-06-24,1,2,PARTENAIRE,LIVREE,435.00
2769,2025-06-25,17,4,DIRECT,LIVREE,5692.00
2770,2025-06-25,37,4,GROSSISTE,LIVREE,19100.20
2771,2025-06-25,22,2,DIRECT,LIVREE,10026.00
2772,2025-06-25,30,4,DIRECT,LIVREE,1089.00
2773,2025-06-25,37,6,GROSSISTE,LIVREE,25449.90
2774,2025-06-25,34,5,EN_LIGNE,LIVREE,22643.45
2775,2025-06-25,31,10,GROSSISTE,LIVREE,21774.60
2776,2025-06-25,37,4,GROSSISTE,LIVREE,6064.40
2777,2025-06-26,22,4,PARTENAIRE,LIVREE,11168.00
2778,2025-06-26,4,4,DIRECT,LIVREE,7563.60
2779,2025-06-26,22,3,EN_LIGNE,LIVREE,735.30
2780,2025-06-26,2,12,GROSSISTE,LIVREE,3877.60
2781,2025-06-26,6,6,GROSSISTE,LIVREE,24667.20
2782,2025-06-26,38,2,PARTENAIRE,LIVREE,40916.15
2783,2025-06-26,28,9,GROSSISTE,LIVREE,1562.00
2784,2025-06-27,9,4,PARTENAIRE,LIVREE,75.60
2785,2025-06-27,28,10,DIRECT,LIVREE,958.50
2786,2025-06-27,9,2,DIRECT,LIVREE,1641.00
2787,2025-06-27,35,7,DIRECT,EXPEDIEE,800.00
2788,2025-06-27,23,1,GROSSISTE,LIVREE,23313.00
2789,2025-06-27,6,7,EN_LIGNE,LIVREE,5432.15
2790,2025-06-28,18,4,DIRECT,LIVREE,7043.25
2791,2025-06-28,38,3,DIRECT,LIVREE,8504.00
2792,2025-06-28,16,9,GROSSISTE,LIVREE,6588.00
2793,2025-06-28,25,12,PARTENAIRE,EN_ATTENTE,1552.70
2794,2025-06-28,38,10,PARTENAIRE,LIVREE,7534.60
2795,2025-06-28,3,3,PARTENAIRE,LIVREE,6180.40
2796,2025-06-29,40,12,PARTENAIRE,EXPEDIEE,11589.20
2797,2025-06-29,32,3,EN_LIGNE,LIVREE,7854.70
2798,2025-06-29,5,6,PARTENAIRE,EXPEDIEE,435.60
2799,2025-06-29,15,5,GROSSISTE,LIVREE,4695.00
2800,2025-06-29,26,1,EN_LIGNE,LIVREE,8756.70
2801,2025-06-29,16,8,PARTENAIRE,LIVREE,8591.45
2802,2025-06-30,10,11,GROSSISTE,LIVREE,40641.50
2803,2025-06-30,12,7,PARTENAIRE,LIVREE,885.00
2804,2025-06-30,12,12,PARTENAIRE,EXPEDIEE,5509.05
2805,2025-06-30,18,10,GROSSISTE,LIVREE,168.00
2806,2025-06-30,32,9,DIRECT,LIVREE,32801.90
2807,2025-07-01,32,3,PARTENAIRE,EN_ATTENTE,21312.75
2808,2025-07-01,22,9,PARTENAIRE,LIVREE,9802.80
2809,2025-07-01,38,12,PARTENAIRE,LIVREE,10304.70
2810,2025-07-02,33,4,PARTENAIRE,LIVREE,4968.45
2811,2025-07-02,5,10,GROSSISTE,LIVREE,928.80
2812,2025-07-02,25,6,GROSSISTE,LIVREE,350.00
2813,2025-07-03,2,7,GROSSISTE,EN_ATTENTE,1490.55
2814,2025-07-03,40,5,GROSSISTE,LIVREE,544.00
2815,2025-07-03,31,12,GROSSISTE,LIVREE,28924.00
2816,2025-07-03,26,2,PARTENAIRE,LIVREE,21171.30
2817,2025-07-03,7,11,PARTENAIRE,EN_ATTENTE,4999.85
2818,2025-07-04,30,3,GROSSISTE,LIVREE,1659.00
2819,2025-07-04,36,3,GROSSISTE,LIVREE,12396.25
2820,2025-07-04,17,9,EN_LIGNE,EXPEDIEE,4173.00
2821,2025-07-05,5,4,DIRECT,LIVREE,30555.00
2822,2025-07-05,32,2,EN_LIGNE,LIVREE,5841.00
2823,2025-07-06,26,1,DIRECT,LIVREE,1487.70
2824,2025-07-06,36,4,PARTENAIRE,ANNULEE,0.00
2825,2025-07-07,17,1,DIRECT,LIVREE,11546.30
2826,2025-07-07,15,2,GROSSISTE,EXPEDIEE,2718.60
2827,2025-07-07,30,10,PARTENAIRE,LIVREE,6811.30
2828,2025-07-07,20,8,PARTENAIRE,LIVREE,11487.05
2829,2025-07-08,40,10,DIRECT,EXPEDIEE,13096.60
2830,2025-07-08,21,3,EN_LIGNE,LIVREE,13164.00
2831,2025-07-08,23,10,DIRECT,LIVREE,20843.00
2832,2025-07-08,8,3,GROSSISTE,ANNULEE,0.00
2833,2025-07-08,1,10,PARTENAIRE,LIVREE,10755.30
2834,2025-07-08,21,1,PARTENAIRE,EXPEDIEE,3156.70
2835,2025-07-08,33,4,PARTENAIRE,LIVREE,15876.05
2836,2025-07-09,1,1,DIRECT,LIVREE,25549.90
2837,2025-07-09,6,10,EN_LIGNE,LIVREE,2565.00
2838,2025-07-09,15,3,PARTENAIRE,LIVREE,4907.40
2839,2025-07-09,28,3,DIRECT,EXPEDIEE,555.75
2840,2025-07-09,23,9,PARTENAIRE,LIVREE,8729.55
2841,2025-07-09,34,10,GROSSISTE,LIVREE,1815.00
2842,2025-07-10,33,9,DIRECT,LIVREE,7715.95
2843,2025-07-10,38,6,EN_LIGNE,EXPEDIEE,8317.75
2844,2025-07-10,28,5,GROSSISTE,EN_ATTENTE,6900.75
2845,2025-07-10,21,7,DIRECT,LIVREE,16211.90
2846,2025-07-10,1,1,DIRECT,LIVREE,30151.35
2847,2025-07-10,34,5,EN_LIGNE,LIVREE,13558.00
2848,2025-07-10,19,9,EN_LIGNE,EN_ATTENTE,3527.75
2849,2025-07-11,39,12,PARTENAIRE,ANNULEE,0.00
2850,2025-07-11,37,6,EN_LIGNE,LIVREE,34833.40
2851,2025-07-11,3,8,PARTENAIRE,EXPEDIEE,6524.00
2852,2025-07-11,20,6,PARTENAIRE,LIVREE,384.75
2853,2025-07-12,18,8,PARTENAIRE,EXPEDIEE,26250.60
2854,2025-07-12,3,10,PARTENAIRE,LIVREE,2470.00
2855,2025-07-12,5,2,EN_LIGNE,LIVREE,2490.00
2856,2025-07-12,38,7,DIRECT,LIVREE,10508.00
2857,2025-07-12,40,3,DIRECT,LIVREE,384.75
2858,2025-07-13,15,2,GROSSISTE,LIVREE,7208.00
2859,2025-07-13,26,2,GROSSISTE,LIVREE,2025.00
2860,2025-07-13,5,12,EN_LIGNE,LIVREE,9963.90
2861,2025-07-13,15,8,DIRECT,LIVREE,22577.15
2862,2025-07-13,26,7,GROSSISTE,LIVREE,8083.80
2863,2025-07-13,25,6,EN_LIGNE,LIVREE,396.00
2864,2025-07-13,15,9,GROSSISTE,LIVREE,34396.00
2865,2025-07-13,10,1,EN_LIGNE,LIVREE,33711.15
2866,2025-07-14,5,5,GROSSISTE,EN_ATTENTE,10936.50
2867,2025-07-14,31,5,PARTENAIRE,LIVREE,30656.75
2868,2025-07-15,12,3,DIRECT,LIVREE,16740.65
2869,2025-07-15,30,11,EN_LIGNE,LIVREE,205.20
2870,2025-07-15,32,2,EN_LIGNE,ANNULEE,0.00
2871,2025-07-15,9,3,DIRECT,LIVREE,6398.90
2872,2025-07-15,37,10,EN_LIGNE,LIVREE,5219.80
2873,2025-07-15,29,1,PARTENAIRE,LIVREE,2850.00
2874,2025-07-15,39,10,PARTENAIRE,LIVREE,8841.00
2875,2025-07-16,1,3,PARTENAIRE,LIVREE,18070.20
2876,2025-07-16,9,1,EN_LIGNE,LIVREE,60419.00
2877,2025-07-16,28,10,PARTENAIRE,LIVREE,1828.20
2878,2025-07-16,16,4,DIRECT,EXPEDIEE,19778.00
2879,2025-07-16,4,2,DIRECT,LIVREE,4073.75
2880,2025-07-16,10,7,DIRECT,EXPEDIEE,6972.00
2881,2025-07-16,31,11,EN_LIGNE,LIVREE,1909.20
2882,2025-07-16,35,6,PARTENAIRE,EXPEDIEE,17980.00
2883,2025-07-17,34,10,GROSSISTE,LIVREE,69.00
2884,2025-07-17,34,5,EN_LIGNE,ANNULEE,0.00
2885,2025-07-17,23,3,DIRECT,LIVREE,35001.00
2886,2025-07-17,37,2,PARTENAIRE,LIVREE,5400.00
2887,2025-07-17,1,7,GROSSISTE,EXPEDIEE,2094.75
2888,2025-07-17,32,5,GROSSISTE,LIVREE,14043.00
2889,2025-07-17,5,9,EN_LIGNE,LIVREE,3688.00
2890,2025-07-18,15,4,EN_LIGNE,LIVREE,10845.80
2891,2025-07-18,24,7,PARTENAIRE,LIVREE,1563.50
2892,2025-07-18,24,2,PARTENAIRE,ANNULEE,0.00
2893,2025-07-19,16,12,GROSSISTE,ANNULEE,0.00
2894,2025-07-19,28,9,GROSSISTE,LIVREE,7503.00
2895,2025-07-20,8,10,EN_LIGNE,ANNULEE,0.00
2896,2025-07-20,34,11,PARTENAIRE,EXPEDIEE,12517.20
2897,2025-07-21,27,1,EN_LIGNE,LIVREE,37251.05
2898,2025-07-21,33,10,GROSSISTE,EXPEDIEE,32855.40
2899,2025-07-21,5,1,DIRECT,LIVREE,75.00
2900,2025-07-21,15,4,EN_LIGNE,LIVREE,10726.20
2901,2025-07-21,34,7,EN_LIGNE,LIVREE,5925.60
2902,2025-07-21,23,12,PARTENAIRE,LIVREE,27031.60
2903,2025-07-21,34,7,EN_LIGNE,LIVREE,13629.45
2904,2025-07-22,6,10,GROSSISTE,LIVREE,845.00
2905,2025-07-22,15,11,DIRECT,LIVREE,9580.50
2906,2025-07-22,22,7,DIRECT,LIVREE,16685.75
2907,2025-07-22,29,2,EN_LIGNE,LIVREE,23529.25
2908,2025-07-22,17,8,PARTENAIRE,LIVREE,2776.35
2909,2025-07-22,14,9,GROSSISTE,EXPEDIEE,1770.00
2910,2025-07-23,17,10,GROSSISTE,LIVREE,14454.35
2911,2025-07-23,24,2,PARTENAIRE,LIVREE,23529.90
2912,2025-07-23,9,9,PARTENAIRE,EXPEDIEE,3021.00
2913,2025-07-23,9,3,EN_LIGNE,LIVREE,7517.85
2914,2025-07-23,32,7,EN_LIGNE,LIVREE,9296.70
2915,2025-07-23,14,6,EN_LIGNE,LIVREE,13176.00
2916,2025-07-23,28,3,DIRECT,LIVREE,13822.00
2917,2025-07-24,7,11,PARTENAIRE,LIVREE,6966.30
2918,2025-07-24,13,3,PARTENAIRE,LIVREE,631.30
2919,2025-07-24,6,5,GROSSISTE,EN_ATTENTE,302.30
2920,2025-07-24,22,2,PARTENAIRE,ANNULEE,0.00
2921,2025-07-24,25,3,DIRECT,LIVREE,8641.20
2922,2025-07-24,20,1,PARTENAIRE,LIVREE,1544.25
2923,2025-07-25,23,6,GROSSISTE,LIVREE,25576.30
2924,2025-07-25,1,5,GROSSISTE,LIVREE,12424.70
2925,2025-07-25,19,5,GROSSISTE,EXPEDIEE,6040.00
2926,2025-07-25,38,10,DIRECT,ANNULEE,0.00
2927,2025-07-25,9,12,PARTENAIRE,EXPEDIEE,32348.00
2928,2025-07-26,9,8,EN_LIGNE,EXPEDIEE,15545.90
2929,2025-07-26,26,8,EN_LIGNE,LIVREE,14026.50
2930,2025-07-26,5,8,GROSSISTE,LIVREE,15720.65
2931,2025-07-26,30,12,GROSSISTE,LIVREE,9387.90
2932,2025-07-26,35,3,EN_LIGNE,LIVREE,1798.00
2933,2025-07-27,38,7,PARTENAIRE,LIVREE,23563.60
2934,2025-07-27,3,11,EN_LIGNE,LIVREE,18879.00
2935,2025-07-27,22,10,DIRECT,LIVREE,1734.00
2936,2025-07-27,7,10,EN_LIGNE,EXPEDIEE,8709.20
2937,2025-07-27,6,10,GROSSISTE,LIVREE,2988.50
2938,2025-07-27,5,6,PARTENAIRE,EXPEDIEE,1444.00
2939,2025-07-28,12,7,PARTENAIRE,EXPEDIEE,9326.50
2940,2025-07-28,1,4,EN_LIGNE,LIVREE,180.00
2941,2025-07-28,28,11,EN_LIGNE,LIVREE,2754.00
2942,2025-07-28,19,4,DIRECT,LIVREE,193.80
2943,2025-07-28,27,4,EN_LIGNE,LIVREE,5249.80
2944,2025-07-28,7,9,DIRECT,LIVREE,4520.00
2945,2025-07-28,20,8,GROSSISTE,LIVREE,14686.50
2946,2025-07-28,24,6,EN_LIGNE,LIVREE,168.00
2947,2025-07-29,12,10,DIRECT,LIVREE,10148.00
2948,2025-07-29,4,10,GROSSISTE,LIVREE,23821.75
2949,2025-07-29,8,6,PARTENAIRE,LIVREE,16510.75
2950,2025-07-30,21,6,GROSSISTE,LIVREE,20456.00
2951,2025-07-30,34,12,EN_LIGNE,LIVREE,3725.00
2952,2025-07-31,14,11,EN_LIGNE,LIVREE,14752.40
2953,2025-07-31,37,3,DIRECT,LIVREE,210.00
2954,2025-07-31,23,10,EN_LIGNE,EN_ATTENTE,18674.10
2955,2025-08-01,39,5,PARTENAIRE,LIVREE,4668.30
2956,2025-08-01,13,4,GROSSISTE,EXPEDIEE,945.00
2957,2025-08-01,3,5,PARTENAIRE,ANNULEE,0.00
2958,2025-08-01,26,10,DIRECT,LIVREE,1496.25
2959,2025-08-01,11,5,PARTENAIRE,LIVREE,20040.25
2960,2025-08-01,22,2,PARTENAIRE,ANNULEE,0.00
2961,2025-08-01,33,8,GROSSISTE,LIVREE,2018.70
2962,2025-08-02,30,12,GROSSISTE,LIVREE,18967.50
2963,2025-08-02,38,1,EN_LIGNE,ANNULEE,0.00
2964,2025-08-02,19,11,PARTENAIRE,EXPEDIEE,6271.60
2965,2025-08-02,17,11,DIRECT,LIVREE,14518.40
2966,2025-08-02,4,9,EN_LIGNE,LIVREE,5624.70
2967,2025-08-02,40,1,DIRECT,EXPEDIEE,27023.00
2968,2025-08-03,28,12,PARTENAIRE,EN_ATTENTE,421.20
2969,2025-08-03,34,8,GROSSISTE,EXPEDIEE,585.20
2970,2025-08-03,13,9,PARTENAIRE,LIVREE,528.00
2971,2025-08-03,32,11,PARTENAIRE,EXPEDIEE,10788.00
2972,2025-08-03,36,6,GROSSISTE,LIVREE,31346.90
2973,2025-08-03,17,7,EN_LIGNE,LIVREE,16261.90
2974,2025-08-03,4,6,DIRECT,EN_ATTENTE,276.00
2975,2025-08-04,38,10,DIRECT,ANNULEE,0.00
2976,2025-08-04,25,3,PARTENAIRE,LIVREE,23451.80
2977,2025-08-04,35,1,EN_LIGNE,LIVREE,8090.65
2978,2025-08-04,33,4,DIRECT,EXPEDIEE,11398.30
2979,2025-08-04,17,4,EN_LIGNE,LIVREE,26560.20
2980,2025-08-04,31,11,DIRECT,LIVREE,17529.00
2981,2025-08-05,1,1,DIRECT,LIVREE,13437.15
2982,2025-08-05,37,7,PARTENAIRE,LIVREE,7481.10
2983,2025-08-06,14,1,DIRECT,LIVREE,17981.00
2984,2025-08-06,16,7,GROSSISTE,LIVREE,3294.00
2985,2025-08-06,1,7,GROSSISTE,LIVREE,14274.00
2986,2025-08-07,2,2,EN_LIGNE,EXPEDIEE,4468.00
2987,2025-08-07,28,1,PARTENAIRE,EXPEDIEE,17733.20
2988,2025-08-08,25,1,GROSSISTE,LIVREE,32311.15
2989,2025-08-08,30,9,EN_LIGNE,LIVREE,731.40
2990,2025-08-08,12,5,PARTENAIRE,ANNULEE,0.00
2991,2025-08-08,2,11,EN_LIGNE,LIVREE,22706.30
2992,2025-08-08,6,1,PARTENAIRE,LIVREE,5752.80
2993,2025-08-08,8,2,EN_LIGNE,LIVREE,4188.00
2994,2025-08-08,15,5,GROSSISTE,LIVREE,2415.00
2995,2025-08-08,14,9,EN_LIGNE,LIVREE,2407.30
2996,2025-08-09,15,11,DIRECT,EN_ATTENTE,1716.00
2997,2025-08-09,20,10,EN_LIGNE,LIVREE,17726.00
2998,2025-08-09,13,6,EN_LIGNE,LIVREE,2986.05
2999,2025-08-09,5,11,PARTENAIRE,LIVREE,13517.25
3000,2025-08-10,4,7,GROSSISTE,LIVREE,8176.80
3001,2025-08-10,21,9,PARTENAIRE,LIVREE,7273.00
3002,2025-08-10,37,5,DIRECT,EXPEDIEE,2160.00
3003,2025-08-11,36,1,EN_LIGNE,LIVREE,4907.70
3004,2025-08-11,17,11,DIRECT,LIVREE,1638.75
3005,2025-08-11,31,6,DIRECT,LIVREE,5381.85
3006,2025-08-12,16,11,DIRECT,LIVREE,30344.25
3007,2025-08-12,15,5,PARTENAIRE,LIVREE,9031.60
3008,2025-08-13,6,9,DIRECT,LIVREE,14615.00
3009,2025-08-13,11,3,DIRECT,ANNULEE,0.00
3010,2025-08-13,20,10,EN_LIGNE,LIVREE,622.00
3011,2025-08-13,6,2,DIRECT,LIVREE,2578.70
3012,2025-08-13,1,4,EN_LIGNE,LIVREE,9701.40
3013,2025-08-13,2,5,GROSSISTE,LIVREE,3983.40
3014,2025-08-14,7,12,DIRECT,LIVREE,9093.30
3015,2025-08-14,32,6,PARTENAIRE,ANNULEE,0.00
3016,2025-08-14,16,6,EN_LIGNE,EXPEDIEE,756.00
3017,2025-08-14,21,1,GROSSISTE,LIVREE,7009.20
3018,2025-08-15,39,9,GROSSISTE,LIVREE,5032.80
3019,2025-08-15,12,12,PARTENAIRE,LIVREE,16804.50
3020,2025-08-15,40,2,EN_LIGNE,EN_ATTENTE,3821.85
3021,2025-08-15,19,6,PARTENAIRE,LIVREE,28335.75
3022,2025-08-16,12,5,DIRECT,EN_ATTENTE,5790.00
3023,2025-08-16,18,9,DIRECT,LIVREE,22734.80
3024,2025-08-17,6,8,PARTENAIRE,EXPEDIEE,2331.00
3025,2025-08-17,17,7,GROSSISTE,LIVREE,17277.00
3026,2025-08-17,3,1,DIRECT,LIVREE,532.00
3027,2025-08-17,11,12,PARTENAIRE,EXPEDIEE,18166.30
3028,2025-08-17,8,12,EN_LIGNE,LIVREE,5859.00
3029,2025-08-17,26,6,GROSSISTE,LIVREE,16360.20
3030,2025-08-18,10,12,DIRECT,EXPEDIEE,225.00
3031,2025-08-18,21,5,EN_LIGNE,LIVREE,32315.00
3032,2025-08-18,1,6,DIRECT,LIVREE,11883.00
3033,2025-08-18,39,10,DIRECT,LIVREE,2133.45
3034,2025-08-18,26,6,DIRECT,LIVREE,27815.00
3035,2025-08-18,36,8,EN_LIGNE,ANNULEE,0.00
3036,2025-08-18,28,7,PARTENAIRE,LIVREE,17839.00
3037,2025-08-19,5,1,PARTENAIRE,LIVREE,8717.00
3038,2025-08-19,8,11,GROSSISTE,LIVREE,6872.00
3039,2025-08-19,33,7,DIRECT,LIVREE,11046.80
3040,2025-08-19,25,7,GROSSISTE,LIVREE,16541.00
3041,2025-08-19,1,10,PARTENAIRE,LIVREE,2862.65
3042,2025-08-20,34,5,EN_LIGNE,LIVREE,17030.00
3043,2025-08-20,37,1,EN_LIGNE,LIVREE,18756.00
3044,2025-08-20,40,11,EN_LIGNE,LIVREE,11937.50
3045,2025-08-20,33,9,DIRECT,EXPEDIEE,7910.10
3046,2025-08-21,23,2,PARTENAIRE,ANNULEE,0.00
3047,2025-08-21,4,4,EN_LIGNE,LIVREE,234.00
3048,2025-08-21,35,10,EN_LIGNE,LIVREE,10661.10
3049,2025-08-22,28,6,EN_LIGNE,LIVREE,928.00
3050,2025-08-22,5,5,EN_LIGNE,LIVREE,14308.65
3051,2025-08-22,15,2,GROSSISTE,ANNULEE,0.00
3052,2025-08-22,23,12,PARTENAIRE,LIVREE,13453.50
3053,2025-08-23,3,7,EN_LIGNE,LIVREE,346.50
3054,2025-08-23,24,3,DIRECT,LIVREE,1577.50
3055,2025-08-23,17,6,DIRECT,LIVREE,14494.00
3056,2025-08-24,15,9,EN_LIGNE,LIVREE,27677.90
3057,2025-08-24,11,4,GROSSISTE,LIVREE,41116.00
3058,2025-08-24,24,9,PARTENAIRE,EXPEDIEE,3999.00
3059,2025-08-24,11,5,PARTENAIRE,LIVREE,28370.85
3060,2025-08-25,32,6,DIRECT,LIVREE,7912.65
3061,2025-08-25,12,10,DIRECT,LIVREE,7864.00
3062,2025-08-25,21,12,EN_LIGNE,LIVREE,3800.00
3063,2025-08-25,12,8,DIRECT,EN_ATTENTE,22391.00
3064,2025-08-25,37,1,EN_LIGNE,ANNULEE,0.00
3065,2025-08-26,13,3,DIRECT,EXPEDIEE,4110.00
3066,2025-08-26,34,11,GROSSISTE,LIVREE,12324.60
3067,2025-08-26,21,3,EN_LIGNE,LIVREE,1865.50
3068,2025-08-26,36,12,DIRECT,EXPEDIEE,12606.55
3069,2025-08-26,14,2,GROSSISTE,LIVREE,3144.00
3070,2025-08-26,21,10,EN_LIGNE,LIVREE,1552.50
3071,2025-08-26,38,2,DIRECT,LIVREE,1871.10
3072,2025-08-27,22,5,DIRECT,EXPEDIEE,585.20
3073,2025-08-27,18,4,DIRECT,LIVREE,2078.80
3074,2025-08-28,35,8,EN_LIGNE,LIVREE,7391.00
3075,2025-08-28,35,8,GROSSISTE,EXPEDIEE,13451.50
3076,2025-08-28,5,7,GROSSISTE,ANNULEE,0.00
3077,2025-08-29,23,8,GROSSISTE,LIVREE,498.60
3078,2025-08-29,19,4,DIRECT,LIVREE,6963.00
3079,2025-08-30,29,5,GROSSISTE,EXPEDIEE,27081.80
3080,2025-08-30,4,7,GROSSISTE,LIVREE,9405.00
3081,2025-08-31,37,3,EN_LIGNE,LIVREE,1781.40
3082,2025-08-31,17,2,GROSSISTE,LIVREE,6490.00
3083,2025-08-31,12,2,PARTENAIRE,EXPEDIEE,3467.70
3084,2025-08-31,13,2,PARTENAIRE,LIVREE,10471.50
3085,2025-08-31,5,11,PARTENAIRE,LIVREE,32393.30
3086,2025-09-01,10,11,EN_LIGNE,LIVREE,126.00
3087,2025-09-01,10,4,PARTENAIRE,LIVREE,136.80
3088,2025-09-02,8,1,GROSSISTE,ANNULEE,0.00
3089,2025-09-02,16,6,DIRECT,ANNULEE,0.00
3090,2025-09-02,24,4,PARTENAIRE,LIVREE,5477.55
3091,2025-09-02,13,8,EN_LIGNE,LIVREE,7460.00
3092,2025-09-02,17,6,DIRECT,LIVREE,6696.00
3093,2025-09-02,21,11,DIRECT,LIVREE,14133.80
3094,2025-09-03,21,9,DIRECT,LIVREE,35826.00
3095,2025-09-03,11,7,DIRECT,LIVREE,34657.80
3096,2025-09-03,7,5,EN_LIGNE,EXPEDIEE,2094.00
3097,2025-09-04,4,12,EN_LIGNE,ANNULEE,0.00
3098,2025-09-04,6,2,DIRECT,EN_ATTENTE,2692.00
3099,2025-09-04,21,2,DIRECT,LIVREE,22204.70
3100,2025-09-04,24,4,PARTENAIRE,LIVREE,12321.20
3101,2025-09-04,22,12,DIRECT,LIVREE,17077.30
3102,2025-09-04,2,3,DIRECT,LIVREE,25565.00
3103,2025-09-04,34,8,GROSSISTE,EN_ATTENTE,7326.60
3104,2025-09-05,35,3,EN_LIGNE,LIVREE,5811.30
3105,2025-09-05,9,11,GROSSISTE,LIVREE,16926.60
3106,2025-09-05,22,9,DIRECT,LIVREE,292.50
3107,2025-09-05,7,2,DIRECT,EXPEDIEE,4464.00
3108,2025-09-06,13,6,DIRECT,EXPEDIEE,8052.10
3109,2025-09-06,3,11,DIRECT,LIVREE,16844.10
3110,2025-09-06,8,3,GROSSISTE,LIVREE,4976.50
3111,2025-09-06,26,12,DIRECT,LIVREE,28184.50
3112,2025-09-07,20,4,PARTENAIRE,LIVREE,1552.50
3113,2025-09-07,15,1,DIRECT,LIVREE,5909.80
3114,2025-09-07,14,1,DIRECT,LIVREE,21807.15
3115,2025-09-07,25,3,DIRECT,LIVREE,2995.00
3116,2025-09-08,15,1,PARTENAIRE,LIVREE,22637.00
3117,2025-09-08,34,8,PARTENAIRE,EXPEDIEE,6588.00
3118,2025-09-08,39,7,PARTENAIRE,LIVREE,9915.30
3119,2025-09-08,34,10,EN_LIGNE,LIVREE,20318.40
3120,2025-09-08,38,4,GROSSISTE,LIVREE,994.50
3121,2025-09-08,9,2,PARTENAIRE,LIVREE,21142.90
3122,2025-09-09,20,12,EN_LIGNE,LIVREE,14906.50
3123,2025-09-09,28,12,PARTENAIRE,LIVREE,6588.00
3124,2025-09-09,17,2,EN_LIGNE,LIVREE,5157.00
3125,2025-09-09,40,1,DIRECT,LIVREE,3628.50
3126,2025-09-09,26,5,PARTENAIRE,LIVREE,15207.40
3127,2025-09-09,30,5,GROSSISTE,EN_ATTENTE,29804.40
3128,2025-09-09,5,8,PARTENAIRE,LIVREE,30275.00
3129,2025-09-10,29,10,GROSSISTE,LIVREE,23565.05
3130,2025-09-10,34,7,DIRECT,LIVREE,6282.00
3131,2025-09-10,9,4,GROSSISTE,LIVREE,16705.90
3132,2025-09-10,16,8,PARTENAIRE,LIVREE,13232.35
3133,2025-09-10,17,6,PARTENAIRE,LIVREE,13487.35
3134,2025-09-10,33,1,GROSSISTE,ANNULEE,0.00
3135,2025-09-10,3,3,GROSSISTE,EXPEDIEE,6121.45
3136,2025-09-10,16,10,PARTENAIRE,LIVREE,38407.00
3137,2025-09-11,25,1,GROSSISTE,LIVREE,4659.90
3138,2025-09-11,8,7,PARTENAIRE,LIVREE,17207.10
3139,2025-09-11,40,2,GROSSISTE,LIVREE,36139.70
3140,2025-09-11,25,7,DIRECT,LIVREE,9620.40
3141,2025-09-11,7,10,EN_LIGNE,LIVREE,1726.00
3142,2025-09-11,39,2,GROSSISTE,EXPEDIEE,17330.20
3143,2025-09-12,10,1,GROSSISTE,ANNULEE,0.00
3144,2025-09-12,19,7,EN_LIGNE,LIVREE,8152.65
3145,2025-09-12,33,9,DIRECT,LIVREE,31921.50
3146,2025-09-12,10,5,DIRECT,ANNULEE,0.00
3147,2025-09-13,20,11,PARTENAIRE,LIVREE,32906.00
3148,2025-09-13,14,5,PARTENAIRE,LIVREE,13140.00
3149,2025-09-13,4,9,DIRECT,LIVREE,36716.45
3150,2025-09-14,1,11,DIRECT,LIVREE,4140.00
3151,2025-09-14,5,6,PARTENAIRE,LIVREE,29075.00
3152,2025-09-15,20,6,GROSSISTE,LIVREE,2492.00
3153,2025-09-15,30,5,GROSSISTE,EN_ATTENTE,11798.90
3154,2025-09-16,15,11,DIRECT,LIVREE,6420.60
3155,2025-09-16,20,12,EN_LIGNE,LIVREE,6925.20
3156,2025-09-16,28,8,PARTENAIRE,EXPEDIEE,20824.00
3157,2025-09-16,35,4,PARTENAIRE,LIVREE,7137.00
3158,2025-09-16,4,1,PARTENAIRE,ANNULEE,0.00
3159,2025-09-16,22,1,PARTENAIRE,LIVREE,812.00
3160,2025-09-17,29,8,DIRECT,LIVREE,962.00
3161,2025-09-17,27,1,DIRECT,EXPEDIEE,30202.10
3162,2025-09-17,31,5,PARTENAIRE,LIVREE,4604.90
3163,2025-09-17,30,8,PARTENAIRE,LIVREE,6506.50
3164,2025-09-17,7,5,GROSSISTE,LIVREE,5169.00
3165,2025-09-17,10,9,GROSSISTE,LIVREE,83.60
3166,2025-09-18,29,12,GROSSISTE,LIVREE,13566.00
3167,2025-09-18,28,9,EN_LIGNE,LIVREE,1359.45
3168,2025-09-18,1,10,PARTENAIRE,LIVREE,6221.50
3169,2025-09-18,30,10,PARTENAIRE,LIVREE,3427.00
3170,2025-09-18,2,12,GROSSISTE,LIVREE,21189.00
3171,2025-09-19,24,12,PARTENAIRE,EXPEDIEE,12278.70
3172,2025-09-19,11,9,PARTENAIRE,LIVREE,5974.20
3173,2025-09-19,26,8,EN_LIGNE,EXPEDIEE,1912.50
3174,2025-09-19,28,12,GROSSISTE,LIVREE,1424.00
3175,2025-09-19,25,12,PARTENAIRE,LIVREE,1374.30
3176,2025-09-19,32,6,DIRECT,EXPEDIEE,2820.50
3177,2025-09-20,4,1,DIRECT,LIVREE,27513.30
3178,2025-09-20,24,5,EN_LIGNE,LIVREE,1235.00
3179,2025-09-20,7,3,GROSSISTE,LIVREE,1029.75
3180,2025-09-20,16,11,EN_LIGNE,LIVREE,4453.65
3181,2025-09-20,20,6,PARTENAIRE,LIVREE,926.70
3182,2025-09-21,17,1,DIRECT,EN_ATTENTE,4020.00
3183,2025-09-21,3,3,GROSSISTE,LIVREE,4543.00
3184,2025-09-21,34,11,DIRECT,LIVREE,19369.80
3185,2025-09-21,32,10,EN_LIGNE,EN_ATTENTE,27674.35
3186,2025-09-22,34,9,PARTENAIRE,EXPEDIEE,21067.00
3187,2025-09-22,31,3,GROSSISTE,LIVREE,1027.00
3188,2025-09-22,22,3,GROSSISTE,LIVREE,360.00
3189,2025-09-22,5,6,DIRECT,LIVREE,18709.65
3190,2025-09-22,23,8,EN_LIGNE,LIVREE,29393.00
3191,2025-09-23,33,9,DIRECT,EXPEDIEE,4108.50
3192,2025-09-23,27,3,DIRECT,EXPEDIEE,9557.90
3193,2025-09-24,12,9,GROSSISTE,LIVREE,1755.90
3194,2025-09-24,36,6,PARTENAIRE,LIVREE,14373.00
3195,2025-09-24,21,11,PARTENAIRE,LIVREE,3577.70
3196,2025-09-25,27,5,PARTENAIRE,LIVREE,3741.00
3197,2025-09-25,18,10,GROSSISTE,LIVREE,6426.00
3198,2025-09-25,1,4,EN_LIGNE,LIVREE,12359.00
3199,2025-09-25,12,2,GROSSISTE,LIVREE,3406.00
3200,2025-09-25,22,4,PARTENAIRE,LIVREE,5039.55
3201,2025-09-25,4,8,DIRECT,LIVREE,20340.60
3202,2025-09-25,1,10,PARTENAIRE,EXPEDIEE,5478.60
3203,2025-09-25,15,3,DIRECT,ANNULEE,0.00
3204,2025-09-26,34,10,EN_LIGNE,LIVREE,7257.00
3205,2025-09-26,21,10,GROSSISTE,EN_ATTENTE,26112.00
3206,2025-09-26,35,1,EN_LIGNE,LIVREE,572.00
3207,2025-09-26,3,4,EN_LIGNE,EXPEDIEE,12645.75
3208,2025-09-26,29,1,PARTENAIRE,LIVREE,21586.25
3209,2025-09-27,23,8,EN_LIGNE,LIVREE,10991.00
3210,2025-09-27,38,12,DIRECT,LIVREE,1137.00
3211,2025-09-28,18,9,EN_LIGNE,LIVREE,7715.80
3212,2025-09-28,3,11,EN_LIGNE,LIVREE,85.50
3213,2025-09-28,39,12,GROSSISTE,LIVREE,13907.10
3214,2025-09-28,28,7,PARTENAIRE,LIVREE,24453.05
3215,2025-09-28,33,4,DIRECT,LIVREE,6755.95
3216,2025-09-29,33,3,GROSSISTE,LIVREE,2895.00
3217,2025-09-29,12,2,PARTENAIRE,LIVREE,1215.00
3218,2025-09-29,37,3,EN_LIGNE,LIVREE,5515.00
3219,2025-09-29,1,1,PARTENAIRE,EXPEDIEE,6922.20
3220,2025-09-29,19,2,DIRECT,EN_ATTENTE,1425.00
3221,2025-09-29,18,5,EN_LIGNE,LIVREE,14492.75
3222,2025-09-29,17,11,EN_LIGNE,LIVREE,15792.00
3223,2025-09-29,4,6,DIRECT,LIVREE,168.00
3224,2025-09-30,39,5,DIRECT,LIVREE,40.50
3225,2025-09-30,2,9,GROSSISTE,LIVREE,2198.40
3226,2025-09-30,22,10,DIRECT,LIVREE,31094.85
3227,2025-09-30,23,9,PARTENAIRE,LIVREE,9891.00
3228,2025-09-30,21,7,EN_LIGNE,LIVREE,4415.40
3229,2025-10-01,27,6,DIRECT,LIVREE,81.00
3230,2025-10-01,17,4,EN_LIGNE,EXPEDIEE,9039.50
3231,2025-10-01,11,5,EN_LIGNE,EN_ATTENTE,6985.00
3232,2025-10-01,32,11,PARTENAIRE,LIVREE,1183.70
3233,2025-10-02,10,6,EN_LIGNE,EXPEDIEE,140.40
3234,2025-10-02,16,3,PARTENAIRE,LIVREE,20361.75
3235,2025-10-02,37,8,GROSSISTE,EXPEDIEE,4904.15
3236,2025-10-02,16,12,GROSSISTE,LIVREE,12179.60
3237,2025-10-02,30,6,DIRECT,EXPEDIEE,5462.00
3238,2025-10-02,9,2,PARTENAIRE,LIVREE,424.65
3239,2025-10-02,38,10,EN_LIGNE,EXPEDIEE,8868.60
3240,2025-10-02,18,3,PARTENAIRE,LIVREE,9395.00
3241,2025-10-03,18,2,DIRECT,LIVREE,6142.70
3242,2025-10-03,2,5,GROSSISTE,LIVREE,12669.85
3243,2025-10-03,23,11,PARTENAIRE,EN_ATTENTE,4401.00
3244,2025-10-03,3,11,DIRECT,LIVREE,10172.55
3245,2025-10-03,36,5,EN_LIGNE,LIVREE,11533.70
3246,2025-10-03,39,12,DIRECT,LIVREE,24663.10
3247,2025-10-04,5,2,EN_LIGNE,EXPEDIEE,1305.00
3248,2025-10-04,26,10,EN_LIGNE,LIVREE,562.00
3249,2025-10-04,39,7,PARTENAIRE,LIVREE,7853.40
3250,2025-10-05,12,9,GROSSISTE,LIVREE,1517.70
3251,2025-10-05,8,9,DIRECT,LIVREE,6309.60
3252,2025-10-05,38,2,DIRECT,LIVREE,15144.00
3253,2025-10-05,28,2,EN_LIGNE,EXPEDIEE,5501.40
3254,2025-10-05,21,6,GROSSISTE,LIVREE,21478.30
3255,2025-10-05,19,1,PARTENAIRE,LIVREE,12079.00
3256,2025-10-05,31,7,EN_LIGNE,LIVREE,7267.85
3257,2025-10-05,20,8,GROSSISTE,EXPEDIEE,17071.95
3258,2025-10-06,8,8,EN_LIGNE,LIVREE,20980.40
3259,2025-10-06,31,2,DIRECT,LIVREE,28526.95
3260,2025-10-06,35,1,EN_LIGNE,LIVREE,7022.70
3261,2025-10-06,17,8,PARTENAIRE,EXPEDIEE,17306.00
3262,2025-10-06,20,4,PARTENAIRE,LIVREE,13848.30
3263,2025-10-07,21,3,GROSSISTE,LIVREE,744.65
3264,2025-10-07,20,3,EN_LIGNE,LIVREE,10291.70
3265,2025-10-07,30,10,PARTENAIRE,EN_ATTENTE,22609.90
3266,2025-10-07,14,11,GROSSISTE,EXPEDIEE,14180.65
3267,2025-10-07,7,10,EN_LIGNE,EXPEDIEE,14507.45
3268,2025-10-08,7,8,EN_LIGNE,LIVREE,14438.90
3269,2025-10-08,12,4,EN_LIGNE,LIVREE,1787.75
3270,2025-10-08,12,6,EN_LIGNE,EN_ATTENTE,2740.20
3271,2025-10-08,27,3,DIRECT,LIVREE,2443.00
3272,2025-10-08,35,7,DIRECT,LIVREE,510.30
3273,2025-10-08,12,11,EN_LIGNE,LIVREE,29592.00
3274,2025-10-08,19,8,GROSSISTE,LIVREE,718.90
3275,2025-10-09,13,2,PARTENAIRE,LIVREE,12572.75
3276,2025-10-09,34,10,EN_LIGNE,ANNULEE,0.00
3277,2025-10-10,33,9,DIRECT,LIVREE,29963.50
3278,2025-10-10,10,6,GROSSISTE,LIVREE,2006.50
3279,2025-10-11,23,4,PARTENAIRE,ANNULEE,0.00
3280,2025-10-11,22,8,EN_LIGNE,EXPEDIEE,17753.85
3281,2025-10-11,22,12,PARTENAIRE,LIVREE,17211.90
3282,2025-10-11,26,7,PARTENAIRE,LIVREE,14385.80
3283,2025-10-11,28,8,DIRECT,LIVREE,7302.00
3284,2025-10-12,18,7,GROSSISTE,LIVREE,378.00
3285,2025-10-12,23,6,GROSSISTE,LIVREE,1440.60
3286,2025-10-12,8,12,DIRECT,EXPEDIEE,979.00
3287,2025-10-13,16,10,PARTENAIRE,LIVREE,11941.20
3288,2025-10-13,13,6,GROSSISTE,LIVREE,18922.80
3289,2025-10-14,35,9,PARTENAIRE,ANNULEE,0.00
3290,2025-10-14,32,9,EN_LIGNE,LIVREE,3629.80
3291,2025-10-14,19,2,EN_LIGNE,LIVREE,3672.60
3292,2025-10-15,34,7,DIRECT,EXPEDIEE,21879.30
3293,2025-10-15,35,4,PARTENAIRE,LIVREE,30713.00
3294,2025-10-15,13,1,EN_LIGNE,EXPEDIEE,3831.00
3295,2025-10-16,31,3,GROSSISTE,EN_ATTENTE,1350.00
3296,2025-10-16,26,12,PARTENAIRE,LIVREE,19432.80
3297,2025-10-16,10,10,DIRECT,LIVREE,3813.00
3298,2025-10-17,15,2,EN_LIGNE,LIVREE,4492.50
3299,2025-10-17,4,5,PARTENAIRE,LIVREE,10308.00
3300,2025-10-17,9,8,EN_LIGNE,LIVREE,2268.20
3301,2025-10-17,19,5,GROSSISTE,EXPEDIEE,17290.00
3302,2025-10-17,32,6,DIRECT,LIVREE,29066.05
3303,2025-10-17,9,6,GROSSISTE,EXPEDIEE,24621.80
3304,2025-10-18,9,6,GROSSISTE,EN_ATTENTE,1202.00
3305,2025-10-18,13,9,GROSSISTE,LIVREE,1080.80
3306,2025-10-18,2,1,DIRECT,LIVREE,2897.40
3307,2025-10-18,21,5,EN_LIGNE,LIVREE,20874.00
3308,2025-10-18,2,7,GROSSISTE,LIVREE,20613.00
3309,2025-10-18,3,5,GROSSISTE,LIVREE,756.00
3310,2025-10-18,14,9,EN_LIGNE,LIVREE,4911.00
3311,2025-10-19,39,6,EN_LIGNE,LIVREE,5526.50
3312,2025-10-19,21,4,PARTENAIRE,LIVREE,26056.40
3313,2025-10-20,10,4,PARTENAIRE,LIVREE,3046.50
3314,2025-10-20,13,1,EN_LIGNE,LIVREE,24001.90
3315,2025-10-20,34,3,GROSSISTE,LIVREE,7370.00
3316,2025-10-20,4,3,GROSSISTE,EN_ATTENTE,5103.00
3317,2025-10-21,37,11,GROSSISTE,LIVREE,1749.00
3318,2025-10-21,6,8,PARTENAIRE,EXPEDIEE,990.00
3319,2025-10-21,30,7,EN_LIGNE,LIVREE,5650.20
3320,2025-10-21,15,1,DIRECT,EXPEDIEE,168.00
3321,2025-10-21,10,9,GROSSISTE,ANNULEE,0.00
3322,2025-10-21,4,12,GROSSISTE,EXPEDIEE,27475.50
3323,2025-10-21,26,8,EN_LIGNE,LIVREE,2416.00
3324,2025-10-21,30,1,PARTENAIRE,LIVREE,5798.70
3325,2025-10-22,2,3,DIRECT,EXPEDIEE,6624.45
3326,2025-10-22,15,11,DIRECT,LIVREE,3440.10
3327,2025-10-22,28,5,GROSSISTE,LIVREE,24688.00
3328,2025-10-22,11,8,EN_LIGNE,EXPEDIEE,16426.50
3329,2025-10-22,9,3,DIRECT,LIVREE,23374.00
3330,2025-10-22,12,5,PARTENAIRE,LIVREE,8450.30
3331,2025-10-22,40,7,GROSSISTE,LIVREE,33171.45
3332,2025-10-22,1,11,EN_LIGNE,LIVREE,1548.00
3333,2025-10-23,14,7,PARTENAIRE,LIVREE,8784.00
3334,2025-10-23,17,12,EN_LIGNE,LIVREE,6289.50
3335,2025-10-23,26,2,GROSSISTE,LIVREE,9795.85
3336,2025-10-23,26,3,EN_LIGNE,LIVREE,9050.05
3337,2025-10-24,2,10,GROSSISTE,LIVREE,574.20
3338,2025-10-24,17,7,EN_LIGNE,LIVREE,3010.00
3339,2025-10-25,2,6,DIRECT,LIVREE,11603.20
3340,2025-10-25,16,12,GROSSISTE,LIVREE,21837.60
3341,2025-10-25,2,1,DIRECT,LIVREE,7081.20
3342,2025-10-25,16,6,EN_LIGNE,LIVREE,2379.75
3343,2025-10-25,13,6,EN_LIGNE,LIVREE,25682.60
3344,2025-10-25,14,4,EN_LIGNE,LIVREE,5144.80
3345,2025-10-26,36,2,DIRECT,LIVREE,855.00
3346,2025-10-26,9,10,EN_LIGNE,LIVREE,43697.10
3347,2025-10-26,23,10,EN_LIGNE,LIVREE,1137.00
3348,2025-10-26,29,12,GROSSISTE,ANNULEE,0.00
3349,2025-10-26,5,8,GROSSISTE,LIVREE,8481.20
3350,2025-10-26,15,2,GROSSISTE,LIVREE,1509.10
3351,2025-10-26,36,6,GROSSISTE,LIVREE,25045.45
3352,2025-10-27,13,9,GROSSISTE,EN_ATTENTE,19777.00
3353,2025-10-27,11,5,DIRECT,LIVREE,20116.95
3354,2025-10-27,20,10,GROSSISTE,LIVREE,6490.00
3355,2025-10-27,21,2,PARTENAIRE,LIVREE,32191.90
3356,2025-10-27,8,4,DIRECT,ANNULEE,0.00
3357,2025-10-27,37,12,DIRECT,LIVREE,7185.60
3358,2025-10-28,38,3,EN_LIGNE,LIVREE,1548.00
3359,2025-10-28,12,9,GROSSISTE,ANNULEE,0.00
3360,2025-10-28,4,10,PARTENAIRE,EXPEDIEE,12572.50
3361,2025-10-28,7,1,PARTENAIRE,LIVREE,32528.10
3362,2025-10-28,14,7,PARTENAIRE,LIVREE,20969.75
3363,2025-10-29,32,2,EN_LIGNE,LIVREE,1054.80
3364,2025-10-29,7,5,EN_LIGNE,LIVREE,540.00
3365,2025-10-29,40,6,EN_LIGNE,LIVREE,29297.90
3366,2025-10-29,7,6,PARTENAIRE,ANNULEE,0.00
3367,2025-10-29,11,7,DIRECT,LIVREE,550.00
3368,2025-10-29,17,7,EN_LIGNE,LIVREE,9050.95
3369,2025-10-30,21,8,GROSSISTE,LIVREE,5787.90
3370,2025-10-30,10,3,DIRECT,EN_ATTENTE,10870.20
3371,2025-10-30,22,11,PARTENAIRE,LIVREE,22308.50
3372,2025-10-30,14,4,EN_LIGNE,LIVREE,6484.75
3373,2025-10-30,12,3,DIRECT,LIVREE,9840.00
3374,2025-10-30,32,12,GROSSISTE,EXPEDIEE,1044.00
3375,2025-10-31,7,1,GROSSISTE,LIVREE,6673.00
3376,2025-10-31,27,10,DIRECT,LIVREE,490.00
3377,2025-10-31,32,9,DIRECT,ANNULEE,0.00
3378,2025-10-31,40,12,PARTENAIRE,LIVREE,29543.00
3379,2025-10-31,28,9,GROSSISTE,EXPEDIEE,66173.70
3380,2025-10-31,31,1,DIRECT,LIVREE,72.90
3381,2025-11-01,2,2,GROSSISTE,LIVREE,4536.00
3382,2025-11-01,20,9,PARTENAIRE,LIVREE,32145.50
3383,2025-11-01,9,11,GROSSISTE,LIVREE,13211.10
3384,2025-11-01,31,12,EN_LIGNE,EXPEDIEE,28169.00
3385,2025-11-02,9,9,PARTENAIRE,EXPEDIEE,17868.00
3386,2025-11-02,1,5,PARTENAIRE,LIVREE,5021.15
3387,2025-11-02,15,9,EN_LIGNE,LIVREE,5385.60
3388,2025-11-02,33,6,GROSSISTE,LIVREE,36853.25
3389,2025-11-02,30,6,EN_LIGNE,EXPEDIEE,21065.55
3390,2025-11-03,26,6,GROSSISTE,LIVREE,8587.50
3391,2025-11-03,7,4,PARTENAIRE,LIVREE,32239.80
3392,2025-11-03,23,7,DIRECT,LIVREE,28736.00
3393,2025-11-03,6,10,GROSSISTE,LIVREE,2264.50
3394,2025-11-03,8,9,DIRECT,LIVREE,777.60
3395,2025-11-04,1,10,DIRECT,EXPEDIEE,1962.90
3396,2025-11-04,35,4,DIRECT,LIVREE,12694.15
3397,2025-11-04,14,7,GROSSISTE,ANNULEE,0.00
3398,2025-11-04,39,1,EN_LIGNE,ANNULEE,0.00
3399,2025-11-04,4,9,DIRECT,LIVREE,17401.90
3400,2025-11-04,12,5,DIRECT,LIVREE,5810.10
3401,2025-11-04,11,12,DIRECT,LIVREE,14930.20
3402,2025-11-05,2,3,DIRECT,LIVREE,3946.90
3403,2025-11-05,14,2,EN_LIGNE,ANNULEE,0.00
3404,2025-11-05,35,4,PARTENAIRE,LIVREE,1161.00
3405,2025-11-05,8,9,PARTENAIRE,LIVREE,2862.00
3406,2025-11-06,18,7,EN_LIGNE,EXPEDIEE,23376.35
3407,2025-11-06,33,4,DIRECT,EXPEDIEE,8498.00
3408,2025-11-06,30,6,PARTENAIRE,LIVREE,3595.50
3409,2025-11-06,7,12,GROSSISTE,LIVREE,8586.00
3410,2025-11-06,6,11,PARTENAIRE,LIVREE,31060.20
3411,2025-11-07,10,1,EN_LIGNE,ANNULEE,0.00
3412,2025-11-07,15,5,GROSSISTE,LIVREE,32296.00
3413,2025-11-07,35,9,DIRECT,EXPEDIEE,2210.40
3414,2025-11-07,23,5,EN_LIGNE,EN_ATTENTE,14989.60
3415,2025-11-07,4,11,DIRECT,ANNULEE,0.00
3416,2025-11-07,5,5,GROSSISTE,LIVREE,5313.90
3417,2025-11-07,36,8,GROSSISTE,LIVREE,15215.00
3418,2025-11-08,10,9,PARTENAIRE,ANNULEE,0.00
3419,2025-11-08,10,8,EN_LIGNE,LIVREE,643.50
3420,2025-11-08,24,3,DIRECT,LIVREE,6228.00
3421,2025-11-08,37,11,PARTENAIRE,LIVREE,15062.70
3422,2025-11-08,15,11,DIRECT,ANNULEE,0.00
3423,2025-11-09,5,10,GROSSISTE,LIVREE,7030.25
3424,2025-11-09,38,8,DIRECT,LIVREE,832.20
3425,2025-11-09,3,4,EN_LIGNE,EXPEDIEE,37881.00
3426,2025-11-09,7,9,PARTENAIRE,LIVREE,12438.90
3427,2025-11-09,12,6,DIRECT,LIVREE,1819.10
3428,2025-11-09,5,7,EN_LIGNE,LIVREE,15084.45
3429,2025-11-09,7,7,DIRECT,EXPEDIEE,5730.75
3430,2025-11-09,36,6,PARTENAIRE,LIVREE,15899.00
3431,2025-11-10,4,1,PARTENAIRE,LIVREE,2236.10
3432,2025-11-10,4,12,GROSSISTE,LIVREE,949.50
3433,2025-11-10,14,2,EN_LIGNE,LIVREE,7697.00
3434,2025-11-10,12,12,PARTENAIRE,ANNULEE,0.00
3435,2025-11-10,18,6,DIRECT,LIVREE,16844.00
3436,2025-11-11,39,3,DIRECT,ANNULEE,0.00
3437,2025-11-11,17,5,GROSSISTE,LIVREE,4173.50
3438,2025-11-11,28,10,GROSSISTE,LIVREE,8792.10
3439,2025-11-11,23,9,PARTENAIRE,EN_ATTENTE,3990.75
3440,2025-11-11,30,2,EN_LIGNE,LIVREE,6547.80
3441,2025-11-11,31,7,EN_LIGNE,EXPEDIEE,23879.30
3442,2025-11-11,34,11,DIRECT,LIVREE,6892.60
3443,2025-11-11,34,12,DIRECT,LIVREE,21269.80
3444,2025-11-12,10,3,GROSSISTE,LIVREE,18399.10
3445,2025-11-12,4,2,EN_LIGNE,LIVREE,10720.00
3446,2025-11-12,33,8,GROSSISTE,LIVREE,17690.70
3447,2025-11-12,38,2,GROSSISTE,LIVREE,8883.00
3448,2025-11-12,19,3,GROSSISTE,EN_ATTENTE,992.75
3449,2025-11-12,18,2,DIRECT,LIVREE,1419.30
3450,2025-11-13,33,8,PARTENAIRE,EXPEDIEE,14107.45
3451,2025-11-13,4,9,DIRECT,LIVREE,13046.75
3452,2025-11-13,19,10,EN_LIGNE,LIVREE,28505.35
3453,2025-11-13,32,2,DIRECT,LIVREE,13603.65
3454,2025-11-13,18,7,EN_LIGNE,LIVREE,7641.65
3455,2025-11-13,29,4,DIRECT,LIVREE,2739.00
3456,2025-11-13,11,12,PARTENAIRE,LIVREE,17715.20
3457,2025-11-14,16,8,PARTENAIRE,LIVREE,16996.35
3458,2025-11-14,10,5,DIRECT,ANNULEE,0.00
3459,2025-11-14,26,8,DIRECT,ANNULEE,0.00
3460,2025-11-14,34,10,EN_LIGNE,ANNULEE,0.00
3461,2025-11-14,17,5,GROSSISTE,LIVREE,9664.20
3462,2025-11-15,10,4,GROSSISTE,LIVREE,3320.25
3463,2025-11-15,31,7,EN_LIGNE,LIVREE,4957.20
3464,2025-11-15,20,8,GROSSISTE,EN_ATTENTE,29844.00
3465,2025-11-15,32,5,EN_LIGNE,LIVREE,15208.75
3466,2025-11-15,40,6,EN_LIGNE,LIVREE,31280.40
3467,2025-11-15,34,7,DIRECT,LIVREE,11369.10
3468,2025-11-15,26,12,PARTENAIRE,LIVREE,225.00
3469,2025-11-15,22,6,PARTENAIRE,LIVREE,3725.00
3470,2025-11-16,13,5,DIRECT,LIVREE,3012.40
3471,2025-11-16,15,5,PARTENAIRE,LIVREE,4967.50
3472,2025-11-16,30,1,DIRECT,LIVREE,10197.00
3473,2025-11-16,14,2,GROSSISTE,LIVREE,35524.85
3474,2025-11-16,10,12,PARTENAIRE,LIVREE,3813.00
3475,2025-11-16,31,8,PARTENAIRE,LIVREE,46023.20
3476,2025-11-16,29,10,GROSSISTE,EXPEDIEE,30654.40
3477,2025-11-17,8,5,DIRECT,LIVREE,26657.80
3478,2025-11-17,26,10,DIRECT,LIVREE,8279.25
3479,2025-11-17,22,7,DIRECT,EXPEDIEE,3641.00
3480,2025-11-17,24,7,DIRECT,LIVREE,13325.50
3481,2025-11-17,25,2,GROSSISTE,ANNULEE,0.00
3482,2025-11-18,25,1,EN_LIGNE,LIVREE,11312.10
3483,2025-11-18,25,4,GROSSISTE,ANNULEE,0.00
3484,2025-11-18,8,5,EN_LIGNE,LIVREE,32249.00
3485,2025-11-18,37,1,GROSSISTE,LIVREE,31159.30
3486,2025-11-19,36,6,GROSSISTE,LIVREE,1055.10
3487,2025-11-19,40,2,EN_LIGNE,ANNULEE,0.00
3488,2025-11-19,5,2,DIRECT,LIVREE,585.00
3489,2025-11-19,18,1,GROSSISTE,LIVREE,75.60
3490,2025-11-19,28,10,DIRECT,LIVREE,27209.30
3491,2025-11-19,37,11,PARTENAIRE,EN_ATTENTE,15948.00
3492,2025-11-20,19,7,EN_LIGNE,EN_ATTENTE,853.20
3493,2025-11-20,16,3,GROSSISTE,EXPEDIEE,28125.65
3494,2025-11-20,10,10,EN_LIGNE,LIVREE,421.80
3495,2025-11-21,33,5,DIRECT,LIVREE,6791.00
3496,2025-11-21,23,6,GROSSISTE,LIVREE,5566.50
3497,2025-11-21,13,10,PARTENAIRE,ANNULEE,0.00
3498,2025-11-22,27,8,DIRECT,EXPEDIEE,8482.55
3499,2025-11-22,7,12,EN_LIGNE,LIVREE,8967.00
3500,2025-11-22,39,8,EN_LIGNE,LIVREE,2815.30
3501,2025-11-23,23,12,PARTENAIRE,EN_ATTENTE,9388.00
3502,2025-11-23,6,2,EN_LIGNE,LIVREE,19520.00
3503,2025-11-23,25,8,EN_LIGNE,EXPEDIEE,2044.80
3504,2025-11-23,22,2,DIRECT,LIVREE,7413.25
3505,2025-11-24,2,6,DIRECT,LIVREE,1395.00
3506,2025-11-24,3,9,EN_LIGNE,LIVREE,1770.40
3507,2025-11-24,20,8,GROSSISTE,LIVREE,10485.00
3508,2025-11-24,28,5,PARTENAIRE,EXPEDIEE,4920.30
3509,2025-11-24,33,3,GROSSISTE,LIVREE,27316.20
3510,2025-11-24,2,11,EN_LIGNE,LIVREE,5096.00
3511,2025-11-24,19,4,PARTENAIRE,LIVREE,13602.50
3512,2025-11-24,37,6,GROSSISTE,ANNULEE,0.00
3513,2025-11-25,14,8,DIRECT,LIVREE,13068.00
3514,2025-11-25,23,2,DIRECT,ANNULEE,0.00
3515,2025-11-26,6,8,GROSSISTE,LIVREE,418.00
3516,2025-11-26,3,10,PARTENAIRE,LIVREE,1365.00
3517,2025-11-27,21,9,DIRECT,LIVREE,8970.00
3518,2025-11-27,23,10,DIRECT,LIVREE,1746.50
3519,2025-11-27,27,6,EN_LIGNE,LIVREE,14729.70
3520,2025-11-27,32,4,PARTENAIRE,EN_ATTENTE,9787.00
3521,2025-11-27,2,12,PARTENAIRE,LIVREE,12745.00
3522,2025-11-27,13,5,PARTENAIRE,LIVREE,12559.35
3523,2025-11-28,25,5,PARTENAIRE,LIVREE,19167.20
3524,2025-11-28,25,3,DIRECT,LIVREE,3023.10
3525,2025-11-28,8,11,PARTENAIRE,LIVREE,10195.00
3526,2025-11-29,17,2,DIRECT,EXPEDIEE,2014.00
3527,2025-11-29,37,6,EN_LIGNE,LIVREE,33593.60
3528,2025-11-29,38,9,GROSSISTE,LIVREE,12829.00
3529,2025-11-29,38,7,PARTENAIRE,LIVREE,14654.85
3530,2025-11-29,39,6,EN_LIGNE,EN_ATTENTE,2902.20
3531,2025-11-29,22,11,PARTENAIRE,LIVREE,1673.15
3532,2025-11-30,27,1,EN_LIGNE,LIVREE,4225.70
3533,2025-11-30,30,4,EN_LIGNE,LIVREE,6990.00
3534,2025-11-30,2,7,GROSSISTE,LIVREE,6131.40
3535,2025-11-30,9,6,GROSSISTE,EXPEDIEE,34573.10
3536,2025-11-30,19,2,EN_LIGNE,ANNULEE,0.00
3537,2025-11-30,9,4,GROSSISTE,LIVREE,15447.25
3538,2025-11-30,12,3,DIRECT,LIVREE,13686.20
3539,2025-12-01,38,11,GROSSISTE,LIVREE,588.00
3540,2025-12-01,22,2,PARTENAIRE,LIVREE,11883.00
3541,2025-12-01,4,6,PARTENAIRE,ANNULEE,0.00
3542,2025-12-02,18,3,PARTENAIRE,LIVREE,6557.95
3543,2025-12-02,6,4,PARTENAIRE,ANNULEE,0.00
3544,2025-12-02,37,1,GROSSISTE,LIVREE,10801.50
3545,2025-12-02,20,5,EN_LIGNE,LIVREE,13918.40
3546,2025-12-02,30,10,PARTENAIRE,LIVREE,3114.50
3547,2025-12-02,4,3,PARTENAIRE,LIVREE,15005.00
3548,2025-12-03,28,9,EN_LIGNE,LIVREE,19254.75
3549,2025-12-03,26,6,DIRECT,LIVREE,16148.00
3550,2025-12-03,9,8,GROSSISTE,LIVREE,3279.15
3551,2025-12-03,40,12,PARTENAIRE,LIVREE,24413.40
3552,2025-12-03,8,11,PARTENAIRE,LIVREE,43672.95
3553,2025-12-03,40,1,EN_LIGNE,LIVREE,894.00
3554,2025-12-04,18,6,GROSSISTE,LIVREE,4488.75
3555,2025-12-04,3,3,PARTENAIRE,EN_ATTENTE,7347.00
3556,2025-12-04,19,11,PARTENAIRE,LIVREE,1875.00
3557,2025-12-04,19,10,EN_LIGNE,ANNULEE,0.00
3558,2025-12-04,20,6,PARTENAIRE,ANNULEE,0.00
3559,2025-12-04,29,12,PARTENAIRE,LIVREE,9917.95
3560,2025-12-04,17,2,EN_LIGNE,LIVREE,10431.00
3561,2025-12-04,16,12,GROSSISTE,LIVREE,1756.25
3562,2025-12-05,29,1,DIRECT,LIVREE,25395.10
3563,2025-12-05,13,4,EN_LIGNE,LIVREE,28381.85
3564,2025-12-05,20,12,EN_LIGNE,LIVREE,2736.00
3565,2025-12-05,26,5,DIRECT,LIVREE,29544.50
3566,2025-12-05,38,2,GROSSISTE,EXPEDIEE,12563.25
3567,2025-12-05,17,2,EN_LIGNE,LIVREE,13176.00
3568,2025-12-05,35,12,EN_LIGNE,LIVREE,13489.05
3569,2025-12-06,35,12,DIRECT,LIVREE,13008.60
3570,2025-12-06,19,5,EN_LIGNE,ANNULEE,0.00
3571,2025-12-06,33,2,EN_LIGNE,LIVREE,3671.00
3572,2025-12-07,7,6,GROSSISTE,EXPEDIEE,13976.10
3573,2025-12-07,34,11,DIRECT,LIVREE,13747.45
3574,2025-12-07,11,6,EN_LIGNE,EXPEDIEE,1242.00
3575,2025-12-07,30,10,GROSSISTE,LIVREE,3021.00
3576,2025-12-07,6,6,PARTENAIRE,ANNULEE,0.00
3577,2025-12-08,3,9,EN_LIGNE,LIVREE,1548.00
3578,2025-12-08,29,10,DIRECT,LIVREE,33920.00
3579,2025-12-08,8,10,EN_LIGNE,LIVREE,2181.25
3580,2025-12-09,8,5,EN_LIGNE,LIVREE,36703.50
3581,2025-12-09,26,8,DIRECT,LIVREE,20323.00
3582,2025-12-09,39,1,EN_LIGNE,LIVREE,11304.60
3583,2025-12-09,18,2,EN_LIGNE,EXPEDIEE,13591.40
3584,2025-12-09,27,6,DIRECT,LIVREE,5891.75
3585,2025-12-10,9,4,PARTENAIRE,EN_ATTENTE,3821.85
3586,2025-12-10,33,1,GROSSISTE,LIVREE,3765.25
3587,2025-12-10,8,8,GROSSISTE,LIVREE,2302.00
3588,2025-12-10,10,4,PARTENAIRE,ANNULEE,0.00
3589,2025-12-10,17,11,DIRECT,LIVREE,1567.50
3590,2025-12-10,7,10,GROSSISTE,LIVREE,27.00
3591,2025-12-10,35,8,EN_LIGNE,EXPEDIEE,27262.05
3592,2025-12-10,17,1,PARTENAIRE,EXPEDIEE,4846.55
3593,2025-12-11,34,10,EN_LIGNE,LIVREE,3754.80
3594,2025-12-11,25,6,EN_LIGNE,EXPEDIEE,768.00
3595,2025-12-12,9,4,GROSSISTE,LIVREE,32223.50
3596,2025-12-12,20,5,EN_LIGNE,LIVREE,17079.00
3597,2025-12-12,37,11,GROSSISTE,LIVREE,4957.20
3598,2025-12-13,39,12,PARTENAIRE,LIVREE,4899.15
3599,2025-12-13,29,7,GROSSISTE,LIVREE,1739.10
3600,2025-12-13,4,4,EN_LIGNE,LIVREE,19209.00
3601,2025-12-13,18,9,DIRECT,LIVREE,13704.05
3602,2025-12-13,32,12,EN_LIGNE,LIVREE,15138.00
3603,2025-12-13,18,8,GROSSISTE,LIVREE,11120.75
3604,2025-12-14,23,6,GROSSISTE,LIVREE,32976.05
3605,2025-12-14,34,10,GROSSISTE,LIVREE,1575.00
3606,2025-12-14,30,12,GROSSISTE,LIVREE,295.20
3607,2025-12-14,27,4,GROSSISTE,LIVREE,4397.40
3608,2025-12-14,29,3,GROSSISTE,EN_ATTENTE,2148.00
3609,2025-12-14,14,4,EN_LIGNE,LIVREE,1914.00
3610,2025-12-14,5,4,DIRECT,LIVREE,30282.20
3611,2025-12-15,37,9,PARTENAIRE,EN_ATTENTE,32613.10
3612,2025-12-15,31,7,GROSSISTE,EXPEDIEE,585.20
3613,2025-12-15,24,12,PARTENAIRE,EXPEDIEE,7245.00
3614,2025-12-15,1,5,GROSSISTE,LIVREE,10919.20
3615,2025-12-15,38,9,GROSSISTE,EXPEDIEE,12867.75
3616,2025-12-15,7,2,PARTENAIRE,LIVREE,60.00
3617,2025-12-16,13,7,GROSSISTE,EXPEDIEE,6023.05
3618,2025-12-16,7,12,DIRECT,LIVREE,3837.25
3619,2025-12-16,3,1,DIRECT,EXPEDIEE,13395.90
3620,2025-12-16,18,9,DIRECT,EXPEDIEE,8721.00
3621,2025-12-17,7,12,DIRECT,EXPEDIEE,256.50
3622,2025-12-17,23,12,PARTENAIRE,EN_ATTENTE,7392.30
3623,2025-12-17,27,6,DIRECT,LIVREE,982.00
3624,2025-12-17,39,3,PARTENAIRE,LIVREE,760.00
3625,2025-12-17,28,7,GROSSISTE,LIVREE,9423.75
3626,2025-12-17,18,3,PARTENAIRE,EXPEDIEE,4552.35
3627,2025-12-18,2,4,EN_LIGNE,EXPEDIEE,9545.50
3628,2025-12-18,29,12,GROSSISTE,LIVREE,28148.60
3629,2025-12-18,10,8,DIRECT,EN_ATTENTE,20853.90
3630,2025-12-18,36,7,DIRECT,EXPEDIEE,10712.25
3631,2025-12-19,24,7,DIRECT,LIVREE,41075.40
3632,2025-12-19,4,10,GROSSISTE,LIVREE,1995.00
3633,2025-12-19,31,10,GROSSISTE,LIVREE,1666.50
3634,2025-12-19,9,5,EN_LIGNE,LIVREE,28927.85
3635,2025-12-19,36,8,EN_LIGNE,LIVREE,23444.00
3636,2025-12-19,14,3,DIRECT,LIVREE,6750.70
3637,2025-12-19,4,5,PARTENAIRE,LIVREE,14470.50
3638,2025-12-20,32,7,EN_LIGNE,LIVREE,15474.00
3639,2025-12-20,29,10,GROSSISTE,EN_ATTENTE,3138.30
3640,2025-12-21,32,7,EN_LIGNE,LIVREE,1642.55
3641,2025-12-21,12,2,PARTENAIRE,LIVREE,8437.00
3642,2025-12-21,36,5,EN_LIGNE,EN_ATTENTE,21557.90
3643,2025-12-21,4,6,DIRECT,LIVREE,16755.15
3644,2025-12-21,20,6,PARTENAIRE,LIVREE,1285.40
3645,2025-12-22,17,1,DIRECT,EN_ATTENTE,4363.30
3646,2025-12-22,2,9,DIRECT,ANNULEE,0.00
3647,2025-12-22,13,9,PARTENAIRE,LIVREE,621.00
3648,2025-12-22,5,3,GROSSISTE,EXPEDIEE,3223.55
3649,2025-12-23,33,8,GROSSISTE,LIVREE,2636.00
3650,2025-12-23,37,10,EN_LIGNE,EXPEDIEE,4497.90
3651,2025-12-23,37,2,PARTENAIRE,EN_ATTENTE,5096.20
3652,2025-12-23,21,7,DIRECT,EN_ATTENTE,16158.85
3653,2025-12-23,16,12,PARTENAIRE,ANNULEE,0.00
3654,2025-12-24,11,3,EN_LIGNE,LIVREE,19834.00
3655,2025-12-24,6,8,GROSSISTE,LIVREE,7411.50
3656,2025-12-24,39,3,PARTENAIRE,LIVREE,23028.50
3657,2025-12-24,26,3,EN_LIGNE,EXPEDIEE,11905.85
3658,2025-12-24,32,1,PARTENAIRE,LIVREE,17167.75
3659,2025-12-24,4,11,DIRECT,EN_ATTENTE,3975.10
3660,2025-12-25,34,5,GROSSISTE,LIVREE,10250.45
3661,2025-12-25,5,6,PARTENAIRE,LIVREE,13666.50
3662,2025-12-25,27,11,DIRECT,LIVREE,1383.60
3663,2025-12-25,19,11,PARTENAIRE,EN_ATTENTE,24571.90
3664,2025-12-25,29,8,PARTENAIRE,EN_ATTENTE,34588.00
3665,2025-12-25,24,8,DIRECT,ANNULEE,0.00
3666,2025-12-25,7,2,DIRECT,EXPEDIEE,19428.15
3667,2025-12-25,28,8,PARTENAIRE,LIVREE,9178.20
3668,2025-12-26,34,1,GROSSISTE,LIVREE,9396.00
3669,2025-12-26,22,2,DIRECT,LIVREE,12899.20
3670,2025-12-27,40,5,GROSSISTE,LIVREE,15411.75
3671,2025-12-27,7,8,GROSSISTE,LIVREE,511.00
3672,2025-12-27,30,1,DIRECT,LIVREE,11217.20
3673,2025-12-27,3,10,PARTENAIRE,LIVREE,796.80
3674,2025-12-27,35,4,DIRECT,LIVREE,28590.50
3675,2025-12-27,26,8,EN_LIGNE,LIVREE,15921.00
3676,2025-12-27,10,7,DIRECT,LIVREE,10792.80
3677,2025-12-27,17,4,EN_LIGNE,ANNULEE,0.00
3678,2025-12-28,12,4,GROSSISTE,EXPEDIEE,10199.55
3679,2025-12-28,4,9,DIRECT,LIVREE,8949.10
3680,2025-12-28,30,1,DIRECT,LIVREE,1839.30
3681,2025-12-28,5,6,DIRECT,EN_ATTENTE,936.00
3682,2025-12-28,28,11,EN_LIGNE,LIVREE,13381.70
3683,2025-12-28,28,7,PARTENAIRE,LIVREE,11655.55
3684,2025-12-29,23,6,GROSSISTE,LIVREE,37519.90
3685,2025-12-29,6,9,EN_LIGNE,LIVREE,28370.10
3686,2025-12-29,40,4,EN_LIGNE,LIVREE,12586.00
3687,2025-12-29,12,7,GROSSISTE,EXPEDIEE,11113.65
3688,2025-12-29,21,7,DIRECT,LIVREE,6156.00
3689,2025-12-30,36,3,DIRECT,LIVREE,21816.65
3690,2025-12-30,23,3,EN_LIGNE,LIVREE,5008.75
3691,2025-12-30,39,5,DIRECT,LIVREE,9152.00
3692,2025-12-30,8,1,PARTENAIRE,LIVREE,59207.00
3693,2025-12-31,13,7,PARTENAIRE,LIVREE,2393.10
3694,2025-12-31,35,5,EN_LIGNE,LIVREE,2417.40
3695,2025-12-31,7,5,EN_LIGNE,EXPEDIEE,6351.55
3696,2025-12-31,13,5,PARTENAIRE,EN_ATTENTE,1798.00
3697,2025-12-31,31,9,DIRECT,LIVREE,2160.00
3698,2025-12-31,8,2,EN_LIGNE,LIVREE,3735.00
3699,2026-01-01,31,4,DIRECT,LIVREE,11310.50
3700,2026-01-01,27,4,GROSSISTE,EXPEDIEE,28910.90
3701,2026-01-01,9,3,EN_LIGNE,EXPEDIEE,19390.10
3702,2026-01-01,27,2,PARTENAIRE,LIVREE,378.00
3703,2026-01-01,28,1,DIRECT,ANNULEE,0.00
3704,2026-01-02,31,4,DIRECT,LIVREE,34582.10
3705,2026-01-02,25,4,GROSSISTE,LIVREE,7152.15
3706,2026-01-02,36,3,EN_LIGNE,LIVREE,10764.85
3707,2026-01-02,27,8,EN_LIGNE,LIVREE,16815.50
3708,2026-01-02,19,6,PARTENAIRE,LIVREE,5194.00
3709,2026-01-02,8,10,DIRECT,EXPEDIEE,18410.00
3710,2026-01-02,22,2,PARTENAIRE,EN_ATTENTE,11115.50
3711,2026-01-02,8,10,EN_LIGNE,LIVREE,24649.20
3712,2026-01-03,4,2,EN_LIGNE,LIVREE,7816.30
3713,2026-01-03,16,3,PARTENAIRE,LIVREE,34731.30
3714,2026-01-03,13,11,EN_LIGNE,LIVREE,2725.80
3715,2026-01-03,26,1,EN_LIGNE,LIVREE,23835.60
3716,2026-01-03,17,4,DIRECT,LIVREE,6258.60
3717,2026-01-04,16,10,PARTENAIRE,LIVREE,6293.00
3718,2026-01-04,16,4,EN_LIGNE,LIVREE,34910.10
3719,2026-01-04,11,4,GROSSISTE,LIVREE,15330.00
3720,2026-01-04,22,9,DIRECT,ANNULEE,0.00
3721,2026-01-05,4,6,PARTENAIRE,LIVREE,8655.00
3722,2026-01-05,39,7,PARTENAIRE,LIVREE,5677.20
3723,2026-01-05,32,2,EN_LIGNE,EXPEDIEE,22172.55
3724,2026-01-05,4,2,DIRECT,EXPEDIEE,24431.75
3725,2026-01-05,36,3,EN_LIGNE,LIVREE,24051.80
3726,2026-01-05,35,4,GROSSISTE,LIVREE,2646.50
3727,2026-01-06,8,10,DIRECT,LIVREE,1287.90
3728,2026-01-06,7,5,EN_LIGNE,LIVREE,12586.00
3729,2026-01-06,18,2,EN_LIGNE,LIVREE,7206.70
3730,2026-01-06,22,7,DIRECT,LIVREE,7605.60
3731,2026-01-07,19,8,GROSSISTE,LIVREE,5722.80
3732,2026-01-07,27,1,DIRECT,EN_ATTENTE,921.00
3733,2026-01-07,18,7,EN_LIGNE,ANNULEE,0.00
3734,2026-01-07,11,6,EN_LIGNE,LIVREE,26525.10
3735,2026-01-07,19,2,DIRECT,LIVREE,11379.55
3736,2026-01-07,36,2,DIRECT,EXPEDIEE,17127.05
3737,2026-01-07,27,2,PARTENAIRE,LIVREE,18042.20
3738,2026-01-07,26,9,GROSSISTE,LIVREE,7686.00
3739,2026-01-08,35,4,GROSSISTE,LIVREE,18386.00
3740,2026-01-08,12,11,GROSSISTE,LIVREE,14681.30
3741,2026-01-08,16,8,PARTENAIRE,LIVREE,720.90
3742,2026-01-08,12,1,DIRECT,ANNULEE,0.00
3743,2026-01-09,36,1,GROSSISTE,LIVREE,224.00
3744,2026-01-09,6,5,GROSSISTE,LIVREE,12207.10
3745,2026-01-09,10,8,EN_LIGNE,LIVREE,438.90
3746,2026-01-09,15,10,GROSSISTE,LIVREE,3576.50
3747,2026-01-09,4,12,GROSSISTE,LIVREE,3349.80
3748,2026-01-10,40,1,DIRECT,LIVREE,380.00
3749,2026-01-10,22,12,EN_LIGNE,LIVREE,9977.85
3750,2026-01-10,12,1,EN_LIGNE,LIVREE,876.15
3751,2026-01-10,21,9,DIRECT,LIVREE,3483.00
3752,2026-01-11,19,12,EN_LIGNE,LIVREE,19868.50
3753,2026-01-11,20,3,EN_LIGNE,LIVREE,24223.00
3754,2026-01-11,31,2,DIRECT,LIVREE,9410.50
3755,2026-01-11,7,2,DIRECT,LIVREE,40524.20
3756,2026-01-11,25,10,PARTENAIRE,LIVREE,15202.20
3757,2026-01-11,6,12,DIRECT,ANNULEE,0.00
3758,2026-01-11,33,11,PARTENAIRE,LIVREE,21906.05
3759,2026-01-12,4,3,PARTENAIRE,EXPEDIEE,19563.85
3760,2026-01-12,34,2,PARTENAIRE,LIVREE,15631.00
3761,2026-01-13,21,11,PARTENAIRE,EXPEDIEE,8900.10
3762,2026-01-13,5,1,DIRECT,EN_ATTENTE,11032.00
3763,2026-01-13,2,11,EN_LIGNE,LIVREE,7812.90
3764,2026-01-13,8,10,EN_LIGNE,LIVREE,43521.00
3765,2026-01-13,33,2,EN_LIGNE,LIVREE,19442.80
3766,2026-01-14,8,2,DIRECT,EXPEDIEE,1782.20
3767,2026-01-14,31,4,EN_LIGNE,EXPEDIEE,2589.00
3768,2026-01-14,29,4,EN_LIGNE,LIVREE,577.60
3769,2026-01-14,10,5,DIRECT,ANNULEE,0.00
3770,2026-01-14,14,8,DIRECT,LIVREE,1697.00
3771,2026-01-14,33,5,EN_LIGNE,LIVREE,6252.00
3772,2026-01-14,4,4,DIRECT,LIVREE,18186.10
3773,2026-01-14,28,7,GROSSISTE,LIVREE,3225.30
3774,2026-01-15,11,10,EN_LIGNE,LIVREE,6673.55
3775,2026-01-15,23,9,GROSSISTE,LIVREE,20209.50
3776,2026-01-15,21,2,PARTENAIRE,LIVREE,780.00
3777,2026-01-16,36,8,EN_LIGNE,LIVREE,7519.60
3778,2026-01-16,32,8,PARTENAIRE,LIVREE,427.50
3779,2026-01-16,4,4,EN_LIGNE,LIVREE,1096.00
3780,2026-01-16,26,8,DIRECT,ANNULEE,0.00
3781,2026-01-16,40,12,PARTENAIRE,LIVREE,42253.70
3782,2026-01-16,21,12,EN_LIGNE,LIVREE,12586.00
3783,2026-01-17,38,3,DIRECT,LIVREE,11159.75
3784,2026-01-17,25,6,GROSSISTE,LIVREE,23318.10
3785,2026-01-17,18,5,GROSSISTE,EN_ATTENTE,11782.00
3786,2026-01-18,30,8,DIRECT,EN_ATTENTE,3064.00
3787,2026-01-18,9,12,DIRECT,LIVREE,2526.20
3788,2026-01-18,1,4,GROSSISTE,EXPEDIEE,384.75
3789,2026-01-18,39,9,GROSSISTE,ANNULEE,0.00
3790,2026-01-18,29,5,GROSSISTE,LIVREE,13882.60
3791,2026-01-18,36,10,EN_LIGNE,LIVREE,5464.85
3792,2026-01-19,17,9,DIRECT,EN_ATTENTE,13248.80
3793,2026-01-19,22,10,DIRECT,LIVREE,15770.50
3794,2026-01-20,29,8,DIRECT,LIVREE,17475.65
3795,2026-01-20,40,12,PARTENAIRE,LIVREE,3687.00
3796,2026-01-20,7,12,DIRECT,LIVREE,42417.90
3797,2026-01-20,2,7,GROSSISTE,ANNULEE,0.00
3798,2026-01-20,3,1,DIRECT,ANNULEE,0.00
3799,2026-01-20,13,1,EN_LIGNE,LIVREE,95.00
3800,2026-01-21,10,3,DIRECT,LIVREE,756.00
3801,2026-01-21,23,3,GROSSISTE,ANNULEE,0.00
3802,2026-01-21,31,3,GROSSISTE,LIVREE,40490.60
3803,2026-01-21,34,2,DIRECT,LIVREE,75.00
3804,2026-01-21,38,6,GROSSISTE,LIVREE,18338.20
3805,2026-01-21,11,8,EN_LIGNE,LIVREE,18780.00
3806,2026-01-22,25,11,GROSSISTE,LIVREE,23563.05
3807,2026-01-22,7,11,PARTENAIRE,LIVREE,32680.45
3808,2026-01-23,12,10,DIRECT,LIVREE,22738.20
3809,2026-01-23,2,3,PARTENAIRE,LIVREE,8721.00
3810,2026-01-23,17,12,EN_LIGNE,LIVREE,2246.40
3811,2026-01-23,29,7,GROSSISTE,LIVREE,3888.90
3812,2026-01-23,5,8,PARTENAIRE,ANNULEE,0.00
3813,2026-01-24,24,10,DIRECT,LIVREE,2935.00
3814,2026-01-24,1,10,PARTENAIRE,LIVREE,277.50
3815,2026-01-24,34,4,DIRECT,LIVREE,9980.00
3816,2026-01-24,6,12,EN_LIGNE,LIVREE,3198.00
3817,2026-01-25,20,8,PARTENAIRE,ANNULEE,0.00
3818,2026-01-25,9,6,PARTENAIRE,LIVREE,6371.20
3819,2026-01-25,13,4,EN_LIGNE,LIVREE,1278.10
3820,2026-01-25,38,6,EN_LIGNE,EXPEDIEE,22767.60
3821,2026-01-25,17,11,DIRECT,LIVREE,2139.10
3822,2026-01-25,25,10,DIRECT,LIVREE,4673.20
3823,2026-01-25,32,4,DIRECT,LIVREE,26071.00
3824,2026-01-25,36,10,EN_LIGNE,LIVREE,29668.00
3825,2026-01-26,2,7,EN_LIGNE,LIVREE,5171.25
3826,2026-01-26,11,2,GROSSISTE,EXPEDIEE,24665.95
3827,2026-01-26,7,6,PARTENAIRE,LIVREE,21594.85
3828,2026-01-26,14,7,GROSSISTE,LIVREE,2952.00
3829,2026-01-26,37,1,EN_LIGNE,EN_ATTENTE,1215.00
3830,2026-01-26,8,12,EN_LIGNE,LIVREE,1212.20
3831,2026-01-26,29,4,EN_LIGNE,LIVREE,4090.50
3832,2026-01-26,5,11,DIRECT,LIVREE,13056.50
3833,2026-01-27,2,9,GROSSISTE,LIVREE,21332.00
3834,2026-01-27,31,5,EN_LIGNE,LIVREE,850.50
3835,2026-01-27,22,9,PARTENAIRE,LIVREE,16771.00
3836,2026-01-27,31,11,PARTENAIRE,LIVREE,4368.60
3837,2026-01-27,5,8,PARTENAIRE,LIVREE,4536.00
3838,2026-01-28,33,6,GROSSISTE,LIVREE,21831.60
3839,2026-01-28,7,8,GROSSISTE,EXPEDIEE,375.00
3840,2026-01-28,19,7,EN_LIGNE,EXPEDIEE,10764.95
3841,2026-01-28,20,9,DIRECT,LIVREE,666.90
3842,2026-01-28,29,7,PARTENAIRE,LIVREE,23538.60
3843,2026-01-29,6,9,DIRECT,LIVREE,8965.85
3844,2026-01-29,35,2,DIRECT,LIVREE,8999.00
3845,2026-01-29,31,7,DIRECT,LIVREE,1486.80
3846,2026-01-29,11,10,EN_LIGNE,LIVREE,7227.55
3847,2026-01-29,40,9,GROSSISTE,EXPEDIEE,26993.00
3848,2026-01-29,14,7,PARTENAIRE,LIVREE,13338.65
3849,2026-01-30,23,3,EN_LIGNE,LIVREE,6040.15
3850,2026-01-30,7,12,DIRECT,LIVREE,26600.30
3851,2026-01-30,32,7,EN_LIGNE,LIVREE,1852.15
3852,2026-01-31,23,2,DIRECT,LIVREE,20189.50
3853,2026-01-31,15,9,GROSSISTE,LIVREE,5936.80
3854,2026-01-31,33,1,PARTENAIRE,LIVREE,11723.00
3855,2026-01-31,12,12,PARTENAIRE,LIVREE,13442.75
3856,2026-01-31,21,4,PARTENAIRE,LIVREE,13724.00
3857,2026-01-31,30,8,PARTENAIRE,LIVREE,10914.20
3858,2026-01-31,30,5,EN_LIGNE,LIVREE,11443.00
3859,2026-01-31,13,12,PARTENAIRE,EN_ATTENTE,2251.35
3860,2026-02-01,29,4,DIRECT,EN_ATTENTE,34436.00
3861,2026-02-01,27,9,GROSSISTE,LIVREE,1621.50
3862,2026-02-01,27,12,GROSSISTE,LIVREE,1749.00
3863,2026-02-01,12,4,EN_LIGNE,LIVREE,450.00
3864,2026-02-01,22,9,DIRECT,LIVREE,9330.60
3865,2026-02-01,33,3,GROSSISTE,LIVREE,35015.15
3866,2026-02-01,40,5,PARTENAIRE,LIVREE,18238.85
3867,2026-02-02,39,11,EN_LIGNE,LIVREE,30.40
3868,2026-02-02,2,4,GROSSISTE,LIVREE,32675.00
3869,2026-02-02,17,12,GROSSISTE,LIVREE,7921.20
3870,2026-02-02,29,7,GROSSISTE,LIVREE,20529.15
3871,2026-02-02,35,7,DIRECT,LIVREE,10588.40
3872,2026-02-02,9,9,GROSSISTE,LIVREE,6299.45
3873,2026-02-02,35,1,GROSSISTE,LIVREE,8291.40
3874,2026-02-02,7,7,EN_LIGNE,LIVREE,2581.00
3875,2026-02-03,40,7,GROSSISTE,LIVREE,9735.00
3876,2026-02-03,7,11,PARTENAIRE,LIVREE,3132.00
3877,2026-02-03,22,12,DIRECT,ANNULEE,0.00
3878,2026-02-04,3,5,GROSSISTE,LIVREE,6618.00
3879,2026-02-04,5,12,GROSSISTE,LIVREE,3754.80
3880,2026-02-04,37,9,GROSSISTE,LIVREE,1811.70
3881,2026-02-04,26,1,DIRECT,LIVREE,3259.90
3882,2026-02-04,22,9,PARTENAIRE,ANNULEE,0.00
3883,2026-02-04,29,1,PARTENAIRE,LIVREE,432.00
3884,2026-02-05,37,6,GROSSISTE,LIVREE,2492.10
3885,2026-02-05,39,3,DIRECT,EXPEDIEE,5628.45
3886,2026-02-05,7,6,GROSSISTE,LIVREE,14099.40
3887,2026-02-05,6,9,PARTENAIRE,LIVREE,13671.30
3888,2026-02-05,17,2,EN_LIGNE,LIVREE,3085.90
3889,2026-02-05,32,8,GROSSISTE,LIVREE,4815.60
3890,2026-02-06,22,10,EN_LIGNE,LIVREE,2606.60
3891,2026-02-06,14,9,GROSSISTE,LIVREE,31205.20
3892,2026-02-06,26,3,DIRECT,LIVREE,1753.00
3893,2026-02-06,31,12,EN_LIGNE,LIVREE,4100.55
3894,2026-02-06,34,10,GROSSISTE,LIVREE,341.10
3895,2026-02-06,7,3,GROSSISTE,LIVREE,3400.20
3896,2026-02-07,18,10,GROSSISTE,LIVREE,3741.00
3897,2026-02-07,30,2,EN_LIGNE,LIVREE,20135.40
3898,2026-02-07,11,11,GROSSISTE,LIVREE,7136.40
3899,2026-02-07,33,10,EN_LIGNE,LIVREE,30933.70
3900,2026-02-07,3,3,GROSSISTE,LIVREE,10122.45
3901,2026-02-08,1,8,DIRECT,LIVREE,1575.00
3902,2026-02-08,25,7,GROSSISTE,EN_ATTENTE,16351.90
3903,2026-02-08,26,6,EN_LIGNE,LIVREE,22875.10
3904,2026-02-08,38,7,GROSSISTE,EXPEDIEE,21216.00
3905,2026-02-08,34,3,EN_LIGNE,LIVREE,39583.25
3906,2026-02-08,4,7,GROSSISTE,LIVREE,4711.50
3907,2026-02-08,19,5,GROSSISTE,EXPEDIEE,29245.20
3908,2026-02-09,2,2,EN_LIGNE,EN_ATTENTE,14816.00
3909,2026-02-09,29,8,PARTENAIRE,LIVREE,30960.00
3910,2026-02-10,39,10,DIRECT,LIVREE,40894.00
3911,2026-02-10,25,5,PARTENAIRE,LIVREE,736.00
3912,2026-02-10,40,3,DIRECT,LIVREE,10240.20
3913,2026-02-10,13,2,GROSSISTE,EN_ATTENTE,15903.00
3914,2026-02-10,28,6,EN_LIGNE,LIVREE,3193.00
3915,2026-02-10,18,10,GROSSISTE,LIVREE,5661.90
3916,2026-02-10,26,7,GROSSISTE,EXPEDIEE,1079.40
3917,2026-02-10,11,2,PARTENAIRE,LIVREE,6253.50
3918,2026-02-11,1,2,PARTENAIRE,LIVREE,24953.60
3919,2026-02-11,11,5,DIRECT,LIVREE,8039.30
3920,2026-02-11,3,9,EN_LIGNE,EXPEDIEE,34647.00
3921,2026-02-11,10,8,DIRECT,LIVREE,1527.00
3922,2026-02-12,15,3,PARTENAIRE,LIVREE,17696.55
3923,2026-02-12,36,6,GROSSISTE,LIVREE,5227.50
3924,2026-02-12,27,12,PARTENAIRE,LIVREE,684.00
3925,2026-02-12,16,8,DIRECT,EN_ATTENTE,7144.20
3926,2026-02-12,3,9,DIRECT,LIVREE,3770.60
3927,2026-02-12,6,11,DIRECT,EXPEDIEE,2398.25
3928,2026-02-12,16,9,DIRECT,LIVREE,3471.60
3929,2026-02-12,31,1,GROSSISTE,LIVREE,1272.00
3930,2026-02-13,39,10,PARTENAIRE,ANNULEE,0.00
3931,2026-02-13,6,2,EN_LIGNE,LIVREE,2082.90
3932,2026-02-13,36,6,EN_LIGNE,ANNULEE,0.00
3933,2026-02-13,4,12,GROSSISTE,LIVREE,462.00
3934,2026-02-13,4,3,GROSSISTE,LIVREE,704.25
3935,2026-02-13,3,2,EN_LIGNE,LIVREE,7869.00
3936,2026-02-14,15,11,DIRECT,ANNULEE,0.00
3937,2026-02-14,1,3,PARTENAIRE,EXPEDIEE,198.00
3938,2026-02-14,11,12,DIRECT,LIVREE,15267.00
3939,2026-02-14,39,11,EN_LIGNE,LIVREE,23452.80
3940,2026-02-15,37,5,DIRECT,LIVREE,14234.35
3941,2026-02-15,37,4,PARTENAIRE,LIVREE,6546.00
3942,2026-02-15,7,8,GROSSISTE,LIVREE,11480.00
3943,2026-02-15,27,8,DIRECT,LIVREE,3312.00
3944,2026-02-16,20,11,GROSSISTE,EXPEDIEE,11546.35
3945,2026-02-16,25,11,EN_LIGNE,LIVREE,13508.35
3946,2026-02-16,11,5,DIRECT,LIVREE,5602.50
3947,2026-02-17,23,1,EN_LIGNE,LIVREE,37688.80
3948,2026-02-17,24,3,DIRECT,LIVREE,384.75
3949,2026-02-17,35,3,GROSSISTE,EXPEDIEE,8057.25
3950,2026-02-17,16,2,EN_LIGNE,LIVREE,10441.00
3951,2026-02-17,14,5,PARTENAIRE,LIVREE,10053.10
3952,2026-02-17,32,7,DIRECT,LIVREE,9593.45
3953,2026-02-18,2,9,EN_LIGNE,EXPEDIEE,6783.00
3954,2026-02-18,8,11,PARTENAIRE,LIVREE,17369.20
3955,2026-02-18,21,12,DIRECT,LIVREE,7316.30
3956,2026-02-18,29,3,PARTENAIRE,LIVREE,307.80
3957,2026-02-18,29,6,DIRECT,LIVREE,10347.00
3958,2026-02-19,23,5,EN_LIGNE,LIVREE,180.00
3959,2026-02-19,28,9,GROSSISTE,LIVREE,2808.00
3960,2026-02-19,11,5,EN_LIGNE,LIVREE,21371.15
3961,2026-02-19,20,10,GROSSISTE,LIVREE,3844.45
3962,2026-02-19,2,11,EN_LIGNE,LIVREE,7616.10
3963,2026-02-19,8,10,GROSSISTE,LIVREE,3158.30
3964,2026-02-19,18,7,GROSSISTE,EXPEDIEE,315.00
3965,2026-02-20,14,10,PARTENAIRE,EXPEDIEE,21169.45
3966,2026-02-20,33,1,PARTENAIRE,EN_ATTENTE,18213.00
3967,2026-02-20,4,1,DIRECT,LIVREE,9842.00
3968,2026-02-20,33,7,EN_LIGNE,LIVREE,1530.90
3969,2026-02-20,37,10,DIRECT,LIVREE,6070.55
3970,2026-02-20,5,7,EN_LIGNE,LIVREE,2247.35
3971,2026-02-21,30,9,EN_LIGNE,LIVREE,11172.40
3972,2026-02-21,6,3,GROSSISTE,LIVREE,10224.00
3973,2026-02-21,37,3,EN_LIGNE,LIVREE,13833.75
3974,2026-02-21,33,3,EN_LIGNE,LIVREE,2859.50
3975,2026-02-22,1,9,GROSSISTE,EXPEDIEE,23858.00
3976,2026-02-22,1,6,EN_LIGNE,EXPEDIEE,4556.25
3977,2026-02-22,37,6,EN_LIGNE,EN_ATTENTE,4592.70
3978,2026-02-22,11,5,DIRECT,EN_ATTENTE,2896.00
3979,2026-02-22,1,7,PARTENAIRE,LIVREE,3948.40
3980,2026-02-23,32,5,GROSSISTE,LIVREE,21253.40
3981,2026-02-23,36,4,GROSSISTE,LIVREE,16397.60
3982,2026-02-23,39,4,GROSSISTE,LIVREE,6417.75
3983,2026-02-24,31,11,DIRECT,LIVREE,2933.85
3984,2026-02-24,14,8,PARTENAIRE,EN_ATTENTE,28025.35
3985,2026-02-24,25,2,GROSSISTE,LIVREE,3577.70
3986,2026-02-24,26,11,GROSSISTE,LIVREE,1377.50
3987,2026-02-24,30,6,DIRECT,LIVREE,75.00
3988,2026-02-24,31,4,EN_LIGNE,LIVREE,32239.60
3989,2026-02-24,38,2,PARTENAIRE,LIVREE,11922.00
3990,2026-02-24,8,8,GROSSISTE,LIVREE,1410.90
3991,2026-02-25,8,3,GROSSISTE,LIVREE,8087.40
3992,2026-02-25,26,3,DIRECT,LIVREE,35523.00
3993,2026-02-25,18,3,PARTENAIRE,LIVREE,21918.90
3994,2026-02-25,39,1,EN_LIGNE,LIVREE,1053.00
3995,2026-02-25,3,7,GROSSISTE,EN_ATTENTE,24163.20
3996,2026-02-26,22,2,PARTENAIRE,EXPEDIEE,81.00
3997,2026-02-26,33,2,PARTENAIRE,LIVREE,3314.40
3998,2026-02-26,36,7,PARTENAIRE,LIVREE,21144.15
3999,2026-02-27,27,8,DIRECT,EN_ATTENTE,13336.10
4000,2026-02-27,12,5,PARTENAIRE,LIVREE,10485.75
4001,2026-02-27,8,2,PARTENAIRE,LIVREE,13358.95
4002,2026-02-28,2,12,PARTENAIRE,LIVREE,424.65
4003,2026-02-28,36,7,DIRECT,LIVREE,2374.00
4004,2026-03-01,24,5,DIRECT,EXPEDIEE,8428.75
4005,2026-03-01,12,3,DIRECT,LIVREE,14182.40
4006,2026-03-01,10,10,DIRECT,EXPEDIEE,20318.00
4007,2026-03-01,28,11,GROSSISTE,LIVREE,3298.80
4008,2026-03-01,24,5,EN_LIGNE,LIVREE,8856.30
4009,2026-03-01,28,12,PARTENAIRE,LIVREE,11525.85
4010,2026-03-01,2,12,PARTENAIRE,EN_ATTENTE,13473.00
4011,2026-03-02,39,7,GROSSISTE,EN_ATTENTE,2548.00
4012,2026-03-02,30,8,PARTENAIRE,EXPEDIEE,11510.75
4013,2026-03-02,18,1,GROSSISTE,LIVREE,16788.40
4014,2026-03-02,1,4,EN_LIGNE,LIVREE,15822.50
4015,2026-03-02,33,12,DIRECT,LIVREE,4815.00
4016,2026-03-02,2,3,PARTENAIRE,ANNULEE,0.00
4017,2026-03-02,30,1,PARTENAIRE,EN_ATTENTE,19728.40
4018,2026-03-03,32,3,GROSSISTE,EN_ATTENTE,23416.50
4019,2026-03-03,11,3,DIRECT,LIVREE,3553.95
4020,2026-03-03,40,5,PARTENAIRE,ANNULEE,0.00
4021,2026-03-04,2,3,PARTENAIRE,LIVREE,32173.30
4022,2026-03-04,23,3,EN_LIGNE,EXPEDIEE,1930.00
4023,2026-03-04,14,2,PARTENAIRE,LIVREE,5855.00
4024,2026-03-04,30,2,GROSSISTE,LIVREE,1443.00
4025,2026-03-04,3,7,GROSSISTE,EXPEDIEE,3741.00
4026,2026-03-04,22,4,GROSSISTE,LIVREE,3090.40
4027,2026-03-05,14,6,EN_LIGNE,LIVREE,26385.65
4028,2026-03-05,37,5,DIRECT,LIVREE,1436.40
4029,2026-03-05,3,1,DIRECT,LIVREE,6562.50
4030,2026-03-05,22,10,DIRECT,LIVREE,9809.35
4031,2026-03-05,12,2,GROSSISTE,LIVREE,4336.80
4032,2026-03-05,15,8,DIRECT,LIVREE,18456.50
4033,2026-03-05,16,8,DIRECT,LIVREE,17482.50
4034,2026-03-06,40,5,DIRECT,LIVREE,1966.60
4035,2026-03-06,17,10,GROSSISTE,LIVREE,8722.80
4036,2026-03-06,8,7,DIRECT,ANNULEE,0.00
4037,2026-03-07,34,4,DIRECT,LIVREE,1674.00
4038,2026-03-07,9,9,PARTENAIRE,EXPEDIEE,336.00
4039,2026-03-07,12,10,PARTENAIRE,LIVREE,9100.40
4040,2026-03-07,31,6,PARTENAIRE,EXPEDIEE,594.00
4041,2026-03-07,36,8,EN_LIGNE,LIVREE,5479.00
4042,2026-03-07,20,7,EN_LIGNE,LIVREE,16485.20
4043,2026-03-07,32,9,DIRECT,LIVREE,11912.40
4044,2026-03-07,32,12,DIRECT,LIVREE,424.65
4045,2026-03-08,27,11,EN_LIGNE,LIVREE,11828.60
4046,2026-03-08,37,10,DIRECT,LIVREE,950.00
4047,2026-03-08,24,7,PARTENAIRE,LIVREE,8952.00
4048,2026-03-08,22,2,DIRECT,LIVREE,20166.60
4049,2026-03-08,17,6,DIRECT,LIVREE,30050.80
4050,2026-03-09,5,6,PARTENAIRE,LIVREE,5471.20
4051,2026-03-09,1,6,DIRECT,LIVREE,15164.80
4052,2026-03-09,5,2,EN_LIGNE,EXPEDIEE,11031.60
4053,2026-03-09,29,4,EN_LIGNE,LIVREE,18102.00
4054,2026-03-10,21,6,PARTENAIRE,LIVREE,9725.00
4055,2026-03-10,33,9,DIRECT,LIVREE,34010.75
4056,2026-03-10,16,8,PARTENAIRE,LIVREE,19617.50
4057,2026-03-10,19,11,DIRECT,LIVREE,5498.25
4058,2026-03-11,34,4,PARTENAIRE,LIVREE,13615.05
4059,2026-03-11,39,6,EN_LIGNE,EXPEDIEE,536.40
4060,2026-03-11,35,10,GROSSISTE,LIVREE,611.20
4061,2026-03-11,9,4,DIRECT,ANNULEE,0.00
4062,2026-03-11,32,12,EN_LIGNE,LIVREE,10870.00
4063,2026-03-11,20,8,PARTENAIRE,LIVREE,20093.40
4064,2026-03-11,33,11,PARTENAIRE,LIVREE,6741.90
4065,2026-03-11,34,5,DIRECT,LIVREE,2640.00
4066,2026-03-12,28,4,GROSSISTE,LIVREE,23399.00
4067,2026-03-12,18,11,DIRECT,LIVREE,28719.20
4068,2026-03-13,2,10,PARTENAIRE,LIVREE,3955.65
4069,2026-03-13,40,2,PARTENAIRE,LIVREE,25461.70
4070,2026-03-13,25,9,PARTENAIRE,LIVREE,9802.80
4071,2026-03-13,40,2,GROSSISTE,LIVREE,1440.00
4072,2026-03-13,28,9,GROSSISTE,EXPEDIEE,13340.70
4073,2026-03-13,16,7,GROSSISTE,LIVREE,5192.00
4074,2026-03-13,13,12,GROSSISTE,LIVREE,40591.50
4075,2026-03-14,24,3,EN_LIGNE,LIVREE,4914.00
4076,2026-03-14,33,8,PARTENAIRE,EXPEDIEE,12169.00
4077,2026-03-14,33,3,GROSSISTE,LIVREE,14448.55
4078,2026-03-15,30,8,PARTENAIRE,LIVREE,20853.90
4079,2026-03-15,39,11,GROSSISTE,LIVREE,17643.00
4080,2026-03-15,30,1,PARTENAIRE,ANNULEE,0.00
4081,2026-03-15,29,4,DIRECT,LIVREE,7069.50
4082,2026-03-15,37,6,GROSSISTE,EXPEDIEE,10733.35
4083,2026-03-15,37,1,EN_LIGNE,LIVREE,11829.50
4084,2026-03-16,28,2,EN_LIGNE,LIVREE,10561.50
4085,2026-03-16,4,8,PARTENAIRE,LIVREE,990.00
4086,2026-03-16,38,1,GROSSISTE,LIVREE,5079.60
4087,2026-03-16,6,7,EN_LIGNE,LIVREE,6733.30
4088,2026-03-16,27,5,PARTENAIRE,ANNULEE,0.00
4089,2026-03-17,22,8,EN_LIGNE,LIVREE,692.55
4090,2026-03-17,11,12,PARTENAIRE,EN_ATTENTE,2900.00
4091,2026-03-17,10,5,DIRECT,EXPEDIEE,25312.15
4092,2026-03-17,24,6,EN_LIGNE,EXPEDIEE,116.10
4093,2026-03-18,35,6,GROSSISTE,EN_ATTENTE,2190.00
4094,2026-03-18,3,7,GROSSISTE,LIVREE,9441.00
4095,2026-03-18,31,6,DIRECT,LIVREE,14539.00
4096,2026-03-18,8,11,PARTENAIRE,LIVREE,121.50
4097,2026-03-18,20,11,GROSSISTE,EN_ATTENTE,1059.25
4098,2026-03-18,35,4,PARTENAIRE,LIVREE,11945.10
4099,2026-03-18,19,7,EN_LIGNE,LIVREE,1375.20
4100,2026-03-18,11,7,PARTENAIRE,LIVREE,2320.85
4101,2026-03-19,37,7,DIRECT,LIVREE,3624.00
4102,2026-03-19,36,6,GROSSISTE,LIVREE,1047.00
4103,2026-03-19,2,12,GROSSISTE,LIVREE,9481.05
4104,2026-03-19,35,9,PARTENAIRE,EN_ATTENTE,9814.40
4105,2026-03-19,22,3,GROSSISTE,ANNULEE,0.00
4106,2026-03-19,5,2,EN_LIGNE,EN_ATTENTE,22469.60
4107,2026-03-20,11,3,EN_LIGNE,ANNULEE,0.00
4108,2026-03-20,33,8,EN_LIGNE,LIVREE,16182.60
4109,2026-03-20,3,8,DIRECT,LIVREE,21349.20
4110,2026-03-20,6,5,GROSSISTE,LIVREE,18816.00
4111,2026-03-20,23,6,GROSSISTE,LIVREE,4900.05
4112,2026-03-20,22,6,GROSSISTE,LIVREE,17756.00
4113,2026-03-21,9,2,PARTENAIRE,ANNULEE,0.00
4114,2026-03-21,23,10,DIRECT,EXPEDIEE,23721.60
4115,2026-03-22,25,8,DIRECT,LIVREE,1854.00
4116,2026-03-22,10,9,GROSSISTE,LIVREE,38765.00
4117,2026-03-23,3,4,DIRECT,LIVREE,7878.50
4118,2026-03-23,32,9,DIRECT,LIVREE,5528.00
4119,2026-03-24,5,10,PARTENAIRE,LIVREE,6582.00
4120,2026-03-24,1,1,DIRECT,LIVREE,535.50
4121,2026-03-24,33,5,EN_LIGNE,LIVREE,2882.75
4122,2026-03-24,4,1,PARTENAIRE,LIVREE,942.30
4123,2026-03-24,26,4,GROSSISTE,LIVREE,3888.90
4124,2026-03-24,39,12,PARTENAIRE,LIVREE,2099.00
4125,2026-03-25,32,4,DIRECT,LIVREE,9975.00
4126,2026-03-25,27,11,GROSSISTE,LIVREE,4872.10
4127,2026-03-25,23,5,PARTENAIRE,EXPEDIEE,13475.00
4128,2026-03-25,34,7,EN_LIGNE,LIVREE,24825.00
4129,2026-03-25,15,7,PARTENAIRE,LIVREE,11072.10
4130,2026-03-26,6,8,GROSSISTE,LIVREE,4373.20
4131,2026-03-26,40,12,DIRECT,LIVREE,31338.10
4132,2026-03-26,5,9,DIRECT,LIVREE,6504.50
4133,2026-03-26,12,8,DIRECT,LIVREE,9815.05
4134,2026-03-26,11,2,PARTENAIRE,LIVREE,20134.80
4135,2026-03-26,10,10,DIRECT,LIVREE,16509.00
4136,2026-03-27,33,9,DIRECT,LIVREE,18619.30
4137,2026-03-27,4,5,GROSSISTE,LIVREE,1392.00
4138,2026-03-28,4,5,GROSSISTE,LIVREE,16476.50
4139,2026-03-28,2,4,EN_LIGNE,LIVREE,11176.05
4140,2026-03-28,21,10,EN_LIGNE,LIVREE,21448.10
4141,2026-03-28,11,11,GROSSISTE,EXPEDIEE,5767.00
4142,2026-03-28,31,11,DIRECT,LIVREE,9400.40
4143,2026-03-28,33,2,DIRECT,ANNULEE,0.00
4144,2026-03-28,19,2,EN_LIGNE,LIVREE,1185.00
4145,2026-03-28,36,1,EN_LIGNE,ANNULEE,0.00
4146,2026-03-29,6,1,PARTENAIRE,LIVREE,1744.20
4147,2026-03-29,37,8,DIRECT,LIVREE,8068.90
4148,2026-03-29,9,2,PARTENAIRE,LIVREE,3145.20
4149,2026-03-29,15,10,GROSSISTE,LIVREE,23194.20
4150,2026-03-29,39,9,GROSSISTE,LIVREE,26266.20
4151,2026-03-30,27,11,EN_LIGNE,LIVREE,20254.75
4152,2026-03-30,34,9,DIRECT,LIVREE,10823.20
4153,2026-03-30,39,7,PARTENAIRE,LIVREE,1957.50
4154,2026-03-30,37,3,EN_LIGNE,LIVREE,18080.80
4155,2026-03-30,24,7,PARTENAIRE,LIVREE,4709.35
4156,2026-03-30,27,6,DIRECT,LIVREE,34207.20
4157,2026-03-30,23,3,EN_LIGNE,LIVREE,12510.00
4158,2026-03-31,25,3,DIRECT,LIVREE,26322.00
4159,2026-03-31,28,9,EN_LIGNE,LIVREE,759.00
4160,2026-03-31,22,4,PARTENAIRE,EXPEDIEE,1683.00
4161,2026-04-01,31,2,EN_LIGNE,EXPEDIEE,36313.40
4162,2026-04-01,36,12,DIRECT,LIVREE,12901.30
4163,2026-04-01,21,10,EN_LIGNE,EXPEDIEE,8691.75
4164,2026-04-02,18,9,EN_LIGNE,LIVREE,24290.75
4165,2026-04-02,13,5,GROSSISTE,LIVREE,3824.70
4166,2026-04-02,22,11,GROSSISTE,LIVREE,8307.00
4167,2026-04-02,9,6,GROSSISTE,EXPEDIEE,36376.00
4168,2026-04-02,39,9,PARTENAIRE,EXPEDIEE,18100.80
4169,2026-04-03,27,6,EN_LIGNE,ANNULEE,0.00
4170,2026-04-03,22,11,PARTENAIRE,LIVREE,724.50
4171,2026-04-03,14,8,DIRECT,LIVREE,28653.35
4172,2026-04-04,26,9,GROSSISTE,LIVREE,17631.45
4173,2026-04-04,24,1,GROSSISTE,LIVREE,23017.00
4174,2026-04-04,37,7,PARTENAIRE,LIVREE,21457.95
4175,2026-04-04,3,3,GROSSISTE,EXPEDIEE,12366.15
4176,2026-04-04,12,5,PARTENAIRE,LIVREE,2548.70
4177,2026-04-05,40,10,DIRECT,LIVREE,9617.55
4178,2026-04-05,15,4,DIRECT,EN_ATTENTE,53734.30
4179,2026-04-05,5,10,GROSSISTE,EXPEDIEE,15038.75
4180,2026-04-05,38,12,DIRECT,LIVREE,28129.50
4181,2026-04-05,10,10,DIRECT,LIVREE,10991.00
4182,2026-04-05,24,6,GROSSISTE,EXPEDIEE,27966.40
4183,2026-04-06,5,8,PARTENAIRE,LIVREE,21496.95
4184,2026-04-06,34,3,EN_LIGNE,LIVREE,37.80
4185,2026-04-06,36,7,PARTENAIRE,LIVREE,3984.00
4186,2026-04-06,26,2,PARTENAIRE,LIVREE,31042.15
4187,2026-04-06,38,8,EN_LIGNE,EXPEDIEE,4212.00
4188,2026-04-06,3,7,GROSSISTE,EXPEDIEE,12600.00
4189,2026-04-06,21,9,DIRECT,EXPEDIEE,10755.00
4190,2026-04-06,28,2,GROSSISTE,LIVREE,10649.35
4191,2026-04-07,1,3,PARTENAIRE,LIVREE,28866.90
4192,2026-04-07,26,11,EN_LIGNE,EXPEDIEE,25511.45
4193,2026-04-07,28,3,DIRECT,LIVREE,13290.65
4194,2026-04-07,10,6,GROSSISTE,LIVREE,23116.90
4195,2026-04-07,25,2,GROSSISTE,LIVREE,8243.00
4196,2026-04-07,37,1,GROSSISTE,ANNULEE,0.00
4197,2026-04-07,10,7,PARTENAIRE,LIVREE,6097.70
4198,2026-04-07,40,9,GROSSISTE,EXPEDIEE,17508.85
4199,2026-04-08,25,9,PARTENAIRE,LIVREE,43220.40
4200,2026-04-08,12,5,PARTENAIRE,EXPEDIEE,1075.50
4201,2026-04-08,4,9,EN_LIGNE,LIVREE,4219.50
4202,2026-04-08,30,12,GROSSISTE,LIVREE,13554.60
4203,2026-04-08,3,11,EN_LIGNE,LIVREE,10523.90
4204,2026-04-08,28,10,GROSSISTE,LIVREE,120.00
4205,2026-04-08,18,9,EN_LIGNE,LIVREE,13250.75
4206,2026-04-09,23,2,PARTENAIRE,LIVREE,14530.05
4207,2026-04-09,14,9,EN_LIGNE,EN_ATTENTE,8389.00
4208,2026-04-09,7,8,PARTENAIRE,LIVREE,14498.20
4209,2026-04-09,1,3,PARTENAIRE,LIVREE,19608.55
4210,2026-04-09,9,11,GROSSISTE,LIVREE,11345.00
4211,2026-04-09,28,6,DIRECT,EXPEDIEE,22556.15
4212,2026-04-09,20,5,EN_LIGNE,ANNULEE,0.00
4213,2026-04-09,16,4,DIRECT,LIVREE,16302.00
4214,2026-04-10,2,6,DIRECT,LIVREE,8370.00
4215,2026-04-10,35,7,DIRECT,LIVREE,26410.15
4216,2026-04-10,6,1,GROSSISTE,LIVREE,1466.00
4217,2026-04-11,22,11,PARTENAIRE,EXPEDIEE,9855.60
4218,2026-04-11,21,3,GROSSISTE,LIVREE,675.00
4219,2026-04-11,10,7,PARTENAIRE,EN_ATTENTE,14819.70
4220,2026-04-12,31,11,PARTENAIRE,LIVREE,3754.80
4221,2026-04-12,29,11,EN_LIGNE,EN_ATTENTE,5170.50
4222,2026-04-12,23,9,GROSSISTE,LIVREE,40120.00
4223,2026-04-12,33,5,DIRECT,LIVREE,14915.40
4224,2026-04-13,25,3,EN_LIGNE,LIVREE,25273.05
4225,2026-04-13,19,10,GROSSISTE,LIVREE,958.00
4226,2026-04-13,19,1,GROSSISTE,LIVREE,5865.00
4227,2026-04-14,15,2,EN_LIGNE,LIVREE,1170.00
4228,2026-04-14,24,10,DIRECT,EXPEDIEE,4117.50
4229,2026-04-14,4,9,DIRECT,LIVREE,179.55
4230,2026-04-14,5,9,DIRECT,LIVREE,455.00
4231,2026-04-14,22,1,EN_LIGNE,LIVREE,2265.75
4232,2026-04-14,13,4,EN_LIGNE,LIVREE,6564.75
4233,2026-04-14,12,10,DIRECT,LIVREE,2209.65
4234,2026-04-14,23,12,PARTENAIRE,EXPEDIEE,594.00
4235,2026-04-15,18,12,EN_LIGNE,LIVREE,22212.20
4236,2026-04-15,39,5,DIRECT,EXPEDIEE,11181.90
4237,2026-04-15,33,8,GROSSISTE,LIVREE,5678.60
4238,2026-04-15,23,6,GROSSISTE,LIVREE,15818.95
4239,2026-04-16,37,5,DIRECT,LIVREE,38734.10
4240,2026-04-16,29,8,DIRECT,LIVREE,6687.05
4241,2026-04-16,33,8,GROSSISTE,ANNULEE,0.00
4242,2026-04-16,20,7,DIRECT,EN_ATTENTE,8573.75
4243,2026-04-17,18,8,GROSSISTE,LIVREE,1545.00
4244,2026-04-17,24,5,EN_LIGNE,EN_ATTENTE,36282.20
4245,2026-04-17,16,9,EN_LIGNE,LIVREE,18998.40
4246,2026-04-18,30,11,EN_LIGNE,LIVREE,5916.80
4247,2026-04-18,36,8,EN_LIGNE,EXPEDIEE,13777.45
4248,2026-04-18,26,11,GROSSISTE,ANNULEE,0.00
4249,2026-04-18,23,7,PARTENAIRE,LIVREE,1378.00
4250,2026-04-18,24,9,GROSSISTE,ANNULEE,0.00
4251,2026-04-18,5,7,EN_LIGNE,LIVREE,898.00
4252,2026-04-18,21,5,DIRECT,ANNULEE,0.00
4253,2026-04-18,13,6,EN_LIGNE,LIVREE,8102.00
4254,2026-04-19,24,4,GROSSISTE,LIVREE,530.70
4255,2026-04-19,25,12,PARTENAIRE,EN_ATTENTE,24933.60
4256,2026-04-19,16,12,GROSSISTE,LIVREE,1404.00
4257,2026-04-19,11,5,EN_LIGNE,LIVREE,2890.75
4258,2026-04-19,33,11,DIRECT,LIVREE,12257.40
4259,2026-04-19,11,10,EN_LIGNE,LIVREE,8375.70
4260,2026-04-19,15,12,PARTENAIRE,LIVREE,1500.00
4261,2026-04-19,2,1,PARTENAIRE,LIVREE,4200.40
4262,2026-04-20,31,10,GROSSISTE,EXPEDIEE,38424.55
4263,2026-04-20,36,8,GROSSISTE,EXPEDIEE,801.00
4264,2026-04-21,22,5,DIRECT,LIVREE,4326.00
4265,2026-04-21,17,4,DIRECT,LIVREE,6426.00
4266,2026-04-21,8,12,EN_LIGNE,LIVREE,28858.20
4267,2026-04-21,40,7,GROSSISTE,ANNULEE,0.00
4268,2026-04-21,7,3,EN_LIGNE,LIVREE,3242.65
4269,2026-04-21,26,11,GROSSISTE,LIVREE,1209.65
4270,2026-04-21,24,3,EN_LIGNE,LIVREE,7059.15
4271,2026-04-22,33,3,EN_LIGNE,LIVREE,18194.45
4272,2026-04-22,24,5,PARTENAIRE,LIVREE,140.40
4273,2026-04-22,35,10,GROSSISTE,LIVREE,9149.25
4274,2026-04-22,3,10,GROSSISTE,LIVREE,2626.90
4275,2026-04-22,10,10,DIRECT,LIVREE,10952.50
4276,2026-04-22,34,3,EN_LIGNE,EXPEDIEE,270.00
4277,2026-04-22,36,12,EN_LIGNE,LIVREE,18238.45
4278,2026-04-22,39,2,PARTENAIRE,EN_ATTENTE,3051.15
4279,2026-04-23,25,12,PARTENAIRE,EXPEDIEE,10935.50
4280,2026-04-23,21,11,DIRECT,LIVREE,4437.50
4281,2026-04-23,22,4,PARTENAIRE,LIVREE,4004.00
4282,2026-04-23,21,5,EN_LIGNE,LIVREE,6783.00
4283,2026-04-24,6,1,PARTENAIRE,LIVREE,2268.50
4284,2026-04-24,2,11,EN_LIGNE,LIVREE,1106.00
4285,2026-04-24,2,5,GROSSISTE,ANNULEE,0.00
4286,2026-04-24,2,8,PARTENAIRE,LIVREE,617.50
4287,2026-04-24,30,6,DIRECT,LIVREE,6034.00
4288,2026-04-24,3,11,DIRECT,LIVREE,8161.00
4289,2026-04-24,40,10,DIRECT,LIVREE,3499.00
4290,2026-04-24,6,11,DIRECT,LIVREE,4295.80
4291,2026-04-25,26,1,EN_LIGNE,LIVREE,26949.60
4292,2026-04-25,3,8,PARTENAIRE,LIVREE,27286.00
4293,2026-04-26,15,12,PARTENAIRE,LIVREE,9207.40
4294,2026-04-26,24,9,GROSSISTE,LIVREE,826.80
4295,2026-04-26,21,2,DIRECT,LIVREE,18966.00
4296,2026-04-26,35,3,EN_LIGNE,LIVREE,598.00
4297,2026-04-26,22,4,PARTENAIRE,LIVREE,24879.20
4298,2026-04-26,25,9,GROSSISTE,LIVREE,768.00
4299,2026-04-27,24,6,EN_LIGNE,LIVREE,5970.00
4300,2026-04-27,27,3,DIRECT,LIVREE,10481.35
4301,2026-04-27,27,4,GROSSISTE,LIVREE,5598.00
4302,2026-04-27,24,4,GROSSISTE,LIVREE,47439.00
4303,2026-04-27,17,9,EN_LIGNE,EN_ATTENTE,10431.00
4304,2026-04-28,19,2,EN_LIGNE,EXPEDIEE,63108.90
4305,2026-04-28,4,6,PARTENAIRE,LIVREE,2596.25
4306,2026-04-29,40,8,EN_LIGNE,LIVREE,12968.00
4307,2026-04-29,30,9,EN_LIGNE,LIVREE,75.60
4308,2026-04-30,24,5,DIRECT,EN_ATTENTE,24870.50
4309,2026-04-30,16,3,PARTENAIRE,LIVREE,41010.45
4310,2026-04-30,18,12,EN_LIGNE,LIVREE,1227.00
4311,2026-04-30,11,7,PARTENAIRE,EXPEDIEE,16358.30
4312,2026-04-30,23,12,DIRECT,LIVREE,11240.00
4313,2026-04-30,32,5,GROSSISTE,LIVREE,31468.85
4314,2026-04-30,8,7,EN_LIGNE,EXPEDIEE,13259.40
4315,2026-04-30,27,3,DIRECT,LIVREE,621.00
4316,2026-05-01,3,10,GROSSISTE,ANNULEE,0.00
4317,2026-05-01,3,8,PARTENAIRE,EXPEDIEE,22580.85
4318,2026-05-01,1,4,EN_LIGNE,LIVREE,29547.15
4319,2026-05-02,12,3,DIRECT,LIVREE,5860.00
4320,2026-05-02,23,5,DIRECT,EN_ATTENTE,2004.00
4321,2026-05-03,21,11,PARTENAIRE,LIVREE,598.50
4322,2026-05-03,29,8,DIRECT,LIVREE,13699.00
4323,2026-05-03,14,7,GROSSISTE,LIVREE,3612.00
4324,2026-05-04,21,7,DIRECT,ANNULEE,0.00
4325,2026-05-04,11,1,EN_LIGNE,LIVREE,1642.00
4326,2026-05-04,14,3,DIRECT,LIVREE,9259.20
4327,2026-05-04,6,2,EN_LIGNE,LIVREE,8972.00
4328,2026-05-05,17,8,GROSSISTE,LIVREE,2860.65
4329,2026-05-05,31,4,DIRECT,EN_ATTENTE,7776.65
4330,2026-05-05,39,8,DIRECT,LIVREE,390.00
4331,2026-05-06,32,9,EN_LIGNE,LIVREE,6654.50
4332,2026-05-06,29,8,PARTENAIRE,ANNULEE,0.00
4333,2026-05-07,19,11,DIRECT,LIVREE,5425.00
4334,2026-05-07,36,11,PARTENAIRE,LIVREE,24388.20
4335,2026-05-07,28,11,DIRECT,LIVREE,2307.00
4336,2026-05-07,2,12,GROSSISTE,LIVREE,15657.45
4337,2026-05-07,21,1,EN_LIGNE,LIVREE,24693.65
4338,2026-05-07,14,5,DIRECT,EXPEDIEE,29927.15
4339,2026-05-07,32,6,PARTENAIRE,EN_ATTENTE,8101.00
4340,2026-05-08,25,11,EN_LIGNE,LIVREE,10128.60
4341,2026-05-08,13,5,DIRECT,EN_ATTENTE,2459.25
4342,2026-05-08,17,6,DIRECT,LIVREE,11993.80
4343,2026-05-08,32,12,EN_LIGNE,EN_ATTENTE,15028.00
4344,2026-05-09,19,9,DIRECT,EN_ATTENTE,1496.00
4345,2026-05-09,28,11,EN_LIGNE,LIVREE,20494.35
4346,2026-05-09,21,8,PARTENAIRE,EXPEDIEE,280.20
4347,2026-05-09,22,2,PARTENAIRE,ANNULEE,0.00
4348,2026-05-09,7,10,GROSSISTE,LIVREE,780.00
4349,2026-05-09,37,11,PARTENAIRE,LIVREE,6418.00
4350,2026-05-09,2,3,DIRECT,LIVREE,43384.20
4351,2026-05-09,26,1,EN_LIGNE,ANNULEE,0.00
4352,2026-05-10,4,1,DIRECT,LIVREE,20725.60
4353,2026-05-10,15,2,GROSSISTE,LIVREE,24600.00
4354,2026-05-11,37,11,GROSSISTE,LIVREE,5373.00
4355,2026-05-11,15,8,PARTENAIRE,EXPEDIEE,16777.00
4356,2026-05-11,35,3,EN_LIGNE,EXPEDIEE,13318.00
4357,2026-05-11,5,4,DIRECT,EN_ATTENTE,9479.45
4358,2026-05-11,37,4,GROSSISTE,LIVREE,24263.60
4359,2026-05-11,10,6,GROSSISTE,LIVREE,5316.00
4360,2026-05-11,28,9,GROSSISTE,LIVREE,13747.45
4361,2026-05-11,17,1,DIRECT,LIVREE,1027.00
4362,2026-05-12,21,3,GROSSISTE,LIVREE,14278.00
4363,2026-05-12,23,2,PARTENAIRE,LIVREE,10088.90
4364,2026-05-13,3,11,DIRECT,LIVREE,9574.50
4365,2026-05-13,9,1,EN_LIGNE,LIVREE,15822.00
4366,2026-05-13,32,3,PARTENAIRE,LIVREE,15921.00
4367,2026-05-13,2,8,DIRECT,LIVREE,10165.00
4368,2026-05-13,20,2,DIRECT,LIVREE,21937.00
4369,2026-05-13,17,8,DIRECT,LIVREE,666.90
4370,2026-05-13,37,6,GROSSISTE,LIVREE,16163.10
4371,2026-05-14,9,11,GROSSISTE,EXPEDIEE,8540.00
4372,2026-05-14,38,5,DIRECT,EXPEDIEE,7294.40
4373,2026-05-14,2,6,DIRECT,EXPEDIEE,2241.75
4374,2026-05-14,26,11,GROSSISTE,LIVREE,52277.40
4375,2026-05-15,26,9,GROSSISTE,LIVREE,2493.00
4376,2026-05-15,31,8,PARTENAIRE,EXPEDIEE,37585.75
4377,2026-05-16,39,7,PARTENAIRE,EXPEDIEE,9957.00
4378,2026-05-16,26,2,PARTENAIRE,LIVREE,1350.00
4379,2026-05-16,26,12,PARTENAIRE,EXPEDIEE,12567.50
4380,2026-05-16,38,8,EN_LIGNE,LIVREE,12787.65
4381,2026-05-17,36,1,GROSSISTE,ANNULEE,0.00
4382,2026-05-17,12,10,EN_LIGNE,LIVREE,19058.10
4383,2026-05-17,8,1,GROSSISTE,LIVREE,6782.05
4384,2026-05-17,9,2,PARTENAIRE,ANNULEE,0.00
4385,2026-05-17,6,7,EN_LIGNE,LIVREE,996.00
4386,2026-05-17,23,8,EN_LIGNE,LIVREE,4371.00
4387,2026-05-17,24,2,DIRECT,LIVREE,8645.50
4388,2026-05-18,30,5,PARTENAIRE,LIVREE,11051.90
4389,2026-05-18,6,7,EN_LIGNE,LIVREE,14745.00
4390,2026-05-18,39,1,EN_LIGNE,LIVREE,4541.50
4391,2026-05-18,35,1,EN_LIGNE,LIVREE,6331.50
4392,2026-05-18,2,11,EN_LIGNE,LIVREE,2566.10
4393,2026-05-18,35,12,EN_LIGNE,LIVREE,10550.00
4394,2026-05-18,19,10,GROSSISTE,LIVREE,30413.40
4395,2026-05-19,28,11,DIRECT,EXPEDIEE,17183.35
4396,2026-05-19,10,1,EN_LIGNE,LIVREE,2533.20
4397,2026-05-19,26,6,DIRECT,EXPEDIEE,16317.25
4398,2026-05-19,38,6,EN_LIGNE,EXPEDIEE,906.00
4399,2026-05-19,38,8,EN_LIGNE,LIVREE,20774.00
4400,2026-05-19,32,7,EN_LIGNE,EN_ATTENTE,9826.00
4401,2026-05-19,6,4,DIRECT,LIVREE,240.00
4402,2026-05-19,6,8,PARTENAIRE,LIVREE,15101.85
4403,2026-05-20,20,7,EN_LIGNE,LIVREE,331.55
4404,2026-05-20,36,1,EN_LIGNE,LIVREE,14035.80
4405,2026-05-20,33,11,PARTENAIRE,LIVREE,21572.10
4406,2026-05-20,22,5,EN_LIGNE,LIVREE,4639.95
4407,2026-05-21,1,12,GROSSISTE,LIVREE,1179.00
4408,2026-05-21,35,3,EN_LIGNE,LIVREE,19591.40
4409,2026-05-21,10,10,DIRECT,LIVREE,4751.20
4410,2026-05-21,31,4,DIRECT,LIVREE,7095.90
4411,2026-05-22,22,8,GROSSISTE,LIVREE,1214.00
4412,2026-05-22,17,7,EN_LIGNE,LIVREE,14984.80
4413,2026-05-22,16,1,PARTENAIRE,LIVREE,7391.75
4414,2026-05-22,13,6,EN_LIGNE,LIVREE,43390.40
4415,2026-05-23,22,2,PARTENAIRE,EN_ATTENTE,38865.90
4416,2026-05-23,19,9,EN_LIGNE,LIVREE,10776.85
4417,2026-05-23,3,9,DIRECT,ANNULEE,0.00
4418,2026-05-24,27,3,DIRECT,LIVREE,10043.85
4419,2026-05-24,25,1,EN_LIGNE,EXPEDIEE,22497.15
4420,2026-05-25,35,7,DIRECT,EN_ATTENTE,162.00
4421,2026-05-25,7,10,GROSSISTE,LIVREE,2614.40
4422,2026-05-25,3,5,GROSSISTE,LIVREE,3180.00
4423,2026-05-25,38,12,PARTENAIRE,EXPEDIEE,16077.00
4424,2026-05-25,3,7,EN_LIGNE,LIVREE,5283.00
4425,2026-05-25,34,5,EN_LIGNE,LIVREE,14354.80
4426,2026-05-26,20,5,DIRECT,LIVREE,1308.40
4427,2026-05-26,37,2,DIRECT,LIVREE,11599.80
4428,2026-05-27,29,1,DIRECT,LIVREE,36087.00
4429,2026-05-27,16,6,DIRECT,LIVREE,8131.75
4430,2026-05-27,35,2,DIRECT,LIVREE,6403.00
4431,2026-05-27,1,12,PARTENAIRE,EXPEDIEE,8413.00
4432,2026-05-27,27,11,EN_LIGNE,EXPEDIEE,149.00
4433,2026-05-27,39,8,DIRECT,ANNULEE,0.00
4434,2026-05-27,4,4,EN_LIGNE,EXPEDIEE,18535.85
4435,2026-05-28,22,5,DIRECT,LIVREE,11052.40
4436,2026-05-28,32,5,EN_LIGNE,LIVREE,6061.00
4437,2026-05-28,36,7,PARTENAIRE,EN_ATTENTE,7631.50
4438,2026-05-28,19,5,GROSSISTE,LIVREE,3032.90
4439,2026-05-28,7,5,EN_LIGNE,LIVREE,1749.00
4440,2026-05-29,31,9,DIRECT,LIVREE,3619.00
4441,2026-05-29,36,1,GROSSISTE,LIVREE,23441.40
4442,2026-05-30,40,9,GROSSISTE,LIVREE,28109.25
4443,2026-05-30,10,12,PARTENAIRE,LIVREE,26871.35
4444,2026-05-30,26,3,DIRECT,LIVREE,42935.00
4445,2026-05-30,29,10,GROSSISTE,LIVREE,19796.05
4446,2026-05-30,35,2,DIRECT,LIVREE,1108.65
4447,2026-05-30,10,2,PARTENAIRE,EXPEDIEE,1053.00
4448,2026-05-30,27,11,EN_LIGNE,EXPEDIEE,27426.15
4449,2026-05-31,9,5,EN_LIGNE,LIVREE,33142.10
4450,2026-05-31,31,3,PARTENAIRE,LIVREE,6770.20
4451,2026-05-31,3,8,DIRECT,LIVREE,16919.50
4452,2026-05-31,33,9,DIRECT,LIVREE,13513.20
4453,2026-05-31,36,7,EN_LIGNE,LIVREE,23945.00
4454,2026-05-31,6,12,DIRECT,LIVREE,53754.90
4455,2026-05-31,29,7,PARTENAIRE,LIVREE,2804.85
4456,2026-05-31,5,5,EN_LIGNE,LIVREE,14695.45
4457,2026-06-01,29,10,PARTENAIRE,LIVREE,16721.15
4458,2026-06-01,32,11,PARTENAIRE,EXPEDIEE,30510.00
4459,2026-06-01,3,6,DIRECT,EXPEDIEE,12717.60
4460,2026-06-01,24,2,PARTENAIRE,LIVREE,2478.60
4461,2026-06-01,6,11,PARTENAIRE,LIVREE,18346.00
4462,2026-06-01,25,10,DIRECT,LIVREE,13931.70
4463,2026-06-02,36,3,EN_LIGNE,LIVREE,1946.00
4464,2026-06-02,2,6,DIRECT,LIVREE,4900.20
4465,2026-06-03,20,3,GROSSISTE,LIVREE,1950.65
4466,2026-06-03,25,8,EN_LIGNE,LIVREE,893.10
4467,2026-06-04,17,2,EN_LIGNE,LIVREE,9499.80
4468,2026-06-04,32,2,EN_LIGNE,LIVREE,2209.70
4469,2026-06-04,9,12,EN_LIGNE,LIVREE,27139.00
4470,2026-06-04,34,8,GROSSISTE,EN_ATTENTE,12636.40
4471,2026-06-05,3,5,PARTENAIRE,LIVREE,544.00
4472,2026-06-05,22,12,DIRECT,LIVREE,1048.50
4473,2026-06-05,37,11,GROSSISTE,LIVREE,23231.45
4474,2026-06-05,29,7,GROSSISTE,EXPEDIEE,20677.00
4475,2026-06-05,28,9,EN_LIGNE,ANNULEE,0.00
4476,2026-06-05,17,11,DIRECT,LIVREE,558.90
4477,2026-06-05,28,9,GROSSISTE,LIVREE,1719.00
4478,2026-06-05,27,7,EN_LIGNE,EXPEDIEE,520.00
4479,2026-06-06,15,8,PARTENAIRE,LIVREE,25812.00
4480,2026-06-06,3,8,PARTENAIRE,LIVREE,28436.95
4481,2026-06-06,24,1,EN_LIGNE,LIVREE,7485.00
4482,2026-06-06,18,2,DIRECT,LIVREE,10100.40
4483,2026-06-07,28,2,GROSSISTE,LIVREE,26941.10
4484,2026-06-07,11,9,GROSSISTE,LIVREE,26485.00
4485,2026-06-08,12,1,EN_LIGNE,EXPEDIEE,6469.90
4486,2026-06-08,40,1,DIRECT,EXPEDIEE,12357.45
4487,2026-06-09,6,5,GROSSISTE,LIVREE,24684.90
4488,2026-06-09,16,9,GROSSISTE,LIVREE,15793.20
4489,2026-06-10,25,3,DIRECT,LIVREE,20005.50
4490,2026-06-10,4,5,GROSSISTE,EXPEDIEE,12590.10
4491,2026-06-10,40,3,EN_LIGNE,LIVREE,1929.60
4492,2026-06-10,39,12,GROSSISTE,EXPEDIEE,2648.20
4493,2026-06-10,24,2,PARTENAIRE,EN_ATTENTE,10588.40
4494,2026-06-10,36,2,DIRECT,LIVREE,50237.50
4495,2026-06-11,30,1,DIRECT,LIVREE,2881.10
4496,2026-06-11,2,5,PARTENAIRE,LIVREE,12334.00
4497,2026-06-11,6,3,GROSSISTE,EXPEDIEE,4099.80
4498,2026-06-11,29,6,EN_LIGNE,LIVREE,10707.75
4499,2026-06-11,26,2,PARTENAIRE,EXPEDIEE,16071.20
4500,2026-06-11,33,4,DIRECT,LIVREE,3329.00
4501,2026-06-11,7,11,PARTENAIRE,EXPEDIEE,21343.75
4502,2026-06-11,17,1,DIRECT,EXPEDIEE,8513.70
4503,2026-06-12,21,9,PARTENAIRE,LIVREE,20500.55
4504,2026-06-12,35,4,PARTENAIRE,LIVREE,7968.45
4505,2026-06-12,15,6,EN_LIGNE,ANNULEE,0.00
4506,2026-06-12,34,9,DIRECT,EXPEDIEE,30669.80
4507,2026-06-12,24,2,PARTENAIRE,LIVREE,6307.90
4508,2026-06-12,15,5,PARTENAIRE,LIVREE,20853.00
4509,2026-06-12,13,2,PARTENAIRE,LIVREE,16618.00
4510,2026-06-12,18,8,PARTENAIRE,LIVREE,760.50
4511,2026-06-13,40,10,DIRECT,LIVREE,19062.90
4512,2026-06-13,17,3,PARTENAIRE,LIVREE,18407.80
4513,2026-06-13,22,2,DIRECT,LIVREE,11362.75
4514,2026-06-13,26,6,EN_LIGNE,EXPEDIEE,27044.00
4515,2026-06-13,25,10,PARTENAIRE,LIVREE,13367.05
4516,2026-06-13,11,10,PARTENAIRE,LIVREE,6440.00
4517,2026-06-14,33,5,GROSSISTE,LIVREE,3185.50
4518,2026-06-14,1,1,DIRECT,LIVREE,3021.00
4519,2026-06-14,37,7,PARTENAIRE,EXPEDIEE,1102.00
4520,2026-06-14,5,5,EN_LIGNE,EXPEDIEE,651.60
4521,2026-06-14,38,7,PARTENAIRE,LIVREE,2040.40
4522,2026-06-15,11,7,PARTENAIRE,LIVREE,12348.60
4523,2026-06-15,8,2,DIRECT,LIVREE,116.10
4524,2026-06-15,1,9,EN_LIGNE,LIVREE,440.00
4525,2026-06-15,6,5,EN_LIGNE,LIVREE,6109.65
4526,2026-06-15,34,12,DIRECT,LIVREE,16100.00
4527,2026-06-15,20,1,PARTENAIRE,EXPEDIEE,10251.90
4528,2026-06-15,10,5,EN_LIGNE,LIVREE,18758.70
4529,2026-06-15,27,7,GROSSISTE,LIVREE,4158.00
4530,2026-06-16,23,9,PARTENAIRE,LIVREE,3143.85
4531,2026-06-16,12,1,EN_LIGNE,ANNULEE,0.00
4532,2026-06-17,34,7,DIRECT,LIVREE,1102.00
4533,2026-06-17,31,11,DIRECT,LIVREE,20938.70
4534,2026-06-17,27,6,EN_LIGNE,LIVREE,2883.00
4535,2026-06-17,2,12,GROSSISTE,LIVREE,2851.45
4536,2026-06-17,14,12,PARTENAIRE,LIVREE,3094.15
4537,2026-06-18,17,2,EN_LIGNE,LIVREE,84.00
4538,2026-06-18,19,12,DIRECT,LIVREE,1824.00
4539,2026-06-18,33,11,PARTENAIRE,LIVREE,5053.20
4540,2026-06-18,19,3,GROSSISTE,LIVREE,2393.00
4541,2026-06-19,14,12,GROSSISTE,LIVREE,8765.00
4542,2026-06-19,21,3,GROSSISTE,LIVREE,2146.50
4543,2026-06-19,26,9,PARTENAIRE,LIVREE,8868.60
4544,2026-06-19,2,6,EN_LIGNE,LIVREE,10670.30
4545,2026-06-19,24,10,EN_LIGNE,LIVREE,14920.00
4546,2026-06-19,26,6,EN_LIGNE,LIVREE,2628.80
4547,2026-06-19,1,7,GROSSISTE,LIVREE,24095.00
4548,2026-06-19,2,10,PARTENAIRE,EXPEDIEE,3021.20
4549,2026-06-20,19,12,EN_LIGNE,LIVREE,3299.10
4550,2026-06-20,38,4,PARTENAIRE,LIVREE,31293.20
4551,2026-06-20,5,6,DIRECT,EN_ATTENTE,936.00
4552,2026-06-20,25,7,PARTENAIRE,LIVREE,1580.00
4553,2026-06-20,25,1,EN_LIGNE,LIVREE,13340.70
4554,2026-06-21,40,11,EN_LIGNE,LIVREE,28254.30
4555,2026-06-21,30,4,EN_LIGNE,ANNULEE,0.00
4556,2026-06-21,7,7,DIRECT,LIVREE,16419.95
4557,2026-06-21,22,11,PARTENAIRE,LIVREE,693.75
4558,2026-06-22,12,2,PARTENAIRE,LIVREE,13388.45
4559,2026-06-22,28,4,EN_LIGNE,LIVREE,8368.00
4560,2026-06-23,27,11,EN_LIGNE,LIVREE,26342.20
4561,2026-06-23,25,8,EN_LIGNE,LIVREE,16100.75
4562,2026-06-23,23,8,EN_LIGNE,LIVREE,29514.60
4563,2026-06-23,16,1,PARTENAIRE,LIVREE,204.00
4564,2026-06-23,6,5,GROSSISTE,LIVREE,2670.00
4565,2026-06-24,37,5,DIRECT,LIVREE,17749.00
4566,2026-06-24,6,7,DIRECT,LIVREE,22799.40
4567,2026-06-24,16,7,EN_LIGNE,LIVREE,24767.45
4568,2026-06-24,11,5,EN_LIGNE,EN_ATTENTE,21327.40
4569,2026-06-25,14,4,GROSSISTE,LIVREE,18608.50
4570,2026-06-25,39,9,PARTENAIRE,EXPEDIEE,12156.20
4571,2026-06-25,30,11,DIRECT,LIVREE,9394.55
4572,2026-06-25,33,10,EN_LIGNE,LIVREE,216.00
4573,2026-06-25,2,1,PARTENAIRE,LIVREE,14435.55
4574,2026-06-26,5,11,DIRECT,LIVREE,2098.00
4575,2026-06-26,8,5,DIRECT,LIVREE,6490.00
4576,2026-06-26,27,9,GROSSISTE,LIVREE,5712.30
4577,2026-06-27,24,4,GROSSISTE,EXPEDIEE,6926.40
4578,2026-06-27,19,9,DIRECT,LIVREE,22020.15
4579,2026-06-27,14,7,GROSSISTE,LIVREE,22184.00
4580,2026-06-27,20,2,DIRECT,EXPEDIEE,4521.00
4581,2026-06-27,24,4,GROSSISTE,LIVREE,2457.65
4582,2026-06-28,31,12,GROSSISTE,LIVREE,12480.80
4583,2026-06-28,11,11,GROSSISTE,EXPEDIEE,2193.60
4584,2026-06-28,27,2,GROSSISTE,LIVREE,2020.05
4585,2026-06-29,16,7,GROSSISTE,LIVREE,5511.90
4586,2026-06-29,40,9,GROSSISTE,LIVREE,24085.00
4587,2026-06-29,29,9,EN_LIGNE,LIVREE,11969.00
4588,2026-06-29,33,10,EN_LIGNE,LIVREE,3180.00
4589,2026-06-29,40,3,DIRECT,ANNULEE,0.00
4590,2026-06-29,30,8,DIRECT,LIVREE,896.00
4591,2026-06-29,26,7,GROSSISTE,LIVREE,6166.00
4592,2026-06-30,10,10,EN_LIGNE,LIVREE,2094.00
4593,2026-06-30,29,4,DIRECT,LIVREE,13073.40
4594,2026-07-01,22,11,PARTENAIRE,LIVREE,20833.80
4595,2026-07-01,30,10,PARTENAIRE,ANNULEE,0.00
4596,2026-07-01,3,12,EN_LIGNE,LIVREE,957.50
4597,2026-07-01,21,7,EN_LIGNE,LIVREE,1913.70
4598,2026-07-01,18,8,PARTENAIRE,LIVREE,13833.00
4599,2026-07-01,9,1,EN_LIGNE,LIVREE,4143.60
4600,2026-07-02,3,6,PARTENAIRE,LIVREE,38459.65
4601,2026-07-02,3,12,GROSSISTE,LIVREE,9608.30
4602,2026-07-02,30,9,EN_LIGNE,LIVREE,1743.30
4603,2026-07-02,34,8,GROSSISTE,LIVREE,12962.20
4604,2026-07-02,37,10,DIRECT,LIVREE,3549.00
4605,2026-07-02,24,6,GROSSISTE,LIVREE,5663.70
4606,2026-07-02,37,11,GROSSISTE,LIVREE,2054.00
4607,2026-07-02,2,3,PARTENAIRE,LIVREE,3970.65
4608,2026-07-03,30,10,GROSSISTE,LIVREE,1753.40
4609,2026-07-03,2,7,GROSSISTE,ANNULEE,0.00
4610,2026-07-03,12,3,EN_LIGNE,LIVREE,16117.60
4611,2026-07-03,28,10,DIRECT,EN_ATTENTE,2697.00
4612,2026-07-04,40,6,EN_LIGNE,ANNULEE,0.00
4613,2026-07-04,21,5,DIRECT,LIVREE,17227.60
4614,2026-07-04,20,1,GROSSISTE,LIVREE,1659.00
4615,2026-07-05,30,9,EN_LIGNE,ANNULEE,0.00
4616,2026-07-05,10,12,DIRECT,LIVREE,9261.60
4617,2026-07-05,27,9,GROSSISTE,EXPEDIEE,13329.20
4618,2026-07-05,14,5,PARTENAIRE,EXPEDIEE,11074.65
4619,2026-07-05,23,12,DIRECT,LIVREE,16290.95
4620,2026-07-05,31,8,PARTENAIRE,LIVREE,18502.85
4621,2026-07-05,18,3,GROSSISTE,EXPEDIEE,7793.30
4622,2026-07-05,38,3,EN_LIGNE,ANNULEE,0.00
4623,2026-07-06,3,6,EN_LIGNE,EXPEDIEE,15378.00
4624,2026-07-06,24,2,DIRECT,LIVREE,6770.35
4625,2026-07-06,37,3,EN_LIGNE,LIVREE,19591.30
4626,2026-07-06,11,12,PARTENAIRE,LIVREE,28.50
4627,2026-07-06,5,7,GROSSISTE,EN_ATTENTE,27907.10
4628,2026-07-06,5,12,GROSSISTE,LIVREE,27.00
4629,2026-07-07,15,12,GROSSISTE,ANNULEE,0.00
4630,2026-07-07,9,10,EN_LIGNE,LIVREE,5922.95
4631,2026-07-07,36,1,GROSSISTE,LIVREE,7258.80
4632,2026-07-07,39,6,EN_LIGNE,ANNULEE,0.00
4633,2026-07-07,28,6,EN_LIGNE,LIVREE,40426.15
4634,2026-07-07,2,3,PARTENAIRE,LIVREE,6999.20
4635,2026-07-07,13,4,GROSSISTE,EN_ATTENTE,3203.15
4636,2026-07-07,2,1,DIRECT,ANNULEE,0.00
4637,2026-07-08,5,3,PARTENAIRE,LIVREE,2670.00
4638,2026-07-08,39,9,GROSSISTE,LIVREE,21469.30
4639,2026-07-08,21,10,GROSSISTE,LIVREE,459.80
4640,2026-07-08,16,11,DIRECT,LIVREE,2691.95
4641,2026-07-08,24,4,GROSSISTE,EN_ATTENTE,16004.50
4642,2026-07-08,31,7,GROSSISTE,LIVREE,2478.60
4643,2026-07-08,29,12,PARTENAIRE,LIVREE,9953.00
4644,2026-07-09,27,2,GROSSISTE,EXPEDIEE,2929.00
4645,2026-07-09,9,9,DIRECT,LIVREE,20571.45
4646,2026-07-09,37,10,EN_LIGNE,LIVREE,3784.80
4647,2026-07-09,3,6,DIRECT,EN_ATTENTE,8437.00
4648,2026-07-09,37,6,GROSSISTE,EXPEDIEE,36737.50
4649,2026-07-09,12,10,DIRECT,ANNULEE,0.00
4650,2026-07-10,8,12,DIRECT,LIVREE,8757.50
4651,2026-07-10,12,6,GROSSISTE,LIVREE,4592.70
4652,2026-07-10,2,6,PARTENAIRE,LIVREE,26493.40
4653,2026-07-10,32,6,DIRECT,LIVREE,20407.80
4654,2026-07-10,5,9,EN_LIGNE,LIVREE,32882.40
4655,2026-07-10,12,9,PARTENAIRE,EN_ATTENTE,29872.10
4656,2026-07-11,8,12,EN_LIGNE,EXPEDIEE,333.20
4657,2026-07-11,2,4,EN_LIGNE,LIVREE,17999.00
4658,2026-07-11,5,9,EN_LIGNE,LIVREE,1237.20
4659,2026-07-11,39,7,PARTENAIRE,LIVREE,15605.65
4660,2026-07-12,23,9,GROSSISTE,LIVREE,13084.80
4661,2026-07-12,33,5,EN_LIGNE,LIVREE,4012.00
4662,2026-07-13,22,1,GROSSISTE,LIVREE,11365.75
4663,2026-07-13,8,9,DIRECT,EXPEDIEE,6287.10
4664,2026-07-13,30,4,EN_LIGNE,LIVREE,9459.25
4665,2026-07-13,14,5,PARTENAIRE,LIVREE,22757.00
4666,2026-07-13,10,1,EN_LIGNE,LIVREE,18162.30
4667,2026-07-13,31,3,GROSSISTE,LIVREE,20204.20
4668,2026-07-13,20,9,PARTENAIRE,LIVREE,6081.15
4669,2026-07-13,19,9,DIRECT,LIVREE,41762.20
4670,2026-07-14,3,8,PARTENAIRE,ANNULEE,0.00
4671,2026-07-14,32,11,DIRECT,LIVREE,5217.40
4672,2026-07-14,11,6,GROSSISTE,LIVREE,11485.00
4673,2026-07-14,22,3,EN_LIGNE,EXPEDIEE,14679.00
4674,2026-07-14,39,10,DIRECT,EXPEDIEE,12332.90
4675,2026-07-15,14,6,EN_LIGNE,EXPEDIEE,14018.40
4676,2026-07-15,40,4,EN_LIGNE,LIVREE,4034.75
4677,2026-07-16,33,4,DIRECT,LIVREE,4957.20
4678,2026-07-16,32,12,EN_LIGNE,LIVREE,4307.50
4679,2026-07-16,15,11,EN_LIGNE,LIVREE,24731.00
4680,2026-07-17,18,2,EN_LIGNE,LIVREE,8235.00
4681,2026-07-17,27,9,GROSSISTE,LIVREE,8869.20
4682,2026-07-18,37,8,EN_LIGNE,LIVREE,405.00
4683,2026-07-18,27,7,GROSSISTE,LIVREE,380.00
4684,2026-07-18,5,2,DIRECT,LIVREE,6648.85
4685,2026-07-18,17,9,DIRECT,EN_ATTENTE,12497.65
4686,2026-07-18,14,11,EN_LIGNE,LIVREE,44491.45
4687,2026-07-18,22,1,EN_LIGNE,LIVREE,5129.50
4688,2026-07-18,30,5,PARTENAIRE,LIVREE,498.00
4689,2026-07-18,1,12,GROSSISTE,LIVREE,5607.80
4690,2026-07-19,17,8,PARTENAIRE,EXPEDIEE,10216.00
4691,2026-07-19,14,7,GROSSISTE,ANNULEE,0.00
4692,2026-07-19,6,10,GROSSISTE,LIVREE,18152.80
4693,2026-07-19,24,7,PARTENAIRE,LIVREE,25172.00
4694,2026-07-19,26,9,GROSSISTE,LIVREE,7609.00
4695,2026-07-19,36,12,DIRECT,LIVREE,1272.00
4696,2026-07-19,35,10,EN_LIGNE,ANNULEE,0.00
4697,2026-07-20,38,2,PARTENAIRE,LIVREE,610.20
4698,2026-07-20,39,5,PARTENAIRE,LIVREE,4592.70
4699,2026-07-20,12,6,EN_LIGNE,LIVREE,189.00
4700,2026-07-21,29,10,PARTENAIRE,LIVREE,32411.00
4701,2026-07-21,35,5,DIRECT,LIVREE,8644.40
4702,2026-07-21,27,10,PARTENAIRE,LIVREE,2731.40
4703,2026-07-21,30,12,GROSSISTE,LIVREE,104.50
4704,2026-07-21,13,4,GROSSISTE,LIVREE,13836.90
4705,2026-07-21,12,7,DIRECT,LIVREE,1035.00
4706,2026-07-21,1,9,EN_LIGNE,LIVREE,9403.25
4707,2026-07-21,10,12,DIRECT,LIVREE,7924.90
4708,2026-07-22,31,12,EN_LIGNE,LIVREE,1813.00
4709,2026-07-22,17,1,PARTENAIRE,LIVREE,31946.65
4710,2026-07-22,28,4,EN_LIGNE,LIVREE,5983.65
4711,2026-07-22,23,10,DIRECT,LIVREE,18665.10
4712,2026-07-23,37,7,DIRECT,LIVREE,1991.00
4713,2026-07-23,16,10,PARTENAIRE,LIVREE,3502.50
4714,2026-07-23,40,6,EN_LIGNE,EXPEDIEE,16786.80
4715,2026-07-23,11,9,GROSSISTE,EXPEDIEE,45356.25
4716,2026-07-23,24,3,DIRECT,EXPEDIEE,15027.50
4717,2026-07-23,3,11,EN_LIGNE,LIVREE,18776.00
4718,2026-07-24,14,12,PARTENAIRE,LIVREE,13834.80
4719,2026-07-24,2,5,GROSSISTE,LIVREE,22.00
4720,2026-07-24,27,12,GROSSISTE,LIVREE,6831.45
4721,2026-07-24,10,5,DIRECT,LIVREE,8270.40
4722,2026-07-24,18,4,DIRECT,LIVREE,24845.40
4723,2026-07-24,10,6,GROSSISTE,LIVREE,6852.00
4724,2026-07-24,1,5,PARTENAIRE,LIVREE,432.00
4725,2026-07-24,20,6,GROSSISTE,EN_ATTENTE,2718.00
4726,2026-07-25,35,2,PARTENAIRE,LIVREE,7031.70
4727,2026-07-25,11,3,DIRECT,EXPEDIEE,25329.30
4728,2026-07-25,8,6,GROSSISTE,LIVREE,18148.80
4729,2026-07-25,17,11,PARTENAIRE,LIVREE,780.00
4730,2026-07-26,33,6,DIRECT,LIVREE,25042.50
4731,2026-07-26,38,3,EN_LIGNE,EN_ATTENTE,1794.15
4732,2026-07-26,24,8,GROSSISTE,LIVREE,1989.30
4733,2026-07-27,24,10,EN_LIGNE,EN_ATTENTE,7818.10
4734,2026-07-27,20,5,EN_LIGNE,LIVREE,9413.00
4735,2026-07-27,39,2,GROSSISTE,ANNULEE,0.00
4736,2026-07-27,18,8,GROSSISTE,LIVREE,27944.00
4737,2026-07-28,3,3,DIRECT,LIVREE,7049.40
4738,2026-07-28,26,5,PARTENAIRE,LIVREE,1369.50
4739,2026-07-28,23,8,EN_LIGNE,LIVREE,3094.15
4740,2026-07-28,14,8,DIRECT,ANNULEE,0.00
4741,2026-07-28,32,9,EN_LIGNE,LIVREE,6429.00
4742,2026-07-28,25,6,EN_LIGNE,EXPEDIEE,7507.00
4743,2026-07-29,8,10,EN_LIGNE,ANNULEE,0.00
4744,2026-07-29,7,7,EN_LIGNE,LIVREE,9978.65
4745,2026-07-29,5,4,PARTENAIRE,ANNULEE,0.00
4746,2026-07-29,39,11,GROSSISTE,LIVREE,30611.95
4747,2026-07-30,7,5,GROSSISTE,LIVREE,20699.00
4748,2026-07-30,15,11,EN_LIGNE,LIVREE,12582.00
4749,2026-07-30,27,11,GROSSISTE,EXPEDIEE,11687.00
4750,2026-07-30,40,3,DIRECT,LIVREE,20013.00
4751,2026-07-30,25,5,PARTENAIRE,LIVREE,21463.00
4752,2026-07-31,2,2,EN_LIGNE,LIVREE,18178.25
4753,2026-07-31,14,1,DIRECT,LIVREE,1953.00
4754,2026-07-31,17,5,GROSSISTE,LIVREE,16710.90
4755,2026-07-31,40,2,GROSSISTE,ANNULEE,0.00
4756,2026-08-01,14,12,GROSSISTE,LIVREE,8648.70
4757,2026-08-01,34,2,EN_LIGNE,LIVREE,26274.00
4758,2026-08-01,10,10,DIRECT,LIVREE,6135.45
4759,2026-08-01,27,3,PARTENAIRE,LIVREE,17321.45
4760,2026-08-01,29,2,GROSSISTE,LIVREE,345.00
4761,2026-08-01,31,2,GROSSISTE,ANNULEE,0.00
4762,2026-08-01,29,9,EN_LIGNE,LIVREE,24414.15
4763,2026-08-01,4,2,DIRECT,LIVREE,17772.00
4764,2026-08-02,31,3,GROSSISTE,LIVREE,28408.20
4765,2026-08-02,21,5,EN_LIGNE,ANNULEE,0.00
4766,2026-08-02,34,11,PARTENAIRE,LIVREE,25435.20
4767,2026-08-03,29,7,EN_LIGNE,LIVREE,6605.00
4768,2026-08-03,12,10,PARTENAIRE,LIVREE,857.85
4769,2026-08-03,4,3,PARTENAIRE,LIVREE,169.10
4770,2026-08-03,12,5,DIRECT,LIVREE,13933.75
4771,2026-08-03,28,7,GROSSISTE,LIVREE,25750.00
4772,2026-08-03,7,7,DIRECT,EXPEDIEE,6990.00
4773,2026-08-04,29,7,EN_LIGNE,LIVREE,28279.65
4774,2026-08-04,18,7,EN_LIGNE,LIVREE,20848.35
4775,2026-08-05,40,12,PARTENAIRE,LIVREE,6339.95
4776,2026-08-05,32,7,EN_LIGNE,LIVREE,6634.80
4777,2026-08-05,21,12,EN_LIGNE,EN_ATTENTE,4542.90
4778,2026-08-05,9,8,EN_LIGNE,LIVREE,18924.50
4779,2026-08-05,24,2,PARTENAIRE,LIVREE,10750.75
4780,2026-08-05,35,11,PARTENAIRE,LIVREE,7102.00
4781,2026-08-06,33,3,GROSSISTE,EXPEDIEE,2713.60
4782,2026-08-06,8,11,GROSSISTE,LIVREE,31349.95
4783,2026-08-06,30,7,GROSSISTE,EXPEDIEE,6968.00
4784,2026-08-07,6,5,EN_LIGNE,LIVREE,1330.00
4785,2026-08-07,28,10,PARTENAIRE,LIVREE,4549.00
4786,2026-08-07,31,4,DIRECT,EXPEDIEE,2706.30
4787,2026-08-07,2,8,PARTENAIRE,LIVREE,2253.40
4788,2026-08-07,3,10,PARTENAIRE,EXPEDIEE,96.00
4789,2026-08-08,3,2,EN_LIGNE,LIVREE,22416.00
4790,2026-08-08,19,7,DIRECT,LIVREE,590.10
4791,2026-08-08,26,4,GROSSISTE,EXPEDIEE,10612.00
4792,2026-08-08,7,8,GROSSISTE,LIVREE,1223.00
4793,2026-08-09,29,3,PARTENAIRE,LIVREE,7453.80
4794,2026-08-09,9,6,GROSSISTE,LIVREE,27676.50
4795,2026-08-09,33,6,GROSSISTE,LIVREE,12280.00
4796,2026-08-09,7,11,PARTENAIRE,LIVREE,22320.80
4797,2026-08-09,2,8,DIRECT,EXPEDIEE,455.00
4798,2026-08-09,40,11,EN_LIGNE,LIVREE,7773.50
4799,2026-08-09,35,5,EN_LIGNE,LIVREE,638.00
4800,2026-08-10,14,10,DIRECT,EN_ATTENTE,8778.00
4801,2026-08-10,17,6,DIRECT,EXPEDIEE,17334.00
4802,2026-08-10,25,5,DIRECT,LIVREE,2190.00
4803,2026-08-10,5,2,DIRECT,LIVREE,7185.00
4804,2026-08-10,22,12,EN_LIGNE,LIVREE,8105.45
4805,2026-08-10,30,7,EN_LIGNE,ANNULEE,0.00
4806,2026-08-10,3,5,GROSSISTE,LIVREE,24718.00
4807,2026-08-10,3,11,DIRECT,LIVREE,30199.00
4808,2026-08-11,25,10,EN_LIGNE,LIVREE,13018.00
4809,2026-08-11,6,1,GROSSISTE,LIVREE,22520.10
4810,2026-08-11,15,9,EN_LIGNE,EXPEDIEE,5309.55
4811,2026-08-11,4,4,DIRECT,ANNULEE,0.00
4812,2026-08-12,30,10,PARTENAIRE,LIVREE,864.00
4813,2026-08-12,18,2,DIRECT,LIVREE,9221.50
4814,2026-08-12,7,10,EN_LIGNE,EXPEDIEE,2184.00
4815,2026-08-13,32,7,DIRECT,LIVREE,33718.80
4816,2026-08-13,26,7,GROSSISTE,LIVREE,18819.00
4817,2026-08-13,8,3,EN_LIGNE,ANNULEE,0.00
4818,2026-08-13,6,2,EN_LIGNE,LIVREE,2021.20
4819,2026-08-13,34,12,DIRECT,LIVREE,1300.65
4820,2026-08-13,13,5,DIRECT,LIVREE,30086.60
4821,2026-08-13,4,10,GROSSISTE,LIVREE,4194.00
4822,2026-08-14,2,3,PARTENAIRE,ANNULEE,0.00
4823,2026-08-14,32,7,DIRECT,LIVREE,711.90
4824,2026-08-15,29,7,EN_LIGNE,LIVREE,20508.15
4825,2026-08-15,20,7,EN_LIGNE,LIVREE,979.00
4826,2026-08-15,2,7,GROSSISTE,EXPEDIEE,26227.80
4827,2026-08-15,16,8,DIRECT,LIVREE,32164.20
4828,2026-08-16,26,7,GROSSISTE,LIVREE,10456.10
4829,2026-08-16,23,11,GROSSISTE,LIVREE,2375.00
4830,2026-08-16,6,5,EN_LIGNE,LIVREE,35967.50
4831,2026-08-16,14,12,PARTENAIRE,LIVREE,16363.50
4832,2026-08-16,33,4,DIRECT,LIVREE,33943.00
4833,2026-08-16,4,9,EN_LIGNE,LIVREE,210.00
4834,2026-08-16,40,8,DIRECT,LIVREE,9295.00
4835,2026-08-16,10,4,GROSSISTE,LIVREE,12603.40
4836,2026-08-17,27,9,EN_LIGNE,LIVREE,24228.00
4837,2026-08-17,32,1,PARTENAIRE,LIVREE,2028.30
4838,2026-08-17,19,6,DIRECT,LIVREE,759.00
4839,2026-08-17,1,6,DIRECT,LIVREE,233.00
4840,2026-08-17,18,9,DIRECT,ANNULEE,0.00
4841,2026-08-17,22,9,PARTENAIRE,LIVREE,131.10
4842,2026-08-17,5,8,PARTENAIRE,LIVREE,18023.45
4843,2026-08-17,40,10,DIRECT,EXPEDIEE,32469.00
4844,2026-08-18,22,3,EN_LIGNE,LIVREE,15259.15
4845,2026-08-18,28,11,EN_LIGNE,LIVREE,6919.30
4846,2026-08-18,24,11,GROSSISTE,LIVREE,14722.00
4847,2026-08-19,36,2,PARTENAIRE,LIVREE,1215.00
4848,2026-08-19,27,2,EN_LIGNE,LIVREE,5428.60
4849,2026-08-19,5,1,DIRECT,LIVREE,30547.50
4850,2026-08-19,9,3,EN_LIGNE,LIVREE,3839.00
4851,2026-08-19,30,7,GROSSISTE,LIVREE,8141.00
4852,2026-08-20,9,1,GROSSISTE,LIVREE,16968.00
4853,2026-08-20,8,12,EN_LIGNE,EXPEDIEE,1754.00
4854,2026-08-20,40,11,EN_LIGNE,LIVREE,9498.00
4855,2026-08-20,1,2,EN_LIGNE,EXPEDIEE,9874.95
4856,2026-08-20,14,6,EN_LIGNE,LIVREE,17410.25
4857,2026-08-20,2,5,PARTENAIRE,LIVREE,6089.00
4858,2026-08-21,20,6,DIRECT,LIVREE,648.00
4859,2026-08-21,27,2,GROSSISTE,LIVREE,10549.30
4860,2026-08-21,40,2,PARTENAIRE,LIVREE,6515.25
4861,2026-08-21,9,10,DIRECT,LIVREE,7240.60
4862,2026-08-21,25,4,GROSSISTE,EXPEDIEE,19442.00
4863,2026-08-21,9,6,GROSSISTE,LIVREE,1567.50
4864,2026-08-22,40,7,GROSSISTE,LIVREE,18599.80
4865,2026-08-22,35,10,EN_LIGNE,LIVREE,1508.00
4866,2026-08-23,17,3,GROSSISTE,EXPEDIEE,13715.10
4867,2026-08-23,33,2,DIRECT,EXPEDIEE,5820.90
4868,2026-08-23,40,7,GROSSISTE,EN_ATTENTE,4186.80
4869,2026-08-23,12,7,GROSSISTE,LIVREE,4200.60
4870,2026-08-23,17,12,GROSSISTE,LIVREE,17369.70
4871,2026-08-23,16,5,GROSSISTE,LIVREE,1194.00
4872,2026-08-24,15,1,EN_LIGNE,LIVREE,3672.00
4873,2026-08-24,38,9,GROSSISTE,EXPEDIEE,17581.25
4874,2026-08-24,15,11,EN_LIGNE,LIVREE,19896.30
4875,2026-08-24,11,8,DIRECT,EN_ATTENTE,51.30
4876,2026-08-24,22,6,GROSSISTE,LIVREE,20136.60
4877,2026-08-25,28,10,PARTENAIRE,LIVREE,9992.20
4878,2026-08-25,37,2,PARTENAIRE,LIVREE,869.10
4879,2026-08-25,20,6,PARTENAIRE,LIVREE,21914.50
4880,2026-08-26,35,4,DIRECT,LIVREE,1659.00
4881,2026-08-26,17,7,GROSSISTE,LIVREE,2831.85
4882,2026-08-26,26,11,EN_LIGNE,LIVREE,25621.50
4883,2026-08-26,25,12,DIRECT,LIVREE,30276.85
4884,2026-08-26,25,9,GROSSISTE,LIVREE,10836.20
4885,2026-08-26,7,6,PARTENAIRE,LIVREE,12450.00
4886,2026-08-26,2,2,GROSSISTE,LIVREE,5602.50
4887,2026-08-26,31,4,DIRECT,LIVREE,10457.50
4888,2026-08-27,20,5,EN_LIGNE,LIVREE,20089.60
4889,2026-08-27,20,3,PARTENAIRE,EN_ATTENTE,2269.00
4890,2026-08-27,38,10,DIRECT,EXPEDIEE,3350.30
4891,2026-08-27,19,6,PARTENAIRE,LIVREE,3571.00
4892,2026-08-28,16,8,GROSSISTE,EXPEDIEE,15937.05
4893,2026-08-28,25,8,EN_LIGNE,EXPEDIEE,11761.00
4894,2026-08-28,20,2,EN_LIGNE,LIVREE,1440.00
4895,2026-08-28,14,3,DIRECT,LIVREE,32569.35
4896,2026-08-28,3,1,PARTENAIRE,LIVREE,2265.75
4897,2026-08-28,35,5,EN_LIGNE,LIVREE,15034.00
4898,2026-08-28,12,11,EN_LIGNE,LIVREE,17683.00
4899,2026-08-29,6,12,EN_LIGNE,LIVREE,24461.10
4900,2026-08-29,22,12,EN_LIGNE,LIVREE,1306.10
4901,2026-08-29,20,4,DIRECT,LIVREE,21035.00
4902,2026-08-29,21,10,GROSSISTE,LIVREE,6443.00
4903,2026-08-29,38,3,DIRECT,EXPEDIEE,15352.40
4904,2026-08-30,26,12,GROSSISTE,LIVREE,21167.95
4905,2026-08-30,11,11,GROSSISTE,LIVREE,9321.00
4906,2026-08-31,22,3,EN_LIGNE,LIVREE,4320.45
4907,2026-08-31,8,2,PARTENAIRE,LIVREE,285.00
4908,2026-08-31,20,6,GROSSISTE,EXPEDIEE,3360.10
4909,2026-08-31,5,9,DIRECT,LIVREE,27526.00
4910,2026-08-31,10,6,EN_LIGNE,EXPEDIEE,14966.10
4911,2026-08-31,4,12,GROSSISTE,EXPEDIEE,32007.30
4912,2026-08-31,19,2,EN_LIGNE,EN_ATTENTE,9449.10
4913,2026-09-01,5,9,DIRECT,LIVREE,21183.15
4914,2026-09-01,31,1,PARTENAIRE,LIVREE,12138.30
4915,2026-09-01,16,12,EN_LIGNE,LIVREE,14278.00
4916,2026-09-01,21,12,EN_LIGNE,LIVREE,11016.00
4917,2026-09-01,35,7,EN_LIGNE,LIVREE,17439.10
4918,2026-09-01,40,6,EN_LIGNE,EXPEDIEE,21374.90
4919,2026-09-02,37,4,GROSSISTE,ANNULEE,0.00
4920,2026-09-02,1,4,EN_LIGNE,LIVREE,12243.60
4921,2026-09-03,6,6,PARTENAIRE,LIVREE,4696.00
4922,2026-09-03,37,8,EN_LIGNE,ANNULEE,0.00
4923,2026-09-03,15,2,GROSSISTE,ANNULEE,0.00
4924,2026-09-03,9,11,GROSSISTE,LIVREE,36541.75
4925,2026-09-03,9,2,PARTENAIRE,LIVREE,2097.00
4926,2026-09-03,22,3,EN_LIGNE,LIVREE,4710.60
4927,2026-09-03,17,1,DIRECT,LIVREE,12927.35
4928,2026-09-04,16,8,PARTENAIRE,EXPEDIEE,30279.90
4929,2026-09-04,9,9,PARTENAIRE,EXPEDIEE,21536.45
4930,2026-09-04,8,6,GROSSISTE,LIVREE,4656.00
4931,2026-09-04,39,7,DIRECT,LIVREE,10064.95
4932,2026-09-04,11,7,GROSSISTE,LIVREE,2280.40
4933,2026-09-05,35,12,EN_LIGNE,LIVREE,516.00
4934,2026-09-05,36,9,DIRECT,EXPEDIEE,1242.50
4935,2026-09-05,6,10,GROSSISTE,EXPEDIEE,13111.00
4936,2026-09-05,12,11,GROSSISTE,ANNULEE,0.00
4937,2026-09-05,28,2,GROSSISTE,LIVREE,14167.20
4938,2026-09-05,5,3,GROSSISTE,LIVREE,28921.20
4939,2026-09-05,4,5,GROSSISTE,LIVREE,2961.40
4940,2026-09-06,17,8,PARTENAIRE,ANNULEE,0.00
4941,2026-09-06,12,8,DIRECT,EN_ATTENTE,414.00
4942,2026-09-07,5,2,EN_LIGNE,LIVREE,58348.00
4943,2026-09-07,24,6,EN_LIGNE,LIVREE,10212.85
4944,2026-09-07,11,2,GROSSISTE,LIVREE,40812.30
4945,2026-09-08,24,4,PARTENAIRE,EXPEDIEE,1948.00
4946,2026-09-08,23,11,GROSSISTE,ANNULEE,0.00
4947,2026-09-08,21,2,DIRECT,LIVREE,7982.00
4948,2026-09-08,32,7,EN_LIGNE,ANNULEE,0.00
4949,2026-09-08,33,6,GROSSISTE,ANNULEE,0.00
4950,2026-09-09,10,8,EN_LIGNE,ANNULEE,0.00
4951,2026-09-09,19,2,DIRECT,LIVREE,5916.00
4952,2026-09-09,33,1,PARTENAIRE,EXPEDIEE,16652.50
4953,2026-09-09,36,1,EN_LIGNE,LIVREE,1290.75
4954,2026-09-09,4,3,GROSSISTE,LIVREE,979.00
4955,2026-09-09,39,3,DIRECT,LIVREE,43172.00
4956,2026-09-09,35,8,GROSSISTE,EXPEDIEE,1350.00
4957,2026-09-09,5,12,EN_LIGNE,LIVREE,2407.75
4958,2026-09-10,19,9,DIRECT,LIVREE,4170.40
4959,2026-09-10,38,2,PARTENAIRE,LIVREE,1740.00
4960,2026-09-10,40,9,EN_LIGNE,LIVREE,22107.30
4961,2026-09-10,32,8,GROSSISTE,LIVREE,26607.20
4962,2026-09-10,5,11,PARTENAIRE,LIVREE,270.00
4963,2026-09-10,22,2,PARTENAIRE,LIVREE,18468.00
4964,2026-09-10,40,6,DIRECT,EXPEDIEE,31134.00
4965,2026-09-10,22,4,GROSSISTE,LIVREE,9224.80
4966,2026-09-11,3,11,EN_LIGNE,LIVREE,6583.20
4967,2026-09-11,11,3,EN_LIGNE,LIVREE,25443.60
4968,2026-09-11,1,11,GROSSISTE,EXPEDIEE,1192.00
4969,2026-09-11,35,10,DIRECT,LIVREE,7865.10
4970,2026-09-11,32,5,GROSSISTE,LIVREE,2987.80
4971,2026-09-11,31,8,GROSSISTE,LIVREE,2334.15
4972,2026-09-11,2,3,DIRECT,LIVREE,13725.00
4973,2026-09-12,10,11,PARTENAIRE,LIVREE,12844.00
4974,2026-09-12,22,6,GROSSISTE,EXPEDIEE,8241.00
4975,2026-09-12,5,12,EN_LIGNE,EN_ATTENTE,4004.00
4976,2026-09-12,12,2,PARTENAIRE,EXPEDIEE,720.90
4977,2026-09-12,36,7,DIRECT,LIVREE,1907.00
4978,2026-09-13,11,7,PARTENAIRE,LIVREE,1055.40
4979,2026-09-13,33,9,PARTENAIRE,LIVREE,1017.00
4980,2026-09-13,19,2,EN_LIGNE,EXPEDIEE,11823.00
4981,2026-09-13,26,2,GROSSISTE,LIVREE,6648.90
4982,2026-09-13,10,3,GROSSISTE,LIVREE,1665.00
4983,2026-09-13,5,8,PARTENAIRE,LIVREE,35021.90
4984,2026-09-13,38,4,GROSSISTE,LIVREE,8692.00
4985,2026-09-13,30,6,DIRECT,LIVREE,26360.10
4986,2026-09-14,3,1,PARTENAIRE,EN_ATTENTE,910.00
4987,2026-09-14,15,2,GROSSISTE,LIVREE,10348.80
4988,2026-09-15,27,4,GROSSISTE,LIVREE,57.60
4989,2026-09-15,1,8,PARTENAIRE,LIVREE,601.20
4990,2026-09-15,13,8,EN_LIGNE,LIVREE,8188.00
4991,2026-09-15,39,10,DIRECT,LIVREE,24298.15
4992,2026-09-15,4,7,EN_LIGNE,EN_ATTENTE,27810.40
4993,2026-09-15,3,7,EN_LIGNE,LIVREE,23358.50
4994,2026-09-15,11,12,DIRECT,EXPEDIEE,390.00
4995,2026-09-15,34,1,GROSSISTE,LIVREE,5338.00
4996,2026-09-16,30,1,PARTENAIRE,LIVREE,11917.80
4997,2026-09-16,27,4,GROSSISTE,LIVREE,306.00
4998,2026-09-16,6,12,EN_LIGNE,LIVREE,37824.35
4999,2026-09-17,35,2,PARTENAIRE,EXPEDIEE,2903.80
5000,2026-09-17,14,10,DIRECT,LIVREE,15314.10
5001,2026-09-18,34,4,DIRECT,LIVREE,18879.00
5002,2026-09-18,26,2,PARTENAIRE,LIVREE,2565.00
5003,2026-09-18,6,8,GROSSISTE,EN_ATTENTE,12212.50
5004,2026-09-18,5,11,PARTENAIRE,LIVREE,15248.90
5005,2026-09-18,39,7,PARTENAIRE,LIVREE,16659.70
5006,2026-09-18,23,6,GROSSISTE,ANNULEE,0.00
5007,2026-09-18,3,6,DIRECT,LIVREE,4977.40
5008,2026-09-18,10,9,PARTENAIRE,LIVREE,11030.55
5009,2026-09-19,17,8,PARTENAIRE,LIVREE,3369.80
5010,2026-09-19,39,9,GROSSISTE,LIVREE,21501.10
5011,2026-09-19,40,9,EN_LIGNE,LIVREE,25190.35
5012,2026-09-19,30,6,PARTENAIRE,LIVREE,17980.00
5013,2026-09-19,22,6,GROSSISTE,EXPEDIEE,10811.85
5014,2026-09-20,28,6,DIRECT,LIVREE,740.70
5015,2026-09-20,32,5,EN_LIGNE,LIVREE,24278.05
5016,2026-09-20,24,9,GROSSISTE,EN_ATTENTE,3976.80
5017,2026-09-20,12,11,GROSSISTE,LIVREE,5125.65
5018,2026-09-20,23,8,DIRECT,LIVREE,24339.00
5019,2026-09-20,29,2,EN_LIGNE,LIVREE,33951.45
5020,2026-09-20,10,2,PARTENAIRE,EXPEDIEE,29559.70
5021,2026-09-20,10,1,GROSSISTE,LIVREE,4142.45
5022,2026-09-21,12,1,DIRECT,EXPEDIEE,14611.05
5023,2026-09-21,22,4,GROSSISTE,LIVREE,33004.10
5024,2026-09-21,36,3,EN_LIGNE,EXPEDIEE,11187.70
5025,2026-09-21,38,7,DIRECT,LIVREE,3720.00
5026,2026-09-21,16,4,DIRECT,LIVREE,29503.50
5027,2026-09-21,39,10,PARTENAIRE,EN_ATTENTE,46301.45
5028,2026-09-21,17,5,PARTENAIRE,EXPEDIEE,16517.65
5029,2026-09-22,36,4,PARTENAIRE,ANNULEE,0.00
5030,2026-09-22,25,3,EN_LIGNE,LIVREE,2884.00
5031,2026-09-23,32,7,DIRECT,LIVREE,28299.60
5032,2026-09-23,29,12,GROSSISTE,LIVREE,438.90
5033,2026-09-23,8,1,GROSSISTE,ANNULEE,0.00
5034,2026-09-23,24,2,DIRECT,LIVREE,12111.65
5035,2026-09-23,23,7,DIRECT,LIVREE,5412.30
5036,2026-09-24,38,12,DIRECT,EXPEDIEE,285.00
5037,2026-09-24,26,2,GROSSISTE,LIVREE,455.00
5038,2026-09-24,21,2,DIRECT,LIVREE,2987.70
5039,2026-09-25,22,8,GROSSISTE,LIVREE,7095.40
5040,2026-09-25,6,9,DIRECT,EXPEDIEE,36356.85
5041,2026-09-25,11,8,EN_LIGNE,LIVREE,26358.55
5042,2026-09-25,21,3,EN_LIGNE,LIVREE,1632.75
5043,2026-09-26,39,7,PARTENAIRE,EN_ATTENTE,25243.10
5044,2026-09-26,37,7,DIRECT,EXPEDIEE,23710.50
5045,2026-09-26,31,9,EN_LIGNE,LIVREE,8366.65
5046,2026-09-26,6,9,EN_LIGNE,LIVREE,1792.00
5047,2026-09-26,7,10,GROSSISTE,LIVREE,32449.55
5048,2026-09-27,16,12,GROSSISTE,LIVREE,5648.40
5049,2026-09-27,30,8,PARTENAIRE,EXPEDIEE,36841.30
5050,2026-09-27,29,11,DIRECT,LIVREE,2929.00
5051,2026-09-27,8,7,DIRECT,EN_ATTENTE,996.00
5052,2026-09-27,30,5,PARTENAIRE,ANNULEE,0.00
5053,2026-09-27,24,6,GROSSISTE,LIVREE,225.00
5054,2026-09-27,14,8,DIRECT,LIVREE,4971.60
5055,2026-09-27,24,3,DIRECT,LIVREE,7412.00
5056,2026-09-28,27,5,PARTENAIRE,LIVREE,48.00
5057,2026-09-28,30,5,PARTENAIRE,ANNULEE,0.00
5058,2026-09-28,39,3,DIRECT,LIVREE,30232.90
5059,2026-09-28,27,8,DIRECT,EN_ATTENTE,154.00
5060,2026-09-29,7,10,EN_LIGNE,LIVREE,1800.00
5061,2026-09-29,38,5,DIRECT,LIVREE,18554.50
5062,2026-09-29,40,10,DIRECT,LIVREE,5045.10
5063,2026-09-29,21,3,EN_LIGNE,LIVREE,26145.30
5064,2026-09-30,31,12,EN_LIGNE,LIVREE,2472.00
5065,2026-09-30,14,12,PARTENAIRE,LIVREE,17038.90
5066,2026-09-30,24,10,DIRECT,LIVREE,2574.30
5067,2026-09-30,24,3,DIRECT,ANNULEE,0.00
5068,2026-09-30,20,6,PARTENAIRE,LIVREE,12369.60
5069,2026-09-30,22,9,PARTENAIRE,LIVREE,1939.15
5070,2026-10-01,17,2,EN_LIGNE,LIVREE,7383.40
5071,2026-10-01,9,7,PARTENAIRE,LIVREE,5524.85
5072,2026-10-01,28,9,EN_LIGNE,EN_ATTENTE,6822.00
5073,2026-10-01,38,10,DIRECT,LIVREE,8067.20
5074,2026-10-02,21,11,PARTENAIRE,LIVREE,25199.10
5075,2026-10-02,11,5,PARTENAIRE,LIVREE,22350.60
5076,2026-10-02,10,9,PARTENAIRE,LIVREE,736.00
5077,2026-10-03,8,6,GROSSISTE,LIVREE,7911.00
5078,2026-10-03,29,8,PARTENAIRE,EN_ATTENTE,12871.00
5079,2026-10-03,7,4,PARTENAIRE,ANNULEE,0.00
5080,2026-10-04,10,11,PARTENAIRE,LIVREE,20772.10
5081,2026-10-04,32,9,DIRECT,LIVREE,14854.25
5082,2026-10-04,21,7,DIRECT,LIVREE,17296.35
5083,2026-10-04,22,8,EN_LIGNE,LIVREE,12801.80
5084,2026-10-04,4,6,DIRECT,LIVREE,26632.35
5085,2026-10-04,4,4,DIRECT,LIVREE,20632.25
5086,2026-10-04,19,1,PARTENAIRE,LIVREE,2490.00
5087,2026-10-05,17,4,EN_LIGNE,LIVREE,11854.45
5088,2026-10-05,8,9,DIRECT,LIVREE,25771.00
5089,2026-10-05,6,4,PARTENAIRE,EN_ATTENTE,12262.85
5090,2026-10-06,27,11,GROSSISTE,ANNULEE,0.00
5091,2026-10-06,39,1,DIRECT,EXPEDIEE,1950.00
5092,2026-10-06,21,4,DIRECT,LIVREE,336.00
5093,2026-10-07,35,12,EN_LIGNE,EXPEDIEE,4201.00
5094,2026-10-07,9,9,DIRECT,LIVREE,32982.00
5095,2026-10-08,37,3,EN_LIGNE,EN_ATTENTE,1488.75
5096,2026-10-08,7,8,GROSSISTE,LIVREE,23673.80
5097,2026-10-08,20,4,DIRECT,LIVREE,1158.00
5098,2026-10-08,37,4,GROSSISTE,LIVREE,7666.80
5099,2026-10-08,28,1,DIRECT,LIVREE,48.00
5100,2026-10-09,2,7,GROSSISTE,LIVREE,8866.35
5101,2026-10-09,20,7,DIRECT,LIVREE,760.00
5102,2026-10-09,36,6,GROSSISTE,LIVREE,3384.00
5103,2026-10-09,33,1,PARTENAIRE,EN_ATTENTE,11071.00
5104,2026-10-09,9,6,PARTENAIRE,LIVREE,13094.00
5105,2026-10-09,6,4,PARTENAIRE,EXPEDIEE,3669.20
5106,2026-10-09,4,9,EN_LIGNE,LIVREE,6991.80
5107,2026-10-09,36,7,DIRECT,EXPEDIEE,5601.60
5108,2026-10-10,8,3,EN_LIGNE,LIVREE,6086.00
5109,2026-10-10,8,8,EN_LIGNE,ANNULEE,0.00
5110,2026-10-10,5,6,PARTENAIRE,LIVREE,2249.35
5111,2026-10-10,39,4,EN_LIGNE,LIVREE,36689.65
5112,2026-10-10,6,4,DIRECT,LIVREE,6525.00
5113,2026-10-10,9,9,DIRECT,LIVREE,1581.20
5114,2026-10-10,15,3,PARTENAIRE,LIVREE,13145.40
5115,2026-10-10,27,3,DIRECT,LIVREE,6452.00
5116,2026-10-11,6,5,EN_LIGNE,LIVREE,1660.85
5117,2026-10-11,14,11,GROSSISTE,LIVREE,3255.00
5118,2026-10-11,38,1,EN_LIGNE,LIVREE,7192.00
5119,2026-10-11,38,8,EN_LIGNE,LIVREE,3427.00
5120,2026-10-11,8,8,GROSSISTE,LIVREE,35817.20
5121,2026-10-11,4,2,DIRECT,EXPEDIEE,26982.10
5122,2026-10-11,30,7,EN_LIGNE,LIVREE,22866.65
5123,2026-10-12,8,1,PARTENAIRE,LIVREE,16493.00
5124,2026-10-12,9,11,GROSSISTE,LIVREE,2740.80
5125,2026-10-12,22,10,EN_LIGNE,EXPEDIEE,368.50
5126,2026-10-13,22,2,PARTENAIRE,LIVREE,9335.40
5127,2026-10-13,24,1,EN_LIGNE,LIVREE,10778.40
5128,2026-10-13,30,3,PARTENAIRE,LIVREE,30405.80
5129,2026-10-13,6,8,PARTENAIRE,LIVREE,19522.00
5130,2026-10-13,31,3,PARTENAIRE,LIVREE,32524.70
5131,2026-10-14,9,12,DIRECT,EXPEDIEE,8083.80
5132,2026-10-14,39,12,GROSSISTE,LIVREE,5661.90
5133,2026-10-14,2,3,PARTENAIRE,LIVREE,365.60
5134,2026-10-14,20,11,PARTENAIRE,LIVREE,7689.00
5135,2026-10-14,36,11,GROSSISTE,EXPEDIEE,6404.10
5136,2026-10-14,15,7,GROSSISTE,ANNULEE,0.00
5137,2026-10-15,27,4,GROSSISTE,EXPEDIEE,594.00
5138,2026-10-15,17,9,DIRECT,LIVREE,2133.00
5139,2026-10-15,23,7,PARTENAIRE,LIVREE,585.00
5140,2026-10-15,15,3,DIRECT,LIVREE,513.00
5141,2026-10-15,22,8,EN_LIGNE,EXPEDIEE,6450.95
5142,2026-10-15,19,9,DIRECT,EXPEDIEE,27601.40
5143,2026-10-16,12,11,EN_LIGNE,LIVREE,553.65
5144,2026-10-16,16,6,DIRECT,LIVREE,572.00
5145,2026-10-16,1,2,PARTENAIRE,LIVREE,4329.00
5146,2026-10-16,3,2,EN_LIGNE,LIVREE,7550.50
5147,2026-10-16,9,4,PARTENAIRE,LIVREE,44431.10
5148,2026-10-16,3,12,GROSSISTE,LIVREE,2880.00
5149,2026-10-16,16,5,EN_LIGNE,LIVREE,8430.00
5150,2026-10-16,31,2,EN_LIGNE,LIVREE,23939.40
5151,2026-10-17,16,1,PARTENAIRE,LIVREE,14948.95
5152,2026-10-17,12,7,PARTENAIRE,LIVREE,315.00
5153,2026-10-17,13,6,DIRECT,LIVREE,4219.25
5154,2026-10-17,8,1,PARTENAIRE,LIVREE,2112.10
5155,2026-10-18,36,3,EN_LIGNE,LIVREE,945.00
5156,2026-10-18,19,1,GROSSISTE,LIVREE,30140.80
5157,2026-10-18,25,11,EN_LIGNE,LIVREE,6588.00
5158,2026-10-18,19,5,EN_LIGNE,LIVREE,28332.20
5159,2026-10-19,18,7,DIRECT,LIVREE,19860.95
5160,2026-10-19,33,3,GROSSISTE,EN_ATTENTE,896.00
5161,2026-10-19,30,6,DIRECT,ANNULEE,0.00
5162,2026-10-20,15,2,GROSSISTE,EN_ATTENTE,1998.75
5163,2026-10-20,24,11,PARTENAIRE,LIVREE,853.20
5164,2026-10-20,14,12,PARTENAIRE,LIVREE,32461.40
5165,2026-10-21,37,8,EN_LIGNE,LIVREE,4891.00
5166,2026-10-21,35,12,EN_LIGNE,LIVREE,455.40
5167,2026-10-21,40,5,PARTENAIRE,LIVREE,17616.80
5168,2026-10-21,16,6,DIRECT,LIVREE,26130.75
5169,2026-10-21,37,3,EN_LIGNE,LIVREE,21316.00
5170,2026-10-21,39,12,PARTENAIRE,LIVREE,665.00
5171,2026-10-21,22,11,GROSSISTE,LIVREE,7905.70
5172,2026-10-21,36,2,DIRECT,LIVREE,3427.40
5173,2026-10-22,20,8,GROSSISTE,EN_ATTENTE,8771.35
5174,2026-10-22,32,4,PARTENAIRE,LIVREE,4044.75
5175,2026-10-22,4,8,GROSSISTE,LIVREE,2949.85
5176,2026-10-23,9,5,EN_LIGNE,LIVREE,1965.60
5177,2026-10-23,25,9,PARTENAIRE,LIVREE,1260.00
5178,2026-10-23,25,3,EN_LIGNE,LIVREE,9144.00
5179,2026-10-23,2,2,EN_LIGNE,LIVREE,7243.05
5180,2026-10-23,6,8,PARTENAIRE,LIVREE,7675.70
5181,2026-10-23,22,4,PARTENAIRE,LIVREE,6795.00
5182,2026-10-23,34,6,GROSSISTE,EXPEDIEE,15067.65
5183,2026-10-23,36,6,GROSSISTE,LIVREE,1548.00
5184,2026-10-24,9,3,EN_LIGNE,LIVREE,6293.00
5185,2026-10-24,29,9,EN_LIGNE,LIVREE,20287.40
5186,2026-10-24,18,2,DIRECT,LIVREE,16634.80
5187,2026-10-25,25,5,PARTENAIRE,LIVREE,7780.00
5188,2026-10-25,40,3,PARTENAIRE,LIVREE,10297.30
5189,2026-10-25,8,6,GROSSISTE,LIVREE,682.20
5190,2026-10-25,19,7,EN_LIGNE,LIVREE,414.00
5191,2026-10-25,2,4,EN_LIGNE,LIVREE,27864.70
5192,2026-10-26,6,1,PARTENAIRE,LIVREE,27978.90
5193,2026-10-26,18,5,EN_LIGNE,EXPEDIEE,22811.30
5194,2026-10-26,26,8,DIRECT,LIVREE,20378.20
5195,2026-10-26,2,7,EN_LIGNE,LIVREE,14691.50
5196,2026-10-26,39,3,DIRECT,EN_ATTENTE,24977.65
5197,2026-10-27,38,11,EN_LIGNE,LIVREE,9944.00
5198,2026-10-27,22,4,PARTENAIRE,LIVREE,3852.00
5199,2026-10-27,27,8,DIRECT,LIVREE,4815.70
5200,2026-10-27,15,2,EN_LIGNE,LIVREE,2997.40
5201,2026-10-27,12,11,EN_LIGNE,EXPEDIEE,45841.50
5202,2026-10-27,26,5,PARTENAIRE,LIVREE,498.75
5203,2026-10-28,27,8,DIRECT,LIVREE,7462.00
5204,2026-10-28,9,9,PARTENAIRE,LIVREE,21873.60
5205,2026-10-28,38,12,DIRECT,LIVREE,455.00
5206,2026-10-28,35,8,EN_LIGNE,LIVREE,12586.00
5207,2026-10-28,28,3,PARTENAIRE,ANNULEE,0.00
5208,2026-10-29,30,12,EN_LIGNE,LIVREE,41931.00
5209,2026-10-29,18,1,PARTENAIRE,LIVREE,21792.00
5210,2026-10-29,20,12,GROSSISTE,LIVREE,12541.05
5211,2026-10-29,5,5,EN_LIGNE,LIVREE,6491.25
5212,2026-10-29,6,2,EN_LIGNE,EXPEDIEE,6649.40
5213,2026-10-29,3,3,GROSSISTE,LIVREE,22243.60
5214,2026-10-29,28,2,PARTENAIRE,LIVREE,15682.20
5215,2026-10-29,7,8,PARTENAIRE,EN_ATTENTE,7559.10
5216,2026-10-30,34,5,EN_LIGNE,EXPEDIEE,12621.30
5217,2026-10-30,23,12,DIRECT,LIVREE,10418.10
5218,2026-10-30,17,9,EN_LIGNE,LIVREE,18852.00
5219,2026-10-30,33,9,DIRECT,LIVREE,3555.00
5220,2026-10-30,19,1,PARTENAIRE,LIVREE,1337.00
5221,2026-10-30,29,5,GROSSISTE,LIVREE,135.00
5222,2026-10-30,35,7,DIRECT,LIVREE,25218.55
5223,2026-10-30,26,4,EN_LIGNE,EN_ATTENTE,3622.30
5224,2026-10-31,11,4,EN_LIGNE,LIVREE,21206.50
5225,2026-10-31,19,5,EN_LIGNE,LIVREE,13281.00
5226,2026-11-01,39,6,EN_LIGNE,EXPEDIEE,568.20
5227,2026-11-01,10,5,DIRECT,LIVREE,9829.00
5228,2026-11-02,6,9,DIRECT,LIVREE,9332.25
5229,2026-11-02,7,11,GROSSISTE,LIVREE,2320.85
5230,2026-11-02,12,1,EN_LIGNE,LIVREE,21238.20
5231,2026-11-02,14,6,EN_LIGNE,LIVREE,638.00
5232,2026-11-02,39,11,EN_LIGNE,EXPEDIEE,3595.50
5233,2026-11-02,18,3,PARTENAIRE,LIVREE,14927.00
5234,2026-11-02,11,8,EN_LIGNE,LIVREE,2430.40
5235,2026-11-02,35,9,DIRECT,LIVREE,19137.70
5236,2026-11-03,26,11,EN_LIGNE,LIVREE,5376.20
5237,2026-11-03,34,6,GROSSISTE,EXPEDIEE,29013.60
5238,2026-11-03,25,11,GROSSISTE,LIVREE,23518.20
5239,2026-11-03,10,1,EN_LIGNE,LIVREE,2180.95
5240,2026-11-03,1,10,PARTENAIRE,LIVREE,14714.35
5241,2026-11-03,32,2,EN_LIGNE,EXPEDIEE,7579.50
5242,2026-11-03,38,2,PARTENAIRE,LIVREE,25718.00
5243,2026-11-04,13,2,PARTENAIRE,LIVREE,5988.20
5244,2026-11-04,33,3,EN_LIGNE,LIVREE,14274.45
5245,2026-11-04,19,4,EN_LIGNE,LIVREE,8817.00
5246,2026-11-04,37,2,PARTENAIRE,LIVREE,1290.00
5247,2026-11-04,33,12,EN_LIGNE,EXPEDIEE,23090.90
5248,2026-11-05,12,2,GROSSISTE,EN_ATTENTE,8797.10
5249,2026-11-05,8,11,GROSSISTE,LIVREE,42642.80
5250,2026-11-05,24,12,PARTENAIRE,LIVREE,8181.00
5251,2026-11-05,33,12,EN_LIGNE,LIVREE,748.80
5252,2026-11-05,30,1,DIRECT,LIVREE,15778.00
5253,2026-11-05,25,6,GROSSISTE,LIVREE,5636.00
5254,2026-11-05,17,1,PARTENAIRE,LIVREE,6175.95
5255,2026-11-06,34,12,EN_LIGNE,LIVREE,10778.40
5256,2026-11-06,40,5,PARTENAIRE,EXPEDIEE,1279.80
5257,2026-11-06,23,3,GROSSISTE,LIVREE,11156.40
5258,2026-11-06,8,4,PARTENAIRE,LIVREE,13901.00
5259,2026-11-06,15,8,DIRECT,LIVREE,1040.40
5260,2026-11-06,4,10,PARTENAIRE,LIVREE,760.00
5261,2026-11-06,25,4,EN_LIGNE,LIVREE,1835.60
5262,2026-11-07,34,11,DIRECT,LIVREE,308.00
5263,2026-11-07,21,7,DIRECT,EN_ATTENTE,2670.00
5264,2026-11-07,2,1,DIRECT,EXPEDIEE,4380.40
5265,2026-11-07,17,1,PARTENAIRE,LIVREE,7358.00
5266,2026-11-07,21,2,DIRECT,LIVREE,1744.50
5267,2026-11-07,40,3,DIRECT,LIVREE,13955.80
5268,2026-11-07,16,6,EN_LIGNE,EXPEDIEE,27616.65
5269,2026-11-08,24,1,EN_LIGNE,LIVREE,16705.00
5270,2026-11-08,12,9,PARTENAIRE,EN_ATTENTE,18165.15
5271,2026-11-08,16,9,EN_LIGNE,LIVREE,19321.40
5272,2026-11-08,23,4,PARTENAIRE,LIVREE,6282.00
5273,2026-11-08,13,12,PARTENAIRE,ANNULEE,0.00
5274,2026-11-08,21,11,PARTENAIRE,LIVREE,19296.00
5275,2026-11-08,12,1,GROSSISTE,LIVREE,12078.00
5276,2026-11-08,11,3,DIRECT,LIVREE,2322.30
5277,2026-11-09,22,2,DIRECT,ANNULEE,0.00
5278,2026-11-09,22,11,GROSSISTE,LIVREE,16647.00
5279,2026-11-09,21,4,GROSSISTE,LIVREE,27194.10
5280,2026-11-09,26,3,EN_LIGNE,LIVREE,6423.30
5281,2026-11-09,14,11,EN_LIGNE,LIVREE,13211.10
5282,2026-11-09,30,11,PARTENAIRE,LIVREE,23963.20
5283,2026-11-09,22,5,DIRECT,EXPEDIEE,12096.55
5284,2026-11-10,23,3,EN_LIGNE,ANNULEE,0.00
5285,2026-11-10,9,12,DIRECT,EXPEDIEE,885.00
5286,2026-11-10,16,7,GROSSISTE,LIVREE,22406.60
5287,2026-11-10,36,10,DIRECT,LIVREE,18549.00
5288,2026-11-10,8,6,GROSSISTE,LIVREE,28037.20
5289,2026-11-10,36,12,DIRECT,LIVREE,6631.00
5290,2026-11-10,7,12,EN_LIGNE,LIVREE,27353.30
5291,2026-11-11,32,4,PARTENAIRE,LIVREE,1125.00
5292,2026-11-11,7,4,PARTENAIRE,LIVREE,39406.00
5293,2026-11-11,10,2,GROSSISTE,LIVREE,5210.75
5294,2026-11-11,19,3,EN_LIGNE,EXPEDIEE,3230.00
5295,2026-11-11,21,2,DIRECT,EXPEDIEE,39708.50
5296,2026-11-12,34,9,DIRECT,LIVREE,8058.85
5297,2026-11-12,34,2,PARTENAIRE,LIVREE,962.10
5298,2026-11-12,3,7,GROSSISTE,LIVREE,2379.60
5299,2026-11-12,36,4,PARTENAIRE,EXPEDIEE,15210.20
5300,2026-11-12,32,1,GROSSISTE,LIVREE,18297.00
5301,2026-11-13,19,4,DIRECT,LIVREE,22021.20
5302,2026-11-13,10,9,PARTENAIRE,LIVREE,2276.00
5303,2026-11-14,21,7,DIRECT,LIVREE,8641.20
5304,2026-11-14,3,4,EN_LIGNE,LIVREE,180.00
5305,2026-11-14,24,5,DIRECT,EN_ATTENTE,6919.00
5306,2026-11-14,14,7,PARTENAIRE,LIVREE,15895.05
5307,2026-11-14,26,12,PARTENAIRE,ANNULEE,0.00
5308,2026-11-14,3,3,DIRECT,LIVREE,30639.40
5309,2026-11-15,8,12,DIRECT,LIVREE,5301.00
5310,2026-11-15,40,9,EN_LIGNE,LIVREE,12071.00
5311,2026-11-15,32,11,PARTENAIRE,LIVREE,11433.00
5312,2026-11-15,19,11,DIRECT,LIVREE,65.00
5313,2026-11-15,25,1,EN_LIGNE,EN_ATTENTE,5394.00
5314,2026-11-15,23,10,DIRECT,LIVREE,24273.00
5315,2026-11-15,26,5,DIRECT,EXPEDIEE,29069.20
5316,2026-11-15,37,12,PARTENAIRE,LIVREE,10935.45
5317,2026-11-16,35,12,DIRECT,LIVREE,1268.25
5318,2026-11-16,40,8,EN_LIGNE,LIVREE,10384.00
5319,2026-11-16,10,6,PARTENAIRE,LIVREE,3990.25
5320,2026-11-16,37,7,DIRECT,ANNULEE,0.00
5321,2026-11-16,35,8,GROSSISTE,LIVREE,31525.00
5322,2026-11-16,14,1,DIRECT,LIVREE,10518.55
5323,2026-11-16,25,11,GROSSISTE,LIVREE,8145.00
5324,2026-11-17,16,6,PARTENAIRE,LIVREE,5677.20
5325,2026-11-17,2,3,PARTENAIRE,LIVREE,4168.20
5326,2026-11-17,32,11,DIRECT,LIVREE,3882.75
5327,2026-11-18,2,5,GROSSISTE,EXPEDIEE,4372.65
5328,2026-11-18,17,2,DIRECT,LIVREE,5892.20
5329,2026-11-18,40,8,DIRECT,EXPEDIEE,15534.90
5330,2026-11-18,12,12,PARTENAIRE,EXPEDIEE,3690.00
5331,2026-11-18,30,10,PARTENAIRE,LIVREE,10162.00
5332,2026-11-18,15,10,PARTENAIRE,LIVREE,5438.95
5333,2026-11-18,36,8,GROSSISTE,EXPEDIEE,28031.20
5334,2026-11-18,14,6,EN_LIGNE,LIVREE,899.00
5335,2026-11-19,33,7,EN_LIGNE,LIVREE,14818.85
5336,2026-11-19,14,2,EN_LIGNE,LIVREE,6242.50
5337,2026-11-19,32,11,DIRECT,LIVREE,1350.00
5338,2026-11-20,36,5,PARTENAIRE,EXPEDIEE,925.50
5339,2026-11-20,11,7,GROSSISTE,ANNULEE,0.00
5340,2026-11-20,31,7,DIRECT,LIVREE,12720.00
5341,2026-11-20,4,1,DIRECT,LIVREE,6024.40
5342,2026-11-21,12,3,DIRECT,LIVREE,11995.65
5343,2026-11-21,1,2,GROSSISTE,LIVREE,3353.40
5344,2026-11-21,26,5,DIRECT,LIVREE,5419.75
5345,2026-11-21,6,7,DIRECT,LIVREE,2241.60
5346,2026-11-21,22,4,PARTENAIRE,EXPEDIEE,16482.25
5347,2026-11-22,19,1,GROSSISTE,LIVREE,19988.80
5348,2026-11-22,2,9,DIRECT,LIVREE,6028.20
5349,2026-11-23,15,6,DIRECT,LIVREE,14821.95
5350,2026-11-23,26,7,DIRECT,LIVREE,5318.25
5351,2026-11-24,14,12,GROSSISTE,LIVREE,3445.00
5352,2026-11-24,26,11,GROSSISTE,LIVREE,928.00
5353,2026-11-24,13,11,EN_LIGNE,LIVREE,5536.30
5354,2026-11-24,1,3,PARTENAIRE,EXPEDIEE,16682.30
5355,2026-11-24,11,8,DIRECT,EXPEDIEE,22037.00
5356,2026-11-24,3,10,PARTENAIRE,LIVREE,6442.00
5357,2026-11-24,39,7,DIRECT,LIVREE,5382.55
5358,2026-11-24,8,8,EN_LIGNE,LIVREE,34380.65
5359,2026-11-25,26,7,PARTENAIRE,EXPEDIEE,23032.40
5360,2026-11-25,32,7,DIRECT,LIVREE,14441.30
5361,2026-11-25,17,11,PARTENAIRE,EN_ATTENTE,33619.45
5362,2026-11-25,12,7,PARTENAIRE,LIVREE,37687.05
5363,2026-11-25,2,12,GROSSISTE,LIVREE,12078.00
5364,2026-11-26,21,3,EN_LIGNE,LIVREE,2148.00
5365,2026-11-26,14,3,DIRECT,EN_ATTENTE,9188.50
5366,2026-11-26,16,4,EN_LIGNE,LIVREE,264.60
5367,2026-11-26,39,1,EN_LIGNE,EN_ATTENTE,165.00
5368,2026-11-26,10,1,GROSSISTE,LIVREE,43129.60
5369,2026-11-27,11,3,EN_LIGNE,LIVREE,2463.00
5370,2026-11-27,10,9,PARTENAIRE,LIVREE,14283.00
5371,2026-11-27,22,8,EN_LIGNE,LIVREE,7412.85
5372,2026-11-27,7,7,DIRECT,LIVREE,15629.00
5373,2026-11-27,28,6,EN_LIGNE,LIVREE,9544.85
5374,2026-11-27,9,8,EN_LIGNE,LIVREE,105.00
5375,2026-11-28,21,6,PARTENAIRE,LIVREE,9630.60
5376,2026-11-28,5,5,GROSSISTE,EXPEDIEE,30471.20
5377,2026-11-28,38,6,GROSSISTE,LIVREE,12878.90
5378,2026-11-28,39,4,EN_LIGNE,LIVREE,5637.00
5379,2026-11-29,30,7,EN_LIGNE,EN_ATTENTE,6194.00
5380,2026-11-29,5,4,DIRECT,EXPEDIEE,380.00
5381,2026-11-29,11,10,DIRECT,LIVREE,24126.50
5382,2026-11-29,7,6,PARTENAIRE,LIVREE,3099.00
5383,2026-11-30,24,12,DIRECT,LIVREE,10713.85
5384,2026-11-30,9,9,PARTENAIRE,LIVREE,3002.25
5385,2026-11-30,27,8,PARTENAIRE,LIVREE,15057.00
5386,2026-11-30,8,4,PARTENAIRE,EXPEDIEE,6187.00
5387,2026-11-30,35,7,DIRECT,LIVREE,1600.00
5388,2026-11-30,32,4,DIRECT,LIVREE,11700.35
5389,2026-11-30,39,4,EN_LIGNE,LIVREE,9180.00
5390,2026-11-30,3,9,EN_LIGNE,LIVREE,13590.55
5391,2026-12-01,18,8,PARTENAIRE,LIVREE,3567.00
5392,2026-12-01,24,2,PARTENAIRE,LIVREE,14371.95
5393,2026-12-01,33,12,EN_LIGNE,LIVREE,27141.50
5394,2026-12-02,39,11,GROSSISTE,LIVREE,27221.00
5395,2026-12-02,24,8,EN_LIGNE,LIVREE,21421.00
5396,2026-12-02,34,11,DIRECT,LIVREE,15964.50
5397,2026-12-02,6,3,PARTENAIRE,LIVREE,2009.80
5398,2026-12-03,30,12,GROSSISTE,LIVREE,19126.00
5399,2026-12-03,14,3,PARTENAIRE,EN_ATTENTE,8239.65
5400,2026-12-03,21,6,GROSSISTE,LIVREE,25170.70
5401,2026-12-03,19,4,DIRECT,EN_ATTENTE,36848.00
5402,2026-12-03,27,5,PARTENAIRE,LIVREE,2936.75
5403,2026-12-04,4,2,DIRECT,LIVREE,31442.00
5404,2026-12-04,1,8,DIRECT,EXPEDIEE,22165.40
5405,2026-12-05,23,8,GROSSISTE,ANNULEE,0.00
5406,2026-12-05,35,10,EN_LIGNE,EN_ATTENTE,27423.70
5407,2026-12-06,39,2,GROSSISTE,EN_ATTENTE,1265.60
5408,2026-12-06,9,7,DIRECT,LIVREE,2079.90
5409,2026-12-06,24,8,EN_LIGNE,LIVREE,6114.00
5410,2026-12-07,37,10,EN_LIGNE,EN_ATTENTE,4707.00
5411,2026-12-07,36,9,DIRECT,ANNULEE,0.00
5412,2026-12-07,6,1,GROSSISTE,LIVREE,20497.20
5413,2026-12-08,25,6,EN_LIGNE,LIVREE,12480.45
5414,2026-12-08,13,5,PARTENAIRE,LIVREE,945.00
5415,2026-12-08,1,1,DIRECT,LIVREE,17204.10
5416,2026-12-08,11,8,EN_LIGNE,LIVREE,7149.00
5417,2026-12-08,7,7,EN_LIGNE,EN_ATTENTE,11193.20
5418,2026-12-09,17,7,GROSSISTE,LIVREE,22658.60
5419,2026-12-09,32,1,PARTENAIRE,LIVREE,4837.80
5420,2026-12-09,33,5,EN_LIGNE,LIVREE,24962.05
5421,2026-12-09,28,4,EN_LIGNE,LIVREE,852.15
5422,2026-12-09,31,12,GROSSISTE,LIVREE,630.00
5423,2026-12-09,13,12,GROSSISTE,EXPEDIEE,12418.30
5424,2026-12-09,7,2,DIRECT,LIVREE,11848.60
5425,2026-12-10,19,8,GROSSISTE,LIVREE,7344.00
5426,2026-12-10,15,2,EN_LIGNE,LIVREE,536.40
5427,2026-12-10,8,2,DIRECT,LIVREE,4094.50
5428,2026-12-10,40,4,GROSSISTE,LIVREE,22501.50
5429,2026-12-10,3,9,GROSSISTE,LIVREE,18879.80
5430,2026-12-10,26,9,EN_LIGNE,LIVREE,5607.80
5431,2026-12-10,1,10,DIRECT,LIVREE,25799.85
5432,2026-12-10,29,3,PARTENAIRE,LIVREE,26520.70
5433,2026-12-11,5,8,PARTENAIRE,LIVREE,16125.45
5434,2026-12-11,21,8,EN_LIGNE,LIVREE,8058.85
5435,2026-12-11,5,4,DIRECT,LIVREE,7669.60
5436,2026-12-11,26,1,DIRECT,ANNULEE,0.00
5437,2026-12-11,39,8,DIRECT,LIVREE,15191.10
5438,2026-12-11,37,12,DIRECT,LIVREE,4650.70
5439,2026-12-12,38,12,DIRECT,LIVREE,534.00
5440,2026-12-12,18,12,EN_LIGNE,LIVREE,19950.10
5441,2026-12-12,30,9,DIRECT,LIVREE,28961.45
5442,2026-12-13,20,8,GROSSISTE,LIVREE,4707.00
5443,2026-12-13,27,6,EN_LIGNE,LIVREE,6441.00
5444,2026-12-13,19,10,EN_LIGNE,LIVREE,4425.00
5445,2026-12-14,16,9,GROSSISTE,LIVREE,591.85
5446,2026-12-14,16,2,EN_LIGNE,LIVREE,594.00
5447,2026-12-15,29,12,GROSSISTE,LIVREE,4987.00
5448,2026-12-15,10,11,GROSSISTE,EN_ATTENTE,12306.85
5449,2026-12-15,29,10,GROSSISTE,EN_ATTENTE,4941.00
5450,2026-12-16,16,12,GROSSISTE,LIVREE,6990.00
5451,2026-12-16,36,12,DIRECT,LIVREE,24873.00
5452,2026-12-16,29,9,GROSSISTE,LIVREE,18136.50
5453,2026-12-16,16,1,DIRECT,LIVREE,12577.50
5454,2026-12-17,13,2,GROSSISTE,EXPEDIEE,4097.75
5455,2026-12-17,15,3,DIRECT,LIVREE,15925.70
5456,2026-12-17,14,4,EN_LIGNE,LIVREE,8747.70
5457,2026-12-17,39,4,GROSSISTE,LIVREE,1972.40
5458,2026-12-17,9,11,PARTENAIRE,LIVREE,31469.30
5459,2026-12-17,27,8,DIRECT,LIVREE,2520.00
5460,2026-12-17,40,12,PARTENAIRE,LIVREE,18727.20
5461,2026-12-18,27,9,GROSSISTE,LIVREE,1957.50
5462,2026-12-18,14,3,PARTENAIRE,LIVREE,12415.55
5463,2026-12-18,9,2,PARTENAIRE,LIVREE,14877.00
5464,2026-12-19,32,4,EN_LIGNE,LIVREE,16156.60
5465,2026-12-19,28,8,PARTENAIRE,EXPEDIEE,14441.10
5466,2026-12-19,15,3,DIRECT,LIVREE,759.00
5467,2026-12-19,20,2,DIRECT,EN_ATTENTE,463.20
5468,2026-12-19,15,2,EN_LIGNE,EXPEDIEE,231.00
5469,2026-12-19,27,8,DIRECT,LIVREE,24734.00
5470,2026-12-19,9,6,EN_LIGNE,EXPEDIEE,18834.60
5471,2026-12-20,7,8,GROSSISTE,EXPEDIEE,3610.95
5472,2026-12-20,28,2,GROSSISTE,EXPEDIEE,13359.15
5473,2026-12-21,14,7,GROSSISTE,LIVREE,1849.50
5474,2026-12-21,8,11,PARTENAIRE,EXPEDIEE,375.00
5475,2026-12-21,39,5,DIRECT,LIVREE,19006.40
5476,2026-12-21,13,9,PARTENAIRE,EXPEDIEE,30722.00
5477,2026-12-22,38,9,GROSSISTE,LIVREE,14129.50
5478,2026-12-22,39,3,DIRECT,LIVREE,25861.30
5479,2026-12-22,21,12,EN_LIGNE,EXPEDIEE,5958.90
5480,2026-12-22,40,9,EN_LIGNE,LIVREE,4133.00
5481,2026-12-23,13,1,DIRECT,EXPEDIEE,27656.50
5482,2026-12-23,3,7,GROSSISTE,LIVREE,19275.80
5483,2026-12-23,24,2,GROSSISTE,EXPEDIEE,2739.00
5484,2026-12-23,35,6,PARTENAIRE,EXPEDIEE,20758.10
5485,2026-12-23,8,8,EN_LIGNE,EN_ATTENTE,3942.20
5486,2026-12-23,7,12,EN_LIGNE,LIVREE,436.00
5487,2026-12-23,2,11,EN_LIGNE,ANNULEE,0.00
5488,2026-12-23,32,2,EN_LIGNE,EXPEDIEE,21692.00
5489,2026-12-24,6,4,PARTENAIRE,LIVREE,9629.50
5490,2026-12-24,14,8,EN_LIGNE,LIVREE,15399.45
5491,2026-12-24,21,4,PARTENAIRE,LIVREE,4007.70
5492,2026-12-24,29,11,DIRECT,LIVREE,15779.40
5493,2026-12-24,33,1,GROSSISTE,EXPEDIEE,32275.90
5494,2026-12-25,19,7,EN_LIGNE,EXPEDIEE,18703.70
5495,2026-12-25,19,10,GROSSISTE,EN_ATTENTE,4549.00
5496,2026-12-25,40,3,PARTENAIRE,EN_ATTENTE,3727.70
5497,2026-12-25,13,2,GROSSISTE,LIVREE,162.00
5498,2026-12-25,8,5,DIRECT,LIVREE,33683.80
5499,2026-12-25,29,6,EN_LIGNE,LIVREE,5251.50
5500,2026-12-26,18,10,GROSSISTE,LIVREE,40907.70
5501,2026-12-26,14,7,GROSSISTE,LIVREE,6355.50
5502,2026-12-27,17,3,GROSSISTE,LIVREE,10239.30
5503,2026-12-27,11,10,DIRECT,EN_ATTENTE,1140.00
5504,2026-12-27,5,4,EN_LIGNE,LIVREE,11852.65
5505,2026-12-27,28,6,EN_LIGNE,LIVREE,1419.00
5506,2026-12-27,1,12,PARTENAIRE,EN_ATTENTE,3672.00
5507,2026-12-27,12,11,EN_LIGNE,LIVREE,7797.50
5508,2026-12-27,34,5,GROSSISTE,LIVREE,4138.50
5509,2026-12-27,27,11,EN_LIGNE,LIVREE,4261.60
5510,2026-12-28,30,4,EN_LIGNE,LIVREE,30074.00
5511,2026-12-28,17,7,EN_LIGNE,LIVREE,11203.50
5512,2026-12-29,6,8,PARTENAIRE,LIVREE,1660.00
5513,2026-12-29,5,8,PARTENAIRE,LIVREE,10053.05
5514,2026-12-29,11,10,DIRECT,EN_ATTENTE,274.80
5515,2026-12-29,10,9,PARTENAIRE,LIVREE,21806.50
5516,2026-12-29,16,6,PARTENAIRE,LIVREE,1134.00
5517,2026-12-29,37,1,GROSSISTE,LIVREE,3390.75
5518,2026-12-29,31,3,GROSSISTE,LIVREE,24493.55
5519,2026-12-29,3,5,PARTENAIRE,LIVREE,13116.45
5520,2026-12-30,8,9,DIRECT,LIVREE,721.80
5521,2026-12-30,18,4,PARTENAIRE,EXPEDIEE,23159.40
5522,2026-12-30,10,1,EN_LIGNE,LIVREE,10874.00
5523,2026-12-30,30,11,DIRECT,EXPEDIEE,2533.25
5524,2026-12-31,11,4,PARTENAIRE,EN_ATTENTE,12596.25
5525,2026-12-31,39,10,DIRECT,LIVREE,2421.00
5526,2027-01-01,31,2,DIRECT,EXPEDIEE,11787.25
5527,2027-01-01,7,11,DIRECT,LIVREE,42533.00
5528,2027-01-01,21,4,PARTENAIRE,LIVREE,44987.80
5529,2027-01-01,36,11,GROSSISTE,LIVREE,2584.50
5530,2027-01-01,9,1,GROSSISTE,LIVREE,3672.00
5531,2027-01-02,27,3,PARTENAIRE,LIVREE,23424.60
5532,2027-01-02,31,6,DIRECT,EXPEDIEE,5679.20
5533,2027-01-03,2,6,DIRECT,EN_ATTENTE,25330.80
5534,2027-01-03,30,4,DIRECT,LIVREE,4479.00
5535,2027-01-03,6,8,GROSSISTE,LIVREE,288.00
5536,2027-01-04,1,3,DIRECT,ANNULEE,0.00
5537,2027-01-04,12,4,GROSSISTE,LIVREE,2760.00
5538,2027-01-04,24,10,DIRECT,LIVREE,1729.30
5539,2027-01-04,14,10,PARTENAIRE,LIVREE,205.20
5540,2027-01-04,26,2,PARTENAIRE,ANNULEE,0.00
5541,2027-01-04,16,10,GROSSISTE,EXPEDIEE,6282.00
5542,2027-01-05,27,3,DIRECT,LIVREE,14129.40
5543,2027-01-05,24,4,GROSSISTE,LIVREE,1279.80
5544,2027-01-05,1,4,DIRECT,LIVREE,17332.60
5545,2027-01-05,37,2,PARTENAIRE,LIVREE,5579.75
5546,2027-01-05,24,7,PARTENAIRE,EXPEDIEE,19097.90
5547,2027-01-05,7,11,PARTENAIRE,ANNULEE,0.00
5548,2027-01-06,11,2,GROSSISTE,LIVREE,125.40
5549,2027-01-06,39,12,PARTENAIRE,ANNULEE,0.00
5550,2027-01-07,9,6,PARTENAIRE,LIVREE,14749.20
5551,2027-01-07,29,10,PARTENAIRE,LIVREE,11150.00
5552,2027-01-07,10,11,GROSSISTE,LIVREE,7244.90
5553,2027-01-07,30,12,GROSSISTE,EXPEDIEE,9854.00
5554,2027-01-07,36,2,PARTENAIRE,LIVREE,2452.50
5555,2027-01-08,4,2,EN_LIGNE,LIVREE,26552.00
5556,2027-01-08,4,10,PARTENAIRE,ANNULEE,0.00
5557,2027-01-08,37,3,EN_LIGNE,LIVREE,162.00
5558,2027-01-08,34,8,GROSSISTE,LIVREE,5268.20
5559,2027-01-08,10,1,EN_LIGNE,LIVREE,9110.40
5560,2027-01-08,33,4,PARTENAIRE,EN_ATTENTE,3859.80
5561,2027-01-08,8,11,PARTENAIRE,LIVREE,1800.00
5562,2027-01-09,1,9,GROSSISTE,LIVREE,11565.75
5563,2027-01-09,4,9,DIRECT,EN_ATTENTE,17536.00
5564,2027-01-10,8,7,EN_LIGNE,LIVREE,13867.90
5565,2027-01-10,35,7,DIRECT,LIVREE,1044.00
5566,2027-01-11,3,5,EN_LIGNE,LIVREE,35143.40
5567,2027-01-11,2,10,DIRECT,LIVREE,15536.50
5568,2027-01-11,32,7,EN_LIGNE,LIVREE,356.00
5569,2027-01-11,3,1,PARTENAIRE,LIVREE,3814.20
5570,2027-01-11,27,12,PARTENAIRE,LIVREE,3021.00
5571,2027-01-11,6,11,PARTENAIRE,ANNULEE,0.00
5572,2027-01-11,19,2,DIRECT,LIVREE,25032.00
5573,2027-01-11,20,11,GROSSISTE,EN_ATTENTE,1751.40
5574,2027-01-12,33,6,PARTENAIRE,LIVREE,21322.80
5575,2027-01-12,19,4,DIRECT,EXPEDIEE,2040.00
5576,2027-01-12,10,2,PARTENAIRE,LIVREE,3844.05
5577,2027-01-12,3,3,PARTENAIRE,LIVREE,75.00
5578,2027-01-12,6,4,DIRECT,LIVREE,8540.50
5579,2027-01-12,25,12,PARTENAIRE,ANNULEE,0.00
5580,2027-01-12,16,9,EN_LIGNE,LIVREE,33447.70
5581,2027-01-12,17,4,DIRECT,LIVREE,6048.60
5582,2027-01-13,4,10,GROSSISTE,EN_ATTENTE,18057.00
5583,2027-01-13,38,11,GROSSISTE,LIVREE,4083.30
5584,2027-01-13,30,3,PARTENAIRE,EXPEDIEE,23767.95
5585,2027-01-14,1,12,PARTENAIRE,LIVREE,2691.15
5586,2027-01-14,20,2,EN_LIGNE,EXPEDIEE,15890.90
5587,2027-01-14,15,3,DIRECT,LIVREE,34278.00
5588,2027-01-14,14,8,PARTENAIRE,LIVREE,6480.90
5589,2027-01-14,27,7,PARTENAIRE,LIVREE,7492.75
5590,2027-01-14,15,11,EN_LIGNE,EN_ATTENTE,2505.00
5591,2027-01-15,8,4,PARTENAIRE,LIVREE,25837.50
5592,2027-01-15,19,3,EN_LIGNE,EXPEDIEE,455.00
5593,2027-01-15,24,4,GROSSISTE,EXPEDIEE,9892.50
5594,2027-01-15,27,10,DIRECT,LIVREE,9040.65
5595,2027-01-15,22,3,GROSSISTE,LIVREE,10460.00
5596,2027-01-15,13,1,EN_LIGNE,LIVREE,34651.75
5597,2027-01-15,24,8,EN_LIGNE,LIVREE,4414.00
5598,2027-01-15,22,1,GROSSISTE,LIVREE,795.00
5599,2027-01-16,32,2,EN_LIGNE,LIVREE,1904.15
5600,2027-01-16,1,4,GROSSISTE,LIVREE,12857.00
5601,2027-01-16,18,8,PARTENAIRE,ANNULEE,0.00
5602,2027-01-16,28,6,EN_LIGNE,LIVREE,15231.80
5603,2027-01-16,33,2,EN_LIGNE,LIVREE,33186.30
5604,2027-01-16,34,12,EN_LIGNE,EXPEDIEE,10209.00
5605,2027-01-17,11,9,GROSSISTE,LIVREE,2677.00
5606,2027-01-17,15,10,PARTENAIRE,LIVREE,10319.00
5607,2027-01-17,3,4,EN_LIGNE,LIVREE,1875.00
5608,2027-01-17,33,4,PARTENAIRE,EN_ATTENTE,15604.20
5609,2027-01-17,25,7,DIRECT,LIVREE,12949.10
5610,2027-01-17,10,2,GROSSISTE,LIVREE,1651.10
5611,2027-01-17,2,4,EN_LIGNE,LIVREE,13139.80
5612,2027-01-17,2,12,GROSSISTE,LIVREE,18566.40
5613,2027-01-18,10,5,DIRECT,LIVREE,15861.00
5614,2027-01-18,21,5,GROSSISTE,LIVREE,5221.90
5615,2027-01-18,15,3,DIRECT,LIVREE,5653.00
5616,2027-01-18,26,5,DIRECT,LIVREE,1508.00
5617,2027-01-18,5,12,EN_LIGNE,EXPEDIEE,9876.50
5618,2027-01-18,3,6,DIRECT,LIVREE,1180.00
5619,2027-01-18,26,6,GROSSISTE,LIVREE,4246.00
5620,2027-01-18,16,8,DIRECT,LIVREE,13695.00
5621,2027-01-19,8,5,DIRECT,EN_ATTENTE,21277.80
5622,2027-01-19,31,3,PARTENAIRE,LIVREE,15024.00
5623,2027-01-19,35,4,PARTENAIRE,EXPEDIEE,8341.60
5624,2027-01-20,32,12,GROSSISTE,ANNULEE,0.00
5625,2027-01-20,20,11,DIRECT,LIVREE,6550.75
5626,2027-01-20,14,6,EN_LIGNE,LIVREE,9114.60
5627,2027-01-20,14,12,PARTENAIRE,LIVREE,3452.30
5628,2027-01-21,24,10,EN_LIGNE,ANNULEE,0.00
5629,2027-01-21,22,2,DIRECT,LIVREE,5153.20
5630,2027-01-21,40,12,GROSSISTE,LIVREE,5766.00
5631,2027-01-21,40,9,GROSSISTE,LIVREE,7292.90
5632,2027-01-22,18,12,EN_LIGNE,LIVREE,7926.00
5633,2027-01-22,25,8,DIRECT,LIVREE,18223.00
5634,2027-01-22,27,6,GROSSISTE,ANNULEE,0.00
5635,2027-01-22,14,1,DIRECT,LIVREE,356.00
5636,2027-01-22,36,4,GROSSISTE,LIVREE,13103.00
5637,2027-01-22,6,7,DIRECT,LIVREE,11144.00
5638,2027-01-22,29,6,DIRECT,LIVREE,23572.75
5639,2027-01-23,21,8,GROSSISTE,LIVREE,18655.25
5640,2027-01-23,6,8,PARTENAIRE,LIVREE,8700.00
5641,2027-01-23,12,2,PARTENAIRE,LIVREE,1344.90
5642,2027-01-23,38,9,PARTENAIRE,LIVREE,11427.60
5643,2027-01-23,13,10,PARTENAIRE,LIVREE,9608.30
5644,2027-01-23,29,7,GROSSISTE,LIVREE,17980.00
5645,2027-01-23,37,12,DIRECT,EN_ATTENTE,21733.25
5646,2027-01-23,40,1,EN_LIGNE,LIVREE,3010.00
5647,2027-01-24,9,4,DIRECT,ANNULEE,0.00
5648,2027-01-24,1,4,GROSSISTE,LIVREE,5103.00
5649,2027-01-24,29,4,EN_LIGNE,LIVREE,20582.55
5650,2027-01-24,3,4,DIRECT,LIVREE,23553.60
5651,2027-01-24,6,10,GROSSISTE,LIVREE,21253.40
5652,2027-01-25,31,12,GROSSISTE,LIVREE,10109.50
5653,2027-01-25,36,1,GROSSISTE,LIVREE,2864.50
5654,2027-01-25,40,7,PARTENAIRE,LIVREE,120.00
5655,2027-01-25,35,3,EN_LIGNE,LIVREE,8091.00
5656,2027-01-26,6,4,DIRECT,LIVREE,6186.00
5657,2027-01-26,5,10,GROSSISTE,LIVREE,28703.70
5658,2027-01-27,38,9,GROSSISTE,ANNULEE,0.00
5659,2027-01-27,14,7,GROSSISTE,EXPEDIEE,36718.50
5660,2027-01-27,36,2,PARTENAIRE,EXPEDIEE,1818.20
5661,2027-01-27,30,6,DIRECT,LIVREE,17085.00
5662,2027-01-27,16,4,EN_LIGNE,EXPEDIEE,13487.10
5663,2027-01-27,26,6,EN_LIGNE,LIVREE,12601.00
5664,2027-01-28,16,1,DIRECT,ANNULEE,0.00
5665,2027-01-28,33,2,DIRECT,EN_ATTENTE,3912.30
5666,2027-01-28,24,11,GROSSISTE,LIVREE,1079.60
5667,2027-01-28,5,6,PARTENAIRE,LIVREE,10218.65
5668,2027-01-28,19,2,EN_LIGNE,LIVREE,1425.00
5669,2027-01-28,27,5,PARTENAIRE,LIVREE,21044.60
5670,2027-01-28,38,11,GROSSISTE,LIVREE,12667.15
5671,2027-01-28,28,6,DIRECT,EXPEDIEE,4421.20
5672,2027-01-29,19,3,EN_LIGNE,EXPEDIEE,27030.60
5673,2027-01-29,26,8,DIRECT,LIVREE,12914.00
5674,2027-01-29,32,5,GROSSISTE,EXPEDIEE,39574.40
5675,2027-01-29,10,2,PARTENAIRE,EXPEDIEE,4043.25
5676,2027-01-29,8,2,DIRECT,LIVREE,1419.00
5677,2027-01-29,9,1,EN_LIGNE,LIVREE,23498.10
5678,2027-01-29,13,2,PARTENAIRE,EN_ATTENTE,14298.90
5679,2027-01-30,33,3,GROSSISTE,ANNULEE,0.00
5680,2027-01-30,27,10,PARTENAIRE,LIVREE,1702.75
5681,2027-01-30,4,8,PARTENAIRE,ANNULEE,0.00
5682,2027-01-30,10,7,PARTENAIRE,LIVREE,25553.00
5683,2027-01-30,29,5,GROSSISTE,EN_ATTENTE,18022.00
5684,2027-01-30,13,11,GROSSISTE,LIVREE,12487.00
5685,2027-01-31,29,5,GROSSISTE,EXPEDIEE,6901.00
5686,2027-01-31,26,2,PARTENAIRE,LIVREE,7096.50
5687,2027-02-01,12,11,GROSSISTE,EN_ATTENTE,12272.80
5688,2027-02-01,37,11,GROSSISTE,LIVREE,17405.70
5689,2027-02-01,21,9,DIRECT,LIVREE,478.30
5690,2027-02-01,22,12,DIRECT,LIVREE,10506.20
5691,2027-02-01,13,10,DIRECT,LIVREE,3618.90
5692,2027-02-02,21,9,DIRECT,EXPEDIEE,10590.00
5693,2027-02-02,2,1,EN_LIGNE,EN_ATTENTE,8299.05
5694,2027-02-02,20,12,GROSSISTE,LIVREE,13537.40
5695,2027-02-02,16,1,PARTENAIRE,LIVREE,23420.00
5696,2027-02-02,13,5,PARTENAIRE,LIVREE,25724.00
5697,2027-02-02,12,9,GROSSISTE,LIVREE,8091.00
5698,2027-02-03,29,10,PARTENAIRE,LIVREE,3935.70
5699,2027-02-03,3,6,PARTENAIRE,LIVREE,25793.30
5700,2027-02-03,22,11,PARTENAIRE,EXPEDIEE,22699.00
5701,2027-02-03,30,1,DIRECT,EXPEDIEE,7290.00
5702,2027-02-03,6,11,DIRECT,LIVREE,8577.35
5703,2027-02-03,5,3,GROSSISTE,LIVREE,1377.00
5704,2027-02-04,25,7,PARTENAIRE,LIVREE,5308.20
5705,2027-02-04,19,7,EN_LIGNE,LIVREE,774.00
5706,2027-02-04,13,11,EN_LIGNE,LIVREE,12504.30
5707,2027-02-04,32,9,DIRECT,LIVREE,9635.55
5708,2027-02-04,39,1,DIRECT,EN_ATTENTE,23177.30
5709,2027-02-05,9,5,EN_LIGNE,LIVREE,3699.00
5710,2027-02-05,26,11,EN_LIGNE,EN_ATTENTE,1273.20
5711,2027-02-05,19,10,GROSSISTE,EXPEDIEE,36383.90
5712,2027-02-05,25,1,DIRECT,ANNULEE,0.00
5713,2027-02-05,29,5,GROSSISTE,LIVREE,32649.00
5714,2027-02-05,11,11,PARTENAIRE,LIVREE,1632.00
5715,2027-02-05,15,7,EN_LIGNE,EXPEDIEE,3708.25
5716,2027-02-05,1,11,EN_LIGNE,LIVREE,8233.70
5717,2027-02-06,18,11,PARTENAIRE,LIVREE,307.80
5718,2027-02-06,26,5,DIRECT,EXPEDIEE,10284.00
5719,2027-02-07,6,2,DIRECT,LIVREE,27.00
5720,2027-02-07,20,12,EN_LIGNE,LIVREE,18528.50
5721,2027-02-07,35,4,GROSSISTE,LIVREE,7206.75
5722,2027-02-07,21,12,EN_LIGNE,LIVREE,22436.05
5723,2027-02-07,26,10,DIRECT,ANNULEE,0.00
5724,2027-02-07,23,12,DIRECT,LIVREE,12975.00
5725,2027-02-07,24,11,GROSSISTE,LIVREE,24273.00
5726,2027-02-07,35,6,GROSSISTE,LIVREE,180.00
5727,2027-02-08,8,10,GROSSISTE,LIVREE,16566.00
5728,2027-02-08,34,7,EN_LIGNE,EN_ATTENTE,11542.90
5729,2027-02-08,36,6,GROSSISTE,LIVREE,6429.50
5730,2027-02-08,21,2,DIRECT,LIVREE,9662.75
5731,2027-02-09,30,6,PARTENAIRE,EN_ATTENTE,902.50
5732,2027-02-09,3,6,DIRECT,EXPEDIEE,28053.00
5733,2027-02-10,30,12,EN_LIGNE,LIVREE,13487.00
5734,2027-02-10,29,9,GROSSISTE,LIVREE,6723.00
5735,2027-02-10,21,10,GROSSISTE,EN_ATTENTE,2808.00
5736,2027-02-10,36,10,DIRECT,LIVREE,1068.75
5737,2027-02-10,25,3,DIRECT,ANNULEE,0.00
5738,2027-02-10,28,6,DIRECT,LIVREE,11689.70
5739,2027-02-11,36,7,DIRECT,LIVREE,4684.50
5740,2027-02-11,34,4,DIRECT,LIVREE,25197.00
5741,2027-02-11,23,2,PARTENAIRE,LIVREE,37.80
5742,2027-02-11,24,2,PARTENAIRE,LIVREE,4989.90
5743,2027-02-11,19,11,PARTENAIRE,EXPEDIEE,29516.50
5744,2027-02-11,21,10,EN_LIGNE,EN_ATTENTE,14082.00
5745,2027-02-12,14,5,PARTENAIRE,EXPEDIEE,180.00
5746,2027-02-12,9,2,DIRECT,EXPEDIEE,16516.60
5747,2027-02-12,21,2,PARTENAIRE,LIVREE,3163.00
5748,2027-02-12,27,7,GROSSISTE,EN_ATTENTE,10099.20
5749,2027-02-12,7,6,GROSSISTE,EXPEDIEE,35075.60
5750,2027-02-13,40,6,EN_LIGNE,EXPEDIEE,297.75
5751,2027-02-13,30,10,PARTENAIRE,LIVREE,585.00
5752,2027-02-13,30,7,EN_LIGNE,LIVREE,22409.00
5753,2027-02-13,2,5,PARTENAIRE,LIVREE,8063.10
5754,2027-02-13,12,8,DIRECT,LIVREE,23555.80
5755,2027-02-13,17,11,DIRECT,EN_ATTENTE,2670.00
5756,2027-02-13,1,12,GROSSISTE,EN_ATTENTE,48347.45
5757,2027-02-14,3,1,DIRECT,LIVREE,621.00
5758,2027-02-14,5,9,EN_LIGNE,LIVREE,4373.00
5759,2027-02-14,8,5,EN_LIGNE,LIVREE,1636.85
5760,2027-02-14,16,11,DIRECT,LIVREE,2782.00
5761,2027-02-15,10,12,DIRECT,LIVREE,26573.50
5762,2027-02-15,30,2,DIRECT,EXPEDIEE,11389.00
5763,2027-02-15,13,6,EN_LIGNE,LIVREE,1508.00
5764,2027-02-15,24,8,GROSSISTE,LIVREE,22977.90
5765,2027-02-16,28,1,DIRECT,LIVREE,8412.95
5766,2027-02-16,35,9,PARTENAIRE,LIVREE,2826.00
5767,2027-02-16,14,7,PARTENAIRE,LIVREE,10956.25
5768,2027-02-16,39,12,PARTENAIRE,LIVREE,2299.10
5769,2027-02-16,3,1,DIRECT,EN_ATTENTE,13874.55
5770,2027-02-16,6,10,EN_LIGNE,LIVREE,759.00
5771,2027-02-16,23,6,GROSSISTE,LIVREE,27415.30
5772,2027-02-17,17,2,EN_LIGNE,LIVREE,3690.00
5773,2027-02-17,34,11,PARTENAIRE,LIVREE,25085.30
5774,2027-02-17,11,5,PARTENAIRE,LIVREE,2852.20
5775,2027-02-17,18,5,GROSSISTE,LIVREE,14506.00
5776,2027-02-17,9,2,PARTENAIRE,LIVREE,1967.10
5777,2027-02-17,23,8,EN_LIGNE,LIVREE,7764.00
5778,2027-02-18,33,5,GROSSISTE,LIVREE,21781.65
5779,2027-02-18,18,4,DIRECT,LIVREE,23739.40
5780,2027-02-18,29,11,DIRECT,LIVREE,16337.00
5781,2027-02-18,1,8,PARTENAIRE,EN_ATTENTE,5840.85
5782,2027-02-18,2,3,DIRECT,LIVREE,40271.20
5783,2027-02-19,18,10,PARTENAIRE,LIVREE,17947.35
5784,2027-02-19,12,6,GROSSISTE,LIVREE,1987.00
5785,2027-02-19,8,2,DIRECT,LIVREE,16338.70
5786,2027-02-19,4,9,EN_LIGNE,LIVREE,3888.90
5787,2027-02-19,3,5,PARTENAIRE,LIVREE,24319.00
5788,2027-02-19,7,9,DIRECT,LIVREE,11979.00
5789,2027-02-19,36,9,PARTENAIRE,EXPEDIEE,2406.40
5790,2027-02-20,2,10,PARTENAIRE,LIVREE,13936.05
5791,2027-02-20,14,6,DIRECT,LIVREE,7859.40
5792,2027-02-20,32,9,EN_LIGNE,LIVREE,47289.70
5793,2027-02-21,20,2,DIRECT,EXPEDIEE,6669.00
5794,2027-02-21,29,4,EN_LIGNE,LIVREE,2604.00
5795,2027-02-21,20,10,EN_LIGNE,LIVREE,5889.60
5796,2027-02-21,33,8,PARTENAIRE,ANNULEE,0.00
5797,2027-02-21,21,1,GROSSISTE,LIVREE,3357.75
5798,2027-02-22,25,8,DIRECT,LIVREE,591.85
5799,2027-02-22,14,11,EN_LIGNE,LIVREE,14296.45
5800,2027-02-22,8,9,DIRECT,EN_ATTENTE,5133.15
5801,2027-02-22,15,12,GROSSISTE,LIVREE,15672.00
5802,2027-02-22,33,6,GROSSISTE,ANNULEE,0.00
5803,2027-02-23,29,9,DIRECT,LIVREE,8991.50
5804,2027-02-23,33,6,PARTENAIRE,LIVREE,6649.20
5805,2027-02-23,22,4,PARTENAIRE,EN_ATTENTE,7959.00
5806,2027-02-23,18,11,DIRECT,LIVREE,5977.70
5807,2027-02-23,39,6,GROSSISTE,EN_ATTENTE,3360.00
5808,2027-02-23,4,12,EN_LIGNE,LIVREE,26315.20
5809,2027-02-23,15,2,GROSSISTE,EXPEDIEE,10702.30
5810,2027-02-23,2,12,GROSSISTE,LIVREE,5545.00
5811,2027-02-24,30,1,PARTENAIRE,LIVREE,10025.00
5812,2027-02-24,2,10,PARTENAIRE,LIVREE,13747.45
5813,2027-02-24,24,11,GROSSISTE,LIVREE,853.20
5814,2027-02-25,32,1,GROSSISTE,LIVREE,12894.70
5815,2027-02-25,20,9,PARTENAIRE,LIVREE,17593.50
5816,2027-02-25,26,1,DIRECT,LIVREE,395.20
5817,2027-02-25,17,10,PARTENAIRE,LIVREE,5342.00
5818,2027-02-25,36,4,PARTENAIRE,EN_ATTENTE,22202.00
5819,2027-02-25,39,7,PARTENAIRE,LIVREE,4186.10
5820,2027-02-26,26,1,EN_LIGNE,LIVREE,6584.10
5821,2027-02-26,26,6,DIRECT,LIVREE,44615.30
5822,2027-02-26,30,10,PARTENAIRE,LIVREE,3485.20
5823,2027-02-26,6,8,GROSSISTE,LIVREE,25554.00
5824,2027-02-27,26,10,DIRECT,LIVREE,24392.00
5825,2027-02-27,21,1,GROSSISTE,LIVREE,8878.90
5826,2027-02-27,30,7,EN_LIGNE,LIVREE,22676.60
5827,2027-02-27,2,1,PARTENAIRE,LIVREE,16752.60
5828,2027-02-27,10,9,GROSSISTE,LIVREE,3038.80
5829,2027-02-28,4,2,EN_LIGNE,LIVREE,777.60
5830,2027-02-28,29,1,PARTENAIRE,LIVREE,13629.90
5831,2027-02-28,28,3,PARTENAIRE,EXPEDIEE,8691.00
5832,2027-02-28,32,10,GROSSISTE,LIVREE,7702.20
5833,2027-02-28,26,5,PARTENAIRE,EXPEDIEE,8301.00
5834,2027-03-01,26,12,GROSSISTE,LIVREE,5319.00
5835,2027-03-01,28,2,GROSSISTE,LIVREE,646.00
5836,2027-03-01,19,3,GROSSISTE,EXPEDIEE,5260.80
5837,2027-03-01,17,7,GROSSISTE,EXPEDIEE,330.80
5838,2027-03-01,14,2,PARTENAIRE,LIVREE,4239.40
5839,2027-03-02,14,4,EN_LIGNE,LIVREE,6080.00
5840,2027-03-02,14,9,GROSSISTE,LIVREE,4538.70
5841,2027-03-02,24,5,DIRECT,LIVREE,7661.00
5842,2027-03-02,35,3,GROSSISTE,ANNULEE,0.00
5843,2027-03-02,29,7,GROSSISTE,EXPEDIEE,738.00
5844,2027-03-02,37,6,EN_LIGNE,EXPEDIEE,1508.00
5845,2027-03-02,38,3,EN_LIGNE,LIVREE,2268.45
5846,2027-03-03,12,9,GROSSISTE,LIVREE,2407.00
5847,2027-03-03,40,6,EN_LIGNE,EN_ATTENTE,6300.50
5848,2027-03-03,5,10,GROSSISTE,LIVREE,2162.70
5849,2027-03-03,4,7,GROSSISTE,LIVREE,8625.10
5850,2027-03-03,34,2,DIRECT,LIVREE,6423.30
5851,2027-03-03,37,1,EN_LIGNE,LIVREE,19697.30
5852,2027-03-04,36,2,PARTENAIRE,LIVREE,10017.00
5853,2027-03-04,6,5,EN_LIGNE,LIVREE,4310.90
5854,2027-03-04,3,6,EN_LIGNE,LIVREE,9212.40
5855,2027-03-04,26,2,PARTENAIRE,LIVREE,34785.00
5856,2027-03-04,6,6,PARTENAIRE,LIVREE,5679.00
5857,2027-03-04,10,12,DIRECT,LIVREE,6299.70
5858,2027-03-04,27,6,EN_LIGNE,LIVREE,4884.00
5859,2027-03-05,34,2,EN_LIGNE,LIVREE,23637.75
5860,2027-03-05,35,3,EN_LIGNE,LIVREE,204.00
5861,2027-03-05,11,7,DIRECT,LIVREE,1977.00
5862,2027-03-05,31,4,EN_LIGNE,LIVREE,27195.00
5863,2027-03-06,2,8,DIRECT,EXPEDIEE,5612.75
5864,2027-03-06,23,10,DIRECT,LIVREE,1500.00
5865,2027-03-06,31,9,DIRECT,LIVREE,22959.40
5866,2027-03-07,17,2,DIRECT,LIVREE,7593.30
5867,2027-03-07,30,9,DIRECT,ANNULEE,0.00
5868,2027-03-07,13,3,PARTENAIRE,LIVREE,5534.25
5869,2027-03-07,16,7,EN_LIGNE,LIVREE,3672.00
5870,2027-03-07,19,8,GROSSISTE,LIVREE,15876.20
5871,2027-03-07,10,12,DIRECT,LIVREE,2267.00
5872,2027-03-08,2,4,EN_LIGNE,LIVREE,25722.90
5873,2027-03-08,7,11,GROSSISTE,LIVREE,8388.00
5874,2027-03-08,35,1,PARTENAIRE,ANNULEE,0.00
5875,2027-03-08,15,11,EN_LIGNE,LIVREE,34549.35
5876,2027-03-09,39,4,EN_LIGNE,LIVREE,20331.00
5877,2027-03-09,19,12,EN_LIGNE,LIVREE,15575.85
5878,2027-03-09,33,5,EN_LIGNE,EXPEDIEE,1326.00
5879,2027-03-09,1,7,GROSSISTE,LIVREE,5056.80
5880,2027-03-09,11,1,EN_LIGNE,LIVREE,5443.70
5881,2027-03-10,28,11,EN_LIGNE,LIVREE,5700.65
5882,2027-03-10,11,12,PARTENAIRE,LIVREE,18867.60
5883,2027-03-10,20,1,PARTENAIRE,LIVREE,21724.15
5884,2027-03-10,31,11,PARTENAIRE,EXPEDIEE,21822.85
5885,2027-03-10,26,10,PARTENAIRE,LIVREE,5332.40
5886,2027-03-10,32,6,DIRECT,LIVREE,3816.00
5887,2027-03-10,38,11,GROSSISTE,LIVREE,951.50
5888,2027-03-11,36,8,EN_LIGNE,EXPEDIEE,12737.40
5889,2027-03-11,7,2,DIRECT,LIVREE,1382.00
5890,2027-03-11,4,1,DIRECT,LIVREE,29590.00
5891,2027-03-11,40,5,PARTENAIRE,LIVREE,2808.30
5892,2027-03-12,16,2,EN_LIGNE,LIVREE,4279.35
5893,2027-03-12,7,1,GROSSISTE,LIVREE,25744.65
5894,2027-03-12,16,10,PARTENAIRE,LIVREE,11195.30
5895,2027-03-13,32,4,PARTENAIRE,EN_ATTENTE,12106.20
5896,2027-03-13,5,5,EN_LIGNE,EXPEDIEE,4383.95
5897,2027-03-13,2,4,GROSSISTE,LIVREE,6017.10
5898,2027-03-14,30,6,PARTENAIRE,LIVREE,5995.80
5899,2027-03-14,29,4,GROSSISTE,LIVREE,3868.10
5900,2027-03-14,18,12,GROSSISTE,LIVREE,10983.50
5901,2027-03-14,14,10,PARTENAIRE,LIVREE,37554.00
5902,2027-03-15,3,12,GROSSISTE,LIVREE,2760.00
5903,2027-03-15,28,4,DIRECT,LIVREE,9873.80
5904,2027-03-15,23,6,PARTENAIRE,LIVREE,2421.00
5905,2027-03-15,25,12,PARTENAIRE,LIVREE,370.50
5906,2027-03-15,29,7,PARTENAIRE,LIVREE,16568.10
5907,2027-03-16,33,5,GROSSISTE,LIVREE,21250.00
5908,2027-03-16,21,1,GROSSISTE,LIVREE,16860.60
5909,2027-03-16,13,6,EN_LIGNE,EXPEDIEE,6039.00
5910,2027-03-17,40,2,PARTENAIRE,LIVREE,734.40
5911,2027-03-17,27,5,PARTENAIRE,LIVREE,18150.00
5912,2027-03-17,39,8,EN_LIGNE,LIVREE,10765.75
5913,2027-03-17,31,7,EN_LIGNE,LIVREE,11421.90
5914,2027-03-17,32,9,EN_LIGNE,LIVREE,6896.30
5915,2027-03-17,10,10,EN_LIGNE,LIVREE,1134.00
5916,2027-03-18,32,9,DIRECT,LIVREE,20469.60
5917,2027-03-18,17,5,EN_LIGNE,LIVREE,8392.40
5918,2027-03-19,17,5,GROSSISTE,EN_ATTENTE,24173.75
5919,2027-03-19,7,7,EN_LIGNE,LIVREE,3180.00
5920,2027-03-19,20,1,GROSSISTE,LIVREE,2520.00
5921,2027-03-20,33,12,DIRECT,LIVREE,11638.80
5922,2027-03-20,7,5,EN_LIGNE,LIVREE,11390.70
5923,2027-03-21,10,8,EN_LIGNE,LIVREE,17216.00
5924,2027-03-21,30,12,GROSSISTE,ANNULEE,0.00
5925,2027-03-21,27,4,EN_LIGNE,LIVREE,4545.00
5926,2027-03-21,29,3,DIRECT,LIVREE,9919.00
5927,2027-03-21,34,6,PARTENAIRE,EXPEDIEE,15271.00
5928,2027-03-21,9,8,EN_LIGNE,LIVREE,18819.10
5929,2027-03-21,34,10,EN_LIGNE,ANNULEE,0.00
5930,2027-03-22,17,9,EN_LIGNE,EN_ATTENTE,8235.00
5931,2027-03-22,32,3,GROSSISTE,EXPEDIEE,29111.40
5932,2027-03-22,11,7,PARTENAIRE,LIVREE,13563.50
5933,2027-03-22,17,1,DIRECT,LIVREE,8855.00
5934,2027-03-22,35,3,GROSSISTE,LIVREE,440.00
5935,2027-03-22,3,1,DIRECT,LIVREE,23257.00
5936,2027-03-22,3,11,DIRECT,LIVREE,16129.90
5937,2027-03-23,6,6,DIRECT,EXPEDIEE,15571.00
5938,2027-03-23,12,1,DIRECT,ANNULEE,0.00
5939,2027-03-23,20,10,EN_LIGNE,LIVREE,8044.00
5940,2027-03-23,32,5,EN_LIGNE,LIVREE,19876.40
5941,2027-03-23,3,9,DIRECT,LIVREE,2880.00
5942,2027-03-23,6,3,GROSSISTE,ANNULEE,0.00
5943,2027-03-23,4,11,EN_LIGNE,LIVREE,25.65
5944,2027-03-24,4,4,PARTENAIRE,LIVREE,31042.30
5945,2027-03-24,10,7,PARTENAIRE,LIVREE,3243.00
5946,2027-03-24,30,10,GROSSISTE,ANNULEE,0.00
5947,2027-03-24,33,3,PARTENAIRE,LIVREE,27211.55
5948,2027-03-25,28,4,EN_LIGNE,LIVREE,2201.80
5949,2027-03-25,1,5,PARTENAIRE,LIVREE,1212.20
5950,2027-03-25,30,5,GROSSISTE,LIVREE,14553.60
5951,2027-03-25,11,9,PARTENAIRE,LIVREE,4017.95
5952,2027-03-25,6,9,DIRECT,EXPEDIEE,3921.90
5953,2027-03-25,12,5,DIRECT,LIVREE,1917.00
5954,2027-03-25,28,11,DIRECT,LIVREE,27562.65
5955,2027-03-26,5,2,DIRECT,LIVREE,7715.20
5956,2027-03-26,9,3,DIRECT,LIVREE,6515.85
5957,2027-03-26,2,1,PARTENAIRE,LIVREE,4343.40
5958,2027-03-26,11,12,PARTENAIRE,LIVREE,12423.50
5959,2027-03-26,16,1,PARTENAIRE,EXPEDIEE,10931.80
5960,2027-03-27,16,1,DIRECT,LIVREE,53306.00
5961,2027-03-27,25,3,DIRECT,LIVREE,7366.00
5962,2027-03-27,28,6,EN_LIGNE,LIVREE,6043.00
5963,2027-03-27,26,6,EN_LIGNE,LIVREE,10312.10
5964,2027-03-27,13,7,GROSSISTE,LIVREE,22519.00
5965,2027-03-27,34,6,PARTENAIRE,LIVREE,15116.10
5966,2027-03-28,35,8,EN_LIGNE,LIVREE,3314.15
5967,2027-03-28,28,7,PARTENAIRE,LIVREE,9199.20
5968,2027-03-28,11,4,GROSSISTE,EXPEDIEE,28852.40
5969,2027-03-28,20,3,GROSSISTE,LIVREE,20556.00
5970,2027-03-28,38,6,EN_LIGNE,LIVREE,3166.50
5971,2027-03-28,36,5,EN_LIGNE,LIVREE,5460.50
5972,2027-03-28,16,2,GROSSISTE,EXPEDIEE,3632.90
5973,2027-03-28,21,9,PARTENAIRE,LIVREE,345.00
5974,2027-03-29,40,12,PARTENAIRE,LIVREE,7347.50
5975,2027-03-29,38,4,GROSSISTE,EN_ATTENTE,11263.20
5976,2027-03-29,33,1,PARTENAIRE,LIVREE,35836.55
5977,2027-03-29,33,11,PARTENAIRE,LIVREE,14927.00
5978,2027-03-30,14,9,EN_LIGNE,LIVREE,1508.00
5979,2027-03-30,9,5,DIRECT,LIVREE,26980.20
5980,2027-03-30,3,12,GROSSISTE,LIVREE,484.00
5981,2027-03-30,35,7,DIRECT,ANNULEE,0.00
5982,2027-03-30,33,1,GROSSISTE,LIVREE,1311.00
5983,2027-03-30,22,4,PARTENAIRE,LIVREE,2081.00
5984,2027-03-31,24,3,DIRECT,LIVREE,759.00
5985,2027-03-31,23,7,PARTENAIRE,LIVREE,14016.60
5986,2027-03-31,23,8,GROSSISTE,LIVREE,3821.85
5987,2027-03-31,9,9,PARTENAIRE,EXPEDIEE,8313.00
5988,2027-03-31,21,8,GROSSISTE,LIVREE,2054.00
5989,2027-03-31,29,10,PARTENAIRE,EXPEDIEE,5551.20
5990,2027-04-01,12,5,DIRECT,LIVREE,29868.15
5991,2027-04-01,25,3,DIRECT,LIVREE,14229.10
5992,2027-04-01,5,7,EN_LIGNE,LIVREE,24860.10
5993,2027-04-01,24,1,GROSSISTE,LIVREE,18756.95
5994,2027-04-01,35,2,DIRECT,LIVREE,23303.00
5995,2027-04-01,27,3,DIRECT,ANNULEE,0.00
5996,2027-04-02,35,8,EN_LIGNE,LIVREE,5313.20
5997,2027-04-02,33,7,EN_LIGNE,LIVREE,24097.25
5998,2027-04-02,38,7,PARTENAIRE,LIVREE,6451.25
5999,2027-04-03,35,3,GROSSISTE,LIVREE,25045.70
6000,2027-04-03,24,3,DIRECT,EXPEDIEE,3626.10
6001,2027-04-03,8,5,EN_LIGNE,ANNULEE,0.00
6002,2027-04-03,3,12,PARTENAIRE,ANNULEE,0.00
6003,2027-04-04,21,8,GROSSISTE,LIVREE,2359.00
6004,2027-04-04,27,3,DIRECT,EXPEDIEE,19490.00
6005,2027-04-04,28,2,GROSSISTE,LIVREE,14140.90
6006,2027-04-04,10,10,DIRECT,LIVREE,2050.50
6007,2027-04-04,14,4,EN_LIGNE,LIVREE,2252.00
6008,2027-04-04,34,6,GROSSISTE,LIVREE,8721.00
6009,2027-04-05,10,1,EN_LIGNE,EXPEDIEE,23666.40
6010,2027-04-05,35,7,DIRECT,LIVREE,26383.00
6011,2027-04-06,6,9,DIRECT,LIVREE,9384.00
6012,2027-04-06,20,10,EN_LIGNE,LIVREE,4170.00
6013,2027-04-06,15,3,DIRECT,LIVREE,8061.80
6014,2027-04-06,24,2,GROSSISTE,LIVREE,4648.35
6015,2027-04-07,23,4,PARTENAIRE,EN_ATTENTE,630.00
6016,2027-04-07,2,10,GROSSISTE,LIVREE,41934.20
6017,2027-04-07,26,8,DIRECT,ANNULEE,0.00
6018,2027-04-07,18,9,DIRECT,LIVREE,9712.25
6019,2027-04-07,34,12,EN_LIGNE,LIVREE,12275.95
6020,2027-04-07,3,1,DIRECT,LIVREE,18907.30
6021,2027-04-07,32,12,EN_LIGNE,LIVREE,10014.45
6022,2027-04-08,27,8,DIRECT,LIVREE,7009.20
6023,2027-04-08,39,5,PARTENAIRE,LIVREE,23809.00
6024,2027-04-08,13,3,DIRECT,LIVREE,3198.05
6025,2027-04-08,21,9,PARTENAIRE,LIVREE,2403.75
6026,2027-04-08,3,4,EN_LIGNE,LIVREE,7584.80
6027,2027-04-09,11,8,GROSSISTE,LIVREE,8317.45
6028,2027-04-09,6,1,PARTENAIRE,LIVREE,11918.70
6029,2027-04-09,1,11,EN_LIGNE,LIVREE,19338.00
6030,2027-04-09,4,4,EN_LIGNE,LIVREE,36180.75
6031,2027-04-09,7,7,EN_LIGNE,LIVREE,942.00
6032,2027-04-10,39,8,EN_LIGNE,LIVREE,23049.20
6033,2027-04-10,20,9,DIRECT,LIVREE,8987.55
6034,2027-04-10,33,12,EN_LIGNE,LIVREE,25349.80
6035,2027-04-10,28,10,PARTENAIRE,LIVREE,12826.50
6036,2027-04-11,6,7,EN_LIGNE,LIVREE,17810.50
6037,2027-04-11,10,2,GROSSISTE,LIVREE,205.20
6038,2027-04-11,28,9,GROSSISTE,LIVREE,8080.50
6039,2027-04-11,29,4,EN_LIGNE,EXPEDIEE,625.10
6040,2027-04-12,27,7,GROSSISTE,LIVREE,4779.00
6041,2027-04-12,23,10,EN_LIGNE,LIVREE,1125.60
6042,2027-04-12,1,4,GROSSISTE,LIVREE,162.00
6043,2027-04-13,3,7,GROSSISTE,EN_ATTENTE,20094.00
6044,2027-04-13,13,11,EN_LIGNE,ANNULEE,0.00
6045,2027-04-13,14,12,GROSSISTE,LIVREE,2823.30
6046,2027-04-14,8,8,GROSSISTE,ANNULEE,0.00
6047,2027-04-14,11,11,GROSSISTE,LIVREE,2826.10
6048,2027-04-14,7,8,PARTENAIRE,LIVREE,4002.00
6049,2027-04-14,30,4,EN_LIGNE,ANNULEE,0.00
6050,2027-04-14,38,3,EN_LIGNE,EXPEDIEE,2974.60
6051,2027-04-15,31,8,PARTENAIRE,LIVREE,41446.70
6052,2027-04-15,34,4,PARTENAIRE,EXPEDIEE,29210.10
6053,2027-04-15,23,6,GROSSISTE,EN_ATTENTE,8546.00
6054,2027-04-15,18,5,GROSSISTE,LIVREE,3725.00
6055,2027-04-15,32,7,EN_LIGNE,LIVREE,5841.00
6056,2027-04-15,14,4,GROSSISTE,LIVREE,8011.20
6057,2027-04-16,9,10,EN_LIGNE,LIVREE,15619.05
6058,2027-04-16,21,10,EN_LIGNE,LIVREE,35383.70
6059,2027-04-17,27,3,PARTENAIRE,LIVREE,26700.50
6060,2027-04-17,24,4,PARTENAIRE,LIVREE,2388.00
6061,2027-04-17,11,12,DIRECT,LIVREE,20079.00
6062,2027-04-17,15,2,GROSSISTE,LIVREE,9539.90
6063,2027-04-17,25,9,GROSSISTE,LIVREE,872.40
6064,2027-04-17,23,6,PARTENAIRE,LIVREE,19404.60
6065,2027-04-18,40,7,PARTENAIRE,LIVREE,4031.80
6066,2027-04-18,33,4,PARTENAIRE,EN_ATTENTE,7943.60
6067,2027-04-18,8,11,GROSSISTE,LIVREE,14278.00
6068,2027-04-18,12,1,EN_LIGNE,LIVREE,11088.60
6069,2027-04-18,25,3,DIRECT,LIVREE,6719.50
6070,2027-04-19,29,9,DIRECT,EN_ATTENTE,31216.05
6071,2027-04-19,24,12,DIRECT,LIVREE,1726.00
6072,2027-04-19,2,1,PARTENAIRE,LIVREE,26473.30
6073,2027-04-19,11,9,GROSSISTE,LIVREE,9398.70
6074,2027-04-20,1,11,EN_LIGNE,LIVREE,5584.00
6075,2027-04-20,25,5,PARTENAIRE,LIVREE,1673.40
6076,2027-04-20,28,10,DIRECT,EN_ATTENTE,12075.80
6077,2027-04-20,30,1,PARTENAIRE,LIVREE,2344.75
6078,2027-04-21,3,10,GROSSISTE,LIVREE,27160.50
6079,2027-04-21,27,5,PARTENAIRE,LIVREE,23016.70
6080,2027-04-21,22,5,EN_LIGNE,EXPEDIEE,2688.00
6081,2027-04-21,12,3,EN_LIGNE,LIVREE,19643.15
6082,2027-04-21,37,9,GROSSISTE,LIVREE,21049.80
6083,2027-04-22,12,4,EN_LIGNE,LIVREE,666.90
6084,2027-04-22,6,6,PARTENAIRE,LIVREE,47209.50
6085,2027-04-22,18,8,PARTENAIRE,LIVREE,38751.00
6086,2027-04-22,21,1,PARTENAIRE,LIVREE,13671.80
6087,2027-04-23,32,9,EN_LIGNE,EN_ATTENTE,30687.20
6088,2027-04-23,31,7,EN_LIGNE,LIVREE,14929.70
6089,2027-04-23,27,2,GROSSISTE,EN_ATTENTE,8649.60
6090,2027-04-23,28,1,DIRECT,LIVREE,420.00
6091,2027-04-23,14,7,PARTENAIRE,LIVREE,14116.05
6092,2027-04-23,14,12,PARTENAIRE,LIVREE,1510.20
6093,2027-04-23,19,11,DIRECT,LIVREE,1140.00
6094,2027-04-24,24,4,GROSSISTE,LIVREE,6039.00
6095,2027-04-24,28,10,PARTENAIRE,EN_ATTENTE,32183.40
6096,2027-04-24,26,11,EN_LIGNE,LIVREE,6717.60
6097,2027-04-24,14,10,PARTENAIRE,LIVREE,13858.00
6098,2027-04-24,3,10,PARTENAIRE,LIVREE,25172.00
6099,2027-04-25,10,2,PARTENAIRE,EXPEDIEE,39792.00
6100,2027-04-25,21,6,GROSSISTE,LIVREE,4951.75
6101,2027-04-26,8,7,EN_LIGNE,EXPEDIEE,2442.00
6102,2027-04-26,11,4,GROSSISTE,EXPEDIEE,3120.75
6103,2027-04-27,29,6,EN_LIGNE,LIVREE,3204.00
6104,2027-04-27,9,8,EN_LIGNE,LIVREE,7777.00
6105,2027-04-27,4,9,EN_LIGNE,LIVREE,11487.90
6106,2027-04-27,35,4,PARTENAIRE,LIVREE,31999.10
6107,2027-04-28,27,8,EN_LIGNE,LIVREE,1800.00
6108,2027-04-28,12,1,EN_LIGNE,LIVREE,2664.00
6109,2027-04-28,5,4,PARTENAIRE,EXPEDIEE,28021.50
6110,2027-04-28,36,10,EN_LIGNE,LIVREE,21947.80
6111,2027-04-28,17,4,DIRECT,LIVREE,6659.45
6112,2027-04-29,25,7,PARTENAIRE,LIVREE,15943.80
6113,2027-04-29,24,4,GROSSISTE,EXPEDIEE,32847.50
6114,2027-04-29,19,2,EN_LIGNE,LIVREE,495.90
6115,2027-04-29,23,10,DIRECT,LIVREE,57.60
6116,2027-04-29,9,6,GROSSISTE,LIVREE,9121.10
6117,2027-04-29,21,1,PARTENAIRE,EXPEDIEE,604.80
6118,2027-04-29,28,9,EN_LIGNE,LIVREE,32364.50
6119,2027-04-30,25,12,DIRECT,LIVREE,17849.00
6120,2027-04-30,12,1,EN_LIGNE,LIVREE,14557.00
6121,2027-05-01,4,10,PARTENAIRE,LIVREE,2955.00
6122,2027-05-01,12,9,GROSSISTE,ANNULEE,0.00
6123,2027-05-01,34,11,PARTENAIRE,LIVREE,22467.00
6124,2027-05-02,23,3,DIRECT,LIVREE,9014.70
6125,2027-05-02,19,11,PARTENAIRE,LIVREE,24626.70
6126,2027-05-02,3,10,GROSSISTE,EXPEDIEE,7553.50
6127,2027-05-02,6,5,EN_LIGNE,LIVREE,2250.00
6128,2027-05-02,13,5,PARTENAIRE,LIVREE,5244.85
6129,2027-05-03,39,9,GROSSISTE,LIVREE,135.00
6130,2027-05-03,34,5,DIRECT,LIVREE,18612.40
6131,2027-05-04,15,1,PARTENAIRE,LIVREE,14582.00
6132,2027-05-04,16,4,EN_LIGNE,LIVREE,20991.15
6133,2027-05-04,27,6,EN_LIGNE,LIVREE,14644.90
6134,2027-05-04,26,4,GROSSISTE,LIVREE,5468.00
6135,2027-05-04,30,9,DIRECT,EN_ATTENTE,31766.00
6136,2027-05-04,24,5,DIRECT,LIVREE,1116.00
6137,2027-05-05,18,4,EN_LIGNE,LIVREE,3181.35
6138,2027-05-05,15,6,EN_LIGNE,LIVREE,8762.00
6139,2027-05-05,21,2,DIRECT,LIVREE,34112.90
6140,2027-05-06,4,11,PARTENAIRE,LIVREE,8613.70
6141,2027-05-06,19,6,PARTENAIRE,LIVREE,1474.20
6142,2027-05-06,23,3,EN_LIGNE,LIVREE,18208.75
6143,2027-05-06,17,8,DIRECT,LIVREE,17415.40
6144,2027-05-06,8,9,DIRECT,LIVREE,2312.50
6145,2027-05-06,26,9,GROSSISTE,LIVREE,42328.30
6146,2027-05-06,5,5,GROSSISTE,EXPEDIEE,14589.15
6147,2027-05-06,17,11,PARTENAIRE,LIVREE,1902.30
6148,2027-05-07,38,12,DIRECT,LIVREE,1986.00
6149,2027-05-07,21,3,GROSSISTE,LIVREE,4756.40
6150,2027-05-07,22,4,PARTENAIRE,LIVREE,5022.75
6151,2027-05-07,25,11,GROSSISTE,LIVREE,27158.00
6152,2027-05-07,38,7,PARTENAIRE,LIVREE,3090.30
6153,2027-05-07,39,10,DIRECT,LIVREE,13844.10
6154,2027-05-07,28,10,GROSSISTE,LIVREE,13613.00
6155,2027-05-07,14,4,GROSSISTE,LIVREE,28787.05
6156,2027-05-08,2,5,PARTENAIRE,ANNULEE,0.00
6157,2027-05-08,19,8,GROSSISTE,LIVREE,16418.10
6158,2027-05-08,18,6,DIRECT,LIVREE,2980.00
6159,2027-05-08,33,5,EN_LIGNE,EN_ATTENTE,9873.00
6160,2027-05-08,12,2,PARTENAIRE,EXPEDIEE,4957.20
6161,2027-05-08,2,9,EN_LIGNE,EXPEDIEE,7720.00
6162,2027-05-09,1,8,DIRECT,LIVREE,3412.80
6163,2027-05-09,13,1,EN_LIGNE,LIVREE,31533.80
6164,2027-05-09,6,10,GROSSISTE,EXPEDIEE,9947.40
6165,2027-05-09,23,10,EN_LIGNE,LIVREE,2160.00
6166,2027-05-09,28,9,EN_LIGNE,EXPEDIEE,27219.45
6167,2027-05-10,30,9,EN_LIGNE,LIVREE,3180.00
6168,2027-05-10,33,5,EN_LIGNE,LIVREE,5449.00
6169,2027-05-10,23,4,PARTENAIRE,EN_ATTENTE,13891.15
6170,2027-05-10,36,3,EN_LIGNE,LIVREE,35285.00
6171,2027-05-10,32,6,PARTENAIRE,EXPEDIEE,28778.90
6172,2027-05-10,6,10,GROSSISTE,LIVREE,2423.00
6173,2027-05-11,34,2,DIRECT,EN_ATTENTE,715.45
6174,2027-05-11,38,4,EN_LIGNE,LIVREE,27221.15
6175,2027-05-12,5,4,DIRECT,LIVREE,4551.00
6176,2027-05-12,15,6,EN_LIGNE,EXPEDIEE,3899.25
6177,2027-05-12,6,8,GROSSISTE,LIVREE,24418.75
6178,2027-05-12,27,12,PARTENAIRE,LIVREE,1081.60
6179,2027-05-13,40,8,DIRECT,LIVREE,1640.30
6180,2027-05-13,14,11,GROSSISTE,EXPEDIEE,3535.20
6181,2027-05-13,30,1,DIRECT,LIVREE,21973.00
6182,2027-05-13,17,6,DIRECT,LIVREE,2980.00
6183,2027-05-13,14,8,DIRECT,LIVREE,10029.50
6184,2027-05-13,13,8,DIRECT,LIVREE,6111.50
6185,2027-05-13,17,2,GROSSISTE,EN_ATTENTE,19464.30
6186,2027-05-14,27,10,PARTENAIRE,LIVREE,3725.00
6187,2027-05-14,39,12,PARTENAIRE,LIVREE,4488.75
6188,2027-05-14,6,7,DIRECT,ANNULEE,0.00
6189,2027-05-15,7,2,DIRECT,LIVREE,22781.10
6190,2027-05-15,36,2,PARTENAIRE,LIVREE,8068.80
6191,2027-05-15,36,4,DIRECT,EN_ATTENTE,23658.35
6192,2027-05-15,21,9,PARTENAIRE,LIVREE,270.00
6193,2027-05-15,16,5,PARTENAIRE,ANNULEE,0.00
6194,2027-05-15,23,4,PARTENAIRE,EN_ATTENTE,4590.00
6195,2027-05-15,28,11,DIRECT,LIVREE,929.70
6196,2027-05-15,5,7,EN_LIGNE,LIVREE,10398.30
6197,2027-05-16,6,6,DIRECT,EXPEDIEE,1163.70
6198,2027-05-16,4,5,GROSSISTE,LIVREE,16464.90
6199,2027-05-16,10,8,EN_LIGNE,LIVREE,6371.10
6200,2027-05-16,23,1,EN_LIGNE,LIVREE,16904.80
6201,2027-05-16,34,11,PARTENAIRE,EXPEDIEE,3999.30
6202,2027-05-16,29,5,PARTENAIRE,LIVREE,6935.55
6203,2027-05-16,36,1,GROSSISTE,LIVREE,14218.70
6204,2027-05-17,33,7,EN_LIGNE,LIVREE,3576.00
6205,2027-05-17,38,1,GROSSISTE,LIVREE,12681.00
6206,2027-05-17,22,4,PARTENAIRE,LIVREE,6057.20
6207,2027-05-18,23,10,DIRECT,LIVREE,6219.45
6208,2027-05-18,4,7,GROSSISTE,LIVREE,1271.50
6209,2027-05-18,10,5,DIRECT,LIVREE,451.25
6210,2027-05-18,37,7,DIRECT,LIVREE,2612.50
6211,2027-05-19,5,11,PARTENAIRE,EXPEDIEE,17004.00
6212,2027-05-19,19,12,EN_LIGNE,ANNULEE,0.00
6213,2027-05-19,18,3,GROSSISTE,LIVREE,2494.00
6214,2027-05-20,27,8,DIRECT,LIVREE,11999.90
6215,2027-05-20,3,10,GROSSISTE,LIVREE,18786.35
6216,2027-05-20,11,1,EN_LIGNE,LIVREE,9735.00
6217,2027-05-21,36,6,EN_LIGNE,LIVREE,19162.30
6218,2027-05-21,38,3,DIRECT,ANNULEE,0.00
6219,2027-05-21,20,11,PARTENAIRE,ANNULEE,0.00
6220,2027-05-21,16,6,PARTENAIRE,LIVREE,11336.75
6221,2027-05-21,17,11,EN_LIGNE,LIVREE,13883.35
6222,2027-05-21,26,5,PARTENAIRE,LIVREE,13296.85
6223,2027-05-21,15,11,DIRECT,LIVREE,121.50
6224,2027-05-21,31,5,EN_LIGNE,LIVREE,6790.00
6225,2027-05-22,31,3,GROSSISTE,LIVREE,9788.25
6226,2027-05-22,40,1,DIRECT,EXPEDIEE,18826.20
6227,2027-05-22,12,8,DIRECT,ANNULEE,0.00
6228,2027-05-23,32,2,EN_LIGNE,LIVREE,3157.20
6229,2027-05-23,5,2,EN_LIGNE,ANNULEE,0.00
6230,2027-05-23,31,6,DIRECT,LIVREE,66.00
6231,2027-05-23,14,2,GROSSISTE,LIVREE,7869.40
6232,2027-05-23,8,5,EN_LIGNE,LIVREE,1701.00
6233,2027-05-23,29,2,EN_LIGNE,LIVREE,1137.00
6234,2027-05-24,14,10,PARTENAIRE,LIVREE,21723.75
6235,2027-05-24,9,2,PARTENAIRE,ANNULEE,0.00
6236,2027-05-24,40,6,EN_LIGNE,LIVREE,13362.30
6237,2027-05-24,12,2,GROSSISTE,LIVREE,5655.20
6238,2027-05-24,27,1,DIRECT,LIVREE,50510.00
6239,2027-05-24,20,3,GROSSISTE,EXPEDIEE,29550.00
6240,2027-05-24,9,2,DIRECT,EN_ATTENTE,3672.00
6241,2027-05-24,28,7,PARTENAIRE,LIVREE,16646.50
6242,2027-05-25,10,4,PARTENAIRE,EXPEDIEE,1745.00
6243,2027-05-25,18,1,GROSSISTE,LIVREE,2443.30
6244,2027-05-25,31,11,DIRECT,LIVREE,15637.85
6245,2027-05-25,2,9,EN_LIGNE,LIVREE,26018.40
6246,2027-05-25,27,12,PARTENAIRE,LIVREE,619.00
6247,2027-05-25,29,10,PARTENAIRE,ANNULEE,0.00
6248,2027-05-25,2,3,PARTENAIRE,LIVREE,13798.20
6249,2027-05-25,34,11,PARTENAIRE,LIVREE,19688.00
6250,2027-05-26,9,6,GROSSISTE,LIVREE,17201.10
6251,2027-05-26,5,11,DIRECT,LIVREE,30618.80
6252,2027-05-26,5,7,DIRECT,LIVREE,16624.60
6253,2027-05-26,29,12,GROSSISTE,LIVREE,6333.90
6254,2027-05-26,11,2,PARTENAIRE,EXPEDIEE,11858.40
6255,2027-05-27,23,1,EN_LIGNE,EN_ATTENTE,12870.90
6256,2027-05-27,10,9,GROSSISTE,LIVREE,4497.00
6257,2027-05-27,39,12,PARTENAIRE,ANNULEE,0.00
6258,2027-05-27,20,8,GROSSISTE,LIVREE,3064.50
6259,2027-05-27,36,12,DIRECT,EXPEDIEE,435.00
6260,2027-05-27,28,2,GROSSISTE,EXPEDIEE,20136.00
6261,2027-05-28,35,12,DIRECT,ANNULEE,0.00
6262,2027-05-28,28,8,DIRECT,ANNULEE,0.00
6263,2027-05-28,1,6,EN_LIGNE,LIVREE,19044.00
6264,2027-05-28,32,10,EN_LIGNE,LIVREE,4463.45
6265,2027-05-28,19,1,PARTENAIRE,LIVREE,3665.50
6266,2027-05-28,2,11,EN_LIGNE,ANNULEE,0.00
6267,2027-05-28,21,5,EN_LIGNE,LIVREE,16648.30
6268,2027-05-29,39,4,EN_LIGNE,LIVREE,2142.60
6269,2027-05-29,37,1,EN_LIGNE,LIVREE,27052.40
6270,2027-05-29,20,3,EN_LIGNE,LIVREE,11944.00
6271,2027-05-29,7,5,EN_LIGNE,LIVREE,34374.65
6272,2027-05-29,31,1,DIRECT,LIVREE,14377.80
6273,2027-05-30,26,6,EN_LIGNE,LIVREE,13439.70
6274,2027-05-30,10,3,EN_LIGNE,LIVREE,1042.00
6275,2027-05-30,23,8,EN_LIGNE,LIVREE,315.00
6276,2027-05-30,1,5,GROSSISTE,LIVREE,19418.40
6277,2027-05-30,31,5,GROSSISTE,LIVREE,1908.90
6278,2027-05-30,19,6,DIRECT,ANNULEE,0.00
6279,2027-05-30,35,12,DIRECT,EXPEDIEE,6840.00
6280,2027-05-30,16,9,EN_LIGNE,LIVREE,5548.00
6281,2027-05-31,23,12,DIRECT,LIVREE,6972.00
6282,2027-05-31,12,3,DIRECT,EXPEDIEE,1924.20
6283,2027-05-31,38,10,DIRECT,LIVREE,491.40
6284,2027-06-01,25,12,DIRECT,LIVREE,2358.00
6285,2027-06-01,35,11,GROSSISTE,EN_ATTENTE,1908.00
6286,2027-06-01,30,3,GROSSISTE,LIVREE,6380.00
6287,2027-06-01,13,6,EN_LIGNE,EXPEDIEE,108.00
6288,2027-06-01,14,12,PARTENAIRE,LIVREE,12627.00
6289,2027-06-01,13,1,DIRECT,EXPEDIEE,931.50
6290,2027-06-02,3,3,PARTENAIRE,LIVREE,21120.45
6291,2027-06-02,33,12,EN_LIGNE,LIVREE,491.40
6292,2027-06-03,18,9,DIRECT,LIVREE,4287.00
6293,2027-06-03,33,3,EN_LIGNE,LIVREE,5419.00
6294,2027-06-03,23,5,EN_LIGNE,EN_ATTENTE,10246.95
6295,2027-06-03,16,12,GROSSISTE,LIVREE,1279.80
6296,2027-06-03,33,4,DIRECT,LIVREE,24761.00
6297,2027-06-04,29,7,EN_LIGNE,LIVREE,8852.75
6298,2027-06-04,2,7,EN_LIGNE,LIVREE,8541.25
6299,2027-06-04,2,10,PARTENAIRE,EN_ATTENTE,6214.90
6300,2027-06-04,15,11,EN_LIGNE,ANNULEE,0.00
6301,2027-06-05,6,11,DIRECT,LIVREE,1798.00
6302,2027-06-05,24,6,EN_LIGNE,LIVREE,11598.10
6303,2027-06-05,16,7,GROSSISTE,LIVREE,5154.75
6304,2027-06-05,28,8,PARTENAIRE,LIVREE,6894.50
6305,2027-06-05,3,12,GROSSISTE,ANNULEE,0.00
6306,2027-06-05,4,9,EN_LIGNE,LIVREE,14293.70
6307,2027-06-05,26,10,DIRECT,EXPEDIEE,3377.00
6308,2027-06-05,19,8,PARTENAIRE,LIVREE,35300.20
6309,2027-06-06,7,7,EN_LIGNE,ANNULEE,0.00
6310,2027-06-06,4,2,GROSSISTE,LIVREE,23215.00
6311,2027-06-06,22,11,PARTENAIRE,LIVREE,35513.10
6312,2027-06-06,17,12,EN_LIGNE,LIVREE,45529.65
6313,2027-06-07,14,4,EN_LIGNE,LIVREE,28385.00
6314,2027-06-07,13,10,PARTENAIRE,LIVREE,3842.90
6315,2027-06-08,1,12,PARTENAIRE,LIVREE,5274.30
6316,2027-06-08,14,5,PARTENAIRE,LIVREE,850.20
6317,2027-06-08,21,5,DIRECT,LIVREE,11591.50
6318,2027-06-08,10,1,EN_LIGNE,LIVREE,888.10
6319,2027-06-09,28,2,GROSSISTE,EXPEDIEE,11717.00
6320,2027-06-09,34,9,PARTENAIRE,ANNULEE,0.00
6321,2027-06-09,11,9,PARTENAIRE,LIVREE,30965.30
6322,2027-06-09,17,5,GROSSISTE,LIVREE,11321.85
6323,2027-06-09,31,10,GROSSISTE,LIVREE,9622.65
6324,2027-06-10,19,5,EN_LIGNE,EXPEDIEE,3346.40
6325,2027-06-10,21,11,PARTENAIRE,LIVREE,32576.25
6326,2027-06-10,31,2,DIRECT,EXPEDIEE,10295.55
6327,2027-06-10,29,10,DIRECT,LIVREE,370.50
6328,2027-06-10,34,3,EN_LIGNE,EN_ATTENTE,6516.90
6329,2027-06-10,33,1,PARTENAIRE,LIVREE,285.00
6330,2027-06-10,34,12,DIRECT,LIVREE,4526.55
6331,2027-06-10,32,10,GROSSISTE,EXPEDIEE,17558.30
6332,2027-06-11,21,12,EN_LIGNE,LIVREE,2823.00
6333,2027-06-11,40,4,GROSSISTE,LIVREE,12331.00
6334,2027-06-11,36,12,DIRECT,LIVREE,22239.25
6335,2027-06-11,36,5,DIRECT,LIVREE,5900.35
6336,2027-06-11,25,4,GROSSISTE,LIVREE,2366.50
6337,2027-06-11,16,11,DIRECT,LIVREE,16035.00
6338,2027-06-11,12,12,PARTENAIRE,ANNULEE,0.00
6339,2027-06-12,23,8,EN_LIGNE,EN_ATTENTE,14730.00
6340,2027-06-12,4,9,DIRECT,EN_ATTENTE,13347.00
6341,2027-06-12,11,7,DIRECT,LIVREE,21026.55
6342,2027-06-12,11,5,PARTENAIRE,LIVREE,11927.05
6343,2027-06-13,38,9,GROSSISTE,LIVREE,4251.00
6344,2027-06-13,26,8,PARTENAIRE,LIVREE,520.00
6345,2027-06-13,35,9,DIRECT,EN_ATTENTE,119.70
6346,2027-06-13,7,7,DIRECT,ANNULEE,0.00
6347,2027-06-13,35,11,GROSSISTE,LIVREE,1908.00
6348,2027-06-13,9,3,EN_LIGNE,LIVREE,495.00
6349,2027-06-14,7,10,GROSSISTE,EXPEDIEE,8974.45
6350,2027-06-14,29,11,EN_LIGNE,LIVREE,4384.00
6351,2027-06-14,34,10,EN_LIGNE,LIVREE,20911.20
6352,2027-06-14,7,3,GROSSISTE,LIVREE,17162.85
6353,2027-06-15,12,7,PARTENAIRE,LIVREE,14621.00
6354,2027-06-15,18,2,GROSSISTE,EN_ATTENTE,14069.30
6355,2027-06-15,11,9,PARTENAIRE,EXPEDIEE,1334.00
6356,2027-06-15,33,12,EN_LIGNE,LIVREE,9451.95
6357,2027-06-15,3,6,DIRECT,LIVREE,15317.65
6358,2027-06-15,24,3,EN_LIGNE,LIVREE,360.00
6359,2027-06-16,3,2,EN_LIGNE,LIVREE,8493.15
6360,2027-06-16,23,4,PARTENAIRE,LIVREE,2670.00
6361,2027-06-16,5,5,EN_LIGNE,LIVREE,16423.20
6362,2027-06-16,24,10,DIRECT,EN_ATTENTE,36.00
6363,2027-06-16,26,9,GROSSISTE,EXPEDIEE,4607.20
6364,2027-06-16,29,9,EN_LIGNE,LIVREE,14319.00
6365,2027-06-16,17,3,DIRECT,LIVREE,1654.10
6366,2027-06-17,17,8,PARTENAIRE,ANNULEE,0.00
6367,2027-06-17,15,10,GROSSISTE,ANNULEE,0.00
6368,2027-06-17,5,5,GROSSISTE,LIVREE,16397.80
6369,2027-06-17,35,8,EN_LIGNE,EN_ATTENTE,3181.00
6370,2027-06-17,1,3,PARTENAIRE,LIVREE,34665.80
6371,2027-06-18,14,1,EN_LIGNE,LIVREE,11156.00
6372,2027-06-18,20,6,PARTENAIRE,LIVREE,28588.20
6373,2027-06-18,7,1,PARTENAIRE,LIVREE,6205.50
6374,2027-06-18,19,9,PARTENAIRE,EXPEDIEE,6223.55
6375,2027-06-18,12,5,PARTENAIRE,LIVREE,2799.50
6376,2027-06-18,30,6,DIRECT,LIVREE,495.00
6377,2027-06-18,24,7,DIRECT,LIVREE,20774.00
6378,2027-06-18,30,7,GROSSISTE,LIVREE,2937.60
6379,2027-06-19,28,2,GROSSISTE,LIVREE,8371.70
6380,2027-06-19,10,9,DIRECT,LIVREE,225.00
6381,2027-06-19,14,2,PARTENAIRE,LIVREE,18711.00
6382,2027-06-19,3,10,PARTENAIRE,LIVREE,33458.05
6383,2027-06-19,19,6,DIRECT,LIVREE,9813.80
6384,2027-06-20,18,9,EN_LIGNE,LIVREE,26894.70
6385,2027-06-20,31,9,DIRECT,LIVREE,3401.10
6386,2027-06-20,14,4,EN_LIGNE,LIVREE,17094.00
6387,2027-06-21,1,1,DIRECT,LIVREE,2318.35
6388,2027-06-21,25,9,GROSSISTE,LIVREE,4827.55
6389,2027-06-21,35,10,GROSSISTE,LIVREE,3413.00
6390,2027-06-21,37,7,DIRECT,LIVREE,22065.80
6391,2027-06-21,10,5,DIRECT,LIVREE,20495.50
6392,2027-06-21,19,2,DIRECT,LIVREE,5865.30
6393,2027-06-21,37,4,PARTENAIRE,LIVREE,15861.00
6394,2027-06-21,15,6,DIRECT,LIVREE,20173.05
6395,2027-06-22,39,9,PARTENAIRE,EXPEDIEE,5312.40
6396,2027-06-22,2,11,EN_LIGNE,ANNULEE,0.00
6397,2027-06-22,26,4,GROSSISTE,LIVREE,26162.10
6398,2027-06-22,25,4,GROSSISTE,LIVREE,25282.50
6399,2027-06-22,38,9,PARTENAIRE,LIVREE,3136.00
6400,2027-06-22,25,2,PARTENAIRE,LIVREE,12878.90
6401,2027-06-23,22,8,GROSSISTE,LIVREE,27651.50
6402,2027-06-23,30,8,PARTENAIRE,LIVREE,5859.80
6403,2027-06-23,14,12,PARTENAIRE,LIVREE,31494.55
6404,2027-06-23,14,8,DIRECT,LIVREE,14846.80
6405,2027-06-24,35,2,DIRECT,EXPEDIEE,2628.60
6406,2027-06-24,25,7,DIRECT,LIVREE,24373.60
6407,2027-06-24,34,12,EN_LIGNE,EXPEDIEE,2749.00
6408,2027-06-24,34,11,PARTENAIRE,LIVREE,17000.10
6409,2027-06-25,3,3,GROSSISTE,ANNULEE,0.00
6410,2027-06-25,14,4,EN_LIGNE,LIVREE,10788.30
6411,2027-06-25,29,12,GROSSISTE,LIVREE,12040.00
6412,2027-06-25,2,11,EN_LIGNE,LIVREE,2063.25
6413,2027-06-25,31,11,EN_LIGNE,LIVREE,13307.40
6414,2027-06-25,19,12,EN_LIGNE,LIVREE,34833.15
6415,2027-06-25,28,4,EN_LIGNE,LIVREE,14539.00
6416,2027-06-26,37,11,GROSSISTE,EXPEDIEE,22661.90
6417,2027-06-26,34,3,GROSSISTE,ANNULEE,0.00
6418,2027-06-26,2,6,DIRECT,LIVREE,26865.00
6419,2027-06-27,26,2,GROSSISTE,EXPEDIEE,9154.90
6420,2027-06-27,31,6,PARTENAIRE,LIVREE,2180.25
6421,2027-06-27,20,1,PARTENAIRE,LIVREE,4757.40
6422,2027-06-27,34,9,DIRECT,LIVREE,16520.95
6423,2027-06-28,31,6,DIRECT,ANNULEE,0.00
6424,2027-06-28,4,12,GROSSISTE,LIVREE,22125.50
6425,2027-06-29,17,11,DIRECT,LIVREE,12991.65
6426,2027-06-29,11,2,GROSSISTE,EXPEDIEE,16077.00
6427,2027-06-29,30,2,EN_LIGNE,LIVREE,15637.00
6428,2027-06-29,28,7,PARTENAIRE,LIVREE,64.80
6429,2027-06-29,24,5,EN_LIGNE,LIVREE,12698.30
6430,2027-06-29,18,4,EN_LIGNE,LIVREE,17829.20
6431,2027-06-29,18,12,EN_LIGNE,LIVREE,3306.00
6432,2027-06-30,20,12,EN_LIGNE,LIVREE,9702.90
6433,2027-06-30,19,8,PARTENAIRE,LIVREE,20935.80
6434,2027-06-30,7,1,PARTENAIRE,LIVREE,22439.35
6435,2027-07-01,8,12,DIRECT,LIVREE,3484.00
6436,2027-07-01,7,1,GROSSISTE,LIVREE,15051.55
6437,2027-07-01,2,9,EN_LIGNE,LIVREE,28459.95
6438,2027-07-01,15,12,GROSSISTE,LIVREE,20204.80
6439,2027-07-01,35,1,PARTENAIRE,LIVREE,12037.90
6440,2027-07-01,37,11,GROSSISTE,LIVREE,41970.40
6441,2027-07-01,26,11,EN_LIGNE,LIVREE,26805.15
6442,2027-07-01,35,1,EN_LIGNE,LIVREE,12677.70
6443,2027-07-02,40,4,GROSSISTE,LIVREE,7009.20
6444,2027-07-02,2,8,DIRECT,LIVREE,2653.00
6445,2027-07-02,13,1,DIRECT,ANNULEE,0.00
6446,2027-07-03,12,2,GROSSISTE,EXPEDIEE,5164.00
6447,2027-07-03,39,6,GROSSISTE,LIVREE,25465.55
6448,2027-07-03,30,6,EN_LIGNE,LIVREE,89.00
6449,2027-07-03,25,7,PARTENAIRE,LIVREE,16768.20
6450,2027-07-03,3,7,GROSSISTE,EXPEDIEE,17929.00
6451,2027-07-04,8,11,GROSSISTE,EN_ATTENTE,7818.00
6452,2027-07-04,10,1,EN_LIGNE,LIVREE,5294.75
6453,2027-07-04,18,2,DIRECT,LIVREE,12363.30
6454,2027-07-04,9,9,PARTENAIRE,LIVREE,13926.55
6455,2027-07-05,16,6,DIRECT,LIVREE,12997.50
6456,2027-07-05,35,12,EN_LIGNE,LIVREE,20936.40
6457,2027-07-05,5,5,GROSSISTE,LIVREE,3036.60
6458,2027-07-05,1,4,EN_LIGNE,LIVREE,810.00
6459,2027-07-05,25,5,PARTENAIRE,LIVREE,902.50
6460,2027-07-06,8,9,DIRECT,LIVREE,22379.30
6461,2027-07-06,12,3,DIRECT,EN_ATTENTE,4131.00
6462,2027-07-07,18,9,EN_LIGNE,LIVREE,2742.00
6463,2027-07-07,1,11,DIRECT,LIVREE,2664.20
6464,2027-07-07,3,9,EN_LIGNE,LIVREE,6906.60
6465,2027-07-08,21,9,DIRECT,ANNULEE,0.00
6466,2027-07-08,38,12,DIRECT,LIVREE,2932.00
6467,2027-07-08,7,4,DIRECT,LIVREE,14384.90
6468,2027-07-09,24,5,DIRECT,LIVREE,1792.65
6469,2027-07-09,2,1,DIRECT,LIVREE,7390.00
6470,2027-07-09,38,9,GROSSISTE,LIVREE,3799.00
6471,2027-07-09,18,12,EN_LIGNE,EN_ATTENTE,2308.50
6472,2027-07-09,4,1,DIRECT,LIVREE,14889.00
6473,2027-07-09,32,10,GROSSISTE,LIVREE,17957.65
6474,2027-07-09,15,2,GROSSISTE,LIVREE,5198.25
6475,2027-07-10,6,12,EN_LIGNE,LIVREE,18713.30
6476,2027-07-10,9,6,PARTENAIRE,LIVREE,8070.40
6477,2027-07-10,23,2,PARTENAIRE,LIVREE,5197.00
6478,2027-07-10,39,5,PARTENAIRE,LIVREE,4160.00
6479,2027-07-10,33,12,EN_LIGNE,LIVREE,12640.70
6480,2027-07-10,37,6,GROSSISTE,EXPEDIEE,29468.35
6481,2027-07-11,32,9,PARTENAIRE,EXPEDIEE,5747.00
6482,2027-07-11,8,4,PARTENAIRE,LIVREE,360.00
6483,2027-07-11,15,9,GROSSISTE,LIVREE,18166.00
6484,2027-07-11,2,7,GROSSISTE,EN_ATTENTE,6990.90
6485,2027-07-12,3,6,DIRECT,EN_ATTENTE,10376.10
6486,2027-07-12,12,10,DIRECT,LIVREE,10100.00
6487,2027-07-12,2,1,DIRECT,ANNULEE,0.00
6488,2027-07-12,24,5,PARTENAIRE,EXPEDIEE,4035.60
6489,2027-07-13,22,7,DIRECT,LIVREE,610.00
6490,2027-07-13,18,11,PARTENAIRE,ANNULEE,0.00
6491,2027-07-14,30,1,DIRECT,ANNULEE,0.00
6492,2027-07-14,36,3,DIRECT,LIVREE,6623.00
6493,2027-07-14,34,9,PARTENAIRE,LIVREE,16078.50
6494,2027-07-14,20,5,EN_LIGNE,LIVREE,23582.50
6495,2027-07-14,17,5,GROSSISTE,LIVREE,378.00
6496,2027-07-15,11,11,GROSSISTE,LIVREE,826.50
6497,2027-07-15,34,3,GROSSISTE,EXPEDIEE,1244.75
6498,2027-07-15,38,6,GROSSISTE,LIVREE,6064.00
6499,2027-07-16,32,12,GROSSISTE,EN_ATTENTE,38069.80
6500,2027-07-16,19,1,PARTENAIRE,LIVREE,1531.10
6501,2027-07-16,15,3,DIRECT,LIVREE,8784.00
6502,2027-07-16,27,12,PARTENAIRE,LIVREE,24380.40
6503,2027-07-16,26,5,PARTENAIRE,EXPEDIEE,1774.30
6504,2027-07-16,3,11,DIRECT,LIVREE,1125.80
6505,2027-07-16,6,9,EN_LIGNE,LIVREE,19910.80
6506,2027-07-16,15,11,EN_LIGNE,ANNULEE,0.00
6507,2027-07-17,4,4,DIRECT,LIVREE,4438.00
6508,2027-07-17,9,12,DIRECT,LIVREE,27642.90
6509,2027-07-17,31,9,EN_LIGNE,LIVREE,6335.40
6510,2027-07-17,3,12,GROSSISTE,LIVREE,5872.15
6511,2027-07-17,27,12,PARTENAIRE,LIVREE,555.75
6512,2027-07-17,19,4,DIRECT,EN_ATTENTE,5473.00
6513,2027-07-17,37,2,DIRECT,LIVREE,307.80
6514,2027-07-18,9,10,EN_LIGNE,LIVREE,4051.20
6515,2027-07-18,21,10,EN_LIGNE,LIVREE,23727.40
6516,2027-07-19,8,6,PARTENAIRE,LIVREE,56291.50
6517,2027-07-19,4,8,PARTENAIRE,LIVREE,10366.50
6518,2027-07-19,1,8,DIRECT,LIVREE,3406.75
6519,2027-07-19,36,6,GROSSISTE,LIVREE,546.00
6520,2027-07-19,38,7,DIRECT,LIVREE,47332.00
6521,2027-07-19,3,2,DIRECT,EXPEDIEE,3752.00
6522,2027-07-19,22,2,DIRECT,EN_ATTENTE,6494.40
6523,2027-07-20,40,10,PARTENAIRE,LIVREE,30833.00
6524,2027-07-20,18,11,EN_LIGNE,LIVREE,15960.15
6525,2027-07-21,18,8,PARTENAIRE,LIVREE,21665.85
6526,2027-07-21,18,7,GROSSISTE,EXPEDIEE,1857.00
6527,2027-07-21,20,11,DIRECT,EXPEDIEE,270.00
6528,2027-07-21,8,4,PARTENAIRE,EN_ATTENTE,5028.60
6529,2027-07-21,23,3,EN_LIGNE,LIVREE,7196.95
6530,2027-07-21,18,3,PARTENAIRE,LIVREE,1256.85
6531,2027-07-21,26,3,DIRECT,ANNULEE,0.00
6532,2027-07-21,25,4,PARTENAIRE,EXPEDIEE,1995.00
6533,2027-07-22,20,5,EN_LIGNE,EXPEDIEE,6480.65
6534,2027-07-22,12,12,DIRECT,EN_ATTENTE,5793.60
6535,2027-07-22,28,11,EN_LIGNE,EXPEDIEE,9854.25
6536,2027-07-22,15,11,DIRECT,ANNULEE,0.00
6537,2027-07-22,5,8,GROSSISTE,LIVREE,11840.00
6538,2027-07-22,8,11,PARTENAIRE,EXPEDIEE,690.00
6539,2027-07-23,15,12,GROSSISTE,LIVREE,5876.40
6540,2027-07-23,3,4,DIRECT,EN_ATTENTE,1738.00
6541,2027-07-23,34,6,GROSSISTE,LIVREE,10340.10
6542,2027-07-24,14,10,DIRECT,LIVREE,5959.45
6543,2027-07-24,1,2,GROSSISTE,EN_ATTENTE,828.00
6544,2027-07-24,21,3,GROSSISTE,LIVREE,8458.30
6545,2027-07-24,1,11,EN_LIGNE,LIVREE,28277.65
6546,2027-07-25,27,1,DIRECT,LIVREE,20832.25
6547,2027-07-25,24,5,DIRECT,LIVREE,17443.50
6548,2027-07-25,25,1,EN_LIGNE,LIVREE,4643.25
6549,2027-07-25,33,2,DIRECT,LIVREE,1509.50
6550,2027-07-25,18,5,GROSSISTE,LIVREE,22356.55
6551,2027-07-26,40,10,PARTENAIRE,LIVREE,41672.35
6552,2027-07-26,31,3,PARTENAIRE,LIVREE,5996.00
6553,2027-07-26,24,2,PARTENAIRE,LIVREE,3657.85
6554,2027-07-26,30,6,DIRECT,LIVREE,3152.00
6555,2027-07-27,37,6,GROSSISTE,LIVREE,24401.70
6556,2027-07-27,21,1,GROSSISTE,LIVREE,3223.35
6557,2027-07-27,1,12,PARTENAIRE,LIVREE,490.00
6558,2027-07-27,1,4,GROSSISTE,LIVREE,16657.80
6559,2027-07-27,38,9,GROSSISTE,LIVREE,5492.50
6560,2027-07-27,18,4,PARTENAIRE,ANNULEE,0.00
6561,2027-07-28,16,5,GROSSISTE,ANNULEE,0.00
6562,2027-07-28,25,12,PARTENAIRE,LIVREE,13817.40
6563,2027-07-28,9,9,DIRECT,EXPEDIEE,3630.15
6564,2027-07-29,15,6,DIRECT,ANNULEE,0.00
6565,2027-07-29,2,2,EN_LIGNE,EXPEDIEE,26294.15
6566,2027-07-30,7,2,DIRECT,EXPEDIEE,3770.10
6567,2027-07-30,38,1,EN_LIGNE,LIVREE,15771.75
6568,2027-07-30,4,6,PARTENAIRE,LIVREE,11934.00
6569,2027-07-30,12,10,EN_LIGNE,EXPEDIEE,4458.00
6570,2027-07-30,25,4,PARTENAIRE,EXPEDIEE,23144.75
6571,2027-07-31,18,8,PARTENAIRE,LIVREE,3107.70
6572,2027-07-31,28,10,PARTENAIRE,LIVREE,5405.75
6573,2027-07-31,30,5,GROSSISTE,ANNULEE,0.00
6574,2027-08-01,24,10,DIRECT,LIVREE,2294.80
6575,2027-08-01,13,12,PARTENAIRE,LIVREE,21365.10
6576,2027-08-01,34,10,EN_LIGNE,LIVREE,25053.85
6577,2027-08-01,28,6,DIRECT,EN_ATTENTE,13038.75
6578,2027-08-01,37,8,EN_LIGNE,EXPEDIEE,8665.60
6579,2027-08-01,39,2,EN_LIGNE,LIVREE,8931.30
6580,2027-08-01,40,1,EN_LIGNE,LIVREE,21573.00
6581,2027-08-02,5,3,GROSSISTE,ANNULEE,0.00
6582,2027-08-02,19,7,EN_LIGNE,LIVREE,1012.50
6583,2027-08-02,25,8,EN_LIGNE,LIVREE,7703.30
6584,2027-08-02,12,2,GROSSISTE,LIVREE,14431.15
6585,2027-08-02,24,7,DIRECT,EXPEDIEE,14783.75
6586,2027-08-02,14,8,DIRECT,LIVREE,17332.15
6587,2027-08-02,22,5,DIRECT,LIVREE,4090.70
6588,2027-08-03,32,7,EN_LIGNE,LIVREE,21228.50
6589,2027-08-03,3,3,DIRECT,LIVREE,25535.25
6590,2027-08-03,2,7,GROSSISTE,ANNULEE,0.00
6591,2027-08-04,39,3,PARTENAIRE,LIVREE,18727.40
6592,2027-08-04,6,7,DIRECT,ANNULEE,0.00
6593,2027-08-04,26,10,PARTENAIRE,LIVREE,1192.00
6594,2027-08-04,28,12,GROSSISTE,LIVREE,444.00
6595,2027-08-04,10,12,PARTENAIRE,EXPEDIEE,4110.95
6596,2027-08-04,21,8,GROSSISTE,LIVREE,754.00
6597,2027-08-04,25,11,GROSSISTE,LIVREE,7424.05
6598,2027-08-04,30,7,GROSSISTE,EXPEDIEE,7193.75
6599,2027-08-05,35,1,GROSSISTE,LIVREE,14470.05
6600,2027-08-05,34,10,EN_LIGNE,LIVREE,2680.00
6601,2027-08-06,24,3,DIRECT,LIVREE,2094.00
6602,2027-08-06,2,8,PARTENAIRE,EXPEDIEE,13806.45
6603,2027-08-06,29,6,DIRECT,EXPEDIEE,25991.40
6604,2027-08-06,23,2,DIRECT,ANNULEE,0.00
6605,2027-08-06,4,8,PARTENAIRE,LIVREE,1892.10
6606,2027-08-06,1,9,EN_LIGNE,LIVREE,14756.70
6607,2027-08-06,22,5,EN_LIGNE,LIVREE,21162.60
6608,2027-08-06,6,2,PARTENAIRE,LIVREE,27545.85
6609,2027-08-07,23,9,DIRECT,EXPEDIEE,9333.00
6610,2027-08-07,36,5,DIRECT,LIVREE,12614.00
6611,2027-08-07,23,3,DIRECT,LIVREE,3666.90
6612,2027-08-07,14,4,GROSSISTE,LIVREE,874.00
6613,2027-08-07,15,2,EN_LIGNE,LIVREE,440.00
6614,2027-08-07,20,8,GROSSISTE,LIVREE,1827.25
6615,2027-08-08,15,11,DIRECT,LIVREE,4018.80
6616,2027-08-08,5,5,GROSSISTE,LIVREE,12045.60
6617,2027-08-08,21,12,DIRECT,LIVREE,1076.00
6618,2027-08-08,2,8,DIRECT,LIVREE,1326.90
6619,2027-08-09,7,6,PARTENAIRE,EXPEDIEE,574.20
6620,2027-08-09,14,2,GROSSISTE,LIVREE,15665.60
6621,2027-08-09,4,10,PARTENAIRE,LIVREE,14983.40
6622,2027-08-09,21,6,GROSSISTE,EXPEDIEE,12751.40
6623,2027-08-09,10,1,EN_LIGNE,LIVREE,3530.00
6624,2027-08-10,3,5,GROSSISTE,LIVREE,1035.00
6625,2027-08-10,18,3,PARTENAIRE,LIVREE,20180.00
6626,2027-08-10,39,9,EN_LIGNE,LIVREE,16012.00
6627,2027-08-10,13,10,PARTENAIRE,LIVREE,34501.10
6628,2027-08-10,39,2,PARTENAIRE,LIVREE,635.25
6629,2027-08-10,32,8,PARTENAIRE,LIVREE,3148.20
6630,2027-08-10,11,9,GROSSISTE,LIVREE,12462.00
6631,2027-08-10,24,5,PARTENAIRE,LIVREE,4747.50
6632,2027-08-11,11,1,EN_LIGNE,LIVREE,75.60
6633,2027-08-11,13,7,GROSSISTE,LIVREE,4214.70
6634,2027-08-12,6,10,GROSSISTE,EXPEDIEE,5557.30
6635,2027-08-12,28,12,PARTENAIRE,LIVREE,1869.25
6636,2027-08-12,32,7,EN_LIGNE,LIVREE,114.00
6637,2027-08-12,26,2,GROSSISTE,LIVREE,10479.00
6638,2027-08-13,32,9,DIRECT,LIVREE,40397.35
6639,2027-08-13,34,3,GROSSISTE,LIVREE,27023.75
6640,2027-08-14,31,8,PARTENAIRE,EXPEDIEE,6722.50
6641,2027-08-14,12,2,PARTENAIRE,LIVREE,28954.90
6642,2027-08-14,37,9,PARTENAIRE,EN_ATTENTE,902.50
6643,2027-08-14,8,1,PARTENAIRE,LIVREE,19312.05
6644,2027-08-15,35,8,GROSSISTE,ANNULEE,0.00
6645,2027-08-15,1,6,DIRECT,LIVREE,438.90
6646,2027-08-15,3,7,EN_LIGNE,EXPEDIEE,13620.50
6647,2027-08-15,16,1,PARTENAIRE,LIVREE,32223.00
6648,2027-08-15,4,1,PARTENAIRE,LIVREE,22504.20
6649,2027-08-15,40,11,EN_LIGNE,EN_ATTENTE,2986.35
6650,2027-08-15,26,10,DIRECT,LIVREE,3968.70
6651,2027-08-15,13,6,EN_LIGNE,EXPEDIEE,30467.75
6652,2027-08-16,10,3,DIRECT,LIVREE,1642.95
6653,2027-08-16,40,8,DIRECT,LIVREE,8236.00
6654,2027-08-17,12,6,GROSSISTE,LIVREE,2133.00
6655,2027-08-17,29,10,PARTENAIRE,LIVREE,19611.60
6656,2027-08-17,6,4,DIRECT,LIVREE,634.40
6657,2027-08-17,8,4,PARTENAIRE,LIVREE,345.00
6658,2027-08-17,1,3,DIRECT,EN_ATTENTE,4612.00
6659,2027-08-17,33,3,GROSSISTE,LIVREE,12288.00
6660,2027-08-17,30,5,GROSSISTE,EXPEDIEE,11563.00
6661,2027-08-17,4,8,DIRECT,LIVREE,30099.60
6662,2027-08-18,26,2,PARTENAIRE,LIVREE,11161.05
6663,2027-08-18,33,4,DIRECT,LIVREE,1134.00
6664,2027-08-18,4,1,PARTENAIRE,LIVREE,1542.00
6665,2027-08-18,17,12,EN_LIGNE,ANNULEE,0.00
6666,2027-08-18,30,1,PARTENAIRE,LIVREE,27109.55
6667,2027-08-18,12,6,EN_LIGNE,LIVREE,24480.70
6668,2027-08-18,16,9,GROSSISTE,LIVREE,13442.00
6669,2027-08-18,27,7,PARTENAIRE,LIVREE,7009.20
6670,2027-08-19,8,7,PARTENAIRE,LIVREE,5295.55
6671,2027-08-19,34,11,PARTENAIRE,LIVREE,1215.00
6672,2027-08-19,21,9,PARTENAIRE,LIVREE,10339.90
6673,2027-08-19,32,4,DIRECT,LIVREE,20019.90
6674,2027-08-19,6,4,PARTENAIRE,EN_ATTENTE,12114.00
6675,2027-08-20,20,6,PARTENAIRE,LIVREE,8233.00
6676,2027-08-20,34,10,EN_LIGNE,LIVREE,30824.00
6677,2027-08-20,30,9,DIRECT,EXPEDIEE,11442.60
6678,2027-08-20,28,9,GROSSISTE,LIVREE,13972.00
6679,2027-08-20,33,7,EN_LIGNE,ANNULEE,0.00
6680,2027-08-20,32,11,PARTENAIRE,LIVREE,8397.90
6681,2027-08-20,7,3,GROSSISTE,LIVREE,11693.15
6682,2027-08-20,34,7,EN_LIGNE,LIVREE,4878.00
6683,2027-08-21,10,6,GROSSISTE,LIVREE,1550.30
6684,2027-08-21,24,7,PARTENAIRE,LIVREE,2392.00
6685,2027-08-21,12,2,GROSSISTE,LIVREE,1106.00
6686,2027-08-21,18,1,DIRECT,ANNULEE,0.00
6687,2027-08-21,27,2,GROSSISTE,EXPEDIEE,23824.80
6688,2027-08-22,10,9,PARTENAIRE,LIVREE,3399.00
6689,2027-08-22,29,2,EN_LIGNE,LIVREE,16125.55
6690,2027-08-22,5,1,GROSSISTE,LIVREE,11585.90
6691,2027-08-22,40,11,EN_LIGNE,EXPEDIEE,8331.75
6692,2027-08-22,38,3,EN_LIGNE,LIVREE,1185.00
6693,2027-08-22,3,5,PARTENAIRE,EN_ATTENTE,992.75
6694,2027-08-22,14,9,EN_LIGNE,LIVREE,1418.40
6695,2027-08-23,34,3,GROSSISTE,LIVREE,24440.00
6696,2027-08-23,7,7,DIRECT,LIVREE,14155.30
6697,2027-08-23,23,8,EN_LIGNE,LIVREE,1945.50
6698,2027-08-23,17,11,DIRECT,LIVREE,3569.00
6699,2027-08-23,6,4,DIRECT,LIVREE,1157.10
6700,2027-08-23,31,8,PARTENAIRE,EXPEDIEE,12744.50
6701,2027-08-23,6,3,PARTENAIRE,LIVREE,6487.00
6702,2027-08-23,1,12,GROSSISTE,LIVREE,14116.90
6703,2027-08-24,19,10,EN_LIGNE,ANNULEE,0.00
6704,2027-08-24,22,1,EN_LIGNE,LIVREE,7002.00
6705,2027-08-24,40,11,EN_LIGNE,LIVREE,346.50
6706,2027-08-24,14,1,DIRECT,LIVREE,1331.00
6707,2027-08-24,6,5,EN_LIGNE,EXPEDIEE,9239.00
6708,2027-08-24,3,11,EN_LIGNE,LIVREE,23797.95
6709,2027-08-24,20,2,PARTENAIRE,LIVREE,15616.00
6710,2027-08-24,25,6,GROSSISTE,EXPEDIEE,14808.60
6711,2027-08-25,38,3,DIRECT,LIVREE,12896.50
6712,2027-08-25,23,2,PARTENAIRE,LIVREE,1612.50
6713,2027-08-25,5,6,DIRECT,ANNULEE,0.00
6714,2027-08-25,15,11,EN_LIGNE,LIVREE,2123.50
6715,2027-08-25,29,1,DIRECT,LIVREE,2282.10
6716,2027-08-25,13,7,PARTENAIRE,LIVREE,22412.70
6717,2027-08-25,2,6,DIRECT,LIVREE,5944.10
6718,2027-08-26,18,2,DIRECT,LIVREE,700.00
6719,2027-08-26,34,3,EN_LIGNE,LIVREE,4438.60
6720,2027-08-26,6,10,EN_LIGNE,LIVREE,8533.00
6721,2027-08-26,34,9,PARTENAIRE,LIVREE,855.00
6722,2027-08-27,15,4,GROSSISTE,LIVREE,10686.30
6723,2027-08-27,12,4,EN_LIGNE,LIVREE,33135.80
6724,2027-08-27,21,4,DIRECT,EN_ATTENTE,4603.30
6725,2027-08-27,24,10,DIRECT,LIVREE,13368.90
6726,2027-08-27,16,7,GROSSISTE,ANNULEE,0.00
6727,2027-08-28,33,2,DIRECT,LIVREE,7986.60
6728,2027-08-28,32,7,EN_LIGNE,LIVREE,540.00
6729,2027-08-28,24,7,PARTENAIRE,LIVREE,306.00
6730,2027-08-28,35,10,EN_LIGNE,LIVREE,5586.60
6731,2027-08-28,14,12,PARTENAIRE,LIVREE,5876.00
6732,2027-08-28,38,11,GROSSISTE,LIVREE,1568.70
6733,2027-08-29,22,7,DIRECT,EN_ATTENTE,4131.00
6734,2027-08-29,5,5,GROSSISTE,EXPEDIEE,6151.90
6735,2027-08-29,20,6,PARTENAIRE,LIVREE,7391.00
6736,2027-08-29,3,6,DIRECT,LIVREE,11580.00
6737,2027-08-29,23,7,PARTENAIRE,LIVREE,24305.10
6738,2027-08-29,1,7,PARTENAIRE,LIVREE,11234.80
6739,2027-08-30,34,6,PARTENAIRE,LIVREE,4131.00
6740,2027-08-30,22,5,EN_LIGNE,LIVREE,19911.30
6741,2027-08-30,32,9,DIRECT,LIVREE,20105.70
6742,2027-08-31,21,1,PARTENAIRE,LIVREE,8606.60
6743,2027-08-31,5,4,DIRECT,LIVREE,17455.00
6744,2027-08-31,18,1,PARTENAIRE,LIVREE,10384.00
6745,2027-08-31,38,3,DIRECT,EN_ATTENTE,1035.00
6746,2027-08-31,30,7,EN_LIGNE,LIVREE,23936.00
6747,2027-08-31,36,6,GROSSISTE,LIVREE,2583.00
6748,2027-08-31,6,11,DIRECT,LIVREE,12582.00
6749,2027-09-01,23,7,PARTENAIRE,LIVREE,1806.00
6750,2027-09-01,9,10,DIRECT,LIVREE,11501.90
6751,2027-09-01,30,8,DIRECT,ANNULEE,0.00
6752,2027-09-01,29,1,PARTENAIRE,LIVREE,7533.00
6753,2027-09-01,24,4,GROSSISTE,EXPEDIEE,8381.85
6754,2027-09-02,8,2,DIRECT,LIVREE,30748.00
6755,2027-09-02,12,12,PARTENAIRE,LIVREE,1221.50
6756,2027-09-02,24,9,PARTENAIRE,EXPEDIEE,22341.60
6757,2027-09-03,5,10,EN_LIGNE,ANNULEE,0.00
6758,2027-09-03,18,6,DIRECT,ANNULEE,0.00
6759,2027-09-03,38,8,EN_LIGNE,EXPEDIEE,582.00
6760,2027-09-03,28,11,EN_LIGNE,LIVREE,4716.90
6761,2027-09-03,19,1,PARTENAIRE,LIVREE,12378.00
6762,2027-09-03,4,10,PARTENAIRE,LIVREE,17295.45
6763,2027-09-03,3,6,DIRECT,LIVREE,8298.60
6764,2027-09-03,12,5,PARTENAIRE,LIVREE,845.00
6765,2027-09-04,8,5,DIRECT,EXPEDIEE,30076.15
6766,2027-09-04,16,12,GROSSISTE,LIVREE,126.00
6767,2027-09-04,16,12,PARTENAIRE,EXPEDIEE,11390.85
6768,2027-09-04,31,1,DIRECT,EN_ATTENTE,25431.00
6769,2027-09-04,9,6,GROSSISTE,EXPEDIEE,1742.00
6770,2027-09-04,10,5,EN_LIGNE,LIVREE,6060.10
6771,2027-09-04,19,3,PARTENAIRE,LIVREE,11483.10
6772,2027-09-05,38,2,GROSSISTE,LIVREE,42904.60
6773,2027-09-05,8,8,GROSSISTE,LIVREE,8307.00
6774,2027-09-05,27,1,EN_LIGNE,LIVREE,15671.30
6775,2027-09-05,15,6,DIRECT,LIVREE,10163.60
6776,2027-09-05,14,1,PARTENAIRE,EXPEDIEE,2715.55
6777,2027-09-06,31,8,GROSSISTE,LIVREE,11991.00
6778,2027-09-06,21,5,EN_LIGNE,LIVREE,25060.85
6779,2027-09-06,13,3,PARTENAIRE,LIVREE,4641.70
6780,2027-09-06,27,12,PARTENAIRE,LIVREE,3468.45
6781,2027-09-07,26,9,GROSSISTE,EXPEDIEE,21660.00
6782,2027-09-07,14,9,GROSSISTE,LIVREE,812.70
6783,2027-09-07,20,1,GROSSISTE,LIVREE,1377.00
6784,2027-09-07,36,2,PARTENAIRE,LIVREE,2570.70
6785,2027-09-07,16,12,GROSSISTE,LIVREE,118.80
6786,2027-09-08,24,9,GROSSISTE,LIVREE,4474.00
6787,2027-09-08,6,6,PARTENAIRE,LIVREE,2264.40
6788,2027-09-08,12,10,DIRECT,LIVREE,7116.30
6789,2027-09-08,7,5,GROSSISTE,LIVREE,6687.45
6790,2027-09-09,26,11,GROSSISTE,ANNULEE,0.00
6791,2027-09-09,22,3,EN_LIGNE,LIVREE,11625.75
6792,2027-09-09,34,9,PARTENAIRE,LIVREE,10521.35
6793,2027-09-09,21,8,GROSSISTE,LIVREE,25755.50
6794,2027-09-09,28,4,EN_LIGNE,LIVREE,25832.00
6795,2027-09-10,8,6,PARTENAIRE,LIVREE,2760.00
6796,2027-09-10,32,9,DIRECT,LIVREE,13420.00
6797,2027-09-10,26,7,GROSSISTE,LIVREE,1992.00
6798,2027-09-10,31,7,EN_LIGNE,LIVREE,3047.75
6799,2027-09-10,31,11,PARTENAIRE,LIVREE,4543.00
6800,2027-09-11,28,10,PARTENAIRE,LIVREE,887.40
6801,2027-09-11,5,10,EN_LIGNE,LIVREE,28146.00
6802,2027-09-11,40,9,GROSSISTE,ANNULEE,0.00
6803,2027-09-12,11,6,GROSSISTE,LIVREE,6615.30
6804,2027-09-12,38,4,GROSSISTE,LIVREE,4854.60
6805,2027-09-12,9,4,GROSSISTE,LIVREE,27608.00
6806,2027-09-13,28,10,PARTENAIRE,LIVREE,34161.30
6807,2027-09-13,13,10,PARTENAIRE,LIVREE,5019.30
6808,2027-09-13,4,10,GROSSISTE,LIVREE,12223.45
6809,2027-09-14,19,4,DIRECT,LIVREE,28477.80
6810,2027-09-14,4,6,DIRECT,LIVREE,8315.45
6811,2027-09-14,35,2,DIRECT,LIVREE,16257.40
6812,2027-09-14,33,1,PARTENAIRE,EXPEDIEE,180.00
6813,2027-09-14,13,7,GROSSISTE,EXPEDIEE,10054.00
6814,2027-09-14,11,2,PARTENAIRE,LIVREE,11463.30
6815,2027-09-14,39,12,DIRECT,LIVREE,176.00
6816,2027-09-14,38,9,GROSSISTE,EXPEDIEE,4593.25
6817,2027-09-15,23,12,DIRECT,LIVREE,5664.10
6818,2027-09-15,27,2,EN_LIGNE,EXPEDIEE,168.00
6819,2027-09-15,35,2,DIRECT,LIVREE,17797.50
6820,2027-09-15,6,8,PARTENAIRE,LIVREE,4903.40
6821,2027-09-15,16,2,GROSSISTE,LIVREE,29068.40
6822,2027-09-15,36,12,DIRECT,LIVREE,16010.10
6823,2027-09-16,23,12,DIRECT,LIVREE,814.15
6824,2027-09-16,12,3,DIRECT,EN_ATTENTE,26268.00
6825,2027-09-16,6,3,GROSSISTE,LIVREE,13981.50
6826,2027-09-16,5,10,GROSSISTE,LIVREE,3276.00
6827,2027-09-16,39,11,EN_LIGNE,LIVREE,25789.80
6828,2027-09-16,39,11,EN_LIGNE,LIVREE,17254.35
6829,2027-09-17,27,6,EN_LIGNE,ANNULEE,0.00
6830,2027-09-17,28,2,EN_LIGNE,EXPEDIEE,24152.00
6831,2027-09-17,31,2,DIRECT,LIVREE,1229.75
6832,2027-09-18,37,5,EN_LIGNE,LIVREE,22549.00
6833,2027-09-18,8,1,EN_LIGNE,LIVREE,951.30
6834,2027-09-18,17,8,PARTENAIRE,EXPEDIEE,38341.65
6835,2027-09-18,17,12,GROSSISTE,EXPEDIEE,20940.00
6836,2027-09-18,2,8,PARTENAIRE,ANNULEE,0.00
6837,2027-09-18,4,5,GROSSISTE,LIVREE,6685.50
6838,2027-09-19,34,9,PARTENAIRE,LIVREE,1792.80
6839,2027-09-19,38,9,PARTENAIRE,LIVREE,10976.60
6840,2027-09-19,20,6,DIRECT,LIVREE,2235.30
6841,2027-09-20,9,3,EN_LIGNE,LIVREE,14465.00
6842,2027-09-20,2,10,PARTENAIRE,LIVREE,8019.00
6843,2027-09-20,10,5,DIRECT,EXPEDIEE,12331.00
6844,2027-09-20,28,2,EN_LIGNE,EN_ATTENTE,945.00
6845,2027-09-20,21,3,EN_LIGNE,LIVREE,6282.00
6846,2027-09-20,27,11,EN_LIGNE,LIVREE,1650.00
6847,2027-09-21,7,4,DIRECT,LIVREE,21458.00
6848,2027-09-21,31,5,EN_LIGNE,LIVREE,27210.00
6849,2027-09-21,30,5,PARTENAIRE,EXPEDIEE,38731.35
6850,2027-09-22,35,7,PARTENAIRE,LIVREE,3424.00
6851,2027-09-22,22,7,DIRECT,LIVREE,11059.00
6852,2027-09-22,35,1,EN_LIGNE,LIVREE,42.75
6853,2027-09-22,23,8,GROSSISTE,LIVREE,17977.80
6854,2027-09-22,34,9,PARTENAIRE,LIVREE,3308.50
6855,2027-09-22,27,2,GROSSISTE,LIVREE,12718.35
6856,2027-09-22,29,5,PARTENAIRE,LIVREE,11260.50
6857,2027-09-22,25,9,PARTENAIRE,LIVREE,5010.00
6858,2027-09-23,27,7,GROSSISTE,LIVREE,13935.40
6859,2027-09-23,22,10,GROSSISTE,ANNULEE,0.00
6860,2027-09-23,33,4,PARTENAIRE,LIVREE,9436.50
6861,2027-09-24,13,2,PARTENAIRE,LIVREE,33867.15
6862,2027-09-24,30,2,GROSSISTE,LIVREE,6398.50
6863,2027-09-25,27,3,PARTENAIRE,LIVREE,25786.50
6864,2027-09-25,8,5,DIRECT,LIVREE,18238.45
6865,2027-09-26,4,7,EN_LIGNE,ANNULEE,0.00
6866,2027-09-26,7,5,EN_LIGNE,LIVREE,1833.30
6867,2027-09-26,33,8,GROSSISTE,ANNULEE,0.00
6868,2027-09-26,27,6,EN_LIGNE,LIVREE,7259.10
6869,2027-09-26,36,4,PARTENAIRE,LIVREE,10554.10
6870,2027-09-26,21,7,EN_LIGNE,LIVREE,5953.00
6871,2027-09-26,37,6,EN_LIGNE,LIVREE,5458.00
6872,2027-09-26,39,7,PARTENAIRE,LIVREE,5975.00
6873,2027-09-27,16,6,DIRECT,LIVREE,22419.15
6874,2027-09-27,17,6,DIRECT,LIVREE,3021.00
6875,2027-09-27,15,10,PARTENAIRE,EN_ATTENTE,19232.10
6876,2027-09-27,1,4,DIRECT,LIVREE,2011.80
6877,2027-09-27,23,8,EN_LIGNE,LIVREE,1401.60
6878,2027-09-28,24,1,GROSSISTE,LIVREE,22789.00
6879,2027-09-28,9,6,GROSSISTE,LIVREE,4492.50
6880,2027-09-28,3,3,PARTENAIRE,LIVREE,11144.60
6881,2027-09-28,38,1,EN_LIGNE,LIVREE,13584.30
6882,2027-09-28,18,5,GROSSISTE,LIVREE,23195.00
6883,2027-09-28,12,9,GROSSISTE,ANNULEE,0.00
6884,2027-09-28,6,8,PARTENAIRE,LIVREE,9205.20
6885,2027-09-28,33,9,PARTENAIRE,LIVREE,4536.00
6886,2027-09-29,40,12,PARTENAIRE,LIVREE,23290.35
6887,2027-09-29,9,1,EN_LIGNE,EXPEDIEE,3615.00
6888,2027-09-29,18,1,GROSSISTE,LIVREE,18621.00
6889,2027-09-29,29,6,PARTENAIRE,LIVREE,18793.00
6890,2027-09-29,39,1,EN_LIGNE,LIVREE,195.00
6891,2027-09-29,29,5,PARTENAIRE,LIVREE,25561.70
6892,2027-09-30,17,2,DIRECT,LIVREE,3292.00
6893,2027-09-30,21,9,DIRECT,LIVREE,9624.00
6894,2027-09-30,4,6,DIRECT,LIVREE,192.00
6895,2027-09-30,21,5,DIRECT,EXPEDIEE,28516.35
6896,2027-09-30,1,6,EN_LIGNE,LIVREE,21564.45
6897,2027-09-30,26,10,PARTENAIRE,LIVREE,10934.20
6898,2027-09-30,39,8,DIRECT,EXPEDIEE,574.20
6899,2027-09-30,26,7,GROSSISTE,LIVREE,23159.10
6900,2027-10-01,17,4,DIRECT,EXPEDIEE,1585.00
6901,2027-10-01,13,1,DIRECT,LIVREE,16509.30
6902,2027-10-01,25,3,PARTENAIRE,LIVREE,14476.00
6903,2027-10-01,26,10,DIRECT,ANNULEE,0.00
6904,2027-10-01,9,5,DIRECT,LIVREE,11954.70
6905,2027-10-01,2,2,GROSSISTE,LIVREE,11021.40
6906,2027-10-01,37,11,GROSSISTE,LIVREE,83.60
6907,2027-10-01,2,2,GROSSISTE,LIVREE,40130.75
6908,2027-10-02,30,5,PARTENAIRE,EXPEDIEE,459.00
6909,2027-10-02,6,3,PARTENAIRE,LIVREE,4201.15
6910,2027-10-02,14,12,PARTENAIRE,EN_ATTENTE,7232.20
6911,2027-10-02,30,8,DIRECT,LIVREE,25621.50
6912,2027-10-03,23,5,EN_LIGNE,LIVREE,11985.50
6913,2027-10-03,28,2,GROSSISTE,LIVREE,9098.65
6914,2027-10-03,26,12,PARTENAIRE,LIVREE,3371.70
6915,2027-10-03,9,11,PARTENAIRE,LIVREE,10850.75
6916,2027-10-03,5,5,GROSSISTE,EXPEDIEE,17614.60
6917,2027-10-03,24,5,EN_LIGNE,LIVREE,9655.20
6918,2027-10-03,33,4,PARTENAIRE,EN_ATTENTE,12382.05
6919,2027-10-04,4,5,GROSSISTE,LIVREE,3240.00
6920,2027-10-04,33,9,DIRECT,LIVREE,7879.10
6921,2027-10-04,18,2,EN_LIGNE,LIVREE,1173.00
6922,2027-10-04,12,11,EN_LIGNE,LIVREE,14996.90
6923,2027-10-04,10,10,EN_LIGNE,LIVREE,4061.20
6924,2027-10-04,8,12,DIRECT,LIVREE,8552.00
6925,2027-10-05,22,12,EN_LIGNE,LIVREE,4519.80
6926,2027-10-05,12,12,PARTENAIRE,LIVREE,2793.95
6927,2027-10-05,4,4,PARTENAIRE,LIVREE,585.00
6928,2027-10-05,2,6,DIRECT,LIVREE,9980.00
6929,2027-10-05,22,10,EN_LIGNE,LIVREE,17863.20
6930,2027-10-05,4,12,EN_LIGNE,LIVREE,2818.80
6931,2027-10-05,9,1,GROSSISTE,LIVREE,3057.90
6932,2027-10-05,26,1,EN_LIGNE,LIVREE,3148.60
6933,2027-10-06,25,3,DIRECT,LIVREE,31758.80
6934,2027-10-06,27,4,GROSSISTE,LIVREE,10555.00
6935,2027-10-06,12,8,DIRECT,LIVREE,4294.80
6936,2027-10-06,9,2,PARTENAIRE,LIVREE,40352.60
6937,2027-10-06,4,8,DIRECT,LIVREE,35826.05
6938,2027-10-06,23,9,GROSSISTE,LIVREE,9355.55
6939,2027-10-07,30,4,EN_LIGNE,EXPEDIEE,8794.10
6940,2027-10-07,5,12,GROSSISTE,LIVREE,1097.75
6941,2027-10-07,23,6,EN_LIGNE,LIVREE,13946.80
6942,2027-10-07,21,1,GROSSISTE,LIVREE,13531.40
6943,2027-10-07,24,2,PARTENAIRE,LIVREE,11196.00
6944,2027-10-07,31,1,PARTENAIRE,EXPEDIEE,4316.00
6945,2027-10-07,15,6,PARTENAIRE,LIVREE,23857.20
6946,2027-10-08,22,8,GROSSISTE,ANNULEE,0.00
6947,2027-10-08,5,7,DIRECT,LIVREE,10758.00
6948,2027-10-08,39,3,DIRECT,LIVREE,4239.90
6949,2027-10-08,34,10,DIRECT,EXPEDIEE,29835.70
6950,2027-10-09,8,9,PARTENAIRE,LIVREE,16575.35
6951,2027-10-09,25,8,DIRECT,LIVREE,777.00
6952,2027-10-09,22,10,GROSSISTE,LIVREE,1381.00
6953,2027-10-09,26,3,PARTENAIRE,LIVREE,809.10
6954,2027-10-09,31,12,GROSSISTE,LIVREE,15705.60
6955,2027-10-09,33,10,EN_LIGNE,EXPEDIEE,3678.00
6956,2027-10-09,14,3,PARTENAIRE,LIVREE,6755.80
6957,2027-10-10,24,3,DIRECT,LIVREE,30034.65
6958,2027-10-10,24,10,DIRECT,LIVREE,234.00
6959,2027-10-10,36,12,PARTENAIRE,LIVREE,4495.50
6960,2027-10-10,8,1,GROSSISTE,LIVREE,4488.75
6961,2027-10-10,10,12,DIRECT,EXPEDIEE,420.00
6962,2027-10-10,14,8,DIRECT,ANNULEE,0.00
6963,2027-10-11,19,7,EN_LIGNE,ANNULEE,0.00
6964,2027-10-11,17,8,PARTENAIRE,LIVREE,34572.90
6965,2027-10-11,40,4,EN_LIGNE,LIVREE,18223.80
6966,2027-10-11,5,10,GROSSISTE,EXPEDIEE,7758.00
6967,2027-10-11,8,5,EN_LIGNE,EN_ATTENTE,3874.00
6968,2027-10-11,6,2,DIRECT,LIVREE,25621.60
6969,2027-10-12,17,4,DIRECT,LIVREE,1584.00
6970,2027-10-12,22,8,EN_LIGNE,LIVREE,2295.00
6971,2027-10-12,15,7,PARTENAIRE,LIVREE,12159.40
6972,2027-10-13,30,9,EN_LIGNE,LIVREE,10666.80
6973,2027-10-13,28,3,PARTENAIRE,LIVREE,29705.00
6974,2027-10-13,24,5,EN_LIGNE,LIVREE,16991.10
6975,2027-10-13,11,6,GROSSISTE,LIVREE,1580.00
6976,2027-10-13,12,9,PARTENAIRE,LIVREE,10651.00
6977,2027-10-13,12,5,PARTENAIRE,LIVREE,3850.30
6978,2027-10-13,8,8,EN_LIGNE,EN_ATTENTE,20823.00
6979,2027-10-13,35,1,GROSSISTE,LIVREE,3091.00
6980,2027-10-14,30,7,GROSSISTE,LIVREE,5266.50
6981,2027-10-14,15,11,DIRECT,LIVREE,27763.80
6982,2027-10-15,32,12,EN_LIGNE,EXPEDIEE,3198.75
6983,2027-10-15,22,8,GROSSISTE,ANNULEE,0.00
6984,2027-10-15,4,3,GROSSISTE,LIVREE,20572.70
6985,2027-10-15,9,2,DIRECT,LIVREE,9728.65
6986,2027-10-16,30,1,PARTENAIRE,LIVREE,1890.00
6987,2027-10-16,17,11,DIRECT,EXPEDIEE,10479.00
6988,2027-10-16,25,1,EN_LIGNE,LIVREE,23517.65
6989,2027-10-16,3,3,PARTENAIRE,LIVREE,1419.00
6990,2027-10-16,9,9,PARTENAIRE,LIVREE,2267.00
6991,2027-10-17,21,1,GROSSISTE,EN_ATTENTE,23063.00
6992,2027-10-17,40,6,DIRECT,LIVREE,9074.40
6993,2027-10-17,19,2,DIRECT,LIVREE,6063.70
6994,2027-10-18,17,11,DIRECT,LIVREE,495.90
6995,2027-10-18,19,5,EN_LIGNE,LIVREE,10854.00
6996,2027-10-18,21,12,EN_LIGNE,LIVREE,5240.75
6997,2027-10-18,11,2,GROSSISTE,EN_ATTENTE,3853.50
6998,2027-10-19,25,4,GROSSISTE,ANNULEE,0.00
6999,2027-10-19,34,8,GROSSISTE,LIVREE,14581.80
7000,2027-10-19,13,9,PARTENAIRE,LIVREE,5037.90
7001,2027-10-19,32,4,EN_LIGNE,LIVREE,7472.00
7002,2027-10-19,11,1,EN_LIGNE,LIVREE,30353.85
7003,2027-10-19,24,12,PARTENAIRE,EXPEDIEE,14800.30
7004,2027-10-19,19,9,EN_LIGNE,LIVREE,17540.00
7005,2027-10-19,6,12,DIRECT,LIVREE,2926.00
7006,2027-10-20,34,9,DIRECT,LIVREE,9361.80
7007,2027-10-20,15,5,GROSSISTE,LIVREE,7103.70
7008,2027-10-20,27,5,PARTENAIRE,EXPEDIEE,9797.00
7009,2027-10-20,28,11,EN_LIGNE,LIVREE,9176.00
7010,2027-10-20,39,1,DIRECT,LIVREE,2478.60
7011,2027-10-20,10,4,GROSSISTE,LIVREE,15666.35
7012,2027-10-20,30,3,GROSSISTE,LIVREE,37914.55
7013,2027-10-21,17,2,GROSSISTE,LIVREE,10179.50
7014,2027-10-21,16,11,EN_LIGNE,LIVREE,32676.00
7015,2027-10-21,1,11,EN_LIGNE,LIVREE,3021.00
7016,2027-10-21,37,7,DIRECT,EXPEDIEE,16454.50
7017,2027-10-21,28,12,GROSSISTE,LIVREE,32686.00
7018,2027-10-21,15,6,DIRECT,LIVREE,1990.40
7019,2027-10-22,25,6,GROSSISTE,LIVREE,2175.00
7020,2027-10-22,21,9,PARTENAIRE,EN_ATTENTE,24273.00
7021,2027-10-22,8,5,EN_LIGNE,EN_ATTENTE,3600.00
7022,2027-10-23,28,4,EN_LIGNE,LIVREE,35281.40
7023,2027-10-23,28,4,DIRECT,LIVREE,3109.00
7024,2027-10-24,31,8,DIRECT,EN_ATTENTE,1299.20
7025,2027-10-24,16,10,PARTENAIRE,LIVREE,928.00
7026,2027-10-24,14,1,DIRECT,LIVREE,2913.65
7027,2027-10-24,15,8,DIRECT,EXPEDIEE,1314.75
7028,2027-10-25,40,2,PARTENAIRE,EXPEDIEE,2160.00
7029,2027-10-25,22,5,EN_LIGNE,EN_ATTENTE,26305.00
7030,2027-10-25,20,3,GROSSISTE,LIVREE,2206.55
7031,2027-10-26,24,12,PARTENAIRE,LIVREE,22467.00
7032,2027-10-26,8,4,GROSSISTE,LIVREE,7522.65
7033,2027-10-26,4,8,PARTENAIRE,LIVREE,16851.00
7034,2027-10-26,1,7,GROSSISTE,LIVREE,4149.90
7035,2027-10-26,20,10,GROSSISTE,LIVREE,1701.60
7036,2027-10-26,27,10,PARTENAIRE,EN_ATTENTE,19563.85
7037,2027-10-27,10,11,GROSSISTE,ANNULEE,0.00
7038,2027-10-27,2,7,GROSSISTE,LIVREE,20018.00
7039,2027-10-27,28,5,GROSSISTE,ANNULEE,0.00
7040,2027-10-27,38,6,GROSSISTE,LIVREE,16320.20
7041,2027-10-27,37,10,DIRECT,LIVREE,777.60
7042,2027-10-27,1,3,DIRECT,LIVREE,6289.10
7043,2027-10-27,14,11,EN_LIGNE,LIVREE,5385.60
7044,2027-10-28,25,7,GROSSISTE,EXPEDIEE,16794.90
7045,2027-10-28,1,8,DIRECT,LIVREE,13191.60
7046,2027-10-28,12,12,PARTENAIRE,LIVREE,5316.00
7047,2027-10-28,34,11,GROSSISTE,LIVREE,7427.25
7048,2027-10-28,36,3,EN_LIGNE,LIVREE,12079.20
7049,2027-10-28,20,8,PARTENAIRE,EXPEDIEE,5823.00
7050,2027-10-28,7,3,GROSSISTE,EXPEDIEE,384.00
7051,2027-10-28,18,9,DIRECT,LIVREE,390.00
7052,2027-10-29,14,8,EN_LIGNE,LIVREE,1774.00
7053,2027-10-29,26,4,GROSSISTE,LIVREE,19176.00
7054,2027-10-29,3,2,DIRECT,EXPEDIEE,10788.00
7055,2027-10-29,3,2,GROSSISTE,LIVREE,524.40
7056,2027-10-29,17,3,GROSSISTE,LIVREE,19476.30
7057,2027-10-29,28,3,PARTENAIRE,LIVREE,23816.00
7058,2027-10-30,12,9,PARTENAIRE,EXPEDIEE,21100.85
7059,2027-10-30,6,4,PARTENAIRE,EN_ATTENTE,5211.70
7060,2027-10-30,9,3,GROSSISTE,EN_ATTENTE,24126.00
7061,2027-10-30,39,2,PARTENAIRE,LIVREE,5685.00
7062,2027-10-30,32,2,EN_LIGNE,LIVREE,5402.30
7063,2027-10-30,29,3,PARTENAIRE,LIVREE,14387.50
7064,2027-10-30,18,6,PARTENAIRE,EXPEDIEE,43200.45
7065,2027-10-30,23,6,GROSSISTE,ANNULEE,0.00
7066,2027-10-31,2,9,GROSSISTE,LIVREE,14692.00
7067,2027-10-31,34,12,EN_LIGNE,LIVREE,5514.50
7068,2027-10-31,27,6,EN_LIGNE,LIVREE,759.00
7069,2027-11-01,27,2,PARTENAIRE,LIVREE,345.00
7070,2027-11-01,17,8,GROSSISTE,LIVREE,15127.60
7071,2027-11-01,40,12,GROSSISTE,LIVREE,25614.00
7072,2027-11-01,37,12,PARTENAIRE,LIVREE,9914.85
7073,2027-11-01,23,1,EN_LIGNE,LIVREE,11422.70
7074,2027-11-01,17,8,PARTENAIRE,LIVREE,4963.30
7075,2027-11-02,6,12,GROSSISTE,LIVREE,7444.80
7076,2027-11-02,3,3,DIRECT,LIVREE,5219.45
7077,2027-11-02,10,8,EN_LIGNE,LIVREE,31243.90
7078,2027-11-02,27,4,EN_LIGNE,EXPEDIEE,7953.00
7079,2027-11-02,5,4,DIRECT,LIVREE,32599.20
7080,2027-11-02,29,12,GROSSISTE,LIVREE,4837.25
7081,2027-11-02,20,6,PARTENAIRE,LIVREE,4298.00
7082,2027-11-02,14,2,EN_LIGNE,EXPEDIEE,11384.00
7083,2027-11-03,15,7,GROSSISTE,LIVREE,8076.00
7084,2027-11-03,34,9,PARTENAIRE,LIVREE,27100.35
7085,2027-11-04,19,11,PARTENAIRE,LIVREE,414.00
7086,2027-11-04,15,8,PARTENAIRE,LIVREE,1902.00
7087,2027-11-04,35,12,EN_LIGNE,LIVREE,10481.35
7088,2027-11-05,29,10,PARTENAIRE,EXPEDIEE,13937.45
7089,2027-11-05,6,12,EN_LIGNE,LIVREE,11159.95
7090,2027-11-05,32,7,GROSSISTE,EXPEDIEE,12980.00
7091,2027-11-05,11,8,DIRECT,ANNULEE,0.00
7092,2027-11-05,33,2,DIRECT,LIVREE,26033.55
7093,2027-11-05,31,2,EN_LIGNE,EXPEDIEE,5879.70
7094,2027-11-06,16,9,EN_LIGNE,LIVREE,9336.00
7095,2027-11-06,16,11,DIRECT,LIVREE,7035.10
7096,2027-11-06,10,4,GROSSISTE,LIVREE,2897.40
7097,2027-11-06,35,4,PARTENAIRE,EXPEDIEE,24943.50
7098,2027-11-06,39,3,EN_LIGNE,EXPEDIEE,6157.80
7099,2027-11-06,18,2,EN_LIGNE,LIVREE,7220.35
7100,2027-11-06,10,4,PARTENAIRE,LIVREE,48155.45
7101,2027-11-07,4,8,PARTENAIRE,LIVREE,5619.00
7102,2027-11-07,10,7,PARTENAIRE,LIVREE,2022.00
7103,2027-11-07,17,8,DIRECT,LIVREE,1667.55
7104,2027-11-07,17,4,DIRECT,EXPEDIEE,128.25
7105,2027-11-07,6,9,DIRECT,LIVREE,27221.10
7106,2027-11-07,36,7,DIRECT,EN_ATTENTE,15681.75
7107,2027-11-08,13,9,GROSSISTE,LIVREE,13427.40
7108,2027-11-08,37,5,DIRECT,EXPEDIEE,10612.00
7109,2027-11-08,34,3,GROSSISTE,LIVREE,1552.50
7110,2027-11-08,9,5,EN_LIGNE,LIVREE,8702.90
7111,2027-11-08,40,7,PARTENAIRE,EN_ATTENTE,5184.15
7112,2027-11-08,25,2,PARTENAIRE,LIVREE,25864.70
7113,2027-11-09,39,10,DIRECT,LIVREE,8900.10
7114,2027-11-09,22,12,DIRECT,LIVREE,30067.20
7115,2027-11-09,23,8,EN_LIGNE,EXPEDIEE,21884.00
7116,2027-11-09,7,10,EN_LIGNE,LIVREE,14748.30
7117,2027-11-09,27,5,DIRECT,EXPEDIEE,9971.40
7118,2027-11-09,18,6,DIRECT,ANNULEE,0.00
7119,2027-11-10,27,5,PARTENAIRE,LIVREE,18726.00
7120,2027-11-10,3,9,EN_LIGNE,LIVREE,18029.75
7121,2027-11-10,37,11,PARTENAIRE,LIVREE,25064.50
7122,2027-11-10,6,9,EN_LIGNE,LIVREE,9904.40
7123,2027-11-10,10,10,DIRECT,EN_ATTENTE,1657.65
7124,2027-11-10,3,6,DIRECT,LIVREE,19002.30
7125,2027-11-10,31,4,EN_LIGNE,EXPEDIEE,1850.80
7126,2027-11-10,25,1,EN_LIGNE,LIVREE,3999.00
7127,2027-11-11,1,11,DIRECT,LIVREE,247.00
7128,2027-11-11,20,2,EN_LIGNE,EXPEDIEE,23951.00
7129,2027-11-12,29,6,DIRECT,LIVREE,12228.15
7130,2027-11-12,1,10,DIRECT,EXPEDIEE,1177.80
7131,2027-11-12,20,8,PARTENAIRE,EXPEDIEE,490.00
7132,2027-11-12,10,3,GROSSISTE,EXPEDIEE,945.00
7133,2027-11-12,22,6,GROSSISTE,ANNULEE,0.00
7134,2027-11-12,35,5,EN_LIGNE,LIVREE,19058.00
7135,2027-11-13,39,10,DIRECT,LIVREE,26800.10
7136,2027-11-13,21,10,EN_LIGNE,LIVREE,13214.55
7137,2027-11-13,37,2,DIRECT,EXPEDIEE,19390.20
7138,2027-11-13,13,2,GROSSISTE,LIVREE,540.00
7139,2027-11-14,28,2,GROSSISTE,LIVREE,1095.60
7140,2027-11-14,20,8,GROSSISTE,LIVREE,10431.00
7141,2027-11-15,36,1,GROSSISTE,LIVREE,24537.00
7142,2027-11-15,19,9,DIRECT,LIVREE,12128.05
7143,2027-11-16,13,1,EN_LIGNE,LIVREE,17321.65
7144,2027-11-16,32,11,DIRECT,LIVREE,8063.00
7145,2027-11-16,9,9,PARTENAIRE,LIVREE,298.00
7146,2027-11-16,22,2,PARTENAIRE,LIVREE,3004.40
7147,2027-11-16,33,1,GROSSISTE,LIVREE,3104.40
7148,2027-11-16,19,9,PARTENAIRE,LIVREE,2748.60
7149,2027-11-16,36,12,DIRECT,LIVREE,15648.70
7150,2027-11-17,9,9,PARTENAIRE,LIVREE,12078.00
7151,2027-11-17,27,3,DIRECT,LIVREE,2154.90
7152,2027-11-17,39,12,PARTENAIRE,LIVREE,41073.30
7153,2027-11-17,14,10,PARTENAIRE,EN_ATTENTE,17451.00
7154,2027-11-17,3,8,PARTENAIRE,EN_ATTENTE,13887.00
7155,2027-11-18,35,6,PARTENAIRE,LIVREE,4084.05
7156,2027-11-18,9,10,DIRECT,EXPEDIEE,26604.00
7157,2027-11-18,6,6,PARTENAIRE,LIVREE,5188.60
7158,2027-11-18,20,3,GROSSISTE,LIVREE,31310.50
7159,2027-11-18,14,8,PARTENAIRE,LIVREE,5034.25
7160,2027-11-18,2,10,PARTENAIRE,EXPEDIEE,10991.00
7161,2027-11-18,29,12,PARTENAIRE,LIVREE,2980.90
7162,2027-11-18,28,12,PARTENAIRE,LIVREE,2010.60
7163,2027-11-19,30,5,GROSSISTE,LIVREE,7312.25
7164,2027-11-19,12,5,DIRECT,LIVREE,29524.40
7165,2027-11-19,3,8,PARTENAIRE,LIVREE,534.00
7166,2027-11-19,39,4,EN_LIGNE,LIVREE,18663.75
7167,2027-11-19,35,1,GROSSISTE,EXPEDIEE,23067.80
7168,2027-11-19,12,5,PARTENAIRE,LIVREE,1570.50
7169,2027-11-19,8,1,GROSSISTE,LIVREE,14837.45
7170,2027-11-20,22,1,GROSSISTE,LIVREE,2850.00
7171,2027-11-20,21,2,DIRECT,LIVREE,7192.00
7172,2027-11-20,18,12,GROSSISTE,EXPEDIEE,14539.50
7173,2027-11-20,9,4,PARTENAIRE,ANNULEE,0.00
7174,2027-11-20,29,11,DIRECT,LIVREE,2265.75
7175,2027-11-20,4,4,DIRECT,LIVREE,41528.80
7176,2027-11-20,36,9,GROSSISTE,LIVREE,2968.55
7177,2027-11-20,10,6,GROSSISTE,LIVREE,14384.70
7178,2027-11-21,13,3,PARTENAIRE,LIVREE,7074.00
7179,2027-11-21,32,10,GROSSISTE,LIVREE,8675.00
7180,2027-11-21,37,3,EN_LIGNE,LIVREE,21117.00
7181,2027-11-21,21,7,DIRECT,LIVREE,13309.00
7182,2027-11-21,17,1,PARTENAIRE,EXPEDIEE,5567.40
7183,2027-11-22,4,9,DIRECT,LIVREE,2704.40
7184,2027-11-22,19,1,GROSSISTE,LIVREE,10743.20
7185,2027-11-22,16,6,EN_LIGNE,EXPEDIEE,11128.00
7186,2027-11-23,38,11,EN_LIGNE,LIVREE,4835.90
7187,2027-11-23,22,1,PARTENAIRE,LIVREE,40293.70
7188,2027-11-23,21,4,PARTENAIRE,EN_ATTENTE,10431.00
7189,2027-11-23,16,12,GROSSISTE,LIVREE,13979.00
7190,2027-11-23,4,3,GROSSISTE,LIVREE,44920.00
7191,2027-11-23,30,4,DIRECT,EXPEDIEE,913.00
7192,2027-11-23,7,8,GROSSISTE,LIVREE,1170.00
7193,2027-11-23,24,10,DIRECT,LIVREE,28140.35
7194,2027-11-24,11,5,PARTENAIRE,LIVREE,30158.50
7195,2027-11-24,3,10,GROSSISTE,EXPEDIEE,8995.20
7196,2027-11-24,13,1,DIRECT,LIVREE,17109.20
7197,2027-11-24,30,10,GROSSISTE,LIVREE,9082.10
7198,2027-11-24,39,12,PARTENAIRE,ANNULEE,0.00
7199,2027-11-24,5,10,GROSSISTE,LIVREE,15159.20
7200,2027-11-25,9,7,DIRECT,LIVREE,21175.30
7201,2027-11-25,38,2,PARTENAIRE,LIVREE,75.00
7202,2027-11-25,5,3,PARTENAIRE,LIVREE,2626.00
7203,2027-11-26,3,11,DIRECT,EXPEDIEE,6219.00
7204,2027-11-26,20,12,GROSSISTE,LIVREE,10085.60
7205,2027-11-26,7,5,EN_LIGNE,LIVREE,8038.40
7206,2027-11-26,31,2,EN_LIGNE,LIVREE,1090.65
7207,2027-11-26,32,5,EN_LIGNE,EXPEDIEE,5725.80
7208,2027-11-26,1,12,PARTENAIRE,LIVREE,14189.00
7209,2027-11-26,18,11,DIRECT,EXPEDIEE,25923.00
7210,2027-11-27,34,6,GROSSISTE,EXPEDIEE,31158.65
7211,2027-11-27,29,4,DIRECT,LIVREE,3630.75
7212,2027-11-27,25,11,EN_LIGNE,LIVREE,19498.10
7213,2027-11-27,7,3,EN_LIGNE,LIVREE,5260.10
7214,2027-11-27,3,11,DIRECT,LIVREE,7426.70
7215,2027-11-27,1,10,PARTENAIRE,LIVREE,3369.25
7216,2027-11-27,5,4,DIRECT,LIVREE,714.00
7217,2027-11-27,14,11,EN_LIGNE,LIVREE,17319.45
7218,2027-11-28,15,1,PARTENAIRE,LIVREE,4520.00
7219,2027-11-28,15,9,EN_LIGNE,LIVREE,1256.85
7220,2027-11-28,16,2,GROSSISTE,LIVREE,27886.70
7221,2027-11-28,12,9,GROSSISTE,LIVREE,4192.85
7222,2027-11-28,2,11,DIRECT,EN_ATTENTE,696.00
7223,2027-11-28,22,4,GROSSISTE,LIVREE,2760.00
7224,2027-11-29,14,7,PARTENAIRE,LIVREE,315.00
7225,2027-11-29,20,2,EN_LIGNE,LIVREE,5643.00
7226,2027-11-30,2,1,DIRECT,EXPEDIEE,890.00
7227,2027-11-30,5,8,GROSSISTE,LIVREE,45968.70
7228,2027-11-30,37,5,EN_LIGNE,LIVREE,8835.10
7229,2027-11-30,33,11,PARTENAIRE,LIVREE,21717.20
7230,2027-12-01,18,4,DIRECT,LIVREE,9865.00
7231,2027-12-01,39,9,GROSSISTE,LIVREE,26235.60
7232,2027-12-01,1,5,PARTENAIRE,LIVREE,21048.60
7233,2027-12-01,32,2,DIRECT,LIVREE,6480.90
7234,2027-12-01,29,11,DIRECT,LIVREE,8145.60
7235,2027-12-01,6,8,GROSSISTE,LIVREE,12447.20
7236,2027-12-01,27,5,PARTENAIRE,LIVREE,11171.85
7237,2027-12-01,5,9,DIRECT,LIVREE,285.00
7238,2027-12-02,17,3,PARTENAIRE,LIVREE,7381.50
7239,2027-12-02,7,6,PARTENAIRE,LIVREE,6553.20
7240,2027-12-02,21,2,PARTENAIRE,LIVREE,9035.50
7241,2027-12-02,11,6,EN_LIGNE,LIVREE,15541.20
7242,2027-12-02,6,4,DIRECT,EXPEDIEE,13629.00
7243,2027-12-02,5,4,PARTENAIRE,EN_ATTENTE,25354.00
7244,2027-12-03,18,2,DIRECT,LIVREE,6781.35
7245,2027-12-03,9,11,PARTENAIRE,EXPEDIEE,9315.15
7246,2027-12-03,21,9,DIRECT,LIVREE,10847.75
7247,2027-12-03,2,7,PARTENAIRE,LIVREE,29191.00
7248,2027-12-03,40,7,PARTENAIRE,EXPEDIEE,5813.10
7249,2027-12-03,15,3,DIRECT,LIVREE,18167.40
7250,2027-12-03,28,4,GROSSISTE,EXPEDIEE,7191.00
7251,2027-12-04,25,10,PARTENAIRE,LIVREE,270.00
7252,2027-12-04,6,4,DIRECT,LIVREE,5888.75
7253,2027-12-05,19,7,GROSSISTE,EXPEDIEE,270.00
7254,2027-12-05,35,2,PARTENAIRE,LIVREE,17862.00
7255,2027-12-05,27,5,DIRECT,LIVREE,1154.00
7256,2027-12-06,38,3,DIRECT,EXPEDIEE,10619.00
7257,2027-12-06,28,4,GROSSISTE,LIVREE,11747.00
7258,2027-12-06,38,5,DIRECT,LIVREE,3538.00
7259,2027-12-06,23,2,PARTENAIRE,LIVREE,3639.00
7260,2027-12-06,10,6,EN_LIGNE,LIVREE,53540.50
7261,2027-12-06,10,3,DIRECT,LIVREE,44.00
7262,2027-12-06,28,4,GROSSISTE,EXPEDIEE,18239.50
7263,2027-12-07,6,6,GROSSISTE,LIVREE,1068.00
7264,2027-12-07,7,6,GROSSISTE,EN_ATTENTE,11501.00
7265,2027-12-07,16,10,GROSSISTE,ANNULEE,0.00
7266,2027-12-07,21,1,GROSSISTE,EXPEDIEE,13395.00
7267,2027-12-07,25,4,PARTENAIRE,EN_ATTENTE,18104.25
7268,2027-12-08,34,10,GROSSISTE,EN_ATTENTE,747.00
7269,2027-12-08,4,8,PARTENAIRE,ANNULEE,0.00
7270,2027-12-08,14,8,DIRECT,LIVREE,8771.80
7271,2027-12-08,2,7,PARTENAIRE,LIVREE,10560.90
7272,2027-12-08,5,11,DIRECT,LIVREE,2683.40
7273,2027-12-09,38,1,DIRECT,EN_ATTENTE,10309.60
7274,2027-12-09,22,4,GROSSISTE,LIVREE,3141.00
7275,2027-12-09,21,3,GROSSISTE,LIVREE,490.00
7276,2027-12-09,31,7,DIRECT,LIVREE,4904.20
7277,2027-12-09,38,3,EN_LIGNE,ANNULEE,0.00
7278,2027-12-10,13,3,PARTENAIRE,LIVREE,14022.00
7279,2027-12-10,19,9,EN_LIGNE,LIVREE,9950.75
7280,2027-12-10,4,9,DIRECT,LIVREE,3060.00
7281,2027-12-10,30,2,EN_LIGNE,LIVREE,7117.40
7282,2027-12-10,30,9,EN_LIGNE,EXPEDIEE,4450.50
7283,2027-12-11,7,3,EN_LIGNE,LIVREE,18715.90
7284,2027-12-11,4,6,PARTENAIRE,ANNULEE,0.00
7285,2027-12-11,23,6,GROSSISTE,EXPEDIEE,4421.00
7286,2027-12-11,13,6,EN_LIGNE,LIVREE,10514.25
7287,2027-12-11,22,2,PARTENAIRE,LIVREE,21772.70
7288,2027-12-12,27,6,EN_LIGNE,EXPEDIEE,288.00
7289,2027-12-12,5,7,DIRECT,LIVREE,23374.00
7290,2027-12-12,11,4,EN_LIGNE,LIVREE,8196.00
7291,2027-12-12,13,1,EN_LIGNE,LIVREE,3040.10
7292,2027-12-12,18,8,PARTENAIRE,LIVREE,26736.60
7293,2027-12-12,16,7,GROSSISTE,EXPEDIEE,3100.00
7294,2027-12-12,23,9,GROSSISTE,LIVREE,420.00
7295,2027-12-12,11,1,EN_LIGNE,LIVREE,37489.30
7296,2027-12-13,15,8,DIRECT,LIVREE,43132.80
7297,2027-12-13,21,8,EN_LIGNE,LIVREE,704.00
7298,2027-12-13,15,7,GROSSISTE,LIVREE,205.20
7299,2027-12-13,2,4,GROSSISTE,LIVREE,5762.00
7300,2027-12-13,36,3,EN_LIGNE,EXPEDIEE,38580.90
7301,2027-12-13,32,2,EN_LIGNE,EN_ATTENTE,1058.60
7302,2027-12-13,40,3,DIRECT,LIVREE,4373.25
7303,2027-12-14,18,1,GROSSISTE,LIVREE,3324.90
7304,2027-12-14,17,9,DIRECT,LIVREE,13662.90
7305,2027-12-15,12,10,PARTENAIRE,LIVREE,15735.80
7306,2027-12-15,40,2,GROSSISTE,LIVREE,1069.20
7307,2027-12-15,32,8,GROSSISTE,LIVREE,150.00
7308,2027-12-15,40,8,DIRECT,LIVREE,9578.85
7309,2027-12-15,27,5,PARTENAIRE,LIVREE,9879.45
7310,2027-12-15,11,5,DIRECT,LIVREE,20542.90
7311,2027-12-15,35,4,DIRECT,LIVREE,513.00
7312,2027-12-15,24,6,GROSSISTE,LIVREE,9961.20
7313,2027-12-16,11,11,GROSSISTE,LIVREE,47523.20
7314,2027-12-16,27,1,EN_LIGNE,LIVREE,7293.30
7315,2027-12-16,24,12,DIRECT,LIVREE,5169.00
7316,2027-12-16,21,10,GROSSISTE,LIVREE,7258.20
7317,2027-12-16,3,7,GROSSISTE,LIVREE,2559.00
7318,2027-12-17,24,2,PARTENAIRE,LIVREE,2412.00
7319,2027-12-17,31,7,EN_LIGNE,LIVREE,4904.55
7320,2027-12-17,21,6,GROSSISTE,LIVREE,9230.00
7321,2027-12-17,40,6,EN_LIGNE,EXPEDIEE,544.00
7322,2027-12-17,4,5,PARTENAIRE,LIVREE,43099.40
7323,2027-12-17,21,3,GROSSISTE,ANNULEE,0.00
7324,2027-12-18,19,2,EN_LIGNE,LIVREE,4179.70
7325,2027-12-18,14,9,EN_LIGNE,LIVREE,5824.50
7326,2027-12-18,3,9,EN_LIGNE,LIVREE,32000.00
7327,2027-12-18,11,6,EN_LIGNE,LIVREE,5299.60
7328,2027-12-19,16,7,EN_LIGNE,LIVREE,6906.45
7329,2027-12-19,21,12,EN_LIGNE,LIVREE,12519.80
7330,2027-12-19,29,3,PARTENAIRE,LIVREE,23913.40
7331,2027-12-19,25,1,EN_LIGNE,LIVREE,4431.00
7332,2027-12-19,23,1,GROSSISTE,LIVREE,35932.90
7333,2027-12-19,31,8,PARTENAIRE,LIVREE,8173.75
7334,2027-12-19,17,10,GROSSISTE,LIVREE,7246.80
7335,2027-12-20,8,4,GROSSISTE,EXPEDIEE,5751.00
7336,2027-12-20,9,2,PARTENAIRE,EN_ATTENTE,32690.00
7337,2027-12-20,7,5,EN_LIGNE,LIVREE,31028.25
7338,2027-12-20,31,12,EN_LIGNE,ANNULEE,0.00
7339,2027-12-20,13,4,GROSSISTE,LIVREE,8584.05
7340,2027-12-21,17,11,EN_LIGNE,LIVREE,630.00
7341,2027-12-21,33,5,EN_LIGNE,LIVREE,198.00
7342,2027-12-21,24,4,PARTENAIRE,EXPEDIEE,1275.85
7343,2027-12-21,12,1,EN_LIGNE,LIVREE,12181.35
7344,2027-12-22,2,12,PARTENAIRE,LIVREE,24795.55
7345,2027-12-22,21,6,GROSSISTE,LIVREE,4914.60
7346,2027-12-22,27,1,EN_LIGNE,LIVREE,29594.75
7347,2027-12-22,6,2,DIRECT,ANNULEE,0.00
7348,2027-12-23,10,6,EN_LIGNE,EXPEDIEE,1024.65
7349,2027-12-23,33,3,GROSSISTE,LIVREE,22787.00
7350,2027-12-23,7,1,PARTENAIRE,ANNULEE,0.00
7351,2027-12-23,29,4,EN_LIGNE,EN_ATTENTE,5975.20
7352,2027-12-23,31,12,GROSSISTE,LIVREE,47133.40
7353,2027-12-23,34,5,EN_LIGNE,LIVREE,55682.50
7354,2027-12-24,30,6,PARTENAIRE,LIVREE,4288.00
7355,2027-12-24,17,9,EN_LIGNE,LIVREE,10287.90
7356,2027-12-25,21,5,EN_LIGNE,LIVREE,7118.00
7357,2027-12-25,12,5,DIRECT,LIVREE,15635.55
7358,2027-12-25,31,4,DIRECT,EXPEDIEE,1148.40
7359,2027-12-25,4,11,DIRECT,LIVREE,7192.00
7360,2027-12-25,36,1,GROSSISTE,LIVREE,4235.75
7361,2027-12-25,14,2,EN_LIGNE,LIVREE,8621.00
7362,2027-12-26,31,11,PARTENAIRE,LIVREE,29418.85
7363,2027-12-26,19,2,DIRECT,LIVREE,16900.85
7364,2027-12-26,12,9,PARTENAIRE,LIVREE,13256.00
7365,2027-12-26,12,6,GROSSISTE,LIVREE,9321.00
7366,2027-12-27,9,6,GROSSISTE,LIVREE,1512.00
7367,2027-12-27,13,10,PARTENAIRE,LIVREE,20951.05
7368,2027-12-27,12,9,GROSSISTE,LIVREE,3696.50
7369,2027-12-28,14,4,GROSSISTE,LIVREE,15879.85
7370,2027-12-28,16,6,DIRECT,EXPEDIEE,24533.50
7371,2027-12-28,15,9,EN_LIGNE,EXPEDIEE,6249.10
7372,2027-12-28,40,4,EN_LIGNE,LIVREE,30925.00
7373,2027-12-28,5,9,EN_LIGNE,LIVREE,14457.00
7374,2027-12-29,20,1,PARTENAIRE,LIVREE,17029.10
7375,2027-12-29,22,7,PARTENAIRE,ANNULEE,0.00
7376,2027-12-29,20,6,PARTENAIRE,LIVREE,9643.50
7377,2027-12-29,1,8,DIRECT,LIVREE,10953.00
7378,2027-12-29,35,6,GROSSISTE,LIVREE,48918.35
7379,2027-12-29,29,11,DIRECT,EN_ATTENTE,17411.60
7380,2027-12-29,7,2,DIRECT,LIVREE,6566.35
7381,2027-12-30,12,2,GROSSISTE,LIVREE,24535.30
7382,2027-12-30,16,10,GROSSISTE,EXPEDIEE,16110.05
7383,2027-12-30,38,9,PARTENAIRE,LIVREE,28473.30
7384,2027-12-30,25,5,DIRECT,ANNULEE,0.00
7385,2027-12-30,22,6,GROSSISTE,LIVREE,45662.80
7386,2027-12-30,2,2,GROSSISTE,LIVREE,21710.85
7387,2027-12-30,30,7,GROSSISTE,LIVREE,1335.00
7388,2027-12-31,2,6,DIRECT,LIVREE,26237.70
7389,2027-12-31,15,5,GROSSISTE,LIVREE,15677.55
7390,2027-12-31,35,12,DIRECT,LIVREE,6174.90
