paie_id,employe_id,annee,mois,salaire_brut,primes,impots,cotisations,salaire_net
1,1,2024,1,1006.47,0.00,151.87,90.58,764.02
2,2,2024,1,1660.26,257.98,195.71,149.42,1315.13
3,3,2024,1,2837.05,219.13,442.92,255.33,2138.80
4,4,2024,1,3363.14,0.00,770.46,302.68,2290.00
5,6,2024,1,2123.52,350.41,461.20,191.12,1471.20
6,7,2024,1,3447.36,352.13,481.34,310.26,2655.76
7,8,2024,1,3048.80,0.00,503.90,274.39,2270.51
8,9,2024,1,1109.60,0.00,259.29,99.86,750.45
9,11,2024,1,1434.86,71.43,157.69,129.14,1148.03
10,12,2024,1,672.00,0.00,88.61,60.48,522.91
11,13,2024,1,893.66,0.00,148.50,80.43,664.73
12,14,2024,1,3338.17,359.13,672.03,300.44,2365.70
13,16,2024,1,2034.06,296.64,241.76,183.07,1609.23
14,17,2024,1,1434.05,0.00,292.32,129.06,1012.67
15,18,2024,1,3881.12,196.49,767.37,349.30,2764.45
16,19,2024,1,972.94,0.00,243.16,87.56,642.22
17,21,2024,1,802.76,51.85,123.59,72.25,606.92
18,22,2024,1,1788.04,87.07,389.99,160.92,1237.13
19,23,2024,1,1678.29,125.25,238.75,151.05,1288.49
20,24,2024,1,1276.87,83.51,181.10,114.92,980.85
21,26,2024,1,1064.68,70.19,218.53,95.82,750.33
22,27,2024,1,1722.74,0.00,270.29,155.05,1297.40
23,28,2024,1,1848.74,286.90,362.07,166.39,1320.28
24,31,2024,1,1353.49,179.78,313.24,121.81,918.44
25,32,2024,1,1640.31,0.00,400.17,147.63,1092.51
26,33,2024,1,1954.62,181.39,256.00,175.92,1522.70
27,34,2024,1,1404.88,124.17,268.12,126.44,1010.32
28,36,2024,1,1665.75,0.00,323.74,149.92,1192.09
29,37,2024,1,1131.45,125.76,260.66,101.83,768.96
30,38,2024,1,4694.92,585.77,857.08,422.54,3415.30
31,39,2024,1,1785.17,269.64,328.90,160.67,1295.60
32,41,2024,1,2562.90,0.00,472.78,230.66,1859.46
33,42,2024,1,2918.24,0.00,574.24,262.64,2081.36
34,43,2024,1,2502.14,0.00,321.66,225.19,1955.29
35,44,2024,1,1683.68,246.50,274.91,151.53,1257.24
36,46,2024,1,2315.37,150.25,443.24,208.38,1663.75
37,47,2024,1,913.41,98.31,142.60,82.21,688.60
38,48,2024,1,2542.77,178.41,434.79,228.85,1879.13
39,49,2024,1,1252.58,191.05,268.19,112.73,871.66
40,51,2024,1,4364.18,0.00,920.01,392.78,3051.39
41,52,2024,1,2186.47,0.00,280.65,196.78,1709.04
42,53,2024,1,2033.01,326.79,389.71,182.97,1460.33
43,54,2024,1,4157.69,0.00,599.70,374.19,3183.80
44,56,2024,1,2571.68,157.66,302.79,231.45,2037.44
45,57,2024,1,1878.55,0.00,207.77,169.07,1501.71
46,58,2024,1,1100.44,92.49,258.21,99.04,743.19
47,59,2024,1,1153.36,137.95,271.53,103.80,778.03
48,61,2024,1,677.06,56.70,168.19,60.94,447.93
49,62,2024,1,986.36,0.00,191.44,88.77,706.15
50,63,2024,1,1018.64,50.21,212.67,91.68,714.29
51,64,2024,1,870.09,123.50,97.50,78.31,694.28
52,66,2024,1,938.51,0.00,125.73,84.47,728.31
53,67,2024,1,1453.20,174.93,219.43,130.79,1102.98
54,68,2024,1,1374.40,198.89,154.84,123.70,1095.86
55,69,2024,1,1444.62,0.00,347.68,130.02,966.92
56,71,2024,1,4274.29,237.35,792.81,384.69,3096.79
57,72,2024,1,1394.42,180.54,195.95,125.50,1072.97
58,74,2024,1,1739.38,99.44,232.82,156.54,1350.02
59,76,2024,1,1148.98,179.57,246.02,103.41,799.55
60,77,2024,1,1522.11,0.00,200.91,136.99,1184.21
61,78,2024,1,1045.70,78.17,217.41,94.11,734.18
62,81,2024,1,1126.95,157.16,246.58,101.43,778.94
63,82,2024,1,1841.39,140.80,442.80,165.73,1232.86
64,83,2024,1,1077.83,0.00,159.94,97.00,820.89
65,84,2024,1,1203.75,161.65,283.40,108.34,812.01
66,86,2024,1,4390.52,408.61,780.40,395.15,3214.97
67,87,2024,1,1711.29,113.71,193.78,154.02,1363.49
68,88,2024,1,2156.86,0.00,482.03,194.12,1480.71
69,89,2024,1,1734.38,0.00,394.02,156.09,1184.27
70,91,2024,1,1524.06,0.00,312.55,137.17,1074.34
71,92,2024,1,4903.17,646.15,729.17,441.29,3732.71
72,93,2024,1,1672.58,272.88,184.19,150.53,1337.86
73,94,2024,1,2020.45,334.41,392.95,181.84,1445.66
74,96,2024,1,3770.09,0.00,390.30,339.31,3040.48
75,97,2024,1,3168.39,452.56,401.96,285.16,2481.27
76,98,2024,1,2429.35,203.62,496.01,218.64,1714.70
77,99,2024,1,2200.09,143.00,458.42,198.01,1543.66
78,101,2024,1,927.84,0.00,223.86,83.51,620.47
79,102,2024,1,2807.75,0.00,445.78,252.70,2109.27
80,103,2024,1,1834.08,299.51,280.57,165.07,1388.44
81,104,2024,1,1265.50,102.27,254.99,113.90,896.61
82,106,2024,1,1070.07,64.34,202.01,96.31,771.75
83,107,2024,1,4121.64,517.88,463.64,370.95,3287.05
84,108,2024,1,1015.79,108.18,205.16,91.42,719.21
85,109,2024,1,746.40,0.00,78.77,67.18,600.45
86,111,2024,1,1970.85,0.00,369.19,177.38,1424.28
87,112,2024,1,2892.20,397.61,359.00,260.30,2272.90
88,113,2024,1,3047.24,374.10,372.82,274.25,2400.17
89,114,2024,1,1759.62,148.83,327.86,158.37,1273.39
90,116,2024,1,1197.57,0.00,195.43,107.78,894.36
91,117,2024,1,606.93,0.00,135.79,54.62,416.52
92,118,2024,1,912.90,0.00,211.98,82.16,618.76
93,119,2024,1,2448.64,0.00,362.91,220.38,1865.35
94,1,2024,2,1006.47,0.00,126.98,90.58,788.91
95,2,2024,2,1560.99,158.71,329.21,140.49,1091.29
96,3,2024,2,3120.91,502.99,517.33,280.88,2322.70
97,4,2024,2,3749.14,386.00,437.26,337.42,2974.46
98,6,2024,2,1773.11,0.00,433.10,159.58,1180.43
99,7,2024,2,3095.23,0.00,437.43,278.57,2379.23
100,8,2024,2,3048.80,0.00,569.55,274.39,2204.86
101,9,2024,2,1109.60,0.00,196.91,99.86,812.83
102,11,2024,2,1554.90,191.47,324.14,139.94,1090.82
103,12,2024,2,792.78,120.78,186.80,71.35,534.63
104,13,2024,2,1061.28,167.62,234.73,95.52,731.03
105,14,2024,2,2979.04,0.00,305.22,268.11,2405.71
106,16,2024,2,1737.42,0.00,184.24,156.37,1396.81
107,17,2024,2,1638.75,204.70,273.99,147.49,1217.27
108,18,2024,2,4189.96,505.33,890.30,377.10,2922.56
109,19,2024,2,972.94,0.00,211.60,87.56,673.78
110,21,2024,2,803.35,52.44,197.45,72.30,533.60
111,22,2024,2,1887.67,186.70,359.69,169.89,1358.09
112,23,2024,2,1701.55,148.51,183.36,153.14,1365.05
113,24,2024,2,1356.04,162.68,306.26,122.04,927.74
114,26,2024,2,1167.45,172.96,243.65,105.07,818.73
115,27,2024,2,1722.74,0.00,314.66,155.05,1253.03
116,28,2024,2,1561.84,0.00,378.08,140.57,1043.19
117,31,2024,2,1238.91,65.20,283.31,111.50,844.10
118,32,2024,2,1640.31,0.00,242.34,147.63,1250.34
119,33,2024,2,1773.23,0.00,264.08,159.59,1349.56
120,34,2024,2,1408.70,127.99,199.55,126.78,1082.37
121,36,2024,2,1778.04,112.29,287.38,160.02,1330.64
122,37,2024,2,1100.84,95.15,171.04,99.08,830.72
123,38,2024,2,4721.06,611.91,781.61,424.90,3514.55
124,39,2024,2,1515.53,0.00,316.10,136.40,1063.03
125,41,2024,2,3006.00,443.10,346.55,270.54,2388.91
126,42,2024,2,2918.24,0.00,708.99,262.64,1946.61
127,43,2024,2,2698.56,196.42,318.69,242.87,2137.00
128,44,2024,2,1437.18,0.00,317.05,129.35,990.78
129,46,2024,2,2335.38,170.26,301.09,210.18,1824.11
130,47,2024,2,902.10,87.00,187.27,81.19,633.64
131,48,2024,2,2520.18,155.82,318.31,226.82,1975.05
132,49,2024,2,1157.26,95.73,230.81,104.15,822.30
133,51,2024,2,4953.81,589.63,720.60,445.84,3787.37
134,52,2024,2,2347.40,160.93,356.84,211.27,1779.29
135,53,2024,2,1706.22,0.00,239.32,153.56,1313.34
136,54,2024,2,4976.40,818.71,666.60,447.88,3861.92
137,56,2024,2,2414.02,0.00,345.70,217.26,1851.06
138,57,2024,2,2095.18,216.63,397.29,188.57,1509.32
139,58,2024,2,1151.05,143.10,118.94,103.59,928.52
140,59,2024,2,1015.41,0.00,146.09,91.39,777.93
141,61,2024,2,684.58,64.22,155.08,61.61,467.89
142,62,2024,2,986.36,0.00,129.23,88.77,768.36
143,63,2024,2,1065.67,97.24,251.46,95.91,718.30
144,64,2024,2,884.79,138.20,212.13,79.63,593.03
145,66,2024,2,1124.32,185.81,123.18,101.19,899.95
146,67,2024,2,1458.04,179.77,352.26,131.22,974.56
147,68,2024,2,1358.33,182.82,298.07,122.25,938.01
148,69,2024,2,1725.96,281.34,227.67,155.34,1342.95
149,71,2024,2,4036.94,0.00,527.93,363.32,3145.69
150,72,2024,2,1453.66,239.78,223.48,130.83,1099.35
151,74,2024,2,1753.45,113.51,206.62,157.81,1389.02
152,76,2024,2,969.41,0.00,197.93,87.25,684.23
153,77,2024,2,1626.77,104.66,187.11,146.41,1293.25
154,78,2024,2,967.53,0.00,144.23,87.08,736.22
155,81,2024,2,969.79,0.00,142.66,87.28,739.85
156,82,2024,2,1791.33,90.74,376.17,161.22,1253.94
157,83,2024,2,1260.56,182.73,161.30,113.45,985.81
158,84,2024,2,1117.20,75.10,130.46,100.55,886.19
159,86,2024,2,3981.91,0.00,549.75,358.37,3073.79
160,87,2024,2,1872.69,275.11,279.38,168.54,1424.77
161,88,2024,2,2156.86,0.00,537.03,194.12,1425.71
162,89,2024,2,2060.56,326.18,348.89,185.45,1526.22
163,91,2024,2,1682.52,158.46,206.46,151.43,1324.63
164,92,2024,2,5065.77,808.75,988.02,455.92,3621.83
165,93,2024,2,1667.26,267.56,316.82,150.05,1200.39
166,94,2024,2,1686.04,0.00,190.77,151.74,1343.53
167,96,2024,2,4107.99,337.90,783.34,369.72,2954.93
168,97,2024,2,2715.83,0.00,409.34,244.42,2062.07
169,98,2024,2,2665.50,439.77,634.57,239.90,1791.03
170,99,2024,2,2311.58,254.49,406.42,208.04,1697.12
171,101,2024,2,927.84,0.00,196.97,83.51,647.36
172,102,2024,2,3232.34,424.59,624.64,290.91,2316.79
173,103,2024,2,1534.57,0.00,280.96,138.11,1115.50
174,104,2024,2,1383.58,220.35,157.66,124.52,1101.40
175,106,2024,2,1071.52,65.79,185.07,96.44,790.01
176,107,2024,2,3603.76,0.00,427.20,324.34,2852.22
177,108,2024,2,907.61,0.00,224.97,81.68,600.96
178,109,2024,2,746.40,0.00,143.85,67.18,535.37
179,111,2024,2,2327.15,356.30,275.93,209.44,1841.78
180,112,2024,2,2494.59,0.00,490.72,224.51,1779.36
181,113,2024,2,2673.14,0.00,321.89,240.58,2110.67
182,114,2024,2,1610.79,0.00,350.38,144.97,1115.44
183,116,2024,2,1376.14,178.57,322.78,123.85,929.51
184,117,2024,2,712.21,105.28,136.08,64.10,512.03
185,118,2024,2,959.84,46.94,146.19,86.39,727.26
186,119,2024,2,2765.82,317.18,486.22,248.92,2030.68
187,1,2024,3,1081.47,75.00,109.72,97.33,874.42
188,2,2024,3,1632.60,230.32,196.04,146.93,1289.63
189,3,2024,3,2952.91,334.99,492.79,265.76,2194.36
190,4,2024,3,3538.15,175.01,384.14,318.43,2835.58
191,6,2024,3,1773.11,0.00,191.49,159.58,1422.04
192,7,2024,3,3481.52,386.29,817.23,313.34,2350.95
193,8,2024,3,3329.64,280.84,542.02,299.67,2487.95
194,9,2024,3,1109.60,0.00,276.95,99.86,732.79
195,11,2024,3,1363.43,0.00,173.44,122.71,1067.28
196,12,2024,3,672.00,0.00,114.62,60.48,496.90
197,13,2024,3,979.38,85.72,142.03,88.14,749.21
198,14,2024,3,3133.23,154.19,459.64,281.99,2391.60
199,16,2024,3,1999.67,262.25,440.10,179.97,1379.60
200,17,2024,3,1617.33,183.28,317.30,145.56,1154.47
201,18,2024,3,4049.77,365.14,821.63,364.48,2863.66
202,19,2024,3,1047.83,74.89,192.29,94.30,761.24
203,21,2024,3,750.91,0.00,137.09,67.58,546.24
204,22,2024,3,1700.97,0.00,284.35,153.09,1263.53
205,23,2024,3,1553.04,0.00,284.32,139.77,1128.95
206,24,2024,3,1193.36,0.00,207.55,107.40,878.41
207,26,2024,3,1100.73,106.24,205.80,99.07,795.86
208,27,2024,3,1827.70,104.96,203.84,164.49,1459.37
209,28,2024,3,1561.84,0.00,296.34,140.57,1124.93
210,31,2024,3,1351.22,177.51,316.07,121.61,913.54
211,32,2024,3,1849.63,209.32,259.76,166.47,1423.40
212,33,2024,3,1907.17,133.94,323.40,171.65,1412.12
213,34,2024,3,1469.56,188.85,328.58,132.26,1008.72
214,36,2024,3,1665.75,0.00,261.74,149.92,1254.09
215,37,2024,3,1179.83,174.14,282.04,106.18,791.61
216,38,2024,3,4109.15,0.00,459.60,369.82,3279.73
217,39,2024,3,1627.09,111.56,199.40,146.44,1281.25
218,41,2024,3,2562.90,0.00,620.28,230.66,1711.96
219,42,2024,3,3342.73,424.49,582.95,300.85,2458.93
220,43,2024,3,2764.13,261.99,322.87,248.77,2192.49
221,44,2024,3,1723.35,286.17,320.31,155.10,1247.94
222,46,2024,3,2494.70,329.58,536.92,224.52,1733.26
223,47,2024,3,938.64,123.54,234.19,84.48,619.97
224,48,2024,3,2755.72,391.36,686.74,248.01,1820.97
225,49,2024,3,1167.33,105.80,233.41,105.06,828.86
226,51,2024,3,5036.10,671.92,843.64,453.25,3739.21
227,52,2024,3,2186.47,0.00,384.79,196.78,1604.90
228,53,2024,3,1706.22,0.00,317.53,153.56,1235.13
229,54,2024,3,4581.80,424.11,659.08,412.36,3510.36
230,56,2024,3,2618.11,204.09,610.21,235.63,1772.27
231,57,2024,3,1990.25,111.70,223.08,179.12,1588.05
232,58,2024,3,1007.95,0.00,225.77,90.72,691.46
233,59,2024,3,1215.52,200.11,199.28,109.40,906.84
234,61,2024,3,620.36,0.00,124.50,55.83,440.03
235,62,2024,3,1171.50,185.14,157.74,105.44,908.32
236,63,2024,3,1062.00,93.57,162.26,95.58,804.16
237,64,2024,3,792.89,46.30,188.60,71.36,532.93
238,66,2024,3,987.87,49.36,102.01,88.91,796.95
239,67,2024,3,1278.27,0.00,169.94,115.04,993.29
240,68,2024,3,1406.65,231.14,162.95,126.60,1117.10
241,69,2024,3,1660.18,215.56,295.54,149.42,1215.22
242,71,2024,3,4554.38,517.44,972.56,409.89,3171.93
243,72,2024,3,1213.88,0.00,273.51,109.25,831.12
244,74,2024,3,1737.04,97.10,373.37,156.33,1207.34
245,76,2024,3,1154.22,184.81,244.62,103.88,805.72
246,77,2024,3,1678.70,156.59,169.83,151.08,1357.79
247,78,2024,3,1144.22,176.69,196.16,102.98,845.08
248,81,2024,3,1049.50,79.71,244.63,94.46,710.41
249,82,2024,3,1862.16,161.57,220.62,167.59,1473.95
250,83,2024,3,1165.50,87.67,273.47,104.90,787.13
251,84,2024,3,1190.09,147.99,205.27,107.11,877.71
252,86,2024,3,4438.03,456.12,725.77,399.42,3312.84
253,87,2024,3,1884.40,286.82,425.09,169.60,1289.71
254,88,2024,3,2415.31,258.45,437.61,217.38,1760.32
255,89,2024,3,1734.38,0.00,413.82,156.09,1164.47
256,91,2024,3,1756.81,232.75,267.86,158.11,1330.84
257,92,2024,3,4740.46,483.44,498.85,426.64,3814.97
258,93,2024,3,1556.05,156.35,236.62,140.04,1179.39
259,94,2024,3,1888.22,202.18,422.79,169.94,1295.49
260,96,2024,3,4061.27,291.18,839.88,365.51,2855.88
261,97,2024,3,2715.83,0.00,654.84,244.42,1816.57
262,98,2024,3,2492.89,267.16,384.22,224.36,1884.31
263,99,2024,3,2448.61,391.52,416.27,220.37,1811.97
264,101,2024,3,1006.89,79.05,190.19,90.62,726.08
265,102,2024,3,2807.75,0.00,498.16,252.70,2056.89
266,103,2024,3,1720.41,185.84,418.91,154.84,1146.66
267,104,2024,3,1384.60,221.37,261.79,124.61,998.20
268,106,2024,3,1005.73,0.00,105.57,90.52,809.64
269,107,2024,3,3937.94,334.18,626.42,354.41,2957.11
270,108,2024,3,907.61,0.00,143.98,81.68,681.95
271,109,2024,3,882.59,136.19,165.29,79.43,637.87
272,111,2024,3,1970.85,0.00,361.19,177.38,1432.28
273,112,2024,3,2735.27,240.68,505.06,246.17,1984.04
274,113,2024,3,3114.27,441.13,385.35,280.28,2448.64
275,114,2024,3,1927.85,317.06,314.89,173.51,1439.45
276,116,2024,3,1197.57,0.00,228.71,107.78,861.08
277,117,2024,3,703.16,96.23,80.06,63.28,559.82
278,118,2024,3,912.90,0.00,115.49,82.16,715.25
279,119,2024,3,2448.64,0.00,438.07,220.38,1790.19
280,1,2024,4,1117.83,111.36,150.71,100.60,866.52
281,2,2024,4,1481.30,79.02,230.01,133.32,1117.97
282,3,2024,4,2933.94,316.02,386.25,264.05,2283.64
283,4,2024,4,3818.98,455.84,914.33,343.71,2560.94
284,6,2024,4,2099.44,326.33,417.46,188.95,1493.03
285,7,2024,4,3292.97,197.74,636.13,296.37,2360.47
286,8,2024,4,3328.24,279.44,784.02,299.54,2244.68
287,9,2024,4,1284.50,174.90,230.63,115.61,938.26
288,11,2024,4,1616.42,252.99,166.90,145.48,1304.04
289,12,2024,4,798.54,126.54,129.89,71.87,596.78
290,13,2024,4,893.66,0.00,137.66,80.43,675.57
291,14,2024,4,3166.16,187.12,757.05,284.95,2124.16
292,16,2024,4,1855.85,118.43,314.63,167.03,1374.19
293,17,2024,4,1587.88,153.83,169.62,142.91,1275.35
294,18,2024,4,3684.63,0.00,519.86,331.62,2833.15
295,19,2024,4,972.94,0.00,213.35,87.56,672.03
296,21,2024,4,861.01,110.10,138.15,77.49,645.37
297,22,2024,4,1700.97,0.00,221.93,153.09,1325.95
298,23,2024,4,1685.02,131.98,385.97,151.65,1147.40
299,24,2024,4,1330.06,136.70,201.79,119.71,1008.56
300,26,2024,4,1063.59,69.10,162.37,95.72,805.50
301,27,2024,4,2009.02,286.28,434.76,180.81,1393.45
302,28,2024,4,1746.41,184.57,332.60,157.18,1256.63
303,31,2024,4,1311.27,137.56,187.36,118.01,1005.90
304,32,2024,4,1640.31,0.00,304.24,147.63,1188.44
305,33,2024,4,1929.36,156.13,334.85,173.64,1420.87
306,34,2024,4,1533.63,252.92,347.42,138.03,1048.18
307,36,2024,4,1665.75,0.00,368.92,149.92,1146.91
308,37,2024,4,1005.69,0.00,220.47,90.51,694.71
309,38,2024,4,4109.15,0.00,912.27,369.82,2827.06
310,39,2024,4,1659.70,144.17,280.41,149.37,1229.92
311,41,2024,4,2921.88,358.98,649.18,262.97,2009.73
312,42,2024,4,2918.24,0.00,691.41,262.64,1964.19
313,43,2024,4,2632.25,130.11,585.25,236.90,1810.10
314,44,2024,4,1437.18,0.00,303.83,129.35,1004.00
315,46,2024,4,2523.77,358.65,273.41,227.14,2023.22
316,47,2024,4,936.22,121.12,148.69,84.26,703.27
317,48,2024,4,2754.76,390.40,635.36,247.93,1871.47
318,49,2024,4,1061.53,0.00,209.51,95.54,756.48
319,51,2024,4,4364.18,0.00,759.78,392.78,3211.62
320,52,2024,4,2186.47,0.00,396.94,196.78,1592.75
321,53,2024,4,1706.22,0.00,396.64,153.56,1156.02
322,54,2024,4,4157.69,0.00,968.80,374.19,2814.70
323,56,2024,4,2414.02,0.00,567.39,217.26,1629.37
324,57,2024,4,1878.55,0.00,222.90,169.07,1486.58
325,58,2024,4,1007.95,0.00,140.17,90.72,777.06
326,59,2024,4,1192.41,177.00,186.83,107.32,898.26
327,61,2024,4,733.44,113.08,95.35,66.01,572.08
328,62,2024,4,1061.24,74.88,233.50,95.51,732.23
329,63,2024,4,1018.59,50.16,195.44,91.67,731.48
330,64,2024,4,746.59,0.00,107.60,67.19,571.80
331,66,2024,4,996.22,57.71,130.63,89.66,775.93
332,67,2024,4,1421.94,143.67,282.28,127.97,1011.69
333,68,2024,4,1175.51,0.00,154.59,105.80,915.12
334,69,2024,4,1534.20,89.58,285.57,138.08,1110.55
335,71,2024,4,4500.44,463.50,630.68,405.04,3464.72
336,72,2024,4,1213.88,0.00,195.20,109.25,909.43
337,74,2024,4,1794.37,154.43,385.56,161.49,1247.32
338,76,2024,4,1080.57,111.16,159.67,97.25,823.65
339,77,2024,4,1522.11,0.00,275.13,136.99,1109.99
340,78,2024,4,1068.62,101.09,175.66,96.18,796.78
341,81,2024,4,969.79,0.00,241.55,87.28,640.96
342,82,2024,4,1790.72,90.13,366.85,161.16,1262.71
343,83,2024,4,1144.57,66.74,130.16,103.01,911.40
344,84,2024,4,1042.10,0.00,232.43,93.79,715.88
345,86,2024,4,4636.03,654.12,794.28,417.24,3424.51
346,87,2024,4,1597.58,0.00,167.90,143.78,1285.90
347,88,2024,4,2383.17,226.31,291.94,214.49,1876.74
348,89,2024,4,2031.11,296.73,228.07,182.80,1620.24
349,91,2024,4,1758.87,234.81,309.16,158.30,1291.41
350,92,2024,4,4921.06,664.04,639.48,442.90,3838.68
351,93,2024,4,1636.35,236.65,245.46,147.27,1243.62
352,94,2024,4,1686.04,0.00,276.57,151.74,1257.73
353,96,2024,4,3770.09,0.00,439.65,339.31,2991.13
354,97,2024,4,2958.59,242.76,365.08,266.27,2327.24
355,98,2024,4,2501.52,275.79,433.00,225.14,1843.38
356,99,2024,4,2261.58,204.49,488.12,203.54,1569.92
357,101,2024,4,980.88,53.04,189.33,88.28,703.27
358,102,2024,4,3338.41,530.66,714.94,300.46,2323.01
359,103,2024,4,1534.57,0.00,347.52,138.11,1048.94
360,104,2024,4,1163.23,0.00,145.88,104.69,912.66
361,106,2024,4,1151.12,145.39,265.13,103.60,782.39
362,107,2024,4,4139.82,536.06,993.24,372.58,2774.00
363,108,2024,4,1041.07,133.46,130.30,93.70,817.07
364,109,2024,4,893.97,147.57,120.35,80.46,693.16
365,111,2024,4,1970.85,0.00,288.01,177.38,1505.46
366,112,2024,4,2905.97,411.38,298.05,261.54,2346.38
367,113,2024,4,3161.65,488.51,346.14,284.55,2530.96
368,114,2024,4,1719.31,108.52,325.56,154.74,1239.01
369,116,2024,4,1323.60,126.03,320.61,119.12,883.87
370,117,2024,4,667.87,60.94,144.13,60.11,463.63
371,118,2024,4,1087.86,174.96,135.75,97.91,854.20
372,119,2024,4,2744.08,295.44,428.80,246.97,2068.31
373,1,2024,5,1084.92,78.45,197.12,97.64,790.16
374,2,2024,5,1402.28,0.00,179.61,126.21,1096.46
375,3,2024,5,3006.34,388.42,728.34,270.57,2007.43
376,4,2024,5,3545.97,182.83,791.17,319.14,2435.66
377,6,2024,5,1773.11,0.00,342.50,159.58,1271.03
378,7,2024,5,3095.23,0.00,501.38,278.57,2315.28
379,8,2024,5,3321.03,272.23,635.31,298.89,2386.83
380,9,2024,5,1109.60,0.00,187.77,99.86,821.97
381,11,2024,5,1491.05,127.62,338.83,134.19,1018.03
382,12,2024,5,736.03,64.03,117.90,66.24,551.89
383,13,2024,5,893.66,0.00,129.55,80.43,683.68
384,14,2024,5,2979.04,0.00,335.84,268.11,2375.09
385,16,2024,5,2062.66,325.24,228.41,185.64,1648.61
386,17,2024,5,1689.71,255.66,278.96,152.07,1258.68
387,18,2024,5,4266.44,581.81,928.39,383.98,2954.07
388,19,2024,5,1088.44,115.50,109.55,97.96,880.93
389,21,2024,5,813.68,62.77,103.05,73.23,637.40
390,22,2024,5,1700.97,0.00,310.01,153.09,1237.87
391,23,2024,5,1553.04,0.00,346.42,139.77,1066.85
392,24,2024,5,1369.77,176.41,299.87,123.28,946.62
393,26,2024,5,994.49,0.00,197.78,89.50,707.21
394,27,2024,5,1722.74,0.00,272.82,155.05,1294.87
395,28,2024,5,1561.84,0.00,263.93,140.57,1157.34
396,31,2024,5,1274.04,100.33,206.33,114.66,953.05
397,32,2024,5,1854.65,214.34,358.74,166.92,1328.99
398,33,2024,5,2031.01,257.78,409.22,182.79,1439.00
399,34,2024,5,1411.35,130.64,206.29,127.02,1078.04
400,36,2024,5,1891.56,225.81,290.10,170.24,1431.22
401,37,2024,5,1005.69,0.00,141.40,90.51,773.78
402,38,2024,5,4109.15,0.00,990.49,369.82,2748.84
403,39,2024,5,1515.53,0.00,249.26,136.40,1129.87
404,41,2024,5,2961.65,398.75,439.89,266.55,2255.21
405,42,2024,5,3308.82,390.58,468.35,297.79,2542.68
406,43,2024,5,2893.53,391.39,473.04,260.42,2160.07
407,44,2024,5,1653.07,215.89,259.01,148.78,1245.28
408,46,2024,5,2368.15,203.03,522.34,213.13,1632.68
409,47,2024,5,815.10,0.00,118.98,73.36,622.76
410,48,2024,5,2364.36,0.00,445.00,212.79,1706.57
411,49,2024,5,1180.79,119.26,148.27,106.27,926.25
412,51,2024,5,4919.15,554.97,1050.25,442.72,3426.18
413,52,2024,5,2186.47,0.00,523.87,196.78,1465.82
414,53,2024,5,2014.75,308.53,371.42,181.33,1462.00
415,54,2024,5,4157.69,0.00,595.97,374.19,3187.53
416,56,2024,5,2690.02,276.00,497.77,242.10,1950.15
417,57,2024,5,1983.73,105.18,363.59,178.54,1441.60
418,58,2024,5,1151.53,143.58,134.58,103.64,913.31
419,59,2024,5,1101.07,85.66,110.99,99.10,890.98
420,61,2024,5,714.83,94.47,113.35,64.33,537.15
421,62,2024,5,1089.44,103.08,124.63,98.05,866.76
422,63,2024,5,1112.89,144.46,134.02,100.16,878.71
423,64,2024,5,792.73,46.14,115.06,71.35,606.32
424,66,2024,5,938.51,0.00,155.97,84.47,698.07
425,67,2024,5,1471.59,193.32,185.89,132.44,1153.26
426,68,2024,5,1364.05,188.54,161.41,122.76,1079.88
427,69,2024,5,1657.62,213.00,175.32,149.19,1333.11
428,71,2024,5,4036.94,0.00,465.10,363.32,3208.52
429,72,2024,5,1380.29,166.41,256.50,124.23,999.56
430,74,2024,5,1639.94,0.00,380.26,147.59,1112.09
431,76,2024,5,969.41,0.00,177.52,87.25,704.64
432,77,2024,5,1739.03,216.92,204.20,156.51,1378.32
433,78,2024,5,1060.04,92.51,158.32,95.40,806.32
434,81,2024,5,1116.68,146.89,142.52,100.50,873.66
435,82,2024,5,2016.46,315.87,458.82,181.48,1376.16
436,83,2024,5,1152.96,75.13,123.53,103.77,925.66
437,84,2024,5,1106.19,64.09,251.95,99.56,754.68
438,86,2024,5,3981.91,0.00,749.26,358.37,2874.28
439,87,2024,5,1797.81,200.23,436.45,161.80,1199.56
440,88,2024,5,2156.86,0.00,347.00,194.12,1615.74
441,89,2024,5,1734.38,0.00,211.28,156.09,1367.01
442,91,2024,5,1625.55,101.49,363.69,146.30,1115.56
443,92,2024,5,4781.56,524.54,523.31,430.34,3827.91
444,93,2024,5,1482.94,83.24,318.35,133.46,1031.13
445,94,2024,5,1990.95,304.91,337.05,179.19,1474.71
446,96,2024,5,4002.99,232.90,588.81,360.27,3053.91
447,97,2024,5,3148.65,432.82,618.56,283.38,2246.71
448,98,2024,5,2225.73,0.00,292.61,200.32,1732.80
449,99,2024,5,2221.24,164.15,254.24,199.91,1767.09
450,101,2024,5,993.87,66.03,106.45,89.45,797.97
451,102,2024,5,3338.20,530.45,428.83,300.44,2608.93
452,103,2024,5,1534.57,0.00,218.40,138.11,1178.06
453,104,2024,5,1335.35,172.12,246.86,120.18,968.31
454,106,2024,5,1154.12,148.39,226.70,103.87,823.55
455,107,2024,5,3603.76,0.00,570.14,324.34,2709.28
456,108,2024,5,907.61,0.00,170.72,81.68,655.21
457,109,2024,5,858.39,111.99,198.80,77.26,582.33
458,111,2024,5,2157.08,186.23,321.16,194.14,1641.78
459,112,2024,5,2889.06,394.47,455.84,260.02,2173.20
460,113,2024,5,3072.11,398.97,315.52,276.49,2480.10
461,114,2024,5,1610.79,0.00,274.97,144.97,1190.85
462,116,2024,5,1197.57,0.00,262.34,107.78,827.45
463,117,2024,5,713.61,106.68,142.04,64.22,507.35
464,118,2024,5,1088.75,175.85,173.41,97.99,817.35
465,119,2024,5,2448.64,0.00,403.08,220.38,1825.18
466,1,2024,6,1151.62,145.15,251.36,103.65,796.61
467,2,2024,6,1402.28,0.00,334.51,126.21,941.56
468,3,2024,6,2926.74,308.82,701.42,263.41,1961.91
469,4,2024,6,3363.14,0.00,682.86,302.68,2377.60
470,6,2024,6,2040.64,267.53,425.29,183.66,1431.69
471,7,2024,6,3626.81,531.58,509.65,326.41,2790.75
472,8,2024,6,3553.02,504.22,407.67,319.77,2825.58
473,9,2024,6,1109.60,0.00,214.74,99.86,795.00
474,11,2024,6,1628.57,265.14,191.03,146.57,1290.97
475,12,2024,6,714.72,42.72,113.35,64.32,537.05
476,13,2024,6,970.07,76.41,117.10,87.31,765.66
477,14,2024,6,3346.04,367.00,584.81,301.14,2460.09
478,16,2024,6,1737.42,0.00,342.60,156.37,1238.45
479,17,2024,6,1434.05,0.00,320.68,129.06,984.31
480,18,2024,6,4325.92,641.29,533.32,389.33,3403.27
481,19,2024,6,972.94,0.00,98.82,87.56,786.56
482,21,2024,6,750.91,0.00,165.45,67.58,517.88
483,22,2024,6,1823.92,122.95,239.74,164.15,1420.03
484,23,2024,6,1719.95,166.91,200.01,154.80,1365.14
485,24,2024,6,1367.85,174.49,142.33,123.11,1102.41
486,26,2024,6,994.49,0.00,244.56,89.50,660.43
487,27,2024,6,1722.74,0.00,234.12,155.05,1333.57
488,28,2024,6,1825.58,263.74,307.39,164.30,1353.89
489,31,2024,6,1257.47,83.76,126.91,113.17,1017.39
490,32,2024,6,1968.25,327.94,251.93,177.14,1539.18
491,33,2024,6,1892.15,118.92,406.20,170.29,1315.66
492,34,2024,6,1366.51,85.80,161.71,122.99,1081.81
493,36,2024,6,1665.75,0.00,414.03,149.92,1101.80
494,37,2024,6,1005.69,0.00,208.65,90.51,706.53
495,38,2024,6,4109.15,0.00,841.83,369.82,2897.50
496,39,2024,6,1781.20,265.67,236.08,160.31,1384.81
497,41,2024,6,2784.36,221.46,477.89,250.59,2055.88
498,42,2024,6,3442.95,524.71,523.98,309.87,2609.10
499,43,2024,6,2502.14,0.00,503.26,225.19,1773.69
500,44,2024,6,1655.32,218.14,307.56,148.98,1198.78
501,46,2024,6,2405.21,240.09,441.30,216.47,1747.44
502,47,2024,6,874.70,59.60,97.52,78.72,698.46
503,48,2024,6,2614.69,250.33,301.15,235.32,2078.22
504,49,2024,6,1216.26,154.73,126.52,109.46,980.28
505,51,2024,6,4364.18,0.00,445.76,392.78,3525.64
506,52,2024,6,2305.54,119.07,543.53,207.50,1554.51
507,53,2024,6,1910.41,204.19,195.26,171.94,1543.21
508,54,2024,6,4588.01,430.32,970.02,412.92,3205.07
509,56,2024,6,2894.02,480.00,301.93,260.46,2331.63
510,57,2024,6,1878.55,0.00,399.50,169.07,1309.98
511,58,2024,6,1007.95,0.00,102.44,90.72,814.79
512,59,2024,6,1015.41,0.00,169.62,91.39,754.40
513,61,2024,6,688.10,67.74,165.00,61.93,461.17
514,62,2024,6,1121.81,135.45,193.63,100.96,827.22
515,63,2024,6,1150.00,181.57,211.89,103.50,834.61
516,64,2024,6,746.59,0.00,142.79,67.19,536.61
517,66,2024,6,1056.26,117.75,251.20,95.06,710.00
518,67,2024,6,1278.27,0.00,255.58,115.04,907.65
519,68,2024,6,1175.51,0.00,186.29,105.80,883.42
520,69,2024,6,1605.86,161.24,378.71,144.53,1082.62
521,71,2024,6,4036.94,0.00,864.27,363.32,2809.35
522,72,2024,6,1329.52,115.64,284.23,119.66,925.63
523,74,2024,6,1761.94,122.00,215.88,158.57,1387.49
524,76,2024,6,969.41,0.00,222.57,87.25,659.59
525,77,2024,6,1612.84,90.73,337.08,145.16,1130.60
526,78,2024,6,1019.68,52.15,225.29,91.77,702.62
527,81,2024,6,1068.92,99.13,248.04,96.20,724.68
528,82,2024,6,1822.83,122.24,361.99,164.05,1296.79
529,83,2024,6,1175.60,97.77,260.58,105.80,809.22
530,84,2024,6,1042.10,0.00,224.89,93.79,723.42
531,86,2024,6,3981.91,0.00,618.79,358.37,3004.75
532,87,2024,6,1694.04,96.46,179.46,152.46,1362.12
533,88,2024,6,2534.21,377.35,327.18,228.08,1978.95
534,89,2024,6,2022.33,287.95,340.00,182.01,1500.32
535,91,2024,6,1689.15,165.09,192.55,152.02,1344.58
536,92,2024,6,4257.02,0.00,566.03,383.13,3307.86
537,93,2024,6,1399.70,0.00,210.53,125.97,1063.20
538,94,2024,6,1686.04,0.00,271.64,151.74,1262.66
539,96,2024,6,4363.60,593.51,578.95,392.72,3391.93
540,97,2024,6,2871.98,156.15,471.47,258.48,2142.03
541,98,2024,6,2557.66,331.93,385.40,230.19,1942.07
542,99,2024,6,2320.66,263.57,400.36,208.86,1711.44
543,101,2024,6,1088.90,161.06,199.52,98.00,791.38
544,102,2024,6,2807.75,0.00,638.47,252.70,1916.58
545,103,2024,6,1644.13,109.56,336.77,147.97,1159.39
546,104,2024,6,1163.23,0.00,157.41,104.69,901.13
547,106,2024,6,1083.77,78.04,268.59,97.54,717.64
548,107,2024,6,4282.45,678.69,738.94,385.42,3158.09
549,108,2024,6,1063.02,155.41,119.93,95.67,847.42
550,109,2024,6,746.40,0.00,159.41,67.18,519.81
551,111,2024,6,2251.85,281.00,479.44,202.67,1569.74
552,112,2024,6,2732.42,237.83,590.87,245.92,1895.63
553,113,2024,6,3013.45,340.31,605.46,271.21,2136.78
554,114,2024,6,1708.39,97.60,401.36,153.76,1153.27
555,116,2024,6,1197.57,0.00,251.22,107.78,838.57
556,117,2024,6,710.92,103.99,139.55,63.98,507.39
557,118,2024,6,1094.12,181.22,208.01,98.47,787.64
558,119,2024,6,2448.64,0.00,379.27,220.38,1848.99
559,1,2024,7,1139.19,132.72,206.65,102.53,830.01
560,2,2024,7,1402.28,0.00,298.40,126.21,977.67
561,3,2024,7,2907.32,289.40,474.94,261.66,2170.72
562,4,2024,7,3651.58,288.44,632.87,328.64,2690.07
563,6,2024,7,1908.65,135.54,390.09,171.78,1346.78
564,7,2024,7,3558.54,463.31,607.56,320.27,2630.71
565,8,2024,7,3386.82,338.02,814.55,304.81,2267.46
566,9,2024,7,1251.70,142.10,163.43,112.65,975.62
567,11,2024,7,1570.11,206.68,160.09,141.31,1268.71
568,12,2024,7,672.00,0.00,80.17,60.48,531.35
569,13,2024,7,982.14,88.48,99.08,88.39,794.67
570,14,2024,7,2979.04,0.00,400.47,268.11,2310.46
571,16,2024,7,1904.53,167.11,345.17,171.41,1387.95
572,17,2024,7,1569.41,135.36,186.92,141.25,1241.24
573,18,2024,7,4069.25,384.62,752.45,366.23,2950.57
574,19,2024,7,1023.78,50.84,232.49,92.14,699.15
575,21,2024,7,750.91,0.00,121.68,67.58,561.65
576,22,2024,7,1845.58,144.61,373.55,166.10,1305.93
577,23,2024,7,1751.15,198.11,292.38,157.60,1301.17
578,24,2024,7,1264.65,71.29,179.96,113.82,970.87
579,26,2024,7,994.49,0.00,133.82,89.50,771.17
580,27,2024,7,2025.78,303.04,408.74,182.32,1434.72
581,28,2024,7,1718.67,156.83,186.71,154.68,1377.28
582,31,2024,7,1173.71,0.00,156.99,105.63,911.09
583,32,2024,7,1640.31,0.00,350.46,147.63,1142.22
584,33,2024,7,1960.46,187.23,215.65,176.44,1568.37
585,34,2024,7,1280.71,0.00,302.57,115.26,862.88
586,36,2024,7,1913.63,247.88,381.77,172.23,1359.63
587,37,2024,7,1163.46,157.77,210.79,104.71,847.96
588,38,2024,7,4448.89,339.74,701.43,400.40,3347.06
589,39,2024,7,1515.53,0.00,194.63,136.40,1184.50
590,41,2024,7,2562.90,0.00,310.23,230.66,2022.01
591,42,2024,7,2918.24,0.00,712.31,262.64,1943.29
592,43,2024,7,2998.31,496.17,309.26,269.85,2419.20
593,44,2024,7,1437.18,0.00,279.83,129.35,1028.00
594,46,2024,7,2535.61,370.49,564.03,228.20,1743.38
595,47,2024,7,959.37,144.27,132.77,86.34,740.26
596,48,2024,7,2813.02,448.66,466.47,253.17,2093.38
597,49,2024,7,1222.62,161.09,157.99,110.04,954.59
598,51,2024,7,4654.69,290.51,978.90,418.92,3256.87
599,52,2024,7,2466.71,280.24,457.33,222.00,1787.38
600,53,2024,7,1706.22,0.00,351.92,153.56,1200.74
601,54,2024,7,4574.69,417.00,869.35,411.72,3293.62
602,56,2024,7,2598.34,184.32,607.75,233.85,1756.74
603,57,2024,7,1973.37,94.82,258.63,177.60,1537.14
604,58,2024,7,1007.95,0.00,177.61,90.72,739.62
605,59,2024,7,1186.37,170.96,217.87,106.77,861.73
606,61,2024,7,691.47,71.11,161.67,62.23,467.57
607,62,2024,7,986.36,0.00,122.74,88.77,774.85
608,63,2024,7,968.43,0.00,106.52,87.16,774.75
609,64,2024,7,873.41,126.82,191.64,78.61,603.16
610,66,2024,7,1059.81,121.30,247.73,95.38,716.70
611,67,2024,7,1474.69,196.42,332.33,132.72,1009.64
612,68,2024,7,1175.51,0.00,121.01,105.80,948.70
613,69,2024,7,1701.45,256.83,403.16,153.13,1145.16
614,71,2024,7,4036.94,0.00,590.18,363.32,3083.44
615,72,2024,7,1390.01,176.13,271.44,125.10,993.47
616,74,2024,7,1639.94,0.00,278.24,147.59,1214.11
617,76,2024,7,1033.52,64.11,109.14,93.02,831.36
618,77,2024,7,1645.68,123.57,275.04,148.11,1222.53
619,78,2024,7,1121.46,153.93,245.81,100.93,774.72
620,81,2024,7,1101.37,131.58,189.95,99.12,812.30
621,82,2024,7,1801.02,100.43,233.07,162.09,1405.86
622,83,2024,7,1197.64,119.81,234.92,107.79,854.93
623,84,2024,7,1248.49,206.39,310.09,112.36,826.04
624,86,2024,7,4751.56,769.65,1061.46,427.64,3262.46
625,87,2024,7,1597.58,0.00,344.01,143.78,1109.79
626,88,2024,7,2156.86,0.00,282.20,194.12,1680.54
627,89,2024,7,2077.62,343.24,447.26,186.99,1443.37
628,91,2024,7,1626.87,102.81,389.34,146.42,1091.11
629,92,2024,7,4257.02,0.00,864.68,383.13,3009.21
630,93,2024,7,1617.24,217.54,369.10,145.55,1102.59
631,94,2024,7,1686.04,0.00,235.69,151.74,1298.61
632,96,2024,7,4154.29,384.20,568.21,373.89,3212.19
633,97,2024,7,2715.83,0.00,354.28,244.42,2117.13
634,98,2024,7,2554.19,328.46,598.98,229.88,1725.33
635,99,2024,7,2459.50,402.41,340.91,221.36,1897.23
636,101,2024,7,988.29,60.45,155.32,88.95,744.02
637,102,2024,7,3313.70,505.95,596.44,298.23,2419.03
638,103,2024,7,1534.57,0.00,317.47,138.11,1078.99
639,104,2024,7,1350.19,186.96,249.51,121.52,979.16
640,106,2024,7,1111.08,105.35,275.83,100.00,735.25
641,107,2024,7,3929.50,325.74,867.86,353.66,2707.98
642,108,2024,7,907.61,0.00,184.24,81.68,641.69
643,109,2024,7,872.62,126.22,173.39,78.54,620.69
644,111,2024,7,2236.32,265.47,257.22,201.27,1777.83
645,112,2024,7,2893.66,399.07,396.02,260.43,2237.21
646,113,2024,7,2673.14,0.00,430.93,240.58,2001.63
647,114,2024,7,1822.14,211.35,413.88,163.99,1244.27
648,116,2024,7,1352.00,154.43,295.48,121.68,934.84
649,117,2024,7,682.08,75.15,103.27,61.39,517.42
650,118,2024,7,912.90,0.00,112.82,82.16,717.92
651,119,2024,7,2448.64,0.00,576.51,220.38,1651.75
652,1,2024,8,1006.47,0.00,212.54,90.58,703.35
653,2,2024,8,1673.35,271.07,234.98,150.60,1287.77
654,3,2024,8,2983.94,366.02,544.31,268.55,2171.08
655,4,2024,8,3584.76,221.62,722.71,322.63,2539.42
656,6,2024,8,1773.11,0.00,260.42,159.58,1353.11
657,7,2024,8,3640.42,545.19,439.18,327.64,2873.60
658,8,2024,8,3048.80,0.00,493.84,274.39,2280.57
659,9,2024,8,1266.97,157.37,193.19,114.03,959.75
660,11,2024,8,1536.83,173.40,345.98,138.31,1052.54
661,12,2024,8,769.45,97.45,109.93,69.25,590.27
662,13,2024,8,1043.57,149.91,157.49,93.92,792.16
663,14,2024,8,3437.87,458.83,570.79,309.41,2557.67
664,16,2024,8,1737.42,0.00,247.34,156.37,1333.71
665,17,2024,8,1434.05,0.00,230.25,129.06,1074.74
666,18,2024,8,3940.37,255.74,419.20,354.63,3166.54
667,19,2024,8,1166.92,193.98,205.11,105.02,856.79
668,21,2024,8,808.17,57.26,112.45,72.74,622.98
669,22,2024,8,1815.26,114.29,245.42,163.37,1406.47
670,23,2024,8,1733.91,180.87,362.54,156.05,1215.32
671,24,2024,8,1193.36,0.00,182.58,107.40,903.38
672,26,2024,8,1069.17,74.68,155.06,96.23,817.88
673,27,2024,8,1833.46,110.72,314.84,165.01,1353.61
674,28,2024,8,1561.84,0.00,177.70,140.57,1243.57
675,31,2024,8,1173.71,0.00,195.14,105.63,872.94
676,32,2024,8,1861.73,221.42,325.18,167.56,1368.99
677,33,2024,8,1982.21,208.98,464.14,178.40,1339.67
678,34,2024,8,1280.71,0.00,299.18,115.26,866.27
679,36,2024,8,1665.75,0.00,385.08,149.92,1130.75
680,37,2024,8,1005.69,0.00,190.93,90.51,724.25
681,38,2024,8,4628.95,519.80,1133.50,416.61,3078.84
682,39,2024,8,1515.53,0.00,287.51,136.40,1091.62
683,41,2024,8,2562.90,0.00,514.08,230.66,1818.16
684,42,2024,8,2918.24,0.00,448.67,262.64,2206.93
685,43,2024,8,2917.30,415.16,359.75,262.56,2294.99
686,44,2024,8,1687.41,250.23,361.30,151.87,1174.24
687,46,2024,8,2165.12,0.00,322.47,194.86,1647.79
688,47,2024,8,898.85,83.75,192.36,80.90,625.59
689,48,2024,8,2640.60,276.24,657.15,237.65,1745.80
690,49,2024,8,1138.47,76.94,262.95,102.46,773.06
691,51,2024,8,5211.39,847.21,564.98,469.03,4177.38
692,52,2024,8,2565.05,378.58,607.17,230.85,1727.03
693,53,2024,8,1706.22,0.00,358.93,153.56,1193.73
694,54,2024,8,4850.12,692.43,990.03,436.51,3423.58
695,56,2024,8,2414.02,0.00,465.04,217.26,1731.72
696,57,2024,8,2109.76,231.21,347.67,189.88,1572.21
697,58,2024,8,1087.83,79.88,252.46,97.90,737.47
698,59,2024,8,1134.16,118.75,245.90,102.07,786.19
699,61,2024,8,692.16,71.80,123.89,62.29,505.98
700,62,2024,8,986.36,0.00,100.36,88.77,797.23
701,63,2024,8,968.43,0.00,166.77,87.16,714.50
702,64,2024,8,746.59,0.00,79.30,67.19,600.10
703,66,2024,8,1049.57,111.06,188.38,94.46,766.73
704,67,2024,8,1278.27,0.00,285.90,115.04,877.33
705,68,2024,8,1175.51,0.00,275.31,105.80,794.40
706,69,2024,8,1642.31,197.69,395.10,147.81,1099.40
707,71,2024,8,4803.45,766.51,1068.35,432.31,3302.79
708,72,2024,8,1213.88,0.00,297.38,109.25,807.25
709,74,2024,8,1726.90,86.96,211.26,155.42,1360.22
710,76,2024,8,1159.45,190.04,257.78,104.35,797.32
711,77,2024,8,1522.11,0.00,229.62,136.99,1155.50
712,78,2024,8,967.53,0.00,111.49,87.08,768.96
713,81,2024,8,1146.04,176.25,266.15,103.14,776.75
714,82,2024,8,1841.94,141.35,400.96,165.77,1275.21
715,83,2024,8,1077.83,0.00,261.11,97.00,719.72
716,84,2024,8,1243.94,201.84,293.78,111.95,838.21
717,86,2024,8,4540.80,558.89,465.33,408.67,3666.80
718,87,2024,8,1597.58,0.00,238.23,143.78,1215.57
719,88,2024,8,2288.38,131.52,548.96,205.95,1533.47
720,89,2024,8,1930.23,195.85,415.12,173.72,1341.39
721,91,2024,8,1733.58,209.52,221.52,156.02,1356.04
722,92,2024,8,4257.02,0.00,634.46,383.13,3239.43
723,93,2024,8,1399.70,0.00,254.32,125.97,1019.41
724,94,2024,8,1872.89,186.85,413.11,168.56,1291.22
725,96,2024,8,4299.07,528.98,818.22,386.92,3093.93
726,97,2024,8,2715.83,0.00,359.88,244.42,2111.53
727,98,2024,8,2570.22,344.49,289.16,231.32,2049.74
728,99,2024,8,2057.09,0.00,315.56,185.14,1556.39
729,101,2024,8,976.19,48.35,188.56,87.86,699.77
730,102,2024,8,2807.75,0.00,471.14,252.70,2083.91
731,103,2024,8,1534.57,0.00,383.33,138.11,1013.13
732,104,2024,8,1379.48,216.25,177.08,124.15,1078.25
733,106,2024,8,1005.73,0.00,186.47,90.52,728.74
734,107,2024,8,3603.76,0.00,423.24,324.34,2856.18
735,108,2024,8,907.61,0.00,102.36,81.68,723.57
736,109,2024,8,746.40,0.00,138.65,67.18,540.57
737,111,2024,8,2097.59,126.74,332.67,188.78,1576.14
738,112,2024,8,2680.56,185.97,596.54,241.25,1842.77
739,113,2024,8,3014.41,341.27,666.66,271.30,2076.45
740,114,2024,8,1692.14,81.35,311.57,152.29,1228.28
741,116,2024,8,1309.30,111.73,142.80,117.84,1048.66
742,117,2024,8,637.31,30.38,129.97,57.36,449.98
743,118,2024,8,991.21,78.31,218.42,89.21,683.58
744,119,2024,8,2448.64,0.00,272.01,220.38,1956.25
745,1,2024,9,1084.39,77.92,185.10,97.60,801.69
746,2,2024,9,1604.20,201.92,330.99,144.38,1128.83
747,3,2024,9,2825.30,207.38,698.33,254.28,1872.69
748,4,2024,9,3363.14,0.00,670.96,302.68,2389.50
749,6,2024,9,2067.53,294.42,457.96,186.08,1423.49
750,7,2024,9,3349.97,254.74,781.98,301.50,2266.49
751,8,2024,9,3356.39,307.59,482.45,302.08,2571.86
752,9,2024,9,1219.41,109.81,178.91,109.75,930.75
753,11,2024,9,1627.02,263.59,173.35,146.43,1307.24
754,12,2024,9,768.85,96.85,86.40,69.20,613.25
755,13,2024,9,992.20,98.54,161.62,89.30,741.28
756,14,2024,9,3216.54,237.50,474.68,289.49,2452.37
757,16,2024,9,1825.65,88.23,196.83,164.31,1464.51
758,17,2024,9,1434.05,0.00,157.99,129.06,1147.00
759,18,2024,9,4321.79,637.16,616.10,388.96,3316.73
760,19,2024,9,1160.11,187.17,266.65,104.41,789.05
761,21,2024,9,879.38,128.47,166.24,79.14,634.00
762,22,2024,9,2028.61,327.64,237.87,182.57,1608.17
763,23,2024,9,1693.41,140.37,214.41,152.41,1326.59
764,24,2024,9,1193.36,0.00,274.28,107.40,811.68
765,26,2024,9,994.49,0.00,226.19,89.50,678.80
766,27,2024,9,1899.75,177.01,423.10,170.98,1305.67
767,28,2024,9,1561.84,0.00,325.57,140.57,1095.70
768,31,2024,9,1298.28,124.57,197.03,116.85,984.40
769,32,2024,9,1963.07,322.76,221.08,176.68,1565.31
770,33,2024,9,1908.22,134.99,309.60,171.74,1426.88
771,34,2024,9,1443.93,163.22,344.69,129.95,969.29
772,36,2024,9,1665.75,0.00,316.69,149.92,1199.14
773,37,2024,9,1069.81,64.12,126.59,96.28,846.94
774,38,2024,9,4506.99,397.84,824.84,405.63,3276.52
775,39,2024,9,1703.51,187.98,419.61,153.32,1130.58
776,41,2024,9,2713.06,150.16,310.41,244.18,2158.47
777,42,2024,9,2918.24,0.00,403.48,262.64,2252.12
778,43,2024,9,2995.69,493.55,686.13,269.61,2039.95
779,44,2024,9,1552.29,115.11,372.79,139.71,1039.79
780,46,2024,9,2165.12,0.00,393.98,194.86,1576.28
781,47,2024,9,974.80,159.70,140.91,87.73,746.16
782,48,2024,9,2816.49,452.13,285.04,253.48,2277.97
783,49,2024,9,1061.53,0.00,114.70,95.54,851.29
784,51,2024,9,5203.08,838.90,1203.39,468.28,3531.41
785,52,2024,9,2306.51,120.04,427.28,207.59,1671.64
786,53,2024,9,1794.89,88.67,404.24,161.54,1229.11
787,54,2024,9,4157.69,0.00,520.75,374.19,3262.75
788,56,2024,9,2782.86,368.84,325.13,250.46,2207.27
789,57,2024,9,2025.94,147.39,334.11,182.33,1509.50
790,58,2024,9,1160.46,152.51,219.23,104.44,836.79
791,59,2024,9,1204.76,189.35,253.54,108.43,842.79
792,61,2024,9,702.69,82.33,165.20,63.24,474.25
793,62,2024,9,1116.14,129.78,140.34,100.45,875.35
794,63,2024,9,968.43,0.00,186.50,87.16,694.77
795,64,2024,9,804.41,57.82,164.20,72.40,567.81
796,66,2024,9,1059.62,121.11,244.09,95.37,720.16
797,67,2024,9,1383.42,105.15,300.63,124.51,958.28
798,68,2024,9,1175.51,0.00,290.14,105.80,779.57
799,69,2024,9,1444.62,0.00,265.50,130.02,1049.10
800,71,2024,9,4725.43,688.49,848.68,425.29,3451.46
801,72,2024,9,1213.88,0.00,234.21,109.25,870.42
802,74,2024,9,1967.18,327.24,453.80,177.05,1336.33
803,76,2024,9,1048.84,79.43,257.29,94.40,697.15
804,77,2024,9,1522.11,0.00,178.99,136.99,1206.13
805,78,2024,9,1089.94,122.41,212.57,98.09,779.28
806,81,2024,9,1059.78,89.99,187.86,95.38,776.54
807,82,2024,9,1798.76,98.17,206.75,161.89,1430.12
808,83,2024,9,1199.36,121.53,131.00,107.94,960.42
809,84,2024,9,1042.10,0.00,116.36,93.79,831.95
810,86,2024,9,3981.91,0.00,949.69,358.37,2673.85
811,87,2024,9,1879.66,282.08,315.01,169.17,1395.48
812,88,2024,9,2347.58,190.72,275.62,211.28,1860.68
813,89,2024,9,2005.95,271.57,235.95,180.54,1589.46
814,91,2024,9,1812.14,288.08,253.65,163.09,1395.40
815,92,2024,9,5083.19,826.17,620.00,457.49,4005.70
816,93,2024,9,1640.79,241.09,292.62,147.67,1200.50
817,94,2024,9,1686.04,0.00,235.63,151.74,1298.67
818,96,2024,9,4148.13,378.04,537.79,373.33,3237.01
819,97,2024,9,2982.24,266.41,591.26,268.40,2122.58
820,98,2024,9,2225.73,0.00,423.60,200.32,1601.81
821,99,2024,9,2057.09,0.00,373.88,185.14,1498.07
822,101,2024,9,1104.51,176.67,133.26,99.41,871.84
823,102,2024,9,3363.99,556.24,486.13,302.76,2575.10
824,103,2024,9,1776.45,241.88,183.71,159.88,1432.86
825,104,2024,9,1350.32,187.09,299.13,121.53,929.66
826,106,2024,9,1167.71,161.98,151.68,105.09,910.94
827,107,2024,9,3934.68,330.92,433.70,354.12,3146.86
828,108,2024,9,996.16,88.55,110.45,89.65,796.06
829,109,2024,9,877.65,131.25,214.29,78.99,584.37
830,111,2024,9,1970.85,0.00,362.11,177.38,1431.36
831,112,2024,9,2977.35,482.76,300.03,267.96,2409.36
832,113,2024,9,2673.14,0.00,572.45,240.58,1860.11
833,114,2024,9,1790.99,180.20,191.20,161.19,1438.60
834,116,2024,9,1401.84,204.27,151.91,126.17,1123.76
835,117,2024,9,652.73,45.80,89.40,58.75,504.58
836,118,2024,9,1078.32,165.42,141.03,97.05,840.24
837,119,2024,9,2716.13,267.49,584.62,244.45,1887.06
838,1,2024,10,1204.40,197.93,286.47,108.40,809.53
839,2,2024,10,1588.72,186.44,344.54,142.98,1101.20
840,3,2024,10,2617.92,0.00,593.62,235.61,1788.69
841,4,2024,10,3553.19,190.05,712.35,319.79,2521.05
842,6,2024,10,1773.11,0.00,200.34,159.58,1413.19
843,7,2024,10,3535.92,440.69,753.43,318.23,2464.26
844,8,2024,10,3360.12,311.32,825.77,302.41,2231.94
845,9,2024,10,1192.75,83.15,187.69,107.35,897.71
846,11,2024,10,1619.62,256.19,248.62,145.77,1225.23
847,12,2024,10,672.00,0.00,73.02,60.48,538.50
848,13,2024,10,893.66,0.00,208.33,80.43,604.90
849,14,2024,10,3280.65,301.61,478.51,295.26,2506.88
850,16,2024,10,1981.03,243.61,345.48,178.29,1457.26
851,17,2024,10,1697.12,263.07,277.08,152.74,1267.30
852,18,2024,10,4385.18,700.55,669.53,394.67,3320.98
853,19,2024,10,1125.73,152.79,232.09,101.32,792.32
854,21,2024,10,886.10,135.19,107.28,79.75,699.07
855,22,2024,10,1700.97,0.00,192.16,153.09,1355.72
856,23,2024,10,1553.04,0.00,243.53,139.77,1169.74
857,24,2024,10,1327.70,134.34,243.05,119.49,965.16
858,26,2024,10,1182.29,187.80,131.66,106.41,944.22
859,27,2024,10,2011.20,288.46,233.90,181.01,1596.29
860,28,2024,10,1561.84,0.00,307.55,140.57,1113.72
861,31,2024,10,1284.88,111.17,234.23,115.64,935.01
862,32,2024,10,1869.59,229.28,312.03,168.26,1389.30
863,33,2024,10,2083.66,310.43,478.97,187.53,1417.16
864,34,2024,10,1448.68,167.97,193.12,130.38,1125.18
865,36,2024,10,1941.35,275.60,306.78,174.72,1459.85
866,37,2024,10,1201.59,195.90,291.54,108.14,801.91
867,38,2024,10,4585.70,476.55,887.55,412.71,3285.44
868,39,2024,10,1619.30,103.77,215.17,145.74,1258.39
869,41,2024,10,3066.02,503.12,627.22,275.94,2162.86
870,42,2024,10,3373.28,455.04,768.63,303.60,2301.05
871,43,2024,10,2502.14,0.00,310.21,225.19,1966.74
872,44,2024,10,1587.86,150.68,330.51,142.91,1114.44
873,46,2024,10,2396.07,230.95,370.61,215.65,1809.81
874,47,2024,10,898.89,83.79,183.29,80.90,634.70
875,48,2024,10,2822.69,458.33,524.77,254.04,2043.88
876,49,2024,10,1148.88,87.35,134.92,103.40,910.56
877,51,2024,10,4797.42,433.24,1081.36,431.77,3284.29
878,52,2024,10,2186.47,0.00,371.38,196.78,1618.31
879,53,2024,10,1874.38,168.16,296.00,168.69,1409.69
880,54,2024,10,4764.29,606.60,703.63,428.79,3631.87
881,56,2024,10,2681.25,267.23,271.44,241.31,2168.50
882,57,2024,10,2003.84,125.29,222.90,180.35,1600.59
883,58,2024,10,1007.95,0.00,248.70,90.72,668.53
884,59,2024,10,1205.13,189.72,166.26,108.46,930.41
885,61,2024,10,733.59,113.23,164.92,66.02,502.65
886,62,2024,10,1043.46,57.10,219.17,93.91,730.38
887,63,2024,10,1067.77,99.34,142.33,96.10,829.34
888,64,2024,10,746.59,0.00,144.63,67.19,534.77
889,66,2024,10,1108.41,169.90,197.14,99.76,811.51
890,67,2024,10,1402.80,124.53,278.45,126.25,998.10
891,68,2024,10,1358.40,182.89,240.83,122.26,995.31
892,69,2024,10,1685.19,240.57,292.54,151.67,1240.98
893,71,2024,10,4036.94,0.00,489.17,363.32,3184.45
894,72,2024,10,1323.10,109.22,195.54,119.08,1008.48
895,74,2024,10,1724.77,84.83,347.67,155.23,1221.87
896,76,2024,10,1123.25,153.84,208.29,101.09,813.87
897,77,2024,10,1749.06,226.95,248.85,157.42,1342.79
898,78,2024,10,1058.04,90.51,132.81,95.22,830.01
899,81,2024,10,1074.71,104.92,107.56,96.72,870.43
900,82,2024,10,1835.12,134.53,308.16,165.16,1361.80
901,83,2024,10,1139.97,62.14,149.78,102.60,887.59
902,84,2024,10,1225.44,183.34,217.65,110.29,897.50
903,86,2024,10,3981.91,0.00,869.77,358.37,2753.77
904,87,2024,10,1759.99,162.41,306.47,158.40,1295.12
905,88,2024,10,2493.35,336.49,331.64,224.40,1937.31
906,89,2024,10,1883.56,149.18,261.91,169.52,1452.13
907,91,2024,10,1629.07,105.01,379.39,146.62,1103.06
908,92,2024,10,4257.02,0.00,808.71,383.13,3065.18
909,93,2024,10,1558.50,158.80,291.81,140.27,1126.42
910,94,2024,10,1884.05,198.01,282.09,169.56,1432.40
911,96,2024,10,3770.09,0.00,687.28,339.31,2743.50
912,97,2024,10,3031.24,315.41,645.27,272.81,2113.16
913,98,2024,10,2651.12,425.39,418.26,238.60,1994.26
914,99,2024,10,2057.09,0.00,316.94,185.14,1555.01
915,101,2024,10,1027.55,99.71,170.06,92.48,765.01
916,102,2024,10,2807.75,0.00,643.09,252.70,1911.96
917,103,2024,10,1534.57,0.00,249.03,138.11,1147.43
918,104,2024,10,1246.92,83.69,180.12,112.22,954.58
919,106,2024,10,1005.73,0.00,149.56,90.52,765.65
920,107,2024,10,4056.00,452.24,423.76,365.04,3267.20
921,108,2024,10,967.64,60.03,186.70,87.09,693.85
922,109,2024,10,785.78,39.38,168.80,70.72,546.26
923,111,2024,10,2236.34,265.49,393.70,201.27,1641.37
924,112,2024,10,2874.79,380.20,671.86,258.73,1944.20
925,113,2024,10,2955.09,281.95,571.56,265.96,2117.57
926,114,2024,10,1610.79,0.00,198.10,144.97,1267.72
927,116,2024,10,1312.45,114.88,184.66,118.12,1009.67
928,117,2024,10,671.59,64.66,124.59,60.44,486.56
929,118,2024,10,1080.29,167.39,154.34,97.23,828.72
930,119,2024,10,2920.37,471.73,497.93,262.83,2159.61
931,1,2024,11,1068.12,61.65,248.48,96.13,723.51
932,2,2024,11,1402.28,0.00,208.90,126.21,1067.17
933,3,2024,11,2617.92,0.00,358.07,235.61,2024.24
934,4,2024,11,3363.14,0.00,699.55,302.68,2360.91
935,6,2024,11,1773.11,0.00,303.45,159.58,1310.08
936,7,2024,11,3496.30,401.07,601.69,314.67,2579.94
937,8,2024,11,3482.88,434.08,685.04,313.46,2484.38
938,9,2024,11,1322.09,212.49,249.31,118.99,953.79
939,11,2024,11,1363.43,0.00,308.26,122.71,932.46
940,12,2024,11,771.84,99.84,167.28,69.47,535.09
941,13,2024,11,973.57,79.91,178.48,87.62,707.47
942,14,2024,11,3252.93,273.89,535.24,292.76,2424.93
943,16,2024,11,1737.42,0.00,244.69,156.37,1336.36
944,17,2024,11,1570.33,136.28,211.42,141.33,1217.58
945,18,2024,11,3684.63,0.00,686.87,331.62,2666.14
946,19,2024,11,972.94,0.00,223.96,87.56,661.42
947,21,2024,11,822.91,72.00,154.32,74.06,594.53
948,22,2024,11,1849.54,148.57,252.98,166.46,1430.10
949,23,2024,11,1784.33,231.29,408.75,160.59,1214.99
950,24,2024,11,1193.36,0.00,126.22,107.40,959.74
951,26,2024,11,994.49,0.00,246.60,89.50,658.39
952,27,2024,11,1722.74,0.00,274.58,155.05,1293.11
953,28,2024,11,1561.84,0.00,307.08,140.57,1114.19
954,31,2024,11,1351.23,177.52,177.78,121.61,1051.84
955,32,2024,11,1640.31,0.00,288.49,147.63,1204.19
956,33,2024,11,2052.55,279.32,280.18,184.73,1587.64
957,34,2024,11,1280.71,0.00,243.74,115.26,921.71
958,36,2024,11,1811.49,145.74,402.89,163.03,1245.57
959,37,2024,11,1005.69,0.00,131.24,90.51,783.94
960,38,2024,11,4109.15,0.00,730.51,369.82,3008.82
961,39,2024,11,1596.28,80.75,294.40,143.67,1158.21
962,41,2024,11,2712.32,149.42,283.55,244.11,2184.66
963,42,2024,11,3430.12,511.88,458.34,308.71,2663.07
964,43,2024,11,2773.79,271.65,325.04,249.64,2199.11
965,44,2024,11,1652.02,214.84,192.99,148.68,1310.35
966,46,2024,11,2441.60,276.48,565.48,219.74,1656.38
967,47,2024,11,920.86,105.76,114.19,82.88,723.79
968,48,2024,11,2364.36,0.00,429.96,212.79,1721.61
969,49,2024,11,1061.53,0.00,253.88,95.54,712.11
970,51,2024,11,4364.18,0.00,905.39,392.78,3066.01
971,52,2024,11,2381.57,195.10,331.49,214.34,1835.74
972,53,2024,11,2002.67,296.45,368.35,180.24,1454.08
973,54,2024,11,4157.69,0.00,999.02,374.19,2784.48
974,56,2024,11,2800.30,386.28,508.43,252.03,2039.84
975,57,2024,11,2243.30,364.75,308.46,201.90,1732.94
976,58,2024,11,1071.07,63.12,158.57,96.40,816.10
977,59,2024,11,1185.64,170.23,274.09,106.71,804.84
978,61,2024,11,620.36,0.00,106.17,55.83,458.36
979,62,2024,11,986.36,0.00,119.49,88.77,778.10
980,63,2024,11,1076.23,107.80,227.88,96.86,751.49
981,64,2024,11,812.74,66.15,177.77,73.15,561.82
982,66,2024,11,938.51,0.00,171.67,84.47,682.37
983,67,2024,11,1278.27,0.00,200.62,115.04,962.61
984,68,2024,11,1175.51,0.00,159.45,105.80,910.26
985,69,2024,11,1538.02,93.40,246.59,138.42,1153.01
986,71,2024,11,4470.78,433.84,957.90,402.37,3110.51
987,72,2024,11,1276.60,62.72,142.56,114.89,1019.15
988,74,2024,11,1855.98,216.04,368.67,167.04,1320.27
989,76,2024,11,1060.57,91.16,186.88,95.45,778.24
990,77,2024,11,1774.73,252.62,413.67,159.73,1201.33
991,78,2024,11,967.53,0.00,230.71,87.08,649.74
992,81,2024,11,969.79,0.00,177.28,87.28,705.23
993,82,2024,11,1831.85,131.26,184.22,164.87,1482.76
994,83,2024,11,1190.68,112.85,190.09,107.16,893.43
995,84,2024,11,1137.82,95.72,235.28,102.40,800.14
996,86,2024,11,4465.27,483.36,589.00,401.87,3474.40
997,87,2024,11,1807.05,209.47,396.61,162.63,1247.81
998,88,2024,11,2398.04,241.18,592.19,215.82,1590.03
999,89,2024,11,1917.44,183.06,440.80,172.57,1304.07
1000,91,2024,11,1524.06,0.00,265.88,137.17,1121.01
1001,92,2024,11,4876.80,619.78,1007.45,438.91,3430.44
1002,93,2024,11,1484.94,85.24,246.69,133.64,1104.61
1003,94,2024,11,1924.20,238.16,216.45,173.18,1534.57
1004,96,2024,11,4357.93,587.84,930.74,392.21,3034.98
1005,97,2024,11,2878.31,162.48,428.30,259.05,2190.96
1006,98,2024,11,2395.47,169.74,449.67,215.59,1730.21
1007,99,2024,11,2233.62,176.53,557.74,201.03,1474.85
1008,101,2024,11,927.84,0.00,144.96,83.51,699.37
1009,102,2024,11,2807.75,0.00,340.05,252.70,2215.00
1010,103,2024,11,1680.40,145.83,386.72,151.24,1142.44
1011,104,2024,11,1323.16,159.93,252.32,119.08,951.76
1012,106,2024,11,1005.73,0.00,184.01,90.52,731.20
1013,107,2024,11,3820.03,216.27,667.46,343.80,2808.77
1014,108,2024,11,907.61,0.00,221.27,81.68,604.66
1015,109,2024,11,865.51,119.11,201.92,77.90,585.69
1016,111,2024,11,1970.85,0.00,372.12,177.38,1421.35
1017,112,2024,11,2494.59,0.00,343.70,224.51,1926.38
1018,113,2024,11,2989.88,316.74,458.51,269.09,2262.28
1019,114,2024,11,1927.24,316.45,382.28,173.45,1371.51
1020,116,2024,11,1397.62,200.05,318.59,125.79,953.24
1021,117,2024,11,642.87,35.94,115.87,57.86,469.14
1022,118,2024,11,1074.46,161.56,230.23,96.70,747.53
1023,119,2024,11,2448.64,0.00,267.67,220.38,1960.59
1024,1,2024,12,1105.61,99.14,128.99,99.50,877.12
1025,2,2024,12,1597.33,195.05,210.89,143.76,1242.68
1026,3,2024,12,2617.92,0.00,570.92,235.61,1811.39
1027,4,2024,12,3363.14,0.00,354.13,302.68,2706.33
1028,6,2024,12,2017.71,244.60,236.98,181.59,1599.14
1029,7,2024,12,3604.74,509.51,551.09,324.43,2729.22
1030,8,2024,12,3335.99,287.19,364.57,300.24,2671.18
1031,9,2024,12,1321.87,212.27,218.11,118.97,984.79
1032,11,2024,12,1514.21,150.78,377.93,136.28,1000.00
1033,12,2024,12,794.40,122.40,89.10,71.50,633.80
1034,13,2024,12,1014.66,121.00,186.58,91.32,736.76
1035,14,2024,12,2979.04,0.00,638.82,268.11,2072.11
1036,16,2024,12,1944.77,207.35,387.24,175.03,1382.50
1037,17,2024,12,1635.48,201.43,228.34,147.19,1259.95
1038,18,2024,12,4291.45,606.82,615.05,386.23,3290.17
1039,19,2024,12,972.94,0.00,226.40,87.56,658.98
1040,21,2024,12,812.01,61.10,96.79,73.08,642.14
1041,22,2024,12,1700.97,0.00,342.94,153.09,1204.94
1042,23,2024,12,1798.32,245.28,327.32,161.85,1309.15
1043,24,2024,12,1295.09,101.73,216.87,116.56,961.66
1044,26,2024,12,1099.23,104.74,145.11,98.93,855.19
1045,27,2024,12,1850.75,128.01,442.93,166.57,1241.25
1046,28,2024,12,1561.84,0.00,157.15,140.57,1264.12
1047,31,2024,12,1358.88,185.17,330.26,122.30,906.32
1048,32,2024,12,1772.27,131.96,224.19,159.50,1388.58
1049,33,2024,12,1773.23,0.00,401.25,159.59,1212.39
1050,34,2024,12,1422.70,141.99,327.96,128.04,966.70
1051,36,2024,12,1665.75,0.00,180.64,149.92,1335.19
1052,37,2024,12,1091.85,86.16,198.45,98.27,795.13
1053,38,2024,12,4109.15,0.00,671.94,369.82,3067.39
1054,39,2024,12,1515.53,0.00,183.59,136.40,1195.54
1055,41,2024,12,3024.14,461.24,737.30,272.17,2014.67
1056,42,2024,12,2918.24,0.00,333.30,262.64,2322.30
1057,43,2024,12,2691.70,189.56,343.91,242.25,2105.54
1058,44,2024,12,1616.06,178.88,222.46,145.45,1248.15
1059,46,2024,12,2298.28,133.16,259.33,206.85,1832.10
1060,47,2024,12,815.10,0.00,171.04,73.36,570.70
1061,48,2024,12,2364.36,0.00,286.99,212.79,1864.58
1062,49,2024,12,1133.41,71.88,124.07,102.01,907.33
1063,51,2024,12,4986.26,622.08,648.95,448.76,3888.55
1064,52,2024,12,2186.47,0.00,273.54,196.78,1716.15
1065,53,2024,12,1886.51,180.29,395.67,169.79,1321.05
1066,54,2024,12,4694.95,537.26,474.41,422.55,3797.99
1067,56,2024,12,2618.56,204.54,578.49,235.67,1804.40
1068,57,2024,12,2046.33,167.78,297.40,184.17,1564.76
1069,58,2024,12,1166.80,158.85,188.84,105.01,872.95
1070,59,2024,12,1113.40,97.99,248.60,100.21,764.59
1071,61,2024,12,620.36,0.00,102.15,55.83,462.38
1072,62,2024,12,1153.22,166.86,135.99,103.79,913.44
1073,63,2024,12,968.43,0.00,200.29,87.16,680.98
1074,64,2024,12,834.95,88.36,149.01,75.15,610.79
1075,66,2024,12,938.51,0.00,188.68,84.47,665.36
1076,67,2024,12,1359.60,81.33,255.72,122.36,981.52
1077,68,2024,12,1332.37,156.86,291.21,119.91,921.25
1078,69,2024,12,1444.62,0.00,154.50,130.02,1160.10
1079,71,2024,12,4702.75,665.81,955.52,423.25,3323.98
1080,72,2024,12,1213.88,0.00,238.02,109.25,866.61
1081,74,2024,12,1962.92,322.98,360.42,176.66,1425.84
1082,76,2024,12,1100.61,131.20,159.59,99.05,841.97
1083,77,2024,12,1613.33,91.22,391.55,145.20,1076.58
1084,78,2024,12,1151.65,184.12,115.68,103.65,932.32
1085,81,2024,12,969.79,0.00,102.20,87.28,780.31
1086,82,2024,12,1952.74,252.15,376.32,175.75,1400.67
1087,83,2024,12,1077.83,0.00,232.41,97.00,748.42
1088,84,2024,12,1107.29,65.19,273.62,99.66,734.01
1089,86,2024,12,4372.21,390.30,859.08,393.50,3119.63
1090,87,2024,12,1597.58,0.00,243.55,143.78,1210.25
1091,88,2024,12,2541.21,384.35,380.32,228.71,1932.18
1092,89,2024,12,1734.38,0.00,294.06,156.09,1284.23
1093,91,2024,12,1524.06,0.00,342.01,137.17,1044.88
1094,92,2024,12,4257.02,0.00,799.80,383.13,3074.09
1095,93,2024,12,1609.67,209.97,324.96,144.87,1139.84
1096,94,2024,12,2008.26,322.22,356.49,180.74,1471.03
1097,96,2024,12,4103.93,333.84,410.79,369.35,3323.79
1098,97,2024,12,2715.83,0.00,336.50,244.42,2134.91
1099,98,2024,12,2225.73,0.00,229.89,200.32,1795.52
1100,99,2024,12,2462.98,405.89,424.26,221.67,1817.05
1101,101,2024,12,1094.80,166.96,264.63,98.53,731.64
1102,102,2024,12,2807.75,0.00,613.59,252.70,1941.46
1103,103,2024,12,1728.99,194.42,387.44,155.61,1185.94
1104,104,2024,12,1313.90,150.67,297.68,118.25,897.97
1105,106,2024,12,1147.97,142.24,142.89,103.32,901.76
1106,107,2024,12,4025.26,421.50,565.87,362.27,3097.12
1107,108,2024,12,907.61,0.00,125.55,81.68,700.38
1108,109,2024,12,746.40,0.00,121.72,67.18,557.50
1109,111,2024,12,2273.46,302.61,322.95,204.61,1745.90
1110,112,2024,12,2494.59,0.00,553.81,224.51,1716.27
1111,113,2024,12,2673.14,0.00,640.50,240.58,1792.06
1112,114,2024,12,1779.01,168.22,317.07,160.11,1301.83
1113,116,2024,12,1262.83,65.26,238.62,113.65,910.56
1114,117,2024,12,691.73,84.80,106.96,62.26,522.51
1115,118,2024,12,912.90,0.00,96.79,82.16,733.95
1116,119,2024,12,2448.64,0.00,423.00,220.38,1805.26
1117,1,2025,1,1006.47,0.00,229.52,90.58,686.37
1118,2,2025,1,1402.28,0.00,319.95,126.21,956.12
1119,3,2025,1,2617.92,0.00,478.22,235.61,1904.09
1120,4,2025,1,3925.85,562.71,892.69,353.33,2679.83
1121,6,2025,1,2114.92,341.81,230.35,190.34,1694.23
1122,7,2025,1,3263.99,168.76,730.65,293.76,2239.58
1123,8,2025,1,3048.80,0.00,630.85,274.39,2143.56
1124,9,2025,1,1183.70,74.10,155.53,106.53,921.64
1125,11,2025,1,1620.97,257.54,283.07,145.89,1192.01
1126,12,2025,1,711.27,39.27,87.33,64.01,559.93
1127,13,2025,1,1005.07,111.41,208.59,90.46,706.02
1128,14,2025,1,2979.04,0.00,434.15,268.11,2276.78
1129,16,2025,1,1737.42,0.00,262.56,156.37,1318.49
1130,17,2025,1,1663.04,228.99,366.81,149.67,1146.56
1131,18,2025,1,4264.24,579.61,490.88,383.78,3389.58
1132,19,2025,1,1092.62,119.68,168.29,98.34,825.99
1133,21,2025,1,858.58,107.67,97.58,77.27,683.73
1134,22,2025,1,1955.29,254.32,358.38,175.98,1420.93
1135,23,2025,1,1692.22,139.18,413.59,152.30,1126.33
1136,24,2025,1,1193.36,0.00,158.29,107.40,927.67
1137,26,2025,1,994.49,0.00,169.57,89.50,735.42
1138,27,2025,1,1722.74,0.00,423.66,155.05,1144.03
1139,28,2025,1,1561.84,0.00,215.38,140.57,1205.89
1140,31,2025,1,1173.71,0.00,125.47,105.63,942.61
1141,32,2025,1,1869.85,229.54,398.86,168.29,1302.70
1142,33,2025,1,2028.14,254.91,260.74,182.53,1584.87
1143,34,2025,1,1280.71,0.00,284.40,115.26,881.05
1144,36,2025,1,1935.84,270.09,258.84,174.23,1502.77
1145,37,2025,1,1166.03,160.34,117.58,104.94,943.51
1146,38,2025,1,4425.52,316.37,695.92,398.30,3331.30
1147,39,2025,1,1749.88,234.35,275.31,157.49,1317.08
1148,41,2025,1,3054.34,491.44,429.21,274.89,2350.24
1149,42,2025,1,3400.37,482.13,489.64,306.03,2604.70
1150,43,2025,1,2502.14,0.00,599.85,225.19,1677.10
1151,44,2025,1,1437.18,0.00,156.63,129.35,1151.20
1152,46,2025,1,2518.13,353.01,405.97,226.63,1885.53
1153,47,2025,1,938.34,123.24,98.59,84.45,755.30
1154,48,2025,1,2364.36,0.00,457.46,212.79,1694.11
1155,49,2025,1,1200.12,138.59,235.43,108.01,856.68
1156,51,2025,1,4614.95,250.77,783.26,415.35,3416.34
1157,52,2025,1,2186.47,0.00,375.99,196.78,1613.70
1158,53,2025,1,2029.97,323.75,213.89,182.70,1633.38
1159,54,2025,1,4872.23,714.54,1152.38,438.50,3281.35
1160,56,2025,1,2414.02,0.00,544.43,217.26,1652.33
1161,57,2025,1,2172.31,293.76,221.78,195.51,1755.02
1162,58,2025,1,1159.64,151.69,206.88,104.37,848.39
1163,59,2025,1,1134.56,119.15,187.42,102.11,845.03
1164,61,2025,1,728.37,108.01,144.73,65.55,518.09
1165,62,2025,1,1045.57,59.21,247.25,94.10,704.22
1166,63,2025,1,1018.66,50.23,104.48,91.68,822.50
1167,64,2025,1,746.59,0.00,95.92,67.19,583.48
1168,66,2025,1,1049.22,110.71,239.00,94.43,715.79
1169,67,2025,1,1523.41,245.14,158.12,137.11,1228.18
1170,68,2025,1,1175.51,0.00,184.43,105.80,885.28
1171,69,2025,1,1444.62,0.00,356.62,130.02,957.98
1172,71,2025,1,4352.88,315.94,740.01,391.76,3221.11
1173,72,2025,1,1354.92,141.04,318.70,121.94,914.28
1174,74,2025,1,1639.94,0.00,216.34,147.59,1276.01
1175,76,2025,1,1153.18,183.77,134.51,103.79,914.88
1176,77,2025,1,1708.64,186.53,203.75,153.78,1351.11
1177,78,2025,1,967.53,0.00,179.23,87.08,701.22
1178,81,2025,1,969.79,0.00,190.55,87.28,691.96
1179,82,2025,1,1812.76,112.17,265.65,163.15,1383.96
1180,83,2025,1,1077.83,0.00,145.07,97.00,835.76
1181,84,2025,1,1186.29,144.19,221.30,106.77,858.22
1182,86,2025,1,3981.91,0.00,910.38,358.37,2713.16
1183,87,2025,1,1701.41,103.83,347.80,153.13,1200.48
1184,88,2025,1,2156.86,0.00,479.65,194.12,1483.09
1185,89,2025,1,1882.65,148.27,349.92,169.44,1363.29
1186,91,2025,1,1524.06,0.00,162.59,137.17,1224.30
1187,92,2025,1,4913.14,656.12,619.69,442.18,3851.27
1188,93,2025,1,1557.84,158.14,327.25,140.21,1090.38
1189,94,2025,1,1984.23,298.19,198.53,178.58,1607.12
1190,96,2025,1,4140.85,370.76,549.11,372.68,3219.06
1191,97,2025,1,2715.83,0.00,657.81,244.42,1813.60
1192,98,2025,1,2356.18,130.45,287.21,212.06,1856.91
1193,99,2025,1,2268.17,211.08,254.19,204.14,1809.84
1194,101,2025,1,1045.05,117.21,181.95,94.05,769.05
1195,102,2025,1,3047.92,240.17,466.23,274.31,2307.38
1196,103,2025,1,1534.57,0.00,202.90,138.11,1193.56
1197,104,2025,1,1379.01,215.78,300.92,124.11,953.98
1198,106,2025,1,1005.73,0.00,219.41,90.52,695.80
1199,107,2025,1,3603.76,0.00,833.07,324.34,2446.35
1200,108,2025,1,1024.45,116.84,215.45,92.20,716.80
1201,109,2025,1,746.40,0.00,108.83,67.18,570.39
1202,111,2025,1,1970.85,0.00,251.24,177.38,1542.23
1203,112,2025,1,2494.59,0.00,523.52,224.51,1746.56
1204,113,2025,1,2913.85,240.71,578.27,262.25,2073.33
1205,114,2025,1,1796.51,185.72,377.45,161.69,1257.37
1206,116,2025,1,1368.48,170.91,341.81,123.16,903.51
1207,117,2025,1,606.93,0.00,123.96,54.62,428.35
1208,118,2025,1,912.90,0.00,121.03,82.16,709.71
1209,119,2025,1,2891.29,442.65,568.92,260.22,2062.15
1210,1,2025,2,1074.25,67.78,227.89,96.68,749.68
1211,2,2025,2,1622.24,219.96,256.83,146.00,1219.41
1212,3,2025,2,3089.53,471.61,734.29,278.06,2077.18
1213,4,2025,2,3620.71,257.57,865.98,325.86,2428.87
1214,6,2025,2,1773.11,0.00,377.69,159.58,1235.84
1215,7,2025,2,3697.75,602.52,640.03,332.80,2724.92
1216,8,2025,2,3317.08,268.28,648.88,298.54,2369.66
1217,9,2025,2,1202.42,92.82,271.72,108.22,822.48
1218,11,2025,2,1454.24,90.81,358.18,130.88,965.18
1219,12,2025,2,785.90,113.90,119.82,70.73,595.35
1220,13,2025,2,1038.15,144.49,204.48,93.43,740.24
1221,14,2025,2,3151.94,172.90,443.88,283.67,2424.39
1222,16,2025,2,1737.42,0.00,221.78,156.37,1359.27
1223,17,2025,2,1434.05,0.00,154.70,129.06,1150.29
1224,18,2025,2,3684.63,0.00,555.89,331.62,2797.12
1225,19,2025,2,1163.21,190.27,196.49,104.69,862.03
1226,21,2025,2,850.62,99.71,161.77,76.56,612.29
1227,22,2025,2,2027.87,326.90,412.24,182.51,1433.12
1228,23,2025,2,1847.48,294.44,421.75,166.27,1259.46
1229,24,2025,2,1406.20,212.84,314.76,126.56,964.88
1230,26,2025,2,1093.12,98.63,266.15,98.38,728.59
1231,27,2025,2,1841.17,118.43,247.12,165.71,1428.34
1232,28,2025,2,1673.83,111.99,274.34,150.64,1248.85
1233,31,2025,2,1267.84,94.13,301.57,114.11,852.16
1234,32,2025,2,1771.41,131.10,183.37,159.43,1428.61
1235,33,2025,2,2001.14,227.91,218.49,180.10,1602.55
1236,34,2025,2,1439.72,159.01,201.22,129.57,1108.93
1237,36,2025,2,1853.00,187.25,339.16,166.77,1347.07
1238,37,2025,2,1197.30,191.61,142.33,107.76,947.21
1239,38,2025,2,4755.36,646.21,561.02,427.98,3766.36
1240,39,2025,2,1798.28,282.75,231.16,161.85,1405.27
1241,41,2025,2,2562.90,0.00,459.92,230.66,1872.32
1242,42,2025,2,3217.96,299.72,704.40,289.62,2223.94
1243,43,2025,2,2690.06,187.92,313.23,242.11,2134.72
1244,44,2025,2,1437.18,0.00,337.92,129.35,969.91
1245,46,2025,2,2315.57,150.45,422.61,208.40,1684.56
1246,47,2025,2,874.50,59.40,176.78,78.71,619.01
1247,48,2025,2,2728.87,364.51,530.68,245.60,1952.59
1248,49,2025,2,1061.53,0.00,176.01,95.54,789.98
1249,51,2025,2,5019.10,654.92,762.11,451.72,3805.27
1250,52,2025,2,2491.54,305.07,549.65,224.24,1717.65
1251,53,2025,2,1706.22,0.00,359.00,153.56,1193.66
1252,54,2025,2,4832.24,674.55,1039.57,434.90,3357.77
1253,56,2025,2,2774.42,360.40,498.45,249.70,2026.27
1254,57,2025,2,2184.90,306.35,467.89,196.64,1520.37
1255,58,2025,2,1123.99,116.04,203.55,101.16,819.28
1256,59,2025,2,1124.28,108.87,231.37,101.19,791.72
1257,61,2025,2,725.31,104.95,162.41,65.28,497.62
1258,62,2025,2,1073.74,87.38,114.61,96.64,862.49
1259,63,2025,2,1035.72,67.29,148.72,93.21,793.79
1260,64,2025,2,746.59,0.00,124.44,67.19,554.96
1261,66,2025,2,938.51,0.00,210.71,84.47,643.33
1262,67,2025,2,1278.27,0.00,275.81,115.04,887.42
1263,68,2025,2,1268.29,92.78,290.31,114.15,863.83
1264,69,2025,2,1519.46,74.84,358.51,136.75,1024.20
1265,71,2025,2,4697.63,660.69,683.08,422.79,3591.76
1266,72,2025,2,1213.88,0.00,174.89,109.25,929.74
1267,74,2025,2,1933.11,293.17,207.30,173.98,1551.83
1268,76,2025,2,1044.74,75.33,249.59,94.03,701.12
1269,77,2025,2,1522.11,0.00,289.48,136.99,1095.64
1270,78,2025,2,1028.84,61.31,119.83,92.60,816.41
1271,81,2025,2,969.79,0.00,108.58,87.28,773.93
1272,82,2025,2,1919.95,219.36,472.35,172.80,1274.80
1273,83,2025,2,1077.83,0.00,191.49,97.00,789.34
1274,84,2025,2,1105.99,63.89,143.75,99.54,862.70
1275,86,2025,2,4339.20,357.29,437.65,390.53,3511.02
1276,87,2025,2,1597.58,0.00,196.49,143.78,1257.31
1277,88,2025,2,2156.86,0.00,494.13,194.12,1468.61
1278,89,2025,2,1734.38,0.00,426.46,156.09,1151.83
1279,91,2025,2,1767.86,243.80,196.70,159.11,1412.05
1280,92,2025,2,4257.02,0.00,843.99,383.13,3029.90
1281,93,2025,2,1631.43,231.73,312.55,146.83,1172.05
1282,94,2025,2,1991.98,305.94,246.12,179.28,1566.58
1283,96,2025,2,3770.09,0.00,551.97,339.31,2878.81
1284,97,2025,2,2715.83,0.00,460.98,244.42,2010.43
1285,98,2025,2,2225.73,0.00,238.93,200.32,1786.48
1286,99,2025,2,2390.31,333.22,524.71,215.13,1650.47
1287,101,2025,2,1020.17,92.33,165.98,91.82,762.37
1288,102,2025,2,2807.75,0.00,384.19,252.70,2170.86
1289,103,2025,2,1819.19,284.62,381.62,163.73,1273.84
1290,104,2025,2,1317.92,154.69,313.07,118.61,886.24
1291,106,2025,2,1187.98,182.25,225.42,106.92,855.64
1292,107,2025,2,3806.63,202.87,442.14,342.60,3021.89
1293,108,2025,2,1053.64,146.03,177.93,94.83,780.88
1294,109,2025,2,746.40,0.00,75.97,67.18,603.25
1295,111,2025,2,2096.84,125.99,520.19,188.72,1387.93
1296,112,2025,2,2741.39,246.80,544.89,246.73,1949.77
1297,113,2025,2,2673.14,0.00,504.71,240.58,1927.85
1298,114,2025,2,1610.79,0.00,239.09,144.97,1226.73
1299,116,2025,2,1402.23,204.66,217.01,126.20,1059.02
1300,117,2025,2,723.04,116.11,125.24,65.07,532.73
1301,118,2025,2,1041.69,128.79,134.31,93.75,813.63
1302,119,2025,2,2448.64,0.00,294.96,220.38,1933.30
1303,1,2025,3,1006.47,0.00,229.81,90.58,686.08
1304,2,2025,3,1478.20,75.92,276.75,133.04,1068.41
1305,3,2025,3,2897.49,279.57,471.96,260.77,2164.76
1306,4,2025,3,3805.70,442.56,859.34,342.51,2603.85
1307,6,2025,3,1939.49,166.38,419.74,174.55,1345.20
1308,7,2025,3,3095.23,0.00,630.42,278.57,2186.24
1309,8,2025,3,3268.53,219.73,524.58,294.17,2449.78
1310,9,2025,3,1275.87,166.27,242.96,114.83,918.08
1311,11,2025,3,1363.43,0.00,193.12,122.71,1047.60
1312,12,2025,3,791.23,119.23,107.36,71.21,612.66
1313,13,2025,3,1004.25,110.59,181.05,90.38,732.82
1314,14,2025,3,2979.04,0.00,476.25,268.11,2234.68
1315,16,2025,3,2023.98,286.56,400.66,182.16,1441.16
1316,17,2025,3,1693.62,259.57,288.09,152.43,1253.10
1317,18,2025,3,3969.19,284.56,847.89,357.23,2764.07
1318,19,2025,3,972.94,0.00,234.65,87.56,650.73
1319,21,2025,3,795.78,44.87,126.38,71.62,597.78
1320,22,2025,3,1951.78,250.81,474.15,175.66,1301.97
1321,23,2025,3,1681.51,128.47,330.77,151.34,1199.40
1322,24,2025,3,1416.24,222.88,322.46,127.46,966.32
1323,26,2025,3,1051.88,57.39,214.65,94.67,742.56
1324,27,2025,3,1722.74,0.00,299.54,155.05,1268.15
1325,28,2025,3,1666.41,104.57,169.34,149.98,1347.09
1326,31,2025,3,1327.87,154.16,245.65,119.51,962.71
1327,32,2025,3,1640.31,0.00,245.72,147.63,1246.96
1328,33,2025,3,1773.23,0.00,232.76,159.59,1380.88
1329,34,2025,3,1531.45,250.74,176.35,137.83,1217.27
1330,36,2025,3,1910.04,244.29,320.92,171.90,1417.22
1331,37,2025,3,1102.73,97.04,200.83,99.25,802.65
1332,38,2025,3,4558.39,449.24,835.19,410.26,3312.94
1333,39,2025,3,1653.35,137.82,314.67,148.80,1189.88
1334,41,2025,3,2562.90,0.00,315.27,230.66,2016.97
1335,42,2025,3,2918.24,0.00,508.88,262.64,2146.72
1336,43,2025,3,2642.50,140.36,457.00,237.83,1947.67
1337,44,2025,3,1437.18,0.00,162.77,129.35,1145.06
1338,46,2025,3,2371.62,206.50,582.91,213.45,1575.26
1339,47,2025,3,959.13,144.03,148.73,86.32,724.08
1340,48,2025,3,2364.36,0.00,380.61,212.79,1770.96
1341,49,2025,3,1061.53,0.00,173.02,95.54,792.97
1342,51,2025,3,4792.06,427.88,805.11,431.29,3555.66
1343,52,2025,3,2186.47,0.00,274.44,196.78,1715.25
1344,53,2025,3,1830.37,124.15,447.03,164.73,1218.61
1345,54,2025,3,4912.49,754.80,732.85,442.12,3737.52
1346,56,2025,3,2414.02,0.00,262.69,217.26,1934.07
1347,57,2025,3,1878.55,0.00,234.73,169.07,1474.75
1348,58,2025,3,1007.95,0.00,196.27,90.72,720.96
1349,59,2025,3,1015.41,0.00,177.92,91.39,746.10
1350,61,2025,3,620.36,0.00,140.62,55.83,423.91
1351,62,2025,3,1114.53,128.17,182.45,100.31,831.77
1352,63,2025,3,1067.63,99.20,134.56,96.09,836.98
1353,64,2025,3,848.39,101.80,138.35,76.36,633.68
1354,66,2025,3,1072.08,133.57,260.16,96.49,715.43
1355,67,2025,3,1474.98,196.71,310.22,132.75,1032.01
1356,68,2025,3,1373.76,198.25,169.63,123.64,1080.49
1357,69,2025,3,1642.29,197.67,328.14,147.81,1166.34
1358,71,2025,3,4817.05,780.11,484.65,433.53,3898.87
1359,72,2025,3,1213.88,0.00,260.76,109.25,843.87
1360,74,2025,3,1846.60,206.66,309.86,166.19,1370.55
1361,76,2025,3,1067.71,98.30,185.91,96.09,785.71
1362,77,2025,3,1765.05,242.94,262.74,158.85,1343.46
1363,78,2025,3,1045.64,78.11,216.76,94.11,734.77
1364,81,2025,3,1114.80,145.01,183.71,100.33,830.76
1365,82,2025,3,1700.59,0.00,310.43,153.05,1237.11
1366,83,2025,3,1077.83,0.00,199.62,97.00,781.21
1367,84,2025,3,1042.10,0.00,235.44,93.79,712.87
1368,86,2025,3,4681.82,699.91,874.26,421.36,3386.20
1369,87,2025,3,1711.90,114.32,323.10,154.07,1234.73
1370,88,2025,3,2542.67,385.81,527.13,228.84,1786.70
1371,89,2025,3,2042.74,308.36,284.21,183.85,1574.68
1372,91,2025,3,1819.64,295.58,332.81,163.77,1323.06
1373,92,2025,3,4958.20,701.18,622.29,446.24,3889.67
1374,93,2025,3,1526.35,126.65,308.68,137.37,1080.30
1375,94,2025,3,2009.40,323.36,481.94,180.85,1346.61
1376,96,2025,3,4146.15,376.06,527.30,373.15,3245.70
1377,97,2025,3,2856.15,140.32,423.89,257.05,2175.21
1378,98,2025,3,2648.85,423.12,633.90,238.40,1776.55
1379,99,2025,3,2290.13,233.04,429.84,206.11,1654.18
1380,101,2025,3,1048.40,120.56,213.76,94.36,740.28
1381,102,2025,3,3050.70,242.95,590.97,274.56,2185.17
1382,103,2025,3,1632.57,98.00,232.32,146.93,1253.32
1383,104,2025,3,1163.23,0.00,259.07,104.69,799.47
1384,106,2025,3,1056.86,51.13,256.59,95.12,705.15
1385,107,2025,3,4247.98,644.22,465.32,382.32,3400.34
1386,108,2025,3,1024.19,116.58,161.82,92.18,770.19
1387,109,2025,3,857.82,111.42,113.60,77.20,667.02
1388,111,2025,3,1970.85,0.00,441.93,177.38,1351.54
1389,112,2025,3,2915.10,420.51,460.84,262.36,2191.90
1390,113,2025,3,3072.44,399.30,592.02,276.52,2203.90
1391,114,2025,3,1610.79,0.00,319.74,144.97,1146.08
1392,116,2025,3,1421.83,224.26,279.61,127.96,1014.26
1393,117,2025,3,678.27,71.34,151.40,61.04,465.83
1394,118,2025,3,1002.03,89.13,148.08,90.18,763.77
1395,119,2025,3,2661.12,212.48,387.99,239.50,2033.63
1396,1,2025,4,1062.78,56.31,237.76,95.65,729.37
1397,2,2025,4,1402.28,0.00,255.95,126.21,1020.12
1398,3,2025,4,2760.70,142.78,666.50,248.46,1845.74
1399,4,2025,4,3676.77,313.63,682.98,330.91,2662.88
1400,6,2025,4,1928.85,155.74,274.10,173.60,1481.15
1401,7,2025,4,3431.91,336.68,352.85,308.87,2770.19
1402,8,2025,4,3446.16,397.36,821.55,310.15,2314.46
1403,9,2025,4,1109.60,0.00,155.03,99.86,854.71
1404,11,2025,4,1363.43,0.00,285.07,122.71,955.65
1405,12,2025,4,749.32,77.32,187.29,67.44,494.59
1406,13,2025,4,1003.44,109.78,151.13,90.31,762.00
1407,14,2025,4,2979.04,0.00,359.83,268.11,2351.10
1408,16,2025,4,1737.42,0.00,329.17,156.37,1251.88
1409,17,2025,4,1523.92,89.87,266.26,137.15,1120.51
1410,18,2025,4,3684.63,0.00,750.95,331.62,2602.06
1411,19,2025,4,1118.73,145.79,125.82,100.69,892.22
1412,21,2025,4,883.50,132.59,216.01,79.52,587.97
1413,22,2025,4,1700.97,0.00,306.38,153.09,1241.50
1414,23,2025,4,1742.40,189.36,422.10,156.82,1163.48
1415,24,2025,4,1193.36,0.00,239.52,107.40,846.44
1416,26,2025,4,1077.17,82.68,231.09,96.95,749.13
1417,27,2025,4,1722.74,0.00,297.56,155.05,1270.13
1418,28,2025,4,1719.52,157.68,383.99,154.76,1180.77
1419,31,2025,4,1173.71,0.00,291.66,105.63,776.42
1420,32,2025,4,1823.38,183.07,189.21,164.10,1470.07
1421,33,2025,4,1966.25,193.02,279.55,176.96,1509.74
1422,34,2025,4,1280.71,0.00,185.71,115.26,979.74
1423,36,2025,4,1791.61,125.86,289.26,161.24,1341.11
1424,37,2025,4,1124.96,119.27,226.33,101.25,797.38
1425,38,2025,4,4109.15,0.00,1015.92,369.82,2723.41
1426,39,2025,4,1722.76,207.23,218.14,155.05,1349.57
1427,41,2025,4,2562.90,0.00,345.11,230.66,1987.13
1428,42,2025,4,3410.93,492.69,786.15,306.98,2317.80
1429,43,2025,4,2722.54,220.40,415.73,245.03,2061.78
1430,44,2025,4,1707.63,270.45,329.78,153.69,1224.16
1431,46,2025,4,2546.20,381.08,322.92,229.16,1994.12
1432,47,2025,4,896.62,81.52,162.99,80.70,652.93
1433,48,2025,4,2835.07,470.71,620.18,255.16,1959.73
1434,49,2025,4,1195.61,134.08,229.55,107.60,858.46
1435,51,2025,4,5146.21,782.03,1043.99,463.16,3639.06
1436,52,2025,4,2350.82,164.35,342.24,211.57,1797.01
1437,53,2025,4,1706.22,0.00,213.80,153.56,1338.86
1438,54,2025,4,4659.07,501.38,1141.71,419.32,3098.04
1439,56,2025,4,2612.52,198.50,576.61,235.13,1800.78
1440,57,2025,4,2108.15,229.60,296.21,189.73,1622.21
1441,58,2025,4,1166.97,159.02,269.88,105.03,792.06
1442,59,2025,4,1015.41,0.00,173.95,91.39,750.07
1443,61,2025,4,665.96,45.60,129.91,59.94,476.11
1444,62,2025,4,1123.48,137.12,259.01,101.11,763.36
1445,63,2025,4,1052.45,84.02,186.00,94.72,771.73
1446,64,2025,4,848.76,102.17,139.22,76.39,633.15
1447,66,2025,4,1084.68,146.17,162.76,97.62,824.30
1448,67,2025,4,1489.16,210.89,187.37,134.02,1167.77
1449,68,2025,4,1285.25,109.74,275.42,115.67,894.16
1450,69,2025,4,1609.51,164.89,235.79,144.86,1228.86
1451,71,2025,4,4036.94,0.00,649.19,363.32,3024.43
1452,72,2025,4,1213.88,0.00,287.63,109.25,817.00
1453,74,2025,4,1893.66,253.72,424.63,170.43,1298.60
1454,76,2025,4,969.41,0.00,205.97,87.25,676.19
1455,77,2025,4,1779.12,257.01,214.37,160.12,1404.63
1456,78,2025,4,967.53,0.00,114.25,87.08,766.20
1457,81,2025,4,1027.25,57.46,141.91,92.45,792.89
1458,82,2025,4,1700.59,0.00,340.90,153.05,1206.64
1459,83,2025,4,1077.83,0.00,178.27,97.00,802.56
1460,84,2025,4,1134.31,92.21,206.01,102.09,826.21
1461,86,2025,4,4253.97,272.06,909.10,382.86,2962.01
1462,87,2025,4,1879.86,282.28,456.41,169.19,1254.26
1463,88,2025,4,2156.86,0.00,303.90,194.12,1658.84
1464,89,2025,4,1980.64,246.26,200.31,178.26,1602.07
1465,91,2025,4,1524.06,0.00,373.49,137.17,1013.40
1466,92,2025,4,4257.02,0.00,621.79,383.13,3252.10
1467,93,2025,4,1497.09,97.39,199.47,134.74,1162.88
1468,94,2025,4,2002.31,316.27,331.46,180.21,1490.64
1469,96,2025,4,4441.42,671.33,1090.49,399.73,2951.20
1470,97,2025,4,2715.83,0.00,490.43,244.42,1980.98
1471,98,2025,4,2495.77,270.04,595.98,224.62,1675.17
1472,99,2025,4,2057.09,0.00,274.87,185.14,1597.08
1473,101,2025,4,1103.79,175.95,125.69,99.34,878.76
1474,102,2025,4,2978.17,170.42,452.95,268.04,2257.18
1475,103,2025,4,1742.56,207.99,248.48,156.83,1337.25
1476,104,2025,4,1342.46,179.23,203.06,120.82,1018.58
1477,106,2025,4,1072.73,67.00,215.45,96.55,760.73
1478,107,2025,4,3603.76,0.00,429.83,324.34,2849.59
1479,108,2025,4,1006.19,98.58,144.12,90.56,771.51
1480,109,2025,4,746.40,0.00,128.22,67.18,551.00
1481,111,2025,4,2216.73,245.88,464.92,199.51,1552.30
1482,112,2025,4,2494.59,0.00,480.88,224.51,1789.20
1483,113,2025,4,2873.65,200.51,296.16,258.63,2318.86
1484,114,2025,4,1920.38,309.59,461.21,172.83,1286.34
1485,116,2025,4,1318.11,120.54,172.10,118.63,1027.38
1486,117,2025,4,606.93,0.00,98.72,54.62,453.59
1487,118,2025,4,912.90,0.00,105.40,82.16,725.34
1488,119,2025,4,2448.64,0.00,317.58,220.38,1910.68
1489,1,2025,5,1006.47,0.00,226.56,90.58,689.33
1490,2,2025,5,1486.10,83.82,279.09,133.75,1073.26
1491,3,2025,5,3102.50,484.58,454.20,279.23,2369.07
1492,4,2025,5,3680.18,317.04,887.90,331.22,2461.06
1493,6,2025,5,1939.44,166.33,481.92,174.55,1282.97
1494,7,2025,5,3095.23,0.00,493.65,278.57,2323.01
1495,8,2025,5,3487.59,438.79,788.83,313.88,2384.88
1496,9,2025,5,1109.60,0.00,130.03,99.86,879.71
1497,11,2025,5,1555.53,192.10,216.21,140.00,1199.32
1498,12,2025,5,769.12,97.12,158.21,69.22,541.69
1499,13,2025,5,945.24,51.58,145.27,85.07,714.90
1500,14,2025,5,3173.68,194.64,605.69,285.63,2282.36
1501,16,2025,5,2030.30,292.88,442.99,182.73,1404.58
1502,17,2025,5,1608.49,174.44,325.66,144.76,1138.07
1503,18,2025,5,4346.47,661.84,677.62,391.18,3277.67
1504,19,2025,5,972.94,0.00,131.85,87.56,753.53
1505,21,2025,5,804.80,53.89,154.38,72.43,577.99
1506,22,2025,5,1860.50,159.53,348.59,167.45,1344.46
1507,23,2025,5,1553.04,0.00,256.55,139.77,1156.72
1508,24,2025,5,1193.36,0.00,122.16,107.40,963.80
1509,26,2025,5,1102.19,107.70,156.78,99.20,846.21
1510,27,2025,5,1722.74,0.00,266.73,155.05,1300.96
1511,28,2025,5,1561.84,0.00,252.33,140.57,1168.94
1512,31,2025,5,1321.81,148.10,190.86,118.96,1011.99
1513,32,2025,5,1941.93,301.62,367.36,174.77,1399.80
1514,33,2025,5,1773.23,0.00,361.00,159.59,1252.64
1515,34,2025,5,1492.67,211.96,181.76,134.34,1176.57
1516,36,2025,5,1909.47,243.72,467.03,171.85,1270.59
1517,37,2025,5,1142.74,137.05,147.82,102.85,892.07
1518,38,2025,5,4109.15,0.00,828.43,369.82,2910.90
1519,39,2025,5,1616.11,100.58,321.78,145.45,1148.88
1520,41,2025,5,3036.97,474.07,563.31,273.33,2200.33
1521,42,2025,5,2918.24,0.00,309.41,262.64,2346.19
1522,43,2025,5,2865.34,363.20,681.48,257.88,1925.98
1523,44,2025,5,1660.05,222.87,272.63,149.40,1238.02
1524,46,2025,5,2165.12,0.00,512.98,194.86,1457.28
1525,47,2025,5,915.85,100.75,107.48,82.43,725.94
1526,48,2025,5,2364.36,0.00,302.44,212.79,1849.13
1527,49,2025,5,1193.37,131.84,234.15,107.40,851.82
1528,51,2025,5,5034.75,670.57,719.45,453.13,3862.17
1529,52,2025,5,2599.61,413.14,478.77,233.96,1886.88
1530,53,2025,5,1706.22,0.00,285.69,153.56,1266.97
1531,54,2025,5,4157.69,0.00,722.92,374.19,3060.58
1532,56,2025,5,2647.37,233.35,535.71,238.26,1873.40
1533,57,2025,5,2069.84,191.29,297.66,186.29,1585.89
1534,58,2025,5,1095.02,87.07,264.13,98.55,732.34
1535,59,2025,5,1077.24,61.83,176.39,96.95,803.90
1536,61,2025,5,675.58,55.22,126.28,60.80,488.50
1537,62,2025,5,986.36,0.00,224.02,88.77,673.57
1538,63,2025,5,1145.58,177.15,247.51,103.10,794.97
1539,64,2025,5,746.59,0.00,156.32,67.19,523.08
1540,66,2025,5,938.51,0.00,219.42,84.47,634.62
1541,67,2025,5,1415.92,137.65,287.41,127.43,1001.08
1542,68,2025,5,1175.51,0.00,176.75,105.80,892.96
1543,69,2025,5,1560.26,115.64,267.69,140.42,1152.15
1544,71,2025,5,4536.60,499.66,525.22,408.29,3603.09
1545,72,2025,5,1213.88,0.00,291.86,109.25,812.77
1546,74,2025,5,1929.14,289.20,372.59,173.62,1382.93
1547,76,2025,5,1021.64,52.23,162.85,91.95,766.84
1548,77,2025,5,1672.31,150.20,396.78,150.51,1125.02
1549,78,2025,5,1054.28,86.75,187.08,94.89,772.31
1550,81,2025,5,1075.41,105.62,204.09,96.79,774.53
1551,82,2025,5,1856.12,155.53,446.96,167.05,1242.11
1552,83,2025,5,1213.52,135.69,291.82,109.22,812.48
1553,84,2025,5,1042.10,0.00,106.43,93.79,841.88
1554,86,2025,5,4683.26,701.35,801.57,421.49,3460.20
1555,87,2025,5,1874.64,277.06,346.80,168.72,1359.12
1556,88,2025,5,2304.72,147.86,411.72,207.42,1685.58
1557,89,2025,5,1734.38,0.00,350.02,156.09,1228.27
1558,91,2025,5,1640.94,116.88,400.66,147.68,1092.60
1559,92,2025,5,4257.02,0.00,729.17,383.13,3144.72
1560,93,2025,5,1549.39,149.69,204.89,139.45,1205.05
1561,94,2025,5,1779.00,92.96,274.95,160.11,1343.94
1562,96,2025,5,4234.56,464.47,609.25,381.11,3244.20
1563,97,2025,5,2898.50,182.67,541.97,260.87,2095.66
1564,98,2025,5,2347.40,121.67,408.34,211.27,1727.79
1565,99,2025,5,2277.27,220.18,496.05,204.95,1576.27
1566,101,2025,5,1054.67,126.83,189.17,94.92,770.58
1567,102,2025,5,3357.09,549.34,396.17,302.14,2658.78
1568,103,2025,5,1628.83,94.26,240.84,146.59,1241.40
1569,104,2025,5,1374.44,211.21,196.23,123.70,1054.51
1570,106,2025,5,1073.41,67.68,138.61,96.61,838.19
1571,107,2025,5,4077.57,473.81,921.77,366.98,2788.82
1572,108,2025,5,999.41,91.80,247.99,89.95,661.47
1573,109,2025,5,852.19,105.79,125.29,76.70,650.20
1574,111,2025,5,2282.82,311.97,369.47,205.45,1707.90
1575,112,2025,5,2709.79,215.20,483.00,243.88,1982.91
1576,113,2025,5,3147.27,474.13,596.66,283.25,2267.36
1577,114,2025,5,1788.42,177.63,364.78,160.96,1262.68
1578,116,2025,5,1197.57,0.00,159.41,107.78,930.38
1579,117,2025,5,606.93,0.00,147.78,54.62,404.53
1580,118,2025,5,984.28,71.38,173.02,88.59,722.67
1581,119,2025,5,2679.48,230.84,504.81,241.15,1933.52
1582,1,2025,6,1006.47,0.00,181.82,90.58,734.07
1583,2,2025,6,1664.29,262.01,177.99,149.79,1336.51
1584,3,2025,6,2880.15,262.23,369.30,259.21,2251.64
1585,4,2025,6,3593.24,230.10,791.36,323.39,2478.49
1586,6,2025,6,2072.66,299.55,221.58,186.54,1664.54
1587,7,2025,6,3305.22,209.99,350.62,297.47,2657.13
1588,8,2025,6,3250.47,201.67,325.37,292.54,2632.56
1589,9,2025,6,1231.60,122.00,300.04,110.84,820.72
1590,11,2025,6,1445.60,82.17,269.86,130.10,1045.64
1591,12,2025,6,774.73,102.73,121.32,69.73,583.68
1592,13,2025,6,940.25,46.59,176.30,84.62,679.33
1593,14,2025,6,3405.25,426.21,585.71,306.47,2513.07
1594,16,2025,6,1890.35,152.93,373.71,170.13,1346.51
1595,17,2025,6,1618.97,184.92,196.75,145.71,1276.51
1596,18,2025,6,3684.63,0.00,513.71,331.62,2839.30
1597,19,2025,6,1123.96,151.02,249.52,101.16,773.28
1598,21,2025,6,830.33,79.42,204.05,74.73,551.55
1599,22,2025,6,1990.12,289.15,429.11,179.11,1381.90
1600,23,2025,6,1853.91,300.87,304.57,166.85,1382.49
1601,24,2025,6,1193.36,0.00,129.37,107.40,956.59
1602,26,2025,6,1075.29,80.80,206.81,96.78,771.70
1603,27,2025,6,1916.84,194.10,401.64,172.52,1342.68
1604,28,2025,6,1826.98,265.14,401.57,164.43,1260.98
1605,31,2025,6,1336.98,163.27,169.06,120.33,1047.59
1606,32,2025,6,1640.31,0.00,402.16,147.63,1090.52
1607,33,2025,6,2075.09,301.86,327.29,186.76,1561.04
1608,34,2025,6,1429.76,149.05,283.33,128.68,1017.75
1609,36,2025,6,1938.90,273.15,474.66,174.50,1289.74
1610,37,2025,6,1182.77,177.08,217.73,106.45,858.59
1611,38,2025,6,4109.15,0.00,857.32,369.82,2882.01
1612,39,2025,6,1754.04,238.51,240.16,157.86,1356.02
1613,41,2025,6,2562.90,0.00,516.61,230.66,1815.63
1614,42,2025,6,2918.24,0.00,576.56,262.64,2079.04
1615,43,2025,6,2726.53,224.39,597.01,245.39,1884.13
1616,44,2025,6,1437.18,0.00,247.21,129.35,1060.62
1617,46,2025,6,2592.86,427.74,362.08,233.36,1997.42
1618,47,2025,6,863.01,47.91,109.84,77.67,675.50
1619,48,2025,6,2525.72,161.36,407.14,227.31,1891.27
1620,49,2025,6,1138.69,77.16,238.75,102.48,797.46
1621,51,2025,6,4364.18,0.00,970.46,392.78,3000.94
1622,52,2025,6,2597.58,411.11,329.99,233.78,2033.81
1623,53,2025,6,1706.22,0.00,212.41,153.56,1340.25
1624,54,2025,6,4665.05,507.36,619.70,419.85,3625.50
1625,56,2025,6,2756.87,342.85,319.22,248.12,2189.53
1626,57,2025,6,2004.54,125.99,354.15,180.41,1469.98
1627,58,2025,6,1007.95,0.00,182.28,90.72,734.95
1628,59,2025,6,1015.41,0.00,198.91,91.39,725.11
1629,61,2025,6,620.36,0.00,89.53,55.83,475.00
1630,62,2025,6,1162.92,176.56,160.31,104.66,897.95
1631,63,2025,6,1111.38,142.95,145.98,100.02,865.38
1632,64,2025,6,746.59,0.00,168.44,67.19,510.96
1633,66,2025,6,989.52,51.01,161.36,89.06,739.10
1634,67,2025,6,1278.27,0.00,284.14,115.04,879.09
1635,68,2025,6,1175.51,0.00,241.93,105.80,827.78
1636,69,2025,6,1530.93,86.31,156.79,137.78,1236.36
1637,71,2025,6,4468.99,432.05,610.26,402.21,3456.52
1638,72,2025,6,1213.88,0.00,241.35,109.25,863.28
1639,74,2025,6,1639.94,0.00,243.93,147.59,1248.42
1640,76,2025,6,1053.47,84.06,246.30,94.81,712.36
1641,77,2025,6,1815.60,293.49,340.55,163.40,1311.65
1642,78,2025,6,967.53,0.00,178.21,87.08,702.24
1643,81,2025,6,1077.95,108.16,139.27,97.02,841.66
1644,82,2025,6,1818.72,118.13,296.60,163.68,1358.44
1645,83,2025,6,1181.07,103.24,186.49,106.30,888.28
1646,84,2025,6,1042.10,0.00,247.10,93.79,701.21
1647,86,2025,6,4714.68,732.77,1098.07,424.32,3192.29
1648,87,2025,6,1699.05,101.47,221.29,152.91,1324.85
1649,88,2025,6,2291.94,135.08,300.52,206.27,1785.15
1650,89,2025,6,1899.51,165.13,233.45,170.96,1495.10
1651,91,2025,6,1791.88,267.82,343.99,161.27,1286.62
1652,92,2025,6,5055.19,798.17,1210.38,454.97,3389.84
1653,93,2025,6,1616.76,217.06,357.88,145.51,1113.37
1654,94,2025,6,1843.93,157.89,357.00,165.95,1320.98
1655,96,2025,6,3770.09,0.00,583.25,339.31,2847.53
1656,97,2025,6,2715.83,0.00,398.94,244.42,2072.47
1657,98,2025,6,2225.73,0.00,442.17,200.32,1583.24
1658,99,2025,6,2057.09,0.00,416.68,185.14,1455.27
1659,101,2025,6,984.08,56.24,110.30,88.57,785.21
1660,102,2025,6,2807.75,0.00,580.20,252.70,1974.85
1661,103,2025,6,1791.57,257.00,438.82,161.24,1191.51
1662,104,2025,6,1310.36,147.13,151.55,117.93,1040.88
1663,106,2025,6,1153.62,147.89,160.16,103.83,889.63
1664,107,2025,6,4319.64,715.88,1011.46,388.77,2919.41
1665,108,2025,6,1063.40,155.79,195.45,95.71,772.24
1666,109,2025,6,797.67,51.27,144.68,71.79,581.20
1667,111,2025,6,2089.25,118.40,308.88,188.03,1592.34
1668,112,2025,6,2622.95,128.36,604.02,236.07,1782.86
1669,113,2025,6,2673.14,0.00,653.24,240.58,1779.32
1670,114,2025,6,1804.94,194.15,379.90,162.44,1262.60
1671,116,2025,6,1197.57,0.00,146.69,107.78,943.10
1672,117,2025,6,657.33,50.40,95.22,59.16,502.95
1673,118,2025,6,996.38,83.48,230.78,89.67,675.93
1674,119,2025,6,2629.76,181.12,311.74,236.68,2081.34
1675,1,2025,7,1006.47,0.00,149.35,90.58,766.54
1676,2,2025,7,1402.28,0.00,143.83,126.21,1132.24
1677,3,2025,7,2914.41,296.49,564.51,262.30,2087.60
1678,4,2025,7,3741.48,378.34,659.75,336.73,2745.00
1679,6,2025,7,1773.11,0.00,428.91,159.58,1184.62
1680,7,2025,7,3432.69,337.46,563.97,308.94,2559.78
1681,8,2025,7,3442.46,393.66,731.18,309.82,2401.46
1682,9,2025,7,1109.60,0.00,206.36,99.86,803.38
1683,11,2025,7,1461.47,98.04,280.05,131.53,1049.89
1684,12,2025,7,730.59,58.59,115.93,65.75,548.91
1685,13,2025,7,893.66,0.00,208.46,80.43,604.77
1686,14,2025,7,3288.39,309.35,516.37,295.96,2476.06
1687,16,2025,7,2079.67,342.25,341.29,187.17,1551.21
1688,17,2025,7,1434.05,0.00,294.70,129.06,1010.29
1689,18,2025,7,4154.57,469.94,919.31,373.91,2861.35
1690,19,2025,7,1026.44,53.50,209.04,92.38,725.02
1691,21,2025,7,867.70,116.79,145.55,78.09,644.06
1692,22,2025,7,1700.97,0.00,267.81,153.09,1280.07
1693,23,2025,7,1680.02,126.98,329.89,151.20,1198.93
1694,24,2025,7,1424.31,230.95,153.92,128.19,1142.20
1695,26,2025,7,1168.01,173.52,284.08,105.12,778.81
1696,27,2025,7,1722.74,0.00,316.22,155.05,1251.47
1697,28,2025,7,1872.01,310.17,231.03,168.48,1472.50
1698,31,2025,7,1333.57,159.86,222.87,120.02,990.68
1699,32,2025,7,1777.73,137.42,333.84,160.00,1283.89
1700,33,2025,7,1773.23,0.00,309.86,159.59,1303.78
1701,34,2025,7,1383.12,102.41,300.57,124.48,958.07
1702,36,2025,7,1665.75,0.00,218.98,149.92,1296.85
1703,37,2025,7,1005.69,0.00,243.24,90.51,671.94
1704,38,2025,7,4365.46,256.31,607.19,392.89,3365.38
1705,39,2025,7,1515.53,0.00,264.21,136.40,1114.92
1706,41,2025,7,2562.90,0.00,283.39,230.66,2048.85
1707,42,2025,7,3448.91,530.67,417.66,310.40,2720.85
1708,43,2025,7,2502.14,0.00,591.61,225.19,1685.34
1709,44,2025,7,1512.69,75.51,159.73,136.14,1216.82
1710,46,2025,7,2165.12,0.00,400.38,194.86,1569.88
1711,47,2025,7,907.36,92.26,204.29,81.66,621.41
1712,48,2025,7,2495.48,131.12,421.10,224.59,1849.79
1713,49,2025,7,1061.53,0.00,191.68,95.54,774.31
1714,51,2025,7,4364.18,0.00,489.58,392.78,3481.82
1715,52,2025,7,2528.14,341.67,469.34,227.53,1831.27
1716,53,2025,7,2030.82,324.60,351.14,182.77,1496.91
1717,54,2025,7,4782.58,624.89,813.41,430.43,3538.74
1718,56,2025,7,2414.02,0.00,331.33,217.26,1865.43
1719,57,2025,7,1878.55,0.00,332.63,169.07,1376.85
1720,58,2025,7,1137.95,130.00,146.55,102.42,888.98
1721,59,2025,7,1115.52,100.11,191.87,100.40,823.25
1722,61,2025,7,716.60,96.24,95.31,64.49,556.80
1723,62,2025,7,1084.03,97.67,212.80,97.56,773.67
1724,63,2025,7,968.43,0.00,129.05,87.16,752.22
1725,64,2025,7,832.64,86.05,197.55,74.94,560.15
1726,66,2025,7,938.51,0.00,179.00,84.47,675.04
1727,67,2025,7,1278.27,0.00,177.00,115.04,986.23
1728,68,2025,7,1310.04,134.53,175.94,117.90,1016.20
1729,69,2025,7,1643.88,199.26,255.09,147.95,1240.84
1730,71,2025,7,4036.94,0.00,584.82,363.32,3088.80
1731,72,2025,7,1213.88,0.00,189.21,109.25,915.42
1732,74,2025,7,1639.94,0.00,258.85,147.59,1233.50
1733,76,2025,7,1159.51,190.10,288.41,104.36,766.74
1734,77,2025,7,1522.11,0.00,198.94,136.99,1186.18
1735,78,2025,7,1155.85,188.32,128.49,104.03,923.33
1736,81,2025,7,1043.53,73.74,171.64,93.92,777.97
1737,82,2025,7,2003.29,302.70,314.75,180.30,1508.24
1738,83,2025,7,1225.04,147.21,279.50,110.25,835.29
1739,84,2025,7,1115.70,73.60,122.82,100.41,892.47
1740,86,2025,7,4429.90,447.99,650.61,398.69,3380.60
1741,87,2025,7,1597.58,0.00,309.15,143.78,1144.65
1742,88,2025,7,2156.86,0.00,226.32,194.12,1736.42
1743,89,2025,7,1824.68,90.30,237.60,164.22,1422.86
1744,91,2025,7,1651.68,127.62,221.42,148.65,1281.61
1745,92,2025,7,4866.61,609.59,1015.95,437.99,3412.67
1746,93,2025,7,1602.33,202.63,370.46,144.21,1087.66
1747,94,2025,7,1964.04,278.00,312.91,176.76,1474.37
1748,96,2025,7,4078.54,308.45,420.94,367.07,3290.53
1749,97,2025,7,2969.36,253.53,311.73,267.24,2390.39
1750,98,2025,7,2225.73,0.00,354.50,200.32,1670.91
1751,99,2025,7,2057.09,0.00,270.28,185.14,1601.67
1752,101,2025,7,1032.59,104.75,206.75,92.93,732.91
1753,102,2025,7,2807.75,0.00,453.88,252.70,2101.17
1754,103,2025,7,1794.40,259.83,330.20,161.50,1302.70
1755,104,2025,7,1289.62,126.39,266.74,116.07,906.81
1756,106,2025,7,1177.26,171.53,268.59,105.95,802.72
1757,107,2025,7,4183.56,579.80,490.50,376.52,3316.54
1758,108,2025,7,1012.93,105.32,121.09,91.16,800.68
1759,109,2025,7,746.40,0.00,103.96,67.18,575.26
1760,111,2025,7,1970.85,0.00,434.50,177.38,1358.97
1761,112,2025,7,2494.59,0.00,586.90,224.51,1683.18
1762,113,2025,7,2673.14,0.00,630.69,240.58,1801.87
1763,114,2025,7,1716.04,105.25,382.36,154.44,1179.24
1764,116,2025,7,1343.42,145.85,140.80,120.91,1081.71
1765,117,2025,7,685.17,78.24,115.49,61.67,508.01
1766,118,2025,7,981.10,68.20,201.43,88.30,691.37
1767,119,2025,7,2448.64,0.00,602.78,220.38,1625.48
1768,1,2025,8,1086.43,79.96,191.72,97.78,796.93
1769,2,2025,8,1529.17,126.89,260.73,137.63,1130.81
1770,3,2025,8,2863.38,245.46,646.10,257.70,1959.58
1771,4,2025,8,3363.14,0.00,362.39,302.68,2698.07
1772,6,2025,8,1773.11,0.00,295.23,159.58,1318.30
1773,7,2025,8,3095.23,0.00,754.56,278.57,2062.10
1774,8,2025,8,3048.80,0.00,406.46,274.39,2367.95
1775,9,2025,8,1109.60,0.00,209.74,99.86,800.00
1776,11,2025,8,1488.37,124.94,361.61,133.95,992.81
1777,12,2025,8,786.53,114.53,104.28,70.79,611.46
1778,13,2025,8,1036.94,143.28,204.07,93.32,739.55
1779,14,2025,8,2979.04,0.00,371.35,268.11,2339.58
1780,16,2025,8,1906.32,168.90,273.29,171.57,1461.46
1781,17,2025,8,1643.03,208.98,333.80,147.87,1161.36
1782,18,2025,8,4177.11,492.48,553.05,375.94,3248.12
1783,19,2025,8,1077.97,105.03,222.79,97.02,758.16
1784,21,2025,8,884.27,133.36,96.76,79.58,707.93
1785,22,2025,8,1944.63,243.66,434.28,175.02,1335.33
1786,23,2025,8,1553.04,0.00,333.07,139.77,1080.20
1787,24,2025,8,1193.36,0.00,137.14,107.40,948.82
1788,26,2025,8,994.49,0.00,102.72,89.50,802.27
1789,27,2025,8,1722.74,0.00,307.03,155.05,1260.66
1790,28,2025,8,1806.51,244.67,340.47,162.59,1303.45
1791,31,2025,8,1287.01,113.30,148.65,115.83,1022.53
1792,32,2025,8,1874.85,234.54,283.56,168.74,1422.55
1793,33,2025,8,1919.69,146.46,347.82,172.77,1399.10
1794,34,2025,8,1280.71,0.00,252.47,115.26,912.98
1795,36,2025,8,1665.75,0.00,274.56,149.92,1241.27
1796,37,2025,8,1113.85,108.16,129.79,100.25,883.81
1797,38,2025,8,4726.90,617.75,575.41,425.42,3726.07
1798,39,2025,8,1626.21,110.68,312.58,146.36,1167.27
1799,41,2025,8,2776.33,213.43,389.88,249.87,2136.58
1800,42,2025,8,3327.70,409.46,813.95,299.49,2214.26
1801,43,2025,8,2502.14,0.00,316.42,225.19,1960.53
1802,44,2025,8,1654.72,217.54,377.92,148.92,1127.88
1803,46,2025,8,2165.12,0.00,441.86,194.86,1528.40
1804,47,2025,8,914.58,99.48,127.75,82.31,704.52
1805,48,2025,8,2700.41,336.05,442.75,243.04,2014.62
1806,49,2025,8,1061.53,0.00,132.76,95.54,833.23
1807,51,2025,8,4803.19,439.01,1044.71,432.29,3326.19
1808,52,2025,8,2352.98,166.51,290.77,211.77,1850.44
1809,53,2025,8,1706.22,0.00,386.15,153.56,1166.51
1810,54,2025,8,4731.22,573.53,944.23,425.81,3361.18
1811,56,2025,8,2828.00,413.98,439.23,254.52,2134.25
1812,57,2025,8,2244.09,365.54,418.78,201.97,1623.34
1813,58,2025,8,1095.38,87.43,148.70,98.58,848.10
1814,59,2025,8,1152.91,137.50,197.67,103.76,851.48
1815,61,2025,8,738.74,118.38,148.51,66.49,523.74
1816,62,2025,8,1144.32,157.96,117.62,102.99,923.71
1817,63,2025,8,1074.15,105.72,156.09,96.67,821.39
1818,64,2025,8,746.59,0.00,156.36,67.19,523.04
1819,66,2025,8,1005.45,66.94,207.99,90.49,706.97
1820,67,2025,8,1278.27,0.00,231.47,115.04,931.76
1821,68,2025,8,1175.51,0.00,268.93,105.80,800.78
1822,69,2025,8,1613.64,169.02,166.19,145.23,1302.22
1823,71,2025,8,4686.31,649.37,760.99,421.77,3503.55
1824,72,2025,8,1286.25,72.37,270.13,115.76,900.36
1825,74,2025,8,1764.70,124.76,294.18,158.82,1311.70
1826,76,2025,8,1043.44,74.03,225.30,93.91,724.23
1827,77,2025,8,1681.72,159.61,374.59,151.35,1155.78
1828,78,2025,8,1090.78,123.25,206.75,98.17,785.86
1829,81,2025,8,1075.67,105.88,214.29,96.81,764.57
1830,82,2025,8,1700.59,0.00,331.81,153.05,1215.73
1831,83,2025,8,1146.99,69.16,127.45,103.23,916.31
1832,84,2025,8,1042.10,0.00,137.66,93.79,810.65
1833,86,2025,8,4418.92,437.01,818.04,397.70,3203.18
1834,87,2025,8,1799.61,202.03,347.67,161.96,1289.98
1835,88,2025,8,2272.04,115.18,357.23,204.48,1710.33
1836,89,2025,8,1834.90,100.52,389.01,165.14,1280.75
1837,91,2025,8,1744.67,220.61,288.39,157.02,1299.26
1838,92,2025,8,4257.02,0.00,490.93,383.13,3382.96
1839,93,2025,8,1474.49,74.79,173.29,132.70,1168.50
1840,94,2025,8,1827.82,141.78,344.46,164.50,1318.86
1841,96,2025,8,3770.09,0.00,695.87,339.31,2734.91
1842,97,2025,8,2715.83,0.00,436.90,244.42,2034.51
1843,98,2025,8,2549.29,323.56,357.09,229.44,1962.76
1844,99,2025,8,2264.93,207.84,367.90,203.84,1693.19
1845,101,2025,8,927.84,0.00,100.14,83.51,744.19
1846,102,2025,8,2807.75,0.00,389.70,252.70,2165.35
1847,103,2025,8,1534.57,0.00,254.29,138.11,1142.17
1848,104,2025,8,1163.23,0.00,290.06,104.69,768.48
1849,106,2025,8,1203.31,197.58,211.24,108.30,883.77
1850,107,2025,8,4019.19,415.43,648.03,361.73,3009.43
1851,108,2025,8,1014.70,107.09,110.54,91.32,812.84
1852,109,2025,8,841.04,94.64,178.13,75.69,587.22
1853,111,2025,8,1970.85,0.00,409.38,177.38,1384.09
1854,112,2025,8,2494.59,0.00,599.71,224.51,1670.37
1855,113,2025,8,2935.67,262.53,614.72,264.21,2056.74
1856,114,2025,8,1745.40,134.61,193.36,157.09,1394.95
1857,116,2025,8,1297.81,100.24,141.33,116.80,1039.68
1858,117,2025,8,722.34,115.41,159.42,65.01,497.91
1859,118,2025,8,912.90,0.00,185.20,82.16,645.54
1860,119,2025,8,2860.61,411.97,558.12,257.45,2045.04
1861,1,2025,9,1075.57,69.10,140.79,96.80,837.98
1862,2,2025,9,1612.59,210.31,248.78,145.13,1218.68
1863,3,2025,9,3126.92,509.00,493.41,281.42,2352.09
1864,4,2025,9,3363.14,0.00,353.18,302.68,2707.28
1865,6,2025,9,1773.11,0.00,221.90,159.58,1391.63
1866,7,2025,9,3660.70,565.47,580.47,329.46,2750.77
1867,8,2025,9,3048.80,0.00,451.62,274.39,2322.79
1868,9,2025,9,1262.03,152.43,274.90,113.58,873.55
1869,11,2025,9,1363.43,0.00,247.41,122.71,993.31
1870,12,2025,9,672.00,0.00,92.27,60.48,519.25
1871,13,2025,9,1050.55,156.89,110.66,94.55,845.34
1872,14,2025,9,3229.22,250.18,387.18,290.63,2551.41
1873,16,2025,9,1959.97,222.55,387.66,176.40,1395.91
1874,17,2025,9,1620.39,186.34,300.95,145.84,1173.60
1875,18,2025,9,3684.63,0.00,688.44,331.62,2664.57
1876,19,2025,9,972.94,0.00,222.28,87.56,663.10
1877,21,2025,9,795.39,44.48,142.71,71.59,581.09
1878,22,2025,9,1970.92,269.95,266.72,177.38,1526.82
1879,23,2025,9,1553.04,0.00,227.83,139.77,1185.44
1880,24,2025,9,1395.43,202.07,210.67,125.59,1059.17
1881,26,2025,9,994.49,0.00,180.54,89.50,724.45
1882,27,2025,9,1878.49,155.75,189.81,169.06,1519.62
1883,28,2025,9,1561.84,0.00,182.46,140.57,1238.81
1884,31,2025,9,1244.38,70.67,254.65,111.99,877.74
1885,32,2025,9,1640.31,0.00,244.26,147.63,1248.42
1886,33,2025,9,2105.80,332.57,288.87,189.52,1627.41
1887,34,2025,9,1478.83,198.12,153.40,133.09,1192.34
1888,36,2025,9,1665.75,0.00,186.07,149.92,1329.76
1889,37,2025,9,1005.69,0.00,139.54,90.51,775.64
1890,38,2025,9,4442.05,332.90,1007.03,399.78,3035.24
1891,39,2025,9,1700.87,185.34,323.20,153.08,1224.59
1892,41,2025,9,3065.40,502.50,400.49,275.89,2389.02
1893,42,2025,9,2918.24,0.00,680.89,262.64,1974.71
1894,43,2025,9,2502.14,0.00,268.37,225.19,2008.58
1895,44,2025,9,1707.35,270.17,211.82,153.66,1341.87
1896,46,2025,9,2165.12,0.00,453.97,194.86,1516.29
1897,47,2025,9,910.68,95.58,180.80,81.96,647.92
1898,48,2025,9,2739.65,375.29,605.61,246.57,1887.47
1899,49,2025,9,1254.99,193.46,281.10,112.95,860.94
1900,51,2025,9,5211.14,846.96,785.48,469.00,3956.66
1901,52,2025,9,2306.79,120.32,486.29,207.61,1612.89
1902,53,2025,9,1983.24,277.02,485.76,178.49,1318.99
1903,54,2025,9,4378.65,220.96,669.74,394.08,3314.83
1904,56,2025,9,2698.53,284.51,332.60,242.87,2123.06
1905,57,2025,9,2148.46,269.91,494.89,193.36,1460.21
1906,58,2025,9,1171.64,163.69,175.67,105.45,890.52
1907,59,2025,9,1078.92,63.51,135.19,97.10,846.63
1908,61,2025,9,693.92,73.56,122.27,62.45,509.20
1909,62,2025,9,986.36,0.00,145.66,88.77,751.93
1910,63,2025,9,968.43,0.00,164.59,87.16,716.68
1911,64,2025,9,746.59,0.00,74.69,67.19,604.71
1912,66,2025,9,1099.11,160.60,233.95,98.92,766.24
1913,67,2025,9,1426.61,148.34,181.83,128.39,1116.39
1914,68,2025,9,1308.78,133.27,195.53,117.79,995.46
1915,69,2025,9,1713.68,269.06,275.16,154.23,1284.29
1916,71,2025,9,4036.94,0.00,560.41,363.32,3113.21
1917,72,2025,9,1326.11,112.23,168.34,119.35,1038.42
1918,74,2025,9,1639.94,0.00,337.68,147.59,1154.67
1919,76,2025,9,1134.04,164.63,256.97,102.06,775.01
1920,77,2025,9,1731.73,209.62,291.09,155.86,1284.78
1921,78,2025,9,1047.05,79.52,187.50,94.23,765.32
1922,81,2025,9,1073.41,103.62,255.26,96.61,721.54
1923,82,2025,9,1919.82,219.23,267.18,172.78,1479.86
1924,83,2025,9,1269.70,191.87,143.16,114.27,1012.27
1925,84,2025,9,1105.03,62.93,235.11,99.45,770.47
1926,86,2025,9,4479.14,497.23,1014.41,403.12,3061.61
1927,87,2025,9,1692.35,94.77,208.79,152.31,1331.25
1928,88,2025,9,2424.96,268.10,496.75,218.25,1709.96
1929,89,2025,9,1734.38,0.00,420.07,156.09,1158.22
1930,91,2025,9,1765.12,241.06,300.05,158.86,1306.21
1931,92,2025,9,4257.02,0.00,711.57,383.13,3162.32
1932,93,2025,9,1534.11,134.41,232.63,138.07,1163.41
1933,94,2025,9,2015.83,329.79,338.04,181.42,1496.37
1934,96,2025,9,4166.98,396.89,922.39,375.03,2869.56
1935,97,2025,9,2962.27,246.44,535.67,266.60,2160.00
1936,98,2025,9,2597.65,371.92,363.00,233.79,2000.86
1937,99,2025,9,2196.65,139.56,432.67,197.70,1566.28
1938,101,2025,9,1035.19,107.35,191.01,93.17,751.01
1939,102,2025,9,3296.23,488.48,637.36,296.66,2362.21
1940,103,2025,9,1679.22,144.65,313.52,151.13,1214.57
1941,104,2025,9,1163.23,0.00,167.04,104.69,891.50
1942,106,2025,9,1104.27,98.54,157.50,99.38,847.39
1943,107,2025,9,4029.43,425.67,938.84,362.65,2727.94
1944,108,2025,9,907.61,0.00,185.27,81.68,640.66
1945,109,2025,9,746.40,0.00,98.12,67.18,581.10
1946,111,2025,9,1970.85,0.00,414.91,177.38,1378.56
1947,112,2025,9,2661.32,166.73,652.38,239.52,1769.42
1948,113,2025,9,3048.48,375.34,538.29,274.36,2235.83
1949,114,2025,9,1737.20,126.41,360.40,156.35,1220.45
1950,116,2025,9,1197.57,0.00,283.83,107.78,805.96
1951,117,2025,9,719.78,112.85,173.85,64.78,481.15
1952,118,2025,9,980.98,68.08,219.13,88.29,673.56
1953,119,2025,9,2805.31,356.67,417.53,252.48,2135.30
1954,1,2025,10,1146.82,140.35,258.81,103.21,784.80
1955,2,2025,10,1574.88,172.60,213.19,141.74,1219.95
1956,3,2025,10,3093.84,475.92,421.48,278.45,2393.91
1957,4,2025,10,3599.12,235.98,876.43,323.92,2398.77
1958,6,2025,10,1870.30,97.19,192.37,168.33,1509.60
1959,7,2025,10,3685.23,590.00,750.18,331.67,2603.38
1960,8,2025,10,3259.82,211.02,678.43,293.38,2288.01
1961,9,2025,10,1109.60,0.00,266.77,99.86,742.97
1962,11,2025,10,1363.43,0.00,197.66,122.71,1043.06
1963,12,2025,10,732.92,60.92,79.09,65.96,587.87
1964,13,2025,10,951.12,57.46,112.86,85.60,752.66
1965,14,2025,10,3265.54,286.50,586.37,293.90,2385.27
1966,16,2025,10,1837.85,100.43,204.23,165.41,1468.21
1967,17,2025,10,1434.05,0.00,326.52,129.06,978.47
1968,18,2025,10,4148.76,464.13,848.02,373.39,2927.35
1969,19,2025,10,1126.09,153.15,230.46,101.35,794.28
1970,21,2025,10,857.03,106.12,88.66,77.13,691.24
1971,22,2025,10,1700.97,0.00,265.48,153.09,1282.40
1972,23,2025,10,1553.04,0.00,363.94,139.77,1049.33
1973,24,2025,10,1369.68,176.32,312.69,123.27,933.72
1974,26,2025,10,994.49,0.00,105.66,89.50,799.33
1975,27,2025,10,1722.74,0.00,196.33,155.05,1371.36
1976,28,2025,10,1732.21,170.37,372.15,155.90,1204.16
1977,31,2025,10,1397.02,223.31,293.98,125.73,977.31
1978,32,2025,10,1764.35,124.04,236.32,158.79,1369.24
1979,33,2025,10,1972.60,199.37,263.55,177.53,1531.52
1980,34,2025,10,1476.41,195.70,327.57,132.88,1015.96
1981,36,2025,10,1665.75,0.00,314.93,149.92,1200.90
1982,37,2025,10,1202.16,196.47,299.67,108.19,794.30
1983,38,2025,10,4109.15,0.00,631.52,369.82,3107.81
1984,39,2025,10,1783.11,267.58,303.50,160.48,1319.13
1985,41,2025,10,2937.66,374.76,637.54,264.39,2035.73
1986,42,2025,10,3300.83,382.59,713.69,297.07,2290.07
1987,43,2025,10,2502.14,0.00,600.91,225.19,1676.04
1988,44,2025,10,1677.29,240.11,205.99,150.96,1320.34
1989,46,2025,10,2480.98,315.86,597.52,223.29,1660.17
1990,47,2025,10,864.14,49.04,87.47,77.77,698.90
1991,48,2025,10,2540.07,175.71,367.81,228.61,1943.65
1992,49,2025,10,1061.53,0.00,128.33,95.54,837.66
1993,51,2025,10,5209.41,845.23,1117.79,468.85,3622.77
1994,52,2025,10,2438.88,252.41,370.02,219.50,1849.36
1995,53,2025,10,1802.03,95.81,439.64,162.18,1200.21
1996,54,2025,10,4677.88,520.19,801.58,421.01,3455.29
1997,56,2025,10,2880.15,466.13,348.97,259.21,2271.97
1998,57,2025,10,2196.48,317.93,365.86,197.68,1632.94
1999,58,2025,10,1185.23,177.28,241.84,106.67,836.72
2000,59,2025,10,1168.51,153.10,205.80,105.17,857.54
2001,61,2025,10,659.46,39.10,151.86,59.35,448.25
2002,62,2025,10,986.36,0.00,217.75,88.77,679.84
2003,63,2025,10,1086.53,118.10,118.65,97.79,870.09
2004,64,2025,10,801.31,54.72,100.91,72.12,628.28
2005,66,2025,10,1052.10,113.59,132.40,94.69,825.01
2006,67,2025,10,1474.13,195.86,173.44,132.67,1168.02
2007,68,2025,10,1281.44,105.93,275.13,115.33,890.98
2008,69,2025,10,1444.62,0.00,320.52,130.02,994.08
2009,71,2025,10,4574.72,537.78,991.69,411.72,3171.31
2010,72,2025,10,1213.88,0.00,268.11,109.25,836.52
2011,74,2025,10,1796.50,156.56,309.86,161.69,1324.95
2012,76,2025,10,1030.14,60.73,242.26,92.71,695.17
2013,77,2025,10,1522.11,0.00,280.34,136.99,1104.78
2014,78,2025,10,967.53,0.00,176.89,87.08,703.56
2015,81,2025,10,1082.45,112.66,164.58,97.42,820.45
2016,82,2025,10,1789.79,89.20,406.47,161.08,1222.24
2017,83,2025,10,1077.83,0.00,171.93,97.00,808.90
2018,84,2025,10,1236.79,194.69,179.24,111.31,946.24
2019,86,2025,10,4721.90,739.99,646.07,424.97,3650.86
2020,87,2025,10,1873.30,275.72,342.97,168.60,1361.73
2021,88,2025,10,2156.86,0.00,515.71,194.12,1447.03
2022,89,2025,10,1986.18,251.80,235.19,178.76,1572.23
2023,91,2025,10,1642.02,117.96,356.99,147.78,1137.25
2024,92,2025,10,4776.44,519.42,695.10,429.88,3651.46
2025,93,2025,10,1399.70,0.00,239.85,125.97,1033.88
2026,94,2025,10,1686.04,0.00,246.27,151.74,1288.03
2027,96,2025,10,3770.09,0.00,689.92,339.31,2740.86
2028,97,2025,10,3156.87,441.04,458.20,284.12,2414.55
2029,98,2025,10,2225.73,0.00,350.00,200.32,1675.41
2030,99,2025,10,2057.09,0.00,373.37,185.14,1498.58
2031,101,2025,10,927.84,0.00,216.46,83.51,627.87
2032,102,2025,10,3366.50,558.75,524.13,302.99,2539.38
2033,103,2025,10,1672.90,138.33,345.27,150.56,1177.07
2034,104,2025,10,1324.30,161.07,275.15,119.19,929.96
2035,106,2025,10,1200.65,194.92,178.66,108.06,913.93
2036,107,2025,10,4203.39,599.63,816.60,378.31,3008.48
2037,108,2025,10,978.54,70.93,170.41,88.07,720.06
2038,109,2025,10,790.56,44.16,147.71,71.15,571.70
2039,111,2025,10,2311.84,340.99,566.33,208.07,1537.44
2040,112,2025,10,2978.78,484.19,604.89,268.09,2105.80
2041,113,2025,10,3090.25,417.11,714.01,278.12,2098.12
2042,114,2025,10,1610.79,0.00,310.19,144.97,1155.63
2043,116,2025,10,1412.31,214.74,201.04,127.11,1084.16
2044,117,2025,10,662.76,55.83,158.07,59.65,445.04
2045,118,2025,10,974.39,61.49,133.57,87.70,753.12
2046,119,2025,10,2829.11,380.47,641.98,254.62,1932.51
2047,1,2025,11,1006.47,0.00,112.26,90.58,803.63
2048,2,2025,11,1402.28,0.00,318.28,126.21,957.79
2049,3,2025,11,2617.92,0.00,415.20,235.61,1967.11
2050,4,2025,11,3937.07,573.93,887.38,354.34,2695.35
2051,6,2025,11,1948.35,175.24,290.63,175.35,1482.37
2052,7,2025,11,3402.11,306.88,672.75,306.19,2423.17
2053,8,2025,11,3048.80,0.00,497.52,274.39,2276.89
2054,9,2025,11,1109.60,0.00,134.05,99.86,875.69
2055,11,2025,11,1604.39,240.96,321.14,144.40,1138.85
2056,12,2025,11,707.33,35.33,142.21,63.66,501.46
2057,13,2025,11,893.66,0.00,164.79,80.43,648.44
2058,14,2025,11,3408.37,429.33,620.98,306.75,2480.64
2059,16,2025,11,1991.99,254.57,391.93,179.28,1420.78
2060,17,2025,11,1434.05,0.00,259.12,129.06,1045.87
2061,18,2025,11,4098.45,413.82,815.30,368.86,2914.29
2062,19,2025,11,972.94,0.00,137.96,87.56,747.42
2063,21,2025,11,750.91,0.00,115.45,67.58,567.88
2064,22,2025,11,1700.97,0.00,246.58,153.09,1301.30
2065,23,2025,11,1553.04,0.00,265.01,139.77,1148.26
2066,24,2025,11,1297.77,104.41,256.73,116.80,924.24
2067,26,2025,11,1133.35,138.86,190.76,102.00,840.59
2068,27,2025,11,1823.26,100.52,407.99,164.09,1251.18
2069,28,2025,11,1714.48,152.64,355.28,154.30,1204.90
2070,31,2025,11,1400.21,226.50,330.61,126.02,943.58
2071,32,2025,11,1886.07,245.76,272.00,169.75,1444.32
2072,33,2025,11,1995.52,222.29,223.49,179.60,1592.43
2073,34,2025,11,1387.64,106.93,230.03,124.89,1032.72
2074,36,2025,11,1823.41,157.66,434.06,164.11,1225.24
2075,37,2025,11,1173.99,168.30,255.75,105.66,812.58
2076,38,2025,11,4653.05,543.90,466.62,418.77,3767.66
2077,39,2025,11,1774.31,258.78,427.24,159.69,1187.38
2078,41,2025,11,2562.90,0.00,477.15,230.66,1855.09
2079,42,2025,11,2918.24,0.00,496.71,262.64,2158.89
2080,43,2025,11,2502.14,0.00,521.36,225.19,1755.59
2081,44,2025,11,1619.79,182.61,346.63,145.78,1127.38
2082,46,2025,11,2165.12,0.00,221.10,194.86,1749.16
2083,47,2025,11,815.10,0.00,133.91,73.36,607.83
2084,48,2025,11,2364.36,0.00,241.89,212.79,1909.68
2085,49,2025,11,1061.53,0.00,175.43,95.54,790.56
2086,51,2025,11,4364.18,0.00,520.53,392.78,3450.87
2087,52,2025,11,2468.09,281.62,350.57,222.13,1895.39
2088,53,2025,11,1864.68,158.46,453.05,167.82,1243.81
2089,54,2025,11,4790.34,632.65,968.53,431.13,3390.68
2090,56,2025,11,2813.76,399.74,604.05,253.24,1956.47
2091,57,2025,11,2045.74,167.19,440.19,184.12,1421.43
2092,58,2025,11,1007.95,0.00,250.82,90.72,666.41
2093,59,2025,11,1209.86,194.45,187.12,108.89,913.85
2094,61,2025,11,732.14,111.78,113.06,65.89,553.19
2095,62,2025,11,986.36,0.00,241.23,88.77,656.36
2096,63,2025,11,968.43,0.00,103.48,87.16,777.79
2097,64,2025,11,805.72,59.13,198.34,72.51,534.87
2098,66,2025,11,938.51,0.00,166.53,84.47,687.51
2099,67,2025,11,1349.80,71.53,144.19,121.48,1084.13
2100,68,2025,11,1175.51,0.00,188.89,105.80,880.82
2101,69,2025,11,1577.02,132.40,227.15,141.93,1207.94
2102,71,2025,11,4416.41,379.47,814.08,397.48,3204.85
2103,72,2025,11,1450.95,237.07,156.03,130.59,1164.33
2104,74,2025,11,1863.44,223.50,421.31,167.71,1274.42
2105,76,2025,11,1143.66,174.25,267.52,102.93,773.21
2106,77,2025,11,1750.23,228.12,364.75,157.52,1227.96
2107,78,2025,11,1148.24,180.71,237.34,103.34,807.56
2108,81,2025,11,1159.63,189.84,184.67,104.37,870.59
2109,82,2025,11,1700.59,0.00,199.18,153.05,1348.36
2110,83,2025,11,1231.04,153.21,288.83,110.79,831.42
2111,84,2025,11,1177.05,134.95,244.19,105.93,826.93
2112,86,2025,11,4665.38,683.47,521.65,419.88,3723.85
2113,87,2025,11,1813.61,216.03,441.99,163.22,1208.40
2114,88,2025,11,2156.86,0.00,395.14,194.12,1567.60
2115,89,2025,11,2059.62,325.24,216.97,185.37,1657.28
2116,91,2025,11,1607.50,83.44,371.75,144.68,1091.07
2117,92,2025,11,4257.02,0.00,921.86,383.13,2952.03
2118,93,2025,11,1399.70,0.00,326.29,125.97,947.44
2119,94,2025,11,1686.04,0.00,388.08,151.74,1146.22
2120,96,2025,11,4242.55,472.46,581.61,381.83,3279.11
2121,97,2025,11,3221.43,505.60,490.89,289.93,2440.61
2122,98,2025,11,2225.73,0.00,244.56,200.32,1780.85
2123,99,2025,11,2057.09,0.00,239.12,185.14,1632.83
2124,101,2025,11,1038.92,111.08,111.71,93.50,833.71
2125,102,2025,11,3003.68,195.93,340.88,270.33,2392.47
2126,103,2025,11,1534.57,0.00,153.51,138.11,1242.95
2127,104,2025,11,1255.44,92.21,211.81,112.99,930.64
2128,106,2025,11,1078.88,73.15,211.81,97.10,769.97
2129,107,2025,11,4245.81,642.05,426.83,382.12,3436.86
2130,108,2025,11,988.60,80.99,238.93,88.97,660.70
2131,109,2025,11,879.69,133.29,150.14,79.17,650.38
2132,111,2025,11,2219.82,248.97,285.52,199.78,1734.52
2133,112,2025,11,2830.82,336.23,513.88,254.77,2062.17
2134,113,2025,11,2673.14,0.00,459.47,240.58,1973.09
2135,114,2025,11,1610.79,0.00,212.71,144.97,1253.11
2136,116,2025,11,1197.57,0.00,253.90,107.78,835.89
2137,117,2025,11,661.41,54.48,147.73,59.53,454.15
2138,118,2025,11,912.90,0.00,107.03,82.16,723.71
2139,119,2025,11,2858.44,409.80,301.10,257.26,2300.08
2140,1,2025,12,1063.95,57.48,225.22,95.76,742.97
2141,2,2025,12,1613.01,210.73,306.81,145.17,1161.03
2142,3,2025,12,2617.92,0.00,341.32,235.61,2040.99
2143,4,2025,12,3363.14,0.00,555.98,302.68,2504.48
2144,6,2025,12,1773.11,0.00,297.20,159.58,1316.33
2145,7,2025,12,3549.71,454.48,796.42,319.47,2433.82
2146,8,2025,12,3048.80,0.00,559.33,274.39,2215.08
2147,9,2025,12,1109.60,0.00,129.24,99.86,880.50
2148,11,2025,12,1363.43,0.00,152.50,122.71,1088.22
2149,12,2025,12,672.00,0.00,118.84,60.48,492.68
2150,13,2025,12,893.66,0.00,92.40,80.43,720.83
2151,14,2025,12,3493.96,514.92,749.20,314.46,2430.30
2152,16,2025,12,1954.04,216.62,317.78,175.86,1460.40
2153,17,2025,12,1660.02,225.97,366.20,149.40,1144.42
2154,18,2025,12,4383.21,698.58,469.56,394.49,3519.16
2155,19,2025,12,1034.12,61.18,117.76,93.07,823.29
2156,21,2025,12,750.91,0.00,159.09,67.58,524.24
2157,22,2025,12,1700.97,0.00,256.02,153.09,1291.86
2158,23,2025,12,1790.77,237.73,291.16,161.17,1338.44
2159,24,2025,12,1193.36,0.00,275.56,107.40,810.40
2160,26,2025,12,994.49,0.00,222.83,89.50,682.16
2161,27,2025,12,1722.74,0.00,394.45,155.05,1173.24
2162,28,2025,12,1848.82,286.98,455.46,166.39,1226.97
2163,31,2025,12,1173.71,0.00,133.28,105.63,934.80
2164,32,2025,12,1952.52,312.21,240.32,175.73,1536.47
2165,33,2025,12,1955.52,182.29,451.30,176.00,1328.22
2166,34,2025,12,1280.71,0.00,301.24,115.26,864.21
2167,36,2025,12,1818.99,153.24,348.15,163.71,1307.13
2168,37,2025,12,1005.69,0.00,131.59,90.51,783.59
2169,38,2025,12,4575.18,466.03,1068.29,411.77,3095.12
2170,39,2025,12,1515.53,0.00,205.75,136.40,1173.38
2171,41,2025,12,2891.02,328.12,575.13,260.19,2055.70
2172,42,2025,12,3374.22,455.98,504.19,303.68,2566.35
2173,43,2025,12,2861.26,359.12,522.33,257.51,2081.42
2174,44,2025,12,1671.83,234.65,200.30,150.46,1321.07
2175,46,2025,12,2461.05,295.93,506.33,221.49,1733.23
2176,47,2025,12,958.59,143.49,214.96,86.27,657.36
2177,48,2025,12,2702.17,337.81,364.81,243.20,2094.16
2178,49,2025,12,1061.53,0.00,240.98,95.54,725.01
2179,51,2025,12,4364.18,0.00,1083.23,392.78,2888.17
2180,52,2025,12,2186.47,0.00,268.56,196.78,1721.13
2181,53,2025,12,2047.21,340.99,487.74,184.25,1375.22
2182,54,2025,12,4547.19,389.50,879.21,409.25,3258.73
2183,56,2025,12,2414.02,0.00,358.60,217.26,1838.16
2184,57,2025,12,2127.04,248.49,222.57,191.43,1713.04
2185,58,2025,12,1126.74,118.79,236.86,101.41,788.47
2186,59,2025,12,1015.41,0.00,159.41,91.39,764.61
2187,61,2025,12,707.71,87.35,89.87,63.69,554.15
2188,62,2025,12,986.36,0.00,228.38,88.77,669.21
2189,63,2025,12,968.43,0.00,102.92,87.16,778.35
2190,64,2025,12,885.04,138.45,101.50,79.65,703.89
2191,66,2025,12,1071.03,132.52,219.42,96.39,755.22
2192,67,2025,12,1392.15,113.88,199.39,125.29,1067.47
2193,68,2025,12,1310.21,134.70,165.57,117.92,1026.72
2194,69,2025,12,1605.54,160.92,229.02,144.50,1232.02
2195,71,2025,12,4036.94,0.00,473.86,363.32,3199.76
2196,72,2025,12,1391.59,177.71,184.92,125.24,1081.43
2197,74,2025,12,1639.94,0.00,208.96,147.59,1283.39
2198,76,2025,12,1090.65,121.24,153.69,98.16,838.80
2199,77,2025,12,1711.05,188.94,397.89,153.99,1159.17
2200,78,2025,12,1019.74,52.21,151.78,91.78,776.18
2201,81,2025,12,1129.87,160.08,145.05,101.69,883.13
2202,82,2025,12,1952.82,252.23,295.91,175.75,1481.16
2203,83,2025,12,1249.00,171.17,194.84,112.41,941.75
2204,84,2025,12,1146.12,104.02,215.93,103.15,827.04
2205,86,2025,12,4768.51,786.60,524.89,429.17,3814.45
2206,87,2025,12,1850.76,253.18,313.10,166.57,1371.09
2207,88,2025,12,2156.86,0.00,311.87,194.12,1650.87
2208,89,2025,12,1734.38,0.00,303.10,156.09,1275.19
2209,91,2025,12,1524.06,0.00,333.85,137.17,1053.04
2210,92,2025,12,4257.02,0.00,805.42,383.13,3068.47
2211,93,2025,12,1502.29,102.59,288.33,135.21,1078.75
2212,94,2025,12,1809.05,123.01,444.24,162.81,1202.00
2213,96,2025,12,3988.68,218.59,451.10,358.98,3178.60
2214,97,2025,12,2715.83,0.00,321.60,244.42,2149.81
2215,98,2025,12,2519.72,293.99,398.18,226.77,1894.77
2216,99,2025,12,2057.09,0.00,298.86,185.14,1573.09
2217,101,2025,12,1009.59,81.75,157.67,90.86,761.06
2218,102,2025,12,2807.75,0.00,460.68,252.70,2094.37
2219,103,2025,12,1783.00,248.43,262.08,160.47,1360.45
2220,104,2025,12,1163.23,0.00,238.87,104.69,819.67
2221,106,2025,12,1135.30,129.57,121.72,102.18,911.40
2222,107,2025,12,3878.33,274.57,900.76,349.05,2628.52
2223,108,2025,12,1058.98,151.37,143.80,95.31,819.87
2224,109,2025,12,847.58,101.18,120.37,76.28,650.93
2225,111,2025,12,2249.00,278.15,551.79,202.41,1494.80
2226,112,2025,12,2494.59,0.00,326.06,224.51,1944.02
2227,113,2025,12,2874.39,201.25,707.08,258.70,1908.61
2228,114,2025,12,1904.77,293.98,286.20,171.43,1447.14
2229,116,2025,12,1197.57,0.00,141.23,107.78,948.56
2230,117,2025,12,660.59,53.66,136.58,59.45,464.56
2231,118,2025,12,1070.35,157.45,221.26,96.33,752.76
2232,119,2025,12,2448.64,0.00,393.48,220.38,1834.78
2233,1,2026,1,1099.80,93.33,163.61,98.98,837.21
2234,2,2026,1,1657.31,255.03,186.34,149.16,1321.81
2235,3,2026,1,2998.97,381.05,683.95,269.91,2045.11
2236,4,2026,1,3645.80,282.66,398.44,328.12,2919.24
2237,6,2026,1,2116.42,343.31,497.81,190.48,1428.13
2238,7,2026,1,3467.99,372.76,577.44,312.12,2578.43
2239,8,2026,1,3526.43,477.63,421.77,317.38,2787.28
2240,9,2026,1,1199.86,90.26,207.15,107.99,884.72
2241,11,2026,1,1537.93,174.50,203.60,138.41,1195.92
2242,12,2026,1,801.47,129.47,103.73,72.13,625.61
2243,13,2026,1,893.66,0.00,95.90,80.43,717.33
2244,14,2026,1,3200.20,221.16,427.15,288.02,2485.03
2245,16,2026,1,1950.93,213.51,352.06,175.58,1423.29
2246,17,2026,1,1434.05,0.00,253.44,129.06,1051.55
2247,18,2026,1,4361.84,677.21,962.07,392.57,3007.20
2248,19,2026,1,1065.93,92.99,184.97,95.93,785.03
2249,21,2026,1,813.90,62.99,143.86,73.25,596.79
2250,22,2026,1,2007.61,306.64,411.64,180.68,1415.29
2251,23,2026,1,1718.91,165.87,224.94,154.70,1339.27
2252,24,2026,1,1404.50,211.14,256.92,126.41,1021.17
2253,26,2026,1,994.49,0.00,169.54,89.50,735.45
2254,27,2026,1,2054.96,332.22,434.92,184.95,1435.09
2255,28,2026,1,1661.08,99.24,379.76,149.50,1131.82
2256,31,2026,1,1173.71,0.00,207.27,105.63,860.81
2257,32,2026,1,1964.65,324.34,318.56,176.82,1469.27
2258,33,2026,1,1773.23,0.00,268.24,159.59,1345.40
2259,34,2026,1,1491.76,211.05,317.46,134.26,1040.04
2260,36,2026,1,1765.49,99.74,424.41,158.89,1182.19
2261,37,2026,1,1147.00,141.31,212.81,103.23,830.96
2262,38,2026,1,4109.15,0.00,715.80,369.82,3023.53
2263,39,2026,1,1651.75,136.22,234.45,148.66,1268.64
2264,41,2026,1,2753.49,190.59,280.07,247.81,2225.61
2265,42,2026,1,3420.99,502.75,530.04,307.89,2583.06
2266,43,2026,1,2938.68,436.54,731.02,264.48,1943.18
2267,44,2026,1,1589.12,151.94,266.05,143.02,1180.05
2268,46,2026,1,2165.12,0.00,319.03,194.86,1651.23
2269,47,2026,1,815.10,0.00,197.99,73.36,543.75
2270,48,2026,1,2364.36,0.00,328.87,212.79,1822.70
2271,49,2026,1,1174.75,113.22,292.41,105.73,776.61
2272,51,2026,1,4696.87,332.69,739.18,422.72,3534.97
2273,52,2026,1,2555.60,369.13,561.07,230.00,1764.53
2274,53,2026,1,1958.16,251.94,322.16,176.23,1459.77
2275,54,2026,1,4157.69,0.00,850.61,374.19,2932.89
2276,56,2026,1,2670.96,256.94,347.42,240.39,2083.15
2277,57,2026,1,2188.52,309.97,288.66,196.97,1702.89
2278,58,2026,1,1085.20,77.25,205.97,97.67,781.56
2279,59,2026,1,1143.39,127.98,140.56,102.91,899.92
2280,61,2026,1,620.36,0.00,132.74,55.83,431.79
2281,62,2026,1,986.36,0.00,107.48,88.77,790.11
2282,63,2026,1,968.43,0.00,140.10,87.16,741.17
2283,64,2026,1,746.59,0.00,88.15,67.19,591.25
2284,66,2026,1,1071.05,132.54,116.57,96.39,858.09
2285,67,2026,1,1375.71,97.44,233.19,123.81,1018.71
2286,68,2026,1,1334.92,159.41,229.06,120.14,985.72
2287,69,2026,1,1720.27,275.65,345.24,154.82,1220.21
2288,71,2026,1,4654.97,618.03,1035.12,418.95,3200.90
2289,72,2026,1,1213.88,0.00,237.54,109.25,867.09
2290,74,2026,1,1639.94,0.00,355.39,147.59,1136.96
2291,76,2026,1,1023.98,54.57,222.82,92.16,709.00
2292,77,2026,1,1739.54,217.43,359.84,156.56,1223.14
2293,78,2026,1,1072.19,104.66,239.75,96.50,735.94
2294,81,2026,1,1063.62,93.83,216.15,95.73,751.74
2295,82,2026,1,1903.83,203.24,418.96,171.34,1313.53
2296,83,2026,1,1238.11,160.28,208.22,111.43,918.46
2297,84,2026,1,1042.10,0.00,124.39,93.79,823.92
2298,86,2026,1,4397.67,415.76,811.59,395.79,3190.29
2299,87,2026,1,1907.35,309.77,364.25,171.66,1371.44
2300,88,2026,1,2156.86,0.00,523.91,194.12,1438.83
2301,89,2026,1,1734.38,0.00,340.64,156.09,1237.65
2302,91,2026,1,1524.06,0.00,298.02,137.17,1088.87
2303,92,2026,1,4257.02,0.00,628.88,383.13,3245.01
2304,93,2026,1,1535.37,135.67,154.39,138.18,1242.80
2305,94,2026,1,1686.04,0.00,267.10,151.74,1267.20
2306,96,2026,1,4165.55,395.46,859.72,374.90,2930.93
2307,97,2026,1,2898.10,182.27,387.78,260.83,2249.49
2308,98,2026,1,2419.30,193.57,560.85,217.74,1640.71
2309,99,2026,1,2356.48,299.39,313.67,212.08,1830.73
2310,101,2026,1,927.84,0.00,134.75,83.51,709.58
2311,102,2026,1,3260.74,452.99,777.58,293.47,2189.69
2312,103,2026,1,1651.60,117.03,340.76,148.64,1162.20
2313,104,2026,1,1163.23,0.00,285.17,104.69,773.37
2314,106,2026,1,1056.97,51.24,214.45,95.13,747.39
2315,107,2026,1,4322.58,718.82,918.26,389.03,3015.29
2316,108,2026,1,1027.03,119.42,171.07,92.43,763.53
2317,109,2026,1,851.51,105.11,119.04,76.64,655.83
2318,111,2026,1,2292.69,321.84,313.82,206.34,1772.53
2319,112,2026,1,2648.82,154.23,465.27,238.39,1945.16
2320,113,2026,1,2673.14,0.00,633.36,240.58,1799.20
2321,114,2026,1,1886.08,275.29,444.16,169.75,1272.17
2322,116,2026,1,1197.57,0.00,260.21,107.78,829.58
2323,117,2026,1,703.35,96.42,153.25,63.30,486.80
2324,118,2026,1,1013.78,100.88,216.99,91.24,705.55
2325,119,2026,1,2819.07,370.43,536.64,253.72,2028.71
2326,1,2026,2,1075.64,69.17,214.87,96.81,763.96
2327,2,2026,2,1632.06,229.78,393.99,146.89,1091.18
2328,3,2026,2,2887.84,269.92,488.39,259.91,2139.54
2329,4,2026,2,3363.14,0.00,753.55,302.68,2306.91
2330,6,2026,2,2012.61,239.50,384.45,181.13,1447.03
2331,7,2026,2,3095.23,0.00,700.56,278.57,2116.10
2332,8,2026,2,3048.80,0.00,552.31,274.39,2222.10
2333,9,2026,2,1109.60,0.00,227.46,99.86,782.28
2334,11,2026,2,1363.43,0.00,224.13,122.71,1016.59
2335,12,2026,2,672.00,0.00,153.48,60.48,458.04
2336,13,2026,2,991.96,98.30,131.83,89.28,770.85
2337,14,2026,2,3496.68,517.64,578.08,314.70,2603.90
2338,16,2026,2,1877.68,140.26,446.18,168.99,1262.51
2339,17,2026,2,1529.84,95.79,300.12,137.69,1092.03
2340,18,2026,2,4104.47,419.84,731.57,369.40,3003.50
2341,19,2026,2,972.94,0.00,109.01,87.56,776.37
2342,21,2026,2,882.12,131.21,209.19,79.39,593.54
2343,22,2026,2,1700.97,0.00,333.72,153.09,1214.16
2344,23,2026,2,1853.38,300.34,422.11,166.80,1264.47
2345,24,2026,2,1324.33,130.97,295.25,119.19,909.89
2346,26,2026,2,1052.73,58.24,196.22,94.75,761.76
2347,27,2026,2,2019.09,296.35,487.43,181.72,1349.94
2348,28,2026,2,1561.84,0.00,282.12,140.57,1139.15
2349,31,2026,2,1360.67,186.96,143.89,122.46,1094.32
2350,32,2026,2,1640.31,0.00,388.93,147.63,1103.75
2351,33,2026,2,1867.76,94.53,313.35,168.10,1386.31
2352,34,2026,2,1280.71,0.00,244.98,115.26,920.47
2353,36,2026,2,1873.13,207.38,212.54,168.58,1492.01
2354,37,2026,2,1135.24,129.55,241.30,102.17,791.77
2355,38,2026,2,4109.15,0.00,797.13,369.82,2942.20
2356,39,2026,2,1625.87,110.34,392.09,146.33,1087.45
2357,41,2026,2,2562.90,0.00,418.78,230.66,1913.46
2358,42,2026,2,3309.81,391.57,682.74,297.88,2329.19
2359,43,2026,2,2690.71,188.57,377.51,242.16,2071.04
2360,44,2026,2,1589.74,152.56,245.64,143.08,1201.02
2361,46,2026,2,2397.04,231.92,534.98,215.73,1646.33
2362,47,2026,2,899.31,84.21,209.40,80.94,608.97
2363,48,2026,2,2536.47,172.11,510.30,228.28,1797.89
2364,49,2026,2,1203.94,142.41,130.22,108.35,965.37
2365,51,2026,2,5093.59,729.41,614.85,458.42,4020.32
2366,52,2026,2,2402.02,215.55,447.94,216.18,1737.90
2367,53,2026,2,2003.01,296.79,319.85,180.27,1502.89
2368,54,2026,2,4589.67,431.98,641.28,413.07,3535.32
2369,56,2026,2,2414.02,0.00,399.27,217.26,1797.49
2370,57,2026,2,2226.09,347.54,281.15,200.35,1744.59
2371,58,2026,2,1007.95,0.00,154.78,90.72,762.45
2372,59,2026,2,1015.41,0.00,132.87,91.39,791.15
2373,61,2026,2,620.36,0.00,126.65,55.83,437.88
2374,62,2026,2,1086.26,99.90,215.25,97.76,773.25
2375,63,2026,2,968.43,0.00,135.78,87.16,745.49
2376,64,2026,2,806.68,60.09,106.32,72.60,627.76
2377,66,2026,2,1071.91,133.40,223.17,96.47,752.27
2378,67,2026,2,1467.65,189.38,362.71,132.09,972.85
2379,68,2026,2,1369.12,193.61,342.06,123.22,903.84
2380,69,2026,2,1626.48,181.86,267.06,146.38,1213.04
2381,71,2026,2,4739.41,702.47,663.96,426.55,3648.90
2382,72,2026,2,1361.85,147.97,305.31,122.57,933.97
2383,74,2026,2,1727.93,87.99,177.17,155.51,1395.25
2384,76,2026,2,969.41,0.00,97.80,87.25,784.36
2385,77,2026,2,1817.48,295.37,403.89,163.57,1250.02
2386,78,2026,2,967.53,0.00,172.45,87.08,708.00
2387,81,2026,2,969.79,0.00,180.85,87.28,701.66
2388,82,2026,2,1852.11,151.52,437.76,166.69,1247.66
2389,83,2026,2,1146.15,68.32,141.52,103.15,901.48
2390,84,2026,2,1110.40,68.30,273.30,99.94,737.16
2391,86,2026,2,4705.31,723.40,970.82,423.48,3311.01
2392,87,2026,2,1779.83,182.25,285.78,160.18,1333.87
2393,88,2026,2,2418.39,261.53,301.10,217.66,1899.63
2394,89,2026,2,1943.01,208.63,243.21,174.87,1524.93
2395,91,2026,2,1751.76,227.70,178.79,157.66,1415.31
2396,92,2026,2,4257.02,0.00,656.91,383.13,3216.98
2397,93,2026,2,1628.37,228.67,180.87,146.55,1300.95
2398,94,2026,2,1686.04,0.00,241.13,151.74,1293.17
2399,96,2026,2,3770.09,0.00,820.75,339.31,2610.03
2400,97,2026,2,2985.12,269.29,311.73,268.66,2404.73
2401,98,2026,2,2225.73,0.00,467.56,200.32,1557.85
2402,99,2026,2,2057.09,0.00,414.39,185.14,1457.56
2403,101,2026,2,1008.37,80.53,200.95,90.75,716.67
2404,102,2026,2,3319.74,511.99,676.01,298.78,2344.95
2405,103,2026,2,1833.35,298.78,293.60,165.00,1374.75
2406,104,2026,2,1163.23,0.00,177.59,104.69,880.95
2407,106,2026,2,1065.55,59.82,113.93,95.90,855.72
2408,107,2026,2,3603.76,0.00,396.16,324.34,2883.26
2409,108,2026,2,907.61,0.00,205.50,81.68,620.43
2410,109,2026,2,830.48,84.08,122.99,74.74,632.75
2411,111,2026,2,2302.77,331.92,539.89,207.25,1555.63
2412,112,2026,2,2494.59,0.00,577.97,224.51,1692.11
2413,113,2026,2,2673.14,0.00,513.30,240.58,1919.26
2414,114,2026,2,1873.68,262.89,191.97,168.63,1513.08
2415,116,2026,2,1264.65,67.08,268.17,113.82,882.66
2416,117,2026,2,713.08,106.15,105.42,64.18,543.48
2417,118,2026,2,912.90,0.00,163.37,82.16,667.37
2418,119,2026,2,2619.32,170.68,509.65,235.74,1873.93
2419,1,2026,3,1192.74,186.27,159.91,107.35,925.48
2420,2,2026,3,1575.39,173.11,191.98,141.79,1241.62
2421,3,2026,3,2617.92,0.00,600.14,235.61,1782.17
2422,4,2026,3,3560.94,197.80,734.07,320.48,2506.39
2423,6,2026,3,2044.38,271.27,310.97,183.99,1549.42
2424,7,2026,3,3409.45,314.22,691.68,306.85,2410.92
2425,8,2026,3,3629.43,580.63,627.14,326.65,2675.64
2426,9,2026,3,1270.22,160.62,185.33,114.32,970.57
2427,11,2026,3,1484.12,120.69,232.78,133.57,1117.77
2428,12,2026,3,672.00,0.00,116.17,60.48,495.35
2429,13,2026,3,893.66,0.00,199.20,80.43,614.03
2430,14,2026,3,3215.55,236.51,411.86,289.40,2514.29
2431,16,2026,3,1871.20,133.78,427.10,168.41,1275.69
2432,17,2026,3,1529.32,95.27,231.66,137.64,1160.02
2433,18,2026,3,4369.75,685.12,679.40,393.28,3297.07
2434,19,2026,3,972.94,0.00,176.50,87.56,708.88
2435,21,2026,3,750.91,0.00,185.90,67.58,497.43
2436,22,2026,3,1991.81,290.84,252.38,179.26,1560.17
2437,23,2026,3,1821.45,268.41,368.59,163.93,1288.93
2438,24,2026,3,1383.79,190.43,301.50,124.54,957.75
2439,26,2026,3,1093.62,99.13,182.01,98.43,813.18
2440,27,2026,3,1722.74,0.00,372.39,155.05,1195.30
2441,28,2026,3,1561.84,0.00,326.69,140.57,1094.58
2442,31,2026,3,1173.71,0.00,268.50,105.63,799.58
2443,32,2026,3,1640.31,0.00,351.06,147.63,1141.62
2444,33,2026,3,2052.53,279.30,385.46,184.73,1482.34
2445,34,2026,3,1369.00,88.29,198.92,123.21,1046.87
2446,36,2026,3,1665.75,0.00,354.17,149.92,1161.66
2447,37,2026,3,1138.40,132.71,225.29,102.46,810.65
2448,38,2026,3,4415.37,306.22,1067.04,397.38,2950.95
2449,39,2026,3,1515.53,0.00,225.55,136.40,1153.58
2450,41,2026,3,2954.15,391.25,572.57,265.87,2115.71
2451,42,2026,3,2918.24,0.00,508.22,262.64,2147.38
2452,43,2026,3,2502.14,0.00,536.78,225.19,1740.17
2453,44,2026,3,1437.18,0.00,156.16,129.35,1151.67
2454,46,2026,3,2165.12,0.00,289.54,194.86,1680.72
2455,47,2026,3,947.93,132.83,110.27,85.31,752.35
2456,48,2026,3,2364.36,0.00,271.49,212.79,1880.08
2457,49,2026,3,1257.61,196.08,233.99,113.18,910.44
2458,51,2026,3,4364.18,0.00,534.63,392.78,3436.77
2459,52,2026,3,2186.47,0.00,444.03,196.78,1545.66
2460,53,2026,3,1972.39,266.17,277.80,177.52,1517.07
2461,54,2026,3,4157.69,0.00,659.58,374.19,3123.92
2462,56,2026,3,2414.02,0.00,595.18,217.26,1601.58
2463,57,2026,3,1878.55,0.00,200.47,169.07,1509.01
2464,58,2026,3,1067.00,59.05,166.13,96.03,804.84
2465,59,2026,3,1113.42,98.01,194.23,100.21,818.98
2466,61,2026,3,676.20,55.84,136.60,60.86,478.74
2467,62,2026,3,1177.94,191.58,118.94,106.01,952.99
2468,63,2026,3,968.43,0.00,201.39,87.16,679.88
2469,64,2026,3,746.59,0.00,143.61,67.19,535.79
2470,66,2026,3,1016.48,77.97,141.63,91.48,783.37
2471,67,2026,3,1430.62,152.35,219.76,128.76,1082.10
2472,68,2026,3,1400.86,225.35,247.94,126.08,1026.84
2473,69,2026,3,1543.21,98.59,249.52,138.89,1154.80
2474,71,2026,3,4374.02,337.08,465.21,393.66,3515.15
2475,72,2026,3,1380.65,166.77,197.53,124.26,1058.86
2476,74,2026,3,1864.11,224.17,417.45,167.77,1278.89
2477,76,2026,3,1091.76,122.35,166.22,98.26,827.28
2478,77,2026,3,1522.11,0.00,161.81,136.99,1223.31
2479,78,2026,3,1112.26,144.73,218.91,100.10,793.25
2480,81,2026,3,969.79,0.00,132.00,87.28,750.51
2481,82,2026,3,1980.77,280.18,296.96,178.27,1505.54
2482,83,2026,3,1268.62,190.79,150.95,114.18,1003.49
2483,84,2026,3,1042.10,0.00,117.35,93.79,830.96
2484,86,2026,3,3981.91,0.00,671.89,358.37,2951.65
2485,87,2026,3,1905.04,307.46,234.46,171.45,1499.13
2486,88,2026,3,2309.50,152.64,553.94,207.86,1547.70
2487,89,2026,3,1734.38,0.00,286.57,156.09,1291.72
2488,91,2026,3,1799.50,275.44,193.94,161.96,1443.60
2489,92,2026,3,4512.99,255.97,724.69,406.17,3382.13
2490,93,2026,3,1652.75,253.05,390.77,148.75,1113.23
2491,94,2026,3,2005.88,319.84,459.56,180.53,1365.79
2492,96,2026,3,4504.40,734.31,651.39,405.40,3447.61
2493,97,2026,3,2878.43,162.60,527.13,259.06,2092.24
2494,98,2026,3,2405.62,179.89,351.17,216.51,1837.94
2495,99,2026,3,2364.08,306.99,434.68,212.77,1716.63
2496,101,2026,3,1026.74,98.90,172.53,92.41,761.80
2497,102,2026,3,2807.75,0.00,415.59,252.70,2139.46
2498,103,2026,3,1534.57,0.00,383.51,138.11,1012.95
2499,104,2026,3,1240.20,76.97,175.24,111.62,953.34
2500,106,2026,3,1005.73,0.00,167.10,90.52,748.11
2501,107,2026,3,3603.76,0.00,847.14,324.34,2432.28
2502,108,2026,3,972.08,64.47,184.15,87.49,700.44
2503,109,2026,3,785.27,38.87,124.18,70.67,590.42
2504,111,2026,3,2163.83,192.98,511.05,194.74,1458.04
2505,112,2026,3,2687.27,192.68,335.17,241.85,2110.25
2506,113,2026,3,2673.14,0.00,629.12,240.58,1803.44
2507,114,2026,3,1851.00,240.21,263.84,166.59,1420.57
2508,116,2026,3,1315.98,118.41,195.40,118.44,1002.14
2509,117,2026,3,657.58,50.65,85.43,59.18,512.97
2510,118,2026,3,912.90,0.00,97.10,82.16,733.64
2511,119,2026,3,2448.64,0.00,248.87,220.38,1979.39
2512,1,2026,4,1181.44,174.97,120.49,106.33,954.62
2513,2,2026,4,1663.03,260.75,356.90,149.67,1156.46
2514,3,2026,4,2617.92,0.00,345.97,235.61,2036.34
2515,4,2026,4,3630.30,267.16,732.06,326.73,2571.51
2516,6,2026,4,2118.49,345.38,347.61,190.66,1580.22
2517,7,2026,4,3095.23,0.00,736.74,278.57,2079.92
2518,8,2026,4,3493.08,444.28,638.31,314.38,2540.39
2519,9,2026,4,1258.69,149.09,179.08,113.28,966.33
2520,11,2026,4,1587.93,224.50,315.03,142.91,1129.99
2521,12,2026,4,802.83,130.83,184.29,72.25,546.29
2522,13,2026,4,1009.57,115.91,159.01,90.86,759.70
2523,14,2026,4,2979.04,0.00,505.16,268.11,2205.77
2524,16,2026,4,1918.62,181.20,409.94,172.68,1336.00
2525,17,2026,4,1557.61,123.56,178.36,140.18,1239.07
2526,18,2026,4,4151.88,467.25,588.97,373.67,3189.24
2527,19,2026,4,1088.37,115.43,224.95,97.95,765.47
2528,21,2026,4,750.91,0.00,163.31,67.58,520.02
2529,22,2026,4,1908.50,207.53,277.42,171.77,1459.31
2530,23,2026,4,1553.04,0.00,260.65,139.77,1152.62
2531,24,2026,4,1193.36,0.00,275.18,107.40,810.78
2532,26,2026,4,994.49,0.00,169.75,89.50,735.24
2533,27,2026,4,1839.45,116.71,314.25,165.55,1359.65
2534,28,2026,4,1561.84,0.00,300.35,140.57,1120.92
2535,31,2026,4,1173.71,0.00,195.11,105.63,872.97
2536,32,2026,4,1640.31,0.00,373.44,147.63,1119.24
2537,33,2026,4,1773.23,0.00,229.61,159.59,1384.03
2538,34,2026,4,1359.24,78.53,294.55,122.33,942.36
2539,36,2026,4,1995.15,329.40,478.88,179.56,1336.71
2540,37,2026,4,1170.89,165.20,235.05,105.38,830.46
2541,38,2026,4,4109.15,0.00,625.86,369.82,3113.47
2542,39,2026,4,1723.41,207.88,257.44,155.11,1310.86
2543,41,2026,4,2893.14,330.24,688.79,260.38,1943.97
2544,42,2026,4,2918.24,0.00,451.89,262.64,2203.71
2545,43,2026,4,2876.10,373.96,313.15,258.85,2304.10
2546,44,2026,4,1437.18,0.00,220.62,129.35,1087.21
2547,46,2026,4,2352.88,187.76,459.43,211.76,1681.69
2548,47,2026,4,892.52,77.42,112.87,80.33,699.32
2549,48,2026,4,2618.40,254.04,641.81,235.66,1740.93
2550,49,2026,4,1200.46,138.93,233.68,108.04,858.74
2551,51,2026,4,5103.40,739.22,790.49,459.31,3853.60
2552,52,2026,4,2332.81,146.34,316.50,209.95,1806.36
2553,53,2026,4,1929.52,223.30,234.68,173.66,1521.18
2554,54,2026,4,4157.69,0.00,468.56,374.19,3314.94
2555,56,2026,4,2414.02,0.00,353.87,217.26,1842.89
2556,57,2026,4,1878.55,0.00,227.22,169.07,1482.26
2557,58,2026,4,1007.95,0.00,230.68,90.72,686.55
2558,59,2026,4,1015.41,0.00,111.38,91.39,812.64
2559,61,2026,4,697.47,77.11,139.14,62.77,495.56
2560,62,2026,4,1059.74,73.38,157.11,95.38,807.25
2561,63,2026,4,968.43,0.00,189.49,87.16,691.78
2562,64,2026,4,808.83,62.24,157.41,72.79,578.63
2563,66,2026,4,1061.48,122.97,144.57,95.53,821.38
2564,67,2026,4,1381.83,103.56,195.25,124.36,1062.22
2565,68,2026,4,1402.88,227.37,247.89,126.26,1028.73
2566,69,2026,4,1713.51,268.89,292.85,154.22,1266.44
2567,71,2026,4,4715.21,678.27,479.23,424.37,3811.61
2568,72,2026,4,1354.37,140.49,157.53,121.89,1074.95
2569,74,2026,4,1639.94,0.00,365.24,147.59,1127.11
2570,76,2026,4,1100.06,130.65,211.35,99.01,789.70
2571,77,2026,4,1606.02,83.91,171.41,144.54,1290.07
2572,78,2026,4,967.53,0.00,165.63,87.08,714.82
2573,81,2026,4,969.79,0.00,186.18,87.28,696.33
2574,82,2026,4,1700.59,0.00,267.00,153.05,1280.54
2575,83,2026,4,1245.11,167.28,162.23,112.06,970.82
2576,84,2026,4,1238.43,196.33,290.32,111.46,836.65
2577,86,2026,4,4704.42,722.51,641.65,423.40,3639.37
2578,87,2026,4,1723.73,126.15,227.43,155.14,1341.16
2579,88,2026,4,2519.56,362.70,434.41,226.76,1858.39
2580,89,2026,4,1734.38,0.00,382.89,156.09,1195.40
2581,91,2026,4,1817.88,293.82,219.74,163.61,1434.53
2582,92,2026,4,4970.12,713.10,792.58,447.31,3730.23
2583,93,2026,4,1673.57,273.87,408.12,150.62,1114.83
2584,94,2026,4,1905.25,219.21,196.44,171.47,1537.34
2585,96,2026,4,4215.54,445.45,903.34,379.40,2932.80
2586,97,2026,4,3237.27,521.44,515.01,291.35,2430.91
2587,98,2026,4,2225.73,0.00,378.24,200.32,1647.17
2588,99,2026,4,2256.81,199.72,476.83,203.11,1576.87
2589,101,2026,4,1059.56,131.72,227.12,95.36,737.08
2590,102,2026,4,3190.02,382.27,775.88,287.10,2127.04
2591,103,2026,4,1534.57,0.00,243.48,138.11,1152.98
2592,104,2026,4,1367.46,204.23,296.63,123.07,947.76
2593,106,2026,4,1145.23,139.50,251.76,103.07,790.40
2594,107,2026,4,3603.76,0.00,741.54,324.34,2537.88
2595,108,2026,4,981.22,73.61,163.37,88.31,729.54
2596,109,2026,4,855.53,109.13,140.00,77.00,638.53
2597,111,2026,4,1970.85,0.00,408.01,177.38,1385.46
2598,112,2026,4,2895.33,400.74,620.13,260.58,2014.62
2599,113,2026,4,3080.48,407.34,600.57,277.24,2202.67
2600,114,2026,4,1610.79,0.00,327.59,144.97,1138.23
2601,116,2026,4,1197.57,0.00,190.98,107.78,898.81
2602,117,2026,4,667.34,60.41,120.75,60.06,486.53
2603,118,2026,4,1084.04,171.14,183.39,97.56,803.09
2604,119,2026,4,2717.51,268.87,403.91,244.58,2069.02
2605,1,2026,5,1079.74,73.27,186.55,97.18,796.01
2606,2,2026,5,1555.17,152.89,169.11,139.97,1246.09
2607,3,2026,5,2617.92,0.00,410.71,235.61,1971.60
2608,4,2026,5,3874.82,511.68,802.25,348.73,2723.84
2609,6,2026,5,1990.80,217.69,452.97,179.17,1358.66
2610,7,2026,5,3448.28,353.05,732.14,310.35,2405.79
2611,8,2026,5,3232.00,183.20,782.83,290.88,2158.29
2612,9,2026,5,1306.38,196.78,253.88,117.57,934.93
2613,11,2026,5,1452.37,88.94,300.94,130.71,1020.72
2614,12,2026,5,672.00,0.00,87.45,60.48,524.07
2615,13,2026,5,893.66,0.00,140.99,80.43,672.24
2616,14,2026,5,2979.04,0.00,525.00,268.11,2185.93
2617,16,2026,5,1873.85,136.43,277.88,168.65,1427.32
2618,17,2026,5,1434.05,0.00,192.95,129.06,1112.04
2619,18,2026,5,3684.63,0.00,633.01,331.62,2720.00
2620,19,2026,5,972.94,0.00,100.41,87.56,784.97
2621,21,2026,5,750.91,0.00,86.13,67.58,597.20
2622,22,2026,5,1956.82,255.85,480.13,176.11,1300.58
2623,23,2026,5,1695.53,142.49,393.45,152.60,1149.48
2624,24,2026,5,1287.43,94.07,179.16,115.87,992.40
2625,26,2026,5,1172.66,178.17,138.15,105.54,928.97
2626,27,2026,5,1722.74,0.00,352.01,155.05,1215.68
2627,28,2026,5,1674.41,112.57,266.78,150.70,1256.93
2628,31,2026,5,1319.34,145.63,302.35,118.74,898.25
2629,32,2026,5,1854.26,213.95,243.67,166.88,1443.71
2630,33,2026,5,2011.72,238.49,352.53,181.05,1478.14
2631,34,2026,5,1457.22,176.51,249.19,131.15,1076.88
2632,36,2026,5,1906.78,241.03,283.84,171.61,1451.33
2633,37,2026,5,1160.96,155.27,164.13,104.49,892.34
2634,38,2026,5,4109.15,0.00,798.86,369.82,2940.47
2635,39,2026,5,1515.53,0.00,259.75,136.40,1119.38
2636,41,2026,5,2836.44,273.54,371.90,255.28,2209.26
2637,42,2026,5,3453.85,535.61,730.71,310.85,2412.29
2638,43,2026,5,2502.14,0.00,253.54,225.19,2023.41
2639,44,2026,5,1611.35,174.17,323.62,145.02,1142.71
2640,46,2026,5,2491.23,326.11,451.43,224.21,1815.59
2641,47,2026,5,959.65,144.55,119.11,86.37,754.17
2642,48,2026,5,2364.36,0.00,521.19,212.79,1630.38
2643,49,2026,5,1061.53,0.00,234.91,95.54,731.08
2644,51,2026,5,4364.18,0.00,526.27,392.78,3445.13
2645,52,2026,5,2404.14,217.67,387.02,216.37,1800.75
2646,53,2026,5,1706.22,0.00,423.64,153.56,1129.02
2647,54,2026,5,4443.14,285.45,556.14,399.88,3487.12
2648,56,2026,5,2833.69,419.67,594.02,255.03,1984.64
2649,57,2026,5,1878.55,0.00,383.40,169.07,1326.08
2650,58,2026,5,1150.17,142.22,153.53,103.52,893.12
2651,59,2026,5,1015.41,0.00,223.53,91.39,700.49
2652,61,2026,5,620.36,0.00,81.44,55.83,483.09
2653,62,2026,5,1147.22,160.86,242.35,103.25,801.62
2654,63,2026,5,1018.02,49.59,208.76,91.62,717.64
2655,64,2026,5,816.27,69.68,82.88,73.46,659.93
2656,66,2026,5,938.51,0.00,219.42,84.47,634.62
2657,67,2026,5,1506.28,228.01,277.18,135.57,1093.53
2658,68,2026,5,1175.51,0.00,203.05,105.80,866.66
2659,69,2026,5,1554.14,109.52,314.96,139.87,1099.31
2660,71,2026,5,4526.47,489.53,899.72,407.38,3219.37
2661,72,2026,5,1340.08,126.20,173.74,120.61,1045.73
2662,74,2026,5,1956.22,316.28,205.82,176.06,1574.34
2663,76,2026,5,969.41,0.00,166.57,87.25,715.59
2664,77,2026,5,1777.46,255.35,335.69,159.97,1281.80
2665,78,2026,5,1053.15,85.62,178.42,94.78,779.95
2666,81,2026,5,1066.49,96.70,110.72,95.98,859.79
2667,82,2026,5,1700.59,0.00,319.94,153.05,1227.60
2668,83,2026,5,1282.91,205.08,139.26,115.46,1028.19
2669,84,2026,5,1129.61,87.51,230.57,101.66,797.38
2670,86,2026,5,4702.28,720.37,1168.96,423.21,3110.11
2671,87,2026,5,1845.88,248.30,325.57,166.13,1354.18
2672,88,2026,5,2478.31,321.45,615.29,223.05,1639.97
2673,89,2026,5,2040.38,306.00,304.84,183.63,1551.91
2674,91,2026,5,1524.06,0.00,290.24,137.17,1096.65
2675,92,2026,5,4783.70,526.68,820.79,430.53,3532.38
2676,93,2026,5,1496.24,96.54,351.08,134.66,1010.50
2677,94,2026,5,1686.04,0.00,383.47,151.74,1150.83
2678,96,2026,5,3994.86,224.77,730.79,359.54,2904.53
2679,97,2026,5,2933.69,217.86,421.55,264.03,2248.11
2680,98,2026,5,2465.90,240.17,385.05,221.93,1858.92
2681,99,2026,5,2297.16,240.07,258.24,206.74,1832.18
2682,101,2026,5,927.84,0.00,113.76,83.51,730.57
2683,102,2026,5,2998.10,190.35,322.59,269.83,2405.68
2684,103,2026,5,1688.46,153.89,418.00,151.96,1118.50
2685,104,2026,5,1328.58,165.35,199.05,119.57,1009.96
2686,106,2026,5,1069.96,64.23,108.43,96.30,865.23
2687,107,2026,5,4221.85,618.09,896.06,379.97,2945.82
2688,108,2026,5,907.61,0.00,133.09,81.68,692.84
2689,109,2026,5,803.14,56.74,80.73,72.28,650.13
2690,111,2026,5,2209.41,238.56,511.87,198.85,1498.69
2691,112,2026,5,2697.21,202.62,324.65,242.75,2129.81
2692,113,2026,5,2673.14,0.00,613.91,240.58,1818.65
2693,114,2026,5,1610.79,0.00,209.78,144.97,1256.04
2694,116,2026,5,1266.46,68.89,251.62,113.98,900.86
2695,117,2026,5,606.93,0.00,126.29,54.62,426.02
2696,118,2026,5,912.90,0.00,196.67,82.16,634.07
2697,119,2026,5,2448.64,0.00,294.95,220.38,1933.31
2698,1,2026,6,1157.21,150.74,268.69,104.15,784.37
2699,2,2026,6,1558.63,156.35,347.03,140.28,1071.32
2700,3,2026,6,3078.16,460.24,593.39,277.03,2207.74
2701,4,2026,6,3544.69,181.55,569.00,319.02,2656.67
2702,6,2026,6,1989.04,215.93,371.72,179.01,1438.31
2703,7,2026,6,3512.43,417.20,585.44,316.12,2610.87
2704,8,2026,6,3338.55,289.75,795.07,300.47,2243.01
2705,9,2026,6,1291.22,181.62,260.20,116.21,914.81
2706,11,2026,6,1363.43,0.00,242.92,122.71,997.80
2707,12,2026,6,672.00,0.00,148.90,60.48,462.62
2708,13,2026,6,893.66,0.00,184.59,80.43,628.64
2709,14,2026,6,3218.09,239.05,519.00,289.63,2409.46
2710,16,2026,6,2075.25,337.83,363.67,186.77,1524.81
2711,17,2026,6,1632.93,198.88,187.43,146.96,1298.54
2712,18,2026,6,4034.16,349.53,608.30,363.07,3062.79
2713,19,2026,6,1162.07,189.13,190.45,104.59,867.03
2714,21,2026,6,750.91,0.00,180.04,67.58,503.29
2715,22,2026,6,2008.16,307.19,367.57,180.73,1459.86
2716,23,2026,6,1553.04,0.00,183.08,139.77,1230.19
2717,24,2026,6,1193.36,0.00,170.08,107.40,915.88
2718,26,2026,6,994.49,0.00,146.12,89.50,758.87
2719,27,2026,6,1910.58,187.84,353.96,171.95,1384.67
2720,28,2026,6,1781.00,219.16,185.14,160.29,1435.57
2721,31,2026,6,1173.71,0.00,213.72,105.63,854.36
2722,32,2026,6,1761.95,121.64,314.55,158.58,1288.82
2723,33,2026,6,1773.23,0.00,204.25,159.59,1409.39
2724,34,2026,6,1280.71,0.00,168.81,115.26,996.64
2725,36,2026,6,1778.51,112.76,267.84,160.07,1350.60
2726,37,2026,6,1005.69,0.00,198.86,90.51,716.32
2727,38,2026,6,4109.15,0.00,622.71,369.82,3116.62
2728,39,2026,6,1742.45,226.92,306.74,156.82,1278.89
2729,41,2026,6,2760.09,197.19,391.01,248.41,2120.67
2730,42,2026,6,3246.67,328.43,585.04,292.20,2369.43
2731,43,2026,6,2817.87,315.73,396.92,253.61,2167.34
2732,44,2026,6,1589.70,152.52,243.84,143.07,1202.79
2733,46,2026,6,2344.14,179.02,275.93,210.97,1857.24
2734,47,2026,6,896.09,80.99,201.90,80.65,613.54
2735,48,2026,6,2364.36,0.00,393.76,212.79,1757.81
2736,49,2026,6,1259.37,197.84,239.60,113.34,906.43
2737,51,2026,6,4364.18,0.00,829.35,392.78,3142.05
2738,52,2026,6,2186.47,0.00,543.11,196.78,1446.58
2739,53,2026,6,1892.60,186.38,347.35,170.33,1374.92
2740,54,2026,6,4569.90,412.21,1032.24,411.29,3126.37
2741,56,2026,6,2414.02,0.00,439.73,217.26,1757.03
2742,57,2026,6,1878.55,0.00,428.39,169.07,1281.09
2743,58,2026,6,1102.10,94.15,198.97,99.19,803.94
2744,59,2026,6,1137.85,122.44,268.07,102.41,767.37
2745,61,2026,6,620.36,0.00,139.20,55.83,425.33
2746,62,2026,6,1127.44,141.08,220.35,101.47,805.62
2747,63,2026,6,968.43,0.00,197.74,87.16,683.53
2748,64,2026,6,836.55,89.96,186.25,75.29,575.01
2749,66,2026,6,1117.48,178.97,221.60,100.57,795.31
2750,67,2026,6,1409.07,130.80,215.98,126.82,1066.27
2751,68,2026,6,1336.78,161.27,277.70,120.31,938.77
2752,69,2026,6,1534.81,90.19,354.18,138.13,1042.50
2753,71,2026,6,4036.94,0.00,970.31,363.32,2703.31
2754,72,2026,6,1444.41,230.53,278.74,130.00,1035.67
2755,74,2026,6,1639.94,0.00,322.86,147.59,1169.49
2756,76,2026,6,969.41,0.00,197.47,87.25,684.69
2757,77,2026,6,1671.90,149.79,211.26,150.47,1310.17
2758,78,2026,6,1019.54,52.01,162.19,91.76,765.59
2759,81,2026,6,1060.48,90.69,228.14,95.44,736.90
2760,82,2026,6,1921.73,221.14,413.03,172.96,1335.74
2761,83,2026,6,1077.83,0.00,245.63,97.00,735.20
2762,84,2026,6,1141.65,99.55,251.30,102.75,787.60
2763,86,2026,6,3981.91,0.00,436.95,358.37,3186.59
2764,87,2026,6,1597.58,0.00,165.93,143.78,1287.87
2765,88,2026,6,2557.62,400.76,461.87,230.19,1865.56
2766,89,2026,6,1883.27,148.89,268.70,169.49,1445.08
2767,91,2026,6,1754.38,230.32,242.31,157.89,1354.18
2768,92,2026,6,4257.02,0.00,731.17,383.13,3142.72
2769,93,2026,6,1638.09,238.39,180.55,147.43,1310.11
2770,94,2026,6,1888.66,202.62,340.64,169.98,1378.04
2771,96,2026,6,3770.09,0.00,811.93,339.31,2618.85
2772,97,2026,6,2715.83,0.00,593.68,244.42,1877.73
2773,98,2026,6,2370.68,144.95,528.82,213.36,1628.50
2774,99,2026,6,2325.77,268.68,333.00,209.32,1783.45
2775,101,2026,6,1012.00,84.16,234.15,91.08,686.77
2776,102,2026,6,3031.45,223.70,436.78,272.83,2321.84
2777,103,2026,6,1725.96,191.39,395.97,155.34,1174.65
2778,104,2026,6,1310.34,147.11,148.73,117.93,1043.68
2779,106,2026,6,1106.39,100.66,261.18,99.58,745.63
2780,107,2026,6,4296.38,692.62,518.69,386.67,3391.02
2781,108,2026,6,1064.74,157.13,196.39,95.83,772.52
2782,109,2026,6,791.88,45.48,115.71,71.27,604.90
2783,111,2026,6,1970.85,0.00,395.28,177.38,1398.19
2784,112,2026,6,2982.58,487.99,595.64,268.43,2118.51
2785,113,2026,6,2831.51,158.37,314.88,254.84,2261.79
2786,114,2026,6,1610.79,0.00,334.78,144.97,1131.04
2787,116,2026,6,1197.57,0.00,297.10,107.78,792.69
2788,117,2026,6,663.45,56.52,154.72,59.71,449.02
2789,118,2026,6,989.12,76.22,155.88,89.02,744.22
2790,119,2026,6,2448.64,0.00,281.15,220.38,1947.11
2791,1,2026,7,1120.36,113.89,259.04,100.83,760.49
2792,2,2026,7,1402.28,0.00,335.52,126.21,940.55
2793,3,2026,7,2617.92,0.00,563.39,235.61,1818.92
2794,4,2026,7,3650.58,287.44,615.84,328.55,2706.19
2795,6,2026,7,2002.31,229.20,470.75,180.21,1351.35
2796,7,2026,7,3662.71,567.48,745.41,329.64,2587.66
2797,8,2026,7,3589.04,540.24,837.46,323.01,2428.57
2798,9,2026,7,1304.33,194.73,224.59,117.39,962.35
2799,11,2026,7,1439.27,75.84,251.58,129.53,1058.16
2800,12,2026,7,746.72,74.72,175.21,67.20,504.31
2801,13,2026,7,893.66,0.00,173.37,80.43,639.86
2802,14,2026,7,3498.31,519.27,411.94,314.85,2771.52
2803,16,2026,7,1737.42,0.00,218.81,156.37,1362.24
2804,17,2026,7,1553.22,119.17,262.42,139.79,1151.01
2805,18,2026,7,4312.80,628.17,500.35,388.15,3424.30
2806,19,2026,7,972.94,0.00,141.13,87.56,744.25
2807,21,2026,7,750.91,0.00,159.14,67.58,524.19
2808,22,2026,7,1907.04,206.07,289.06,171.63,1446.35
2809,23,2026,7,1553.04,0.00,260.00,139.77,1153.27
2810,24,2026,7,1332.64,139.28,162.81,119.94,1049.89
2811,26,2026,7,1130.87,136.38,230.14,101.78,798.95
2812,27,2026,7,1929.58,206.84,254.65,173.66,1501.27
2813,28,2026,7,1799.82,237.98,293.18,161.98,1344.66
2814,31,2026,7,1173.71,0.00,291.20,105.63,776.88
2815,32,2026,7,1964.88,324.57,361.66,176.84,1426.38
2816,33,2026,7,2006.00,232.77,253.28,180.54,1572.18
2817,34,2026,7,1280.71,0.00,267.38,115.26,898.07
2818,36,2026,7,1799.58,133.83,283.83,161.96,1353.79
2819,37,2026,7,1005.69,0.00,165.59,90.51,749.59
2820,38,2026,7,4109.15,0.00,858.73,369.82,2880.60
2821,39,2026,7,1515.53,0.00,361.82,136.40,1017.31
2822,41,2026,7,2704.62,141.72,469.44,243.42,1991.76
2823,42,2026,7,3178.08,259.84,442.90,286.03,2449.15
2824,43,2026,7,2953.28,451.14,627.53,265.80,2059.95
2825,44,2026,7,1437.18,0.00,244.52,129.35,1063.31
2826,46,2026,7,2317.26,152.14,562.93,208.55,1545.78
2827,47,2026,7,970.32,155.22,184.94,87.33,698.05
2828,48,2026,7,2364.36,0.00,323.32,212.79,1828.25
2829,49,2026,7,1149.44,87.91,170.41,103.45,875.58
2830,51,2026,7,5103.25,739.07,603.59,459.29,4040.37
2831,52,2026,7,2186.47,0.00,463.17,196.78,1526.52
2832,53,2026,7,1706.22,0.00,188.39,153.56,1364.27
2833,54,2026,7,4157.69,0.00,795.64,374.19,2987.86
2834,56,2026,7,2878.01,463.99,320.16,259.02,2298.83
2835,57,2026,7,2093.19,214.64,382.00,188.39,1522.80
2836,58,2026,7,1160.21,152.26,285.60,104.42,770.19
2837,59,2026,7,1116.68,101.27,129.24,100.50,886.94
2838,61,2026,7,682.49,62.13,76.68,61.42,544.39
2839,62,2026,7,1153.45,167.09,245.85,103.81,803.79
2840,63,2026,7,1111.79,143.36,130.83,100.06,880.90
2841,64,2026,7,872.32,125.73,95.25,78.51,698.56
2842,66,2026,7,1056.91,118.40,220.42,95.12,741.37
2843,67,2026,7,1278.27,0.00,186.22,115.04,977.01
2844,68,2026,7,1175.51,0.00,165.72,105.80,903.99
2845,69,2026,7,1614.28,169.66,230.84,145.29,1238.15
2846,71,2026,7,4036.94,0.00,744.02,363.32,2929.60
2847,72,2026,7,1292.51,78.63,288.59,116.33,887.59
2848,74,2026,7,1870.24,230.30,347.84,168.32,1354.08
2849,76,2026,7,969.41,0.00,179.65,87.25,702.51
2850,77,2026,7,1746.03,223.92,233.48,157.14,1355.41
2851,78,2026,7,967.53,0.00,130.81,87.08,749.64
2852,81,2026,7,1081.62,111.83,155.80,97.35,828.47
2853,82,2026,7,1700.59,0.00,406.61,153.05,1140.93
2854,83,2026,7,1077.83,0.00,265.77,97.00,715.06
2855,84,2026,7,1128.61,86.51,249.93,101.57,777.11
2856,86,2026,7,4485.81,503.90,709.67,403.72,3372.42
2857,87,2026,7,1888.78,291.20,240.33,169.99,1478.46
2858,88,2026,7,2156.86,0.00,464.09,194.12,1498.65
2859,89,2026,7,1734.38,0.00,421.61,156.09,1156.68
2860,91,2026,7,1649.29,125.23,220.96,148.44,1279.89
2861,92,2026,7,4959.04,702.02,765.92,446.31,3746.81
2862,93,2026,7,1573.58,173.88,375.46,141.62,1056.50
2863,94,2026,7,1686.04,0.00,397.61,151.74,1136.69
2864,96,2026,7,3770.09,0.00,879.18,339.31,2551.60
2865,97,2026,7,2715.83,0.00,565.88,244.42,1905.53
2866,98,2026,7,2582.09,356.36,463.29,232.39,1886.41
2867,99,2026,7,2356.83,299.74,537.76,212.11,1606.96
2868,101,2026,7,1005.83,77.99,109.75,90.52,805.56
2869,102,2026,7,3340.64,532.89,730.51,300.66,2309.47
2870,103,2026,7,1534.57,0.00,251.56,138.11,1144.90
2871,104,2026,7,1391.89,228.66,333.86,125.27,932.76
2872,106,2026,7,1185.06,179.33,133.71,106.66,944.69
2873,107,2026,7,3810.88,207.12,761.41,342.98,2706.49
2874,108,2026,7,907.61,0.00,211.91,81.68,614.02
2875,109,2026,7,886.62,140.22,200.70,79.80,606.12
2876,111,2026,7,2290.01,319.16,355.17,206.10,1728.74
2877,112,2026,7,2950.95,456.36,577.70,265.59,2107.66
2878,113,2026,7,3108.19,435.05,384.53,279.74,2443.92
2879,114,2026,7,1740.51,129.72,281.36,156.65,1302.50
2880,116,2026,7,1435.16,237.59,275.50,129.16,1030.50
2881,117,2026,7,606.93,0.00,119.76,54.62,432.55
2882,118,2026,7,1069.36,156.46,137.86,96.24,835.26
2883,119,2026,7,2609.03,160.39,616.10,234.81,1758.12
2884,1,2026,8,1006.47,0.00,163.67,90.58,752.22
2885,2,2026,8,1632.94,230.66,311.97,146.96,1174.01
2886,3,2026,8,3104.05,486.13,444.38,279.36,2380.31
2887,4,2026,8,3915.20,552.06,761.78,352.37,2801.05
2888,6,2026,8,1982.83,209.72,396.95,178.45,1407.43
2889,7,2026,8,3652.83,557.60,592.84,328.75,2731.24
2890,8,2026,8,3257.00,208.20,418.02,293.13,2545.85
2891,9,2026,8,1219.69,110.09,287.26,109.77,822.66
2892,11,2026,8,1626.86,263.43,205.29,146.42,1275.15
2893,12,2026,8,672.00,0.00,119.58,60.48,491.94
2894,13,2026,8,978.82,85.16,214.34,88.09,676.39
2895,14,2026,8,2979.04,0.00,709.50,268.11,2001.43
2896,16,2026,8,1918.66,181.24,345.92,172.68,1400.06
2897,17,2026,8,1579.96,145.91,384.16,142.20,1053.60
2898,18,2026,8,4322.12,637.49,1009.65,388.99,2923.48
2899,19,2026,8,1064.40,91.46,184.31,95.80,784.29
2900,21,2026,8,825.50,74.59,202.57,74.30,548.63
2901,22,2026,8,1885.75,184.78,294.69,169.72,1421.34
2902,23,2026,8,1721.58,168.54,389.43,154.94,1177.21
2903,24,2026,8,1193.36,0.00,237.06,107.40,848.90
2904,26,2026,8,994.49,0.00,237.23,89.50,667.76
2905,27,2026,8,1722.74,0.00,335.05,155.05,1232.64
2906,28,2026,8,1793.55,231.71,327.67,161.42,1304.46
2907,31,2026,8,1283.87,110.16,146.53,115.55,1021.79
2908,32,2026,8,1891.31,251.00,374.19,170.22,1346.90
2909,33,2026,8,1773.23,0.00,190.34,159.59,1423.30
2910,34,2026,8,1356.05,75.34,211.03,122.04,1022.98
2911,36,2026,8,1817.80,152.05,275.41,163.60,1378.79
2912,37,2026,8,1120.36,114.67,189.32,100.83,830.21
2913,38,2026,8,4109.15,0.00,851.46,369.82,2887.87
2914,39,2026,8,1691.60,176.07,335.28,152.24,1204.08
2915,41,2026,8,2992.90,430.00,333.58,269.36,2389.96
2916,42,2026,8,2918.24,0.00,687.04,262.64,1968.56
2917,43,2026,8,2802.44,300.30,292.29,252.22,2257.93
2918,44,2026,8,1644.60,207.42,390.24,148.01,1106.35
2919,46,2026,8,2501.60,336.48,417.00,225.14,1859.46
2920,47,2026,8,815.10,0.00,110.96,73.36,630.78
2921,48,2026,8,2686.57,322.21,388.42,241.79,2056.36
2922,49,2026,8,1259.61,198.08,177.36,113.36,968.89
2923,51,2026,8,4794.88,430.70,1010.69,431.54,3352.65
2924,52,2026,8,2420.31,233.84,511.05,217.83,1691.43
2925,53,2026,8,1946.98,240.76,293.62,175.23,1478.13
2926,54,2026,8,4578.23,420.54,520.05,412.04,3646.14
2927,56,2026,8,2852.91,438.89,329.50,256.76,2266.65
2928,57,2026,8,1998.34,119.79,445.01,179.85,1373.48
2929,58,2026,8,1151.76,143.81,226.84,103.66,821.26
2930,59,2026,8,1211.03,195.62,233.90,108.99,868.14
2931,61,2026,8,620.36,0.00,98.87,55.83,465.66
2932,62,2026,8,986.36,0.00,236.51,88.77,661.08
2933,63,2026,8,1037.69,69.26,221.09,93.39,723.21
2934,64,2026,8,832.08,85.49,100.13,74.89,657.06
2935,66,2026,8,1060.23,121.72,184.52,95.42,780.29
2936,67,2026,8,1512.89,234.62,339.39,136.16,1037.34
2937,68,2026,8,1389.59,214.08,343.92,125.06,920.61
2938,69,2026,8,1444.62,0.00,235.81,130.02,1078.79
2939,71,2026,8,4036.94,0.00,500.59,363.32,3173.03
2940,72,2026,8,1319.38,105.50,210.04,118.74,990.60
2941,74,2026,8,1639.94,0.00,407.81,147.59,1084.54
2942,76,2026,8,969.41,0.00,137.72,87.25,744.44
2943,77,2026,8,1691.27,169.16,191.58,152.21,1347.48
2944,78,2026,8,967.53,0.00,217.75,87.08,662.70
2945,81,2026,8,1024.65,54.86,208.83,92.22,723.60
2946,82,2026,8,1700.59,0.00,315.01,153.05,1232.53
2947,83,2026,8,1223.54,145.71,173.03,110.12,940.39
2948,84,2026,8,1180.97,138.87,250.11,106.29,824.57
2949,86,2026,8,3981.91,0.00,439.68,358.37,3183.86
2950,87,2026,8,1597.58,0.00,306.58,143.78,1147.22
2951,88,2026,8,2269.75,112.89,351.54,204.28,1713.93
2952,89,2026,8,2033.11,298.73,425.06,182.98,1425.07
2953,91,2026,8,1524.06,0.00,329.12,137.17,1057.77
2954,92,2026,8,4257.02,0.00,516.85,383.13,3357.04
2955,93,2026,8,1628.23,228.53,227.70,146.54,1253.99
2956,94,2026,8,1686.04,0.00,299.33,151.74,1234.97
2957,96,2026,8,4202.04,431.95,1027.64,378.18,2796.22
2958,97,2026,8,3154.86,439.03,382.00,283.94,2488.92
2959,98,2026,8,2646.33,420.60,353.38,238.17,2054.78
2960,99,2026,8,2166.45,109.36,246.03,194.98,1725.44
2961,101,2026,8,1067.85,140.01,138.34,96.11,833.40
2962,102,2026,8,3050.71,242.96,450.13,274.56,2326.02
2963,103,2026,8,1685.19,150.62,179.11,151.67,1354.41
2964,104,2026,8,1163.23,0.00,134.89,104.69,923.65
2965,106,2026,8,1153.31,147.58,261.71,103.80,787.80
2966,107,2026,8,3603.76,0.00,868.95,324.34,2410.47
2967,108,2026,8,988.45,80.84,225.27,88.96,674.22
2968,109,2026,8,879.10,132.70,195.20,79.12,604.78
2969,111,2026,8,2105.19,134.34,232.06,189.47,1683.66
2970,112,2026,8,2875.55,380.96,498.97,258.80,2117.78
2971,113,2026,8,3011.93,338.79,467.81,271.07,2273.05
2972,114,2026,8,1610.79,0.00,267.29,144.97,1198.53
2973,116,2026,8,1197.57,0.00,125.62,107.78,964.17
2974,117,2026,8,697.76,90.83,97.46,62.80,537.50
2975,118,2026,8,912.90,0.00,208.18,82.16,622.56
2976,119,2026,8,2448.64,0.00,552.71,220.38,1675.55
2977,1,2026,9,1093.34,86.87,135.01,98.40,859.93
2978,2,2026,9,1402.28,0.00,311.33,126.21,964.74
2979,3,2026,9,2766.94,149.02,500.34,249.02,2017.58
2980,4,2026,9,3613.25,250.11,439.84,325.19,2848.22
2981,6,2026,9,1773.11,0.00,376.81,159.58,1236.72
2982,7,2026,9,3095.23,0.00,749.71,278.57,2066.95
2983,8,2026,9,3321.57,272.77,556.94,298.94,2465.69
2984,9,2026,9,1327.97,218.37,231.24,119.52,977.21
2985,11,2026,9,1470.77,107.34,225.00,132.37,1113.40
2986,12,2026,9,672.00,0.00,157.65,60.48,453.87
2987,13,2026,9,1055.03,161.37,202.84,94.95,757.24
2988,14,2026,9,3339.78,360.74,824.03,300.58,2215.17
2989,16,2026,9,1931.52,194.10,381.34,173.84,1376.34
2990,17,2026,9,1434.05,0.00,168.86,129.06,1136.13
2991,18,2026,9,4091.43,406.80,629.37,368.23,3093.83
2992,19,2026,9,1146.22,173.28,202.59,103.16,840.47
2993,21,2026,9,838.72,87.81,114.40,75.48,648.84
2994,22,2026,9,1950.53,249.56,370.65,175.55,1404.33
2995,23,2026,9,1553.04,0.00,279.32,139.77,1133.95
2996,24,2026,9,1380.75,187.39,175.58,124.27,1080.90
2997,26,2026,9,1086.23,91.74,127.11,97.76,861.36
2998,27,2026,9,1878.75,156.01,240.18,169.09,1469.48
2999,28,2026,9,1561.84,0.00,162.47,140.57,1258.80
3000,31,2026,9,1380.21,206.50,313.13,124.22,942.86
3001,32,2026,9,1725.85,85.54,416.06,155.33,1154.46
3002,33,2026,9,1988.60,215.37,319.12,178.97,1490.51
3003,34,2026,9,1483.78,203.07,339.52,133.54,1010.72
3004,36,2026,9,1665.75,0.00,176.06,149.92,1339.77
3005,37,2026,9,1205.57,199.88,210.08,108.50,886.99
3006,38,2026,9,4324.21,215.06,806.99,389.18,3128.04
3007,39,2026,9,1698.37,182.84,382.00,152.85,1163.52
3008,41,2026,9,2790.08,227.18,293.39,251.11,2245.58
3009,42,2026,9,3454.52,536.28,481.23,310.91,2662.38
3010,43,2026,9,2772.84,270.70,291.93,249.56,2231.35
3011,44,2026,9,1437.18,0.00,349.76,129.35,958.07
3012,46,2026,9,2547.14,382.02,632.40,229.24,1685.50
3013,47,2026,9,868.52,53.42,122.88,78.17,667.47
3014,48,2026,9,2364.36,0.00,424.15,212.79,1727.42
3015,49,2026,9,1205.01,143.48,219.07,108.45,877.49
3016,51,2026,9,4364.18,0.00,751.35,392.78,3220.05
3017,52,2026,9,2372.10,185.63,293.36,213.49,1865.25
3018,53,2026,9,1706.22,0.00,421.87,153.56,1130.79
3019,54,2026,9,4509.99,352.30,621.40,405.90,3482.69
3020,56,2026,9,2559.33,145.31,503.78,230.34,1825.21
3021,57,2026,9,1878.55,0.00,239.66,169.07,1469.82
3022,58,2026,9,1161.55,153.60,268.19,104.54,788.82
3023,59,2026,9,1015.41,0.00,247.45,91.39,676.57
3024,61,2026,9,683.73,63.37,89.45,61.54,532.74
3025,62,2026,9,1080.84,94.48,201.00,97.28,782.56
3026,63,2026,9,1021.23,52.80,148.25,91.91,781.07
3027,64,2026,9,803.21,56.62,154.52,72.29,576.40
3028,66,2026,9,1121.33,182.82,135.50,100.92,884.91
3029,67,2026,9,1452.69,174.42,251.14,130.74,1070.81
3030,68,2026,9,1242.04,66.53,146.36,111.78,983.90
3031,69,2026,9,1724.14,279.52,274.58,155.17,1294.39
3032,71,2026,9,4036.94,0.00,610.82,363.32,3062.80
3033,72,2026,9,1446.33,232.45,260.67,130.17,1055.49
3034,74,2026,9,1873.74,233.80,342.67,168.64,1362.43
3035,76,2026,9,1148.62,179.21,246.04,103.38,799.20
3036,77,2026,9,1522.11,0.00,212.47,136.99,1172.65
3037,78,2026,9,1039.44,71.91,234.67,93.55,711.22
3038,81,2026,9,1020.18,50.39,247.11,91.82,681.25
3039,82,2026,9,1955.09,254.50,258.98,175.96,1520.15
3040,83,2026,9,1077.83,0.00,236.51,97.00,744.32
3041,84,2026,9,1122.38,80.28,240.18,101.01,781.19
3042,86,2026,9,3981.91,0.00,407.32,358.37,3216.22
3043,87,2026,9,1597.58,0.00,267.79,143.78,1186.01
3044,88,2026,9,2403.03,246.17,265.48,216.27,1921.28
3045,89,2026,9,1734.38,0.00,205.46,156.09,1372.83
3046,91,2026,9,1762.66,238.60,256.64,158.64,1347.38
3047,92,2026,9,4490.33,233.31,1118.41,404.13,2967.79
3048,93,2026,9,1550.12,150.42,224.03,139.51,1186.58
3049,94,2026,9,1968.51,282.47,466.53,177.17,1324.81
3050,96,2026,9,3770.09,0.00,569.24,339.31,2861.54
3051,97,2026,9,2715.83,0.00,368.79,244.42,2102.62
3052,98,2026,9,2225.73,0.00,380.98,200.32,1644.43
3053,99,2026,9,2057.09,0.00,473.41,185.14,1398.54
3054,101,2026,9,1003.96,76.12,157.33,90.36,756.27
3055,102,2026,9,2807.75,0.00,328.93,252.70,2226.12
3056,103,2026,9,1788.50,253.93,281.16,160.97,1346.37
3057,104,2026,9,1368.47,205.24,223.53,123.16,1021.78
3058,106,2026,9,1153.66,147.93,199.76,103.83,850.07
3059,107,2026,9,3794.84,191.08,727.21,341.54,2726.09
3060,108,2026,9,971.63,64.02,199.59,87.45,684.59
3061,109,2026,9,746.40,0.00,120.33,67.18,558.89
3062,111,2026,9,2195.87,225.02,531.83,197.63,1466.41
3063,112,2026,9,2783.19,288.60,620.89,250.49,1911.81
3064,113,2026,9,3000.75,327.61,323.16,270.07,2407.52
3065,114,2026,9,1902.18,291.39,460.53,171.20,1270.45
3066,116,2026,9,1197.57,0.00,254.94,107.78,834.85
3067,117,2026,9,707.52,100.59,138.73,63.68,505.11
3068,118,2026,9,1029.39,116.49,245.51,92.65,691.23
3069,119,2026,9,2448.64,0.00,448.33,220.38,1779.93
3070,1,2026,10,1089.25,82.78,165.91,98.03,825.31
3071,2,2026,10,1402.28,0.00,234.47,126.21,1041.60
3072,3,2026,10,2895.70,277.78,306.66,260.61,2328.43
3073,4,2026,10,3363.14,0.00,464.77,302.68,2595.69
3074,6,2026,10,1773.11,0.00,306.02,159.58,1307.51
3075,7,2026,10,3095.23,0.00,728.88,278.57,2087.78
3076,8,2026,10,3569.80,521.00,849.71,321.28,2398.81
3077,9,2026,10,1109.60,0.00,136.79,99.86,872.95
3078,11,2026,10,1363.43,0.00,272.85,122.71,967.87
3079,12,2026,10,734.32,62.32,123.23,66.09,545.00
3080,13,2026,10,1028.49,134.83,125.26,92.56,810.67
3081,14,2026,10,3176.64,197.60,516.59,285.90,2374.15
3082,16,2026,10,1968.05,230.63,337.20,177.12,1453.73
3083,17,2026,10,1546.40,112.35,334.52,139.18,1072.70
3084,18,2026,10,3684.63,0.00,493.14,331.62,2859.87
3085,19,2026,10,972.94,0.00,142.06,87.56,743.32
3086,21,2026,10,878.38,127.47,109.02,79.05,690.31
3087,22,2026,10,1929.16,228.19,360.49,173.62,1395.05
3088,23,2026,10,1553.04,0.00,230.96,139.77,1182.31
3089,24,2026,10,1424.57,231.21,320.24,128.21,976.12
3090,26,2026,10,994.49,0.00,238.05,89.50,666.94
3091,27,2026,10,1851.75,129.01,312.27,166.66,1372.82
3092,28,2026,10,1775.25,213.41,315.43,159.77,1300.05
3093,31,2026,10,1360.81,187.10,151.81,122.47,1086.53
3094,32,2026,10,1640.31,0.00,349.65,147.63,1143.03
3095,33,2026,10,1773.23,0.00,347.68,159.59,1265.96
3096,34,2026,10,1417.56,136.85,336.29,127.58,953.69
3097,36,2026,10,1859.40,193.65,436.04,167.35,1256.01
3098,37,2026,10,1005.69,0.00,115.97,90.51,799.21
3099,38,2026,10,4109.15,0.00,946.82,369.82,2792.51
3100,39,2026,10,1515.53,0.00,288.08,136.40,1091.05
3101,41,2026,10,2562.90,0.00,481.55,230.66,1850.69
3102,42,2026,10,2918.24,0.00,610.49,262.64,2045.11
3103,43,2026,10,2836.70,334.56,600.74,255.30,1980.66
3104,44,2026,10,1437.18,0.00,148.56,129.35,1159.27
3105,46,2026,10,2507.32,342.20,524.93,225.66,1756.73
3106,47,2026,10,884.52,69.42,183.87,79.61,621.04
3107,48,2026,10,2590.97,226.61,589.52,233.19,1768.26
3108,49,2026,10,1133.67,72.14,214.77,102.03,816.87
3109,51,2026,10,4794.46,430.28,1020.26,431.50,3342.70
3110,52,2026,10,2520.32,333.85,274.20,226.83,2019.29
3111,53,2026,10,1706.22,0.00,176.01,153.56,1376.65
3112,54,2026,10,4909.34,751.65,637.12,441.84,3830.38
3113,56,2026,10,2639.31,225.29,388.05,237.54,2013.72
3114,57,2026,10,2131.69,253.14,443.96,191.85,1495.88
3115,58,2026,10,1119.38,111.43,158.44,100.74,860.20
3116,59,2026,10,1015.41,0.00,107.29,91.39,816.73
3117,61,2026,10,672.29,51.93,79.43,60.51,532.35
3118,62,2026,10,1078.66,92.30,214.72,97.08,766.86
3119,63,2026,10,1041.85,73.42,193.00,93.77,755.08
3120,64,2026,10,746.59,0.00,177.94,67.19,501.46
3121,66,2026,10,1042.89,104.38,125.51,93.86,823.52
3122,67,2026,10,1507.56,229.29,365.77,135.68,1006.11
3123,68,2026,10,1175.51,0.00,290.53,105.80,779.18
3124,69,2026,10,1534.59,89.97,198.17,138.11,1198.31
3125,71,2026,10,4266.66,229.72,460.52,384.00,3422.14
3126,72,2026,10,1213.88,0.00,207.55,109.25,897.08
3127,74,2026,10,1848.55,208.61,354.80,166.37,1327.38
3128,76,2026,10,1128.83,159.42,155.90,101.59,871.34
3129,77,2026,10,1631.08,108.97,352.97,146.80,1131.31
3130,78,2026,10,1148.47,180.94,153.12,103.36,891.99
3131,81,2026,10,1045.35,75.56,232.96,94.08,718.31
3132,82,2026,10,1843.43,142.84,328.93,165.91,1348.59
3133,83,2026,10,1148.64,70.81,238.78,103.38,806.48
3134,84,2026,10,1042.10,0.00,143.66,93.79,804.65
3135,86,2026,10,4373.30,391.39,675.05,393.60,3304.65
3136,87,2026,10,1711.74,114.16,216.66,154.06,1341.02
3137,88,2026,10,2507.94,351.08,397.18,225.71,1885.05
3138,89,2026,10,1894.85,160.47,288.08,170.54,1436.23
3139,91,2026,10,1687.03,162.97,230.86,151.83,1304.34
3140,92,2026,10,4257.02,0.00,879.38,383.13,2994.51
3141,93,2026,10,1399.70,0.00,200.55,125.97,1073.18
3142,94,2026,10,1792.52,106.48,358.44,161.33,1272.75
3143,96,2026,10,3770.09,0.00,572.87,339.31,2857.91
3144,97,2026,10,3089.01,373.18,466.71,278.01,2344.29
3145,98,2026,10,2588.01,362.28,606.18,232.92,1748.91
3146,99,2026,10,2057.09,0.00,332.16,185.14,1539.79
3147,101,2026,10,1076.21,148.37,186.12,96.86,793.23
3148,102,2026,10,2807.75,0.00,578.64,252.70,1976.41
3149,103,2026,10,1625.38,90.81,356.66,146.28,1122.44
3150,104,2026,10,1325.83,162.60,252.01,119.32,954.50
3151,106,2026,10,1005.73,0.00,135.72,90.52,779.49
3152,107,2026,10,3795.92,192.16,651.79,341.63,2802.50
3153,108,2026,10,907.61,0.00,115.96,81.68,709.97
3154,109,2026,10,807.64,61.24,105.81,72.69,629.14
3155,111,2026,10,2171.24,200.39,394.22,195.41,1581.61
3156,112,2026,10,2916.66,422.07,693.10,262.50,1961.06
3157,113,2026,10,2673.14,0.00,374.42,240.58,2058.14
3158,114,2026,10,1888.81,278.02,448.22,169.99,1270.60
3159,116,2026,10,1197.57,0.00,277.47,107.78,812.32
3160,117,2026,10,606.93,0.00,101.07,54.62,451.24
3161,118,2026,10,912.90,0.00,163.27,82.16,667.47
3162,119,2026,10,2448.64,0.00,610.61,220.38,1617.65
3163,1,2026,11,1085.28,78.81,114.69,97.68,872.91
3164,2,2026,11,1472.97,70.69,179.08,132.57,1161.32
3165,3,2026,11,2797.40,179.48,483.46,251.77,2062.17
3166,4,2026,11,3363.14,0.00,752.43,302.68,2308.03
3167,6,2026,11,1942.33,169.22,383.07,174.81,1384.45
3168,7,2026,11,3095.23,0.00,641.52,278.57,2175.14
3169,8,2026,11,3545.59,496.79,368.37,319.10,2858.12
3170,9,2026,11,1211.13,101.53,261.12,109.00,841.01
3171,11,2026,11,1363.43,0.00,300.77,122.71,939.95
3172,12,2026,11,739.89,67.89,168.27,66.59,505.03
3173,13,2026,11,893.66,0.00,167.91,80.43,645.32
3174,14,2026,11,2979.04,0.00,515.56,268.11,2195.37
3175,16,2026,11,2080.08,342.66,470.68,187.21,1422.19
3176,17,2026,11,1434.05,0.00,315.11,129.06,989.88
3177,18,2026,11,3684.63,0.00,694.15,331.62,2658.86
3178,19,2026,11,1023.40,50.46,254.93,92.11,676.36
3179,21,2026,11,865.23,114.32,165.65,77.87,621.71
3180,22,2026,11,1700.97,0.00,218.62,153.09,1329.26
3181,23,2026,11,1659.96,106.92,367.82,149.40,1142.74
3182,24,2026,11,1422.70,229.34,294.14,128.04,1000.52
3183,26,2026,11,1109.56,115.07,118.68,99.86,891.02
3184,27,2026,11,1925.29,202.55,336.55,173.28,1415.46
3185,28,2026,11,1561.84,0.00,206.20,140.57,1215.07
3186,31,2026,11,1332.48,158.77,316.52,119.92,896.04
3187,32,2026,11,1881.27,240.96,355.15,169.31,1356.81
3188,33,2026,11,1773.23,0.00,265.43,159.59,1348.21
3189,34,2026,11,1530.48,249.77,166.30,137.74,1226.44
3190,36,2026,11,1940.79,275.04,389.94,174.67,1376.18
3191,37,2026,11,1005.69,0.00,144.33,90.51,770.85
3192,38,2026,11,4109.15,0.00,692.51,369.82,3046.82
3193,39,2026,11,1607.10,91.57,373.66,144.64,1088.80
3194,41,2026,11,2562.90,0.00,407.07,230.66,1925.17
3195,42,2026,11,3283.75,365.51,575.33,295.54,2412.88
3196,43,2026,11,2502.14,0.00,439.76,225.19,1837.19
3197,44,2026,11,1526.96,89.78,348.94,137.43,1040.59
3198,46,2026,11,2165.12,0.00,412.22,194.86,1558.04
3199,47,2026,11,946.12,131.02,231.36,85.15,629.61
3200,48,2026,11,2526.99,162.63,562.19,227.43,1737.37
3201,49,2026,11,1128.11,66.58,164.16,101.53,862.42
3202,51,2026,11,4364.18,0.00,700.61,392.78,3270.79
3203,52,2026,11,2186.47,0.00,526.00,196.78,1463.69
3204,53,2026,11,1835.88,129.66,424.72,165.23,1245.93
3205,54,2026,11,4780.12,622.43,1014.72,430.21,3335.19
3206,56,2026,11,2714.68,300.66,368.96,244.32,2101.40
3207,57,2026,11,2201.40,322.85,531.75,198.13,1471.52
3208,58,2026,11,1007.95,0.00,187.70,90.72,729.53
3209,59,2026,11,1015.41,0.00,166.72,91.39,757.30
3210,61,2026,11,620.36,0.00,151.14,55.83,413.39
3211,62,2026,11,1086.40,100.04,236.54,97.78,752.08
3212,63,2026,11,1034.85,66.42,248.22,93.14,693.49
3213,64,2026,11,746.59,0.00,148.02,67.19,531.38
3214,66,2026,11,993.23,54.72,108.91,89.39,794.93
3215,67,2026,11,1278.27,0.00,239.95,115.04,923.28
3216,68,2026,11,1328.02,152.51,189.87,119.52,1018.63
3217,69,2026,11,1588.07,143.45,189.86,142.93,1255.28
3218,71,2026,11,4807.02,770.08,981.30,432.63,3393.09
3219,72,2026,11,1310.59,96.71,135.11,117.95,1057.53
3220,74,2026,11,1841.68,201.74,434.07,165.75,1241.86
3221,76,2026,11,969.41,0.00,184.25,87.25,697.91
3222,77,2026,11,1659.14,137.03,388.24,149.32,1121.58
3223,78,2026,11,1110.37,142.84,153.66,99.93,856.78
3224,81,2026,11,969.79,0.00,223.05,87.28,659.46
3225,82,2026,11,1827.33,126.74,390.89,164.46,1271.98
3226,83,2026,11,1077.83,0.00,148.99,97.00,831.84
3227,84,2026,11,1095.41,53.31,269.78,98.59,727.04
3228,86,2026,11,4383.56,401.65,528.29,394.52,3460.75
3229,87,2026,11,1898.38,300.80,363.60,170.85,1363.93
3230,88,2026,11,2156.86,0.00,408.44,194.12,1554.30
3231,89,2026,11,1734.38,0.00,388.92,156.09,1189.37
3232,91,2026,11,1686.00,161.94,310.04,151.74,1224.22
3233,92,2026,11,4902.97,645.95,768.02,441.27,3693.68
3234,93,2026,11,1497.82,98.12,174.46,134.80,1188.56
3235,94,2026,11,1686.04,0.00,271.35,151.74,1262.95
3236,96,2026,11,4371.71,601.62,1016.20,393.45,2962.06
3237,97,2026,11,2715.83,0.00,462.26,244.42,2009.15
3238,98,2026,11,2652.89,427.16,551.99,238.76,1862.14
3239,99,2026,11,2363.10,306.01,236.36,212.68,1914.06
3240,101,2026,11,927.84,0.00,110.43,83.51,733.90
3241,102,2026,11,3120.16,312.41,484.66,280.81,2354.69
3242,103,2026,11,1838.85,304.28,207.50,165.50,1465.85
3243,104,2026,11,1231.10,67.87,287.58,110.80,832.72
3244,106,2026,11,1005.73,0.00,215.23,90.52,699.98
3245,107,2026,11,4013.45,409.69,581.95,361.21,3070.29
3246,108,2026,11,907.61,0.00,122.30,81.68,703.63
3247,109,2026,11,862.22,115.82,95.00,77.60,689.62
3248,111,2026,11,1970.85,0.00,486.00,177.38,1307.47
3249,112,2026,11,2494.59,0.00,607.78,224.51,1662.30
3250,113,2026,11,2673.14,0.00,427.08,240.58,2005.48
3251,114,2026,11,1610.79,0.00,391.13,144.97,1074.69
3252,116,2026,11,1197.57,0.00,210.30,107.78,879.49
3253,117,2026,11,606.93,0.00,61.36,54.62,490.95
3254,118,2026,11,912.90,0.00,173.98,82.16,656.76
3255,119,2026,11,2720.58,271.94,314.52,244.85,2161.21
3256,1,2026,12,1006.47,0.00,128.35,90.58,787.54
3257,2,2026,12,1402.28,0.00,255.96,126.21,1020.11
3258,3,2026,12,3064.02,446.10,739.08,275.76,2049.18
3259,4,2026,12,3363.14,0.00,674.83,302.68,2385.63
3260,6,2026,12,1935.42,162.31,196.63,174.19,1564.60
3261,7,2026,12,3095.23,0.00,346.69,278.57,2469.97
3262,8,2026,12,3395.62,346.82,811.26,305.61,2278.75
3263,9,2026,12,1331.26,221.66,318.09,119.81,893.36
3264,11,2026,12,1513.62,150.19,173.46,136.23,1203.93
3265,12,2026,12,672.00,0.00,79.87,60.48,531.65
3266,13,2026,12,1006.89,113.23,134.51,90.62,781.76
3267,14,2026,12,3242.13,263.09,577.51,291.79,2372.83
3268,16,2026,12,1987.76,250.34,384.36,178.90,1424.50
3269,17,2026,12,1434.05,0.00,204.55,129.06,1100.44
3270,18,2026,12,4310.40,625.77,950.52,387.94,2971.94
3271,19,2026,12,1122.67,149.73,213.54,101.04,808.09
3272,21,2026,12,883.21,132.30,143.83,79.49,659.89
3273,22,2026,12,1938.80,237.83,275.49,174.49,1488.82
3274,23,2026,12,1675.31,122.27,202.12,150.78,1322.41
3275,24,2026,12,1193.36,0.00,147.07,107.40,938.89
3276,26,2026,12,1149.41,154.92,153.56,103.45,892.40
3277,27,2026,12,1722.74,0.00,262.56,155.05,1305.13
3278,28,2026,12,1785.74,223.90,422.21,160.72,1202.81
3279,31,2026,12,1351.17,177.46,202.25,121.61,1027.31
3280,32,2026,12,1763.51,123.20,425.10,158.72,1179.69
3281,33,2026,12,1773.23,0.00,224.28,159.59,1389.36
3282,34,2026,12,1280.71,0.00,299.24,115.26,866.21
3283,36,2026,12,1834.14,168.39,429.58,165.07,1239.49
3284,37,2026,12,1142.88,137.19,204.14,102.86,835.88
3285,38,2026,12,4863.12,753.97,1049.55,437.68,3375.89
3286,39,2026,12,1515.53,0.00,296.62,136.40,1082.51
3287,41,2026,12,2758.53,195.63,285.65,248.27,2224.61
3288,42,2026,12,3452.92,534.68,689.81,310.76,2452.35
3289,43,2026,12,2744.25,242.11,510.85,246.98,1986.42
3290,44,2026,12,1715.94,278.76,426.18,154.43,1135.33
3291,46,2026,12,2165.12,0.00,334.69,194.86,1635.57
3292,47,2026,12,857.31,42.21,111.11,77.16,669.04
3293,48,2026,12,2540.29,175.93,620.16,228.63,1691.50
3294,49,2026,12,1061.53,0.00,217.26,95.54,748.73
3295,51,2026,12,4982.01,617.83,819.49,448.38,3714.14
3296,52,2026,12,2186.47,0.00,317.66,196.78,1672.03
3297,53,2026,12,2013.37,307.15,403.82,181.20,1428.35
3298,54,2026,12,4832.09,674.40,834.43,434.89,3562.77
3299,56,2026,12,2414.02,0.00,400.68,217.26,1796.08
3300,57,2026,12,2253.20,374.65,560.51,202.79,1489.90
3301,58,2026,12,1190.57,182.62,201.69,107.15,881.73
3302,59,2026,12,1075.61,60.20,146.20,96.80,832.61
3303,61,2026,12,620.36,0.00,93.70,55.83,470.83
3304,62,2026,12,1081.41,95.05,196.99,97.33,787.09
3305,63,2026,12,1076.86,108.43,209.72,96.92,770.22
3306,64,2026,12,862.36,115.77,182.57,77.61,602.18
3307,66,2026,12,1109.09,170.58,198.13,99.82,811.14
3308,67,2026,12,1410.85,132.58,317.18,126.98,966.69
3309,68,2026,12,1175.51,0.00,282.24,105.80,787.47
3310,69,2026,12,1572.71,128.09,169.77,141.54,1261.40
3311,71,2026,12,4419.57,382.63,454.06,397.76,3567.75
3312,72,2026,12,1213.88,0.00,289.54,109.25,815.09
3313,74,2026,12,1639.94,0.00,257.93,147.59,1234.42
3314,76,2026,12,1155.15,185.74,161.66,103.96,889.53
3315,77,2026,12,1757.80,235.69,438.42,158.20,1161.18
3316,78,2026,12,1078.21,110.68,188.05,97.04,793.12
3317,81,2026,12,969.79,0.00,165.85,87.28,716.66
3318,82,2026,12,1920.92,220.33,273.23,172.88,1474.81
3319,83,2026,12,1170.37,92.54,247.80,105.33,817.24
3320,84,2026,12,1042.10,0.00,229.47,93.79,718.84
3321,86,2026,12,4492.30,510.39,887.79,404.31,3200.20
3322,87,2026,12,1797.44,199.86,296.08,161.77,1339.59
3323,88,2026,12,2582.54,425.68,624.68,232.43,1725.43
3324,89,2026,12,1840.34,105.96,190.33,165.63,1484.38
3325,91,2026,12,1689.90,165.84,241.05,152.09,1296.76
3326,92,2026,12,4257.02,0.00,663.41,383.13,3210.48
3327,93,2026,12,1399.70,0.00,248.00,125.97,1025.73
3328,94,2026,12,1686.04,0.00,276.40,151.74,1257.90
3329,96,2026,12,4223.03,452.94,859.52,380.07,2983.44
3330,97,2026,12,2715.83,0.00,341.04,244.42,2130.37
3331,98,2026,12,2346.31,120.58,240.09,211.17,1895.05
3332,99,2026,12,2445.07,387.98,478.44,220.06,1746.57
3333,101,2026,12,998.13,70.29,190.77,89.83,717.53
3334,102,2026,12,3280.44,472.69,514.10,295.24,2471.10
3335,103,2026,12,1722.60,188.03,391.08,155.03,1176.49
3336,104,2026,12,1287.32,124.09,232.66,115.86,938.80
3337,106,2026,12,1082.12,76.39,139.48,97.39,845.25
3338,107,2026,12,4130.84,527.08,956.40,371.78,2802.66
3339,108,2026,12,1043.52,135.91,252.69,93.92,696.91
3340,109,2026,12,881.51,135.11,106.29,79.34,695.88
3341,111,2026,12,1970.85,0.00,468.24,177.38,1325.23
3342,112,2026,12,2691.36,196.77,590.51,242.22,1858.63
3343,113,2026,12,3057.72,384.58,728.01,275.19,2054.52
3344,114,2026,12,1900.58,289.79,233.84,171.05,1495.69
3345,116,2026,12,1197.57,0.00,189.38,107.78,900.41
3346,117,2026,12,726.69,119.76,140.69,65.40,520.60
3347,118,2026,12,912.90,0.00,227.51,82.16,603.23
3348,119,2026,12,2675.53,226.89,291.93,240.80,2142.80
3349,1,2027,1,1067.47,61.00,107.05,96.07,864.35
3350,2,2027,1,1678.70,276.42,296.83,151.08,1230.79
3351,3,2027,1,2966.70,348.78,705.84,267.00,1993.86
3352,4,2027,1,3988.16,625.02,835.36,358.93,2793.87
3353,6,2027,1,1986.70,213.59,363.57,178.80,1444.33
3354,7,2027,1,3309.04,213.81,610.63,297.81,2400.60
3355,8,2027,1,3425.67,376.87,417.04,308.31,2700.32
3356,9,2027,1,1109.60,0.00,248.60,99.86,761.14
3357,11,2027,1,1515.04,151.61,357.54,136.35,1021.15
3358,12,2027,1,672.00,0.00,150.47,60.48,461.05
3359,13,2027,1,893.66,0.00,161.28,80.43,651.95
3360,14,2027,1,2979.04,0.00,636.54,268.11,2074.39
3361,16,2027,1,1972.96,235.54,240.48,177.57,1554.91
3362,17,2027,1,1434.05,0.00,284.00,129.06,1020.99
3363,18,2027,1,3684.63,0.00,426.64,331.62,2926.37
3364,19,2027,1,1038.70,65.76,248.24,93.48,696.98
3365,21,2027,1,750.91,0.00,145.59,67.58,537.74
3366,22,2027,1,1700.97,0.00,310.95,153.09,1236.93
3367,23,2027,1,1830.06,277.02,340.01,164.71,1325.34
3368,24,2027,1,1193.36,0.00,252.83,107.40,833.13
3369,26,2027,1,1047.53,53.04,192.03,94.28,761.22
3370,27,2027,1,2037.91,315.17,295.48,183.41,1559.02
3371,28,2027,1,1711.16,149.32,427.22,154.00,1129.94
3372,31,2027,1,1173.71,0.00,186.17,105.63,881.91
3373,32,2027,1,1831.84,191.53,198.31,164.87,1468.66
3374,33,2027,1,2004.06,230.83,456.75,180.37,1366.94
3375,34,2027,1,1487.43,206.72,312.29,133.87,1041.27
3376,36,2027,1,1995.40,329.65,384.79,179.59,1431.02
3377,37,2027,1,1005.69,0.00,225.20,90.51,689.98
3378,38,2027,1,4392.58,283.43,748.66,395.33,3248.59
3379,39,2027,1,1689.78,174.25,235.05,152.08,1302.65
3380,41,2027,1,2562.90,0.00,347.55,230.66,1984.69
3381,42,2027,1,2918.24,0.00,363.76,262.64,2291.84
3382,43,2027,1,2502.14,0.00,620.30,225.19,1656.65
3383,44,2027,1,1437.18,0.00,198.91,129.35,1108.92
3384,46,2027,1,2165.12,0.00,537.95,194.86,1432.31
3385,47,2027,1,917.11,102.01,94.88,82.54,739.69
3386,48,2027,1,2834.00,469.64,333.76,255.06,2245.18
3387,49,2027,1,1232.92,171.39,281.63,110.96,840.33
3388,51,2027,1,4364.18,0.00,888.18,392.78,3083.22
3389,52,2027,1,2186.47,0.00,351.96,196.78,1637.73
3390,53,2027,1,1706.22,0.00,301.64,153.56,1251.02
3391,54,2027,1,4157.69,0.00,458.54,374.19,3324.96
3392,56,2027,1,2786.63,372.61,503.34,250.80,2032.49
3393,57,2027,1,2082.41,203.86,254.79,187.42,1640.20
3394,58,2027,1,1122.82,114.87,181.00,101.05,840.77
3395,59,2027,1,1154.54,139.13,222.52,103.91,828.11
3396,61,2027,1,735.01,114.65,122.21,66.15,546.65
3397,62,2027,1,1070.91,84.55,211.90,96.38,762.63
3398,63,2027,1,1130.53,162.10,158.66,101.75,870.12
3399,64,2027,1,803.89,57.30,188.97,72.35,542.57
3400,66,2027,1,1004.47,65.96,217.06,90.40,697.01
3401,67,2027,1,1533.84,255.57,292.56,138.05,1103.23
3402,68,2027,1,1175.51,0.00,173.09,105.80,896.62
3403,69,2027,1,1633.97,189.35,215.16,147.06,1271.75
3404,71,2027,1,4565.22,528.28,724.78,410.87,3429.57
3405,72,2027,1,1371.51,157.63,268.24,123.44,979.83
3406,74,2027,1,1730.08,90.14,276.46,155.71,1297.91
3407,76,2027,1,1057.65,88.24,214.58,95.19,747.88
3408,77,2027,1,1823.61,301.50,212.18,164.12,1447.31
3409,78,2027,1,1101.62,134.09,143.63,99.15,858.84
3410,81,2027,1,969.79,0.00,183.66,87.28,698.85
3411,82,2027,1,1700.59,0.00,297.42,153.05,1250.12
3412,83,2027,1,1151.69,73.86,192.00,103.65,856.04
3413,84,2027,1,1239.76,197.66,141.95,111.58,986.23
3414,86,2027,1,4275.65,293.74,891.43,384.81,2999.41
3415,87,2027,1,1597.58,0.00,287.99,143.78,1165.81
3416,88,2027,1,2156.86,0.00,428.52,194.12,1534.22
3417,89,2027,1,1998.87,264.49,446.49,179.90,1372.48
3418,91,2027,1,1524.06,0.00,345.49,137.17,1041.40
3419,92,2027,1,4257.02,0.00,837.79,383.13,3036.10
3420,93,2027,1,1399.70,0.00,278.58,125.97,995.15
3421,94,2027,1,1956.34,270.30,444.37,176.07,1335.90
3422,96,2027,1,3770.09,0.00,725.32,339.31,2705.46
3423,97,2027,1,2881.75,165.92,468.32,259.36,2154.07
3424,98,2027,1,2356.69,130.96,486.36,212.10,1658.23
3425,99,2027,1,2381.30,324.21,409.59,214.32,1757.39
3426,101,2027,1,927.84,0.00,204.07,83.51,640.26
3427,102,2027,1,2807.75,0.00,648.00,252.70,1907.05
3428,103,2027,1,1696.62,162.05,185.31,152.70,1358.61
3429,104,2027,1,1163.23,0.00,254.64,104.69,803.90
3430,106,2027,1,1132.72,126.99,182.99,101.94,847.79
3431,107,2027,1,4000.17,396.41,652.87,360.02,2987.28
3432,108,2027,1,989.90,82.29,193.18,89.09,707.63
3433,109,2027,1,883.23,136.83,137.18,79.49,666.56
3434,111,2027,1,1970.85,0.00,427.97,177.38,1365.50
3435,112,2027,1,2813.90,319.31,484.95,253.25,2075.70
3436,113,2027,1,3131.55,458.41,545.92,281.84,2303.79
3437,114,2027,1,1610.79,0.00,342.97,144.97,1122.85
3438,116,2027,1,1409.01,211.44,216.44,126.81,1065.76
3439,117,2027,1,606.93,0.00,79.49,54.62,472.82
3440,118,2027,1,912.90,0.00,187.99,82.16,642.75
3441,119,2027,1,2776.48,327.84,523.16,249.88,2003.44
3442,1,2027,2,1006.47,0.00,188.31,90.58,727.58
3443,2,2027,2,1402.28,0.00,293.19,126.21,982.88
3444,3,2027,2,2980.98,363.06,697.13,268.29,2015.56
3445,4,2027,2,3916.83,553.69,836.02,352.51,2728.30
3446,6,2027,2,1908.30,135.19,307.78,171.75,1428.77
3447,7,2027,2,3418.86,323.63,477.75,307.70,2633.41
3448,8,2027,2,3048.80,0.00,475.39,274.39,2299.02
3449,9,2027,2,1109.60,0.00,227.38,99.86,782.36
3450,11,2027,2,1363.43,0.00,327.51,122.71,913.21
3451,12,2027,2,752.41,80.41,115.94,67.72,568.75
3452,13,2027,2,1068.10,174.44,204.53,96.13,767.44
3453,14,2027,2,2979.04,0.00,699.92,268.11,2011.01
3454,16,2027,2,1737.42,0.00,331.16,156.37,1249.89
3455,17,2027,2,1587.37,153.32,249.74,142.86,1194.77
3456,18,2027,2,4264.98,580.35,596.40,383.85,3284.73
3457,19,2027,2,972.94,0.00,110.73,87.56,774.65
3458,21,2027,2,828.88,77.97,84.55,74.60,669.73
3459,22,2027,2,2018.25,317.28,377.66,181.64,1458.95
3460,23,2027,2,1553.04,0.00,184.47,139.77,1228.80
3461,24,2027,2,1193.36,0.00,146.51,107.40,939.45
3462,26,2027,2,1157.25,162.76,195.71,104.15,857.39
3463,27,2027,2,1722.74,0.00,371.54,155.05,1196.15
3464,28,2027,2,1758.14,196.30,236.99,158.23,1362.92
3465,31,2027,2,1326.57,152.86,279.13,119.39,928.05
3466,32,2027,2,1640.31,0.00,205.92,147.63,1286.76
3467,33,2027,2,2024.07,250.84,255.97,182.17,1585.93
3468,34,2027,2,1280.71,0.00,269.30,115.26,896.15
3469,36,2027,2,1844.05,178.30,281.18,165.96,1396.91
3470,37,2027,2,1205.76,200.07,145.74,108.52,951.50
3471,38,2027,2,4417.86,308.71,896.78,397.61,3123.47
3472,39,2027,2,1725.97,210.44,216.77,155.34,1353.86
3473,41,2027,2,2562.90,0.00,589.82,230.66,1742.42
3474,42,2027,2,2918.24,0.00,707.04,262.64,1948.56
3475,43,2027,2,2707.67,205.53,610.08,243.69,1853.90
3476,44,2027,2,1544.69,107.51,206.35,139.02,1199.32
3477,46,2027,2,2417.86,252.74,370.35,217.61,1829.90
3478,47,2027,2,871.17,56.07,128.03,78.41,664.73
3479,48,2027,2,2364.36,0.00,239.86,212.79,1911.71
3480,49,2027,2,1172.78,111.25,185.91,105.55,881.32
3481,51,2027,2,4650.03,285.85,1129.28,418.50,3102.25
3482,52,2027,2,2427.61,241.14,481.00,218.48,1728.13
3483,53,2027,2,1706.22,0.00,263.87,153.56,1288.79
3484,54,2027,2,4386.92,229.23,632.68,394.82,3359.42
3485,56,2027,2,2886.76,472.74,612.16,259.81,2014.79
3486,57,2027,2,2212.54,333.99,488.06,199.13,1525.35
3487,58,2027,2,1195.43,187.48,145.06,107.59,942.78
3488,59,2027,2,1146.93,131.52,231.12,103.22,812.59
3489,61,2027,2,738.43,118.07,106.87,66.46,565.10
3490,62,2027,2,1113.54,127.18,208.06,100.22,805.26
3491,63,2027,2,968.43,0.00,219.33,87.16,661.94
3492,64,2027,2,746.59,0.00,165.34,67.19,514.06
3493,66,2027,2,938.51,0.00,205.95,84.47,648.09
3494,67,2027,2,1278.27,0.00,289.36,115.04,873.87
3495,68,2027,2,1382.38,206.87,299.80,124.41,958.17
3496,69,2027,2,1634.40,189.78,306.73,147.10,1180.57
3497,71,2027,2,4036.94,0.00,840.58,363.32,2833.04
3498,72,2027,2,1356.07,142.19,149.99,122.05,1084.03
3499,74,2027,2,1639.94,0.00,371.11,147.59,1121.24
3500,76,2027,2,969.41,0.00,149.40,87.25,732.76
3501,77,2027,2,1522.11,0.00,215.52,136.99,1169.60
3502,78,2027,2,1019.06,51.53,162.51,91.72,764.83
3503,81,2027,2,1075.94,106.15,144.76,96.83,834.35
3504,82,2027,2,1816.57,115.98,377.66,163.49,1275.42
3505,83,2027,2,1077.83,0.00,108.56,97.00,872.27
3506,84,2027,2,1042.10,0.00,200.76,93.79,747.55
3507,86,2027,2,3981.91,0.00,811.74,358.37,2811.80
3508,87,2027,2,1597.58,0.00,302.65,143.78,1151.15
3509,88,2027,2,2296.33,139.47,490.34,206.67,1599.32
3510,89,2027,2,1869.15,134.77,313.19,168.22,1387.74
3511,91,2027,2,1631.67,107.61,308.52,146.85,1176.30
3512,92,2027,2,4472.87,215.85,683.20,402.56,3387.11
3513,93,2027,2,1609.39,209.69,183.82,144.85,1280.72
3514,94,2027,2,1796.71,110.67,203.41,161.70,1431.60
3515,96,2027,2,3770.09,0.00,588.50,339.31,2842.28
3516,97,2027,2,2979.17,263.34,344.59,268.13,2366.45
3517,98,2027,2,2537.81,312.08,352.12,228.40,1957.29
3518,99,2027,2,2364.11,307.02,536.51,212.77,1614.83
3519,101,2027,2,927.84,0.00,189.23,83.51,655.10
3520,102,2027,2,3179.79,372.04,591.17,286.18,2302.44
3521,103,2027,2,1534.57,0.00,234.11,138.11,1162.35
3522,104,2027,2,1163.23,0.00,204.05,104.69,854.49
3523,106,2027,2,1005.73,0.00,160.78,90.52,754.43
3524,107,2027,2,3815.12,211.36,916.80,343.36,2554.96
3525,108,2027,2,1050.10,142.49,113.67,94.51,841.92
3526,109,2027,2,746.40,0.00,131.70,67.18,547.52
3527,111,2027,2,1970.85,0.00,252.56,177.38,1540.91
3528,112,2027,2,2985.52,490.93,463.52,268.70,2253.30
3529,113,2027,2,2976.92,303.78,477.99,267.92,2231.01
3530,114,2027,2,1816.70,205.91,278.74,163.50,1374.46
3531,116,2027,2,1197.57,0.00,129.44,107.78,960.35
3532,117,2027,2,711.80,104.87,103.71,64.06,544.03
3533,118,2027,2,912.90,0.00,149.39,82.16,681.35
3534,119,2027,2,2688.59,239.95,609.24,241.97,1837.38
3535,1,2027,3,1006.47,0.00,216.73,90.58,699.16
3536,2,2027,3,1402.28,0.00,143.06,126.21,1133.01
3537,3,2027,3,2880.70,262.78,311.16,259.26,2310.28
3538,4,2027,3,3363.14,0.00,405.87,302.68,2654.59
3539,6,2027,3,1898.71,125.60,464.15,170.88,1263.68
3540,7,2027,3,3297.74,202.51,487.60,296.80,2513.34
3541,8,2027,3,3048.80,0.00,522.95,274.39,2251.46
3542,9,2027,3,1196.47,86.87,186.31,107.68,902.48
3543,11,2027,3,1363.43,0.00,206.45,122.71,1034.27
3544,12,2027,3,722.72,50.72,108.08,65.04,549.60
3545,13,2027,3,893.66,0.00,185.78,80.43,627.45
3546,14,2027,3,2979.04,0.00,607.59,268.11,2103.34
3547,16,2027,3,2005.22,267.80,383.15,180.47,1441.60
3548,17,2027,3,1708.92,274.87,392.06,153.80,1163.06
3549,18,2027,3,4319.08,634.45,840.79,388.72,3089.57
3550,19,2027,3,1118.78,145.84,144.46,100.69,873.63
3551,21,2027,3,820.24,69.33,142.56,73.82,603.86
3552,22,2027,3,1937.21,236.24,229.05,174.35,1533.81
3553,23,2027,3,1813.88,260.84,301.44,163.25,1349.19
3554,24,2027,3,1416.14,222.78,144.81,127.45,1143.88
3555,26,2027,3,1143.14,148.65,164.16,102.88,876.10
3556,27,2027,3,1924.72,201.98,437.67,173.22,1313.83
3557,28,2027,3,1864.75,302.91,212.69,167.83,1484.23
3558,31,2027,3,1349.83,176.12,249.65,121.48,978.70
3559,32,2027,3,1833.86,193.55,396.60,165.05,1272.21
3560,33,2027,3,1929.17,155.94,400.64,173.63,1354.90
3561,34,2027,3,1536.45,255.74,268.58,138.28,1129.59
3562,36,2027,3,1749.81,84.06,310.39,157.48,1281.94
3563,37,2027,3,1101.73,96.04,243.36,99.16,759.21
3564,38,2027,3,4109.15,0.00,522.44,369.82,3216.89
3565,39,2027,3,1633.22,117.69,233.29,146.99,1252.94
3566,41,2027,3,2890.00,327.10,706.46,260.10,1923.44
3567,42,2027,3,2918.24,0.00,477.13,262.64,2178.47
3568,43,2027,3,2502.14,0.00,391.42,225.19,1885.53
3569,44,2027,3,1581.96,144.78,160.83,142.38,1278.75
3570,46,2027,3,2165.12,0.00,272.00,194.86,1698.26
3571,47,2027,3,873.69,58.59,157.41,78.63,637.65
3572,48,2027,3,2364.36,0.00,438.26,212.79,1713.31
3573,49,2027,3,1061.53,0.00,106.59,95.54,859.40
3574,51,2027,3,5191.43,827.25,1211.16,467.23,3513.04
3575,52,2027,3,2491.01,304.54,256.36,224.19,2010.46
3576,53,2027,3,1706.22,0.00,298.30,153.56,1254.36
3577,54,2027,3,4555.02,397.33,1028.48,409.95,3116.59
3578,56,2027,3,2414.02,0.00,564.65,217.26,1632.11
3579,57,2027,3,2089.16,210.61,276.32,188.02,1624.82
3580,58,2027,3,1137.09,129.14,131.52,102.34,903.23
3581,59,2027,3,1140.06,124.65,207.43,102.61,830.02
3582,61,2027,3,620.36,0.00,131.17,55.83,433.36
3583,62,2027,3,1065.02,78.66,160.07,95.85,809.10
3584,63,2027,3,968.43,0.00,155.36,87.16,725.91
3585,64,2027,3,855.15,108.56,197.57,76.96,580.62
3586,66,2027,3,1080.86,142.35,109.71,97.28,873.87
3587,67,2027,3,1278.27,0.00,138.06,115.04,1025.17
3588,68,2027,3,1175.51,0.00,280.35,105.80,789.36
3589,69,2027,3,1530.43,85.81,248.03,137.74,1144.66
3590,71,2027,3,4337.32,300.38,545.10,390.36,3401.86
3591,72,2027,3,1333.77,119.89,237.88,120.04,975.85
3592,74,2027,3,1873.19,233.25,233.75,168.59,1470.85
3593,76,2027,3,1077.87,108.46,126.85,97.01,854.01
3594,77,2027,3,1690.61,168.50,414.63,152.15,1123.83
3595,78,2027,3,1049.83,82.30,149.95,94.48,805.40
3596,81,2027,3,1131.16,161.37,231.91,101.80,797.45
3597,82,2027,3,1700.59,0.00,365.00,153.05,1182.54
3598,83,2027,3,1077.83,0.00,143.10,97.00,837.73
3599,84,2027,3,1042.10,0.00,146.76,93.79,801.55
3600,86,2027,3,4304.27,322.36,829.44,387.38,3087.45
3601,87,2027,3,1797.49,199.91,204.43,161.77,1431.29
3602,88,2027,3,2426.62,269.76,474.62,218.40,1733.60
3603,89,2027,3,1954.52,220.14,344.82,175.91,1433.79
3604,91,2027,3,1524.06,0.00,270.25,137.17,1116.64
3605,92,2027,3,4603.36,346.34,730.99,414.30,3458.07
3606,93,2027,3,1399.70,0.00,242.28,125.97,1031.45
3607,94,2027,3,1955.22,269.18,295.06,175.97,1484.19
3608,96,2027,3,4241.94,471.85,1056.48,381.77,2803.69
3609,97,2027,3,2992.47,276.64,448.56,269.32,2274.59
3610,98,2027,3,2381.00,155.27,517.03,214.29,1649.68
3611,99,2027,3,2223.25,166.16,388.08,200.09,1635.08
3612,101,2027,3,1093.49,165.65,220.15,98.41,774.93
3613,102,2027,3,2951.80,144.05,570.74,265.66,2115.40
3614,103,2027,3,1534.57,0.00,282.67,138.11,1113.79
3615,104,2027,3,1232.57,69.34,247.40,110.93,874.24
3616,106,2027,3,1005.73,0.00,223.01,90.52,692.20
3617,107,2027,3,3987.93,384.17,518.11,358.91,3110.91
3618,108,2027,3,1052.07,144.46,111.99,94.69,845.39
3619,109,2027,3,746.40,0.00,78.00,67.18,601.22
3620,111,2027,3,1970.85,0.00,251.05,177.38,1542.42
3621,112,2027,3,2693.73,199.14,570.96,242.44,1880.33
3622,113,2027,3,2673.14,0.00,442.82,240.58,1989.74
3623,114,2027,3,1836.02,225.23,361.77,165.24,1309.01
3624,116,2027,3,1302.47,104.90,313.55,117.22,871.70
3625,117,2027,3,717.59,110.66,135.54,64.58,517.47
3626,118,2027,3,912.90,0.00,201.29,82.16,629.45
3627,119,2027,3,2448.64,0.00,586.34,220.38,1641.92
3628,1,2027,4,1122.42,115.95,253.53,101.02,767.87
3629,2,2027,4,1670.51,268.23,175.49,150.35,1344.67
3630,3,2027,4,2989.56,371.64,315.49,269.06,2405.01
3631,4,2027,4,3841.49,478.35,406.73,345.73,3089.03
3632,6,2027,4,2031.64,258.53,245.73,182.85,1603.06
3633,7,2027,4,3478.85,383.62,409.17,313.10,2756.58
3634,8,2027,4,3048.80,0.00,391.66,274.39,2382.75
3635,9,2027,4,1256.34,146.74,289.76,113.07,853.51
3636,11,2027,4,1623.03,259.60,296.40,146.07,1180.56
3637,12,2027,4,713.40,41.40,130.11,64.21,519.08
3638,13,2027,4,1061.76,168.10,116.12,95.56,850.08
3639,14,2027,4,3379.78,400.74,422.58,304.18,2653.02
3640,16,2027,4,1737.42,0.00,230.92,156.37,1350.13
3641,17,2027,4,1649.22,215.17,248.95,148.43,1251.84
3642,18,2027,4,4127.56,442.93,566.39,371.48,3189.69
3643,19,2027,4,1085.53,112.59,219.48,97.70,768.35
3644,21,2027,4,750.91,0.00,121.83,67.58,561.50
3645,22,2027,4,1977.96,276.99,305.53,178.02,1494.41
3646,23,2027,4,1794.88,241.84,407.66,161.54,1225.68
3647,24,2027,4,1193.36,0.00,132.39,107.40,953.57
3648,26,2027,4,1157.37,162.88,255.74,104.16,797.47
3649,27,2027,4,1902.59,179.85,345.53,171.23,1385.83
3650,28,2027,4,1764.05,202.21,375.32,158.76,1229.97
3651,31,2027,4,1173.71,0.00,221.46,105.63,846.62
3652,32,2027,4,1837.53,197.22,458.25,165.38,1213.90
3653,33,2027,4,2097.58,324.35,431.99,188.78,1476.81
3654,34,2027,4,1392.25,111.54,268.01,125.30,998.94
3655,36,2027,4,1963.26,297.51,273.60,176.69,1512.97
3656,37,2027,4,1193.58,187.89,180.48,107.42,905.68
3657,38,2027,4,4824.48,715.33,645.45,434.20,3744.83
3658,39,2027,4,1715.73,200.20,378.19,154.42,1183.12
3659,41,2027,4,2865.02,302.12,349.28,257.85,2257.89
3660,42,2027,4,3250.37,332.13,329.36,292.53,2628.48
3661,43,2027,4,2932.67,430.53,629.61,263.94,2039.12
3662,44,2027,4,1641.54,204.36,392.68,147.74,1101.12
3663,46,2027,4,2337.94,172.82,445.68,210.41,1681.85
3664,47,2027,4,893.75,78.65,126.39,80.44,686.92
3665,48,2027,4,2633.72,269.36,570.78,237.03,1825.91
3666,49,2027,4,1230.27,168.74,269.82,110.72,849.73
3667,51,2027,4,4977.63,613.45,964.26,447.99,3565.38
3668,52,2027,4,2186.47,0.00,444.63,196.78,1545.06
3669,53,2027,4,1911.43,205.21,426.53,172.03,1312.87
3670,54,2027,4,4387.16,229.47,487.75,394.84,3504.57
3671,56,2027,4,2414.02,0.00,284.85,217.26,1911.91
3672,57,2027,4,2144.15,265.60,428.19,192.97,1522.99
3673,58,2027,4,1131.58,123.63,271.83,101.84,757.91
3674,59,2027,4,1015.41,0.00,147.31,91.39,776.71
3675,61,2027,4,678.97,58.61,166.05,61.11,451.81
3676,62,2027,4,1147.33,160.97,284.38,103.26,759.69
3677,63,2027,4,1070.07,101.64,241.45,96.31,732.31
3678,64,2027,4,746.59,0.00,179.04,67.19,500.36
3679,66,2027,4,1009.42,70.91,202.70,90.85,715.87
3680,67,2027,4,1386.04,107.77,262.66,124.74,998.64
3681,68,2027,4,1175.51,0.00,240.38,105.80,829.33
3682,69,2027,4,1704.28,259.66,311.53,153.39,1239.36
3683,71,2027,4,4036.94,0.00,505.68,363.32,3167.94
3684,72,2027,4,1316.91,103.03,155.36,118.52,1043.03
3685,74,2027,4,1758.57,118.63,186.28,158.27,1414.02
3686,76,2027,4,1110.28,140.87,265.04,99.93,745.31
3687,77,2027,4,1783.99,261.88,423.38,160.56,1200.05
3688,78,2027,4,967.53,0.00,232.53,87.08,647.92
3689,81,2027,4,969.79,0.00,175.03,87.28,707.48
3690,82,2027,4,1983.01,282.42,269.41,178.47,1535.13
3691,83,2027,4,1237.13,159.30,242.21,111.34,883.58
3692,84,2027,4,1042.10,0.00,146.06,93.79,802.25
3693,86,2027,4,4383.80,401.89,972.34,394.54,3016.92
3694,87,2027,4,1597.58,0.00,344.65,143.78,1109.15
3695,88,2027,4,2378.29,221.43,436.17,214.05,1728.07
3696,89,2027,4,2072.16,337.78,407.85,186.49,1477.82
3697,91,2027,4,1524.06,0.00,318.22,137.17,1068.67
3698,92,2027,4,5090.01,832.99,1247.72,458.10,3384.19
3699,93,2027,4,1620.58,220.88,361.55,145.85,1113.18
3700,94,2027,4,1839.69,153.65,330.03,165.57,1344.09
3701,96,2027,4,4259.04,488.95,544.02,383.31,3331.71
3702,97,2027,4,2715.83,0.00,311.63,244.42,2159.78
3703,98,2027,4,2405.01,179.28,427.77,216.45,1760.79
3704,99,2027,4,2272.86,215.77,525.86,204.56,1542.44
3705,101,2027,4,927.84,0.00,200.98,83.51,643.35
3706,102,2027,4,2807.75,0.00,655.00,252.70,1900.05
3707,103,2027,4,1534.57,0.00,357.36,138.11,1039.10
3708,104,2027,4,1366.87,203.64,274.87,123.02,968.98
3709,106,2027,4,1104.46,98.73,276.09,99.40,728.97
3710,107,2027,4,3603.76,0.00,457.57,324.34,2821.85
3711,108,2027,4,1009.82,102.21,209.01,90.88,709.93
3712,109,2027,4,746.40,0.00,122.52,67.18,556.70
3713,111,2027,4,1970.85,0.00,406.02,177.38,1387.45
3714,112,2027,4,2836.26,341.67,317.13,255.26,2263.87
3715,113,2027,4,2821.39,148.25,374.55,253.93,2192.91
3716,114,2027,4,1753.67,142.88,265.37,157.83,1330.47
3717,116,2027,4,1375.52,177.95,235.78,123.80,1015.94
3718,117,2027,4,693.22,86.29,157.40,62.39,473.43
3719,118,2027,4,1015.71,102.81,240.54,91.41,683.76
3720,119,2027,4,2448.64,0.00,540.58,220.38,1687.68
3721,1,2027,5,1006.47,0.00,113.91,90.58,801.98
3722,2,2027,5,1402.28,0.00,229.27,126.21,1046.80
3723,3,2027,5,2847.74,229.82,347.37,256.30,2244.07
3724,4,2027,5,3755.75,392.61,541.14,338.02,2876.59
3725,6,2027,5,1773.11,0.00,387.92,159.58,1225.61
3726,7,2027,5,3435.78,340.55,516.40,309.22,2610.16
3727,8,2027,5,3372.75,323.95,563.18,303.55,2506.02
3728,9,2027,5,1109.60,0.00,143.94,99.86,865.80
3729,11,2027,5,1584.14,220.71,330.71,142.57,1110.86
3730,12,2027,5,782.61,110.61,155.33,70.43,556.85
3731,13,2027,5,1070.05,176.39,258.12,96.30,715.63
3732,14,2027,5,3563.54,584.50,673.86,320.72,2568.96
3733,16,2027,5,1737.42,0.00,290.29,156.37,1290.76
3734,17,2027,5,1434.05,0.00,175.89,129.06,1129.10
3735,18,2027,5,4335.43,650.80,981.47,390.19,2963.77
3736,19,2027,5,1149.09,176.15,171.35,103.42,874.32
3737,21,2027,5,750.91,0.00,86.29,67.58,597.04
3738,22,2027,5,2026.40,325.43,313.99,182.38,1530.03
3739,23,2027,5,1553.04,0.00,371.40,139.77,1041.87
3740,24,2027,5,1311.70,118.34,283.17,118.05,910.48
3741,26,2027,5,1056.00,61.51,225.53,95.04,735.43
3742,27,2027,5,1930.89,208.15,400.06,173.78,1357.05
3743,28,2027,5,1561.84,0.00,305.88,140.57,1115.39
3744,31,2027,5,1357.28,183.57,211.24,122.16,1023.88
3745,32,2027,5,1850.11,209.80,300.89,166.51,1382.71
3746,33,2027,5,1967.17,193.94,311.78,177.05,1478.34
3747,34,2027,5,1468.03,187.32,349.81,132.12,986.10
3748,36,2027,5,1912.69,246.94,255.11,172.14,1485.44
3749,37,2027,5,1005.69,0.00,111.22,90.51,803.96
3750,38,2027,5,4523.12,413.97,1104.60,407.08,3011.44
3751,39,2027,5,1608.75,93.22,162.60,144.79,1301.36
3752,41,2027,5,2693.43,130.53,517.58,242.41,1933.44
3753,42,2027,5,2918.24,0.00,477.62,262.64,2177.98
3754,43,2027,5,2827.94,325.80,617.37,254.51,1956.06
3755,44,2027,5,1580.52,143.34,309.59,142.25,1128.68
3756,46,2027,5,2165.12,0.00,245.32,194.86,1724.94
3757,47,2027,5,969.85,154.75,117.73,87.29,764.83
3758,48,2027,5,2536.61,172.25,258.86,228.29,2049.46
3759,49,2027,5,1117.04,55.51,152.37,100.53,864.14
3760,51,2027,5,4364.18,0.00,508.18,392.78,3463.22
3761,52,2027,5,2186.47,0.00,513.38,196.78,1476.31
3762,53,2027,5,1814.00,107.78,281.73,163.26,1369.01
3763,54,2027,5,4861.30,703.61,656.58,437.52,3767.20
3764,56,2027,5,2614.20,200.18,553.56,235.28,1825.36
3765,57,2027,5,1878.55,0.00,215.35,169.07,1494.13
3766,58,2027,5,1007.95,0.00,123.32,90.72,793.91
3767,59,2027,5,1211.20,195.79,143.17,109.01,959.02
3768,61,2027,5,687.41,67.05,139.39,61.87,486.15
3769,62,2027,5,986.36,0.00,138.09,88.77,759.50
3770,63,2027,5,1147.62,179.19,266.43,103.29,777.90
3771,64,2027,5,882.36,135.77,125.55,79.41,677.40
3772,66,2027,5,987.89,49.38,212.75,88.91,686.23
3773,67,2027,5,1468.29,190.02,347.18,132.15,988.96
3774,68,2027,5,1260.23,84.72,127.94,113.42,1018.87
3775,69,2027,5,1520.13,75.51,208.66,136.81,1174.66
3776,71,2027,5,4036.94,0.00,547.76,363.32,3125.86
3777,72,2027,5,1326.39,112.51,256.76,119.38,950.25
3778,74,2027,5,1639.94,0.00,276.17,147.59,1216.18
3779,76,2027,5,1025.12,55.71,225.26,92.26,707.60
3780,77,2027,5,1784.20,262.09,324.91,160.58,1298.71
3781,78,2027,5,967.53,0.00,216.22,87.08,664.23
3782,81,2027,5,969.79,0.00,200.86,87.28,681.65
3783,82,2027,5,1826.23,125.64,241.54,164.36,1420.33
3784,83,2027,5,1187.28,109.45,283.44,106.86,796.98
3785,84,2027,5,1124.27,82.17,143.06,101.18,880.03
3786,86,2027,5,3981.91,0.00,464.29,358.37,3159.25
3787,87,2027,5,1789.62,192.04,356.18,161.07,1272.37
3788,88,2027,5,2427.44,270.58,543.09,218.47,1665.88
3789,89,2027,5,1977.77,243.39,246.73,178.00,1553.04
3790,91,2027,5,1524.06,0.00,288.87,137.17,1098.02
3791,92,2027,5,5017.03,760.01,874.76,451.53,3690.74
3792,93,2027,5,1480.77,81.07,268.01,133.27,1079.49
3793,94,2027,5,1792.43,106.39,397.66,161.32,1233.45
3794,96,2027,5,4276.27,506.18,690.25,384.86,3201.16
3795,97,2027,5,3088.42,372.59,689.01,277.96,2121.45
3796,98,2027,5,2448.83,223.10,463.96,220.39,1764.48
3797,99,2027,5,2190.13,133.04,401.94,197.11,1591.08
3798,101,2027,5,1083.21,155.37,180.29,97.49,805.43
3799,102,2027,5,3369.01,561.26,538.88,303.21,2526.92
3800,103,2027,5,1534.57,0.00,338.40,138.11,1058.06
3801,104,2027,5,1163.23,0.00,232.94,104.69,825.60
3802,106,2027,5,1005.73,0.00,171.16,90.52,744.05
3803,107,2027,5,4257.11,653.35,431.53,383.14,3442.44
3804,108,2027,5,962.64,55.03,110.02,86.64,765.98
3805,109,2027,5,746.40,0.00,78.44,67.18,600.78
3806,111,2027,5,2301.99,331.14,506.71,207.18,1588.10
3807,112,2027,5,2924.45,429.86,356.74,263.20,2304.51
3808,113,2027,5,2673.14,0.00,665.41,240.58,1767.15
3809,114,2027,5,1610.79,0.00,292.62,144.97,1173.20
3810,116,2027,5,1330.83,133.26,296.27,119.77,914.79
3811,117,2027,5,715.24,108.31,146.26,64.37,504.61
3812,118,2027,5,1024.16,111.26,202.98,92.17,729.01
3813,119,2027,5,2649.37,200.73,487.37,238.44,1923.56
3814,1,2027,6,1006.47,0.00,118.19,90.58,797.70
3815,2,2027,6,1402.28,0.00,176.04,126.21,1100.03
3816,3,2027,6,2823.07,205.15,420.16,254.08,2148.83
3817,4,2027,6,3363.14,0.00,500.50,302.68,2559.96
3818,6,2027,6,1929.33,156.22,462.63,173.64,1293.06
3819,7,2027,6,3571.05,475.82,767.01,321.39,2482.65
3820,8,2027,6,3412.66,363.86,370.28,307.14,2735.24
3821,9,2027,6,1217.10,107.50,281.11,109.54,826.45
3822,11,2027,6,1538.00,174.57,227.04,138.42,1172.54
3823,12,2027,6,672.00,0.00,85.39,60.48,526.13
3824,13,2027,6,1014.97,121.31,160.92,91.35,762.70
3825,14,2027,6,2979.04,0.00,303.75,268.11,2407.18
3826,16,2027,6,2016.01,278.59,387.08,181.44,1447.49
3827,17,2027,6,1604.45,170.40,332.48,144.40,1127.57
3828,18,2027,6,3684.63,0.00,834.65,331.62,2518.36
3829,19,2027,6,1108.09,135.15,125.70,99.73,882.66
3830,21,2027,6,797.53,46.62,126.81,71.78,598.94
3831,22,2027,6,1899.49,198.52,203.86,170.95,1524.68
3832,23,2027,6,1724.60,171.56,246.41,155.21,1322.98
3833,24,2027,6,1193.36,0.00,162.66,107.40,923.30
3834,26,2027,6,1048.07,53.58,179.95,94.33,773.79
3835,27,2027,6,1722.74,0.00,205.43,155.05,1362.26
3836,28,2027,6,1671.76,109.92,309.30,150.46,1212.00
3837,31,2027,6,1308.35,134.64,303.13,117.75,887.47
3838,32,2027,6,1640.31,0.00,371.66,147.63,1121.02
3839,33,2027,6,1896.92,123.69,434.54,170.72,1291.66
3840,34,2027,6,1528.32,247.61,165.62,137.55,1225.15
3841,36,2027,6,1972.25,306.50,265.35,177.50,1529.40
3842,37,2027,6,1156.46,150.77,274.59,104.08,777.79
3843,38,2027,6,4417.40,308.25,497.74,397.57,3522.09
3844,39,2027,6,1672.61,157.08,172.66,150.53,1349.42
3845,41,2027,6,2562.90,0.00,298.02,230.66,2034.22
3846,42,2027,6,3444.39,526.15,358.20,310.00,2776.19
3847,43,2027,6,2836.12,333.98,369.01,255.25,2211.86
3848,44,2027,6,1523.79,86.61,230.05,137.14,1156.60
3849,46,2027,6,2419.36,254.24,519.98,217.74,1681.64
3850,47,2027,6,869.64,54.54,102.22,78.27,689.15
3851,48,2027,6,2364.36,0.00,549.12,212.79,1602.45
3852,49,2027,6,1225.88,164.35,212.31,110.33,903.24
3853,51,2027,6,4747.49,383.31,639.55,427.27,3680.67
3854,52,2027,6,2396.88,210.41,361.77,215.72,1819.39
3855,53,2027,6,2008.38,302.16,477.05,180.75,1350.58
3856,54,2027,6,4157.69,0.00,703.79,374.19,3079.71
3857,56,2027,6,2414.02,0.00,430.77,217.26,1765.99
3858,57,2027,6,1878.55,0.00,407.61,169.07,1301.87
3859,58,2027,6,1075.12,67.17,185.63,96.76,792.73
3860,59,2027,6,1015.41,0.00,252.67,91.39,671.35
3861,61,2027,6,697.26,76.90,109.83,62.75,524.68
3862,62,2027,6,1041.64,55.28,242.76,93.75,705.13
3863,63,2027,6,968.43,0.00,229.13,87.16,652.14
3864,64,2027,6,819.61,73.02,175.79,73.76,570.06
3865,66,2027,6,986.86,48.35,168.36,88.82,729.68
3866,67,2027,6,1278.27,0.00,166.69,115.04,996.54
3867,68,2027,6,1175.51,0.00,226.06,105.80,843.65
3868,69,2027,6,1705.06,260.44,301.92,153.46,1249.68
3869,71,2027,6,4405.96,369.02,764.33,396.54,3245.09
3870,72,2027,6,1390.25,176.37,204.44,125.12,1060.69
3871,74,2027,6,1813.24,173.30,417.57,163.19,1232.48
3872,76,2027,6,969.41,0.00,175.64,87.25,706.52
3873,77,2027,6,1522.11,0.00,258.62,136.99,1126.50
3874,78,2027,6,967.53,0.00,239.61,87.08,640.84
3875,81,2027,6,969.79,0.00,170.87,87.28,711.64
3876,82,2027,6,1700.59,0.00,372.23,153.05,1175.31
3877,83,2027,6,1077.83,0.00,186.48,97.00,794.35
3878,84,2027,6,1112.19,70.09,249.69,100.10,762.40
3879,86,2027,6,4500.39,518.48,624.71,405.04,3470.64
3880,87,2027,6,1838.41,240.83,263.66,165.46,1409.29
3881,88,2027,6,2359.69,202.83,296.43,212.37,1850.89
3882,89,2027,6,1913.24,178.86,435.52,172.19,1305.53
3883,91,2027,6,1524.06,0.00,245.41,137.17,1141.48
3884,92,2027,6,4515.52,258.50,1116.86,406.40,2992.26
3885,93,2027,6,1582.53,182.83,299.91,142.43,1140.19
3886,94,2027,6,1787.15,101.11,237.24,160.84,1389.07
3887,96,2027,6,4414.51,644.42,676.05,397.31,3341.15
3888,97,2027,6,3137.31,421.48,524.55,282.36,2330.40
3889,98,2027,6,2225.73,0.00,334.77,200.32,1690.64
3890,99,2027,6,2057.09,0.00,314.83,185.14,1557.12
3891,101,2027,6,1070.87,143.03,206.47,96.38,768.02
3892,102,2027,6,2807.75,0.00,363.27,252.70,2191.78
3893,103,2027,6,1646.55,111.98,392.18,148.19,1106.18
3894,104,2027,6,1163.23,0.00,285.60,104.69,772.94
3895,106,2027,6,1077.37,71.64,184.75,96.96,795.66
3896,107,2027,6,3979.02,375.26,953.01,358.11,2667.90
3897,108,2027,6,959.57,51.96,173.46,86.36,699.75
3898,109,2027,6,797.25,50.85,194.82,71.75,530.68
3899,111,2027,6,2176.10,205.25,366.42,195.85,1613.83
3900,112,2027,6,2494.59,0.00,479.55,224.51,1790.53
3901,113,2027,6,3039.53,366.39,507.77,273.56,2258.20
3902,114,2027,6,1722.33,111.54,213.55,155.01,1353.77
3903,116,2027,6,1364.08,166.51,284.52,122.77,956.79
3904,117,2027,6,639.25,32.32,120.74,57.53,460.98
3905,118,2027,6,1055.62,142.72,240.58,95.01,720.03
3906,119,2027,6,2448.64,0.00,291.12,220.38,1937.14
3907,1,2027,7,1006.47,0.00,209.16,90.58,706.73
3908,2,2027,7,1582.35,180.07,349.60,142.41,1090.34
3909,3,2027,7,3100.83,482.91,353.37,279.07,2468.39
3910,4,2027,7,3834.37,471.23,772.20,345.09,2717.08
3911,6,2027,7,2090.13,317.02,385.00,188.11,1517.02
3912,7,2027,7,3095.23,0.00,527.47,278.57,2289.19
3913,8,2027,7,3597.80,549.00,559.72,323.80,2714.28
3914,9,2027,7,1109.60,0.00,134.87,99.86,874.87
3915,11,2027,7,1512.44,149.01,169.54,136.12,1206.78
3916,12,2027,7,672.00,0.00,152.34,60.48,459.18
3917,13,2027,7,981.67,88.01,230.94,88.35,662.38
3918,14,2027,7,3569.76,590.72,532.04,321.28,2716.44
3919,16,2027,7,1918.97,181.55,425.06,172.71,1321.20
3920,17,2027,7,1585.53,151.48,390.14,142.70,1052.69
3921,18,2027,7,4344.06,659.43,454.15,390.97,3498.94
3922,19,2027,7,1133.92,160.98,135.90,102.05,895.97
3923,21,2027,7,829.61,78.70,178.73,74.66,576.22
3924,22,2027,7,1900.61,199.64,472.57,171.05,1256.99
3925,23,2027,7,1645.54,92.50,287.18,148.10,1210.26
3926,24,2027,7,1193.36,0.00,293.63,107.40,792.33
3927,26,2027,7,1048.52,54.03,132.28,94.37,821.87
3928,27,2027,7,1913.23,190.49,381.56,172.19,1359.48
3929,28,2027,7,1561.84,0.00,279.43,140.57,1141.84
3930,31,2027,7,1173.71,0.00,122.59,105.63,945.49
3931,32,2027,7,1640.31,0.00,367.87,147.63,1124.81
3932,33,2027,7,1988.03,214.80,376.35,178.92,1432.76
3933,34,2027,7,1534.00,253.29,213.93,138.06,1182.01
3934,36,2027,7,1751.51,85.76,429.98,157.64,1163.89
3935,37,2027,7,1084.71,79.02,188.56,97.62,798.53
3936,38,2027,7,4913.50,804.35,630.84,442.22,3840.44
3937,39,2027,7,1515.53,0.00,285.43,136.40,1093.70
3938,41,2027,7,2877.81,314.91,666.62,259.00,1952.19
3939,42,2027,7,3072.93,154.69,449.53,276.56,2346.84
3940,43,2027,7,2810.26,308.12,698.40,252.92,1858.94
3941,44,2027,7,1609.94,172.76,372.84,144.89,1092.21
3942,46,2027,7,2363.81,198.69,394.60,212.74,1756.47
3943,47,2027,7,934.09,118.99,95.11,84.07,754.91
3944,48,2027,7,2364.36,0.00,473.96,212.79,1677.61
3945,49,2027,7,1212.61,151.08,176.28,109.13,927.20
3946,51,2027,7,4859.19,495.01,570.50,437.33,3851.36
3947,52,2027,7,2186.47,0.00,287.60,196.78,1702.09
3948,53,2027,7,1706.22,0.00,413.88,153.56,1138.78
3949,54,2027,7,4469.62,311.93,864.76,402.27,3202.59
3950,56,2027,7,2609.82,195.80,335.68,234.88,2039.26
3951,57,2027,7,1878.55,0.00,212.40,169.07,1497.08
3952,58,2027,7,1200.15,192.20,186.61,108.01,905.53
3953,59,2027,7,1015.41,0.00,112.17,91.39,811.85
3954,61,2027,7,620.36,0.00,154.76,55.83,409.77
3955,62,2027,7,986.36,0.00,143.81,88.77,753.78
3956,63,2027,7,1137.82,169.39,269.85,102.40,765.57
3957,64,2027,7,746.59,0.00,144.87,67.19,534.53
3958,66,2027,7,1081.55,143.04,217.73,97.34,766.48
3959,67,2027,7,1278.27,0.00,246.44,115.04,916.79
3960,68,2027,7,1175.51,0.00,236.47,105.80,833.24
3961,69,2027,7,1444.62,0.00,198.03,130.02,1116.57
3962,71,2027,7,4036.94,0.00,783.29,363.32,2890.33
3963,72,2027,7,1399.43,185.55,284.50,125.95,988.98
3964,74,2027,7,1934.81,294.87,242.27,174.13,1518.41
3965,76,2027,7,969.41,0.00,201.24,87.25,680.92
3966,77,2027,7,1624.50,102.39,166.20,146.21,1312.09
3967,78,2027,7,1104.75,137.22,253.96,99.43,751.36
3968,81,2027,7,1144.36,174.57,261.19,102.99,780.18
3969,82,2027,7,1991.70,291.11,203.89,179.25,1608.56
3970,83,2027,7,1168.81,90.98,148.60,105.19,915.02
3971,84,2027,7,1042.10,0.00,188.44,93.79,759.87
3972,86,2027,7,3981.91,0.00,762.33,358.37,2861.21
3973,87,2027,7,1853.33,255.75,444.37,166.80,1242.16
3974,88,2027,7,2423.45,266.59,272.07,218.11,1933.27
3975,89,2027,7,1935.20,200.82,304.56,174.17,1456.47
3976,91,2027,7,1791.68,267.62,285.47,161.25,1344.96
3977,92,2027,7,4560.96,303.94,672.06,410.49,3478.41
3978,93,2027,7,1399.70,0.00,308.98,125.97,964.75
3979,94,2027,7,1885.13,199.09,343.47,169.66,1372.00
3980,96,2027,7,4098.73,328.64,473.81,368.89,3256.03
3981,97,2027,7,3084.06,368.23,550.51,277.57,2255.98
3982,98,2027,7,2655.79,430.06,289.16,239.02,2127.61
3983,99,2027,7,2462.30,405.21,469.64,221.61,1771.05
3984,101,2027,7,927.84,0.00,177.56,83.51,666.77
3985,102,2027,7,3002.96,195.21,424.72,270.27,2307.97
3986,103,2027,7,1640.01,105.44,324.31,147.60,1168.10
3987,104,2027,7,1302.53,139.30,261.77,117.23,923.53
3988,106,2027,7,1181.79,176.06,163.69,106.36,911.74
3989,107,2027,7,3861.06,257.30,597.80,347.50,2915.76
3990,108,2027,7,1075.75,168.14,157.52,96.82,821.41
3991,109,2027,7,815.54,69.14,190.83,73.40,551.31
3992,111,2027,7,2184.71,213.86,253.98,196.62,1734.11
3993,112,2027,7,2818.68,324.09,514.08,253.68,2050.92
3994,113,2027,7,2673.14,0.00,303.75,240.58,2128.81
3995,114,2027,7,1610.79,0.00,350.46,144.97,1115.36
3996,116,2027,7,1270.75,73.18,263.36,114.37,893.02
3997,117,2027,7,693.61,86.68,73.06,62.42,558.13
3998,118,2027,7,912.90,0.00,159.85,82.16,670.89
3999,119,2027,7,2642.09,193.45,402.72,237.79,2001.58
4000,1,2027,8,1006.47,0.00,219.68,90.58,696.21
4001,2,2027,8,1648.16,245.88,376.82,148.33,1123.01
4002,3,2027,8,2878.84,260.92,423.19,259.10,2196.55
4003,4,2027,8,3998.75,635.61,947.60,359.89,2691.26
4004,6,2027,8,1912.36,139.25,361.41,172.11,1378.84
4005,7,2027,8,3342.07,246.84,737.66,300.79,2303.62
4006,8,2027,8,3535.37,486.57,547.71,318.18,2669.48
4007,9,2027,8,1181.03,71.43,217.79,106.29,856.95
4008,11,2027,8,1624.14,260.71,193.96,146.17,1284.01
4009,12,2027,8,778.88,106.88,97.25,70.10,611.53
4010,13,2027,8,1037.75,144.09,222.80,93.40,721.55
4011,14,2027,8,3440.12,461.08,703.70,309.61,2426.81
4012,16,2027,8,2047.71,310.29,240.82,184.29,1622.60
4013,17,2027,8,1434.05,0.00,298.86,129.06,1006.13
4014,18,2027,8,4241.68,557.05,848.65,381.75,3011.28
4015,19,2027,8,972.94,0.00,178.96,87.56,706.42
4016,21,2027,8,859.08,108.17,157.02,77.32,624.74
4017,22,2027,8,1973.40,272.43,208.61,177.61,1587.18
4018,23,2027,8,1822.15,269.11,222.59,163.99,1435.57
4019,24,2027,8,1193.36,0.00,284.30,107.40,801.66
4020,26,2027,8,1071.05,76.56,192.71,96.39,781.95
4021,27,2027,8,1722.74,0.00,178.31,155.05,1389.38
4022,28,2027,8,1791.87,230.03,182.31,161.27,1448.29
4023,31,2027,8,1173.71,0.00,210.16,105.63,857.92
4024,32,2027,8,1640.31,0.00,387.86,147.63,1104.82
4025,33,2027,8,2005.78,232.55,424.04,180.52,1401.22
4026,34,2027,8,1280.71,0.00,171.39,115.26,994.06
4027,36,2027,8,1899.02,233.27,313.86,170.91,1414.25
4028,37,2027,8,1141.97,136.28,238.36,102.78,800.83
4029,38,2027,8,4559.00,449.85,619.94,410.31,3528.75
4030,39,2027,8,1515.53,0.00,226.48,136.40,1152.65
4031,41,2027,8,2730.81,167.91,544.19,245.77,1940.85
4032,42,2027,8,3068.10,149.86,329.07,276.13,2462.90
4033,43,2027,8,2502.14,0.00,598.81,225.19,1678.14
4034,44,2027,8,1554.72,117.54,169.59,139.92,1245.21
4035,46,2027,8,2323.23,158.11,499.43,209.09,1614.71
4036,47,2027,8,924.30,109.20,187.18,83.19,653.93
4037,48,2027,8,2708.90,344.54,668.16,243.80,1796.94
4038,49,2027,8,1263.84,202.31,271.20,113.75,878.89
4039,51,2027,8,4364.18,0.00,925.99,392.78,3045.41
4040,52,2027,8,2405.42,218.95,429.81,216.49,1759.12
4041,53,2027,8,1926.24,220.02,415.62,173.36,1337.26
4042,54,2027,8,4157.69,0.00,467.95,374.19,3315.55
4043,56,2027,8,2767.78,353.76,476.61,249.10,2042.07
4044,57,2027,8,2235.95,357.40,306.67,201.24,1728.04
4045,58,2027,8,1122.46,114.51,250.30,101.02,771.14
4046,59,2027,8,1169.43,154.02,276.01,105.25,788.17
4047,61,2027,8,724.13,103.77,116.72,65.17,542.24
4048,62,2027,8,1072.05,85.69,130.93,96.48,844.64
4049,63,2027,8,968.43,0.00,177.96,87.16,703.31
4050,64,2027,8,815.47,68.88,85.75,73.39,656.33
4051,66,2027,8,938.51,0.00,168.42,84.47,685.62
4052,67,2027,8,1486.96,208.69,320.17,133.83,1032.96
4053,68,2027,8,1337.85,162.34,174.02,120.41,1043.42
4054,69,2027,8,1444.62,0.00,274.61,130.02,1039.99
4055,71,2027,8,4036.94,0.00,771.34,363.32,2902.28
4056,72,2027,8,1213.88,0.00,145.11,109.25,959.52
4057,74,2027,8,1639.94,0.00,166.66,147.59,1325.69
4058,76,2027,8,1022.71,53.30,213.76,92.04,716.91
4059,77,2027,8,1710.01,187.90,388.08,153.90,1168.03
4060,78,2027,8,1055.65,88.12,118.47,95.01,842.17
4061,81,2027,8,1118.04,148.25,224.28,100.62,793.14
4062,82,2027,8,1700.59,0.00,289.53,153.05,1258.01
4063,83,2027,8,1271.23,193.40,308.95,114.41,847.87
4064,84,2027,8,1042.10,0.00,109.77,93.79,838.54
4065,86,2027,8,4236.59,254.68,770.32,381.29,3084.98
4066,87,2027,8,1822.45,224.87,368.23,164.02,1290.20
4067,88,2027,8,2553.26,396.40,523.34,229.79,1800.13
4068,89,2027,8,1825.41,91.03,350.45,164.29,1310.67
4069,91,2027,8,1524.06,0.00,207.88,137.17,1179.01
4070,92,2027,8,4257.02,0.00,484.31,383.13,3389.58
4071,93,2027,8,1587.19,187.49,372.38,142.85,1071.96
4072,94,2027,8,1858.34,172.30,273.80,167.25,1417.29
4073,96,2027,8,4367.83,597.74,447.30,393.10,3527.43
4074,97,2027,8,3054.56,338.73,655.09,274.91,2124.56
4075,98,2027,8,2225.73,0.00,327.77,200.32,1697.64
4076,99,2027,8,2196.67,139.58,468.97,197.70,1530.00
4077,101,2027,8,1093.87,166.03,112.72,98.45,882.70
4078,102,2027,8,3180.97,373.22,411.58,286.29,2483.10
4079,103,2027,8,1534.57,0.00,157.55,138.11,1238.91
4080,104,2027,8,1163.23,0.00,216.52,104.69,842.02
4081,106,2027,8,1169.23,163.50,164.00,105.23,900.00
4082,107,2027,8,3603.76,0.00,710.79,324.34,2568.63
4083,108,2027,8,1075.64,168.03,203.89,96.81,774.94
4084,109,2027,8,746.40,0.00,144.17,67.18,535.05
4085,111,2027,8,1970.85,0.00,323.23,177.38,1470.24
4086,112,2027,8,2813.11,318.52,496.81,253.18,2063.12
4087,113,2027,8,2993.95,320.81,449.57,269.46,2274.92
4088,114,2027,8,1610.79,0.00,247.06,144.97,1218.76
4089,116,2027,8,1392.50,194.93,320.44,125.33,946.73
4090,117,2027,8,606.93,0.00,134.17,54.62,418.14
4091,118,2027,8,1030.87,117.97,145.03,92.78,793.06
4092,119,2027,8,2587.17,138.53,609.81,232.85,1744.51
4093,1,2027,9,1093.92,87.45,118.16,98.45,877.31
4094,2,2027,9,1574.93,172.65,357.98,141.74,1075.21
4095,3,2027,9,2889.46,271.54,483.25,260.05,2146.16
4096,4,2027,9,3363.14,0.00,583.79,302.68,2476.67
4097,6,2027,9,1937.84,164.73,361.09,174.41,1402.34
4098,7,2027,9,3095.23,0.00,482.09,278.57,2334.57
4099,8,2027,9,3604.50,555.70,366.32,324.41,2913.77
4100,9,2027,9,1167.11,57.51,262.72,105.04,799.35
4101,11,2027,9,1363.43,0.00,170.33,122.71,1070.39
4102,12,2027,9,771.20,99.20,188.70,69.41,513.09
4103,13,2027,9,999.63,105.97,201.27,89.97,708.39
4104,14,2027,9,2979.04,0.00,300.32,268.11,2410.61
4105,16,2027,9,1737.42,0.00,179.47,156.37,1401.58
4106,17,2027,9,1434.05,0.00,222.76,129.06,1082.23
4107,18,2027,9,4317.58,632.95,631.35,388.58,3297.65
4108,19,2027,9,972.94,0.00,185.13,87.56,700.25
4109,21,2027,9,863.04,112.13,116.08,77.67,669.29
4110,22,2027,9,1700.97,0.00,202.76,153.09,1345.12
4111,23,2027,9,1553.04,0.00,239.64,139.77,1173.63
4112,24,2027,9,1383.06,189.70,251.30,124.48,1007.28
4113,26,2027,9,1056.99,62.50,232.00,95.13,729.86
4114,27,2027,9,1870.86,148.12,193.15,168.38,1509.33
4115,28,2027,9,1845.50,283.66,245.99,166.10,1433.41
4116,31,2027,9,1359.29,185.58,170.95,122.34,1066.00
4117,32,2027,9,1960.45,320.14,416.32,176.44,1367.69
4118,33,2027,9,2117.96,344.73,303.17,190.62,1624.17
4119,34,2027,9,1515.12,234.41,329.82,136.36,1048.94
4120,36,2027,9,1665.75,0.00,405.76,149.92,1110.07
4121,37,2027,9,1075.12,69.43,209.96,96.76,768.40
4122,38,2027,9,4359.10,249.95,1072.86,392.32,2893.92
4123,39,2027,9,1670.49,154.96,362.26,150.34,1157.89
4124,41,2027,9,3042.86,479.96,315.36,273.86,2453.64
4125,42,2027,9,3417.31,499.07,806.23,307.56,2303.52
4126,43,2027,9,2502.14,0.00,563.16,225.19,1713.79
4127,44,2027,9,1657.17,219.99,395.02,149.15,1113.00
4128,46,2027,9,2594.18,429.06,370.63,233.48,1990.07
4129,47,2027,9,913.43,98.33,222.55,82.21,608.67
4130,48,2027,9,2484.08,119.72,581.86,223.57,1678.65
4131,49,2027,9,1214.00,152.47,255.35,109.26,849.39
4132,51,2027,9,5119.44,755.26,1038.45,460.75,3620.24
4133,52,2027,9,2550.97,364.50,633.61,229.59,1687.77
4134,53,2027,9,1815.11,108.89,351.62,163.36,1300.13
4135,54,2027,9,4592.03,434.34,647.29,413.28,3531.46
4136,56,2027,9,2414.02,0.00,444.52,217.26,1752.24
4137,57,2027,9,2028.93,150.38,224.75,182.60,1621.58
4138,58,2027,9,1145.24,137.29,217.50,103.07,824.67
4139,59,2027,9,1015.41,0.00,187.90,91.39,736.12
4140,61,2027,9,620.36,0.00,97.22,55.83,467.31
4141,62,2027,9,1047.58,61.22,241.98,94.28,711.32
4142,63,2027,9,968.43,0.00,97.69,87.16,783.58
4143,64,2027,9,812.09,65.50,117.30,73.09,621.70
4144,66,2027,9,1090.33,151.82,198.18,98.13,794.02
4145,67,2027,9,1498.42,220.15,285.65,134.86,1077.91
4146,68,2027,9,1246.69,71.18,240.99,112.20,893.50
4147,69,2027,9,1653.24,208.62,276.85,148.79,1227.60
4148,71,2027,9,4512.79,475.85,574.14,406.15,3532.50
4149,72,2027,9,1312.00,98.12,205.55,118.08,988.37
4150,74,2027,9,1639.94,0.00,220.00,147.59,1272.35
4151,76,2027,9,969.41,0.00,231.55,87.25,650.61
4152,77,2027,9,1721.46,199.35,355.19,154.93,1211.34
4153,78,2027,9,1088.21,120.68,225.69,97.94,764.58
4154,81,2027,9,969.79,0.00,137.55,87.28,744.96
4155,82,2027,9,1700.59,0.00,388.26,153.05,1159.28
4156,83,2027,9,1251.71,173.88,148.80,112.65,990.26
4157,84,2027,9,1193.72,151.62,293.88,107.43,792.41
4158,86,2027,9,4713.61,731.70,873.81,424.22,3415.58
4159,87,2027,9,1597.58,0.00,194.96,143.78,1258.84
4160,88,2027,9,2156.86,0.00,431.95,194.12,1530.79
4161,89,2027,9,1919.60,185.22,440.37,172.76,1306.47
4162,91,2027,9,1524.06,0.00,221.10,137.17,1165.79
4163,92,2027,9,5072.95,815.93,1127.23,456.57,3489.15
4164,93,2027,9,1399.70,0.00,298.84,125.97,974.89
4165,94,2027,9,1686.04,0.00,179.94,151.74,1354.36
4166,96,2027,9,3770.09,0.00,400.52,339.31,3030.26
4167,97,2027,9,2715.83,0.00,428.98,244.42,2042.43
4168,98,2027,9,2659.81,434.08,648.47,239.38,1771.96
4169,99,2027,9,2341.54,284.45,326.82,210.74,1803.98
4170,101,2027,9,1110.14,182.30,147.94,99.91,862.29
4171,102,2027,9,2807.75,0.00,378.20,252.70,2176.85
4172,103,2027,9,1703.20,168.63,206.16,153.29,1343.75
4173,104,2027,9,1238.48,75.25,305.58,111.46,821.44
4174,106,2027,9,1064.03,58.30,181.86,95.76,786.41
4175,107,2027,9,3603.76,0.00,687.40,324.34,2592.02
4176,108,2027,9,985.54,77.93,240.94,88.70,655.90
4177,109,2027,9,746.40,0.00,142.10,67.18,537.12
4178,111,2027,9,2299.96,329.11,487.73,207.00,1605.23
4179,112,2027,9,2894.90,400.31,504.78,260.54,2129.58
4180,113,2027,9,2673.14,0.00,612.33,240.58,1820.23
4181,114,2027,9,1905.50,294.71,462.46,171.50,1271.54
4182,116,2027,9,1197.57,0.00,233.47,107.78,856.32
4183,117,2027,9,679.64,72.71,140.16,61.17,478.31
4184,118,2027,9,912.90,0.00,173.44,82.16,657.30
4185,119,2027,9,2580.23,131.59,424.38,232.22,1923.63
4186,1,2027,10,1006.47,0.00,113.05,90.58,802.84
4187,2,2027,10,1402.28,0.00,285.78,126.21,990.29
4188,3,2027,10,2909.31,291.39,444.85,261.84,2202.62
4189,4,2027,10,3848.56,485.42,692.14,346.37,2810.05
4190,6,2027,10,1935.39,162.28,210.91,174.19,1550.29
4191,7,2027,10,3326.24,231.01,539.66,299.36,2487.22
4192,8,2027,10,3505.50,456.70,655.77,315.50,2534.23
4193,9,2027,10,1296.64,187.04,174.98,116.70,1004.96
4194,11,2027,10,1486.83,123.40,364.73,133.81,988.29
4195,12,2027,10,672.00,0.00,93.56,60.48,517.96
4196,13,2027,10,893.66,0.00,122.97,80.43,690.26
4197,14,2027,10,3310.84,331.80,405.19,297.98,2607.67
4198,16,2027,10,1862.10,124.68,233.61,167.59,1460.90
4199,17,2027,10,1625.70,191.65,296.21,146.31,1183.18
4200,18,2027,10,3684.63,0.00,751.29,331.62,2601.72
4201,19,2027,10,972.94,0.00,130.56,87.56,754.82
4202,21,2027,10,799.38,48.47,129.85,71.94,597.59
4203,22,2027,10,1965.62,264.65,240.19,176.91,1548.52
4204,23,2027,10,1792.99,239.95,340.41,161.37,1291.21
4205,24,2027,10,1383.48,190.12,330.98,124.51,927.99
4206,26,2027,10,1117.36,122.87,126.25,100.56,890.55
4207,27,2027,10,1951.06,228.32,448.30,175.60,1327.16
4208,28,2027,10,1822.60,260.76,421.07,164.03,1237.50
4209,31,2027,10,1173.71,0.00,209.23,105.63,858.85
4210,32,2027,10,1735.10,94.79,352.89,156.16,1226.05
4211,33,2027,10,1773.23,0.00,279.50,159.59,1334.14
4212,34,2027,10,1280.71,0.00,146.48,115.26,1018.97
4213,36,2027,10,1665.75,0.00,257.43,149.92,1258.40
4214,37,2027,10,1062.93,57.24,225.62,95.66,741.65
4215,38,2027,10,4791.57,682.42,520.57,431.24,3839.76
4216,39,2027,10,1741.40,225.87,278.96,156.73,1305.71
4217,41,2027,10,2562.90,0.00,611.89,230.66,1720.35
4218,42,2027,10,3485.86,567.62,439.51,313.73,2732.62
4219,43,2027,10,2767.99,265.85,665.80,249.12,1853.07
4220,44,2027,10,1721.83,284.65,238.48,154.96,1328.39
4221,46,2027,10,2165.12,0.00,489.61,194.86,1480.65
4222,47,2027,10,815.10,0.00,163.04,73.36,578.70
4223,48,2027,10,2518.88,154.52,497.51,226.70,1794.67
4224,49,2027,10,1236.62,175.09,123.91,111.30,1001.41
4225,51,2027,10,4932.98,568.80,903.25,443.97,3585.76
4226,52,2027,10,2186.47,0.00,269.65,196.78,1720.04
4227,53,2027,10,1706.22,0.00,418.42,153.56,1134.24
4228,54,2027,10,4987.19,829.50,530.74,448.85,4007.60
4229,56,2027,10,2414.02,0.00,600.13,217.26,1596.63
4230,57,2027,10,1878.55,0.00,311.13,169.07,1398.35
4231,58,2027,10,1118.24,110.29,272.08,100.64,745.52
4232,59,2027,10,1077.90,62.49,207.86,97.01,773.03
4233,61,2027,10,694.39,74.03,144.41,62.50,487.48
4234,62,2027,10,986.36,0.00,232.14,88.77,665.45
4235,63,2027,10,1113.54,145.11,229.00,100.22,784.32
4236,64,2027,10,841.30,94.71,208.64,75.72,556.94
4237,66,2027,10,988.34,49.83,234.45,88.95,664.94
4238,67,2027,10,1498.49,220.22,271.30,134.86,1092.33
4239,68,2027,10,1175.51,0.00,233.76,105.80,835.95
4240,69,2027,10,1659.64,215.02,343.48,149.37,1166.79
4241,71,2027,10,4725.34,688.40,651.08,425.28,3648.98
4242,72,2027,10,1363.63,149.75,320.19,122.73,920.71
4243,74,2027,10,1639.94,0.00,271.06,147.59,1221.29
4244,76,2027,10,969.41,0.00,123.23,87.25,758.93
4245,77,2027,10,1716.51,194.40,365.88,154.49,1196.14
4246,78,2027,10,967.53,0.00,216.29,87.08,664.16
4247,81,2027,10,1143.52,173.73,269.70,102.92,770.90
4248,82,2027,10,1788.13,87.54,235.98,160.93,1391.22
4249,83,2027,10,1077.83,0.00,195.34,97.00,785.49
4250,84,2027,10,1152.23,110.13,125.31,103.70,923.22
4251,86,2027,10,3981.91,0.00,826.18,358.37,2797.36
4252,87,2027,10,1597.58,0.00,181.17,143.78,1272.63
4253,88,2027,10,2156.86,0.00,296.17,194.12,1666.57
4254,89,2027,10,2061.11,326.73,395.16,185.50,1480.45
4255,91,2027,10,1524.06,0.00,292.75,137.17,1094.14
4256,92,2027,10,4257.02,0.00,528.43,383.13,3345.46
4257,93,2027,10,1399.70,0.00,251.58,125.97,1022.15
4258,94,2027,10,1686.04,0.00,333.65,151.74,1200.65
4259,96,2027,10,3770.09,0.00,724.88,339.31,2705.90
4260,97,2027,10,3183.31,467.48,736.29,286.50,2160.52
4261,98,2027,10,2351.59,125.86,382.07,211.64,1757.88
4262,99,2027,10,2316.74,259.65,470.14,208.51,1638.09
4263,101,2027,10,1040.21,112.37,205.57,93.62,741.02
4264,102,2027,10,3035.11,227.36,548.07,273.16,2213.88
4265,103,2027,10,1534.57,0.00,319.31,138.11,1077.15
4266,104,2027,10,1370.54,207.31,150.24,123.35,1096.95
4267,106,2027,10,1144.96,139.23,231.04,103.05,810.87
4268,107,2027,10,3830.31,226.55,702.43,344.73,2783.15
4269,108,2027,10,1081.44,173.83,132.60,97.33,851.51
4270,109,2027,10,802.05,55.65,86.10,72.18,643.77
4271,111,2027,10,2253.23,282.38,511.95,202.79,1538.49
4272,112,2027,10,2742.43,247.84,488.62,246.82,2006.99
4273,113,2027,10,3019.33,346.19,661.62,271.74,2085.97
4274,114,2027,10,1817.25,206.46,308.08,163.55,1345.62
4275,116,2027,10,1325.86,128.29,260.12,119.33,946.41
4276,117,2027,10,606.93,0.00,96.72,54.62,455.59
4277,118,2027,10,1060.87,147.97,165.86,95.48,799.53
4278,119,2027,10,2591.37,142.73,401.80,233.22,1956.35
4279,1,2027,11,1093.82,87.35,145.24,98.44,850.14
4280,2,2027,11,1499.62,97.34,279.56,134.97,1085.09
4281,3,2027,11,3036.86,418.94,390.43,273.32,2373.11
4282,4,2027,11,3625.34,262.20,730.97,326.28,2568.09
4283,6,2027,11,1890.73,117.62,205.99,170.17,1514.57
4284,7,2027,11,3565.24,470.01,613.35,320.87,2631.02
4285,8,2027,11,3375.10,326.30,746.73,303.76,2324.61
4286,9,2027,11,1178.45,68.85,241.34,106.06,831.05
4287,11,2027,11,1363.43,0.00,169.86,122.71,1070.86
4288,12,2027,11,672.00,0.00,150.54,60.48,460.98
4289,13,2027,11,969.62,75.96,146.21,87.27,736.14
4290,14,2027,11,3551.92,572.88,762.66,319.67,2469.59
4291,16,2027,11,1979.31,241.89,209.98,178.14,1591.19
4292,17,2027,11,1714.50,280.45,324.95,154.31,1235.24
4293,18,2027,11,3684.63,0.00,686.09,331.62,2666.92
4294,19,2027,11,1101.43,128.49,237.81,99.13,764.49
4295,21,2027,11,750.91,0.00,164.49,67.58,518.84
4296,22,2027,11,1700.97,0.00,202.17,153.09,1345.71
4297,23,2027,11,1687.81,134.77,182.07,151.90,1353.84
4298,24,2027,11,1338.47,145.11,295.61,120.46,922.40
4299,26,2027,11,1128.66,134.17,119.72,101.58,907.36
4300,27,2027,11,1912.09,189.35,330.17,172.09,1409.83
4301,28,2027,11,1561.84,0.00,312.73,140.57,1108.54
4302,31,2027,11,1291.50,117.79,259.78,116.24,915.48
4303,32,2027,11,1918.99,278.68,451.86,172.71,1294.42
4304,33,2027,11,1773.23,0.00,411.26,159.59,1202.38
4305,34,2027,11,1280.71,0.00,239.95,115.26,925.50
4306,36,2027,11,1786.34,120.59,288.15,160.77,1337.42
4307,37,2027,11,1169.39,163.70,287.51,105.25,776.63
4308,38,2027,11,4386.22,277.07,939.20,394.76,3052.26
4309,39,2027,11,1817.59,302.06,348.12,163.58,1305.89
4310,41,2027,11,2562.90,0.00,445.97,230.66,1886.27
4311,42,2027,11,2918.24,0.00,678.32,262.64,1977.28
4312,43,2027,11,2753.10,250.96,641.26,247.78,1864.06
4313,44,2027,11,1609.37,172.19,173.69,144.84,1290.84
4314,46,2027,11,2331.96,166.84,337.65,209.88,1784.43
4315,47,2027,11,961.47,146.37,162.96,86.53,711.98
4316,48,2027,11,2565.61,201.25,639.97,230.90,1694.74
4317,49,2027,11,1061.53,0.00,170.85,95.54,795.14
4318,51,2027,11,4364.18,0.00,929.35,392.78,3042.05
4319,52,2027,11,2186.47,0.00,431.98,196.78,1557.71
4320,53,2027,11,1940.40,234.18,423.53,174.64,1342.23
4321,54,2027,11,4157.69,0.00,803.16,374.19,2980.34
4322,56,2027,11,2790.42,376.40,692.96,251.14,1846.32
4323,57,2027,11,2018.64,140.09,305.05,181.68,1531.91
4324,58,2027,11,1007.95,0.00,106.82,90.72,810.41
4325,59,2027,11,1171.28,155.87,251.41,105.42,814.45
4326,61,2027,11,694.61,74.25,76.60,62.51,555.50
4327,62,2027,11,1115.33,128.97,252.98,100.38,761.97
4328,63,2027,11,1093.09,124.66,238.43,98.38,756.28
4329,64,2027,11,834.59,88.00,105.18,75.11,654.30
4330,66,2027,11,989.51,51.00,190.25,89.06,710.20
4331,67,2027,11,1361.14,82.87,243.84,122.50,994.80
4332,68,2027,11,1256.41,80.90,239.14,113.08,904.19
4333,69,2027,11,1596.54,151.92,383.36,143.69,1069.49
4334,71,2027,11,4259.63,222.69,726.29,383.37,3149.97
4335,72,2027,11,1213.88,0.00,271.51,109.25,833.12
4336,74,2027,11,1828.78,188.84,190.30,164.59,1473.89
4337,76,2027,11,1029.54,60.13,242.56,92.66,694.32
4338,77,2027,11,1522.11,0.00,308.79,136.99,1076.33
4339,78,2027,11,1145.64,178.11,234.66,103.11,807.87
4340,81,2027,11,1158.79,189.00,184.05,104.29,870.45
4341,82,2027,11,1700.59,0.00,205.63,153.05,1341.91
4342,83,2027,11,1151.09,73.26,128.25,103.60,919.24
4343,84,2027,11,1042.10,0.00,241.29,93.79,707.02
4344,86,2027,11,3981.91,0.00,982.22,358.37,2641.32
4345,87,2027,11,1841.73,244.15,365.43,165.76,1310.54
4346,88,2027,11,2156.86,0.00,264.97,194.12,1697.77
4347,89,2027,11,1734.38,0.00,430.79,156.09,1147.50
4348,91,2027,11,1697.15,173.09,191.13,152.74,1353.28
4349,92,2027,11,4257.02,0.00,741.10,383.13,3132.79
4350,93,2027,11,1399.70,0.00,271.71,125.97,1002.02
4351,94,2027,11,1686.04,0.00,289.18,151.74,1245.12
4352,96,2027,11,3770.09,0.00,609.65,339.31,2821.13
4353,97,2027,11,3065.65,349.82,753.19,275.91,2036.55
4354,98,2027,11,2225.73,0.00,384.93,200.32,1640.48
4355,99,2027,11,2313.88,256.79,481.20,208.25,1624.43
4356,101,2027,11,927.84,0.00,141.68,83.51,702.65
4357,102,2027,11,3031.32,223.57,592.59,272.82,2165.91
4358,103,2027,11,1621.11,86.54,269.52,145.90,1205.69
4359,104,2027,11,1163.23,0.00,129.99,104.69,928.55
4360,106,2027,11,1005.73,0.00,177.94,90.52,737.27
4361,107,2027,11,3603.76,0.00,381.21,324.34,2898.21
4362,108,2027,11,968.93,61.32,103.54,87.20,778.19
4363,109,2027,11,811.77,65.37,156.68,73.06,582.03
4364,111,2027,11,2330.53,359.68,362.60,209.75,1758.18
4365,112,2027,11,2494.59,0.00,587.24,224.51,1682.84
4366,113,2027,11,3134.00,460.86,485.31,282.06,2366.63
4367,114,2027,11,1885.74,274.95,438.06,169.72,1277.96
4368,116,2027,11,1317.66,120.09,267.59,118.59,931.48
4369,117,2027,11,645.52,38.59,80.18,58.10,507.24
4370,118,2027,11,984.95,72.05,151.38,88.65,744.92
4371,119,2027,11,2448.64,0.00,605.67,220.38,1622.59
4372,1,2027,12,1006.47,0.00,167.52,90.58,748.37
4373,2,2027,12,1593.44,191.16,334.95,143.41,1115.08
4374,3,2027,12,2957.39,339.47,657.08,266.17,2034.14
4375,4,2027,12,4012.21,649.07,598.79,361.10,3052.32
4376,6,2027,12,2107.23,334.12,296.02,189.65,1621.56
4377,7,2027,12,3293.39,198.16,687.74,296.41,2309.24
4378,8,2027,12,3456.86,408.06,736.38,311.12,2409.36
4379,9,2027,12,1109.60,0.00,142.92,99.86,866.82
4380,11,2027,12,1608.87,245.44,225.62,144.80,1238.45
4381,12,2027,12,796.30,124.30,112.61,71.67,612.02
4382,13,2027,12,1015.74,122.08,230.11,91.42,694.21
4383,14,2027,12,3529.52,550.48,371.56,317.66,2840.30
4384,16,2027,12,1901.11,163.69,199.72,171.10,1530.29
4385,17,2027,12,1434.05,0.00,212.19,129.06,1092.80
4386,18,2027,12,4295.97,611.34,832.10,386.64,3077.23
4387,19,2027,12,1043.48,70.54,156.91,93.91,792.66
4388,21,2027,12,750.91,0.00,90.61,67.58,592.72
4389,22,2027,12,1700.97,0.00,322.05,153.09,1225.83
4390,23,2027,12,1648.26,95.22,278.50,148.34,1221.42
4391,24,2027,12,1193.36,0.00,295.46,107.40,790.50
4392,26,2027,12,1127.23,132.74,227.27,101.45,798.51
4393,27,2027,12,1952.82,230.08,380.28,175.75,1396.79
4394,28,2027,12,1766.08,204.24,238.18,158.95,1368.95
4395,31,2027,12,1238.76,65.05,224.36,111.49,902.91
4396,32,2027,12,1809.48,169.17,448.35,162.85,1198.28
4397,33,2027,12,1957.91,184.68,258.95,176.21,1522.75
4398,34,2027,12,1405.50,124.79,267.97,126.50,1011.03
4399,36,2027,12,1665.75,0.00,304.81,149.92,1211.02
4400,37,2027,12,1066.83,61.14,222.01,96.01,748.81
4401,38,2027,12,4792.81,683.66,994.36,431.35,3367.10
4402,39,2027,12,1515.53,0.00,179.87,136.40,1199.26
4403,41,2027,12,3044.26,481.36,312.85,273.98,2457.43
4404,42,2027,12,3337.20,418.96,389.50,300.35,2647.35
4405,43,2027,12,2662.88,160.74,432.91,239.66,1990.31
4406,44,2027,12,1671.39,234.21,258.10,150.43,1262.86
4407,46,2027,12,2495.97,330.85,535.15,224.64,1736.18
4408,47,2027,12,916.79,101.69,121.91,82.51,712.37
4409,48,2027,12,2610.91,246.55,651.33,234.98,1724.60
4410,49,2027,12,1193.23,131.70,258.76,107.39,827.08
4411,51,2027,12,5061.80,697.62,825.10,455.56,3781.14
4412,52,2027,12,2379.58,193.11,440.68,214.16,1724.74
4413,53,2027,12,1706.22,0.00,340.37,153.56,1212.29
4414,54,2027,12,4157.69,0.00,721.47,374.19,3062.03
4415,56,2027,12,2414.02,0.00,366.01,217.26,1830.75
4416,57,2027,12,1878.55,0.00,223.50,169.07,1485.98
4417,58,2027,12,1104.67,96.72,229.82,99.42,775.43
4418,59,2027,12,1104.48,89.07,145.20,99.40,859.88
4419,61,2027,12,620.36,0.00,140.48,55.83,424.05
4420,62,2027,12,986.36,0.00,117.75,88.77,779.84
4421,63,2027,12,1142.81,174.38,179.89,102.85,860.07
4422,64,2027,12,746.59,0.00,121.01,67.19,558.39
4423,66,2027,12,938.51,0.00,152.98,84.47,701.06
4424,67,2027,12,1391.01,112.74,173.43,125.19,1092.39
4425,68,2027,12,1175.51,0.00,258.53,105.80,811.18
4426,69,2027,12,1670.88,226.26,189.24,150.38,1331.26
4427,71,2027,12,4036.94,0.00,574.61,363.32,3099.01
4428,72,2027,12,1377.90,164.02,218.12,124.01,1035.77
4429,74,2027,12,1639.94,0.00,173.68,147.59,1318.67
4430,76,2027,12,1054.22,84.81,236.45,94.88,722.89
4431,77,2027,12,1708.14,186.03,228.94,153.73,1325.47
4432,78,2027,12,1127.50,159.97,243.83,101.48,782.19
4433,81,2027,12,1093.52,123.73,253.81,98.42,741.29
4434,82,2027,12,1943.02,242.43,348.68,174.87,1419.47
4435,83,2027,12,1195.97,118.14,226.36,107.64,861.97
4436,84,2027,12,1114.74,72.64,162.80,100.33,851.61
4437,86,2027,12,3981.91,0.00,865.36,358.37,2758.18
4438,87,2027,12,1700.98,103.40,176.22,153.09,1371.67
4439,88,2027,12,2282.63,125.77,502.40,205.44,1574.79
4440,89,2027,12,2024.84,290.46,325.39,182.24,1517.21
4441,91,2027,12,1635.76,111.70,348.81,147.22,1139.73
4442,92,2027,12,4257.02,0.00,603.69,383.13,3270.20
4443,93,2027,12,1575.05,175.35,182.63,141.75,1250.67
4444,94,2027,12,1686.04,0.00,373.94,151.74,1160.36
4445,96,2027,12,4223.86,453.77,677.37,380.15,3166.34
4446,97,2027,12,3184.90,469.07,449.98,286.64,2448.28
4447,98,2027,12,2598.70,372.97,319.64,233.88,2045.18
4448,99,2027,12,2350.10,293.01,529.57,211.51,1609.02
4449,101,2027,12,927.84,0.00,112.12,83.51,732.21
4450,102,2027,12,2998.26,190.51,512.83,269.84,2215.59
4451,103,2027,12,1534.57,0.00,299.50,138.11,1096.96
4452,104,2027,12,1163.23,0.00,254.60,104.69,803.94
4453,106,2027,12,1108.38,102.65,127.57,99.75,881.06
4454,107,2027,12,3788.23,184.47,750.27,340.94,2697.02
4455,108,2027,12,907.61,0.00,126.50,81.68,699.43
4456,109,2027,12,795.35,48.95,173.13,71.58,550.64
4457,111,2027,12,2276.75,305.90,457.90,204.91,1613.94
4458,112,2027,12,2494.59,0.00,365.36,224.51,1904.72
4459,113,2027,12,3134.64,461.50,708.46,282.12,2144.06
4460,114,2027,12,1743.78,132.99,394.91,156.94,1191.93
4461,116,2027,12,1309.86,112.29,281.53,117.89,910.44
4462,117,2027,12,680.95,74.02,122.42,61.29,497.24
4463,118,2027,12,912.90,0.00,160.25,82.16,670.49
4464,119,2027,12,2858.51,409.87,430.28,257.27,2170.96
