formation_id,date_formation,annee,mois,employe,departement,theme,type,duree_heures,cout
55,2024-01-28,2024,1,Esther Kabila,Direction Générale,Gestion de projet agile,EXTERNE,31,2247.43
558,2024-10-05,2024,10,Esther Kabila,Direction Générale,Service client de qualité,E_LEARNING,14,97.86
655,2024-11-23,2024,11,Esther Kabila,Direction Générale,Power BI et analyse de données,EXTERNE,8,1990.77
820,2025-02-13,2025,2,Esther Kabila,Direction Générale,Excel avancé pour la finance,INTERNE,9,583.62
830,2025-02-18,2025,2,Esther Kabila,Direction Générale,Négociation commerciale,EXTERNE,10,1388.74
989,2025-05-09,2025,5,Esther Kabila,Direction Générale,Excel avancé pour la finance,E_LEARNING,10,334.02
1066,2025-06-16,2025,6,Esther Kabila,Direction Générale,Leadership et management,E_LEARNING,30,284.74
1126,2025-07-16,2025,7,Esther Kabila,Direction Générale,Comptabilité analytique,INTERNE,5,145.39
1192,2025-08-18,2025,8,Esther Kabila,Direction Générale,Service client de qualité,E_LEARNING,27,108.06
1565,2026-02-21,2026,2,Esther Kabila,Direction Générale,Négociation commerciale,EXTERNE,18,1779.40
1662,2026-04-10,2026,4,Esther Kabila,Direction Générale,Leadership et management,E_LEARNING,11,236.73
1702,2026-04-30,2026,4,Esther Kabila,Direction Générale,Négociation commerciale,E_LEARNING,13,239.31
1801,2026-06-19,2026,6,Esther Kabila,Direction Générale,Gestion de projet agile,INTERNE,25,494.71
1917,2026-08-16,2026,8,Esther Kabila,Direction Générale,Sécurité au travail,E_LEARNING,6,122.58
1926,2026-08-20,2026,8,Esther Kabila,Direction Générale,Excel avancé pour la finance,INTERNE,10,114.38
1952,2026-09-02,2026,9,Esther Kabila,Direction Générale,Sécurité au travail,E_LEARNING,15,220.34
1966,2026-09-09,2026,9,Esther Kabila,Direction Générale,Comptabilité analytique,EXTERNE,29,2246.41
1990,2026-09-21,2026,9,Esther Kabila,Direction Générale,Power BI et analyse de données,E_LEARNING,23,143.14
2011,2026-10-02,2026,10,Esther Kabila,Direction Générale,Sécurité au travail,INTERNE,31,207.52
2204,2027-01-06,2027,1,Esther Kabila,Direction Générale,Gestion de projet agile,E_LEARNING,28,78.32
2220,2027-01-14,2027,1,Esther Kabila,Direction Générale,Power BI et analyse de données,INTERNE,10,149.95
2268,2027-02-07,2027,2,Esther Kabila,Direction Générale,Service client de qualité,E_LEARNING,23,261.99
2622,2027-08-03,2027,8,Esther Kabila,Direction Générale,Négociation commerciale,INTERNE,15,254.12
2800,2027-10-31,2027,10,Esther Kabila,Direction Générale,Négociation commerciale,EXTERNE,15,569.18
2859,2027-11-30,2027,11,Esther Kabila,Direction Générale,Gestion de projet agile,INTERNE,5,842.16
228,2024-04-23,2024,4,Marie Tshibanda,Direction Générale,Power BI et analyse de données,E_LEARNING,26,263.53
240,2024-04-29,2024,4,Marie Tshibanda,Direction Générale,Service client de qualité,EXTERNE,4,1426.62
503,2024-09-08,2024,9,Marie Tshibanda,Direction Générale,Service client de qualité,EXTERNE,20,781.51
544,2024-09-28,2024,9,Marie Tshibanda,Direction Générale,Excel avancé pour la finance,E_LEARNING,14,200.33
679,2024-12-05,2024,12,Marie Tshibanda,Direction Générale,Leadership et management,EXTERNE,13,661.55
734,2025-01-01,2025,1,Marie Tshibanda,Direction Générale,Gestion de projet agile,INTERNE,15,818.37
898,2025-03-24,2025,3,Marie Tshibanda,Direction Générale,Négociation commerciale,EXTERNE,16,794.11
1041,2025-06-04,2025,6,Marie Tshibanda,Direction Générale,Comptabilité analytique,INTERNE,8,448.77
1388,2025-11-24,2025,11,Marie Tshibanda,Direction Générale,Négociation commerciale,INTERNE,16,290.28
1591,2026-03-06,2026,3,Marie Tshibanda,Direction Générale,Gestion de projet agile,EXTERNE,9,2565.56
1859,2026-07-18,2026,7,Marie Tshibanda,Direction Générale,Négociation commerciale,EXTERNE,10,1367.61
2007,2026-09-30,2026,9,Marie Tshibanda,Direction Générale,Power BI et analyse de données,EXTERNE,18,1667.43
2088,2026-11-09,2026,11,Marie Tshibanda,Direction Générale,Négociation commerciale,INTERNE,5,367.19
2114,2026-11-22,2026,11,Marie Tshibanda,Direction Générale,Négociation commerciale,INTERNE,31,621.94
2271,2027-02-09,2027,2,Marie Tshibanda,Direction Générale,Négociation commerciale,E_LEARNING,8,310.97
2351,2027-03-21,2027,3,Marie Tshibanda,Direction Générale,Excel avancé pour la finance,E_LEARNING,27,245.00
2426,2027-04-27,2027,4,Marie Tshibanda,Direction Générale,Gestion de projet agile,EXTERNE,15,2316.89
2511,2027-06-09,2027,6,Marie Tshibanda,Direction Générale,Power BI et analyse de données,E_LEARNING,19,212.39
2712,2027-09-17,2027,9,Marie Tshibanda,Direction Générale,Service client de qualité,E_LEARNING,12,310.80
18,2024-01-09,2024,1,Esther Tshiala,Direction Générale,Comptabilité analytique,E_LEARNING,9,226.18
54,2024-01-27,2024,1,Esther Tshiala,Direction Générale,Négociation commerciale,E_LEARNING,31,282.15
222,2024-04-20,2024,4,Esther Tshiala,Direction Générale,Service client de qualité,EXTERNE,33,1088.16
407,2024-07-22,2024,7,Esther Tshiala,Direction Générale,Négociation commerciale,EXTERNE,10,1054.95
467,2024-08-21,2024,8,Esther Tshiala,Direction Générale,Comptabilité analytique,EXTERNE,28,2452.23
506,2024-09-09,2024,9,Esther Tshiala,Direction Générale,Sécurité au travail,EXTERNE,31,1196.11
581,2024-10-17,2024,10,Esther Tshiala,Direction Générale,Négociation commerciale,EXTERNE,4,1636.32
588,2024-10-20,2024,10,Esther Tshiala,Direction Générale,Comptabilité analytique,EXTERNE,27,1599.49
647,2024-11-19,2024,11,Esther Tshiala,Direction Générale,Négociation commerciale,EXTERNE,12,1806.89
932,2025-04-10,2025,4,Esther Tshiala,Direction Générale,Comptabilité analytique,E_LEARNING,13,324.25
938,2025-04-13,2025,4,Esther Tshiala,Direction Générale,Sécurité au travail,INTERNE,19,335.73
972,2025-04-30,2025,4,Esther Tshiala,Direction Générale,Sécurité au travail,E_LEARNING,29,312.21
1018,2025-05-23,2025,5,Esther Tshiala,Direction Générale,Négociation commerciale,EXTERNE,4,1584.65
1172,2025-08-08,2025,8,Esther Tshiala,Direction Générale,Leadership et management,EXTERNE,6,2832.20
1239,2025-09-11,2025,9,Esther Tshiala,Direction Générale,Gestion de projet agile,E_LEARNING,4,336.39
1370,2025-11-15,2025,11,Esther Tshiala,Direction Générale,Excel avancé pour la finance,E_LEARNING,21,257.86
1398,2025-11-29,2025,11,Esther Tshiala,Direction Générale,Gestion de projet agile,INTERNE,15,782.71
1486,2026-01-12,2026,1,Esther Tshiala,Direction Générale,Excel avancé pour la finance,E_LEARNING,30,183.60
1532,2026-02-04,2026,2,Esther Tshiala,Direction Générale,Excel avancé pour la finance,INTERNE,17,114.46
1675,2026-04-17,2026,4,Esther Tshiala,Direction Générale,Comptabilité analytique,E_LEARNING,9,152.20
1753,2026-05-26,2026,5,Esther Tshiala,Direction Générale,Gestion de projet agile,E_LEARNING,24,185.57
1923,2026-08-19,2026,8,Esther Tshiala,Direction Générale,Sécurité au travail,E_LEARNING,5,80.11
1981,2026-09-17,2026,9,Esther Tshiala,Direction Générale,Comptabilité analytique,E_LEARNING,14,151.08
2060,2026-10-26,2026,10,Esther Tshiala,Direction Générale,Excel avancé pour la finance,EXTERNE,28,2776.92
2094,2026-11-12,2026,11,Esther Tshiala,Direction Générale,Négociation commerciale,E_LEARNING,7,242.43
2500,2027-06-03,2027,6,Esther Tshiala,Direction Générale,Gestion de projet agile,EXTERNE,25,1526.18
2537,2027-06-22,2027,6,Esther Tshiala,Direction Générale,Excel avancé pour la finance,INTERNE,17,141.21
2811,2027-11-06,2027,11,Esther Tshiala,Direction Générale,Comptabilité analytique,INTERNE,23,879.65
2910,2027-12-25,2027,12,Esther Tshiala,Direction Générale,Power BI et analyse de données,EXTERNE,21,2749.04
58,2024-01-29,2024,1,Patrick Banza,Direction Générale,Négociation commerciale,INTERNE,4,257.94
199,2024-04-09,2024,4,Patrick Banza,Direction Générale,Sécurité au travail,INTERNE,24,253.11
387,2024-07-12,2024,7,Patrick Banza,Direction Générale,Excel avancé pour la finance,EXTERNE,31,1543.58
415,2024-07-26,2024,7,Patrick Banza,Direction Générale,Gestion de projet agile,E_LEARNING,28,93.02
545,2024-09-29,2024,9,Patrick Banza,Direction Générale,Comptabilité analytique,EXTERNE,10,1956.54
706,2024-12-18,2024,12,Patrick Banza,Direction Générale,Excel avancé pour la finance,E_LEARNING,16,293.55
757,2025-01-13,2025,1,Patrick Banza,Direction Générale,Sécurité au travail,E_LEARNING,6,68.30
836,2025-02-21,2025,2,Patrick Banza,Direction Générale,Gestion de projet agile,EXTERNE,32,1669.51
843,2025-02-25,2025,2,Patrick Banza,Direction Générale,Excel avancé pour la finance,E_LEARNING,17,320.50
925,2025-04-07,2025,4,Patrick Banza,Direction Générale,Power BI et analyse de données,INTERNE,11,293.06
983,2025-05-06,2025,5,Patrick Banza,Direction Générale,Comptabilité analytique,EXTERNE,7,1068.30
1069,2025-06-18,2025,6,Patrick Banza,Direction Générale,Négociation commerciale,INTERNE,23,408.49
1175,2025-08-10,2025,8,Patrick Banza,Direction Générale,Sécurité au travail,E_LEARNING,20,156.08
1339,2025-10-31,2025,10,Patrick Banza,Direction Générale,Excel avancé pour la finance,E_LEARNING,16,291.16
1431,2025-12-16,2025,12,Patrick Banza,Direction Générale,Power BI et analyse de données,E_LEARNING,9,93.71
1628,2026-03-24,2026,3,Patrick Banza,Direction Générale,Gestion de projet agile,E_LEARNING,13,255.39
1667,2026-04-13,2026,4,Patrick Banza,Direction Générale,Leadership et management,INTERNE,31,761.83
1681,2026-04-20,2026,4,Patrick Banza,Direction Générale,Négociation commerciale,EXTERNE,32,2394.95
1818,2026-06-27,2026,6,Patrick Banza,Direction Générale,Service client de qualité,E_LEARNING,7,258.65
2083,2026-11-07,2026,11,Patrick Banza,Direction Générale,Excel avancé pour la finance,E_LEARNING,30,72.31
2295,2027-02-21,2027,2,Patrick Banza,Direction Générale,Négociation commerciale,INTERNE,4,257.53
2471,2027-05-20,2027,5,Patrick Banza,Direction Générale,Power BI et analyse de données,E_LEARNING,13,266.00
2604,2027-07-25,2027,7,Patrick Banza,Direction Générale,Service client de qualité,EXTERNE,26,586.83
2624,2027-08-04,2027,8,Patrick Banza,Direction Générale,Comptabilité analytique,EXTERNE,8,1275.74
2701,2027-09-12,2027,9,Patrick Banza,Direction Générale,Sécurité au travail,E_LEARNING,26,213.48
2806,2027-11-03,2027,11,Patrick Banza,Direction Générale,Service client de qualité,E_LEARNING,18,261.39
40,2024-01-20,2024,1,Ruth Tshibanda,Direction Générale,Excel avancé pour la finance,INTERNE,32,547.41
88,2024-02-13,2024,2,Ruth Tshibanda,Direction Générale,Sécurité au travail,INTERNE,10,645.40
107,2024-02-23,2024,2,Ruth Tshibanda,Direction Générale,Service client de qualité,EXTERNE,17,1992.47
237,2024-04-28,2024,4,Ruth Tshibanda,Direction Générale,Négociation commerciale,E_LEARNING,32,322.60
260,2024-05-09,2024,5,Ruth Tshibanda,Direction Générale,Power BI et analyse de données,EXTERNE,24,1874.33
318,2024-06-07,2024,6,Ruth Tshibanda,Direction Générale,Sécurité au travail,INTERNE,32,615.00
359,2024-06-28,2024,6,Ruth Tshibanda,Direction Générale,Leadership et management,E_LEARNING,17,286.57
801,2025-02-04,2025,2,Ruth Tshibanda,Direction Générale,Leadership et management,EXTERNE,33,2014.85
834,2025-02-20,2025,2,Ruth Tshibanda,Direction Générale,Comptabilité analytique,E_LEARNING,10,184.63
1031,2025-05-30,2025,5,Ruth Tshibanda,Direction Générale,Excel avancé pour la finance,EXTERNE,25,1380.18
1181,2025-08-13,2025,8,Ruth Tshibanda,Direction Générale,Sécurité au travail,INTERNE,10,643.83
1184,2025-08-14,2025,8,Ruth Tshibanda,Direction Générale,Gestion de projet agile,INTERNE,25,542.87
1440,2025-12-20,2025,12,Ruth Tshibanda,Direction Générale,Négociation commerciale,INTERNE,13,686.03
1616,2026-03-18,2026,3,Ruth Tshibanda,Direction Générale,Power BI et analyse de données,E_LEARNING,19,257.18
1680,2026-04-19,2026,4,Ruth Tshibanda,Direction Générale,Négociation commerciale,INTERNE,20,751.41
1686,2026-04-22,2026,4,Ruth Tshibanda,Direction Générale,Sécurité au travail,EXTERNE,26,1953.74
1709,2026-05-04,2026,5,Ruth Tshibanda,Direction Générale,Excel avancé pour la finance,E_LEARNING,11,142.41
1741,2026-05-20,2026,5,Ruth Tshibanda,Direction Générale,Comptabilité analytique,E_LEARNING,28,265.33
1745,2026-05-22,2026,5,Ruth Tshibanda,Direction Générale,Comptabilité analytique,E_LEARNING,28,262.03
1748,2026-05-23,2026,5,Ruth Tshibanda,Direction Générale,Service client de qualité,INTERNE,31,715.71
1772,2026-06-04,2026,6,Ruth Tshibanda,Direction Générale,Service client de qualité,EXTERNE,23,1746.47
1852,2026-07-14,2026,7,Ruth Tshibanda,Direction Générale,Excel avancé pour la finance,E_LEARNING,30,147.68
1854,2026-07-15,2026,7,Ruth Tshibanda,Direction Générale,Service client de qualité,INTERNE,18,856.64
1942,2026-08-28,2026,8,Ruth Tshibanda,Direction Générale,Leadership et management,INTERNE,19,861.54
1957,2026-09-05,2026,9,Ruth Tshibanda,Direction Générale,Power BI et analyse de données,INTERNE,6,388.06
2030,2026-10-11,2026,10,Ruth Tshibanda,Direction Générale,Service client de qualité,E_LEARNING,5,280.34
2045,2026-10-19,2026,10,Ruth Tshibanda,Direction Générale,Gestion de projet agile,EXTERNE,19,1762.18
2607,2027-07-27,2027,7,Ruth Tshibanda,Direction Générale,Power BI et analyse de données,EXTERNE,29,1362.68
2793,2027-10-28,2027,10,Ruth Tshibanda,Direction Générale,Sécurité au travail,E_LEARNING,31,118.82
2866,2027-12-03,2027,12,Ruth Tshibanda,Direction Générale,Power BI et analyse de données,E_LEARNING,6,215.28
291,2024-05-25,2024,5,Marie Lukusa,Direction Générale,Power BI et analyse de données,E_LEARNING,23,115.23
476,2024-08-25,2024,8,Marie Lukusa,Direction Générale,Service client de qualité,EXTERNE,31,2523.14
787,2025-01-28,2025,1,Marie Lukusa,Direction Générale,Comptabilité analytique,INTERNE,13,101.04
855,2025-03-03,2025,3,Marie Lukusa,Direction Générale,Service client de qualité,EXTERNE,23,2242.40
965,2025-04-27,2025,4,Marie Lukusa,Direction Générale,Service client de qualité,INTERNE,11,400.10
1065,2025-06-16,2025,6,Marie Lukusa,Direction Générale,Power BI et analyse de données,EXTERNE,22,504.87
1113,2025-07-10,2025,7,Marie Lukusa,Direction Générale,Leadership et management,E_LEARNING,30,342.88
1301,2025-10-12,2025,10,Marie Lukusa,Direction Générale,Comptabilité analytique,EXTERNE,13,1435.65
1338,2025-10-30,2025,10,Marie Lukusa,Direction Générale,Excel avancé pour la finance,INTERNE,6,212.20
1368,2025-11-14,2025,11,Marie Lukusa,Direction Générale,Leadership et management,INTERNE,9,516.17
1516,2026-01-27,2026,1,Marie Lukusa,Direction Générale,Comptabilité analytique,INTERNE,23,782.69
1564,2026-02-20,2026,2,Marie Lukusa,Direction Générale,Power BI et analyse de données,E_LEARNING,19,274.01
1586,2026-03-03,2026,3,Marie Lukusa,Direction Générale,Négociation commerciale,E_LEARNING,23,249.42
1665,2026-04-12,2026,4,Marie Lukusa,Direction Générale,Comptabilité analytique,E_LEARNING,20,117.70
1691,2026-04-25,2026,4,Marie Lukusa,Direction Générale,Excel avancé pour la finance,EXTERNE,9,2656.57
1851,2026-07-14,2026,7,Marie Lukusa,Direction Générale,Négociation commerciale,E_LEARNING,27,345.54
2070,2026-10-31,2026,10,Marie Lukusa,Direction Générale,Service client de qualité,E_LEARNING,15,79.42
2100,2026-11-15,2026,11,Marie Lukusa,Direction Générale,Leadership et management,E_LEARNING,31,88.87
2269,2027-02-08,2027,2,Marie Lukusa,Direction Générale,Gestion de projet agile,EXTERNE,11,1096.62
2344,2027-03-17,2027,3,Marie Lukusa,Direction Générale,Excel avancé pour la finance,EXTERNE,15,2268.05
2642,2027-08-13,2027,8,Marie Lukusa,Direction Générale,Excel avancé pour la finance,INTERNE,6,129.98
2768,2027-10-15,2027,10,Marie Lukusa,Direction Générale,Service client de qualité,INTERNE,8,865.32
50,2024-01-25,2024,1,Esther Lukusa,Direction Générale,Excel avancé pour la finance,INTERNE,11,112.94
69,2024-02-04,2024,2,Esther Lukusa,Direction Générale,Sécurité au travail,E_LEARNING,17,323.87
205,2024-04-12,2024,4,Esther Lukusa,Direction Générale,Leadership et management,INTERNE,30,170.18
356,2024-06-26,2024,6,Esther Lukusa,Direction Générale,Excel avancé pour la finance,EXTERNE,26,2303.57
424,2024-07-30,2024,7,Esther Lukusa,Direction Générale,Leadership et management,E_LEARNING,8,136.80
641,2024-11-16,2024,11,Esther Lukusa,Direction Générale,Négociation commerciale,E_LEARNING,17,117.25
713,2024-12-22,2024,12,Esther Lukusa,Direction Générale,Comptabilité analytique,E_LEARNING,5,305.47
905,2025-03-28,2025,3,Esther Lukusa,Direction Générale,Gestion de projet agile,E_LEARNING,32,279.82
949,2025-04-19,2025,4,Esther Lukusa,Direction Générale,Leadership et management,EXTERNE,28,2084.41
1040,2025-06-03,2025,6,Esther Lukusa,Direction Générale,Comptabilité analytique,INTERNE,24,773.07
1054,2025-06-10,2025,6,Esther Lukusa,Direction Générale,Leadership et management,E_LEARNING,8,81.20
1265,2025-09-24,2025,9,Esther Lukusa,Direction Générale,Gestion de projet agile,INTERNE,28,165.16
1371,2025-11-16,2025,11,Esther Lukusa,Direction Générale,Sécurité au travail,EXTERNE,24,805.92
1405,2025-12-03,2025,12,Esther Lukusa,Direction Générale,Gestion de projet agile,INTERNE,6,317.47
1533,2026-02-05,2026,2,Esther Lukusa,Direction Générale,Service client de qualité,EXTERNE,7,2669.55
1602,2026-03-11,2026,3,Esther Lukusa,Direction Générale,Comptabilité analytique,INTERNE,10,580.58
1913,2026-08-14,2026,8,Esther Lukusa,Direction Générale,Service client de qualité,EXTERNE,15,855.24
1998,2026-09-25,2026,9,Esther Lukusa,Direction Générale,Power BI et analyse de données,E_LEARNING,18,179.47
2065,2026-10-29,2026,10,Esther Lukusa,Direction Générale,Gestion de projet agile,EXTERNE,20,2458.27
2217,2027-01-13,2027,1,Esther Lukusa,Direction Générale,Sécurité au travail,INTERNE,26,445.90
2453,2027-05-11,2027,5,Esther Lukusa,Direction Générale,Sécurité au travail,E_LEARNING,28,313.27
2473,2027-05-21,2027,5,Esther Lukusa,Direction Générale,Négociation commerciale,INTERNE,21,247.07
2652,2027-08-18,2027,8,Esther Lukusa,Direction Générale,Leadership et management,EXTERNE,27,1043.73
2767,2027-10-15,2027,10,Esther Lukusa,Direction Générale,Leadership et management,INTERNE,33,506.44
2817,2027-11-09,2027,11,Esther Lukusa,Direction Générale,Excel avancé pour la finance,EXTERNE,16,2557.35
2832,2027-11-16,2027,11,Esther Lukusa,Direction Générale,Négociation commerciale,EXTERNE,28,1051.80
2869,2027-12-05,2027,12,Esther Lukusa,Direction Générale,Excel avancé pour la finance,INTERNE,13,324.87
62,2024-01-31,2024,1,Chantal Tshiala,Direction Générale,Service client de qualité,EXTERNE,31,2949.03
155,2024-03-18,2024,3,Chantal Tshiala,Direction Générale,Service client de qualité,INTERNE,5,365.89
241,2024-04-30,2024,4,Chantal Tshiala,Direction Générale,Power BI et analyse de données,E_LEARNING,28,77.51
384,2024-07-10,2024,7,Chantal Tshiala,Direction Générale,Leadership et management,INTERNE,28,642.85
406,2024-07-21,2024,7,Chantal Tshiala,Direction Générale,Sécurité au travail,E_LEARNING,26,195.29
472,2024-08-23,2024,8,Chantal Tshiala,Direction Générale,Sécurité au travail,EXTERNE,28,2905.64
491,2024-09-02,2024,9,Chantal Tshiala,Direction Générale,Excel avancé pour la finance,EXTERNE,21,2779.47
512,2024-09-12,2024,9,Chantal Tshiala,Direction Générale,Service client de qualité,INTERNE,32,259.56
589,2024-10-21,2024,10,Chantal Tshiala,Direction Générale,Leadership et management,E_LEARNING,32,53.74
642,2024-11-16,2024,11,Chantal Tshiala,Direction Générale,Sécurité au travail,EXTERNE,9,1789.44
806,2025-02-06,2025,2,Chantal Tshiala,Direction Générale,Service client de qualité,INTERNE,4,503.45
946,2025-04-17,2025,4,Chantal Tshiala,Direction Générale,Sécurité au travail,E_LEARNING,5,72.57
970,2025-04-29,2025,4,Chantal Tshiala,Direction Générale,Sécurité au travail,INTERNE,24,209.91
1063,2025-06-15,2025,6,Chantal Tshiala,Direction Générale,Comptabilité analytique,EXTERNE,13,2837.98
1089,2025-06-28,2025,6,Chantal Tshiala,Direction Générale,Négociation commerciale,INTERNE,23,591.79
1593,2026-03-07,2026,3,Chantal Tshiala,Direction Générale,Excel avancé pour la finance,E_LEARNING,33,331.36
1669,2026-04-14,2026,4,Chantal Tshiala,Direction Générale,Négociation commerciale,EXTERNE,11,1606.77
2211,2027-01-10,2027,1,Chantal Tshiala,Direction Générale,Comptabilité analytique,EXTERNE,31,1221.74
2337,2027-03-14,2027,3,Chantal Tshiala,Direction Générale,Power BI et analyse de données,INTERNE,9,810.04
2357,2027-03-24,2027,3,Chantal Tshiala,Direction Générale,Excel avancé pour la finance,INTERNE,10,718.33
2478,2027-05-23,2027,5,Chantal Tshiala,Direction Générale,Power BI et analyse de données,EXTERNE,30,1723.16
2484,2027-05-26,2027,5,Chantal Tshiala,Direction Générale,Gestion de projet agile,INTERNE,4,752.03
2531,2027-06-19,2027,6,Chantal Tshiala,Direction Générale,Comptabilité analytique,E_LEARNING,20,153.76
120,2024-02-29,2024,2,Béatrice Kasongo,Direction Générale,Leadership et management,E_LEARNING,21,151.67
343,2024-06-20,2024,6,Béatrice Kasongo,Direction Générale,Excel avancé pour la finance,EXTERNE,28,2232.96
380,2024-07-08,2024,7,Béatrice Kasongo,Direction Générale,Sécurité au travail,INTERNE,14,502.77
729,2024-12-30,2024,12,Béatrice Kasongo,Direction Générale,Comptabilité analytique,INTERNE,31,323.22
797,2025-02-02,2025,2,Béatrice Kasongo,Direction Générale,Power BI et analyse de données,INTERNE,7,514.99
952,2025-04-20,2025,4,Béatrice Kasongo,Direction Générale,Power BI et analyse de données,INTERNE,26,852.81
1162,2025-08-03,2025,8,Béatrice Kasongo,Direction Générale,Gestion de projet agile,INTERNE,4,214.20
1379,2025-11-20,2025,11,Béatrice Kasongo,Direction Générale,Service client de qualité,INTERNE,5,496.50
1535,2026-02-06,2026,2,Béatrice Kasongo,Direction Générale,Service client de qualité,EXTERNE,26,897.74
1619,2026-03-20,2026,3,Béatrice Kasongo,Direction Générale,Gestion de projet agile,E_LEARNING,30,130.69
1645,2026-04-02,2026,4,Béatrice Kasongo,Direction Générale,Sécurité au travail,EXTERNE,18,2753.16
1817,2026-06-27,2026,6,Béatrice Kasongo,Direction Générale,Gestion de projet agile,E_LEARNING,21,62.74
1877,2026-07-27,2026,7,Béatrice Kasongo,Direction Générale,Gestion de projet agile,EXTERNE,26,2607.15
1916,2026-08-15,2026,8,Béatrice Kasongo,Direction Générale,Power BI et analyse de données,EXTERNE,8,2793.55
2048,2026-10-20,2026,10,Béatrice Kasongo,Direction Générale,Comptabilité analytique,E_LEARNING,24,73.15
2152,2026-12-11,2026,12,Béatrice Kasongo,Direction Générale,Comptabilité analytique,E_LEARNING,32,156.82
2278,2027-02-12,2027,2,Béatrice Kasongo,Direction Générale,Service client de qualité,INTERNE,29,419.46
2359,2027-03-25,2027,3,Béatrice Kasongo,Direction Générale,Excel avancé pour la finance,E_LEARNING,31,178.36
2387,2027-04-08,2027,4,Béatrice Kasongo,Direction Générale,Power BI et analyse de données,INTERNE,11,539.43
2659,2027-08-22,2027,8,Béatrice Kasongo,Direction Générale,Comptabilité analytique,E_LEARNING,31,85.61
2678,2027-08-31,2027,8,Béatrice Kasongo,Direction Générale,Gestion de projet agile,E_LEARNING,21,277.69
2898,2027-12-19,2027,12,Béatrice Kasongo,Direction Générale,Excel avancé pour la finance,EXTERNE,33,2872.92
2903,2027-12-22,2027,12,Béatrice Kasongo,Direction Générale,Comptabilité analytique,E_LEARNING,16,224.37
5,2024-01-03,2024,1,Laetitia Tshiala,Direction Générale,Excel avancé pour la finance,E_LEARNING,4,295.99
59,2024-01-30,2024,1,Laetitia Tshiala,Direction Générale,Power BI et analyse de données,INTERNE,27,114.48
322,2024-06-09,2024,6,Laetitia Tshiala,Direction Générale,Leadership et management,E_LEARNING,13,91.26
362,2024-06-29,2024,6,Laetitia Tshiala,Direction Générale,Excel avancé pour la finance,E_LEARNING,32,199.33
394,2024-07-15,2024,7,Laetitia Tshiala,Direction Générale,Comptabilité analytique,E_LEARNING,4,304.87
540,2024-09-26,2024,9,Laetitia Tshiala,Direction Générale,Service client de qualité,E_LEARNING,16,112.79
791,2025-01-30,2025,1,Laetitia Tshiala,Direction Générale,Leadership et management,EXTERNE,6,2656.40
1189,2025-08-17,2025,8,Laetitia Tshiala,Direction Générale,Service client de qualité,E_LEARNING,14,312.24
1249,2025-09-16,2025,9,Laetitia Tshiala,Direction Générale,Leadership et management,EXTERNE,23,2282.23
1266,2025-09-24,2025,9,Laetitia Tshiala,Direction Générale,Excel avancé pour la finance,EXTERNE,17,641.32
1289,2025-10-06,2025,10,Laetitia Tshiala,Direction Générale,Gestion de projet agile,INTERNE,11,139.67
1556,2026-02-16,2026,2,Laetitia Tshiala,Direction Générale,Excel avancé pour la finance,E_LEARNING,33,274.75
1796,2026-06-16,2026,6,Laetitia Tshiala,Direction Générale,Leadership et management,INTERNE,18,663.69
2098,2026-11-14,2026,11,Laetitia Tshiala,Direction Générale,Sécurité au travail,INTERNE,7,250.04
2296,2027-02-21,2027,2,Laetitia Tshiala,Direction Générale,Leadership et management,INTERNE,14,182.80
2388,2027-04-08,2027,4,Laetitia Tshiala,Direction Générale,Comptabilité analytique,INTERNE,27,445.32
2454,2027-05-11,2027,5,Laetitia Tshiala,Direction Générale,Excel avancé pour la finance,INTERNE,28,741.02
2542,2027-06-24,2027,6,Laetitia Tshiala,Direction Générale,Gestion de projet agile,E_LEARNING,20,280.15
2645,2027-08-15,2027,8,Laetitia Tshiala,Direction Générale,Power BI et analyse de données,EXTERNE,20,2861.19
182,2024-03-31,2024,3,Ruth Mwamba,Finance & Comptabilité,Leadership et management,EXTERNE,32,937.67
202,2024-04-10,2024,4,Ruth Mwamba,Finance & Comptabilité,Excel avancé pour la finance,E_LEARNING,31,169.93
251,2024-05-05,2024,5,Ruth Mwamba,Finance & Comptabilité,Leadership et management,EXTERNE,21,1262.82
259,2024-05-09,2024,5,Ruth Mwamba,Finance & Comptabilité,Sécurité au travail,E_LEARNING,33,259.53
425,2024-07-31,2024,7,Ruth Mwamba,Finance & Comptabilité,Négociation commerciale,INTERNE,6,598.84
447,2024-08-11,2024,8,Ruth Mwamba,Finance & Comptabilité,Leadership et management,EXTERNE,33,1345.34
471,2024-08-23,2024,8,Ruth Mwamba,Finance & Comptabilité,Gestion de projet agile,EXTERNE,20,2744.04
605,2024-10-29,2024,10,Ruth Mwamba,Finance & Comptabilité,Excel avancé pour la finance,INTERNE,25,327.19
646,2024-11-18,2024,11,Ruth Mwamba,Finance & Comptabilité,Excel avancé pour la finance,EXTERNE,29,846.66
778,2025-01-23,2025,1,Ruth Mwamba,Finance & Comptabilité,Gestion de projet agile,E_LEARNING,17,349.91
794,2025-01-31,2025,1,Ruth Mwamba,Finance & Comptabilité,Excel avancé pour la finance,EXTERNE,11,2709.04
862,2025-03-06,2025,3,Ruth Mwamba,Finance & Comptabilité,Sécurité au travail,INTERNE,10,811.23
906,2025-03-28,2025,3,Ruth Mwamba,Finance & Comptabilité,Comptabilité analytique,E_LEARNING,19,128.49
915,2025-04-02,2025,4,Ruth Mwamba,Finance & Comptabilité,Gestion de projet agile,E_LEARNING,18,184.59
1174,2025-08-09,2025,8,Ruth Mwamba,Finance & Comptabilité,Négociation commerciale,EXTERNE,28,1453.33
1187,2025-08-16,2025,8,Ruth Mwamba,Finance & Comptabilité,Excel avancé pour la finance,EXTERNE,11,2764.86
1269,2025-09-26,2025,9,Ruth Mwamba,Finance & Comptabilité,Service client de qualité,INTERNE,16,464.49
1318,2025-10-20,2025,10,Ruth Mwamba,Finance & Comptabilité,Leadership et management,INTERNE,6,866.19
1395,2025-11-28,2025,11,Ruth Mwamba,Finance & Comptabilité,Comptabilité analytique,E_LEARNING,12,336.84
1419,2025-12-10,2025,12,Ruth Mwamba,Finance & Comptabilité,Power BI et analyse de données,EXTERNE,12,1404.94
1498,2026-01-18,2026,1,Ruth Mwamba,Finance & Comptabilité,Excel avancé pour la finance,EXTERNE,19,1228.54
1717,2026-05-08,2026,5,Ruth Mwamba,Finance & Comptabilité,Négociation commerciale,EXTERNE,5,1316.77
1784,2026-06-10,2026,6,Ruth Mwamba,Finance & Comptabilité,Excel avancé pour la finance,INTERNE,29,825.86
1799,2026-06-18,2026,6,Ruth Mwamba,Finance & Comptabilité,Service client de qualité,EXTERNE,12,2232.15
1986,2026-09-19,2026,9,Ruth Mwamba,Finance & Comptabilité,Service client de qualité,E_LEARNING,28,123.43
2447,2027-05-08,2027,5,Ruth Mwamba,Finance & Comptabilité,Négociation commerciale,E_LEARNING,12,254.85
2536,2027-06-21,2027,6,Ruth Mwamba,Finance & Comptabilité,Power BI et analyse de données,INTERNE,22,261.86
2559,2027-07-03,2027,7,Ruth Mwamba,Finance & Comptabilité,Service client de qualité,INTERNE,22,600.07
2575,2027-07-11,2027,7,Ruth Mwamba,Finance & Comptabilité,Sécurité au travail,E_LEARNING,13,90.94
183,2024-04-01,2024,4,Paul Muhindo,Finance & Comptabilité,Gestion de projet agile,E_LEARNING,13,150.80
344,2024-06-20,2024,6,Paul Muhindo,Finance & Comptabilité,Négociation commerciale,INTERNE,7,633.29
352,2024-06-24,2024,6,Paul Muhindo,Finance & Comptabilité,Excel avancé pour la finance,INTERNE,24,177.32
420,2024-07-28,2024,7,Paul Muhindo,Finance & Comptabilité,Service client de qualité,E_LEARNING,26,118.14
634,2024-11-12,2024,11,Paul Muhindo,Finance & Comptabilité,Gestion de projet agile,EXTERNE,10,780.00
639,2024-11-15,2024,11,Paul Muhindo,Finance & Comptabilité,Power BI et analyse de données,EXTERNE,13,1639.90
677,2024-12-04,2024,12,Paul Muhindo,Finance & Comptabilité,Leadership et management,E_LEARNING,14,78.29
719,2024-12-25,2024,12,Paul Muhindo,Finance & Comptabilité,Excel avancé pour la finance,EXTERNE,28,604.03
792,2025-01-30,2025,1,Paul Muhindo,Finance & Comptabilité,Sécurité au travail,E_LEARNING,8,140.74
1008,2025-05-18,2025,5,Paul Muhindo,Finance & Comptabilité,Service client de qualité,EXTERNE,31,2617.73
1229,2025-09-06,2025,9,Paul Muhindo,Finance & Comptabilité,Leadership et management,INTERNE,32,340.17
1300,2025-10-11,2025,10,Paul Muhindo,Finance & Comptabilité,Négociation commerciale,INTERNE,33,178.65
1597,2026-03-09,2026,3,Paul Muhindo,Finance & Comptabilité,Comptabilité analytique,EXTERNE,4,1805.03
1794,2026-06-15,2026,6,Paul Muhindo,Finance & Comptabilité,Négociation commerciale,E_LEARNING,4,159.66
2106,2026-11-18,2026,11,Paul Muhindo,Finance & Comptabilité,Leadership et management,E_LEARNING,8,336.53
2320,2027-03-05,2027,3,Paul Muhindo,Finance & Comptabilité,Négociation commerciale,EXTERNE,23,1958.47
2354,2027-03-22,2027,3,Paul Muhindo,Finance & Comptabilité,Service client de qualité,EXTERNE,32,2825.21
2443,2027-05-06,2027,5,Paul Muhindo,Finance & Comptabilité,Power BI et analyse de données,EXTERNE,29,1626.37
2464,2027-05-16,2027,5,Paul Muhindo,Finance & Comptabilité,Leadership et management,E_LEARNING,31,74.12
2481,2027-05-25,2027,5,Paul Muhindo,Finance & Comptabilité,Power BI et analyse de données,E_LEARNING,24,166.04
75,2024-02-07,2024,2,Grace Tshibanda,Finance & Comptabilité,Sécurité au travail,EXTERNE,19,704.77
249,2024-05-04,2024,5,Grace Tshibanda,Finance & Comptabilité,Power BI et analyse de données,INTERNE,21,870.04
312,2024-06-04,2024,6,Grace Tshibanda,Finance & Comptabilité,Gestion de projet agile,E_LEARNING,23,143.49
333,2024-06-15,2024,6,Grace Tshibanda,Finance & Comptabilité,Négociation commerciale,E_LEARNING,26,62.64
403,2024-07-20,2024,7,Grace Tshibanda,Finance & Comptabilité,Sécurité au travail,EXTERNE,4,2156.58
590,2024-10-21,2024,10,Grace Tshibanda,Finance & Comptabilité,Power BI et analyse de données,INTERNE,23,522.10
673,2024-12-02,2024,12,Grace Tshibanda,Finance & Comptabilité,Power BI et analyse de données,EXTERNE,32,2006.68
777,2025-01-23,2025,1,Grace Tshibanda,Finance & Comptabilité,Leadership et management,EXTERNE,12,2424.52
880,2025-03-15,2025,3,Grace Tshibanda,Finance & Comptabilité,Sécurité au travail,E_LEARNING,32,132.77
888,2025-03-19,2025,3,Grace Tshibanda,Finance & Comptabilité,Leadership et management,EXTERNE,6,2861.84
981,2025-05-05,2025,5,Grace Tshibanda,Finance & Comptabilité,Comptabilité analytique,INTERNE,32,401.14
1016,2025-05-22,2025,5,Grace Tshibanda,Finance & Comptabilité,Excel avancé pour la finance,E_LEARNING,10,342.90
1079,2025-06-23,2025,6,Grace Tshibanda,Finance & Comptabilité,Négociation commerciale,INTERNE,11,502.63
1099,2025-07-03,2025,7,Grace Tshibanda,Finance & Comptabilité,Power BI et analyse de données,INTERNE,21,894.78
1245,2025-09-14,2025,9,Grace Tshibanda,Finance & Comptabilité,Leadership et management,EXTERNE,33,1799.96
1531,2026-02-04,2026,2,Grace Tshibanda,Finance & Comptabilité,Comptabilité analytique,INTERNE,5,793.99
1651,2026-04-05,2026,4,Grace Tshibanda,Finance & Comptabilité,Gestion de projet agile,INTERNE,16,809.39
1654,2026-04-06,2026,4,Grace Tshibanda,Finance & Comptabilité,Gestion de projet agile,INTERNE,32,820.08
1864,2026-07-20,2026,7,Grace Tshibanda,Finance & Comptabilité,Sécurité au travail,EXTERNE,10,2595.59
1974,2026-09-13,2026,9,Grace Tshibanda,Finance & Comptabilité,Sécurité au travail,E_LEARNING,21,269.57
2155,2026-12-13,2026,12,Grace Tshibanda,Finance & Comptabilité,Service client de qualité,INTERNE,29,483.59
2171,2026-12-21,2026,12,Grace Tshibanda,Finance & Comptabilité,Sécurité au travail,EXTERNE,20,1007.37
2250,2027-01-29,2027,1,Grace Tshibanda,Finance & Comptabilité,Sécurité au travail,INTERNE,7,290.85
2505,2027-06-06,2027,6,Grace Tshibanda,Finance & Comptabilité,Comptabilité analytique,E_LEARNING,26,192.35
2591,2027-07-19,2027,7,Grace Tshibanda,Finance & Comptabilité,Gestion de projet agile,EXTERNE,7,1609.91
2681,2027-09-02,2027,9,Grace Tshibanda,Finance & Comptabilité,Service client de qualité,EXTERNE,29,1748.28
2714,2027-09-18,2027,9,Grace Tshibanda,Finance & Comptabilité,Négociation commerciale,E_LEARNING,16,149.91
2780,2027-10-21,2027,10,Grace Tshibanda,Finance & Comptabilité,Excel avancé pour la finance,E_LEARNING,14,227.74
22,2024-01-11,2024,1,Michaël Mpoyi,Finance & Comptabilité,Gestion de projet agile,INTERNE,7,372.91
210,2024-04-14,2024,4,Michaël Mpoyi,Finance & Comptabilité,Leadership et management,INTERNE,22,578.08
220,2024-04-19,2024,4,Michaël Mpoyi,Finance & Comptabilité,Service client de qualité,E_LEARNING,10,130.34
301,2024-05-30,2024,5,Michaël Mpoyi,Finance & Comptabilité,Excel avancé pour la finance,INTERNE,9,687.60
405,2024-07-21,2024,7,Michaël Mpoyi,Finance & Comptabilité,Négociation commerciale,EXTERNE,17,1581.35
494,2024-09-03,2024,9,Michaël Mpoyi,Finance & Comptabilité,Négociation commerciale,E_LEARNING,11,162.36
556,2024-10-04,2024,10,Michaël Mpoyi,Finance & Comptabilité,Excel avancé pour la finance,EXTERNE,6,1070.56
682,2024-12-06,2024,12,Michaël Mpoyi,Finance & Comptabilité,Service client de qualité,E_LEARNING,5,198.19
869,2025-03-10,2025,3,Michaël Mpoyi,Finance & Comptabilité,Négociation commerciale,INTERNE,17,555.52
945,2025-04-17,2025,4,Michaël Mpoyi,Finance & Comptabilité,Négociation commerciale,E_LEARNING,4,159.21
958,2025-04-23,2025,4,Michaël Mpoyi,Finance & Comptabilité,Service client de qualité,E_LEARNING,29,163.96
1341,2025-11-01,2025,11,Michaël Mpoyi,Finance & Comptabilité,Excel avancé pour la finance,INTERNE,6,325.02
1528,2026-02-02,2026,2,Michaël Mpoyi,Finance & Comptabilité,Service client de qualité,E_LEARNING,23,191.74
1614,2026-03-17,2026,3,Michaël Mpoyi,Finance & Comptabilité,Comptabilité analytique,INTERNE,21,448.02
1694,2026-04-26,2026,4,Michaël Mpoyi,Finance & Comptabilité,Sécurité au travail,E_LEARNING,31,146.89
1844,2026-07-10,2026,7,Michaël Mpoyi,Finance & Comptabilité,Gestion de projet agile,INTERNE,9,685.29
1881,2026-07-29,2026,7,Michaël Mpoyi,Finance & Comptabilité,Gestion de projet agile,E_LEARNING,19,228.71
2049,2026-10-21,2026,10,Michaël Mpoyi,Finance & Comptabilité,Leadership et management,E_LEARNING,6,292.76
2190,2026-12-30,2026,12,Michaël Mpoyi,Finance & Comptabilité,Excel avancé pour la finance,E_LEARNING,19,233.45
2413,2027-04-21,2027,4,Michaël Mpoyi,Finance & Comptabilité,Gestion de projet agile,E_LEARNING,17,116.47
2436,2027-05-02,2027,5,Michaël Mpoyi,Finance & Comptabilité,Power BI et analyse de données,INTERNE,26,668.50
2457,2027-05-13,2027,5,Michaël Mpoyi,Finance & Comptabilité,Négociation commerciale,E_LEARNING,10,154.31
2466,2027-05-17,2027,5,Michaël Mpoyi,Finance & Comptabilité,Gestion de projet agile,E_LEARNING,23,94.97
2603,2027-07-25,2027,7,Michaël Mpoyi,Finance & Comptabilité,Leadership et management,E_LEARNING,21,122.14
2705,2027-09-14,2027,9,Michaël Mpoyi,Finance & Comptabilité,Gestion de projet agile,E_LEARNING,18,163.46
2819,2027-11-10,2027,11,Michaël Mpoyi,Finance & Comptabilité,Négociation commerciale,INTERNE,18,662.90
2828,2027-11-14,2027,11,Michaël Mpoyi,Finance & Comptabilité,Sécurité au travail,E_LEARNING,13,177.92
2857,2027-11-29,2027,11,Michaël Mpoyi,Finance & Comptabilité,Leadership et management,INTERNE,5,755.50
2916,2027-12-28,2027,12,Michaël Mpoyi,Finance & Comptabilité,Sécurité au travail,EXTERNE,15,2426.44
2921,2027-12-31,2027,12,Michaël Mpoyi,Finance & Comptabilité,Power BI et analyse de données,INTERNE,29,268.30
212,2024-04-15,2024,4,Olivier Kabila,Finance & Comptabilité,Sécurité au travail,INTERNE,14,611.99
347,2024-06-22,2024,6,Olivier Kabila,Finance & Comptabilité,Gestion de projet agile,INTERNE,12,380.87
402,2024-07-19,2024,7,Olivier Kabila,Finance & Comptabilité,Gestion de projet agile,EXTERNE,24,1157.32
454,2024-08-14,2024,8,Olivier Kabila,Finance & Comptabilité,Négociation commerciale,EXTERNE,15,2980.03
532,2024-09-22,2024,9,Olivier Kabila,Finance & Comptabilité,Comptabilité analytique,EXTERNE,24,2751.05
580,2024-10-16,2024,10,Olivier Kabila,Finance & Comptabilité,Gestion de projet agile,INTERNE,6,486.90
839,2025-02-23,2025,2,Olivier Kabila,Finance & Comptabilité,Comptabilité analytique,INTERNE,6,197.91
1014,2025-05-21,2025,5,Olivier Kabila,Finance & Comptabilité,Comptabilité analytique,EXTERNE,23,2525.04
1349,2025-11-05,2025,11,Olivier Kabila,Finance & Comptabilité,Power BI et analyse de données,INTERNE,29,440.96
1358,2025-11-09,2025,11,Olivier Kabila,Finance & Comptabilité,Comptabilité analytique,INTERNE,15,471.73
1503,2026-01-21,2026,1,Olivier Kabila,Finance & Comptabilité,Gestion de projet agile,EXTERNE,13,1975.52
1727,2026-05-13,2026,5,Olivier Kabila,Finance & Comptabilité,Excel avancé pour la finance,E_LEARNING,13,198.91
1835,2026-07-06,2026,7,Olivier Kabila,Finance & Comptabilité,Excel avancé pour la finance,E_LEARNING,15,230.36
1879,2026-07-28,2026,7,Olivier Kabila,Finance & Comptabilité,Négociation commerciale,EXTERNE,16,771.90
2138,2026-12-04,2026,12,Olivier Kabila,Finance & Comptabilité,Sécurité au travail,E_LEARNING,12,87.97
2170,2026-12-20,2026,12,Olivier Kabila,Finance & Comptabilité,Power BI et analyse de données,EXTERNE,7,1815.79
2201,2027-01-05,2027,1,Olivier Kabila,Finance & Comptabilité,Leadership et management,E_LEARNING,31,117.13
2552,2027-06-29,2027,6,Olivier Kabila,Finance & Comptabilité,Power BI et analyse de données,E_LEARNING,9,56.46
20,2024-01-10,2024,1,Josué Tshiala,Finance & Comptabilité,Gestion de projet agile,EXTERNE,12,1147.81
84,2024-02-11,2024,2,Josué Tshiala,Finance & Comptabilité,Leadership et management,E_LEARNING,21,176.77
187,2024-04-03,2024,4,Josué Tshiala,Finance & Comptabilité,Power BI et analyse de données,E_LEARNING,25,219.02
426,2024-07-31,2024,7,Josué Tshiala,Finance & Comptabilité,Gestion de projet agile,EXTERNE,30,1569.95
519,2024-09-16,2024,9,Josué Tshiala,Finance & Comptabilité,Sécurité au travail,E_LEARNING,31,122.24
805,2025-02-06,2025,2,Josué Tshiala,Finance & Comptabilité,Power BI et analyse de données,E_LEARNING,30,137.50
846,2025-02-26,2025,2,Josué Tshiala,Finance & Comptabilité,Service client de qualité,INTERNE,31,171.31
1159,2025-08-02,2025,8,Josué Tshiala,Finance & Comptabilité,Sécurité au travail,INTERNE,13,484.41
1228,2025-09-05,2025,9,Josué Tshiala,Finance & Comptabilité,Power BI et analyse de données,E_LEARNING,7,252.80
1247,2025-09-15,2025,9,Josué Tshiala,Finance & Comptabilité,Gestion de projet agile,INTERNE,11,274.21
1257,2025-09-20,2025,9,Josué Tshiala,Finance & Comptabilité,Excel avancé pour la finance,E_LEARNING,22,317.34
1307,2025-10-15,2025,10,Josué Tshiala,Finance & Comptabilité,Leadership et management,E_LEARNING,8,107.18
1367,2025-11-14,2025,11,Josué Tshiala,Finance & Comptabilité,Leadership et management,EXTERNE,5,1840.74
1562,2026-02-19,2026,2,Josué Tshiala,Finance & Comptabilité,Gestion de projet agile,E_LEARNING,4,320.14
1626,2026-03-23,2026,3,Josué Tshiala,Finance & Comptabilité,Leadership et management,E_LEARNING,11,218.20
1641,2026-03-31,2026,3,Josué Tshiala,Finance & Comptabilité,Gestion de projet agile,E_LEARNING,27,331.76
1705,2026-05-02,2026,5,Josué Tshiala,Finance & Comptabilité,Sécurité au travail,INTERNE,26,317.98
1837,2026-07-07,2026,7,Josué Tshiala,Finance & Comptabilité,Négociation commerciale,E_LEARNING,14,94.85
2144,2026-12-07,2026,12,Josué Tshiala,Finance & Comptabilité,Sécurité au travail,INTERNE,14,580.66
2352,2027-03-21,2027,3,Josué Tshiala,Finance & Comptabilité,Power BI et analyse de données,EXTERNE,10,1172.78
2363,2027-03-27,2027,3,Josué Tshiala,Finance & Comptabilité,Comptabilité analytique,INTERNE,18,704.25
2538,2027-06-22,2027,6,Josué Tshiala,Finance & Comptabilité,Leadership et management,INTERNE,18,749.73
2592,2027-07-19,2027,7,Josué Tshiala,Finance & Comptabilité,Power BI et analyse de données,E_LEARNING,15,80.75
2660,2027-08-22,2027,8,Josué Tshiala,Finance & Comptabilité,Power BI et analyse de données,E_LEARNING,16,131.95
2687,2027-09-05,2027,9,Josué Tshiala,Finance & Comptabilité,Power BI et analyse de données,EXTERNE,10,1112.07
2756,2027-10-09,2027,10,Josué Tshiala,Finance & Comptabilité,Excel avancé pour la finance,INTERNE,11,234.44
2815,2027-11-08,2027,11,Josué Tshiala,Finance & Comptabilité,Sécurité au travail,INTERNE,11,858.89
2884,2027-12-12,2027,12,Josué Tshiala,Finance & Comptabilité,Excel avancé pour la finance,EXTERNE,17,578.32
3,2024-01-02,2024,1,Josué Banza,Finance & Comptabilité,Excel avancé pour la finance,INTERNE,25,471.14
37,2024-01-19,2024,1,Josué Banza,Finance & Comptabilité,Négociation commerciale,INTERNE,23,516.26
83,2024-02-11,2024,2,Josué Banza,Finance & Comptabilité,Excel avancé pour la finance,EXTERNE,21,1799.23
103,2024-02-21,2024,2,Josué Banza,Finance & Comptabilité,Power BI et analyse de données,INTERNE,4,208.26
106,2024-02-22,2024,2,Josué Banza,Finance & Comptabilité,Gestion de projet agile,INTERNE,22,165.60
266,2024-05-12,2024,5,Josué Banza,Finance & Comptabilité,Négociation commerciale,E_LEARNING,27,55.61
421,2024-07-29,2024,7,Josué Banza,Finance & Comptabilité,Gestion de projet agile,E_LEARNING,22,333.62
538,2024-09-25,2024,9,Josué Banza,Finance & Comptabilité,Sécurité au travail,E_LEARNING,4,212.38
657,2024-11-24,2024,11,Josué Banza,Finance & Comptabilité,Service client de qualité,INTERNE,32,843.36
661,2024-11-26,2024,11,Josué Banza,Finance & Comptabilité,Service client de qualité,INTERNE,9,196.88
665,2024-11-28,2024,11,Josué Banza,Finance & Comptabilité,Service client de qualité,E_LEARNING,13,327.87
671,2024-12-01,2024,12,Josué Banza,Finance & Comptabilité,Sécurité au travail,INTERNE,22,678.66
1029,2025-05-29,2025,5,Josué Banza,Finance & Comptabilité,Négociation commerciale,INTERNE,21,331.39
1057,2025-06-12,2025,6,Josué Banza,Finance & Comptabilité,Power BI et analyse de données,E_LEARNING,17,164.42
1153,2025-07-30,2025,7,Josué Banza,Finance & Comptabilité,Excel avancé pour la finance,EXTERNE,16,2579.76
1678,2026-04-18,2026,4,Josué Banza,Finance & Comptabilité,Excel avancé pour la finance,INTERNE,6,368.99
1760,2026-05-29,2026,5,Josué Banza,Finance & Comptabilité,Négociation commerciale,EXTERNE,13,2228.75
1824,2026-06-30,2026,6,Josué Banza,Finance & Comptabilité,Négociation commerciale,EXTERNE,10,1021.66
1912,2026-08-13,2026,8,Josué Banza,Finance & Comptabilité,Négociation commerciale,EXTERNE,4,1379.73
1975,2026-09-14,2026,9,Josué Banza,Finance & Comptabilité,Excel avancé pour la finance,INTERNE,6,169.75
2184,2026-12-27,2026,12,Josué Banza,Finance & Comptabilité,Gestion de projet agile,INTERNE,15,186.44
2287,2027-02-17,2027,2,Josué Banza,Finance & Comptabilité,Power BI et analyse de données,E_LEARNING,15,315.27
2335,2027-03-13,2027,3,Josué Banza,Finance & Comptabilité,Négociation commerciale,E_LEARNING,14,71.05
2501,2027-06-04,2027,6,Josué Banza,Finance & Comptabilité,Négociation commerciale,INTERNE,12,601.79
2698,2027-09-10,2027,9,Josué Banza,Finance & Comptabilité,Sécurité au travail,E_LEARNING,31,79.28
2710,2027-09-16,2027,9,Josué Banza,Finance & Comptabilité,Leadership et management,INTERNE,15,466.85
2893,2027-12-17,2027,12,Josué Banza,Finance & Comptabilité,Gestion de projet agile,EXTERNE,8,2195.61
26,2024-01-13,2024,1,Béatrice Tshibanda,Ventes & Marketing,Power BI et analyse de données,E_LEARNING,9,68.00
93,2024-02-16,2024,2,Béatrice Tshibanda,Ventes & Marketing,Sécurité au travail,INTERNE,27,430.59
223,2024-04-21,2024,4,Béatrice Tshibanda,Ventes & Marketing,Comptabilité analytique,INTERNE,17,617.85
376,2024-07-06,2024,7,Béatrice Tshibanda,Ventes & Marketing,Négociation commerciale,INTERNE,31,670.57
650,2024-11-20,2024,11,Béatrice Tshibanda,Ventes & Marketing,Leadership et management,EXTERNE,29,2415.75
968,2025-04-28,2025,4,Béatrice Tshibanda,Ventes & Marketing,Négociation commerciale,INTERNE,21,263.98
994,2025-05-11,2025,5,Béatrice Tshibanda,Ventes & Marketing,Service client de qualité,INTERNE,6,691.79
1013,2025-05-21,2025,5,Béatrice Tshibanda,Ventes & Marketing,Service client de qualité,EXTERNE,24,1923.39
1234,2025-09-08,2025,9,Béatrice Tshibanda,Ventes & Marketing,Gestion de projet agile,INTERNE,9,866.72
1481,2026-01-10,2026,1,Béatrice Tshibanda,Ventes & Marketing,Power BI et analyse de données,E_LEARNING,30,124.32
1781,2026-06-09,2026,6,Béatrice Tshibanda,Ventes & Marketing,Sécurité au travail,EXTERNE,7,812.91
1812,2026-06-24,2026,6,Béatrice Tshibanda,Ventes & Marketing,Gestion de projet agile,EXTERNE,12,1089.09
1929,2026-08-22,2026,8,Béatrice Tshibanda,Ventes & Marketing,Service client de qualité,INTERNE,18,819.63
2146,2026-12-08,2026,12,Béatrice Tshibanda,Ventes & Marketing,Service client de qualité,EXTERNE,21,861.08
2163,2026-12-17,2026,12,Béatrice Tshibanda,Ventes & Marketing,Comptabilité analytique,INTERNE,23,846.58
2196,2027-01-02,2027,1,Béatrice Tshibanda,Ventes & Marketing,Excel avancé pour la finance,E_LEARNING,4,51.09
2227,2027-01-18,2027,1,Béatrice Tshibanda,Ventes & Marketing,Excel avancé pour la finance,E_LEARNING,6,124.78
2375,2027-04-02,2027,4,Béatrice Tshibanda,Ventes & Marketing,Comptabilité analytique,E_LEARNING,9,139.97
2404,2027-04-16,2027,4,Béatrice Tshibanda,Ventes & Marketing,Comptabilité analytique,E_LEARNING,16,250.56
2495,2027-06-01,2027,6,Béatrice Tshibanda,Ventes & Marketing,Leadership et management,E_LEARNING,25,60.66
2543,2027-06-25,2027,6,Béatrice Tshibanda,Ventes & Marketing,Négociation commerciale,E_LEARNING,14,71.63
2568,2027-07-07,2027,7,Béatrice Tshibanda,Ventes & Marketing,Service client de qualité,EXTERNE,31,2599.93
2581,2027-07-14,2027,7,Béatrice Tshibanda,Ventes & Marketing,Leadership et management,EXTERNE,13,2915.34
2587,2027-07-17,2027,7,Béatrice Tshibanda,Ventes & Marketing,Excel avancé pour la finance,E_LEARNING,27,202.99
2693,2027-09-08,2027,9,Béatrice Tshibanda,Ventes & Marketing,Gestion de projet agile,E_LEARNING,6,109.48
2748,2027-10-05,2027,10,Béatrice Tshibanda,Ventes & Marketing,Service client de qualité,E_LEARNING,17,200.31
70,2024-02-04,2024,2,Michaël Mpoyi,Ventes & Marketing,Excel avancé pour la finance,EXTERNE,19,971.21
131,2024-03-06,2024,3,Michaël Mpoyi,Ventes & Marketing,Sécurité au travail,EXTERNE,15,1822.88
203,2024-04-11,2024,4,Michaël Mpoyi,Ventes & Marketing,Comptabilité analytique,E_LEARNING,16,251.68
270,2024-05-14,2024,5,Michaël Mpoyi,Ventes & Marketing,Comptabilité analytique,INTERNE,5,873.29
308,2024-06-02,2024,6,Michaël Mpoyi,Ventes & Marketing,Service client de qualité,EXTERNE,14,1015.28
528,2024-09-20,2024,9,Michaël Mpoyi,Ventes & Marketing,Gestion de projet agile,EXTERNE,12,917.49
548,2024-09-30,2024,9,Michaël Mpoyi,Ventes & Marketing,Service client de qualité,EXTERNE,25,2883.49
687,2024-12-09,2024,12,Michaël Mpoyi,Ventes & Marketing,Leadership et management,EXTERNE,13,565.03
1038,2025-06-02,2025,6,Michaël Mpoyi,Ventes & Marketing,Service client de qualité,E_LEARNING,19,286.96
1220,2025-09-01,2025,9,Michaël Mpoyi,Ventes & Marketing,Sécurité au travail,INTERNE,4,764.99
1468,2026-01-03,2026,1,Michaël Mpoyi,Ventes & Marketing,Comptabilité analytique,E_LEARNING,7,125.67
1936,2026-08-25,2026,8,Michaël Mpoyi,Ventes & Marketing,Négociation commerciale,EXTERNE,12,1664.06
1978,2026-09-15,2026,9,Michaël Mpoyi,Ventes & Marketing,Sécurité au travail,EXTERNE,18,537.85
2037,2026-10-15,2026,10,Michaël Mpoyi,Ventes & Marketing,Excel avancé pour la finance,EXTERNE,12,1219.94
2064,2026-10-28,2026,10,Michaël Mpoyi,Ventes & Marketing,Leadership et management,EXTERNE,4,1371.92
2080,2026-11-05,2026,11,Michaël Mpoyi,Ventes & Marketing,Négociation commerciale,E_LEARNING,19,280.23
2374,2027-04-01,2027,4,Michaël Mpoyi,Ventes & Marketing,Gestion de projet agile,E_LEARNING,16,79.55
2561,2027-07-04,2027,7,Michaël Mpoyi,Ventes & Marketing,Sécurité au travail,EXTERNE,21,1633.96
175,2024-03-28,2024,3,Esther Kongo,Ventes & Marketing,Comptabilité analytique,E_LEARNING,33,168.86
243,2024-05-01,2024,5,Esther Kongo,Ventes & Marketing,Sécurité au travail,EXTERNE,5,827.45
287,2024-05-23,2024,5,Esther Kongo,Ventes & Marketing,Négociation commerciale,INTERNE,7,850.38
378,2024-07-07,2024,7,Esther Kongo,Ventes & Marketing,Négociation commerciale,E_LEARNING,29,212.31
399,2024-07-18,2024,7,Esther Kongo,Ventes & Marketing,Leadership et management,E_LEARNING,9,132.02
442,2024-08-08,2024,8,Esther Kongo,Ventes & Marketing,Négociation commerciale,INTERNE,23,472.54
620,2024-11-05,2024,11,Esther Kongo,Ventes & Marketing,Comptabilité analytique,E_LEARNING,15,193.61
654,2024-11-22,2024,11,Esther Kongo,Ventes & Marketing,Gestion de projet agile,E_LEARNING,12,167.85
765,2025-01-17,2025,1,Esther Kongo,Ventes & Marketing,Gestion de projet agile,EXTERNE,32,2457.27
859,2025-03-05,2025,3,Esther Kongo,Ventes & Marketing,Service client de qualité,INTERNE,6,675.41
947,2025-04-18,2025,4,Esther Kongo,Ventes & Marketing,Négociation commerciale,E_LEARNING,6,207.41
1077,2025-06-22,2025,6,Esther Kongo,Ventes & Marketing,Excel avancé pour la finance,EXTERNE,28,2614.22
1134,2025-07-20,2025,7,Esther Kongo,Ventes & Marketing,Leadership et management,EXTERNE,15,1001.33
1170,2025-08-07,2025,8,Esther Kongo,Ventes & Marketing,Comptabilité analytique,E_LEARNING,5,292.51
1179,2025-08-12,2025,8,Esther Kongo,Ventes & Marketing,Power BI et analyse de données,EXTERNE,26,2430.64
1490,2026-01-14,2026,1,Esther Kongo,Ventes & Marketing,Service client de qualité,EXTERNE,22,1902.30
1505,2026-01-22,2026,1,Esther Kongo,Ventes & Marketing,Sécurité au travail,E_LEARNING,24,102.63
1738,2026-05-18,2026,5,Esther Kongo,Ventes & Marketing,Comptabilité analytique,INTERNE,7,203.59
1814,2026-06-25,2026,6,Esther Kongo,Ventes & Marketing,Service client de qualité,EXTERNE,22,1995.90
1943,2026-08-29,2026,8,Esther Kongo,Ventes & Marketing,Comptabilité analytique,INTERNE,33,625.44
2047,2026-10-20,2026,10,Esther Kongo,Ventes & Marketing,Comptabilité analytique,INTERNE,12,870.41
2092,2026-11-11,2026,11,Esther Kongo,Ventes & Marketing,Service client de qualité,E_LEARNING,19,277.04
2137,2026-12-04,2026,12,Esther Kongo,Ventes & Marketing,Comptabilité analytique,EXTERNE,18,649.99
2160,2026-12-15,2026,12,Esther Kongo,Ventes & Marketing,Sécurité au travail,E_LEARNING,19,180.43
2189,2026-12-30,2026,12,Esther Kongo,Ventes & Marketing,Gestion de projet agile,INTERNE,17,382.60
2385,2027-04-07,2027,4,Esther Kongo,Ventes & Marketing,Sécurité au travail,EXTERNE,14,1488.73
2470,2027-05-19,2027,5,Esther Kongo,Ventes & Marketing,Excel avancé pour la finance,EXTERNE,9,2490.35
2497,2027-06-02,2027,6,Esther Kongo,Ventes & Marketing,Négociation commerciale,E_LEARNING,33,75.34
2560,2027-07-03,2027,7,Esther Kongo,Ventes & Marketing,Service client de qualité,INTERNE,9,223.31
2588,2027-07-17,2027,7,Esther Kongo,Ventes & Marketing,Sécurité au travail,EXTERNE,14,1490.70
2725,2027-09-24,2027,9,Esther Kongo,Ventes & Marketing,Sécurité au travail,EXTERNE,28,2568.57
162,2024-03-21,2024,3,Esther Banza,Ventes & Marketing,Gestion de projet agile,E_LEARNING,29,88.86
305,2024-06-01,2024,6,Esther Banza,Ventes & Marketing,Gestion de projet agile,EXTERNE,28,905.49
332,2024-06-14,2024,6,Esther Banza,Ventes & Marketing,Leadership et management,E_LEARNING,29,278.30
392,2024-07-14,2024,7,Esther Banza,Ventes & Marketing,Sécurité au travail,E_LEARNING,18,96.19
404,2024-07-20,2024,7,Esther Banza,Ventes & Marketing,Excel avancé pour la finance,EXTERNE,14,1729.58
465,2024-08-20,2024,8,Esther Banza,Ventes & Marketing,Excel avancé pour la finance,EXTERNE,18,1260.80
756,2025-01-12,2025,1,Esther Banza,Ventes & Marketing,Excel avancé pour la finance,E_LEARNING,8,284.40
999,2025-05-14,2025,5,Esther Banza,Ventes & Marketing,Excel avancé pour la finance,INTERNE,24,350.94
1243,2025-09-13,2025,9,Esther Banza,Ventes & Marketing,Service client de qualité,INTERNE,11,455.74
1284,2025-10-03,2025,10,Esther Banza,Ventes & Marketing,Leadership et management,E_LEARNING,27,202.80
1537,2026-02-07,2026,2,Esther Banza,Ventes & Marketing,Gestion de projet agile,E_LEARNING,22,82.76
1757,2026-05-28,2026,5,Esther Banza,Ventes & Marketing,Leadership et management,E_LEARNING,21,133.23
1948,2026-08-31,2026,8,Esther Banza,Ventes & Marketing,Sécurité au travail,INTERNE,12,795.13
2054,2026-10-23,2026,10,Esther Banza,Ventes & Marketing,Service client de qualité,E_LEARNING,8,74.15
2165,2026-12-18,2026,12,Esther Banza,Ventes & Marketing,Excel avancé pour la finance,EXTERNE,20,2083.40
2518,2027-06-12,2027,6,Esther Banza,Ventes & Marketing,Leadership et management,E_LEARNING,30,316.71
2563,2027-07-05,2027,7,Esther Banza,Ventes & Marketing,Power BI et analyse de données,EXTERNE,22,928.07
2775,2027-10-19,2027,10,Esther Banza,Ventes & Marketing,Service client de qualité,INTERNE,25,197.50
2913,2027-12-27,2027,12,Esther Banza,Ventes & Marketing,Négociation commerciale,INTERNE,16,202.21
374,2024-07-05,2024,7,Alain Bisimwa,Ventes & Marketing,Power BI et analyse de données,E_LEARNING,27,84.91
393,2024-07-15,2024,7,Alain Bisimwa,Ventes & Marketing,Service client de qualité,INTERNE,32,867.60
482,2024-08-28,2024,8,Alain Bisimwa,Ventes & Marketing,Excel avancé pour la finance,INTERNE,30,890.69
499,2024-09-06,2024,9,Alain Bisimwa,Ventes & Marketing,Gestion de projet agile,EXTERNE,10,881.35
800,2025-02-03,2025,2,Alain Bisimwa,Ventes & Marketing,Négociation commerciale,INTERNE,14,670.12
899,2025-03-25,2025,3,Alain Bisimwa,Ventes & Marketing,Leadership et management,EXTERNE,28,1380.66
937,2025-04-13,2025,4,Alain Bisimwa,Ventes & Marketing,Excel avancé pour la finance,EXTERNE,27,2773.53
1011,2025-05-20,2025,5,Alain Bisimwa,Ventes & Marketing,Comptabilité analytique,EXTERNE,9,1800.02
1021,2025-05-25,2025,5,Alain Bisimwa,Ventes & Marketing,Sécurité au travail,INTERNE,5,180.22
1056,2025-06-11,2025,6,Alain Bisimwa,Ventes & Marketing,Power BI et analyse de données,E_LEARNING,18,187.03
1072,2025-06-19,2025,6,Alain Bisimwa,Ventes & Marketing,Power BI et analyse de données,E_LEARNING,19,242.46
1095,2025-07-01,2025,7,Alain Bisimwa,Ventes & Marketing,Service client de qualité,EXTERNE,32,1087.17
1167,2025-08-06,2025,8,Alain Bisimwa,Ventes & Marketing,Sécurité au travail,E_LEARNING,23,284.33
1380,2025-11-20,2025,11,Alain Bisimwa,Ventes & Marketing,Service client de qualité,INTERNE,22,556.74
1635,2026-03-28,2026,3,Alain Bisimwa,Ventes & Marketing,Leadership et management,INTERNE,4,357.51
1663,2026-04-11,2026,4,Alain Bisimwa,Ventes & Marketing,Gestion de projet agile,E_LEARNING,23,70.52
1768,2026-06-02,2026,6,Alain Bisimwa,Ventes & Marketing,Service client de qualité,EXTERNE,17,1507.66
1802,2026-06-19,2026,6,Alain Bisimwa,Ventes & Marketing,Service client de qualité,INTERNE,24,739.67
1842,2026-07-09,2026,7,Alain Bisimwa,Ventes & Marketing,Négociation commerciale,EXTERNE,23,1263.60
1894,2026-08-04,2026,8,Alain Bisimwa,Ventes & Marketing,Power BI et analyse de données,EXTERNE,32,2874.94
1960,2026-09-06,2026,9,Alain Bisimwa,Ventes & Marketing,Comptabilité analytique,EXTERNE,6,2807.70
2226,2027-01-17,2027,1,Alain Bisimwa,Ventes & Marketing,Gestion de projet agile,INTERNE,9,704.94
2237,2027-01-23,2027,1,Alain Bisimwa,Ventes & Marketing,Comptabilité analytique,INTERNE,11,126.60
2261,2027-02-04,2027,2,Alain Bisimwa,Ventes & Marketing,Service client de qualité,E_LEARNING,29,241.71
2349,2027-03-20,2027,3,Alain Bisimwa,Ventes & Marketing,Power BI et analyse de données,INTERNE,29,285.95
2364,2027-03-27,2027,3,Alain Bisimwa,Ventes & Marketing,Service client de qualité,EXTERNE,11,1832.35
2909,2027-12-25,2027,12,Alain Bisimwa,Ventes & Marketing,Service client de qualité,INTERNE,24,780.37
34,2024-01-17,2024,1,Clarisse Kasongo,Ventes & Marketing,Négociation commerciale,E_LEARNING,24,281.86
92,2024-02-15,2024,2,Clarisse Kasongo,Ventes & Marketing,Négociation commerciale,E_LEARNING,11,225.85
239,2024-04-29,2024,4,Clarisse Kasongo,Ventes & Marketing,Comptabilité analytique,E_LEARNING,28,265.58
417,2024-07-27,2024,7,Clarisse Kasongo,Ventes & Marketing,Gestion de projet agile,INTERNE,26,554.25
497,2024-09-05,2024,9,Clarisse Kasongo,Ventes & Marketing,Sécurité au travail,INTERNE,32,548.02
656,2024-11-23,2024,11,Clarisse Kasongo,Ventes & Marketing,Service client de qualité,INTERNE,20,179.10
796,2025-02-01,2025,2,Clarisse Kasongo,Ventes & Marketing,Power BI et analyse de données,EXTERNE,14,2479.20
1059,2025-06-13,2025,6,Clarisse Kasongo,Ventes & Marketing,Leadership et management,INTERNE,17,611.54
1084,2025-06-25,2025,6,Clarisse Kasongo,Ventes & Marketing,Gestion de projet agile,INTERNE,13,490.81
1185,2025-08-15,2025,8,Clarisse Kasongo,Ventes & Marketing,Leadership et management,INTERNE,17,656.51
1401,2025-12-01,2025,12,Clarisse Kasongo,Ventes & Marketing,Service client de qualité,EXTERNE,33,693.94
1425,2025-12-13,2025,12,Clarisse Kasongo,Ventes & Marketing,Négociation commerciale,E_LEARNING,26,269.65
1476,2026-01-07,2026,1,Clarisse Kasongo,Ventes & Marketing,Leadership et management,EXTERNE,15,1201.05
1551,2026-02-14,2026,2,Clarisse Kasongo,Ventes & Marketing,Comptabilité analytique,E_LEARNING,21,130.22
1598,2026-03-09,2026,3,Clarisse Kasongo,Ventes & Marketing,Comptabilité analytique,INTERNE,4,682.73
1644,2026-04-01,2026,4,Clarisse Kasongo,Ventes & Marketing,Excel avancé pour la finance,EXTERNE,4,2961.68
1867,2026-07-22,2026,7,Clarisse Kasongo,Ventes & Marketing,Service client de qualité,EXTERNE,24,2508.76
1972,2026-09-12,2026,9,Clarisse Kasongo,Ventes & Marketing,Comptabilité analytique,E_LEARNING,9,135.25
2075,2026-11-03,2026,11,Clarisse Kasongo,Ventes & Marketing,Sécurité au travail,EXTERNE,11,2878.70
2208,2027-01-08,2027,1,Clarisse Kasongo,Ventes & Marketing,Gestion de projet agile,E_LEARNING,28,53.87
2324,2027-03-07,2027,3,Clarisse Kasongo,Ventes & Marketing,Leadership et management,E_LEARNING,14,172.23
2391,2027-04-10,2027,4,Clarisse Kasongo,Ventes & Marketing,Power BI et analyse de données,INTERNE,29,355.61
2489,2027-05-29,2027,5,Clarisse Kasongo,Ventes & Marketing,Leadership et management,EXTERNE,5,1849.22
2553,2027-06-30,2027,6,Clarisse Kasongo,Ventes & Marketing,Leadership et management,E_LEARNING,26,56.51
2633,2027-08-09,2027,8,Clarisse Kasongo,Ventes & Marketing,Power BI et analyse de données,E_LEARNING,16,113.71
2762,2027-10-12,2027,10,Clarisse Kasongo,Ventes & Marketing,Power BI et analyse de données,E_LEARNING,10,62.09
2840,2027-11-20,2027,11,Clarisse Kasongo,Ventes & Marketing,Power BI et analyse de données,EXTERNE,6,2195.51
390,2024-07-13,2024,7,Jean Mpoyi,Ventes & Marketing,Excel avancé pour la finance,EXTERNE,16,2549.24
433,2024-08-04,2024,8,Jean Mpoyi,Ventes & Marketing,Gestion de projet agile,E_LEARNING,12,120.74
632,2024-11-11,2024,11,Jean Mpoyi,Ventes & Marketing,Négociation commerciale,INTERNE,8,808.28
720,2024-12-25,2024,12,Jean Mpoyi,Ventes & Marketing,Sécurité au travail,EXTERNE,19,1410.88
871,2025-03-11,2025,3,Jean Mpoyi,Ventes & Marketing,Power BI et analyse de données,E_LEARNING,27,79.56
944,2025-04-16,2025,4,Jean Mpoyi,Ventes & Marketing,Power BI et analyse de données,E_LEARNING,25,259.72
1191,2025-08-18,2025,8,Jean Mpoyi,Ventes & Marketing,Leadership et management,INTERNE,11,561.18
1198,2025-08-21,2025,8,Jean Mpoyi,Ventes & Marketing,Service client de qualité,E_LEARNING,27,168.78
1278,2025-09-30,2025,9,Jean Mpoyi,Ventes & Marketing,Service client de qualité,EXTERNE,24,2633.92
1589,2026-03-05,2026,3,Jean Mpoyi,Ventes & Marketing,Négociation commerciale,INTERNE,5,398.69
1605,2026-03-13,2026,3,Jean Mpoyi,Ventes & Marketing,Négociation commerciale,E_LEARNING,6,239.59
1744,2026-05-21,2026,5,Jean Mpoyi,Ventes & Marketing,Service client de qualité,E_LEARNING,15,150.56
1872,2026-07-24,2026,7,Jean Mpoyi,Ventes & Marketing,Leadership et management,INTERNE,21,451.84
1938,2026-08-26,2026,8,Jean Mpoyi,Ventes & Marketing,Négociation commerciale,EXTERNE,21,1217.29
2034,2026-10-13,2026,10,Jean Mpoyi,Ventes & Marketing,Comptabilité analytique,EXTERNE,4,2391.93
2229,2027-01-19,2027,1,Jean Mpoyi,Ventes & Marketing,Excel avancé pour la finance,E_LEARNING,26,231.29
2236,2027-01-22,2027,1,Jean Mpoyi,Ventes & Marketing,Comptabilité analytique,E_LEARNING,31,115.79
2305,2027-02-26,2027,2,Jean Mpoyi,Ventes & Marketing,Service client de qualité,EXTERNE,5,1322.08
2576,2027-07-11,2027,7,Jean Mpoyi,Ventes & Marketing,Négociation commerciale,INTERNE,31,782.51
2837,2027-11-19,2027,11,Jean Mpoyi,Ventes & Marketing,Gestion de projet agile,E_LEARNING,9,310.62
2879,2027-12-10,2027,12,Jean Mpoyi,Ventes & Marketing,Sécurité au travail,EXTERNE,22,2426.02
117,2024-02-28,2024,2,Fabrice Ntumba,Ventes & Marketing,Sécurité au travail,INTERNE,10,868.97
121,2024-03-01,2024,3,Fabrice Ntumba,Ventes & Marketing,Comptabilité analytique,E_LEARNING,24,94.00
165,2024-03-23,2024,3,Fabrice Ntumba,Ventes & Marketing,Gestion de projet agile,E_LEARNING,32,206.34
309,2024-06-03,2024,6,Fabrice Ntumba,Ventes & Marketing,Gestion de projet agile,INTERNE,5,295.21
463,2024-08-19,2024,8,Fabrice Ntumba,Ventes & Marketing,Sécurité au travail,EXTERNE,12,844.19
586,2024-10-19,2024,10,Fabrice Ntumba,Ventes & Marketing,Négociation commerciale,E_LEARNING,25,283.53
617,2024-11-04,2024,11,Fabrice Ntumba,Ventes & Marketing,Gestion de projet agile,EXTERNE,4,512.08
622,2024-11-06,2024,11,Fabrice Ntumba,Ventes & Marketing,Excel avancé pour la finance,EXTERNE,19,1600.06
873,2025-03-12,2025,3,Fabrice Ntumba,Ventes & Marketing,Excel avancé pour la finance,INTERNE,26,527.29
910,2025-03-30,2025,3,Fabrice Ntumba,Ventes & Marketing,Leadership et management,EXTERNE,30,703.45
939,2025-04-14,2025,4,Fabrice Ntumba,Ventes & Marketing,Power BI et analyse de données,E_LEARNING,7,242.88
1081,2025-06-24,2025,6,Fabrice Ntumba,Ventes & Marketing,Service client de qualité,INTERNE,28,280.00
1445,2025-12-23,2025,12,Fabrice Ntumba,Ventes & Marketing,Power BI et analyse de données,EXTERNE,16,608.19
1499,2026-01-19,2026,1,Fabrice Ntumba,Ventes & Marketing,Sécurité au travail,E_LEARNING,28,224.87
1674,2026-04-16,2026,4,Fabrice Ntumba,Ventes & Marketing,Service client de qualité,E_LEARNING,26,77.20
1707,2026-05-03,2026,5,Fabrice Ntumba,Ventes & Marketing,Leadership et management,E_LEARNING,28,240.77
1826,2026-07-01,2026,7,Fabrice Ntumba,Ventes & Marketing,Comptabilité analytique,E_LEARNING,24,95.28
2028,2026-10-10,2026,10,Fabrice Ntumba,Ventes & Marketing,Leadership et management,INTERNE,12,749.61
2130,2026-11-30,2026,11,Fabrice Ntumba,Ventes & Marketing,Sécurité au travail,INTERNE,29,154.94
2145,2026-12-08,2026,12,Fabrice Ntumba,Ventes & Marketing,Comptabilité analytique,E_LEARNING,4,306.30
2233,2027-01-21,2027,1,Fabrice Ntumba,Ventes & Marketing,Service client de qualité,E_LEARNING,27,99.85
2312,2027-03-01,2027,3,Fabrice Ntumba,Ventes & Marketing,Power BI et analyse de données,INTERNE,14,822.82
2321,2027-03-06,2027,3,Fabrice Ntumba,Ventes & Marketing,Négociation commerciale,E_LEARNING,6,193.65
2339,2027-03-15,2027,3,Fabrice Ntumba,Ventes & Marketing,Leadership et management,INTERNE,5,782.75
2412,2027-04-20,2027,4,Fabrice Ntumba,Ventes & Marketing,Excel avancé pour la finance,INTERNE,29,885.71
2513,2027-06-10,2027,6,Fabrice Ntumba,Ventes & Marketing,Leadership et management,EXTERNE,19,985.36
2796,2027-10-29,2027,10,Fabrice Ntumba,Ventes & Marketing,Comptabilité analytique,INTERNE,25,211.10
2816,2027-11-08,2027,11,Fabrice Ntumba,Ventes & Marketing,Gestion de projet agile,E_LEARNING,19,246.14
44,2024-01-22,2024,1,Dieudonné Tshiala,Ventes & Marketing,Leadership et management,EXTERNE,8,943.52
146,2024-03-13,2024,3,Dieudonné Tshiala,Ventes & Marketing,Négociation commerciale,EXTERNE,18,2108.97
242,2024-04-30,2024,4,Dieudonné Tshiala,Ventes & Marketing,Service client de qualité,E_LEARNING,20,103.98
461,2024-08-18,2024,8,Dieudonné Tshiala,Ventes & Marketing,Gestion de projet agile,E_LEARNING,18,177.21
474,2024-08-24,2024,8,Dieudonné Tshiala,Ventes & Marketing,Gestion de projet agile,EXTERNE,22,2812.00
529,2024-09-21,2024,9,Dieudonné Tshiala,Ventes & Marketing,Sécurité au travail,EXTERNE,23,2997.18
561,2024-10-07,2024,10,Dieudonné Tshiala,Ventes & Marketing,Négociation commerciale,E_LEARNING,19,332.02
723,2024-12-27,2024,12,Dieudonné Tshiala,Ventes & Marketing,Leadership et management,EXTERNE,16,2271.85
850,2025-02-28,2025,2,Dieudonné Tshiala,Ventes & Marketing,Sécurité au travail,INTERNE,31,327.96
864,2025-03-07,2025,3,Dieudonné Tshiala,Ventes & Marketing,Comptabilité analytique,EXTERNE,19,513.51
901,2025-03-26,2025,3,Dieudonné Tshiala,Ventes & Marketing,Comptabilité analytique,E_LEARNING,12,305.28
921,2025-04-05,2025,4,Dieudonné Tshiala,Ventes & Marketing,Négociation commerciale,INTERNE,5,445.62
1043,2025-06-05,2025,6,Dieudonné Tshiala,Ventes & Marketing,Gestion de projet agile,INTERNE,12,218.49
1053,2025-06-10,2025,6,Dieudonné Tshiala,Ventes & Marketing,Excel avancé pour la finance,INTERNE,31,341.58
1222,2025-09-02,2025,9,Dieudonné Tshiala,Ventes & Marketing,Leadership et management,INTERNE,29,649.84
1386,2025-11-23,2025,11,Dieudonné Tshiala,Ventes & Marketing,Sécurité au travail,INTERNE,19,203.19
1507,2026-01-23,2026,1,Dieudonné Tshiala,Ventes & Marketing,Comptabilité analytique,EXTERNE,10,2240.66
1688,2026-04-23,2026,4,Dieudonné Tshiala,Ventes & Marketing,Sécurité au travail,INTERNE,19,184.00
1785,2026-06-11,2026,6,Dieudonné Tshiala,Ventes & Marketing,Power BI et analyse de données,INTERNE,32,668.22
1868,2026-07-22,2026,7,Dieudonné Tshiala,Ventes & Marketing,Comptabilité analytique,EXTERNE,15,1603.22
2041,2026-10-17,2026,10,Dieudonné Tshiala,Ventes & Marketing,Leadership et management,INTERNE,17,510.91
2147,2026-12-09,2026,12,Dieudonné Tshiala,Ventes & Marketing,Comptabilité analytique,EXTERNE,15,1582.21
2192,2026-12-31,2026,12,Dieudonné Tshiala,Ventes & Marketing,Leadership et management,EXTERNE,8,767.08
2228,2027-01-18,2027,1,Dieudonné Tshiala,Ventes & Marketing,Leadership et management,INTERNE,13,845.32
2281,2027-02-14,2027,2,Dieudonné Tshiala,Ventes & Marketing,Comptabilité analytique,E_LEARNING,10,253.76
2302,2027-02-24,2027,2,Dieudonné Tshiala,Ventes & Marketing,Comptabilité analytique,E_LEARNING,16,181.69
2308,2027-02-27,2027,2,Dieudonné Tshiala,Ventes & Marketing,Négociation commerciale,EXTERNE,19,2310.78
2346,2027-03-18,2027,3,Dieudonné Tshiala,Ventes & Marketing,Sécurité au travail,E_LEARNING,33,264.03
2368,2027-03-29,2027,3,Dieudonné Tshiala,Ventes & Marketing,Service client de qualité,EXTERNE,9,1219.06
2376,2027-04-02,2027,4,Dieudonné Tshiala,Ventes & Marketing,Sécurité au travail,INTERNE,32,447.98
2379,2027-04-04,2027,4,Dieudonné Tshiala,Ventes & Marketing,Service client de qualité,INTERNE,21,272.69
2496,2027-06-01,2027,6,Dieudonné Tshiala,Ventes & Marketing,Power BI et analyse de données,E_LEARNING,8,272.65
2667,2027-08-26,2027,8,Dieudonné Tshiala,Ventes & Marketing,Power BI et analyse de données,EXTERNE,13,2024.04
2738,2027-09-30,2027,9,Dieudonné Tshiala,Ventes & Marketing,Service client de qualité,INTERNE,25,675.09
2854,2027-11-27,2027,11,Dieudonné Tshiala,Ventes & Marketing,Sécurité au travail,E_LEARNING,13,169.19
4,2024-01-02,2024,1,Paul Kabila,Ressources Humaines,Comptabilité analytique,E_LEARNING,27,250.66
15,2024-01-08,2024,1,Paul Kabila,Ressources Humaines,Excel avancé pour la finance,EXTERNE,24,999.71
263,2024-05-11,2024,5,Paul Kabila,Ressources Humaines,Leadership et management,EXTERNE,17,1728.46
518,2024-09-15,2024,9,Paul Kabila,Ressources Humaines,Comptabilité analytique,E_LEARNING,10,201.25
592,2024-10-22,2024,10,Paul Kabila,Ressources Humaines,Sécurité au travail,EXTERNE,29,2976.56
630,2024-11-10,2024,11,Paul Kabila,Ressources Humaines,Leadership et management,INTERNE,20,202.80
701,2024-12-16,2024,12,Paul Kabila,Ressources Humaines,Leadership et management,E_LEARNING,26,71.05
749,2025-01-09,2025,1,Paul Kabila,Ressources Humaines,Leadership et management,EXTERNE,14,824.15
776,2025-01-22,2025,1,Paul Kabila,Ressources Humaines,Power BI et analyse de données,INTERNE,11,266.14
781,2025-01-25,2025,1,Paul Kabila,Ressources Humaines,Excel avancé pour la finance,E_LEARNING,9,241.85
849,2025-02-28,2025,2,Paul Kabila,Ressources Humaines,Power BI et analyse de données,EXTERNE,22,2915.42
986,2025-05-07,2025,5,Paul Kabila,Ressources Humaines,Service client de qualité,INTERNE,20,229.11
988,2025-05-08,2025,5,Paul Kabila,Ressources Humaines,Leadership et management,EXTERNE,6,2193.89
1098,2025-07-02,2025,7,Paul Kabila,Ressources Humaines,Leadership et management,EXTERNE,25,689.74
1114,2025-07-10,2025,7,Paul Kabila,Ressources Humaines,Excel avancé pour la finance,INTERNE,29,125.45
1137,2025-07-22,2025,7,Paul Kabila,Ressources Humaines,Sécurité au travail,E_LEARNING,23,67.59
1235,2025-09-09,2025,9,Paul Kabila,Ressources Humaines,Power BI et analyse de données,INTERNE,31,646.97
1345,2025-11-03,2025,11,Paul Kabila,Ressources Humaines,Power BI et analyse de données,E_LEARNING,20,286.91
1477,2026-01-08,2026,1,Paul Kabila,Ressources Humaines,Service client de qualité,INTERNE,28,621.80
1512,2026-01-25,2026,1,Paul Kabila,Ressources Humaines,Comptabilité analytique,E_LEARNING,12,76.94
1834,2026-07-05,2026,7,Paul Kabila,Ressources Humaines,Sécurité au travail,E_LEARNING,19,195.53
2013,2026-10-03,2026,10,Paul Kabila,Ressources Humaines,Comptabilité analytique,INTERNE,10,572.09
2093,2026-11-12,2026,11,Paul Kabila,Ressources Humaines,Power BI et analyse de données,E_LEARNING,32,53.57
2122,2026-11-26,2026,11,Paul Kabila,Ressources Humaines,Power BI et analyse de données,EXTERNE,24,1986.01
2222,2027-01-15,2027,1,Paul Kabila,Ressources Humaines,Négociation commerciale,E_LEARNING,28,76.32
2521,2027-06-14,2027,6,Paul Kabila,Ressources Humaines,Power BI et analyse de données,E_LEARNING,21,52.32
2834,2027-11-17,2027,11,Paul Kabila,Ressources Humaines,Excel avancé pour la finance,INTERNE,23,328.86
73,2024-02-06,2024,2,Alain Kalala,Ressources Humaines,Service client de qualité,EXTERNE,11,2229.67
190,2024-04-04,2024,4,Alain Kalala,Ressources Humaines,Service client de qualité,EXTERNE,14,863.16
235,2024-04-27,2024,4,Alain Kalala,Ressources Humaines,Leadership et management,E_LEARNING,24,292.41
317,2024-06-07,2024,6,Alain Kalala,Ressources Humaines,Comptabilité analytique,EXTERNE,20,1071.02
320,2024-06-08,2024,6,Alain Kalala,Ressources Humaines,Power BI et analyse de données,INTERNE,31,657.99
721,2024-12-26,2024,12,Alain Kalala,Ressources Humaines,Excel avancé pour la finance,INTERNE,31,346.63
733,2025-01-01,2025,1,Alain Kalala,Ressources Humaines,Gestion de projet agile,E_LEARNING,27,323.07
908,2025-03-29,2025,3,Alain Kalala,Ressources Humaines,Sécurité au travail,INTERNE,29,121.53
1005,2025-05-17,2025,5,Alain Kalala,Ressources Humaines,Service client de qualité,EXTERNE,24,1873.41
1067,2025-06-17,2025,6,Alain Kalala,Ressources Humaines,Comptabilité analytique,E_LEARNING,17,246.78
1219,2025-09-01,2025,9,Alain Kalala,Ressources Humaines,Négociation commerciale,EXTERNE,29,1399.50
1474,2026-01-06,2026,1,Alain Kalala,Ressources Humaines,Sécurité au travail,EXTERNE,7,915.45
1847,2026-07-12,2026,7,Alain Kalala,Ressources Humaines,Excel avancé pour la finance,INTERNE,24,342.99
2019,2026-10-06,2026,10,Alain Kalala,Ressources Humaines,Gestion de projet agile,E_LEARNING,18,115.22
2288,2027-02-17,2027,2,Alain Kalala,Ressources Humaines,Power BI et analyse de données,EXTERNE,18,1998.88
2307,2027-02-27,2027,2,Alain Kalala,Ressources Humaines,Comptabilité analytique,EXTERNE,17,2677.66
2410,2027-04-19,2027,4,Alain Kalala,Ressources Humaines,Gestion de projet agile,INTERNE,15,718.69
2632,2027-08-08,2027,8,Alain Kalala,Ressources Humaines,Service client de qualité,INTERNE,29,591.42
97,2024-02-18,2024,2,Grace Tshibanda,Ressources Humaines,Service client de qualité,EXTERNE,30,2679.98
102,2024-02-20,2024,2,Grace Tshibanda,Ressources Humaines,Service client de qualité,E_LEARNING,11,267.13
181,2024-03-31,2024,3,Grace Tshibanda,Ressources Humaines,Leadership et management,EXTERNE,20,838.39
247,2024-05-03,2024,5,Grace Tshibanda,Ressources Humaines,Service client de qualité,INTERNE,15,222.92
311,2024-06-04,2024,6,Grace Tshibanda,Ressources Humaines,Excel avancé pour la finance,E_LEARNING,14,185.03
450,2024-08-12,2024,8,Grace Tshibanda,Ressources Humaines,Sécurité au travail,EXTERNE,14,1382.99
554,2024-10-03,2024,10,Grace Tshibanda,Ressources Humaines,Leadership et management,INTERNE,24,763.38
770,2025-01-19,2025,1,Grace Tshibanda,Ressources Humaines,Sécurité au travail,INTERNE,20,540.34
1048,2025-06-07,2025,6,Grace Tshibanda,Ressources Humaines,Gestion de projet agile,INTERNE,20,846.31
1244,2025-09-13,2025,9,Grace Tshibanda,Ressources Humaines,Comptabilité analytique,E_LEARNING,28,213.64
1314,2025-10-18,2025,10,Grace Tshibanda,Ressources Humaines,Leadership et management,E_LEARNING,11,238.88
1475,2026-01-07,2026,1,Grace Tshibanda,Ressources Humaines,Excel avancé pour la finance,E_LEARNING,16,277.12
1495,2026-01-17,2026,1,Grace Tshibanda,Ressources Humaines,Service client de qualité,E_LEARNING,26,108.22
1524,2026-01-31,2026,1,Grace Tshibanda,Ressources Humaines,Comptabilité analytique,INTERNE,28,661.19
1664,2026-04-11,2026,4,Grace Tshibanda,Ressources Humaines,Service client de qualité,E_LEARNING,29,237.90
1903,2026-08-09,2026,8,Grace Tshibanda,Ressources Humaines,Négociation commerciale,EXTERNE,19,2105.24
1968,2026-09-10,2026,9,Grace Tshibanda,Ressources Humaines,Négociation commerciale,EXTERNE,25,2639.53
2000,2026-09-26,2026,9,Grace Tshibanda,Ressources Humaines,Leadership et management,EXTERNE,21,1302.08
2133,2026-12-02,2026,12,Grace Tshibanda,Ressources Humaines,Service client de qualité,EXTERNE,12,2083.70
2675,2027-08-30,2027,8,Grace Tshibanda,Ressources Humaines,Comptabilité analytique,EXTERNE,20,1701.65
2771,2027-10-17,2027,10,Grace Tshibanda,Ressources Humaines,Power BI et analyse de données,INTERNE,28,843.48
2835,2027-11-18,2027,11,Grace Tshibanda,Ressources Humaines,Sécurité au travail,EXTERNE,29,972.55
53,2024-01-27,2024,1,Michaël Mbala,Ressources Humaines,Leadership et management,E_LEARNING,9,155.83
139,2024-03-10,2024,3,Michaël Mbala,Ressources Humaines,Comptabilité analytique,EXTERNE,5,2441.93
244,2024-05-01,2024,5,Michaël Mbala,Ressources Humaines,Négociation commerciale,INTERNE,10,475.79
449,2024-08-12,2024,8,Michaël Mbala,Ressources Humaines,Gestion de projet agile,EXTERNE,20,2019.81
533,2024-09-23,2024,9,Michaël Mbala,Ressources Humaines,Sécurité au travail,E_LEARNING,32,171.03
619,2024-11-05,2024,11,Michaël Mbala,Ressources Humaines,Service client de qualité,E_LEARNING,19,274.32
870,2025-03-10,2025,3,Michaël Mbala,Ressources Humaines,Sécurité au travail,E_LEARNING,22,324.67
928,2025-04-08,2025,4,Michaël Mbala,Ressources Humaines,Sécurité au travail,E_LEARNING,30,86.94
1033,2025-05-31,2025,5,Michaël Mbala,Ressources Humaines,Gestion de projet agile,EXTERNE,9,2696.00
1299,2025-10-11,2025,10,Michaël Mbala,Ressources Humaines,Négociation commerciale,E_LEARNING,18,260.67
1430,2025-12-15,2025,12,Michaël Mbala,Ressources Humaines,Excel avancé pour la finance,E_LEARNING,9,291.42
1718,2026-05-08,2026,5,Michaël Mbala,Ressources Humaines,Négociation commerciale,EXTERNE,12,1972.42
1771,2026-06-04,2026,6,Michaël Mbala,Ressources Humaines,Négociation commerciale,INTERNE,29,433.70
1811,2026-06-24,2026,6,Michaël Mbala,Ressources Humaines,Sécurité au travail,EXTERNE,23,2589.08
1937,2026-08-26,2026,8,Michaël Mbala,Ressources Humaines,Négociation commerciale,INTERNE,23,375.22
2089,2026-11-10,2026,11,Michaël Mbala,Ressources Humaines,Comptabilité analytique,EXTERNE,30,2528.54
2124,2026-11-27,2026,11,Michaël Mbala,Ressources Humaines,Comptabilité analytique,E_LEARNING,24,323.05
2136,2026-12-03,2026,12,Michaël Mbala,Ressources Humaines,Power BI et analyse de données,EXTERNE,18,1861.82
2188,2026-12-29,2026,12,Michaël Mbala,Ressources Humaines,Leadership et management,INTERNE,26,335.17
2266,2027-02-06,2027,2,Michaël Mbala,Ressources Humaines,Gestion de projet agile,EXTERNE,24,1299.27
2267,2027-02-07,2027,2,Michaël Mbala,Ressources Humaines,Leadership et management,EXTERNE,15,1127.79
2297,2027-02-22,2027,2,Michaël Mbala,Ressources Humaines,Sécurité au travail,INTERNE,22,745.91
2889,2027-12-15,2027,12,Michaël Mbala,Ressources Humaines,Excel avancé pour la finance,INTERNE,21,592.98
2922,2027-12-31,2027,12,Michaël Mbala,Ressources Humaines,Gestion de projet agile,E_LEARNING,7,185.16
56,2024-01-28,2024,1,Esther Tshibanda,Ressources Humaines,Gestion de projet agile,EXTERNE,28,2857.29
60,2024-01-30,2024,1,Esther Tshibanda,Ressources Humaines,Négociation commerciale,EXTERNE,31,2296.98
101,2024-02-20,2024,2,Esther Tshibanda,Ressources Humaines,Sécurité au travail,E_LEARNING,9,291.24
206,2024-04-12,2024,4,Esther Tshibanda,Ressources Humaines,Négociation commerciale,EXTERNE,23,1134.20
276,2024-05-17,2024,5,Esther Tshibanda,Ressources Humaines,Négociation commerciale,INTERNE,9,832.88
323,2024-06-10,2024,6,Esther Tshibanda,Ressources Humaines,Leadership et management,INTERNE,13,835.65
340,2024-06-18,2024,6,Esther Tshibanda,Ressources Humaines,Gestion de projet agile,E_LEARNING,15,345.32
341,2024-06-19,2024,6,Esther Tshibanda,Ressources Humaines,Sécurité au travail,E_LEARNING,32,183.13
509,2024-09-11,2024,9,Esther Tshibanda,Ressources Humaines,Gestion de projet agile,EXTERNE,17,784.86
1078,2025-06-22,2025,6,Esther Tshibanda,Ressources Humaines,Service client de qualité,INTERNE,9,389.09
1080,2025-06-23,2025,6,Esther Tshibanda,Ressources Humaines,Gestion de projet agile,INTERNE,31,535.27
1281,2025-10-02,2025,10,Esther Tshibanda,Ressources Humaines,Power BI et analyse de données,E_LEARNING,25,167.26
1568,2026-02-22,2026,2,Esther Tshibanda,Ressources Humaines,Gestion de projet agile,INTERNE,30,378.92
1713,2026-05-06,2026,5,Esther Tshibanda,Ressources Humaines,Comptabilité analytique,EXTERNE,22,2515.35
1934,2026-08-24,2026,8,Esther Tshibanda,Ressources Humaines,Service client de qualité,INTERNE,22,248.91
1971,2026-09-12,2026,9,Esther Tshibanda,Ressources Humaines,Sécurité au travail,INTERNE,30,135.24
1999,2026-09-26,2026,9,Esther Tshibanda,Ressources Humaines,Comptabilité analytique,EXTERNE,27,1910.49
2139,2026-12-05,2026,12,Esther Tshibanda,Ressources Humaines,Power BI et analyse de données,INTERNE,29,188.34
2326,2027-03-08,2027,3,Esther Tshibanda,Ressources Humaines,Excel avancé pour la finance,E_LEARNING,24,141.00
2662,2027-08-23,2027,8,Esther Tshibanda,Ressources Humaines,Comptabilité analytique,EXTERNE,5,2334.94
2680,2027-09-01,2027,9,Esther Tshibanda,Ressources Humaines,Sécurité au travail,EXTERNE,27,1814.64
2741,2027-10-02,2027,10,Esther Tshibanda,Ressources Humaines,Sécurité au travail,E_LEARNING,17,307.49
2900,2027-12-20,2027,12,Esther Tshibanda,Ressources Humaines,Excel avancé pour la finance,INTERNE,13,593.38
2911,2027-12-26,2027,12,Esther Tshibanda,Ressources Humaines,Gestion de projet agile,E_LEARNING,17,131.15
35,2024-01-18,2024,1,Anne Kalala,Ressources Humaines,Négociation commerciale,EXTERNE,23,1561.85
89,2024-02-14,2024,2,Anne Kalala,Ressources Humaines,Leadership et management,E_LEARNING,15,138.95
124,2024-03-02,2024,3,Anne Kalala,Ressources Humaines,Service client de qualité,E_LEARNING,33,99.06
138,2024-03-09,2024,3,Anne Kalala,Ressources Humaines,Sécurité au travail,INTERNE,32,316.07
400,2024-07-18,2024,7,Anne Kalala,Ressources Humaines,Power BI et analyse de données,INTERNE,11,301.38
412,2024-07-24,2024,7,Anne Kalala,Ressources Humaines,Comptabilité analytique,EXTERNE,4,2503.30
489,2024-09-01,2024,9,Anne Kalala,Ressources Humaines,Power BI et analyse de données,INTERNE,30,611.58
492,2024-09-02,2024,9,Anne Kalala,Ressources Humaines,Comptabilité analytique,INTERNE,6,216.57
541,2024-09-27,2024,9,Anne Kalala,Ressources Humaines,Sécurité au travail,EXTERNE,28,554.31
1188,2025-08-16,2025,8,Anne Kalala,Ressources Humaines,Négociation commerciale,INTERNE,33,878.86
1336,2025-10-29,2025,10,Anne Kalala,Ressources Humaines,Excel avancé pour la finance,E_LEARNING,4,52.51
1506,2026-01-22,2026,1,Anne Kalala,Ressources Humaines,Comptabilité analytique,EXTERNE,27,1676.83
1549,2026-02-13,2026,2,Anne Kalala,Ressources Humaines,Gestion de projet agile,EXTERNE,29,608.56
1640,2026-03-30,2026,3,Anne Kalala,Ressources Humaines,Négociation commerciale,INTERNE,29,487.00
1696,2026-04-27,2026,4,Anne Kalala,Ressources Humaines,Excel avancé pour la finance,E_LEARNING,23,84.37
1733,2026-05-16,2026,5,Anne Kalala,Ressources Humaines,Service client de qualité,EXTERNE,9,884.09
1893,2026-08-04,2026,8,Anne Kalala,Ressources Humaines,Gestion de projet agile,INTERNE,12,454.95
1987,2026-09-20,2026,9,Anne Kalala,Ressources Humaines,Négociation commerciale,INTERNE,22,491.85
1992,2026-09-22,2026,9,Anne Kalala,Ressources Humaines,Service client de qualité,INTERNE,16,350.76
2243,2027-01-26,2027,1,Anne Kalala,Ressources Humaines,Gestion de projet agile,INTERNE,21,875.95
2423,2027-04-26,2027,4,Anne Kalala,Ressources Humaines,Comptabilité analytique,E_LEARNING,19,100.61
2519,2027-06-13,2027,6,Anne Kalala,Ressources Humaines,Leadership et management,INTERNE,7,848.50
2565,2027-07-06,2027,7,Anne Kalala,Ressources Humaines,Comptabilité analytique,INTERNE,32,301.25
2640,2027-08-12,2027,8,Anne Kalala,Ressources Humaines,Négociation commerciale,EXTERNE,19,2139.61
43,2024-01-22,2024,1,Clarisse Mbuyi,Ressources Humaines,Sécurité au travail,E_LEARNING,26,184.34
180,2024-03-30,2024,3,Clarisse Mbuyi,Ressources Humaines,Négociation commerciale,E_LEARNING,17,218.49
275,2024-05-17,2024,5,Clarisse Mbuyi,Ressources Humaines,Gestion de projet agile,EXTERNE,23,867.13
422,2024-07-29,2024,7,Clarisse Mbuyi,Ressources Humaines,Gestion de projet agile,EXTERNE,28,1154.19
469,2024-08-22,2024,8,Clarisse Mbuyi,Ressources Humaines,Gestion de projet agile,INTERNE,26,580.30
557,2024-10-05,2024,10,Clarisse Mbuyi,Ressources Humaines,Power BI et analyse de données,EXTERNE,24,2119.69
629,2024-11-10,2024,11,Clarisse Mbuyi,Ressources Humaines,Négociation commerciale,INTERNE,16,339.45
718,2024-12-24,2024,12,Clarisse Mbuyi,Ressources Humaines,Gestion de projet agile,INTERNE,14,593.88
861,2025-03-06,2025,3,Clarisse Mbuyi,Ressources Humaines,Négociation commerciale,E_LEARNING,20,328.42
930,2025-04-09,2025,4,Clarisse Mbuyi,Ressources Humaines,Excel avancé pour la finance,E_LEARNING,10,315.66
997,2025-05-13,2025,5,Clarisse Mbuyi,Ressources Humaines,Leadership et management,EXTERNE,10,1799.88
1060,2025-06-13,2025,6,Clarisse Mbuyi,Ressources Humaines,Power BI et analyse de données,EXTERNE,13,2185.94
1161,2025-08-03,2025,8,Clarisse Mbuyi,Ressources Humaines,Service client de qualité,INTERNE,7,776.33
1171,2025-08-08,2025,8,Clarisse Mbuyi,Ressources Humaines,Gestion de projet agile,E_LEARNING,28,91.36
1208,2025-08-26,2025,8,Clarisse Mbuyi,Ressources Humaines,Power BI et analyse de données,EXTERNE,22,1419.35
1282,2025-10-02,2025,10,Clarisse Mbuyi,Ressources Humaines,Comptabilité analytique,INTERNE,4,541.91
1422,2025-12-11,2025,12,Clarisse Mbuyi,Ressources Humaines,Service client de qualité,E_LEARNING,8,96.09
1776,2026-06-06,2026,6,Clarisse Mbuyi,Ressources Humaines,Sécurité au travail,INTERNE,10,701.40
2005,2026-09-29,2026,9,Clarisse Mbuyi,Ressources Humaines,Négociation commerciale,INTERNE,24,594.66
2072,2026-11-01,2026,11,Clarisse Mbuyi,Ressources Humaines,Service client de qualité,EXTERNE,14,1028.96
2162,2026-12-16,2026,12,Clarisse Mbuyi,Ressources Humaines,Sécurité au travail,E_LEARNING,7,142.49
2541,2027-06-24,2027,6,Clarisse Mbuyi,Ressources Humaines,Excel avancé pour la finance,E_LEARNING,15,239.51
2583,2027-07-15,2027,7,Clarisse Mbuyi,Ressources Humaines,Power BI et analyse de données,E_LEARNING,5,185.67
2843,2027-11-22,2027,11,Clarisse Mbuyi,Ressources Humaines,Comptabilité analytique,E_LEARNING,21,161.45
111,2024-02-25,2024,2,Grace Mbuyi,Ressources Humaines,Power BI et analyse de données,EXTERNE,19,2612.61
174,2024-03-27,2024,3,Grace Mbuyi,Ressources Humaines,Service client de qualité,EXTERNE,5,1704.45
262,2024-05-10,2024,5,Grace Mbuyi,Ressources Humaines,Gestion de projet agile,INTERNE,6,501.51
299,2024-05-29,2024,5,Grace Mbuyi,Ressources Humaines,Service client de qualité,INTERNE,26,871.35
367,2024-07-02,2024,7,Grace Mbuyi,Ressources Humaines,Service client de qualité,INTERNE,27,169.16
504,2024-09-08,2024,9,Grace Mbuyi,Ressources Humaines,Excel avancé pour la finance,INTERNE,32,508.52
637,2024-11-14,2024,11,Grace Mbuyi,Ressources Humaines,Service client de qualité,E_LEARNING,12,276.11
638,2024-11-14,2024,11,Grace Mbuyi,Ressources Humaines,Power BI et analyse de données,INTERNE,10,850.43
829,2025-02-18,2025,2,Grace Mbuyi,Ressources Humaines,Service client de qualité,E_LEARNING,33,176.02
1109,2025-07-08,2025,7,Grace Mbuyi,Ressources Humaines,Leadership et management,EXTERNE,15,1250.58
1122,2025-07-14,2025,7,Grace Mbuyi,Ressources Humaines,Négociation commerciale,EXTERNE,29,1928.37
1142,2025-07-24,2025,7,Grace Mbuyi,Ressources Humaines,Négociation commerciale,INTERNE,11,515.76
1326,2025-10-24,2025,10,Grace Mbuyi,Ressources Humaines,Power BI et analyse de données,INTERNE,24,695.76
1483,2026-01-11,2026,1,Grace Mbuyi,Ressources Humaines,Sécurité au travail,EXTERNE,20,1305.60
1510,2026-01-24,2026,1,Grace Mbuyi,Ressources Humaines,Excel avancé pour la finance,INTERNE,27,694.54
1560,2026-02-18,2026,2,Grace Mbuyi,Ressources Humaines,Comptabilité analytique,INTERNE,30,812.54
1660,2026-04-09,2026,4,Grace Mbuyi,Ressources Humaines,Comptabilité analytique,EXTERNE,21,1708.17
1698,2026-04-28,2026,4,Grace Mbuyi,Ressources Humaines,Négociation commerciale,EXTERNE,4,1348.50
1831,2026-07-04,2026,7,Grace Mbuyi,Ressources Humaines,Négociation commerciale,INTERNE,20,722.47
1901,2026-08-08,2026,8,Grace Mbuyi,Ressources Humaines,Leadership et management,E_LEARNING,18,323.20
1970,2026-09-11,2026,9,Grace Mbuyi,Ressources Humaines,Sécurité au travail,EXTERNE,6,970.01
1973,2026-09-13,2026,9,Grace Mbuyi,Ressources Humaines,Sécurité au travail,EXTERNE,14,1667.44
2008,2026-09-30,2026,9,Grace Mbuyi,Ressources Humaines,Gestion de projet agile,INTERNE,17,865.37
2012,2026-10-02,2026,10,Grace Mbuyi,Ressources Humaines,Comptabilité analytique,INTERNE,21,573.63
2022,2026-10-07,2026,10,Grace Mbuyi,Ressources Humaines,Comptabilité analytique,INTERNE,8,352.45
2025,2026-10-09,2026,10,Grace Mbuyi,Ressources Humaines,Power BI et analyse de données,E_LEARNING,13,275.11
2103,2026-11-17,2026,11,Grace Mbuyi,Ressources Humaines,Comptabilité analytique,EXTERNE,21,1567.75
2123,2026-11-27,2026,11,Grace Mbuyi,Ressources Humaines,Gestion de projet agile,E_LEARNING,22,309.80
2272,2027-02-09,2027,2,Grace Mbuyi,Ressources Humaines,Gestion de projet agile,E_LEARNING,28,336.92
2293,2027-02-20,2027,2,Grace Mbuyi,Ressources Humaines,Sécurité au travail,INTERNE,8,455.95
2369,2027-03-30,2027,3,Grace Mbuyi,Ressources Humaines,Sécurité au travail,EXTERNE,8,1803.87
2582,2027-07-14,2027,7,Grace Mbuyi,Ressources Humaines,Leadership et management,EXTERNE,10,1742.75
2812,2027-11-06,2027,11,Grace Mbuyi,Ressources Humaines,Leadership et management,EXTERNE,9,1254.19
2818,2027-11-09,2027,11,Grace Mbuyi,Ressources Humaines,Power BI et analyse de données,INTERNE,28,872.16
118,2024-02-28,2024,2,Laetitia Banza,Production,Power BI et analyse de données,E_LEARNING,11,156.41
136,2024-03-08,2024,3,Laetitia Banza,Production,Gestion de projet agile,EXTERNE,26,1981.10
302,2024-05-30,2024,5,Laetitia Banza,Production,Gestion de projet agile,EXTERNE,14,2076.44
571,2024-10-12,2024,10,Laetitia Banza,Production,Power BI et analyse de données,E_LEARNING,17,107.14
754,2025-01-11,2025,1,Laetitia Banza,Production,Sécurité au travail,INTERNE,17,243.54
841,2025-02-24,2025,2,Laetitia Banza,Production,Excel avancé pour la finance,EXTERNE,29,2982.36
1221,2025-09-02,2025,9,Laetitia Banza,Production,Leadership et management,INTERNE,16,618.88
1391,2025-11-26,2025,11,Laetitia Banza,Production,Négociation commerciale,EXTERNE,18,1697.73
1526,2026-02-01,2026,2,Laetitia Banza,Production,Excel avancé pour la finance,INTERNE,13,282.15
1539,2026-02-08,2026,2,Laetitia Banza,Production,Sécurité au travail,E_LEARNING,13,146.53
1908,2026-08-11,2026,8,Laetitia Banza,Production,Leadership et management,EXTERNE,17,2056.06
2406,2027-04-17,2027,4,Laetitia Banza,Production,Power BI et analyse de données,EXTERNE,29,1547.95
2612,2027-07-29,2027,7,Laetitia Banza,Production,Négociation commerciale,E_LEARNING,11,153.40
2658,2027-08-21,2027,8,Laetitia Banza,Production,Excel avancé pour la finance,E_LEARNING,22,337.43
2661,2027-08-23,2027,8,Laetitia Banza,Production,Service client de qualité,E_LEARNING,21,77.07
105,2024-02-22,2024,2,Laetitia Bisimwa,Production,Comptabilité analytique,E_LEARNING,6,60.30
280,2024-05-19,2024,5,Laetitia Bisimwa,Production,Power BI et analyse de données,E_LEARNING,13,232.03
437,2024-08-06,2024,8,Laetitia Bisimwa,Production,Leadership et management,E_LEARNING,19,82.47
582,2024-10-17,2024,10,Laetitia Bisimwa,Production,Excel avancé pour la finance,EXTERNE,21,2779.42
752,2025-01-10,2025,1,Laetitia Bisimwa,Production,Comptabilité analytique,INTERNE,18,743.77
783,2025-01-26,2025,1,Laetitia Bisimwa,Production,Comptabilité analytique,INTERNE,9,583.79
875,2025-03-13,2025,3,Laetitia Bisimwa,Production,Sécurité au travail,EXTERNE,31,1181.66
887,2025-03-19,2025,3,Laetitia Bisimwa,Production,Excel avancé pour la finance,E_LEARNING,15,314.77
920,2025-04-04,2025,4,Laetitia Bisimwa,Production,Leadership et management,EXTERNE,30,2845.70
966,2025-04-27,2025,4,Laetitia Bisimwa,Production,Leadership et management,E_LEARNING,23,272.52
1279,2025-10-01,2025,10,Laetitia Bisimwa,Production,Négociation commerciale,INTERNE,22,411.00
1342,2025-11-01,2025,11,Laetitia Bisimwa,Production,Service client de qualité,INTERNE,30,660.89
1432,2025-12-16,2025,12,Laetitia Bisimwa,Production,Service client de qualité,EXTERNE,22,1360.75
1493,2026-01-16,2026,1,Laetitia Bisimwa,Production,Négociation commerciale,EXTERNE,11,1404.74
1677,2026-04-18,2026,4,Laetitia Bisimwa,Production,Négociation commerciale,EXTERNE,15,514.71
1774,2026-06-05,2026,6,Laetitia Bisimwa,Production,Négociation commerciale,E_LEARNING,26,289.14
1819,2026-06-28,2026,6,Laetitia Bisimwa,Production,Power BI et analyse de données,E_LEARNING,20,217.52
1950,2026-09-01,2026,9,Laetitia Bisimwa,Production,Power BI et analyse de données,EXTERNE,18,1715.55
1980,2026-09-16,2026,9,Laetitia Bisimwa,Production,Power BI et analyse de données,EXTERNE,29,1377.13
2027,2026-10-10,2026,10,Laetitia Bisimwa,Production,Leadership et management,EXTERNE,9,1769.83
2179,2026-12-25,2026,12,Laetitia Bisimwa,Production,Négociation commerciale,INTERNE,8,236.10
2200,2027-01-04,2027,1,Laetitia Bisimwa,Production,Power BI et analyse de données,E_LEARNING,9,75.06
2686,2027-09-04,2027,9,Laetitia Bisimwa,Production,Excel avancé pour la finance,E_LEARNING,27,245.70
2798,2027-10-30,2027,10,Laetitia Bisimwa,Production,Leadership et management,EXTERNE,5,1877.02
66,2024-02-02,2024,2,Ruth Mbuyi,Production,Sécurité au travail,E_LEARNING,32,219.22
159,2024-03-20,2024,3,Ruth Mbuyi,Production,Gestion de projet agile,EXTERNE,9,2966.84
160,2024-03-20,2024,3,Ruth Mbuyi,Production,Sécurité au travail,E_LEARNING,9,297.38
169,2024-03-25,2024,3,Ruth Mbuyi,Production,Sécurité au travail,INTERNE,5,709.17
234,2024-04-26,2024,4,Ruth Mbuyi,Production,Leadership et management,INTERNE,19,224.83
609,2024-10-31,2024,10,Ruth Mbuyi,Production,Leadership et management,INTERNE,11,581.23
954,2025-04-21,2025,4,Ruth Mbuyi,Production,Gestion de projet agile,INTERNE,28,165.21
974,2025-05-01,2025,5,Ruth Mbuyi,Production,Gestion de projet agile,E_LEARNING,21,282.36
1104,2025-07-05,2025,7,Ruth Mbuyi,Production,Sécurité au travail,INTERNE,33,499.86
1417,2025-12-09,2025,12,Ruth Mbuyi,Production,Leadership et management,INTERNE,5,672.94
1466,2026-01-02,2026,1,Ruth Mbuyi,Production,Leadership et management,E_LEARNING,15,143.88
1585,2026-03-03,2026,3,Ruth Mbuyi,Production,Sécurité au travail,E_LEARNING,13,137.46
1639,2026-03-30,2026,3,Ruth Mbuyi,Production,Négociation commerciale,INTERNE,24,552.95
1857,2026-07-17,2026,7,Ruth Mbuyi,Production,Comptabilité analytique,EXTERNE,27,1990.33
1898,2026-08-06,2026,8,Ruth Mbuyi,Production,Leadership et management,E_LEARNING,21,110.49
1962,2026-09-07,2026,9,Ruth Mbuyi,Production,Service client de qualité,E_LEARNING,27,76.61
2086,2026-11-08,2026,11,Ruth Mbuyi,Production,Excel avancé pour la finance,EXTERNE,10,668.60
2107,2026-11-19,2026,11,Ruth Mbuyi,Production,Comptabilité analytique,E_LEARNING,14,90.55
2180,2026-12-25,2026,12,Ruth Mbuyi,Production,Service client de qualité,INTERNE,26,223.78
2273,2027-02-10,2027,2,Ruth Mbuyi,Production,Négociation commerciale,INTERNE,15,364.30
2290,2027-02-18,2027,2,Ruth Mbuyi,Production,Excel avancé pour la finance,EXTERNE,9,2012.76
2695,2027-09-09,2027,9,Ruth Mbuyi,Production,Power BI et analyse de données,EXTERNE,29,1720.39
2769,2027-10-16,2027,10,Ruth Mbuyi,Production,Comptabilité analytique,E_LEARNING,10,232.73
2770,2027-10-16,2027,10,Ruth Mbuyi,Production,Négociation commerciale,INTERNE,26,857.12
2919,2027-12-30,2027,12,Ruth Mbuyi,Production,Excel avancé pour la finance,INTERNE,16,101.16
19,2024-01-10,2024,1,Paul Tshiala,Production,Service client de qualité,EXTERNE,32,2876.21
71,2024-02-05,2024,2,Paul Tshiala,Production,Service client de qualité,EXTERNE,32,940.81
398,2024-07-17,2024,7,Paul Tshiala,Production,Sécurité au travail,E_LEARNING,21,166.09
411,2024-07-24,2024,7,Paul Tshiala,Production,Gestion de projet agile,EXTERNE,18,1613.48
516,2024-09-14,2024,9,Paul Tshiala,Production,Négociation commerciale,E_LEARNING,5,221.52
599,2024-10-26,2024,10,Paul Tshiala,Production,Excel avancé pour la finance,E_LEARNING,13,185.51
675,2024-12-03,2024,12,Paul Tshiala,Production,Leadership et management,E_LEARNING,19,291.97
693,2024-12-12,2024,12,Paul Tshiala,Production,Comptabilité analytique,E_LEARNING,20,169.24
784,2025-01-26,2025,1,Paul Tshiala,Production,Sécurité au travail,INTERNE,30,346.87
1160,2025-08-02,2025,8,Paul Tshiala,Production,Leadership et management,E_LEARNING,29,253.51
1315,2025-10-19,2025,10,Paul Tshiala,Production,Excel avancé pour la finance,INTERNE,20,572.85
1426,2025-12-13,2025,12,Paul Tshiala,Production,Service client de qualité,E_LEARNING,24,299.50
1434,2025-12-17,2025,12,Paul Tshiala,Production,Comptabilité analytique,E_LEARNING,18,82.04
1467,2026-01-03,2026,1,Paul Tshiala,Production,Gestion de projet agile,INTERNE,5,162.53
1629,2026-03-25,2026,3,Paul Tshiala,Production,Power BI et analyse de données,INTERNE,32,140.82
2090,2026-11-10,2026,11,Paul Tshiala,Production,Power BI et analyse de données,E_LEARNING,13,253.92
2167,2026-12-19,2026,12,Paul Tshiala,Production,Comptabilité analytique,INTERNE,9,632.08
2232,2027-01-20,2027,1,Paul Tshiala,Production,Leadership et management,EXTERNE,22,1376.68
2317,2027-03-04,2027,3,Paul Tshiala,Production,Comptabilité analytique,EXTERNE,31,576.05
2318,2027-03-04,2027,3,Paul Tshiala,Production,Négociation commerciale,INTERNE,27,894.91
2507,2027-06-07,2027,6,Paul Tshiala,Production,Leadership et management,EXTERNE,13,893.28
2631,2027-08-08,2027,8,Paul Tshiala,Production,Gestion de projet agile,EXTERNE,14,2164.98
2655,2027-08-20,2027,8,Paul Tshiala,Production,Power BI et analyse de données,EXTERNE,26,2860.75
2727,2027-09-25,2027,9,Paul Tshiala,Production,Leadership et management,INTERNE,17,736.81
2776,2027-10-19,2027,10,Paul Tshiala,Production,Service client de qualité,E_LEARNING,25,267.42
2902,2027-12-21,2027,12,Paul Tshiala,Production,Leadership et management,E_LEARNING,26,119.54
78,2024-02-08,2024,2,Josué Banza,Production,Comptabilité analytique,INTERNE,5,592.19
113,2024-02-26,2024,2,Josué Banza,Production,Leadership et management,EXTERNE,23,2430.07
325,2024-06-11,2024,6,Josué Banza,Production,Service client de qualité,E_LEARNING,15,118.97
427,2024-08-01,2024,8,Josué Banza,Production,Leadership et management,EXTERNE,29,2370.72
659,2024-11-25,2024,11,Josué Banza,Production,Service client de qualité,INTERNE,27,263.53
799,2025-02-03,2025,2,Josué Banza,Production,Leadership et management,EXTERNE,23,2666.15
1076,2025-06-21,2025,6,Josué Banza,Production,Comptabilité analytique,INTERNE,5,794.74
1147,2025-07-27,2025,7,Josué Banza,Production,Leadership et management,EXTERNE,31,626.84
1554,2026-02-15,2026,2,Josué Banza,Production,Gestion de projet agile,INTERNE,24,335.87
1650,2026-04-04,2026,4,Josué Banza,Production,Excel avancé pour la finance,E_LEARNING,30,163.30
1716,2026-05-07,2026,5,Josué Banza,Production,Sécurité au travail,E_LEARNING,31,94.82
1731,2026-05-15,2026,5,Josué Banza,Production,Power BI et analyse de données,EXTERNE,33,2800.71
1806,2026-06-21,2026,6,Josué Banza,Production,Gestion de projet agile,EXTERNE,7,1834.50
1823,2026-06-30,2026,6,Josué Banza,Production,Gestion de projet agile,EXTERNE,29,1186.95
1865,2026-07-21,2026,7,Josué Banza,Production,Excel avancé pour la finance,INTERNE,24,448.07
1920,2026-08-17,2026,8,Josué Banza,Production,Power BI et analyse de données,EXTERNE,27,662.51
2254,2027-01-31,2027,1,Josué Banza,Production,Négociation commerciale,INTERNE,7,863.35
2415,2027-04-22,2027,4,Josué Banza,Production,Sécurité au travail,INTERNE,20,409.19
2490,2027-05-29,2027,5,Josué Banza,Production,Service client de qualité,INTERNE,33,150.64
2516,2027-06-11,2027,6,Josué Banza,Production,Gestion de projet agile,INTERNE,13,475.38
2556,2027-07-01,2027,7,Josué Banza,Production,Sécurité au travail,INTERNE,8,513.40
2717,2027-09-20,2027,9,Josué Banza,Production,Gestion de projet agile,E_LEARNING,22,103.25
2797,2027-10-30,2027,10,Josué Banza,Production,Service client de qualité,INTERNE,14,767.28
2860,2027-11-30,2027,11,Josué Banza,Production,Comptabilité analytique,E_LEARNING,16,242.33
2871,2027-12-06,2027,12,Josué Banza,Production,Négociation commerciale,INTERNE,22,210.47
161,2024-03-21,2024,3,Ruth Banza,Production,Gestion de projet agile,INTERNE,25,490.24
314,2024-06-05,2024,6,Ruth Banza,Production,Gestion de projet agile,E_LEARNING,21,63.10
444,2024-08-09,2024,8,Ruth Banza,Production,Leadership et management,INTERNE,13,151.43
550,2024-10-01,2024,10,Ruth Banza,Production,Leadership et management,E_LEARNING,29,200.07
810,2025-02-08,2025,2,Ruth Banza,Production,Gestion de projet agile,INTERNE,20,660.29
856,2025-03-03,2025,3,Ruth Banza,Production,Service client de qualité,EXTERNE,33,973.80
1097,2025-07-02,2025,7,Ruth Banza,Production,Comptabilité analytique,E_LEARNING,13,121.55
1472,2026-01-05,2026,1,Ruth Banza,Production,Service client de qualité,INTERNE,6,674.95
1487,2026-01-13,2026,1,Ruth Banza,Production,Sécurité au travail,EXTERNE,24,1171.55
1576,2026-02-26,2026,2,Ruth Banza,Production,Power BI et analyse de données,E_LEARNING,31,319.10
1596,2026-03-08,2026,3,Ruth Banza,Production,Négociation commerciale,EXTERNE,31,2920.16
1751,2026-05-25,2026,5,Ruth Banza,Production,Sécurité au travail,EXTERNE,11,2900.60
1949,2026-09-01,2026,9,Ruth Banza,Production,Négociation commerciale,INTERNE,13,763.66
1985,2026-09-19,2026,9,Ruth Banza,Production,Power BI et analyse de données,EXTERNE,33,2460.42
1996,2026-09-24,2026,9,Ruth Banza,Production,Gestion de projet agile,EXTERNE,32,2505.73
2038,2026-10-15,2026,10,Ruth Banza,Production,Comptabilité analytique,E_LEARNING,10,286.70
2177,2026-12-24,2026,12,Ruth Banza,Production,Leadership et management,E_LEARNING,31,71.20
2214,2027-01-11,2027,1,Ruth Banza,Production,Excel avancé pour la finance,E_LEARNING,30,149.64
2366,2027-03-28,2027,3,Ruth Banza,Production,Comptabilité analytique,INTERNE,22,699.32
2743,2027-10-03,2027,10,Ruth Banza,Production,Power BI et analyse de données,INTERNE,25,793.31
2887,2027-12-14,2027,12,Ruth Banza,Production,Excel avancé pour la finance,INTERNE,6,356.32
1,2024-01-01,2024,1,Olivier Mbuyi,Production,Sécurité au travail,INTERNE,10,852.37
52,2024-01-26,2024,1,Olivier Mbuyi,Production,Leadership et management,E_LEARNING,4,203.75
194,2024-04-06,2024,4,Olivier Mbuyi,Production,Excel avancé pour la finance,EXTERNE,20,2157.26
313,2024-06-05,2024,6,Olivier Mbuyi,Production,Leadership et management,E_LEARNING,33,137.41
355,2024-06-26,2024,6,Olivier Mbuyi,Production,Power BI et analyse de données,EXTERNE,32,2310.59
441,2024-08-08,2024,8,Olivier Mbuyi,Production,Power BI et analyse de données,EXTERNE,32,2026.19
616,2024-11-03,2024,11,Olivier Mbuyi,Production,Négociation commerciale,E_LEARNING,31,271.70
750,2025-01-09,2025,1,Olivier Mbuyi,Production,Excel avancé pour la finance,EXTERNE,14,2515.31
828,2025-02-17,2025,2,Olivier Mbuyi,Production,Leadership et management,INTERNE,19,808.56
960,2025-04-24,2025,4,Olivier Mbuyi,Production,Comptabilité analytique,INTERNE,23,727.37
1058,2025-06-12,2025,6,Olivier Mbuyi,Production,Leadership et management,E_LEARNING,15,216.03
1132,2025-07-19,2025,7,Olivier Mbuyi,Production,Comptabilité analytique,INTERNE,5,779.53
1438,2025-12-19,2025,12,Olivier Mbuyi,Production,Leadership et management,EXTERNE,14,2991.14
1447,2025-12-24,2025,12,Olivier Mbuyi,Production,Leadership et management,INTERNE,21,275.74
1592,2026-03-06,2026,3,Olivier Mbuyi,Production,Sécurité au travail,EXTERNE,5,2470.69
1821,2026-06-29,2026,6,Olivier Mbuyi,Production,Service client de qualité,INTERNE,16,510.85
1843,2026-07-10,2026,7,Olivier Mbuyi,Production,Power BI et analyse de données,INTERNE,18,560.99
2099,2026-11-15,2026,11,Olivier Mbuyi,Production,Excel avancé pour la finance,EXTERNE,8,1996.11
2319,2027-03-05,2027,3,Olivier Mbuyi,Production,Négociation commerciale,E_LEARNING,4,119.16
2455,2027-05-12,2027,5,Olivier Mbuyi,Production,Comptabilité analytique,EXTERNE,22,2089.95
177,2024-03-29,2024,3,Grace Mukendi,Production,Gestion de projet agile,INTERNE,11,222.46
360,2024-06-28,2024,6,Grace Mukendi,Production,Comptabilité analytique,E_LEARNING,22,311.75
439,2024-08-07,2024,8,Grace Mukendi,Production,Négociation commerciale,E_LEARNING,14,348.53
552,2024-10-02,2024,10,Grace Mukendi,Production,Comptabilité analytique,E_LEARNING,26,183.08
698,2024-12-14,2024,12,Grace Mukendi,Production,Power BI et analyse de données,E_LEARNING,6,202.51
710,2024-12-20,2024,12,Grace Mukendi,Production,Sécurité au travail,INTERNE,10,836.09
737,2025-01-03,2025,1,Grace Mukendi,Production,Comptabilité analytique,E_LEARNING,11,314.12
867,2025-03-09,2025,3,Grace Mukendi,Production,Comptabilité analytique,E_LEARNING,10,255.92
909,2025-03-30,2025,3,Grace Mukendi,Production,Power BI et analyse de données,INTERNE,20,672.54
1250,2025-09-16,2025,9,Grace Mukendi,Production,Négociation commerciale,E_LEARNING,23,235.18
1327,2025-10-25,2025,10,Grace Mukendi,Production,Service client de qualité,E_LEARNING,9,101.14
1333,2025-10-28,2025,10,Grace Mukendi,Production,Sécurité au travail,EXTERNE,12,672.22
1455,2025-12-28,2025,12,Grace Mukendi,Production,Négociation commerciale,EXTERNE,14,669.02
1540,2026-02-08,2026,2,Grace Mukendi,Production,Comptabilité analytique,INTERNE,24,849.87
1600,2026-03-10,2026,3,Grace Mukendi,Production,Excel avancé pour la finance,EXTERNE,15,1895.52
1800,2026-06-18,2026,6,Grace Mukendi,Production,Power BI et analyse de données,INTERNE,14,764.87
1911,2026-08-13,2026,8,Grace Mukendi,Production,Service client de qualité,E_LEARNING,32,333.82
1964,2026-09-08,2026,9,Grace Mukendi,Production,Sécurité au travail,E_LEARNING,25,109.68
2373,2027-04-01,2027,4,Grace Mukendi,Production,Excel avancé pour la finance,EXTERNE,22,2516.19
2488,2027-05-28,2027,5,Grace Mukendi,Production,Gestion de projet agile,EXTERNE,5,880.39
2804,2027-11-02,2027,11,Grace Mukendi,Production,Comptabilité analytique,E_LEARNING,22,311.97
2822,2027-11-11,2027,11,Grace Mukendi,Production,Comptabilité analytique,EXTERNE,10,2352.65
2827,2027-11-14,2027,11,Grace Mukendi,Production,Comptabilité analytique,EXTERNE,23,2160.38
2842,2027-11-21,2027,11,Grace Mukendi,Production,Excel avancé pour la finance,EXTERNE,15,2483.27
2895,2027-12-18,2027,12,Grace Mukendi,Production,Comptabilité analytique,EXTERNE,23,2074.77
147,2024-03-14,2024,3,Josué Ilunga,Production,Excel avancé pour la finance,E_LEARNING,29,51.25
166,2024-03-23,2024,3,Josué Ilunga,Production,Négociation commerciale,INTERNE,29,505.08
184,2024-04-01,2024,4,Josué Ilunga,Production,Gestion de projet agile,E_LEARNING,11,61.28
227,2024-04-23,2024,4,Josué Ilunga,Production,Sécurité au travail,E_LEARNING,22,230.73
448,2024-08-11,2024,8,Josué Ilunga,Production,Gestion de projet agile,E_LEARNING,13,134.36
521,2024-09-17,2024,9,Josué Ilunga,Production,Excel avancé pour la finance,E_LEARNING,22,345.36
583,2024-10-18,2024,10,Josué Ilunga,Production,Leadership et management,INTERNE,21,427.69
670,2024-11-30,2024,11,Josué Ilunga,Production,Gestion de projet agile,EXTERNE,17,606.68
814,2025-02-10,2025,2,Josué Ilunga,Production,Excel avancé pour la finance,INTERNE,33,783.55
818,2025-02-12,2025,2,Josué Ilunga,Production,Sécurité au travail,INTERNE,22,741.95
976,2025-05-02,2025,5,Josué Ilunga,Production,Service client de qualité,EXTERNE,5,2082.07
1051,2025-06-09,2025,6,Josué Ilunga,Production,Power BI et analyse de données,E_LEARNING,23,101.21
1101,2025-07-04,2025,7,Josué Ilunga,Production,Gestion de projet agile,INTERNE,25,330.83
1363,2025-11-12,2025,11,Josué Ilunga,Production,Comptabilité analytique,EXTERNE,32,1174.41
1441,2025-12-21,2025,12,Josué Ilunga,Production,Gestion de projet agile,EXTERNE,26,2193.55
1457,2025-12-29,2025,12,Josué Ilunga,Production,Comptabilité analytique,EXTERNE,19,1468.40
1478,2026-01-08,2026,1,Josué Ilunga,Production,Négociation commerciale,E_LEARNING,15,327.27
1557,2026-02-17,2026,2,Josué Ilunga,Production,Sécurité au travail,EXTERNE,28,1860.36
1647,2026-04-03,2026,4,Josué Ilunga,Production,Power BI et analyse de données,EXTERNE,10,640.71
1789,2026-06-13,2026,6,Josué Ilunga,Production,Leadership et management,INTERNE,30,702.96
2017,2026-10-05,2026,10,Josué Ilunga,Production,Excel avancé pour la finance,E_LEARNING,28,283.54
2050,2026-10-21,2026,10,Josué Ilunga,Production,Service client de qualité,EXTERNE,25,2597.39
2198,2027-01-03,2027,1,Josué Ilunga,Production,Excel avancé pour la finance,EXTERNE,6,1615.25
2246,2027-01-27,2027,1,Josué Ilunga,Production,Power BI et analyse de données,INTERNE,6,500.87
2252,2027-01-30,2027,1,Josué Ilunga,Production,Leadership et management,INTERNE,4,575.33
2877,2027-12-09,2027,12,Josué Ilunga,Production,Gestion de projet agile,EXTERNE,16,2837.27
65,2024-02-02,2024,2,Béatrice Kabila,Production,Comptabilité analytique,E_LEARNING,16,265.42
126,2024-03-03,2024,3,Béatrice Kabila,Production,Power BI et analyse de données,E_LEARNING,20,55.50
269,2024-05-14,2024,5,Béatrice Kabila,Production,Excel avancé pour la finance,INTERNE,32,586.53
373,2024-07-05,2024,7,Béatrice Kabila,Production,Sécurité au travail,E_LEARNING,29,343.93
459,2024-08-17,2024,8,Béatrice Kabila,Production,Leadership et management,EXTERNE,23,1822.00
672,2024-12-01,2024,12,Béatrice Kabila,Production,Leadership et management,E_LEARNING,28,212.38
868,2025-03-09,2025,3,Béatrice Kabila,Production,Gestion de projet agile,E_LEARNING,31,238.82
984,2025-05-06,2025,5,Béatrice Kabila,Production,Gestion de projet agile,INTERNE,21,140.99
1384,2025-11-22,2025,11,Béatrice Kabila,Production,Excel avancé pour la finance,INTERNE,19,429.01
1421,2025-12-11,2025,12,Béatrice Kabila,Production,Leadership et management,INTERNE,6,757.43
1622,2026-03-21,2026,3,Béatrice Kabila,Production,Gestion de projet agile,INTERNE,31,441.31
1672,2026-04-15,2026,4,Béatrice Kabila,Production,Power BI et analyse de données,EXTERNE,26,2920.51
1775,2026-06-06,2026,6,Béatrice Kabila,Production,Négociation commerciale,EXTERNE,13,2390.60
1862,2026-07-19,2026,7,Béatrice Kabila,Production,Négociation commerciale,INTERNE,17,548.68
2035,2026-10-14,2026,10,Béatrice Kabila,Production,Service client de qualité,EXTERNE,12,1917.19
2151,2026-12-11,2026,12,Béatrice Kabila,Production,Gestion de projet agile,INTERNE,22,871.23
2390,2027-04-09,2027,4,Béatrice Kabila,Production,Comptabilité analytique,INTERNE,16,544.00
2467,2027-05-18,2027,5,Béatrice Kabila,Production,Gestion de projet agile,EXTERNE,17,702.73
2579,2027-07-13,2027,7,Béatrice Kabila,Production,Comptabilité analytique,E_LEARNING,23,260.52
2740,2027-10-01,2027,10,Béatrice Kabila,Production,Gestion de projet agile,E_LEARNING,29,124.22
2848,2027-11-24,2027,11,Béatrice Kabila,Production,Sécurité au travail,E_LEARNING,8,144.94
2875,2027-12-08,2027,12,Béatrice Kabila,Production,Excel avancé pour la finance,INTERNE,24,228.54
2881,2027-12-11,2027,12,Béatrice Kabila,Production,Leadership et management,INTERNE,25,899.99
2885,2027-12-13,2027,12,Béatrice Kabila,Production,Sécurité au travail,E_LEARNING,6,53.47
2920,2027-12-30,2027,12,Béatrice Kabila,Production,Négociation commerciale,E_LEARNING,10,111.54
80,2024-02-09,2024,2,Marie Mbuyi,Production,Leadership et management,E_LEARNING,15,124.53
135,2024-03-08,2024,3,Marie Mbuyi,Production,Comptabilité analytique,E_LEARNING,15,248.25
140,2024-03-10,2024,3,Marie Mbuyi,Production,Sécurité au travail,EXTERNE,18,772.46
570,2024-10-11,2024,10,Marie Mbuyi,Production,Gestion de projet agile,INTERNE,13,593.83
648,2024-11-19,2024,11,Marie Mbuyi,Production,Power BI et analyse de données,INTERNE,17,394.64
658,2024-11-24,2024,11,Marie Mbuyi,Production,Leadership et management,INTERNE,15,530.64
816,2025-02-11,2025,2,Marie Mbuyi,Production,Négociation commerciale,EXTERNE,20,2568.66
916,2025-04-02,2025,4,Marie Mbuyi,Production,Service client de qualité,EXTERNE,27,1683.55
964,2025-04-26,2025,4,Marie Mbuyi,Production,Excel avancé pour la finance,E_LEARNING,17,102.54
1050,2025-06-08,2025,6,Marie Mbuyi,Production,Gestion de projet agile,INTERNE,21,657.08
1064,2025-06-15,2025,6,Marie Mbuyi,Production,Excel avancé pour la finance,INTERNE,31,462.44
1092,2025-06-29,2025,6,Marie Mbuyi,Production,Comptabilité analytique,EXTERNE,33,1207.20
1108,2025-07-07,2025,7,Marie Mbuyi,Production,Sécurité au travail,INTERNE,23,873.27
1548,2026-02-12,2026,2,Marie Mbuyi,Production,Leadership et management,INTERNE,31,189.14
1637,2026-03-29,2026,3,Marie Mbuyi,Production,Leadership et management,E_LEARNING,5,287.68
1750,2026-05-24,2026,5,Marie Mbuyi,Production,Gestion de projet agile,EXTERNE,10,606.21
1765,2026-06-01,2026,6,Marie Mbuyi,Production,Service client de qualité,E_LEARNING,31,292.03
2068,2026-10-30,2026,10,Marie Mbuyi,Production,Négociation commerciale,EXTERNE,5,2198.39
2096,2026-11-13,2026,11,Marie Mbuyi,Production,Négociation commerciale,INTERNE,7,573.89
2389,2027-04-09,2027,4,Marie Mbuyi,Production,Gestion de projet agile,EXTERNE,16,1027.88
2400,2027-04-14,2027,4,Marie Mbuyi,Production,Comptabilité analytique,E_LEARNING,13,145.99
2414,2027-04-21,2027,4,Marie Mbuyi,Production,Gestion de projet agile,INTERNE,6,222.16
157,2024-03-19,2024,3,Anne Muhindo,Production,Négociation commerciale,EXTERNE,30,2460.94
413,2024-07-25,2024,7,Anne Muhindo,Production,Négociation commerciale,INTERNE,20,675.73
440,2024-08-07,2024,8,Anne Muhindo,Production,Leadership et management,EXTERNE,10,1600.71
458,2024-08-16,2024,8,Anne Muhindo,Production,Comptabilité analytique,INTERNE,32,195.34
478,2024-08-26,2024,8,Anne Muhindo,Production,Leadership et management,EXTERNE,6,2747.50
962,2025-04-25,2025,4,Anne Muhindo,Production,Excel avancé pour la finance,EXTERNE,28,2543.81
1044,2025-06-05,2025,6,Anne Muhindo,Production,Négociation commerciale,INTERNE,10,375.17
1087,2025-06-27,2025,6,Anne Muhindo,Production,Service client de qualité,E_LEARNING,5,237.56
1260,2025-09-21,2025,9,Anne Muhindo,Production,Négociation commerciale,E_LEARNING,6,207.13
1325,2025-10-24,2025,10,Anne Muhindo,Production,Négociation commerciale,INTERNE,16,439.96
1331,2025-10-27,2025,10,Anne Muhindo,Production,Comptabilité analytique,INTERNE,12,830.19
1362,2025-11-11,2025,11,Anne Muhindo,Production,Leadership et management,EXTERNE,32,828.80
1581,2026-03-01,2026,3,Anne Muhindo,Production,Leadership et management,EXTERNE,13,2657.71
1617,2026-03-19,2026,3,Anne Muhindo,Production,Gestion de projet agile,EXTERNE,10,2684.84
2338,2027-03-14,2027,3,Anne Muhindo,Production,Comptabilité analytique,E_LEARNING,13,105.23
2367,2027-03-29,2027,3,Anne Muhindo,Production,Comptabilité analytique,INTERNE,5,757.53
2422,2027-04-25,2027,4,Anne Muhindo,Production,Sécurité au travail,E_LEARNING,21,264.50
2483,2027-05-26,2027,5,Anne Muhindo,Production,Sécurité au travail,INTERNE,19,321.17
2527,2027-06-17,2027,6,Anne Muhindo,Production,Excel avancé pour la finance,E_LEARNING,9,332.54
2666,2027-08-25,2027,8,Anne Muhindo,Production,Comptabilité analytique,EXTERNE,12,932.85
2863,2027-12-02,2027,12,Anne Muhindo,Production,Power BI et analyse de données,EXTERNE,20,2289.36
91,2024-02-15,2024,2,Sarah Bisimwa,Logistique,Leadership et management,INTERNE,30,136.83
119,2024-02-29,2024,2,Sarah Bisimwa,Logistique,Gestion de projet agile,INTERNE,24,583.00
172,2024-03-26,2024,3,Sarah Bisimwa,Logistique,Excel avancé pour la finance,INTERNE,17,866.42
201,2024-04-10,2024,4,Sarah Bisimwa,Logistique,Power BI et analyse de données,E_LEARNING,27,72.21
215,2024-04-17,2024,4,Sarah Bisimwa,Logistique,Excel avancé pour la finance,EXTERNE,6,883.33
250,2024-05-04,2024,5,Sarah Bisimwa,Logistique,Service client de qualité,EXTERNE,4,1020.69
577,2024-10-15,2024,10,Sarah Bisimwa,Logistique,Comptabilité analytique,EXTERNE,7,635.12
769,2025-01-19,2025,1,Sarah Bisimwa,Logistique,Service client de qualité,INTERNE,23,643.27
922,2025-04-05,2025,4,Sarah Bisimwa,Logistique,Service client de qualité,E_LEARNING,10,118.66
990,2025-05-09,2025,5,Sarah Bisimwa,Logistique,Comptabilité analytique,EXTERNE,29,2506.50
1045,2025-06-06,2025,6,Sarah Bisimwa,Logistique,Négociation commerciale,INTERNE,27,378.72
1119,2025-07-13,2025,7,Sarah Bisimwa,Logistique,Comptabilité analytique,EXTERNE,6,994.84
1504,2026-01-21,2026,1,Sarah Bisimwa,Logistique,Leadership et management,EXTERNE,26,760.33
1715,2026-05-07,2026,5,Sarah Bisimwa,Logistique,Service client de qualité,EXTERNE,32,1210.31
1860,2026-07-18,2026,7,Sarah Bisimwa,Logistique,Comptabilité analytique,INTERNE,16,697.84
1930,2026-08-22,2026,8,Sarah Bisimwa,Logistique,Sécurité au travail,EXTERNE,25,1049.20
2140,2026-12-05,2026,12,Sarah Bisimwa,Logistique,Power BI et analyse de données,E_LEARNING,4,86.15
2148,2026-12-09,2026,12,Sarah Bisimwa,Logistique,Sécurité au travail,E_LEARNING,20,172.08
2256,2027-02-01,2027,2,Sarah Bisimwa,Logistique,Service client de qualité,EXTERNE,27,1164.04
2323,2027-03-07,2027,3,Sarah Bisimwa,Logistique,Power BI et analyse de données,E_LEARNING,13,258.26
2458,2027-05-13,2027,5,Sarah Bisimwa,Logistique,Comptabilité analytique,INTERNE,19,163.55
2485,2027-05-27,2027,5,Sarah Bisimwa,Logistique,Comptabilité analytique,E_LEARNING,24,349.21
2515,2027-06-11,2027,6,Sarah Bisimwa,Logistique,Sécurité au travail,EXTERNE,18,979.98
2718,2027-09-20,2027,9,Sarah Bisimwa,Logistique,Sécurité au travail,E_LEARNING,27,295.07
2734,2027-09-28,2027,9,Sarah Bisimwa,Logistique,Comptabilité analytique,E_LEARNING,18,78.73
2735,2027-09-29,2027,9,Sarah Bisimwa,Logistique,Gestion de projet agile,E_LEARNING,16,68.83
2,2024-01-01,2024,1,Fabrice Kasongo,Logistique,Excel avancé pour la finance,EXTERNE,28,681.35
145,2024-03-13,2024,3,Fabrice Kasongo,Logistique,Sécurité au travail,EXTERNE,20,1840.44
383,2024-07-10,2024,7,Fabrice Kasongo,Logistique,Gestion de projet agile,INTERNE,24,564.27
522,2024-09-17,2024,9,Fabrice Kasongo,Logistique,Power BI et analyse de données,INTERNE,27,867.37
543,2024-09-28,2024,9,Fabrice Kasongo,Logistique,Sécurité au travail,E_LEARNING,26,256.81
594,2024-10-23,2024,10,Fabrice Kasongo,Logistique,Sécurité au travail,EXTERNE,20,1861.84
1004,2025-05-16,2025,5,Fabrice Kasongo,Logistique,Sécurité au travail,EXTERNE,21,1988.71
1151,2025-07-29,2025,7,Fabrice Kasongo,Logistique,Sécurité au travail,INTERNE,9,587.46
1369,2025-11-15,2025,11,Fabrice Kasongo,Logistique,Power BI et analyse de données,E_LEARNING,22,349.82
1435,2025-12-18,2025,12,Fabrice Kasongo,Logistique,Service client de qualité,E_LEARNING,5,198.19
1595,2026-03-08,2026,3,Fabrice Kasongo,Logistique,Comptabilité analytique,E_LEARNING,32,71.45
1624,2026-03-22,2026,3,Fabrice Kasongo,Logistique,Sécurité au travail,INTERNE,31,306.25
1627,2026-03-24,2026,3,Fabrice Kasongo,Logistique,Comptabilité analytique,EXTERNE,8,1423.61
1896,2026-08-05,2026,8,Fabrice Kasongo,Logistique,Leadership et management,INTERNE,30,642.16
2061,2026-10-27,2026,10,Fabrice Kasongo,Logistique,Service client de qualité,EXTERNE,11,1704.77
2132,2026-12-01,2026,12,Fabrice Kasongo,Logistique,Comptabilité analytique,EXTERNE,22,2655.08
2210,2027-01-09,2027,1,Fabrice Kasongo,Logistique,Excel avancé pour la finance,EXTERNE,16,2508.67
2383,2027-04-06,2027,4,Fabrice Kasongo,Logistique,Service client de qualité,E_LEARNING,29,264.62
2668,2027-08-26,2027,8,Fabrice Kasongo,Logistique,Leadership et management,EXTERNE,13,772.39
2757,2027-10-10,2027,10,Fabrice Kasongo,Logistique,Gestion de projet agile,E_LEARNING,31,233.94
2855,2027-11-28,2027,11,Fabrice Kasongo,Logistique,Leadership et management,INTERNE,23,649.47
115,2024-02-27,2024,2,Chantal Nkulu,Logistique,Power BI et analyse de données,E_LEARNING,19,192.36
292,2024-05-25,2024,5,Chantal Nkulu,Logistique,Sécurité au travail,INTERNE,18,243.69
395,2024-07-16,2024,7,Chantal Nkulu,Logistique,Comptabilité analytique,INTERNE,19,878.08
428,2024-08-01,2024,8,Chantal Nkulu,Logistique,Power BI et analyse de données,EXTERNE,32,2313.99
486,2024-08-30,2024,8,Chantal Nkulu,Logistique,Service client de qualité,EXTERNE,28,1251.13
495,2024-09-04,2024,9,Chantal Nkulu,Logistique,Négociation commerciale,E_LEARNING,20,345.58
524,2024-09-18,2024,9,Chantal Nkulu,Logistique,Service client de qualité,INTERNE,27,324.61
975,2025-05-02,2025,5,Chantal Nkulu,Logistique,Négociation commerciale,EXTERNE,13,2367.53
987,2025-05-08,2025,5,Chantal Nkulu,Logistique,Excel avancé pour la finance,INTERNE,16,815.87
1062,2025-06-14,2025,6,Chantal Nkulu,Logistique,Comptabilité analytique,E_LEARNING,12,90.68
1150,2025-07-28,2025,7,Chantal Nkulu,Logistique,Sécurité au travail,INTERNE,19,352.68
1285,2025-10-04,2025,10,Chantal Nkulu,Logistique,Négociation commerciale,INTERNE,20,263.84
1652,2026-04-05,2026,4,Chantal Nkulu,Logistique,Power BI et analyse de données,INTERNE,11,231.90
1726,2026-05-12,2026,5,Chantal Nkulu,Logistique,Power BI et analyse de données,EXTERNE,7,1575.18
1798,2026-06-17,2026,6,Chantal Nkulu,Logistique,Négociation commerciale,E_LEARNING,26,305.73
1933,2026-08-24,2026,8,Chantal Nkulu,Logistique,Excel avancé pour la finance,INTERNE,31,505.01
2003,2026-09-28,2026,9,Chantal Nkulu,Logistique,Service client de qualité,INTERNE,26,220.63
2174,2026-12-22,2026,12,Chantal Nkulu,Logistique,Comptabilité analytique,EXTERNE,30,2626.06
2298,2027-02-22,2027,2,Chantal Nkulu,Logistique,Service client de qualité,EXTERNE,18,2368.41
2744,2027-10-03,2027,10,Chantal Nkulu,Logistique,Sécurité au travail,INTERNE,30,875.73
2764,2027-10-13,2027,10,Chantal Nkulu,Logistique,Sécurité au travail,EXTERNE,10,2004.88
32,2024-01-16,2024,1,Dieudonné Ntumba,Logistique,Comptabilité analytique,INTERNE,8,430.11
143,2024-03-12,2024,3,Dieudonné Ntumba,Logistique,Power BI et analyse de données,INTERNE,4,279.01
153,2024-03-17,2024,3,Dieudonné Ntumba,Logistique,Service client de qualité,INTERNE,29,492.80
273,2024-05-16,2024,5,Dieudonné Ntumba,Logistique,Leadership et management,EXTERNE,25,786.01
513,2024-09-13,2024,9,Dieudonné Ntumba,Logistique,Comptabilité analytique,INTERNE,19,872.91
1027,2025-05-28,2025,5,Dieudonné Ntumba,Logistique,Service client de qualité,EXTERNE,9,748.40
1100,2025-07-03,2025,7,Dieudonné Ntumba,Logistique,Excel avancé pour la finance,E_LEARNING,23,330.21
1330,2025-10-26,2025,10,Dieudonné Ntumba,Logistique,Sécurité au travail,EXTERNE,18,690.16
1502,2026-01-20,2026,1,Dieudonné Ntumba,Logistique,Comptabilité analytique,EXTERNE,21,1790.65
1527,2026-02-02,2026,2,Dieudonné Ntumba,Logistique,Service client de qualité,INTERNE,6,674.26
1658,2026-04-08,2026,4,Dieudonné Ntumba,Logistique,Négociation commerciale,E_LEARNING,6,211.65
1676,2026-04-17,2026,4,Dieudonné Ntumba,Logistique,Comptabilité analytique,E_LEARNING,14,186.23
1703,2026-05-01,2026,5,Dieudonné Ntumba,Logistique,Sécurité au travail,INTERNE,15,502.65
1714,2026-05-06,2026,5,Dieudonné Ntumba,Logistique,Comptabilité analytique,EXTERNE,21,1908.77
1742,2026-05-20,2026,5,Dieudonné Ntumba,Logistique,Leadership et management,E_LEARNING,24,326.42
1780,2026-06-08,2026,6,Dieudonné Ntumba,Logistique,Service client de qualité,EXTERNE,21,966.07
1820,2026-06-28,2026,6,Dieudonné Ntumba,Logistique,Gestion de projet agile,INTERNE,19,599.64
1941,2026-08-28,2026,8,Dieudonné Ntumba,Logistique,Sécurité au travail,EXTERNE,7,936.61
2059,2026-10-26,2026,10,Dieudonné Ntumba,Logistique,Gestion de projet agile,E_LEARNING,28,90.62
2225,2027-01-17,2027,1,Dieudonné Ntumba,Logistique,Gestion de projet agile,EXTERNE,7,1869.40
2370,2027-03-30,2027,3,Dieudonné Ntumba,Logistique,Excel avancé pour la finance,INTERNE,13,414.10
2602,2027-07-24,2027,7,Dieudonné Ntumba,Logistique,Sécurité au travail,EXTERNE,33,2183.45
2745,2027-10-04,2027,10,Dieudonné Ntumba,Logistique,Power BI et analyse de données,E_LEARNING,25,249.69
2803,2027-11-02,2027,11,Dieudonné Ntumba,Logistique,Excel avancé pour la finance,INTERNE,20,467.28
36,2024-01-18,2024,1,Olivier Ntumba,Logistique,Excel avancé pour la finance,E_LEARNING,9,255.57
375,2024-07-06,2024,7,Olivier Ntumba,Logistique,Gestion de projet agile,EXTERNE,20,1901.68
510,2024-09-11,2024,9,Olivier Ntumba,Logistique,Gestion de projet agile,EXTERNE,20,1983.02
527,2024-09-20,2024,9,Olivier Ntumba,Logistique,Power BI et analyse de données,EXTERNE,21,1007.44
674,2024-12-02,2024,12,Olivier Ntumba,Logistique,Sécurité au travail,INTERNE,20,428.82
819,2025-02-13,2025,2,Olivier Ntumba,Logistique,Sécurité au travail,EXTERNE,12,1014.57
844,2025-02-25,2025,2,Olivier Ntumba,Logistique,Négociation commerciale,INTERNE,31,574.47
927,2025-04-08,2025,4,Olivier Ntumba,Logistique,Leadership et management,E_LEARNING,13,318.84
1023,2025-05-26,2025,5,Olivier Ntumba,Logistique,Sécurité au travail,E_LEARNING,32,136.64
1129,2025-07-18,2025,7,Olivier Ntumba,Logistique,Leadership et management,EXTERNE,30,2519.44
1141,2025-07-24,2025,7,Olivier Ntumba,Logistique,Négociation commerciale,EXTERNE,14,2466.11
1242,2025-09-12,2025,9,Olivier Ntumba,Logistique,Sécurité au travail,E_LEARNING,18,155.37
1292,2025-10-07,2025,10,Olivier Ntumba,Logistique,Leadership et management,EXTERNE,14,960.48
1383,2025-11-22,2025,11,Olivier Ntumba,Logistique,Négociation commerciale,EXTERNE,12,1810.58
1649,2026-04-04,2026,4,Olivier Ntumba,Logistique,Négociation commerciale,E_LEARNING,27,344.04
1711,2026-05-05,2026,5,Olivier Ntumba,Logistique,Négociation commerciale,E_LEARNING,14,72.07
1730,2026-05-14,2026,5,Olivier Ntumba,Logistique,Comptabilité analytique,INTERNE,26,386.28
1734,2026-05-16,2026,5,Olivier Ntumba,Logistique,Leadership et management,EXTERNE,12,2464.60
1747,2026-05-23,2026,5,Olivier Ntumba,Logistique,Comptabilité analytique,E_LEARNING,15,213.02
1906,2026-08-10,2026,8,Olivier Ntumba,Logistique,Sécurité au travail,INTERNE,28,534.71
1976,2026-09-14,2026,9,Olivier Ntumba,Logistique,Leadership et management,E_LEARNING,23,271.83
2069,2026-10-31,2026,10,Olivier Ntumba,Logistique,Power BI et analyse de données,E_LEARNING,23,140.95
2077,2026-11-04,2026,11,Olivier Ntumba,Logistique,Leadership et management,E_LEARNING,31,309.69
2358,2027-03-24,2027,3,Olivier Ntumba,Logistique,Comptabilité analytique,E_LEARNING,8,135.07
49,2024-01-25,2024,1,Esther Tshibanda,Logistique,Négociation commerciale,E_LEARNING,22,207.06
130,2024-03-05,2024,3,Esther Tshibanda,Logistique,Négociation commerciale,E_LEARNING,6,199.03
158,2024-03-19,2024,3,Esther Tshibanda,Logistique,Service client de qualité,E_LEARNING,8,101.37
256,2024-05-07,2024,5,Esther Tshibanda,Logistique,Power BI et analyse de données,E_LEARNING,12,257.22
283,2024-05-21,2024,5,Esther Tshibanda,Logistique,Leadership et management,EXTERNE,11,2124.43
536,2024-09-24,2024,9,Esther Tshibanda,Logistique,Excel avancé pour la finance,E_LEARNING,11,95.28
621,2024-11-06,2024,11,Esther Tshibanda,Logistique,Négociation commerciale,E_LEARNING,23,165.88
651,2024-11-21,2024,11,Esther Tshibanda,Logistique,Comptabilité analytique,E_LEARNING,8,198.30
798,2025-02-02,2025,2,Esther Tshibanda,Logistique,Sécurité au travail,EXTERNE,17,2416.81
941,2025-04-15,2025,4,Esther Tshibanda,Logistique,Excel avancé pour la finance,E_LEARNING,15,301.00
979,2025-05-04,2025,5,Esther Tshibanda,Logistique,Comptabilité analytique,E_LEARNING,14,148.69
1036,2025-06-01,2025,6,Esther Tshibanda,Logistique,Leadership et management,INTERNE,8,440.68
1103,2025-07-05,2025,7,Esther Tshibanda,Logistique,Excel avancé pour la finance,EXTERNE,12,1130.48
1631,2026-03-26,2026,3,Esther Tshibanda,Logistique,Comptabilité analytique,EXTERNE,26,778.59
1754,2026-05-26,2026,5,Esther Tshibanda,Logistique,Service client de qualité,E_LEARNING,4,194.51
1756,2026-05-27,2026,5,Esther Tshibanda,Logistique,Gestion de projet agile,INTERNE,7,512.59
1832,2026-07-04,2026,7,Esther Tshibanda,Logistique,Service client de qualité,E_LEARNING,12,259.46
1855,2026-07-16,2026,7,Esther Tshibanda,Logistique,Excel avancé pour la finance,EXTERNE,6,1456.48
2042,2026-10-17,2026,10,Esther Tshibanda,Logistique,Sécurité au travail,EXTERNE,12,911.30
2647,2027-08-16,2027,8,Esther Tshibanda,Logistique,Service client de qualité,INTERNE,11,484.39
2760,2027-10-11,2027,10,Esther Tshibanda,Logistique,Gestion de projet agile,EXTERNE,27,555.71
2772,2027-10-17,2027,10,Esther Tshibanda,Logistique,Power BI et analyse de données,EXTERNE,21,2535.69
2847,2027-11-24,2027,11,Esther Tshibanda,Logistique,Gestion de projet agile,E_LEARNING,21,260.53
2896,2027-12-18,2027,12,Esther Tshibanda,Logistique,Comptabilité analytique,INTERNE,31,326.25
2905,2027-12-23,2027,12,Esther Tshibanda,Logistique,Power BI et analyse de données,INTERNE,31,598.18
57,2024-01-29,2024,1,Esther Kongo,Logistique,Gestion de projet agile,EXTERNE,27,2878.52
87,2024-02-13,2024,2,Esther Kongo,Logistique,Sécurité au travail,E_LEARNING,23,317.02
231,2024-04-25,2024,4,Esther Kongo,Logistique,Power BI et analyse de données,INTERNE,9,718.66
370,2024-07-03,2024,7,Esther Kongo,Logistique,Leadership et management,E_LEARNING,16,254.60
479,2024-08-27,2024,8,Esther Kongo,Logistique,Leadership et management,EXTERNE,13,2801.06
600,2024-10-26,2024,10,Esther Kongo,Logistique,Excel avancé pour la finance,E_LEARNING,17,55.65
699,2024-12-15,2024,12,Esther Kongo,Logistique,Leadership et management,E_LEARNING,15,177.31
724,2024-12-27,2024,12,Esther Kongo,Logistique,Leadership et management,INTERNE,9,490.95
759,2025-01-14,2025,1,Esther Kongo,Logistique,Négociation commerciale,E_LEARNING,4,77.74
845,2025-02-26,2025,2,Esther Kongo,Logistique,Négociation commerciale,EXTERNE,30,2251.20
1295,2025-10-09,2025,10,Esther Kongo,Logistique,Leadership et management,E_LEARNING,22,208.08
1316,2025-10-19,2025,10,Esther Kongo,Logistique,Comptabilité analytique,EXTERNE,24,2563.12
1465,2026-01-02,2026,1,Esther Kongo,Logistique,Excel avancé pour la finance,E_LEARNING,10,50.62
1899,2026-08-07,2026,8,Esther Kongo,Logistique,Gestion de projet agile,E_LEARNING,12,178.73
2029,2026-10-11,2026,10,Esther Kongo,Logistique,Service client de qualité,E_LEARNING,32,134.83
2439,2027-05-04,2027,5,Esther Kongo,Logistique,Leadership et management,E_LEARNING,29,268.24
2598,2027-07-22,2027,7,Esther Kongo,Logistique,Leadership et management,E_LEARNING,13,86.02
2664,2027-08-24,2027,8,Esther Kongo,Logistique,Sécurité au travail,INTERNE,20,363.97
2778,2027-10-20,2027,10,Esther Kongo,Logistique,Service client de qualité,INTERNE,6,586.17
298,2024-05-28,2024,5,Grace Kalala,Logistique,Négociation commerciale,EXTERNE,28,1699.16
610,2024-10-31,2024,10,Grace Kalala,Logistique,Excel avancé pour la finance,EXTERNE,19,1504.22
668,2024-11-29,2024,11,Grace Kalala,Logistique,Comptabilité analytique,EXTERNE,15,1947.17
692,2024-12-11,2024,12,Grace Kalala,Logistique,Gestion de projet agile,E_LEARNING,31,183.09
1017,2025-05-23,2025,5,Grace Kalala,Logistique,Service client de qualité,EXTERNE,12,2524.88
1252,2025-09-17,2025,9,Grace Kalala,Logistique,Power BI et analyse de données,EXTERNE,30,1255.13
1463,2026-01-01,2026,1,Grace Kalala,Logistique,Négociation commerciale,EXTERNE,19,2621.51
1608,2026-03-14,2026,3,Grace Kalala,Logistique,Comptabilité analytique,INTERNE,17,841.77
1900,2026-08-07,2026,8,Grace Kalala,Logistique,Gestion de projet agile,INTERNE,10,820.91
1947,2026-08-31,2026,8,Grace Kalala,Logistique,Sécurité au travail,E_LEARNING,29,278.16
2021,2026-10-07,2026,10,Grace Kalala,Logistique,Sécurité au travail,EXTERNE,21,2304.73
2039,2026-10-16,2026,10,Grace Kalala,Logistique,Leadership et management,INTERNE,6,739.99
2056,2026-10-24,2026,10,Grace Kalala,Logistique,Service client de qualité,E_LEARNING,5,240.12
2066,2026-10-29,2026,10,Grace Kalala,Logistique,Sécurité au travail,INTERNE,10,605.22
2396,2027-04-12,2027,4,Grace Kalala,Logistique,Power BI et analyse de données,INTERNE,10,353.88
2522,2027-06-14,2027,6,Grace Kalala,Logistique,Négociation commerciale,EXTERNE,23,1522.74
2526,2027-06-16,2027,6,Grace Kalala,Logistique,Excel avancé pour la finance,INTERNE,28,799.38
51,2024-01-26,2024,1,Michaël Ntumba,Logistique,Négociation commerciale,EXTERNE,30,2121.09
232,2024-04-25,2024,4,Michaël Ntumba,Logistique,Service client de qualité,INTERNE,8,774.09
255,2024-05-07,2024,5,Michaël Ntumba,Logistique,Power BI et analyse de données,INTERNE,5,155.69
434,2024-08-04,2024,8,Michaël Ntumba,Logistique,Gestion de projet agile,E_LEARNING,18,205.65
789,2025-01-29,2025,1,Michaël Ntumba,Logistique,Comptabilité analytique,EXTERNE,10,1601.26
1071,2025-06-19,2025,6,Michaël Ntumba,Logistique,Négociation commerciale,INTERNE,32,130.88
1083,2025-06-25,2025,6,Michaël Ntumba,Logistique,Leadership et management,EXTERNE,27,1985.26
1096,2025-07-01,2025,7,Michaël Ntumba,Logistique,Comptabilité analytique,E_LEARNING,5,333.59
1102,2025-07-04,2025,7,Michaël Ntumba,Logistique,Négociation commerciale,E_LEARNING,12,234.55
1144,2025-07-25,2025,7,Michaël Ntumba,Logistique,Service client de qualité,INTERNE,25,114.44
1197,2025-08-21,2025,8,Michaël Ntumba,Logistique,Comptabilité analytique,INTERNE,15,556.06
1248,2025-09-15,2025,9,Michaël Ntumba,Logistique,Négociation commerciale,E_LEARNING,20,89.38
1261,2025-09-22,2025,9,Michaël Ntumba,Logistique,Sécurité au travail,INTERNE,26,521.86
1311,2025-10-17,2025,10,Michaël Ntumba,Logistique,Leadership et management,EXTERNE,31,911.96
1328,2025-10-25,2025,10,Michaël Ntumba,Logistique,Gestion de projet agile,INTERNE,30,471.09
1346,2025-11-03,2025,11,Michaël Ntumba,Logistique,Sécurité au travail,INTERNE,20,277.07
1353,2025-11-07,2025,11,Michaël Ntumba,Logistique,Comptabilité analytique,EXTERNE,25,1392.63
1400,2025-11-30,2025,11,Michaël Ntumba,Logistique,Comptabilité analytique,EXTERNE,7,1482.57
1501,2026-01-20,2026,1,Michaël Ntumba,Logistique,Comptabilité analytique,E_LEARNING,22,294.31
1642,2026-03-31,2026,3,Michaël Ntumba,Logistique,Leadership et management,E_LEARNING,18,283.17
1729,2026-05-14,2026,5,Michaël Ntumba,Logistique,Sécurité au travail,E_LEARNING,7,144.95
1739,2026-05-19,2026,5,Michaël Ntumba,Logistique,Power BI et analyse de données,INTERNE,20,104.95
1766,2026-06-01,2026,6,Michaël Ntumba,Logistique,Excel avancé pour la finance,INTERNE,30,145.63
1822,2026-06-29,2026,6,Michaël Ntumba,Logistique,Service client de qualité,INTERNE,25,689.60
1846,2026-07-11,2026,7,Michaël Ntumba,Logistique,Gestion de projet agile,EXTERNE,23,603.94
1961,2026-09-07,2026,9,Michaël Ntumba,Logistique,Sécurité au travail,E_LEARNING,15,261.20
2014,2026-10-03,2026,10,Michaël Ntumba,Logistique,Power BI et analyse de données,E_LEARNING,7,214.22
2024,2026-10-08,2026,10,Michaël Ntumba,Logistique,Comptabilité analytique,EXTERNE,13,915.21
2183,2026-12-27,2026,12,Michaël Ntumba,Logistique,Comptabilité analytique,INTERNE,13,396.03
2206,2027-01-07,2027,1,Michaël Ntumba,Logistique,Leadership et management,EXTERNE,21,1593.66
2264,2027-02-05,2027,2,Michaël Ntumba,Logistique,Sécurité au travail,E_LEARNING,31,193.24
2285,2027-02-16,2027,2,Michaël Ntumba,Logistique,Service client de qualité,INTERNE,32,146.79
2330,2027-03-10,2027,3,Michaël Ntumba,Logistique,Power BI et analyse de données,INTERNE,32,659.80
2416,2027-04-22,2027,4,Michaël Ntumba,Logistique,Power BI et analyse de données,EXTERNE,16,2913.92
2520,2027-06-13,2027,6,Michaël Ntumba,Logistique,Leadership et management,E_LEARNING,12,56.18
33,2024-01-17,2024,1,Josué Muhindo,Logistique,Comptabilité analytique,E_LEARNING,7,344.52
300,2024-05-29,2024,5,Josué Muhindo,Logistique,Gestion de projet agile,INTERNE,31,593.03
753,2025-01-11,2025,1,Josué Muhindo,Logistique,Négociation commerciale,EXTERNE,10,882.58
826,2025-02-16,2025,2,Josué Muhindo,Logistique,Gestion de projet agile,EXTERNE,32,2062.93
1106,2025-07-06,2025,7,Josué Muhindo,Logistique,Gestion de projet agile,INTERNE,12,309.89
1116,2025-07-11,2025,7,Josué Muhindo,Logistique,Gestion de projet agile,E_LEARNING,21,58.83
1158,2025-08-01,2025,8,Josué Muhindo,Logistique,Service client de qualité,E_LEARNING,30,262.45
1199,2025-08-22,2025,8,Josué Muhindo,Logistique,Leadership et management,E_LEARNING,22,189.80
1599,2026-03-10,2026,3,Josué Muhindo,Logistique,Leadership et management,E_LEARNING,16,220.15
1648,2026-04-03,2026,4,Josué Muhindo,Logistique,Leadership et management,E_LEARNING,26,78.81
1673,2026-04-16,2026,4,Josué Muhindo,Logistique,Service client de qualité,INTERNE,22,384.40
1787,2026-06-12,2026,6,Josué Muhindo,Logistique,Sécurité au travail,EXTERNE,31,1049.79
1791,2026-06-14,2026,6,Josué Muhindo,Logistique,Leadership et management,EXTERNE,21,1555.17
1887,2026-08-01,2026,8,Josué Muhindo,Logistique,Service client de qualité,E_LEARNING,30,234.42
1958,2026-09-05,2026,9,Josué Muhindo,Logistique,Comptabilité analytique,E_LEARNING,8,192.16
2142,2026-12-06,2026,12,Josué Muhindo,Logistique,Sécurité au travail,INTERNE,15,624.45
2175,2026-12-23,2026,12,Josué Muhindo,Logistique,Sécurité au travail,EXTERNE,24,925.28
2265,2027-02-06,2027,2,Josué Muhindo,Logistique,Négociation commerciale,EXTERNE,29,2036.18
2417,2027-04-23,2027,4,Josué Muhindo,Logistique,Service client de qualité,INTERNE,28,338.07
2480,2027-05-24,2027,5,Josué Muhindo,Logistique,Leadership et management,INTERNE,9,525.00
2606,2027-07-26,2027,7,Josué Muhindo,Logistique,Leadership et management,EXTERNE,30,596.03
2688,2027-09-05,2027,9,Josué Muhindo,Logistique,Service client de qualité,INTERNE,29,585.06
2759,2027-10-11,2027,10,Josué Muhindo,Logistique,Négociation commerciale,EXTERNE,26,2755.00
2763,2027-10-13,2027,10,Josué Muhindo,Logistique,Sécurité au travail,E_LEARNING,22,290.69
2915,2027-12-28,2027,12,Josué Muhindo,Logistique,Service client de qualité,EXTERNE,26,823.57
14,2024-01-07,2024,1,Laetitia Kabila,Logistique,Power BI et analyse de données,EXTERNE,10,936.63
104,2024-02-21,2024,2,Laetitia Kabila,Logistique,Comptabilité analytique,E_LEARNING,28,270.46
195,2024-04-07,2024,4,Laetitia Kabila,Logistique,Comptabilité analytique,INTERNE,29,694.19
248,2024-05-03,2024,5,Laetitia Kabila,Logistique,Service client de qualité,E_LEARNING,21,172.91
337,2024-06-17,2024,6,Laetitia Kabila,Logistique,Sécurité au travail,EXTERNE,5,500.73
389,2024-07-13,2024,7,Laetitia Kabila,Logistique,Excel avancé pour la finance,EXTERNE,16,2995.34
563,2024-10-08,2024,10,Laetitia Kabila,Logistique,Leadership et management,EXTERNE,22,1757.17
712,2024-12-21,2024,12,Laetitia Kabila,Logistique,Service client de qualité,INTERNE,23,533.30
833,2025-02-20,2025,2,Laetitia Kabila,Logistique,Gestion de projet agile,INTERNE,25,366.93
835,2025-02-21,2025,2,Laetitia Kabila,Logistique,Leadership et management,E_LEARNING,11,299.26
882,2025-03-16,2025,3,Laetitia Kabila,Logistique,Service client de qualité,INTERNE,7,715.66
1037,2025-06-02,2025,6,Laetitia Kabila,Logistique,Sécurité au travail,E_LEARNING,29,276.22
1183,2025-08-14,2025,8,Laetitia Kabila,Logistique,Excel avancé pour la finance,EXTERNE,5,848.21
1202,2025-08-23,2025,8,Laetitia Kabila,Logistique,Comptabilité analytique,E_LEARNING,7,140.47
1246,2025-09-14,2025,9,Laetitia Kabila,Logistique,Excel avancé pour la finance,EXTERNE,26,1560.29
1393,2025-11-27,2025,11,Laetitia Kabila,Logistique,Excel avancé pour la finance,E_LEARNING,14,237.88
1482,2026-01-10,2026,1,Laetitia Kabila,Logistique,Excel avancé pour la finance,EXTERNE,15,2041.56
1552,2026-02-14,2026,2,Laetitia Kabila,Logistique,Comptabilité analytique,INTERNE,27,650.57
1567,2026-02-22,2026,2,Laetitia Kabila,Logistique,Comptabilité analytique,E_LEARNING,18,302.56
1875,2026-07-26,2026,7,Laetitia Kabila,Logistique,Gestion de projet agile,EXTERNE,31,1705.78
2108,2026-11-19,2026,11,Laetitia Kabila,Logistique,Négociation commerciale,E_LEARNING,9,135.73
2178,2026-12-24,2026,12,Laetitia Kabila,Logistique,Gestion de projet agile,E_LEARNING,28,326.27
2393,2027-04-11,2027,4,Laetitia Kabila,Logistique,Gestion de projet agile,E_LEARNING,19,220.81
2601,2027-07-24,2027,7,Laetitia Kabila,Logistique,Excel avancé pour la finance,E_LEARNING,7,199.38
2626,2027-08-05,2027,8,Laetitia Kabila,Logistique,Sécurité au travail,INTERNE,27,744.24
2636,2027-08-10,2027,8,Laetitia Kabila,Logistique,Comptabilité analytique,INTERNE,20,363.25
2669,2027-08-27,2027,8,Laetitia Kabila,Logistique,Leadership et management,E_LEARNING,23,222.56
2850,2027-11-25,2027,11,Laetitia Kabila,Logistique,Comptabilité analytique,INTERNE,28,766.79
2868,2027-12-04,2027,12,Laetitia Kabila,Logistique,Gestion de projet agile,INTERNE,12,512.96
29,2024-01-15,2024,1,Fabrice Mbuyi,Logistique,Leadership et management,E_LEARNING,31,340.94
94,2024-02-16,2024,2,Fabrice Mbuyi,Logistique,Power BI et analyse de données,EXTERNE,4,731.98
397,2024-07-17,2024,7,Fabrice Mbuyi,Logistique,Sécurité au travail,EXTERNE,12,648.98
475,2024-08-25,2024,8,Fabrice Mbuyi,Logistique,Comptabilité analytique,INTERNE,30,128.49
607,2024-10-30,2024,10,Fabrice Mbuyi,Logistique,Comptabilité analytique,INTERNE,4,597.86
703,2024-12-17,2024,12,Fabrice Mbuyi,Logistique,Power BI et analyse de données,E_LEARNING,22,74.10
863,2025-03-07,2025,3,Fabrice Mbuyi,Logistique,Leadership et management,INTERNE,24,742.19
967,2025-04-28,2025,4,Fabrice Mbuyi,Logistique,Sécurité au travail,EXTERNE,16,2726.18
1241,2025-09-12,2025,9,Fabrice Mbuyi,Logistique,Service client de qualité,EXTERNE,22,1504.17
1373,2025-11-17,2025,11,Fabrice Mbuyi,Logistique,Service client de qualité,EXTERNE,29,1724.58
1989,2026-09-21,2026,9,Fabrice Mbuyi,Logistique,Comptabilité analytique,E_LEARNING,22,227.35
2044,2026-10-18,2026,10,Fabrice Mbuyi,Logistique,Comptabilité analytique,INTERNE,19,106.82
2085,2026-11-08,2026,11,Fabrice Mbuyi,Logistique,Comptabilité analytique,E_LEARNING,20,173.84
2216,2027-01-12,2027,1,Fabrice Mbuyi,Logistique,Négociation commerciale,EXTERNE,4,906.26
2277,2027-02-12,2027,2,Fabrice Mbuyi,Logistique,Leadership et management,E_LEARNING,10,202.04
2294,2027-02-20,2027,2,Fabrice Mbuyi,Logistique,Négociation commerciale,EXTERNE,7,2890.37
2348,2027-03-19,2027,3,Fabrice Mbuyi,Logistique,Power BI et analyse de données,EXTERNE,32,2597.70
2372,2027-03-31,2027,3,Fabrice Mbuyi,Logistique,Gestion de projet agile,EXTERNE,16,926.47
2899,2027-12-20,2027,12,Fabrice Mbuyi,Logistique,Power BI et analyse de données,E_LEARNING,30,195.48
209,2024-04-14,2024,4,Marie Kabila,Logistique,Excel avancé pour la finance,INTERNE,27,860.87
233,2024-04-26,2024,4,Marie Kabila,Logistique,Gestion de projet agile,EXTERNE,16,2828.66
377,2024-07-07,2024,7,Marie Kabila,Logistique,Service client de qualité,E_LEARNING,18,271.66
464,2024-08-19,2024,8,Marie Kabila,Logistique,Power BI et analyse de données,EXTERNE,30,1982.64
470,2024-08-22,2024,8,Marie Kabila,Logistique,Leadership et management,INTERNE,29,508.29
481,2024-08-28,2024,8,Marie Kabila,Logistique,Comptabilité analytique,EXTERNE,23,2647.62
587,2024-10-20,2024,10,Marie Kabila,Logistique,Service client de qualité,EXTERNE,9,867.12
764,2025-01-16,2025,1,Marie Kabila,Logistique,Service client de qualité,E_LEARNING,29,216.10
907,2025-03-29,2025,3,Marie Kabila,Logistique,Sécurité au travail,INTERNE,28,699.11
1075,2025-06-21,2025,6,Marie Kabila,Logistique,Négociation commerciale,INTERNE,15,202.31
1111,2025-07-09,2025,7,Marie Kabila,Logistique,Négociation commerciale,INTERNE,19,734.58
1182,2025-08-13,2025,8,Marie Kabila,Logistique,Excel avancé pour la finance,E_LEARNING,27,226.41
1335,2025-10-29,2025,10,Marie Kabila,Logistique,Négociation commerciale,EXTERNE,20,741.39
1340,2025-10-31,2025,10,Marie Kabila,Logistique,Power BI et analyse de données,EXTERNE,31,2045.12
1489,2026-01-14,2026,1,Marie Kabila,Logistique,Power BI et analyse de données,E_LEARNING,33,301.54
1839,2026-07-08,2026,7,Marie Kabila,Logistique,Sécurité au travail,EXTERNE,17,2910.62
1897,2026-08-06,2026,8,Marie Kabila,Logistique,Excel avancé pour la finance,E_LEARNING,29,347.54
1909,2026-08-12,2026,8,Marie Kabila,Logistique,Négociation commerciale,INTERNE,19,680.91
1954,2026-09-03,2026,9,Marie Kabila,Logistique,Négociation commerciale,INTERNE,25,808.31
2131,2026-12-01,2026,12,Marie Kabila,Logistique,Leadership et management,E_LEARNING,31,338.72
2476,2027-05-22,2027,5,Marie Kabila,Logistique,Service client de qualité,EXTERNE,30,1992.71
2623,2027-08-04,2027,8,Marie Kabila,Logistique,Sécurité au travail,EXTERNE,11,2584.96
2699,2027-09-11,2027,9,Marie Kabila,Logistique,Comptabilité analytique,EXTERNE,33,1916.12
8,2024-01-04,2024,1,Fabrice Tshibanda,Logistique,Négociation commerciale,INTERNE,17,416.31
61,2024-01-31,2024,1,Fabrice Tshibanda,Logistique,Power BI et analyse de données,E_LEARNING,26,295.42
218,2024-04-18,2024,4,Fabrice Tshibanda,Logistique,Power BI et analyse de données,EXTERNE,11,1622.73
252,2024-05-05,2024,5,Fabrice Tshibanda,Logistique,Sécurité au travail,INTERNE,20,461.24
278,2024-05-18,2024,5,Fabrice Tshibanda,Logistique,Gestion de projet agile,EXTERNE,7,1816.63
423,2024-07-30,2024,7,Fabrice Tshibanda,Logistique,Excel avancé pour la finance,INTERNE,18,294.65
707,2024-12-19,2024,12,Fabrice Tshibanda,Logistique,Négociation commerciale,E_LEARNING,23,170.68
993,2025-05-11,2025,5,Fabrice Tshibanda,Logistique,Leadership et management,E_LEARNING,11,225.23
1094,2025-06-30,2025,6,Fabrice Tshibanda,Logistique,Gestion de projet agile,E_LEARNING,5,80.23
1143,2025-07-25,2025,7,Fabrice Tshibanda,Logistique,Power BI et analyse de données,EXTERNE,23,1631.03
1297,2025-10-10,2025,10,Fabrice Tshibanda,Logistique,Service client de qualité,E_LEARNING,19,316.62
1343,2025-11-02,2025,11,Fabrice Tshibanda,Logistique,Sécurité au travail,E_LEARNING,17,288.79
1514,2026-01-26,2026,1,Fabrice Tshibanda,Logistique,Power BI et analyse de données,EXTERNE,17,1374.46
1638,2026-03-29,2026,3,Fabrice Tshibanda,Logistique,Excel avancé pour la finance,E_LEARNING,17,335.98
2203,2027-01-06,2027,1,Fabrice Tshibanda,Logistique,Sécurité au travail,E_LEARNING,4,241.13
2242,2027-01-25,2027,1,Fabrice Tshibanda,Logistique,Excel avancé pour la finance,INTERNE,19,310.85
2449,2027-05-09,2027,5,Fabrice Tshibanda,Logistique,Négociation commerciale,INTERNE,22,384.65
2570,2027-07-08,2027,7,Fabrice Tshibanda,Logistique,Excel avancé pour la finance,INTERNE,18,178.74
2872,2027-12-06,2027,12,Fabrice Tshibanda,Logistique,Négociation commerciale,E_LEARNING,28,78.53
100,2024-02-19,2024,2,Sarah Mbuyi,Informatique (IT),Service client de qualité,EXTERNE,9,1131.29
345,2024-06-21,2024,6,Sarah Mbuyi,Informatique (IT),Leadership et management,INTERNE,23,754.66
487,2024-08-31,2024,8,Sarah Mbuyi,Informatique (IT),Gestion de projet agile,INTERNE,30,436.97
700,2024-12-15,2024,12,Sarah Mbuyi,Informatique (IT),Gestion de projet agile,E_LEARNING,13,178.58
1256,2025-09-19,2025,9,Sarah Mbuyi,Informatique (IT),Sécurité au travail,E_LEARNING,11,86.97
1270,2025-09-26,2025,9,Sarah Mbuyi,Informatique (IT),Leadership et management,EXTERNE,4,1869.63
1376,2025-11-18,2025,11,Sarah Mbuyi,Informatique (IT),Sécurité au travail,INTERNE,10,753.53
1413,2025-12-07,2025,12,Sarah Mbuyi,Informatique (IT),Excel avancé pour la finance,INTERNE,11,126.96
1437,2025-12-19,2025,12,Sarah Mbuyi,Informatique (IT),Power BI et analyse de données,INTERNE,7,726.32
1492,2026-01-15,2026,1,Sarah Mbuyi,Informatique (IT),Excel avancé pour la finance,INTERNE,21,726.80
1546,2026-02-11,2026,2,Sarah Mbuyi,Informatique (IT),Excel avancé pour la finance,EXTERNE,6,931.01
1689,2026-04-24,2026,4,Sarah Mbuyi,Informatique (IT),Sécurité au travail,E_LEARNING,15,171.56
2010,2026-10-01,2026,10,Sarah Mbuyi,Informatique (IT),Négociation commerciale,E_LEARNING,21,102.64
2036,2026-10-14,2026,10,Sarah Mbuyi,Informatique (IT),Service client de qualité,INTERNE,4,297.44
2283,2027-02-15,2027,2,Sarah Mbuyi,Informatique (IT),Négociation commerciale,E_LEARNING,19,261.53
2341,2027-03-16,2027,3,Sarah Mbuyi,Informatique (IT),Service client de qualité,E_LEARNING,25,325.71
2381,2027-04-05,2027,4,Sarah Mbuyi,Informatique (IT),Service client de qualité,E_LEARNING,10,129.31
2418,2027-04-23,2027,4,Sarah Mbuyi,Informatique (IT),Gestion de projet agile,INTERNE,29,345.36
2616,2027-07-31,2027,7,Sarah Mbuyi,Informatique (IT),Power BI et analyse de données,INTERNE,20,630.97
2679,2027-09-01,2027,9,Sarah Mbuyi,Informatique (IT),Comptabilité analytique,E_LEARNING,22,263.75
2755,2027-10-09,2027,10,Sarah Mbuyi,Informatique (IT),Gestion de projet agile,EXTERNE,11,1315.41
2783,2027-10-23,2027,10,Sarah Mbuyi,Informatique (IT),Excel avancé pour la finance,EXTERNE,11,2891.69
2788,2027-10-25,2027,10,Sarah Mbuyi,Informatique (IT),Service client de qualité,INTERNE,31,814.05
2813,2027-11-07,2027,11,Sarah Mbuyi,Informatique (IT),Service client de qualité,INTERNE,21,224.06
2821,2027-11-11,2027,11,Sarah Mbuyi,Informatique (IT),Service client de qualité,INTERNE,24,520.34
2880,2027-12-10,2027,12,Sarah Mbuyi,Informatique (IT),Sécurité au travail,E_LEARNING,11,323.60
331,2024-06-14,2024,6,Olivier Kabila,Informatique (IT),Négociation commerciale,INTERNE,24,466.81
435,2024-08-05,2024,8,Olivier Kabila,Informatique (IT),Sécurité au travail,E_LEARNING,18,51.92
456,2024-08-15,2024,8,Olivier Kabila,Informatique (IT),Gestion de projet agile,E_LEARNING,8,215.01
501,2024-09-07,2024,9,Olivier Kabila,Informatique (IT),Sécurité au travail,EXTERNE,13,1722.53
531,2024-09-22,2024,9,Olivier Kabila,Informatique (IT),Négociation commerciale,INTERNE,27,293.31
569,2024-10-11,2024,10,Olivier Kabila,Informatique (IT),Gestion de projet agile,EXTERNE,31,1254.29
893,2025-03-22,2025,3,Olivier Kabila,Informatique (IT),Leadership et management,INTERNE,20,342.80
935,2025-04-12,2025,4,Olivier Kabila,Informatique (IT),Power BI et analyse de données,EXTERNE,7,2014.52
1133,2025-07-20,2025,7,Olivier Kabila,Informatique (IT),Service client de qualité,E_LEARNING,24,305.99
1348,2025-11-04,2025,11,Olivier Kabila,Informatique (IT),Service client de qualité,E_LEARNING,22,152.47
1352,2025-11-06,2025,11,Olivier Kabila,Informatique (IT),Leadership et management,E_LEARNING,19,280.18
1387,2025-11-24,2025,11,Olivier Kabila,Informatique (IT),Sécurité au travail,INTERNE,20,547.77
1442,2025-12-21,2025,12,Olivier Kabila,Informatique (IT),Excel avancé pour la finance,EXTERNE,30,964.14
1525,2026-02-01,2026,2,Olivier Kabila,Informatique (IT),Gestion de projet agile,EXTERNE,11,933.37
1569,2026-02-23,2026,2,Olivier Kabila,Informatique (IT),Négociation commerciale,EXTERNE,19,2209.08
1963,2026-09-08,2026,9,Olivier Kabila,Informatique (IT),Excel avancé pour la finance,INTERNE,15,698.10
2110,2026-11-20,2026,11,Olivier Kabila,Informatique (IT),Excel avancé pour la finance,EXTERNE,31,1353.70
2300,2027-02-23,2027,2,Olivier Kabila,Informatique (IT),Gestion de projet agile,INTERNE,23,171.05
2309,2027-02-28,2027,2,Olivier Kabila,Informatique (IT),Service client de qualité,EXTERNE,17,2228.30
2398,2027-04-13,2027,4,Olivier Kabila,Informatique (IT),Gestion de projet agile,EXTERNE,16,2669.92
2523,2027-06-15,2027,6,Olivier Kabila,Informatique (IT),Leadership et management,INTERNE,4,529.94
2584,2027-07-15,2027,7,Olivier Kabila,Informatique (IT),Service client de qualité,INTERNE,9,312.82
2614,2027-07-30,2027,7,Olivier Kabila,Informatique (IT),Excel avancé pour la finance,EXTERNE,27,2347.66
2711,2027-09-17,2027,9,Olivier Kabila,Informatique (IT),Sécurité au travail,INTERNE,18,362.67
2807,2027-11-04,2027,11,Olivier Kabila,Informatique (IT),Comptabilité analytique,EXTERNE,24,769.75
2823,2027-11-12,2027,11,Olivier Kabila,Informatique (IT),Leadership et management,INTERNE,33,407.49
30,2024-01-15,2024,1,Michaël Ilunga,Informatique (IT),Négociation commerciale,EXTERNE,18,2496.40
141,2024-03-11,2024,3,Michaël Ilunga,Informatique (IT),Comptabilité analytique,INTERNE,19,894.61
196,2024-04-07,2024,4,Michaël Ilunga,Informatique (IT),Sécurité au travail,EXTERNE,31,1622.72
371,2024-07-04,2024,7,Michaël Ilunga,Informatique (IT),Power BI et analyse de données,EXTERNE,27,857.22
379,2024-07-08,2024,7,Michaël Ilunga,Informatique (IT),Sécurité au travail,E_LEARNING,7,188.71
696,2024-12-13,2024,12,Michaël Ilunga,Informatique (IT),Service client de qualité,E_LEARNING,18,283.69
771,2025-01-20,2025,1,Michaël Ilunga,Informatique (IT),Power BI et analyse de données,E_LEARNING,19,306.34
956,2025-04-22,2025,4,Michaël Ilunga,Informatique (IT),Service client de qualité,E_LEARNING,24,227.65
1015,2025-05-22,2025,5,Michaël Ilunga,Informatique (IT),Power BI et analyse de données,INTERNE,12,436.71
1203,2025-08-24,2025,8,Michaël Ilunga,Informatique (IT),Négociation commerciale,EXTERNE,24,2219.98
1280,2025-10-01,2025,10,Michaël Ilunga,Informatique (IT),Service client de qualité,EXTERNE,26,2989.59
1449,2025-12-25,2025,12,Michaël Ilunga,Informatique (IT),Comptabilité analytique,EXTERNE,30,2640.23
1574,2026-02-25,2026,2,Michaël Ilunga,Informatique (IT),Négociation commerciale,EXTERNE,30,1739.31
1735,2026-05-17,2026,5,Michaël Ilunga,Informatique (IT),Gestion de projet agile,INTERNE,33,726.68
1737,2026-05-18,2026,5,Michaël Ilunga,Informatique (IT),Power BI et analyse de données,INTERNE,9,863.74
1777,2026-06-07,2026,6,Michaël Ilunga,Informatique (IT),Excel avancé pour la finance,INTERNE,24,157.04
1809,2026-06-23,2026,6,Michaël Ilunga,Informatique (IT),Leadership et management,E_LEARNING,9,185.59
1815,2026-06-26,2026,6,Michaël Ilunga,Informatique (IT),Service client de qualité,E_LEARNING,16,161.99
1910,2026-08-12,2026,8,Michaël Ilunga,Informatique (IT),Service client de qualité,EXTERNE,18,2517.62
2244,2027-01-26,2027,1,Michaël Ilunga,Informatique (IT),Négociation commerciale,EXTERNE,31,2042.82
2322,2027-03-06,2027,3,Michaël Ilunga,Informatique (IT),Leadership et management,INTERNE,29,513.32
2399,2027-04-14,2027,4,Michaël Ilunga,Informatique (IT),Sécurité au travail,E_LEARNING,14,157.03
2440,2027-05-04,2027,5,Michaël Ilunga,Informatique (IT),Service client de qualité,EXTERNE,21,1333.66
2469,2027-05-19,2027,5,Michaël Ilunga,Informatique (IT),Comptabilité analytique,INTERNE,25,315.92
2672,2027-08-28,2027,8,Michaël Ilunga,Informatique (IT),Power BI et analyse de données,E_LEARNING,19,279.64
2844,2027-11-22,2027,11,Michaël Ilunga,Informatique (IT),Négociation commerciale,EXTERNE,16,977.00
2849,2027-11-25,2027,11,Michaël Ilunga,Informatique (IT),Comptabilité analytique,EXTERNE,31,1170.74
2874,2027-12-07,2027,12,Michaël Ilunga,Informatique (IT),Sécurité au travail,EXTERNE,32,1794.94
2892,2027-12-16,2027,12,Michaël Ilunga,Informatique (IT),Gestion de projet agile,EXTERNE,26,2069.56
279,2024-05-19,2024,5,Grace Muhindo,Informatique (IT),Service client de qualité,E_LEARNING,10,160.36
735,2025-01-02,2025,1,Grace Muhindo,Informatique (IT),Négociation commerciale,E_LEARNING,23,143.61
742,2025-01-05,2025,1,Grace Muhindo,Informatique (IT),Gestion de projet agile,E_LEARNING,13,208.95
969,2025-04-29,2025,4,Grace Muhindo,Informatique (IT),Sécurité au travail,E_LEARNING,23,338.40
1177,2025-08-11,2025,8,Grace Muhindo,Informatique (IT),Négociation commerciale,E_LEARNING,11,191.36
1488,2026-01-13,2026,1,Grace Muhindo,Informatique (IT),Service client de qualité,E_LEARNING,26,50.23
1530,2026-02-03,2026,2,Grace Muhindo,Informatique (IT),Sécurité au travail,INTERNE,33,615.31
1944,2026-08-29,2026,8,Grace Muhindo,Informatique (IT),Gestion de projet agile,EXTERNE,24,1666.64
2016,2026-10-04,2026,10,Grace Muhindo,Informatique (IT),Leadership et management,EXTERNE,25,2948.94
2081,2026-11-06,2026,11,Grace Muhindo,Informatique (IT),Négociation commerciale,INTERNE,10,300.26
2134,2026-12-02,2026,12,Grace Muhindo,Informatique (IT),Négociation commerciale,EXTERNE,9,2766.63
2247,2027-01-28,2027,1,Grace Muhindo,Informatique (IT),Excel avancé pour la finance,E_LEARNING,6,189.48
2456,2027-05-12,2027,5,Grace Muhindo,Informatique (IT),Négociation commerciale,EXTERNE,28,1403.21
2535,2027-06-21,2027,6,Grace Muhindo,Informatique (IT),Gestion de projet agile,INTERNE,10,845.29
2692,2027-09-07,2027,9,Grace Muhindo,Informatique (IT),Leadership et management,E_LEARNING,17,262.33
2708,2027-09-15,2027,9,Grace Muhindo,Informatique (IT),Excel avancé pour la finance,INTERNE,31,294.35
284,2024-05-21,2024,5,Jean Nkulu,Informatique (IT),Power BI et analyse de données,EXTERNE,30,1781.26
304,2024-05-31,2024,5,Jean Nkulu,Informatique (IT),Négociation commerciale,E_LEARNING,15,136.54
401,2024-07-19,2024,7,Jean Nkulu,Informatique (IT),Power BI et analyse de données,E_LEARNING,8,305.75
676,2024-12-03,2024,12,Jean Nkulu,Informatique (IT),Excel avancé pour la finance,INTERNE,4,754.15
704,2024-12-17,2024,12,Jean Nkulu,Informatique (IT),Négociation commerciale,INTERNE,23,572.40
755,2025-01-12,2025,1,Jean Nkulu,Informatique (IT),Power BI et analyse de données,E_LEARNING,24,188.79
883,2025-03-17,2025,3,Jean Nkulu,Informatique (IT),Service client de qualité,INTERNE,8,106.79
919,2025-04-04,2025,4,Jean Nkulu,Informatique (IT),Service client de qualité,E_LEARNING,17,201.28
923,2025-04-06,2025,4,Jean Nkulu,Informatique (IT),Service client de qualité,E_LEARNING,18,231.62
1000,2025-05-14,2025,5,Jean Nkulu,Informatique (IT),Sécurité au travail,EXTERNE,20,1505.41
1093,2025-06-30,2025,6,Jean Nkulu,Informatique (IT),Comptabilité analytique,EXTERNE,30,730.24
1157,2025-08-01,2025,8,Jean Nkulu,Informatique (IT),Négociation commerciale,E_LEARNING,33,82.15
1214,2025-08-29,2025,8,Jean Nkulu,Informatique (IT),Sécurité au travail,EXTERNE,29,565.73
1347,2025-11-04,2025,11,Jean Nkulu,Informatique (IT),Gestion de projet agile,E_LEARNING,31,223.31
1500,2026-01-19,2026,1,Jean Nkulu,Informatique (IT),Power BI et analyse de données,E_LEARNING,8,339.72
2187,2026-12-29,2026,12,Jean Nkulu,Informatique (IT),Leadership et management,EXTERNE,31,636.14
2451,2027-05-10,2027,5,Jean Nkulu,Informatique (IT),Sécurité au travail,INTERNE,20,476.98
2562,2027-07-04,2027,7,Jean Nkulu,Informatique (IT),Power BI et analyse de données,INTERNE,30,565.03
2577,2027-07-12,2027,7,Jean Nkulu,Informatique (IT),Power BI et analyse de données,E_LEARNING,29,115.15
2656,2027-08-20,2027,8,Jean Nkulu,Informatique (IT),Comptabilité analytique,E_LEARNING,14,75.36
2702,2027-09-12,2027,9,Jean Nkulu,Informatique (IT),Négociation commerciale,E_LEARNING,4,144.03
2732,2027-09-27,2027,9,Jean Nkulu,Informatique (IT),Power BI et analyse de données,EXTERNE,4,526.61
108,2024-02-23,2024,2,Anne Mwamba,Informatique (IT),Leadership et management,EXTERNE,16,2077.65
271,2024-05-15,2024,5,Anne Mwamba,Informatique (IT),Sécurité au travail,INTERNE,17,868.04
731,2024-12-31,2024,12,Anne Mwamba,Informatique (IT),Négociation commerciale,E_LEARNING,22,69.82
884,2025-03-17,2025,3,Anne Mwamba,Informatique (IT),Négociation commerciale,INTERNE,5,505.40
1032,2025-05-30,2025,5,Anne Mwamba,Informatique (IT),Gestion de projet agile,INTERNE,6,379.01
1156,2025-07-31,2025,7,Anne Mwamba,Informatique (IT),Gestion de projet agile,EXTERNE,29,1028.59
1344,2025-11-02,2025,11,Anne Mwamba,Informatique (IT),Excel avancé pour la finance,E_LEARNING,26,258.11
1856,2026-07-16,2026,7,Anne Mwamba,Informatique (IT),Leadership et management,INTERNE,4,494.61
1870,2026-07-23,2026,7,Anne Mwamba,Informatique (IT),Power BI et analyse de données,INTERNE,33,829.69
1991,2026-09-22,2026,9,Anne Mwamba,Informatique (IT),Power BI et analyse de données,INTERNE,29,311.93
2195,2027-01-02,2027,1,Anne Mwamba,Informatique (IT),Leadership et management,INTERNE,29,705.67
2259,2027-02-03,2027,2,Anne Mwamba,Informatique (IT),Gestion de projet agile,E_LEARNING,10,90.39
2524,2027-06-15,2027,6,Anne Mwamba,Informatique (IT),Négociation commerciale,EXTERNE,27,1236.72
2539,2027-06-23,2027,6,Anne Mwamba,Informatique (IT),Comptabilité analytique,E_LEARNING,26,178.31
2609,2027-07-28,2027,7,Anne Mwamba,Informatique (IT),Power BI et analyse de données,INTERNE,29,327.39
2627,2027-08-06,2027,8,Anne Mwamba,Informatique (IT),Négociation commerciale,E_LEARNING,15,60.65
2644,2027-08-14,2027,8,Anne Mwamba,Informatique (IT),Négociation commerciale,E_LEARNING,27,67.03
2649,2027-08-17,2027,8,Anne Mwamba,Informatique (IT),Gestion de projet agile,E_LEARNING,25,204.49
2799,2027-10-31,2027,10,Anne Mwamba,Informatique (IT),Comptabilité analytique,EXTERNE,10,2387.92
99,2024-02-19,2024,2,Emmanuel Kabila,Informatique (IT),Excel avancé pour la finance,EXTERNE,15,2595.21
192,2024-04-05,2024,4,Emmanuel Kabila,Informatique (IT),Sécurité au travail,INTERNE,15,552.20
193,2024-04-06,2024,4,Emmanuel Kabila,Informatique (IT),Leadership et management,EXTERNE,10,1642.41
221,2024-04-20,2024,4,Emmanuel Kabila,Informatique (IT),Comptabilité analytique,EXTERNE,10,2427.64
451,2024-08-13,2024,8,Emmanuel Kabila,Informatique (IT),Service client de qualité,INTERNE,27,291.27
507,2024-09-10,2024,9,Emmanuel Kabila,Informatique (IT),Service client de qualité,EXTERNE,10,1460.61
591,2024-10-22,2024,10,Emmanuel Kabila,Informatique (IT),Comptabilité analytique,E_LEARNING,32,114.92
782,2025-01-25,2025,1,Emmanuel Kabila,Informatique (IT),Excel avancé pour la finance,EXTERNE,8,1813.56
851,2025-03-01,2025,3,Emmanuel Kabila,Informatique (IT),Service client de qualité,EXTERNE,4,1798.03
892,2025-03-21,2025,3,Emmanuel Kabila,Informatique (IT),Excel avancé pour la finance,E_LEARNING,29,91.95
1073,2025-06-20,2025,6,Emmanuel Kabila,Informatique (IT),Excel avancé pour la finance,EXTERNE,4,2679.41
1271,2025-09-27,2025,9,Emmanuel Kabila,Informatique (IT),Service client de qualité,E_LEARNING,29,159.17
1424,2025-12-12,2025,12,Emmanuel Kabila,Informatique (IT),Excel avancé pour la finance,EXTERNE,10,604.27
1758,2026-05-28,2026,5,Emmanuel Kabila,Informatique (IT),Service client de qualité,EXTERNE,13,2716.43
1769,2026-06-03,2026,6,Emmanuel Kabila,Informatique (IT),Gestion de projet agile,INTERNE,31,550.90
1827,2026-07-02,2026,7,Emmanuel Kabila,Informatique (IT),Service client de qualité,E_LEARNING,32,104.09
1889,2026-08-02,2026,8,Emmanuel Kabila,Informatique (IT),Excel avancé pour la finance,E_LEARNING,27,278.41
2031,2026-10-12,2026,10,Emmanuel Kabila,Informatique (IT),Power BI et analyse de données,INTERNE,7,721.89
2182,2026-12-26,2026,12,Emmanuel Kabila,Informatique (IT),Service client de qualité,E_LEARNING,32,299.01
2221,2027-01-15,2027,1,Emmanuel Kabila,Informatique (IT),Négociation commerciale,INTERNE,30,718.99
2241,2027-01-25,2027,1,Emmanuel Kabila,Informatique (IT),Négociation commerciale,EXTERNE,32,2843.41
2262,2027-02-04,2027,2,Emmanuel Kabila,Informatique (IT),Leadership et management,EXTERNE,19,554.71
2292,2027-02-19,2027,2,Emmanuel Kabila,Informatique (IT),Service client de qualité,E_LEARNING,32,94.84
2411,2027-04-20,2027,4,Emmanuel Kabila,Informatique (IT),Excel avancé pour la finance,INTERNE,16,776.29
2421,2027-04-25,2027,4,Emmanuel Kabila,Informatique (IT),Leadership et management,EXTERNE,30,2767.98
2629,2027-08-07,2027,8,Emmanuel Kabila,Informatique (IT),Service client de qualité,INTERNE,25,132.41
2677,2027-08-31,2027,8,Emmanuel Kabila,Informatique (IT),Leadership et management,EXTERNE,9,1258.65
74,2024-02-06,2024,2,Chantal Kongo,Informatique (IT),Négociation commerciale,EXTERNE,18,1825.77
267,2024-05-13,2024,5,Chantal Kongo,Informatique (IT),Excel avancé pour la finance,EXTERNE,9,2125.66
321,2024-06-09,2024,6,Chantal Kongo,Informatique (IT),Négociation commerciale,EXTERNE,14,2999.37
505,2024-09-09,2024,9,Chantal Kongo,Informatique (IT),Gestion de projet agile,E_LEARNING,14,304.72
539,2024-09-26,2024,9,Chantal Kongo,Informatique (IT),Leadership et management,E_LEARNING,12,341.00
585,2024-10-19,2024,10,Chantal Kongo,Informatique (IT),Excel avancé pour la finance,EXTERNE,14,1992.20
690,2024-12-10,2024,12,Chantal Kongo,Informatique (IT),Power BI et analyse de données,INTERNE,19,498.75
772,2025-01-20,2025,1,Chantal Kongo,Informatique (IT),Service client de qualité,E_LEARNING,28,221.90
795,2025-02-01,2025,2,Chantal Kongo,Informatique (IT),Excel avancé pour la finance,E_LEARNING,32,195.93
904,2025-03-27,2025,3,Chantal Kongo,Informatique (IT),Comptabilité analytique,E_LEARNING,24,333.55
950,2025-04-19,2025,4,Chantal Kongo,Informatique (IT),Comptabilité analytique,EXTERNE,13,738.65
1006,2025-05-17,2025,5,Chantal Kongo,Informatique (IT),Excel avancé pour la finance,E_LEARNING,33,232.20
1283,2025-10-03,2025,10,Chantal Kongo,Informatique (IT),Excel avancé pour la finance,E_LEARNING,20,287.10
1332,2025-10-27,2025,10,Chantal Kongo,Informatique (IT),Service client de qualité,E_LEARNING,18,293.43
1496,2026-01-17,2026,1,Chantal Kongo,Informatique (IT),Power BI et analyse de données,E_LEARNING,5,108.16
1538,2026-02-07,2026,2,Chantal Kongo,Informatique (IT),Gestion de projet agile,INTERNE,26,803.38
1830,2026-07-03,2026,7,Chantal Kongo,Informatique (IT),Gestion de projet agile,E_LEARNING,14,284.55
2329,2027-03-10,2027,3,Chantal Kongo,Informatique (IT),Service client de qualité,INTERNE,23,471.30
2599,2027-07-23,2027,7,Chantal Kongo,Informatique (IT),Sécurité au travail,INTERNE,29,117.30
2639,2027-08-12,2027,8,Chantal Kongo,Informatique (IT),Sécurité au travail,INTERNE,17,764.46
2726,2027-09-24,2027,9,Chantal Kongo,Informatique (IT),Négociation commerciale,E_LEARNING,20,54.24
2833,2027-11-17,2027,11,Chantal Kongo,Informatique (IT),Négociation commerciale,E_LEARNING,17,143.54
2851,2027-11-26,2027,11,Chantal Kongo,Informatique (IT),Comptabilité analytique,E_LEARNING,7,110.08
2918,2027-12-29,2027,12,Chantal Kongo,Informatique (IT),Leadership et management,INTERNE,24,804.33
47,2024-01-24,2024,1,Olivier Tshiala,Informatique (IT),Excel avancé pour la finance,INTERNE,15,742.17
409,2024-07-23,2024,7,Olivier Tshiala,Informatique (IT),Sécurité au travail,EXTERNE,22,2430.32
601,2024-10-27,2024,10,Olivier Tshiala,Informatique (IT),Leadership et management,E_LEARNING,31,61.59
746,2025-01-07,2025,1,Olivier Tshiala,Informatique (IT),Comptabilité analytique,EXTERNE,4,1860.00
931,2025-04-10,2025,4,Olivier Tshiala,Informatique (IT),Leadership et management,INTERNE,26,162.97
1086,2025-06-26,2025,6,Olivier Tshiala,Informatique (IT),Gestion de projet agile,INTERNE,6,288.35
1296,2025-10-09,2025,10,Olivier Tshiala,Informatique (IT),Service client de qualité,INTERNE,17,441.12
1518,2026-01-28,2026,1,Olivier Tshiala,Informatique (IT),Comptabilité analytique,EXTERNE,18,2529.02
1543,2026-02-10,2026,2,Olivier Tshiala,Informatique (IT),Power BI et analyse de données,E_LEARNING,27,65.75
1590,2026-03-05,2026,3,Olivier Tshiala,Informatique (IT),Comptabilité analytique,EXTERNE,11,2443.31
1701,2026-04-30,2026,4,Olivier Tshiala,Informatique (IT),Négociation commerciale,EXTERNE,16,1212.71
1710,2026-05-04,2026,5,Olivier Tshiala,Informatique (IT),Gestion de projet agile,E_LEARNING,14,182.60
1722,2026-05-10,2026,5,Olivier Tshiala,Informatique (IT),Sécurité au travail,E_LEARNING,15,249.22
2084,2026-11-07,2026,11,Olivier Tshiala,Informatique (IT),Power BI et analyse de données,EXTERNE,12,1310.99
2168,2026-12-19,2026,12,Olivier Tshiala,Informatique (IT),Service client de qualité,E_LEARNING,11,295.25
2230,2027-01-19,2027,1,Olivier Tshiala,Informatique (IT),Sécurité au travail,E_LEARNING,10,333.54
2510,2027-06-08,2027,6,Olivier Tshiala,Informatique (IT),Comptabilité analytique,INTERNE,9,367.72
2530,2027-06-18,2027,6,Olivier Tshiala,Informatique (IT),Leadership et management,INTERNE,12,688.14
2676,2027-08-30,2027,8,Olivier Tshiala,Informatique (IT),Leadership et management,INTERNE,9,290.43
2694,2027-09-08,2027,9,Olivier Tshiala,Informatique (IT),Sécurité au travail,INTERNE,33,471.89
2761,2027-10-12,2027,10,Olivier Tshiala,Informatique (IT),Leadership et management,E_LEARNING,22,254.50
2786,2027-10-24,2027,10,Olivier Tshiala,Informatique (IT),Sécurité au travail,EXTERNE,27,1607.83
2795,2027-10-29,2027,10,Olivier Tshiala,Informatique (IT),Leadership et management,INTERNE,17,788.07
2838,2027-11-19,2027,11,Olivier Tshiala,Informatique (IT),Sécurité au travail,INTERNE,27,554.10
28,2024-01-14,2024,1,Patrick Mukendi,Informatique (IT),Power BI et analyse de données,INTERNE,31,655.31
125,2024-03-03,2024,3,Patrick Mukendi,Informatique (IT),Leadership et management,E_LEARNING,25,344.05
940,2025-04-14,2025,4,Patrick Mukendi,Informatique (IT),Excel avancé pour la finance,INTERNE,8,695.02
1003,2025-05-16,2025,5,Patrick Mukendi,Informatique (IT),Service client de qualité,EXTERNE,19,2802.38
1298,2025-10-10,2025,10,Patrick Mukendi,Informatique (IT),Power BI et analyse de données,EXTERNE,22,1155.36
1411,2025-12-06,2025,12,Patrick Mukendi,Informatique (IT),Sécurité au travail,EXTERNE,8,1493.23
1497,2026-01-18,2026,1,Patrick Mukendi,Informatique (IT),Gestion de projet agile,EXTERNE,14,2539.67
1570,2026-02-23,2026,2,Patrick Mukendi,Informatique (IT),Sécurité au travail,INTERNE,14,606.78
1634,2026-03-27,2026,3,Patrick Mukendi,Informatique (IT),Excel avancé pour la finance,EXTERNE,19,1968.97
1836,2026-07-06,2026,7,Patrick Mukendi,Informatique (IT),Service client de qualité,EXTERNE,19,2691.93
1922,2026-08-18,2026,8,Patrick Mukendi,Informatique (IT),Excel avancé pour la finance,INTERNE,7,348.15
1965,2026-09-09,2026,9,Patrick Mukendi,Informatique (IT),Service client de qualité,EXTERNE,30,2388.20
2026,2026-10-09,2026,10,Patrick Mukendi,Informatique (IT),Power BI et analyse de données,E_LEARNING,24,182.58
2109,2026-11-20,2026,11,Patrick Mukendi,Informatique (IT),Sécurité au travail,EXTERNE,27,2203.03
2158,2026-12-14,2026,12,Patrick Mukendi,Informatique (IT),Gestion de projet agile,EXTERNE,18,1553.54
2251,2027-01-30,2027,1,Patrick Mukendi,Informatique (IT),Excel avancé pour la finance,EXTERNE,28,2604.35
2482,2027-05-25,2027,5,Patrick Mukendi,Informatique (IT),Comptabilité analytique,INTERNE,26,452.15
2540,2027-06-23,2027,6,Patrick Mukendi,Informatique (IT),Leadership et management,E_LEARNING,10,203.06
76,2024-02-07,2024,2,Paul Kongo,Informatique (IT),Excel avancé pour la finance,INTERNE,5,859.73
285,2024-05-22,2024,5,Paul Kongo,Informatique (IT),Gestion de projet agile,E_LEARNING,5,64.01
338,2024-06-17,2024,6,Paul Kongo,Informatique (IT),Power BI et analyse de données,EXTERNE,10,1183.57
391,2024-07-14,2024,7,Paul Kongo,Informatique (IT),Négociation commerciale,E_LEARNING,6,200.78
452,2024-08-13,2024,8,Paul Kongo,Informatique (IT),Gestion de projet agile,EXTERNE,15,2587.00
578,2024-10-15,2024,10,Paul Kongo,Informatique (IT),Service client de qualité,INTERNE,33,341.64
725,2024-12-28,2024,12,Paul Kongo,Informatique (IT),Excel avancé pour la finance,E_LEARNING,14,226.24
785,2025-01-27,2025,1,Paul Kongo,Informatique (IT),Gestion de projet agile,EXTERNE,5,1027.93
825,2025-02-16,2025,2,Paul Kongo,Informatique (IT),Service client de qualité,INTERNE,22,496.86
858,2025-03-04,2025,3,Paul Kongo,Informatique (IT),Service client de qualité,E_LEARNING,16,137.71
1052,2025-06-09,2025,6,Paul Kongo,Informatique (IT),Comptabilité analytique,E_LEARNING,23,224.46
1135,2025-07-21,2025,7,Paul Kongo,Informatique (IT),Power BI et analyse de données,E_LEARNING,12,181.15
1139,2025-07-23,2025,7,Paul Kongo,Informatique (IT),Power BI et analyse de données,E_LEARNING,17,182.44
1223,2025-09-03,2025,9,Paul Kongo,Informatique (IT),Excel avancé pour la finance,INTERNE,4,220.22
1253,2025-09-18,2025,9,Paul Kongo,Informatique (IT),Négociation commerciale,EXTERNE,31,2660.37
1508,2026-01-23,2026,1,Paul Kongo,Informatique (IT),Comptabilité analytique,INTERNE,17,582.51
1612,2026-03-16,2026,3,Paul Kongo,Informatique (IT),Power BI et analyse de données,EXTERNE,21,867.95
1783,2026-06-10,2026,6,Paul Kongo,Informatique (IT),Service client de qualité,EXTERNE,24,2039.01
1959,2026-09-06,2026,9,Paul Kongo,Informatique (IT),Leadership et management,E_LEARNING,4,191.78
2101,2026-11-16,2026,11,Paul Kongo,Informatique (IT),Power BI et analyse de données,E_LEARNING,26,251.59
2258,2027-02-02,2027,2,Paul Kongo,Informatique (IT),Négociation commerciale,E_LEARNING,8,296.04
2361,2027-03-26,2027,3,Paul Kongo,Informatique (IT),Power BI et analyse de données,E_LEARNING,4,108.09
2459,2027-05-14,2027,5,Paul Kongo,Informatique (IT),Leadership et management,INTERNE,17,639.16
2610,2027-07-28,2027,7,Paul Kongo,Informatique (IT),Excel avancé pour la finance,EXTERNE,27,2341.21
2774,2027-10-18,2027,10,Paul Kongo,Informatique (IT),Comptabilité analytique,E_LEARNING,9,159.94
2791,2027-10-27,2027,10,Paul Kongo,Informatique (IT),Comptabilité analytique,E_LEARNING,7,152.43
48,2024-01-24,2024,1,Jean Muhindo,Informatique (IT),Sécurité au travail,INTERNE,6,172.99
82,2024-02-10,2024,2,Jean Muhindo,Informatique (IT),Comptabilité analytique,INTERNE,28,637.04
110,2024-02-24,2024,2,Jean Muhindo,Informatique (IT),Power BI et analyse de données,INTERNE,33,874.76
200,2024-04-09,2024,4,Jean Muhindo,Informatique (IT),Gestion de projet agile,E_LEARNING,29,83.07
224,2024-04-21,2024,4,Jean Muhindo,Informatique (IT),Négociation commerciale,EXTERNE,29,2053.93
230,2024-04-24,2024,4,Jean Muhindo,Informatique (IT),Négociation commerciale,INTERNE,5,652.48
635,2024-11-13,2024,11,Jean Muhindo,Informatique (IT),Négociation commerciale,INTERNE,11,539.01
786,2025-01-27,2025,1,Jean Muhindo,Informatique (IT),Power BI et analyse de données,E_LEARNING,13,197.93
811,2025-02-09,2025,2,Jean Muhindo,Informatique (IT),Excel avancé pour la finance,EXTERNE,6,1312.37
1225,2025-09-04,2025,9,Jean Muhindo,Informatique (IT),Comptabilité analytique,EXTERNE,27,1496.14
1291,2025-10-07,2025,10,Jean Muhindo,Informatique (IT),Sécurité au travail,EXTERNE,19,879.69
1302,2025-10-12,2025,10,Jean Muhindo,Informatique (IT),Comptabilité analytique,INTERNE,14,215.45
1361,2025-11-11,2025,11,Jean Muhindo,Informatique (IT),Service client de qualité,E_LEARNING,7,68.17
1374,2025-11-17,2025,11,Jean Muhindo,Informatique (IT),Leadership et management,E_LEARNING,8,98.60
1396,2025-11-28,2025,11,Jean Muhindo,Informatique (IT),Leadership et management,EXTERNE,10,1770.57
1433,2025-12-17,2025,12,Jean Muhindo,Informatique (IT),Power BI et analyse de données,EXTERNE,11,1601.31
1544,2026-02-10,2026,2,Jean Muhindo,Informatique (IT),Gestion de projet agile,INTERNE,18,483.62
1690,2026-04-24,2026,4,Jean Muhindo,Informatique (IT),Sécurité au travail,INTERNE,25,212.45
1695,2026-04-27,2026,4,Jean Muhindo,Informatique (IT),Gestion de projet agile,EXTERNE,27,575.58
1895,2026-08-05,2026,8,Jean Muhindo,Informatique (IT),Power BI et analyse de données,EXTERNE,23,1504.27
2095,2026-11-13,2026,11,Jean Muhindo,Informatique (IT),Comptabilité analytique,EXTERNE,26,1016.03
2153,2026-12-12,2026,12,Jean Muhindo,Informatique (IT),Excel avancé pour la finance,EXTERNE,17,2836.56
2253,2027-01-31,2027,1,Jean Muhindo,Informatique (IT),Service client de qualité,EXTERNE,31,2634.47
2441,2027-05-05,2027,5,Jean Muhindo,Informatique (IT),Service client de qualité,EXTERNE,14,705.04
2696,2027-09-09,2027,9,Jean Muhindo,Informatique (IT),Leadership et management,E_LEARNING,8,71.52
2724,2027-09-23,2027,9,Jean Muhindo,Informatique (IT),Gestion de projet agile,E_LEARNING,20,220.92
2787,2027-10-25,2027,10,Jean Muhindo,Informatique (IT),Comptabilité analytique,INTERNE,25,290.14
2864,2027-12-02,2027,12,Jean Muhindo,Informatique (IT),Comptabilité analytique,INTERNE,15,324.49
330,2024-06-13,2024,6,Laetitia Kongo,Support Client,Comptabilité analytique,E_LEARNING,30,96.35
530,2024-09-21,2024,9,Laetitia Kongo,Support Client,Négociation commerciale,INTERNE,30,704.19
537,2024-09-25,2024,9,Laetitia Kongo,Support Client,Sécurité au travail,E_LEARNING,14,102.31
595,2024-10-24,2024,10,Laetitia Kongo,Support Client,Gestion de projet agile,EXTERNE,21,2810.33
614,2024-11-02,2024,11,Laetitia Kongo,Support Client,Service client de qualité,INTERNE,21,212.70
643,2024-11-17,2024,11,Laetitia Kongo,Support Client,Excel avancé pour la finance,EXTERNE,12,1243.64
663,2024-11-27,2024,11,Laetitia Kongo,Support Client,Comptabilité analytique,E_LEARNING,25,98.86
802,2025-02-04,2025,2,Laetitia Kongo,Support Client,Gestion de projet agile,EXTERNE,13,1974.60
1394,2025-11-27,2025,11,Laetitia Kongo,Support Client,Sécurité au travail,INTERNE,5,119.06
1534,2026-02-05,2026,2,Laetitia Kongo,Support Client,Comptabilité analytique,EXTERNE,17,2110.24
1884,2026-07-30,2026,7,Laetitia Kongo,Support Client,Comptabilité analytique,EXTERNE,7,2917.14
1940,2026-08-27,2026,8,Laetitia Kongo,Support Client,Comptabilité analytique,EXTERNE,27,1741.23
2205,2027-01-07,2027,1,Laetitia Kongo,Support Client,Sécurité au travail,E_LEARNING,20,169.67
2215,2027-01-12,2027,1,Laetitia Kongo,Support Client,Négociation commerciale,INTERNE,5,397.15
2371,2027-03-31,2027,3,Laetitia Kongo,Support Client,Négociation commerciale,E_LEARNING,16,168.29
2462,2027-05-15,2027,5,Laetitia Kongo,Support Client,Service client de qualité,E_LEARNING,18,315.90
2532,2027-06-19,2027,6,Laetitia Kongo,Support Client,Gestion de projet agile,INTERNE,31,509.41
2567,2027-07-07,2027,7,Laetitia Kongo,Support Client,Service client de qualité,EXTERNE,31,2461.89
81,2024-02-10,2024,2,Clarisse Lukusa,Support Client,Power BI et analyse de données,E_LEARNING,13,282.89
500,2024-09-06,2024,9,Clarisse Lukusa,Support Client,Comptabilité analytique,INTERNE,9,361.73
653,2024-11-22,2024,11,Clarisse Lukusa,Support Client,Power BI et analyse de données,E_LEARNING,9,97.93
662,2024-11-26,2024,11,Clarisse Lukusa,Support Client,Power BI et analyse de données,INTERNE,10,210.96
872,2025-03-11,2025,3,Clarisse Lukusa,Support Client,Gestion de projet agile,INTERNE,27,782.56
1007,2025-05-18,2025,5,Clarisse Lukusa,Support Client,Négociation commerciale,EXTERNE,29,1283.78
1010,2025-05-19,2025,5,Clarisse Lukusa,Support Client,Négociation commerciale,EXTERNE,4,704.06
1090,2025-06-28,2025,6,Clarisse Lukusa,Support Client,Négociation commerciale,EXTERNE,27,848.93
1176,2025-08-10,2025,8,Clarisse Lukusa,Support Client,Gestion de projet agile,EXTERNE,16,2771.86
1186,2025-08-15,2025,8,Clarisse Lukusa,Support Client,Comptabilité analytique,EXTERNE,20,1850.75
1217,2025-08-31,2025,8,Clarisse Lukusa,Support Client,Gestion de projet agile,EXTERNE,21,2640.29
1263,2025-09-23,2025,9,Clarisse Lukusa,Support Client,Leadership et management,E_LEARNING,10,196.36
1317,2025-10-20,2025,10,Clarisse Lukusa,Support Client,Comptabilité analytique,INTERNE,4,587.86
1494,2026-01-16,2026,1,Clarisse Lukusa,Support Client,Comptabilité analytique,EXTERNE,19,1518.87
1523,2026-01-31,2026,1,Clarisse Lukusa,Support Client,Sécurité au travail,E_LEARNING,9,166.70
1571,2026-02-24,2026,2,Clarisse Lukusa,Support Client,Gestion de projet agile,EXTERNE,24,1141.94
1610,2026-03-15,2026,3,Clarisse Lukusa,Support Client,Excel avancé pour la finance,E_LEARNING,29,317.47
1646,2026-04-02,2026,4,Clarisse Lukusa,Support Client,Service client de qualité,E_LEARNING,20,77.06
1653,2026-04-06,2026,4,Clarisse Lukusa,Support Client,Service client de qualité,E_LEARNING,7,263.96
1866,2026-07-21,2026,7,Clarisse Lukusa,Support Client,Gestion de projet agile,INTERNE,21,155.07
1935,2026-08-25,2026,8,Clarisse Lukusa,Support Client,Sécurité au travail,E_LEARNING,8,208.58
1956,2026-09-04,2026,9,Clarisse Lukusa,Support Client,Leadership et management,INTERNE,26,230.47
2432,2027-04-30,2027,4,Clarisse Lukusa,Support Client,Excel avancé pour la finance,E_LEARNING,23,90.50
2506,2027-06-06,2027,6,Clarisse Lukusa,Support Client,Excel avancé pour la finance,INTERNE,4,809.68
2548,2027-06-27,2027,6,Clarisse Lukusa,Support Client,Leadership et management,INTERNE,13,738.81
2550,2027-06-28,2027,6,Clarisse Lukusa,Support Client,Excel avancé pour la finance,E_LEARNING,16,303.37
2571,2027-07-09,2027,7,Clarisse Lukusa,Support Client,Service client de qualité,INTERNE,11,549.26
2690,2027-09-06,2027,9,Clarisse Lukusa,Support Client,Sécurité au travail,E_LEARNING,10,310.31
288,2024-05-23,2024,5,Alain Ntumba,Support Client,Comptabilité analytique,E_LEARNING,29,284.14
386,2024-07-11,2024,7,Alain Ntumba,Support Client,Leadership et management,INTERNE,23,805.16
575,2024-10-14,2024,10,Alain Ntumba,Support Client,Comptabilité analytique,E_LEARNING,6,57.14
897,2025-03-24,2025,3,Alain Ntumba,Support Client,Négociation commerciale,EXTERNE,23,1571.72
900,2025-03-25,2025,3,Alain Ntumba,Support Client,Service client de qualité,EXTERNE,14,510.93
1443,2025-12-22,2025,12,Alain Ntumba,Support Client,Excel avancé pour la finance,INTERNE,19,282.71
1604,2026-03-12,2026,3,Alain Ntumba,Support Client,Sécurité au travail,E_LEARNING,23,333.57
1609,2026-03-15,2026,3,Alain Ntumba,Support Client,Excel avancé pour la finance,E_LEARNING,23,111.46
1782,2026-06-09,2026,6,Alain Ntumba,Support Client,Négociation commerciale,INTERNE,11,353.85
1813,2026-06-25,2026,6,Alain Ntumba,Support Client,Power BI et analyse de données,E_LEARNING,7,202.11
1880,2026-07-28,2026,7,Alain Ntumba,Support Client,Leadership et management,INTERNE,15,348.96
2434,2027-05-01,2027,5,Alain Ntumba,Support Client,Gestion de projet agile,EXTERNE,23,630.90
2435,2027-05-02,2027,5,Alain Ntumba,Support Client,Leadership et management,EXTERNE,20,990.57
2502,2027-06-04,2027,6,Alain Ntumba,Support Client,Sécurité au travail,EXTERNE,31,1568.71
2673,2027-08-29,2027,8,Alain Ntumba,Support Client,Sécurité au travail,INTERNE,17,759.67
2853,2027-11-27,2027,11,Alain Ntumba,Support Client,Power BI et analyse de données,INTERNE,15,127.46
2890,2027-12-15,2027,12,Alain Ntumba,Support Client,Gestion de projet agile,E_LEARNING,4,89.47
207,2024-04-13,2024,4,Sarah Lukusa,Support Client,Power BI et analyse de données,E_LEARNING,32,309.04
306,2024-06-01,2024,6,Sarah Lukusa,Support Client,Service client de qualité,INTERNE,21,211.17
319,2024-06-08,2024,6,Sarah Lukusa,Support Client,Sécurité au travail,E_LEARNING,12,57.14
388,2024-07-12,2024,7,Sarah Lukusa,Support Client,Comptabilité analytique,EXTERNE,33,1800.74
396,2024-07-16,2024,7,Sarah Lukusa,Support Client,Sécurité au travail,E_LEARNING,13,91.37
446,2024-08-10,2024,8,Sarah Lukusa,Support Client,Leadership et management,E_LEARNING,20,90.08
606,2024-10-29,2024,10,Sarah Lukusa,Support Client,Gestion de projet agile,E_LEARNING,18,124.16
626,2024-11-08,2024,11,Sarah Lukusa,Support Client,Comptabilité analytique,E_LEARNING,14,93.03
827,2025-02-17,2025,2,Sarah Lukusa,Support Client,Gestion de projet agile,E_LEARNING,7,225.28
943,2025-04-16,2025,4,Sarah Lukusa,Support Client,Négociation commerciale,EXTERNE,32,2781.50
1001,2025-05-15,2025,5,Sarah Lukusa,Support Client,Négociation commerciale,EXTERNE,27,2919.20
1136,2025-07-21,2025,7,Sarah Lukusa,Support Client,Service client de qualité,INTERNE,25,164.70
1272,2025-09-27,2025,9,Sarah Lukusa,Support Client,Service client de qualité,EXTERNE,11,2055.44
1286,2025-10-04,2025,10,Sarah Lukusa,Support Client,Excel avancé pour la finance,INTERNE,13,348.83
1375,2025-11-18,2025,11,Sarah Lukusa,Support Client,Service client de qualité,INTERNE,19,832.30
1456,2025-12-28,2025,12,Sarah Lukusa,Support Client,Négociation commerciale,EXTERNE,26,2506.47
1603,2026-03-12,2026,3,Sarah Lukusa,Support Client,Négociation commerciale,E_LEARNING,18,217.37
1712,2026-05-05,2026,5,Sarah Lukusa,Support Client,Négociation commerciale,EXTERNE,21,752.00
1778,2026-06-07,2026,6,Sarah Lukusa,Support Client,Négociation commerciale,EXTERNE,24,1748.86
1804,2026-06-20,2026,6,Sarah Lukusa,Support Client,Sécurité au travail,INTERNE,9,444.01
2202,2027-01-05,2027,1,Sarah Lukusa,Support Client,Comptabilité analytique,E_LEARNING,4,282.88
2299,2027-02-23,2027,2,Sarah Lukusa,Support Client,Comptabilité analytique,EXTERNE,31,911.35
2315,2027-03-03,2027,3,Sarah Lukusa,Support Client,Comptabilité analytique,EXTERNE,22,1919.12
2377,2027-04-03,2027,4,Sarah Lukusa,Support Client,Sécurité au travail,INTERNE,16,673.65
2403,2027-04-16,2027,4,Sarah Lukusa,Support Client,Négociation commerciale,INTERNE,6,656.57
2477,2027-05-23,2027,5,Sarah Lukusa,Support Client,Excel avancé pour la finance,E_LEARNING,27,300.69
2544,2027-06-25,2027,6,Sarah Lukusa,Support Client,Négociation commerciale,EXTERNE,20,2808.70
2546,2027-06-26,2027,6,Sarah Lukusa,Support Client,Comptabilité analytique,E_LEARNING,26,169.82
2596,2027-07-21,2027,7,Sarah Lukusa,Support Client,Leadership et management,EXTERNE,4,1806.64
2684,2027-09-03,2027,9,Sarah Lukusa,Support Client,Gestion de projet agile,E_LEARNING,17,343.08
2773,2027-10-18,2027,10,Sarah Lukusa,Support Client,Comptabilité analytique,INTERNE,26,282.37
95,2024-02-17,2024,2,Anne Kabila,Support Client,Service client de qualité,E_LEARNING,5,185.00
142,2024-03-11,2024,3,Anne Kabila,Support Client,Excel avancé pour la finance,INTERNE,21,561.33
208,2024-04-13,2024,4,Anne Kabila,Support Client,Excel avancé pour la finance,E_LEARNING,33,335.51
329,2024-06-13,2024,6,Anne Kabila,Support Client,Service client de qualité,E_LEARNING,30,272.76
817,2025-02-12,2025,2,Anne Kabila,Support Client,Service client de qualité,E_LEARNING,24,218.38
889,2025-03-20,2025,3,Anne Kabila,Support Client,Négociation commerciale,EXTERNE,8,564.72
1061,2025-06-14,2025,6,Anne Kabila,Support Client,Négociation commerciale,INTERNE,28,357.09
1085,2025-06-26,2025,6,Anne Kabila,Support Client,Gestion de projet agile,E_LEARNING,5,105.11
1173,2025-08-09,2025,8,Anne Kabila,Support Client,Négociation commerciale,EXTERNE,18,1735.71
1364,2025-11-12,2025,11,Anne Kabila,Support Client,Excel avancé pour la finance,EXTERNE,21,2855.61
1659,2026-04-09,2026,4,Anne Kabila,Support Client,Négociation commerciale,EXTERNE,17,2134.61
1666,2026-04-12,2026,4,Anne Kabila,Support Client,Service client de qualité,EXTERNE,13,2167.23
1779,2026-06-08,2026,6,Anne Kabila,Support Client,Service client de qualité,E_LEARNING,17,199.20
1861,2026-07-19,2026,7,Anne Kabila,Support Client,Gestion de projet agile,INTERNE,22,844.22
1873,2026-07-25,2026,7,Anne Kabila,Support Client,Sécurité au travail,E_LEARNING,5,100.52
2125,2026-11-28,2026,11,Anne Kabila,Support Client,Sécurité au travail,EXTERNE,10,593.41
2279,2027-02-13,2027,2,Anne Kabila,Support Client,Négociation commerciale,INTERNE,20,783.95
2334,2027-03-12,2027,3,Anne Kabila,Support Client,Comptabilité analytique,INTERNE,23,545.11
2427,2027-04-28,2027,4,Anne Kabila,Support Client,Leadership et management,INTERNE,17,740.95
2498,2027-06-02,2027,6,Anne Kabila,Support Client,Gestion de projet agile,E_LEARNING,11,118.94
2713,2027-09-18,2027,9,Anne Kabila,Support Client,Comptabilité analytique,EXTERNE,16,1760.31
2739,2027-10-01,2027,10,Anne Kabila,Support Client,Power BI et analyse de données,INTERNE,30,649.93
197,2024-04-08,2024,4,Josué Kalala,Support Client,Service client de qualité,E_LEARNING,25,325.68
353,2024-06-25,2024,6,Josué Kalala,Support Client,Comptabilité analytique,INTERNE,33,458.47
361,2024-06-29,2024,6,Josué Kalala,Support Client,Power BI et analyse de données,E_LEARNING,11,151.60
381,2024-07-09,2024,7,Josué Kalala,Support Client,Comptabilité analytique,E_LEARNING,27,127.23
488,2024-08-31,2024,8,Josué Kalala,Support Client,Excel avancé pour la finance,INTERNE,30,326.17
645,2024-11-18,2024,11,Josué Kalala,Support Client,Leadership et management,INTERNE,18,811.14
716,2024-12-23,2024,12,Josué Kalala,Support Client,Sécurité au travail,E_LEARNING,5,278.13
744,2025-01-06,2025,1,Josué Kalala,Support Client,Service client de qualité,EXTERNE,29,2031.99
1002,2025-05-15,2025,5,Josué Kalala,Support Client,Négociation commerciale,EXTERNE,5,2000.11
1563,2026-02-20,2026,2,Josué Kalala,Support Client,Comptabilité analytique,EXTERNE,31,1136.55
1670,2026-04-14,2026,4,Josué Kalala,Support Client,Gestion de projet agile,INTERNE,11,335.22
1720,2026-05-09,2026,5,Josué Kalala,Support Client,Power BI et analyse de données,EXTERNE,15,839.87
1759,2026-05-29,2026,5,Josué Kalala,Support Client,Négociation commerciale,E_LEARNING,29,133.21
1890,2026-08-02,2026,8,Josué Kalala,Support Client,Négociation commerciale,INTERNE,22,241.28
1994,2026-09-23,2026,9,Josué Kalala,Support Client,Négociation commerciale,EXTERNE,5,1921.41
2018,2026-10-05,2026,10,Josué Kalala,Support Client,Gestion de projet agile,INTERNE,10,250.44
2274,2027-02-10,2027,2,Josué Kalala,Support Client,Sécurité au travail,EXTERNE,5,2751.49
2395,2027-04-12,2027,4,Josué Kalala,Support Client,Gestion de projet agile,INTERNE,17,198.94
2430,2027-04-29,2027,4,Josué Kalala,Support Client,Gestion de projet agile,E_LEARNING,8,214.13
2438,2027-05-03,2027,5,Josué Kalala,Support Client,Leadership et management,E_LEARNING,33,180.48
2590,2027-07-18,2027,7,Josué Kalala,Support Client,Sécurité au travail,EXTERNE,17,2781.31
2754,2027-10-08,2027,10,Josué Kalala,Support Client,Négociation commerciale,EXTERNE,12,1918.99
2802,2027-11-01,2027,11,Josué Kalala,Support Client,Gestion de projet agile,EXTERNE,11,986.55
2805,2027-11-03,2027,11,Josué Kalala,Support Client,Power BI et analyse de données,E_LEARNING,12,183.61
2870,2027-12-05,2027,12,Josué Kalala,Support Client,Leadership et management,EXTERNE,7,927.87
171,2024-03-26,2024,3,Paul Nkulu,Support Client,Leadership et management,INTERNE,26,146.56
349,2024-06-23,2024,6,Paul Nkulu,Support Client,Gestion de projet agile,INTERNE,14,650.32
408,2024-07-22,2024,7,Paul Nkulu,Support Client,Leadership et management,E_LEARNING,23,270.62
547,2024-09-30,2024,9,Paul Nkulu,Support Client,Service client de qualité,EXTERNE,9,904.05
821,2025-02-14,2025,2,Paul Nkulu,Support Client,Sécurité au travail,EXTERNE,22,2145.32
1385,2025-11-23,2025,11,Paul Nkulu,Support Client,Sécurité au travail,INTERNE,25,283.36
1402,2025-12-01,2025,12,Paul Nkulu,Support Client,Sécurité au travail,INTERNE,23,834.53
1404,2025-12-02,2025,12,Paul Nkulu,Support Client,Négociation commerciale,INTERNE,10,484.34
1840,2026-07-08,2026,7,Paul Nkulu,Support Client,Leadership et management,EXTERNE,9,1771.94
1848,2026-07-12,2026,7,Paul Nkulu,Support Client,Négociation commerciale,EXTERNE,14,2765.36
1850,2026-07-13,2026,7,Paul Nkulu,Support Client,Leadership et management,INTERNE,19,112.32
2009,2026-10-01,2026,10,Paul Nkulu,Support Client,Leadership et management,EXTERNE,17,2194.33
2194,2027-01-01,2027,1,Paul Nkulu,Support Client,Négociation commerciale,INTERNE,17,411.75
2291,2027-02-19,2027,2,Paul Nkulu,Support Client,Sécurité au travail,EXTERNE,21,1693.54
2663,2027-08-24,2027,8,Paul Nkulu,Support Client,Service client de qualité,INTERNE,5,646.54
129,2024-03-05,2024,3,Michaël Nkulu,Support Client,Négociation commerciale,E_LEARNING,18,273.71
219,2024-04-19,2024,4,Michaël Nkulu,Support Client,Service client de qualité,INTERNE,12,617.64
649,2024-11-20,2024,11,Michaël Nkulu,Support Client,Gestion de projet agile,EXTERNE,12,1012.31
732,2024-12-31,2024,12,Michaël Nkulu,Support Client,Leadership et management,EXTERNE,4,1659.26
837,2025-02-22,2025,2,Michaël Nkulu,Support Client,Leadership et management,INTERNE,20,188.04
865,2025-03-08,2025,3,Michaël Nkulu,Support Client,Leadership et management,EXTERNE,12,2767.87
881,2025-03-16,2025,3,Michaël Nkulu,Support Client,Leadership et management,E_LEARNING,25,334.10
1121,2025-07-14,2025,7,Michaël Nkulu,Support Client,Power BI et analyse de données,INTERNE,7,625.17
1152,2025-07-29,2025,7,Michaël Nkulu,Support Client,Leadership et management,E_LEARNING,25,51.00
1213,2025-08-29,2025,8,Michaël Nkulu,Support Client,Comptabilité analytique,INTERNE,31,133.96
1259,2025-09-21,2025,9,Michaël Nkulu,Support Client,Leadership et management,INTERNE,18,798.09
1378,2025-11-19,2025,11,Michaël Nkulu,Support Client,Comptabilité analytique,INTERNE,26,453.84
1536,2026-02-06,2026,2,Michaël Nkulu,Support Client,Négociation commerciale,INTERNE,8,219.20
1625,2026-03-23,2026,3,Michaël Nkulu,Support Client,Power BI et analyse de données,E_LEARNING,14,286.58
1885,2026-07-31,2026,7,Michaël Nkulu,Support Client,Comptabilité analytique,EXTERNE,28,2535.11
2058,2026-10-25,2026,10,Michaël Nkulu,Support Client,Leadership et management,E_LEARNING,9,155.91
2067,2026-10-30,2026,10,Michaël Nkulu,Support Client,Gestion de projet agile,EXTERNE,23,888.37
2141,2026-12-06,2026,12,Michaël Nkulu,Support Client,Sécurité au travail,INTERNE,23,827.29
2219,2027-01-14,2027,1,Michaël Nkulu,Support Client,Power BI et analyse de données,E_LEARNING,15,305.96
2224,2027-01-16,2027,1,Michaël Nkulu,Support Client,Service client de qualité,EXTERNE,16,1715.97
2578,2027-07-12,2027,7,Michaël Nkulu,Support Client,Excel avancé pour la finance,E_LEARNING,16,51.93
2600,2027-07-23,2027,7,Michaël Nkulu,Support Client,Négociation commerciale,EXTERNE,13,2297.89
2839,2027-11-20,2027,11,Michaël Nkulu,Support Client,Gestion de projet agile,E_LEARNING,5,95.89
2867,2027-12-04,2027,12,Michaël Nkulu,Support Client,Négociation commerciale,E_LEARNING,11,132.86
31,2024-01-16,2024,1,Fabrice Uwimana,Support Client,Service client de qualité,INTERNE,32,266.76
132,2024-03-06,2024,3,Fabrice Uwimana,Support Client,Sécurité au travail,INTERNE,17,728.70
134,2024-03-07,2024,3,Fabrice Uwimana,Support Client,Négociation commerciale,E_LEARNING,30,256.33
216,2024-04-17,2024,4,Fabrice Uwimana,Support Client,Leadership et management,INTERNE,21,275.11
628,2024-11-09,2024,11,Fabrice Uwimana,Support Client,Leadership et management,EXTERNE,11,2304.07
886,2025-03-18,2025,3,Fabrice Uwimana,Support Client,Service client de qualité,EXTERNE,24,2113.42
903,2025-03-27,2025,3,Fabrice Uwimana,Support Client,Gestion de projet agile,EXTERNE,28,1079.61
934,2025-04-11,2025,4,Fabrice Uwimana,Support Client,Excel avancé pour la finance,E_LEARNING,16,249.71
1131,2025-07-19,2025,7,Fabrice Uwimana,Support Client,Leadership et management,EXTERNE,5,1858.42
1238,2025-09-10,2025,9,Fabrice Uwimana,Support Client,Power BI et analyse de données,INTERNE,33,123.97
1290,2025-10-06,2025,10,Fabrice Uwimana,Support Client,Comptabilité analytique,EXTERNE,15,2000.34
1319,2025-10-21,2025,10,Fabrice Uwimana,Support Client,Excel avancé pour la finance,E_LEARNING,14,193.78
1372,2025-11-16,2025,11,Fabrice Uwimana,Support Client,Gestion de projet agile,INTERNE,22,203.17
1429,2025-12-15,2025,12,Fabrice Uwimana,Support Client,Sécurité au travail,INTERNE,28,566.87
1579,2026-02-28,2026,2,Fabrice Uwimana,Support Client,Excel avancé pour la finance,E_LEARNING,7,193.26
1621,2026-03-21,2026,3,Fabrice Uwimana,Support Client,Négociation commerciale,INTERNE,23,536.46
1657,2026-04-08,2026,4,Fabrice Uwimana,Support Client,Négociation commerciale,E_LEARNING,25,248.94
1743,2026-05-21,2026,5,Fabrice Uwimana,Support Client,Service client de qualité,E_LEARNING,18,241.03
1764,2026-05-31,2026,5,Fabrice Uwimana,Support Client,Service client de qualité,INTERNE,21,340.04
1773,2026-06-05,2026,6,Fabrice Uwimana,Support Client,Négociation commerciale,INTERNE,15,146.08
1914,2026-08-14,2026,8,Fabrice Uwimana,Support Client,Power BI et analyse de données,INTERNE,10,164.50
2002,2026-09-27,2026,9,Fabrice Uwimana,Support Client,Service client de qualité,INTERNE,12,578.76
2053,2026-10-23,2026,10,Fabrice Uwimana,Support Client,Comptabilité analytique,INTERNE,22,763.61
2234,2027-01-21,2027,1,Fabrice Uwimana,Support Client,Négociation commerciale,INTERNE,13,801.61
2306,2027-02-26,2027,2,Fabrice Uwimana,Support Client,Service client de qualité,EXTERNE,33,1118.27
2407,2027-04-18,2027,4,Fabrice Uwimana,Support Client,Leadership et management,EXTERNE,28,1887.42
2448,2027-05-08,2027,5,Fabrice Uwimana,Support Client,Leadership et management,EXTERNE,13,2866.58
2689,2027-09-06,2027,9,Fabrice Uwimana,Support Client,Power BI et analyse de données,E_LEARNING,15,303.06
2830,2027-11-15,2027,11,Fabrice Uwimana,Support Client,Leadership et management,E_LEARNING,4,201.61
2831,2027-11-16,2027,11,Fabrice Uwimana,Support Client,Comptabilité analytique,INTERNE,33,360.90
2856,2027-11-28,2027,11,Fabrice Uwimana,Support Client,Leadership et management,EXTERNE,17,1852.07
257,2024-05-08,2024,5,Béatrice Mbuyi,Support Client,Sécurité au travail,E_LEARNING,16,327.15
358,2024-06-27,2024,6,Béatrice Mbuyi,Support Client,Négociation commerciale,EXTERNE,4,1294.74
419,2024-07-28,2024,7,Béatrice Mbuyi,Support Client,Gestion de projet agile,EXTERNE,33,2486.30
436,2024-08-05,2024,8,Béatrice Mbuyi,Support Client,Gestion de projet agile,E_LEARNING,31,163.42
736,2025-01-02,2025,1,Béatrice Mbuyi,Support Client,Excel avancé pour la finance,E_LEARNING,10,66.62
790,2025-01-29,2025,1,Béatrice Mbuyi,Support Client,Leadership et management,EXTERNE,7,654.08
852,2025-03-01,2025,3,Béatrice Mbuyi,Support Client,Négociation commerciale,EXTERNE,24,1991.44
854,2025-03-02,2025,3,Béatrice Mbuyi,Support Client,Négociation commerciale,EXTERNE,14,2288.31
980,2025-05-04,2025,5,Béatrice Mbuyi,Support Client,Négociation commerciale,E_LEARNING,23,244.30
1232,2025-09-07,2025,9,Béatrice Mbuyi,Support Client,Power BI et analyse de données,INTERNE,18,476.60
1513,2026-01-26,2026,1,Béatrice Mbuyi,Support Client,Power BI et analyse de données,EXTERNE,24,1957.92
1636,2026-03-28,2026,3,Béatrice Mbuyi,Support Client,Négociation commerciale,E_LEARNING,26,50.82
1697,2026-04-28,2026,4,Béatrice Mbuyi,Support Client,Excel avancé pour la finance,EXTERNE,27,2134.21
1728,2026-05-13,2026,5,Béatrice Mbuyi,Support Client,Power BI et analyse de données,EXTERNE,13,2140.57
1871,2026-07-24,2026,7,Béatrice Mbuyi,Support Client,Excel avancé pour la finance,INTERNE,32,516.59
1988,2026-09-20,2026,9,Béatrice Mbuyi,Support Client,Power BI et analyse de données,EXTERNE,15,2965.45
2289,2027-02-18,2027,2,Béatrice Mbuyi,Support Client,Gestion de projet agile,INTERNE,13,475.48
2487,2027-05-28,2027,5,Béatrice Mbuyi,Support Client,Sécurité au travail,EXTERNE,10,2649.06
2597,2027-07-22,2027,7,Béatrice Mbuyi,Support Client,Négociation commerciale,INTERNE,16,508.47
2685,2027-09-04,2027,9,Béatrice Mbuyi,Support Client,Leadership et management,E_LEARNING,30,341.26
77,2024-02-08,2024,2,Fabrice Kasongo,Support Client,Excel avancé pour la finance,INTERNE,21,783.06
418,2024-07-27,2024,7,Fabrice Kasongo,Support Client,Gestion de projet agile,INTERNE,28,740.96
431,2024-08-03,2024,8,Fabrice Kasongo,Support Client,Excel avancé pour la finance,E_LEARNING,12,118.76
625,2024-11-08,2024,11,Fabrice Kasongo,Support Client,Service client de qualité,INTERNE,21,268.67
808,2025-02-07,2025,2,Fabrice Kasongo,Support Client,Sécurité au travail,INTERNE,10,594.50
963,2025-04-26,2025,4,Fabrice Kasongo,Support Client,Excel avancé pour la finance,EXTERNE,16,509.89
971,2025-04-30,2025,4,Fabrice Kasongo,Support Client,Leadership et management,EXTERNE,14,622.47
1024,2025-05-26,2025,5,Fabrice Kasongo,Support Client,Négociation commerciale,INTERNE,11,422.60
1146,2025-07-26,2025,7,Fabrice Kasongo,Support Client,Excel avancé pour la finance,E_LEARNING,20,180.19
1215,2025-08-30,2025,8,Fabrice Kasongo,Support Client,Comptabilité analytique,E_LEARNING,15,189.12
1226,2025-09-04,2025,9,Fabrice Kasongo,Support Client,Power BI et analyse de données,E_LEARNING,32,316.51
1227,2025-09-05,2025,9,Fabrice Kasongo,Support Client,Négociation commerciale,EXTERNE,31,1783.98
1350,2025-11-05,2025,11,Fabrice Kasongo,Support Client,Négociation commerciale,E_LEARNING,19,242.90
1462,2025-12-31,2025,12,Fabrice Kasongo,Support Client,Comptabilité analytique,E_LEARNING,5,255.23
1471,2026-01-05,2026,1,Fabrice Kasongo,Support Client,Power BI et analyse de données,E_LEARNING,13,200.37
1522,2026-01-30,2026,1,Fabrice Kasongo,Support Client,Excel avancé pour la finance,EXTERNE,25,1097.52
1762,2026-05-30,2026,5,Fabrice Kasongo,Support Client,Négociation commerciale,EXTERNE,19,2780.11
1858,2026-07-17,2026,7,Fabrice Kasongo,Support Client,Sécurité au travail,INTERNE,14,446.15
1932,2026-08-23,2026,8,Fabrice Kasongo,Support Client,Gestion de projet agile,E_LEARNING,20,219.81
2082,2026-11-06,2026,11,Fabrice Kasongo,Support Client,Service client de qualité,INTERNE,7,697.10
2112,2026-11-21,2026,11,Fabrice Kasongo,Support Client,Excel avancé pour la finance,EXTERNE,16,2887.41
2161,2026-12-16,2026,12,Fabrice Kasongo,Support Client,Comptabilité analytique,E_LEARNING,26,176.91
2263,2027-02-05,2027,2,Fabrice Kasongo,Support Client,Excel avancé pour la finance,E_LEARNING,10,348.33
2580,2027-07-13,2027,7,Fabrice Kasongo,Support Client,Comptabilité analytique,E_LEARNING,15,193.90
38,2024-01-19,2024,1,Emmanuel Ntumba,Support Client,Power BI et analyse de données,EXTERNE,28,2935.52
86,2024-02-12,2024,2,Emmanuel Ntumba,Support Client,Leadership et management,INTERNE,12,755.62
253,2024-05-06,2024,5,Emmanuel Ntumba,Support Client,Sécurité au travail,E_LEARNING,23,316.61
480,2024-08-27,2024,8,Emmanuel Ntumba,Support Client,Sécurité au travail,EXTERNE,24,922.92
549,2024-10-01,2024,10,Emmanuel Ntumba,Support Client,Négociation commerciale,EXTERNE,27,2959.62
572,2024-10-12,2024,10,Emmanuel Ntumba,Support Client,Power BI et analyse de données,EXTERNE,28,2855.53
623,2024-11-07,2024,11,Emmanuel Ntumba,Support Client,Service client de qualité,E_LEARNING,9,100.90
664,2024-11-27,2024,11,Emmanuel Ntumba,Support Client,Comptabilité analytique,E_LEARNING,20,201.83
730,2024-12-30,2024,12,Emmanuel Ntumba,Support Client,Excel avancé pour la finance,EXTERNE,31,1672.66
767,2025-01-18,2025,1,Emmanuel Ntumba,Support Client,Sécurité au travail,EXTERNE,30,547.10
936,2025-04-12,2025,4,Emmanuel Ntumba,Support Client,Excel avancé pour la finance,EXTERNE,10,2496.81
1030,2025-05-29,2025,5,Emmanuel Ntumba,Support Client,Négociation commerciale,EXTERNE,21,633.28
1115,2025-07-11,2025,7,Emmanuel Ntumba,Support Client,Comptabilité analytique,INTERNE,22,657.97
1163,2025-08-04,2025,8,Emmanuel Ntumba,Support Client,Excel avancé pour la finance,E_LEARNING,6,86.80
1178,2025-08-11,2025,8,Emmanuel Ntumba,Support Client,Leadership et management,E_LEARNING,20,105.38
1180,2025-08-12,2025,8,Emmanuel Ntumba,Support Client,Service client de qualité,E_LEARNING,9,116.78
1547,2026-02-12,2026,2,Emmanuel Ntumba,Support Client,Service client de qualité,E_LEARNING,22,210.88
1550,2026-02-13,2026,2,Emmanuel Ntumba,Support Client,Service client de qualité,INTERNE,27,879.29
1699,2026-04-29,2026,4,Emmanuel Ntumba,Support Client,Excel avancé pour la finance,INTERNE,28,717.53
1724,2026-05-11,2026,5,Emmanuel Ntumba,Support Client,Leadership et management,INTERNE,16,398.92
1725,2026-05-12,2026,5,Emmanuel Ntumba,Support Client,Service client de qualité,INTERNE,23,432.06
1833,2026-07-05,2026,7,Emmanuel Ntumba,Support Client,Gestion de projet agile,INTERNE,9,698.86
2097,2026-11-14,2026,11,Emmanuel Ntumba,Support Client,Power BI et analyse de données,EXTERNE,13,1961.24
2331,2027-03-11,2027,3,Emmanuel Ntumba,Support Client,Gestion de projet agile,INTERNE,6,374.59
2428,2027-04-28,2027,4,Emmanuel Ntumba,Support Client,Power BI et analyse de données,E_LEARNING,27,92.41
2472,2027-05-20,2027,5,Emmanuel Ntumba,Support Client,Sécurité au travail,INTERNE,33,519.87
2654,2027-08-19,2027,8,Emmanuel Ntumba,Support Client,Sécurité au travail,E_LEARNING,23,312.67
2891,2027-12-16,2027,12,Emmanuel Ntumba,Support Client,Power BI et analyse de données,E_LEARNING,28,145.51
170,2024-03-25,2024,3,Marie Kasongo,Support Client,Comptabilité analytique,INTERNE,16,698.83
246,2024-05-02,2024,5,Marie Kasongo,Support Client,Gestion de projet agile,EXTERNE,9,2991.97
462,2024-08-18,2024,8,Marie Kasongo,Support Client,Comptabilité analytique,INTERNE,25,114.74
685,2024-12-08,2024,12,Marie Kasongo,Support Client,Gestion de projet agile,INTERNE,9,728.80
717,2024-12-24,2024,12,Marie Kasongo,Support Client,Comptabilité analytique,INTERNE,18,154.46
743,2025-01-06,2025,1,Marie Kasongo,Support Client,Excel avancé pour la finance,E_LEARNING,5,327.50
748,2025-01-08,2025,1,Marie Kasongo,Support Client,Négociation commerciale,EXTERNE,6,1739.11
890,2025-03-20,2025,3,Marie Kasongo,Support Client,Comptabilité analytique,EXTERNE,27,2039.78
1120,2025-07-13,2025,7,Marie Kasongo,Support Client,Leadership et management,E_LEARNING,18,287.92
1166,2025-08-05,2025,8,Marie Kasongo,Support Client,Service client de qualité,EXTERNE,12,2082.56
1195,2025-08-20,2025,8,Marie Kasongo,Support Client,Négociation commerciale,INTERNE,4,385.36
1382,2025-11-21,2025,11,Marie Kasongo,Support Client,Leadership et management,EXTERNE,20,909.80
1464,2026-01-01,2026,1,Marie Kasongo,Support Client,Sécurité au travail,E_LEARNING,13,185.50
1509,2026-01-24,2026,1,Marie Kasongo,Support Client,Leadership et management,EXTERNE,27,1605.60
1577,2026-02-27,2026,2,Marie Kasongo,Support Client,Gestion de projet agile,E_LEARNING,12,115.14
1607,2026-03-14,2026,3,Marie Kasongo,Support Client,Leadership et management,INTERNE,25,170.54
1693,2026-04-26,2026,4,Marie Kasongo,Support Client,Comptabilité analytique,E_LEARNING,20,170.18
1786,2026-06-11,2026,6,Marie Kasongo,Support Client,Service client de qualité,INTERNE,26,242.00
2212,2027-01-10,2027,1,Marie Kasongo,Support Client,Comptabilité analytique,EXTERNE,16,1960.70
2382,2027-04-05,2027,4,Marie Kasongo,Support Client,Leadership et management,EXTERNE,8,760.95
2620,2027-08-02,2027,8,Marie Kasongo,Support Client,Comptabilité analytique,EXTERNE,6,779.86
2691,2027-09-07,2027,9,Marie Kasongo,Support Client,Excel avancé pour la finance,E_LEARNING,5,315.13
2789,2027-10-26,2027,10,Marie Kasongo,Support Client,Comptabilité analytique,E_LEARNING,22,280.12
98,2024-02-18,2024,2,Laetitia Kabila,Support Client,Sécurité au travail,E_LEARNING,19,123.98
186,2024-04-02,2024,4,Laetitia Kabila,Support Client,Excel avancé pour la finance,INTERNE,7,451.89
460,2024-08-17,2024,8,Laetitia Kabila,Support Client,Sécurité au travail,E_LEARNING,24,55.48
559,2024-10-06,2024,10,Laetitia Kabila,Support Client,Leadership et management,INTERNE,24,808.22
597,2024-10-25,2024,10,Laetitia Kabila,Support Client,Gestion de projet agile,EXTERNE,7,2373.71
695,2024-12-13,2024,12,Laetitia Kabila,Support Client,Comptabilité analytique,INTERNE,22,577.05
891,2025-03-21,2025,3,Laetitia Kabila,Support Client,Power BI et analyse de données,E_LEARNING,16,104.27
1196,2025-08-20,2025,8,Laetitia Kabila,Support Client,Leadership et management,EXTERNE,15,1749.57
1205,2025-08-25,2025,8,Laetitia Kabila,Support Client,Négociation commerciale,E_LEARNING,15,140.20
1240,2025-09-11,2025,9,Laetitia Kabila,Support Client,Leadership et management,E_LEARNING,6,292.11
1594,2026-03-07,2026,3,Laetitia Kabila,Support Client,Sécurité au travail,E_LEARNING,4,297.52
1620,2026-03-20,2026,3,Laetitia Kabila,Support Client,Power BI et analyse de données,E_LEARNING,27,281.23
1708,2026-05-03,2026,5,Laetitia Kabila,Support Client,Comptabilité analytique,EXTERNE,21,1126.83
1983,2026-09-18,2026,9,Laetitia Kabila,Support Client,Service client de qualité,INTERNE,26,125.37
1995,2026-09-24,2026,9,Laetitia Kabila,Support Client,Excel avancé pour la finance,E_LEARNING,22,76.43
2249,2027-01-29,2027,1,Laetitia Kabila,Support Client,Power BI et analyse de données,EXTERNE,8,2331.61
2282,2027-02-14,2027,2,Laetitia Kabila,Support Client,Sécurité au travail,EXTERNE,17,674.15
2353,2027-03-22,2027,3,Laetitia Kabila,Support Client,Sécurité au travail,E_LEARNING,12,346.61
2433,2027-05-01,2027,5,Laetitia Kabila,Support Client,Sécurité au travail,INTERNE,28,695.99
2444,2027-05-06,2027,5,Laetitia Kabila,Support Client,Comptabilité analytique,INTERNE,12,237.51
2504,2027-06-05,2027,6,Laetitia Kabila,Support Client,Gestion de projet agile,INTERNE,33,771.68
2641,2027-08-13,2027,8,Laetitia Kabila,Support Client,Gestion de projet agile,EXTERNE,25,1849.84
2653,2027-08-19,2027,8,Laetitia Kabila,Support Client,Power BI et analyse de données,E_LEARNING,30,186.42
2719,2027-09-21,2027,9,Laetitia Kabila,Support Client,Power BI et analyse de données,INTERNE,14,743.40
79,2024-02-09,2024,2,Dieudonné Mukendi,Support Client,Comptabilité analytique,E_LEARNING,5,347.10
109,2024-02-24,2024,2,Dieudonné Mukendi,Support Client,Sécurité au travail,E_LEARNING,22,272.98
114,2024-02-26,2024,2,Dieudonné Mukendi,Support Client,Sécurité au travail,EXTERNE,23,549.28
214,2024-04-16,2024,4,Dieudonné Mukendi,Support Client,Gestion de projet agile,E_LEARNING,16,130.18
296,2024-05-27,2024,5,Dieudonné Mukendi,Support Client,Sécurité au travail,E_LEARNING,17,301.82
334,2024-06-15,2024,6,Dieudonné Mukendi,Support Client,Power BI et analyse de données,EXTERNE,29,1012.92
633,2024-11-12,2024,11,Dieudonné Mukendi,Support Client,Service client de qualité,INTERNE,29,352.34
636,2024-11-13,2024,11,Dieudonné Mukendi,Support Client,Gestion de projet agile,INTERNE,5,263.85
691,2024-12-11,2024,12,Dieudonné Mukendi,Support Client,Sécurité au travail,INTERNE,19,228.31
1392,2025-11-26,2025,11,Dieudonné Mukendi,Support Client,Comptabilité analytique,INTERNE,30,138.53
1469,2026-01-04,2026,1,Dieudonné Mukendi,Support Client,Power BI et analyse de données,INTERNE,15,122.97
1491,2026-01-15,2026,1,Dieudonné Mukendi,Support Client,Service client de qualité,INTERNE,24,584.93
1606,2026-03-13,2026,3,Dieudonné Mukendi,Support Client,Sécurité au travail,E_LEARNING,20,189.66
1611,2026-03-16,2026,3,Dieudonné Mukendi,Support Client,Service client de qualité,INTERNE,28,319.01
1878,2026-07-27,2026,7,Dieudonné Mukendi,Support Client,Sécurité au travail,INTERNE,10,818.06
1918,2026-08-16,2026,8,Dieudonné Mukendi,Support Client,Power BI et analyse de données,INTERNE,14,823.79
1931,2026-08-23,2026,8,Dieudonné Mukendi,Support Client,Gestion de projet agile,INTERNE,30,453.60
1967,2026-09-10,2026,9,Dieudonné Mukendi,Support Client,Service client de qualité,E_LEARNING,31,303.95
1984,2026-09-18,2026,9,Dieudonné Mukendi,Support Client,Service client de qualité,E_LEARNING,24,262.85
2046,2026-10-19,2026,10,Dieudonné Mukendi,Support Client,Sécurité au travail,INTERNE,22,591.74
2055,2026-10-24,2026,10,Dieudonné Mukendi,Support Client,Comptabilité analytique,EXTERNE,20,941.01
2218,2027-01-13,2027,1,Dieudonné Mukendi,Support Client,Sécurité au travail,EXTERNE,31,1152.41
2257,2027-02-02,2027,2,Dieudonné Mukendi,Support Client,Excel avancé pour la finance,E_LEARNING,16,296.38
2325,2027-03-08,2027,3,Dieudonné Mukendi,Support Client,Comptabilité analytique,EXTERNE,20,1205.61
2402,2027-04-15,2027,4,Dieudonné Mukendi,Support Client,Leadership et management,INTERNE,4,483.56
2551,2027-06-29,2027,6,Dieudonné Mukendi,Support Client,Power BI et analyse de données,INTERNE,25,744.48
2720,2027-09-21,2027,9,Dieudonné Mukendi,Support Client,Négociation commerciale,EXTERNE,19,2421.92
2790,2027-10-26,2027,10,Dieudonné Mukendi,Support Client,Service client de qualité,EXTERNE,10,1772.43
2861,2027-12-01,2027,12,Dieudonné Mukendi,Support Client,Sécurité au travail,E_LEARNING,25,107.39
16,2024-01-08,2024,1,Esther Lukusa,Support Client,Sécurité au travail,INTERNE,14,409.66
24,2024-01-12,2024,1,Esther Lukusa,Support Client,Power BI et analyse de données,EXTERNE,10,1049.66
178,2024-03-29,2024,3,Esther Lukusa,Support Client,Excel avancé pour la finance,EXTERNE,11,2936.81
236,2024-04-27,2024,4,Esther Lukusa,Support Client,Leadership et management,EXTERNE,25,2820.78
307,2024-06-02,2024,6,Esther Lukusa,Support Client,Leadership et management,EXTERNE,29,1876.23
326,2024-06-11,2024,6,Esther Lukusa,Support Client,Négociation commerciale,INTERNE,12,480.62
382,2024-07-09,2024,7,Esther Lukusa,Support Client,Sécurité au travail,INTERNE,31,394.04
604,2024-10-28,2024,10,Esther Lukusa,Support Client,Négociation commerciale,EXTERNE,27,1195.91
705,2024-12-18,2024,12,Esther Lukusa,Support Client,Service client de qualité,INTERNE,23,478.74
780,2025-01-24,2025,1,Esther Lukusa,Support Client,Négociation commerciale,EXTERNE,23,1597.98
803,2025-02-05,2025,2,Esther Lukusa,Support Client,Service client de qualité,INTERNE,18,717.10
877,2025-03-14,2025,3,Esther Lukusa,Support Client,Gestion de projet agile,E_LEARNING,7,258.68
1070,2025-06-18,2025,6,Esther Lukusa,Support Client,Service client de qualité,E_LEARNING,31,297.27
1210,2025-08-27,2025,8,Esther Lukusa,Support Client,Comptabilité analytique,E_LEARNING,4,269.99
1408,2025-12-04,2025,12,Esther Lukusa,Support Client,Comptabilité analytique,EXTERNE,8,1052.90
1446,2025-12-23,2025,12,Esther Lukusa,Support Client,Gestion de projet agile,E_LEARNING,7,224.05
1452,2025-12-26,2025,12,Esther Lukusa,Support Client,Négociation commerciale,EXTERNE,8,2552.98
1613,2026-03-17,2026,3,Esther Lukusa,Support Client,Excel avancé pour la finance,EXTERNE,8,1920.68
1685,2026-04-22,2026,4,Esther Lukusa,Support Client,Power BI et analyse de données,EXTERNE,26,2404.77
1763,2026-05-31,2026,5,Esther Lukusa,Support Client,Gestion de projet agile,INTERNE,28,253.99
1803,2026-06-20,2026,6,Esther Lukusa,Support Client,Power BI et analyse de données,EXTERNE,5,1757.17
1841,2026-07-09,2026,7,Esther Lukusa,Support Client,Gestion de projet agile,INTERNE,16,205.19
1951,2026-09-02,2026,9,Esther Lukusa,Support Client,Excel avancé pour la finance,EXTERNE,31,1963.93
2119,2026-11-25,2026,11,Esther Lukusa,Support Client,Service client de qualité,E_LEARNING,12,223.15
2173,2026-12-22,2026,12,Esther Lukusa,Support Client,Service client de qualité,EXTERNE,7,779.89
2186,2026-12-28,2026,12,Esther Lukusa,Support Client,Service client de qualité,EXTERNE,5,2321.31
2260,2027-02-03,2027,2,Esther Lukusa,Support Client,Sécurité au travail,EXTERNE,25,1256.54
2362,2027-03-26,2027,3,Esther Lukusa,Support Client,Sécurité au travail,INTERNE,9,638.47
2613,2027-07-30,2027,7,Esther Lukusa,Support Client,Leadership et management,E_LEARNING,17,256.74
2618,2027-08-01,2027,8,Esther Lukusa,Support Client,Service client de qualité,EXTERNE,11,2132.02
2643,2027-08-14,2027,8,Esther Lukusa,Support Client,Comptabilité analytique,E_LEARNING,31,73.22
2737,2027-09-30,2027,9,Esther Lukusa,Support Client,Excel avancé pour la finance,E_LEARNING,15,235.97
2742,2027-10-02,2027,10,Esther Lukusa,Support Client,Service client de qualité,INTERNE,31,782.54
2750,2027-10-06,2027,10,Esther Lukusa,Support Client,Service client de qualité,E_LEARNING,4,91.06
2766,2027-10-14,2027,10,Esther Lukusa,Support Client,Service client de qualité,INTERNE,25,720.33
2908,2027-12-24,2027,12,Esther Lukusa,Support Client,Comptabilité analytique,E_LEARNING,11,297.58
2912,2027-12-26,2027,12,Esther Lukusa,Support Client,Power BI et analyse de données,INTERNE,11,419.38
6,2024-01-03,2024,1,Emmanuel Kalala,Recherche & Développement,Leadership et management,E_LEARNING,19,326.93
189,2024-04-04,2024,4,Emmanuel Kalala,Recherche & Développement,Power BI et analyse de données,E_LEARNING,31,230.13
277,2024-05-18,2024,5,Emmanuel Kalala,Recherche & Développement,Négociation commerciale,EXTERNE,23,1893.45
303,2024-05-31,2024,5,Emmanuel Kalala,Recherche & Développement,Excel avancé pour la finance,EXTERNE,9,2046.64
310,2024-06-03,2024,6,Emmanuel Kalala,Recherche & Développement,Comptabilité analytique,EXTERNE,11,2604.66
453,2024-08-14,2024,8,Emmanuel Kalala,Recherche & Développement,Négociation commerciale,E_LEARNING,17,119.94
466,2024-08-20,2024,8,Emmanuel Kalala,Recherche & Développement,Négociation commerciale,EXTERNE,19,2391.07
982,2025-05-05,2025,5,Emmanuel Kalala,Recherche & Développement,Négociation commerciale,INTERNE,31,769.12
992,2025-05-10,2025,5,Emmanuel Kalala,Recherche & Développement,Comptabilité analytique,INTERNE,11,675.46
1360,2025-11-10,2025,11,Emmanuel Kalala,Recherche & Développement,Négociation commerciale,EXTERNE,5,996.06
1399,2025-11-30,2025,11,Emmanuel Kalala,Recherche & Développement,Comptabilité analytique,E_LEARNING,15,260.66
1553,2026-02-15,2026,2,Emmanuel Kalala,Recherche & Développement,Power BI et analyse de données,INTERNE,15,206.05
1566,2026-02-21,2026,2,Emmanuel Kalala,Recherche & Développement,Comptabilité analytique,E_LEARNING,27,169.02
1573,2026-02-25,2026,2,Emmanuel Kalala,Recherche & Développement,Sécurité au travail,E_LEARNING,10,338.32
1946,2026-08-30,2026,8,Emmanuel Kalala,Recherche & Développement,Comptabilité analytique,INTERNE,20,241.29
2120,2026-11-25,2026,11,Emmanuel Kalala,Recherche & Développement,Comptabilité analytique,EXTERNE,14,1090.53
2549,2027-06-28,2027,6,Emmanuel Kalala,Recherche & Développement,Gestion de projet agile,E_LEARNING,13,231.40
2574,2027-07-10,2027,7,Emmanuel Kalala,Recherche & Développement,Gestion de projet agile,EXTERNE,29,792.36
2628,2027-08-06,2027,8,Emmanuel Kalala,Recherche & Développement,Excel avancé pour la finance,INTERNE,21,644.90
2820,2027-11-10,2027,11,Emmanuel Kalala,Recherche & Développement,Excel avancé pour la finance,INTERNE,18,334.58
2873,2027-12-07,2027,12,Emmanuel Kalala,Recherche & Développement,Excel avancé pour la finance,INTERNE,9,688.82
96,2024-02-17,2024,2,Marie Mbuyi,Recherche & Développement,Leadership et management,INTERNE,20,267.71
281,2024-05-20,2024,5,Marie Mbuyi,Recherche & Développement,Comptabilité analytique,EXTERNE,33,2030.47
555,2024-10-04,2024,10,Marie Mbuyi,Recherche & Développement,Service client de qualité,E_LEARNING,30,294.42
714,2024-12-22,2024,12,Marie Mbuyi,Recherche & Développement,Leadership et management,E_LEARNING,16,185.35
727,2024-12-29,2024,12,Marie Mbuyi,Recherche & Développement,Service client de qualité,INTERNE,19,733.25
788,2025-01-28,2025,1,Marie Mbuyi,Recherche & Développement,Négociation commerciale,EXTERNE,15,743.66
793,2025-01-31,2025,1,Marie Mbuyi,Recherche & Développement,Sécurité au travail,EXTERNE,21,1866.75
824,2025-02-15,2025,2,Marie Mbuyi,Recherche & Développement,Comptabilité analytique,EXTERNE,4,2465.89
831,2025-02-19,2025,2,Marie Mbuyi,Recherche & Développement,Gestion de projet agile,EXTERNE,5,1209.04
878,2025-03-14,2025,3,Marie Mbuyi,Recherche & Développement,Sécurité au travail,EXTERNE,10,2396.32
1012,2025-05-20,2025,5,Marie Mbuyi,Recherche & Développement,Excel avancé pour la finance,E_LEARNING,30,103.07
1019,2025-05-24,2025,5,Marie Mbuyi,Recherche & Développement,Sécurité au travail,INTERNE,31,200.30
1127,2025-07-17,2025,7,Marie Mbuyi,Recherche & Développement,Excel avancé pour la finance,INTERNE,22,784.11
1251,2025-09-17,2025,9,Marie Mbuyi,Recherche & Développement,Gestion de projet agile,EXTERNE,23,1134.41
1406,2025-12-03,2025,12,Marie Mbuyi,Recherche & Développement,Négociation commerciale,EXTERNE,21,1045.01
1451,2025-12-26,2025,12,Marie Mbuyi,Recherche & Développement,Sécurité au travail,E_LEARNING,18,78.31
1584,2026-03-02,2026,3,Marie Mbuyi,Recherche & Développement,Gestion de projet agile,E_LEARNING,6,146.72
1719,2026-05-09,2026,5,Marie Mbuyi,Recherche & Développement,Excel avancé pour la finance,EXTERNE,6,1339.41
1749,2026-05-24,2026,5,Marie Mbuyi,Recherche & Développement,Sécurité au travail,INTERNE,24,234.00
1770,2026-06-03,2026,6,Marie Mbuyi,Recherche & Développement,Sécurité au travail,E_LEARNING,9,170.69
1797,2026-06-17,2026,6,Marie Mbuyi,Recherche & Développement,Sécurité au travail,INTERNE,31,398.34
1869,2026-07-23,2026,7,Marie Mbuyi,Recherche & Développement,Leadership et management,INTERNE,30,619.67
2079,2026-11-05,2026,11,Marie Mbuyi,Recherche & Développement,Gestion de projet agile,E_LEARNING,21,289.17
2193,2027-01-01,2027,1,Marie Mbuyi,Recherche & Développement,Power BI et analyse de données,INTERNE,7,719.04
2392,2027-04-10,2027,4,Marie Mbuyi,Recherche & Développement,Excel avancé pour la finance,EXTERNE,8,1546.12
2525,2027-06-16,2027,6,Marie Mbuyi,Recherche & Développement,Sécurité au travail,EXTERNE,24,680.48
2557,2027-07-02,2027,7,Marie Mbuyi,Recherche & Développement,Leadership et management,E_LEARNING,18,277.29
2572,2027-07-09,2027,7,Marie Mbuyi,Recherche & Développement,Sécurité au travail,E_LEARNING,9,169.81
2736,2027-09-29,2027,9,Marie Mbuyi,Recherche & Développement,Excel avancé pour la finance,INTERNE,18,332.61
2825,2027-11-13,2027,11,Marie Mbuyi,Recherche & Développement,Excel avancé pour la finance,E_LEARNING,24,106.89
2901,2027-12-21,2027,12,Marie Mbuyi,Recherche & Développement,Gestion de projet agile,EXTERNE,20,2561.18
90,2024-02-14,2024,2,Béatrice Muhindo,Recherche & Développement,Comptabilité analytique,EXTERNE,16,2139.14
123,2024-03-02,2024,3,Béatrice Muhindo,Recherche & Développement,Comptabilité analytique,EXTERNE,25,2981.69
354,2024-06-25,2024,6,Béatrice Muhindo,Recherche & Développement,Gestion de projet agile,INTERNE,30,450.70
365,2024-07-01,2024,7,Béatrice Muhindo,Recherche & Développement,Négociation commerciale,E_LEARNING,19,251.55
496,2024-09-04,2024,9,Béatrice Muhindo,Recherche & Développement,Sécurité au travail,EXTERNE,32,1184.72
514,2024-09-13,2024,9,Béatrice Muhindo,Recherche & Développement,Gestion de projet agile,EXTERNE,8,1949.50
584,2024-10-18,2024,10,Béatrice Muhindo,Recherche & Développement,Leadership et management,INTERNE,17,589.29
603,2024-10-28,2024,10,Béatrice Muhindo,Recherche & Développement,Power BI et analyse de données,INTERNE,32,713.34
612,2024-11-01,2024,11,Béatrice Muhindo,Recherche & Développement,Gestion de projet agile,EXTERNE,26,2329.10
815,2025-02-11,2025,2,Béatrice Muhindo,Recherche & Développement,Service client de qualité,E_LEARNING,6,293.14
1025,2025-05-27,2025,5,Béatrice Muhindo,Recherche & Développement,Leadership et management,INTERNE,17,592.52
1207,2025-08-26,2025,8,Béatrice Muhindo,Recherche & Développement,Leadership et management,EXTERNE,27,1077.29
1305,2025-10-14,2025,10,Béatrice Muhindo,Recherche & Développement,Leadership et management,INTERNE,5,749.22
1322,2025-10-22,2025,10,Béatrice Muhindo,Recherche & Développement,Power BI et analyse de données,INTERNE,19,621.63
1572,2026-02-24,2026,2,Béatrice Muhindo,Recherche & Développement,Sécurité au travail,EXTERNE,33,2527.73
1578,2026-02-27,2026,2,Béatrice Muhindo,Recherche & Développement,Négociation commerciale,E_LEARNING,23,139.34
1807,2026-06-22,2026,6,Béatrice Muhindo,Recherche & Développement,Power BI et analyse de données,E_LEARNING,5,161.99
1955,2026-09-04,2026,9,Béatrice Muhindo,Recherche & Développement,Excel avancé pour la finance,E_LEARNING,29,88.50
1993,2026-09-23,2026,9,Béatrice Muhindo,Recherche & Développement,Gestion de projet agile,EXTERNE,27,2923.28
2052,2026-10-22,2026,10,Béatrice Muhindo,Recherche & Développement,Négociation commerciale,E_LEARNING,27,104.88
2063,2026-10-28,2026,10,Béatrice Muhindo,Recherche & Développement,Négociation commerciale,E_LEARNING,30,223.64
2169,2026-12-20,2026,12,Béatrice Muhindo,Recherche & Développement,Leadership et management,INTERNE,25,264.98
2311,2027-03-01,2027,3,Béatrice Muhindo,Recherche & Développement,Excel avancé pour la finance,EXTERNE,6,1081.90
2380,2027-04-04,2027,4,Béatrice Muhindo,Recherche & Développement,Excel avancé pour la finance,E_LEARNING,5,60.93
2424,2027-04-26,2027,4,Béatrice Muhindo,Recherche & Développement,Comptabilité analytique,E_LEARNING,13,69.61
2611,2027-07-29,2027,7,Béatrice Muhindo,Recherche & Développement,Leadership et management,INTERNE,15,296.51
2810,2027-11-05,2027,11,Béatrice Muhindo,Recherche & Développement,Excel avancé pour la finance,EXTERNE,6,1222.07
2865,2027-12-03,2027,12,Béatrice Muhindo,Recherche & Développement,Leadership et management,EXTERNE,7,2931.76
372,2024-07-04,2024,7,Chantal Banza,Recherche & Développement,Power BI et analyse de données,INTERNE,27,126.41
477,2024-08-26,2024,8,Chantal Banza,Recherche & Développement,Power BI et analyse de données,INTERNE,4,897.04
483,2024-08-29,2024,8,Chantal Banza,Recherche & Développement,Service client de qualité,E_LEARNING,20,74.74
511,2024-09-12,2024,9,Chantal Banza,Recherche & Développement,Service client de qualité,E_LEARNING,10,137.94
640,2024-11-15,2024,11,Chantal Banza,Recherche & Développement,Service client de qualité,INTERNE,6,577.84
683,2024-12-07,2024,12,Chantal Banza,Recherche & Développement,Excel avancé pour la finance,INTERNE,19,492.02
686,2024-12-08,2024,12,Chantal Banza,Recherche & Développement,Gestion de projet agile,INTERNE,10,241.57
914,2025-04-01,2025,4,Chantal Banza,Recherche & Développement,Gestion de projet agile,INTERNE,9,667.05
1123,2025-07-15,2025,7,Chantal Banza,Recherche & Développement,Comptabilité analytique,E_LEARNING,14,115.89
1255,2025-09-19,2025,9,Chantal Banza,Recherche & Développement,Leadership et management,INTERNE,29,675.70
1423,2025-12-12,2025,12,Chantal Banza,Recherche & Développement,Leadership et management,INTERNE,13,836.75
1436,2025-12-18,2025,12,Chantal Banza,Recherche & Développement,Négociation commerciale,INTERNE,6,622.75
1448,2025-12-24,2025,12,Chantal Banza,Recherche & Développement,Leadership et management,INTERNE,25,138.10
2154,2026-12-12,2026,12,Chantal Banza,Recherche & Développement,Power BI et analyse de données,E_LEARNING,4,64.76
2408,2027-04-18,2027,4,Chantal Banza,Recherche & Développement,Excel avancé pour la finance,INTERNE,8,671.98
2621,2027-08-03,2027,8,Chantal Banza,Recherche & Développement,Gestion de projet agile,EXTERNE,20,1882.03
2721,2027-09-22,2027,9,Chantal Banza,Recherche & Développement,Négociation commerciale,EXTERNE,17,1750.95
45,2024-01-23,2024,1,Anne Mukendi,Recherche & Développement,Comptabilité analytique,EXTERNE,6,2640.00
173,2024-03-27,2024,3,Anne Mukendi,Recherche & Développement,Leadership et management,INTERNE,31,848.08
217,2024-04-18,2024,4,Anne Mukendi,Recherche & Développement,Power BI et analyse de données,INTERNE,25,573.29
258,2024-05-08,2024,5,Anne Mukendi,Recherche & Développement,Gestion de projet agile,INTERNE,33,730.88
342,2024-06-19,2024,6,Anne Mukendi,Recherche & Développement,Négociation commerciale,EXTERNE,22,1361.91
443,2024-08-09,2024,8,Anne Mukendi,Recherche & Développement,Service client de qualité,EXTERNE,4,1802.07
535,2024-09-24,2024,9,Anne Mukendi,Recherche & Développement,Service client de qualité,INTERNE,19,700.61
560,2024-10-06,2024,10,Anne Mukendi,Recherche & Développement,Leadership et management,INTERNE,14,104.37
728,2024-12-29,2024,12,Anne Mukendi,Recherche & Développement,Service client de qualité,EXTERNE,13,2424.79
773,2025-01-21,2025,1,Anne Mukendi,Recherche & Développement,Négociation commerciale,INTERNE,6,550.28
1201,2025-08-23,2025,8,Anne Mukendi,Recherche & Développement,Leadership et management,EXTERNE,24,2332.54
1829,2026-07-03,2026,7,Anne Mukendi,Recherche & Développement,Power BI et analyse de données,INTERNE,12,512.94
1882,2026-07-29,2026,7,Anne Mukendi,Recherche & Développement,Service client de qualité,INTERNE,20,108.50
2033,2026-10-13,2026,10,Anne Mukendi,Recherche & Développement,Leadership et management,E_LEARNING,11,257.00
2071,2026-11-01,2026,11,Anne Mukendi,Recherche & Développement,Négociation commerciale,EXTERNE,33,2886.51
2238,2027-01-23,2027,1,Anne Mukendi,Recherche & Développement,Excel avancé pour la finance,E_LEARNING,27,277.03
2275,2027-02-11,2027,2,Anne Mukendi,Recherche & Développement,Excel avancé pour la finance,INTERNE,24,175.65
2615,2027-07-31,2027,7,Anne Mukendi,Recherche & Développement,Power BI et analyse de données,E_LEARNING,26,246.53
2888,2027-12-14,2027,12,Anne Mukendi,Recherche & Développement,Gestion de projet agile,E_LEARNING,18,167.05
23,2024-01-12,2024,1,Sarah Lukusa,Recherche & Développement,Gestion de projet agile,E_LEARNING,14,291.85
350,2024-06-23,2024,6,Sarah Lukusa,Recherche & Développement,Power BI et analyse de données,E_LEARNING,6,167.19
804,2025-02-05,2025,2,Sarah Lukusa,Recherche & Développement,Leadership et management,E_LEARNING,27,182.96
885,2025-03-18,2025,3,Sarah Lukusa,Recherche & Développement,Excel avancé pour la finance,EXTERNE,8,1467.43
978,2025-05-03,2025,5,Sarah Lukusa,Recherche & Développement,Power BI et analyse de données,INTERNE,19,707.66
1112,2025-07-09,2025,7,Sarah Lukusa,Recherche & Développement,Comptabilité analytique,EXTERNE,5,2845.30
1165,2025-08-05,2025,8,Sarah Lukusa,Recherche & Développement,Comptabilité analytique,INTERNE,25,873.44
1511,2026-01-25,2026,1,Sarah Lukusa,Recherche & Développement,Service client de qualité,E_LEARNING,18,267.16
1515,2026-01-27,2026,1,Sarah Lukusa,Recherche & Développement,Sécurité au travail,E_LEARNING,19,117.09
1633,2026-03-27,2026,3,Sarah Lukusa,Recherche & Développement,Sécurité au travail,EXTERNE,14,1933.85
1684,2026-04-21,2026,4,Sarah Lukusa,Recherche & Développement,Sécurité au travail,EXTERNE,17,667.01
1792,2026-06-14,2026,6,Sarah Lukusa,Recherche & Développement,Sécurité au travail,E_LEARNING,29,348.79
2015,2026-10-04,2026,10,Sarah Lukusa,Recherche & Développement,Sécurité au travail,INTERNE,12,120.07
2235,2027-01-22,2027,1,Sarah Lukusa,Recherche & Développement,Service client de qualité,EXTERNE,27,1039.55
2494,2027-05-31,2027,5,Sarah Lukusa,Recherche & Développement,Négociation commerciale,EXTERNE,22,1525.31
2503,2027-06-05,2027,6,Sarah Lukusa,Recherche & Développement,Power BI et analyse de données,E_LEARNING,23,86.96
2514,2027-06-10,2027,6,Sarah Lukusa,Recherche & Développement,Comptabilité analytique,EXTERNE,25,1093.85
2586,2027-07-16,2027,7,Sarah Lukusa,Recherche & Développement,Leadership et management,EXTERNE,12,518.42
2593,2027-07-20,2027,7,Sarah Lukusa,Recherche & Développement,Excel avancé pour la finance,EXTERNE,19,1269.30
2657,2027-08-21,2027,8,Sarah Lukusa,Recherche & Développement,Service client de qualité,E_LEARNING,14,121.70
2765,2027-10-14,2027,10,Sarah Lukusa,Recherche & Développement,Service client de qualité,INTERNE,20,838.20
2906,2027-12-23,2027,12,Sarah Lukusa,Recherche & Développement,Sécurité au travail,INTERNE,22,785.17
25,2024-01-13,2024,1,Alain Mpoyi,Recherche & Développement,Service client de qualité,EXTERNE,21,1488.96
272,2024-05-15,2024,5,Alain Mpoyi,Recherche & Développement,Sécurité au travail,INTERNE,31,247.75
290,2024-05-24,2024,5,Alain Mpoyi,Recherche & Développement,Service client de qualité,INTERNE,18,575.91
445,2024-08-10,2024,8,Alain Mpoyi,Recherche & Développement,Négociation commerciale,E_LEARNING,33,126.22
520,2024-09-16,2024,9,Alain Mpoyi,Recherche & Développement,Power BI et analyse de données,INTERNE,18,620.95
697,2024-12-14,2024,12,Alain Mpoyi,Recherche & Développement,Leadership et management,E_LEARNING,32,75.18
812,2025-02-09,2025,2,Alain Mpoyi,Recherche & Développement,Négociation commerciale,INTERNE,21,186.90
823,2025-02-15,2025,2,Alain Mpoyi,Recherche & Développement,Leadership et management,EXTERNE,23,2026.55
1128,2025-07-17,2025,7,Alain Mpoyi,Recherche & Développement,Excel avancé pour la finance,EXTERNE,9,1868.83
1277,2025-09-30,2025,9,Alain Mpoyi,Recherche & Développement,Négociation commerciale,EXTERNE,25,2419.98
1668,2026-04-13,2026,4,Alain Mpoyi,Recherche & Développement,Sécurité au travail,EXTERNE,25,980.46
1755,2026-05-27,2026,5,Alain Mpoyi,Recherche & Développement,Gestion de projet agile,EXTERNE,26,2263.68
2172,2026-12-21,2026,12,Alain Mpoyi,Recherche & Développement,Comptabilité analytique,EXTERNE,26,1634.62
2207,2027-01-08,2027,1,Alain Mpoyi,Recherche & Développement,Power BI et analyse de données,E_LEARNING,24,147.69
2425,2027-04-27,2027,4,Alain Mpoyi,Recherche & Développement,Négociation commerciale,E_LEARNING,4,184.77
2442,2027-05-05,2027,5,Alain Mpoyi,Recherche & Développement,Gestion de projet agile,E_LEARNING,10,333.20
2715,2027-09-19,2027,9,Alain Mpoyi,Recherche & Développement,Comptabilité analytique,INTERNE,4,670.68
2782,2027-10-22,2027,10,Alain Mpoyi,Recherche & Développement,Service client de qualité,EXTERNE,7,2655.46
2878,2027-12-09,2027,12,Alain Mpoyi,Recherche & Développement,Négociation commerciale,INTERNE,5,397.74
2914,2027-12-27,2027,12,Alain Mpoyi,Recherche & Développement,Négociation commerciale,EXTERNE,29,1581.65
10,2024-01-05,2024,1,Grace Lukusa,Recherche & Développement,Power BI et analyse de données,E_LEARNING,24,243.72
21,2024-01-11,2024,1,Grace Lukusa,Recherche & Développement,Leadership et management,INTERNE,32,292.17
64,2024-02-01,2024,2,Grace Lukusa,Recherche & Développement,Négociation commerciale,EXTERNE,26,526.55
127,2024-03-04,2024,3,Grace Lukusa,Recherche & Développement,Comptabilité analytique,INTERNE,29,806.58
149,2024-03-15,2024,3,Grace Lukusa,Recherche & Développement,Leadership et management,E_LEARNING,5,299.70
328,2024-06-12,2024,6,Grace Lukusa,Recherche & Développement,Sécurité au travail,EXTERNE,17,2404.36
515,2024-09-14,2024,9,Grace Lukusa,Recherche & Développement,Sécurité au travail,INTERNE,31,446.28
523,2024-09-18,2024,9,Grace Lukusa,Recherche & Développement,Gestion de projet agile,INTERNE,32,576.40
593,2024-10-23,2024,10,Grace Lukusa,Recherche & Développement,Leadership et management,INTERNE,22,566.04
602,2024-10-27,2024,10,Grace Lukusa,Recherche & Développement,Sécurité au travail,E_LEARNING,21,169.22
1130,2025-07-18,2025,7,Grace Lukusa,Recherche & Développement,Négociation commerciale,EXTERNE,29,1545.48
1262,2025-09-22,2025,9,Grace Lukusa,Recherche & Développement,Excel avancé pour la finance,EXTERNE,9,1807.84
1416,2025-12-08,2025,12,Grace Lukusa,Recherche & Développement,Sécurité au travail,INTERNE,26,527.42
1582,2026-03-01,2026,3,Grace Lukusa,Recherche & Développement,Leadership et management,EXTERNE,15,1393.13
1615,2026-03-18,2026,3,Grace Lukusa,Recherche & Développement,Service client de qualité,E_LEARNING,17,221.34
1623,2026-03-22,2026,3,Grace Lukusa,Recherche & Développement,Gestion de projet agile,E_LEARNING,8,262.93
1825,2026-07-01,2026,7,Grace Lukusa,Recherche & Développement,Négociation commerciale,EXTERNE,14,515.01
1863,2026-07-20,2026,7,Grace Lukusa,Recherche & Développement,Gestion de projet agile,EXTERNE,11,993.43
1892,2026-08-03,2026,8,Grace Lukusa,Recherche & Développement,Négociation commerciale,EXTERNE,22,1297.14
2104,2026-11-17,2026,11,Grace Lukusa,Recherche & Développement,Gestion de projet agile,E_LEARNING,5,115.22
2239,2027-01-24,2027,1,Grace Lukusa,Recherche & Développement,Gestion de projet agile,E_LEARNING,5,96.54
2255,2027-02-01,2027,2,Grace Lukusa,Recherche & Développement,Comptabilité analytique,INTERNE,11,870.24
2286,2027-02-16,2027,2,Grace Lukusa,Recherche & Développement,Leadership et management,E_LEARNING,14,107.58
2342,2027-03-16,2027,3,Grace Lukusa,Recherche & Développement,Leadership et management,INTERNE,8,191.01
2360,2027-03-25,2027,3,Grace Lukusa,Recherche & Développement,Gestion de projet agile,E_LEARNING,5,111.66
2517,2027-06-12,2027,6,Grace Lukusa,Recherche & Développement,Excel avancé pour la finance,EXTERNE,13,1625.27
2650,2027-08-17,2027,8,Grace Lukusa,Recherche & Développement,Sécurité au travail,EXTERNE,13,1528.55
2846,2027-11-23,2027,11,Grace Lukusa,Recherche & Développement,Gestion de projet agile,EXTERNE,30,929.97
13,2024-01-07,2024,1,Dieudonné Tshibanda,Recherche & Développement,Gestion de projet agile,INTERNE,26,558.96
133,2024-03-07,2024,3,Dieudonné Tshibanda,Recherche & Développement,Service client de qualité,EXTERNE,17,1938.40
156,2024-03-18,2024,3,Dieudonné Tshibanda,Recherche & Développement,Power BI et analyse de données,E_LEARNING,12,153.43
225,2024-04-22,2024,4,Dieudonné Tshibanda,Recherche & Développement,Négociation commerciale,E_LEARNING,6,206.81
316,2024-06-06,2024,6,Dieudonné Tshibanda,Recherche & Développement,Service client de qualité,INTERNE,30,565.04
327,2024-06-12,2024,6,Dieudonné Tshibanda,Recherche & Développement,Power BI et analyse de données,EXTERNE,15,2761.65
490,2024-09-01,2024,9,Dieudonné Tshibanda,Recherche & Développement,Gestion de projet agile,E_LEARNING,31,206.47
579,2024-10-16,2024,10,Dieudonné Tshibanda,Recherche & Développement,Comptabilité analytique,E_LEARNING,14,165.91
745,2025-01-07,2025,1,Dieudonné Tshibanda,Recherche & Développement,Leadership et management,E_LEARNING,31,80.19
774,2025-01-21,2025,1,Dieudonné Tshibanda,Recherche & Développement,Excel avancé pour la finance,INTERNE,21,870.20
918,2025-04-03,2025,4,Dieudonné Tshibanda,Recherche & Développement,Power BI et analyse de données,E_LEARNING,14,321.40
951,2025-04-20,2025,4,Dieudonné Tshibanda,Recherche & Développement,Négociation commerciale,EXTERNE,14,2493.45
1047,2025-06-07,2025,6,Dieudonné Tshibanda,Recherche & Développement,Gestion de projet agile,E_LEARNING,33,250.46
1105,2025-07-06,2025,7,Dieudonné Tshibanda,Recherche & Développement,Comptabilité analytique,INTERNE,5,866.22
1125,2025-07-16,2025,7,Dieudonné Tshibanda,Recherche & Développement,Comptabilité analytique,EXTERNE,24,2576.47
1218,2025-08-31,2025,8,Dieudonné Tshibanda,Recherche & Développement,Sécurité au travail,INTERNE,26,343.20
1258,2025-09-20,2025,9,Dieudonné Tshibanda,Recherche & Développement,Excel avancé pour la finance,INTERNE,32,473.92
1905,2026-08-10,2026,8,Dieudonné Tshibanda,Recherche & Développement,Service client de qualité,EXTERNE,15,1173.39
2032,2026-10-12,2026,10,Dieudonné Tshibanda,Recherche & Développement,Gestion de projet agile,EXTERNE,11,572.18
2078,2026-11-04,2026,11,Dieudonné Tshibanda,Recherche & Développement,Power BI et analyse de données,INTERNE,7,482.45
2113,2026-11-22,2026,11,Dieudonné Tshibanda,Recherche & Développement,Leadership et management,E_LEARNING,27,200.25
2115,2026-11-23,2026,11,Dieudonné Tshibanda,Recherche & Développement,Service client de qualité,E_LEARNING,4,236.51
188,2024-04-03,2024,4,Patrick Kongo,Recherche & Développement,Service client de qualité,E_LEARNING,20,93.83
268,2024-05-13,2024,5,Patrick Kongo,Recherche & Développement,Leadership et management,EXTERNE,16,1992.58
363,2024-06-30,2024,6,Patrick Kongo,Recherche & Développement,Service client de qualité,E_LEARNING,30,321.56
485,2024-08-30,2024,8,Patrick Kongo,Recherche & Développement,Excel avancé pour la finance,INTERNE,18,204.52
1082,2025-06-24,2025,6,Patrick Kongo,Recherche & Développement,Service client de qualité,E_LEARNING,24,251.00
1169,2025-08-07,2025,8,Patrick Kongo,Recherche & Développement,Comptabilité analytique,EXTERNE,15,1695.33
1236,2025-09-09,2025,9,Patrick Kongo,Recherche & Développement,Gestion de projet agile,EXTERNE,13,1969.98
1313,2025-10-18,2025,10,Patrick Kongo,Recherche & Développement,Excel avancé pour la finance,EXTERNE,31,1570.84
1323,2025-10-23,2025,10,Patrick Kongo,Recherche & Développement,Leadership et management,EXTERNE,15,1902.59
1583,2026-03-02,2026,3,Patrick Kongo,Recherche & Développement,Service client de qualité,INTERNE,4,275.26
1808,2026-06-22,2026,6,Patrick Kongo,Recherche & Développement,Power BI et analyse de données,INTERNE,26,804.63
1876,2026-07-26,2026,7,Patrick Kongo,Recherche & Développement,Gestion de projet agile,E_LEARNING,20,263.98
2020,2026-10-06,2026,10,Patrick Kongo,Recherche & Développement,Gestion de projet agile,E_LEARNING,10,344.42
2062,2026-10-27,2026,10,Patrick Kongo,Recherche & Développement,Gestion de projet agile,E_LEARNING,25,198.61
2128,2026-11-29,2026,11,Patrick Kongo,Recherche & Développement,Sécurité au travail,EXTERNE,21,2363.48
2213,2027-01-11,2027,1,Patrick Kongo,Recherche & Développement,Excel avancé pour la finance,EXTERNE,21,2151.38
2333,2027-03-12,2027,3,Patrick Kongo,Recherche & Développement,Service client de qualité,E_LEARNING,19,50.74
2617,2027-08-01,2027,8,Patrick Kongo,Recherche & Développement,Excel avancé pour la finance,EXTERNE,33,2464.30
2638,2027-08-11,2027,8,Patrick Kongo,Recherche & Développement,Power BI et analyse de données,E_LEARNING,6,166.59
2751,2027-10-07,2027,10,Patrick Kongo,Recherche & Développement,Comptabilité analytique,E_LEARNING,12,337.81
2897,2027-12-19,2027,12,Patrick Kongo,Recherche & Développement,Gestion de projet agile,EXTERNE,29,711.31
297,2024-05-28,2024,5,Ruth Mpoyi,Recherche & Développement,Excel avancé pour la finance,EXTERNE,28,2882.13
429,2024-08-02,2024,8,Ruth Mpoyi,Recherche & Développement,Négociation commerciale,E_LEARNING,28,175.56
455,2024-08-15,2024,8,Ruth Mpoyi,Recherche & Développement,Négociation commerciale,INTERNE,11,553.75
484,2024-08-29,2024,8,Ruth Mpoyi,Recherche & Développement,Service client de qualité,E_LEARNING,9,186.31
689,2024-12-10,2024,12,Ruth Mpoyi,Recherche & Développement,Leadership et management,E_LEARNING,10,189.55
722,2024-12-26,2024,12,Ruth Mpoyi,Recherche & Développement,Leadership et management,INTERNE,13,251.12
813,2025-02-10,2025,2,Ruth Mpoyi,Recherche & Développement,Négociation commerciale,E_LEARNING,29,125.92
1034,2025-05-31,2025,5,Ruth Mpoyi,Recherche & Développement,Sécurité au travail,EXTERNE,4,2721.11
1212,2025-08-28,2025,8,Ruth Mpoyi,Recherche & Développement,Service client de qualité,EXTERNE,30,2584.24
1276,2025-09-29,2025,9,Ruth Mpoyi,Recherche & Développement,Négociation commerciale,INTERNE,19,738.47
1561,2026-02-19,2026,2,Ruth Mpoyi,Recherche & Développement,Power BI et analyse de données,EXTERNE,22,880.23
1795,2026-06-16,2026,6,Ruth Mpoyi,Recherche & Développement,Leadership et management,E_LEARNING,10,207.94
2001,2026-09-27,2026,9,Ruth Mpoyi,Recherche & Développement,Négociation commerciale,INTERNE,15,203.90
2156,2026-12-13,2026,12,Ruth Mpoyi,Recherche & Développement,Service client de qualité,EXTERNE,26,1205.17
2355,2027-03-23,2027,3,Ruth Mpoyi,Recherche & Développement,Gestion de projet agile,INTERNE,25,598.98
2479,2027-05-24,2027,5,Ruth Mpoyi,Recherche & Développement,Power BI et analyse de données,EXTERNE,8,2004.11
2508,2027-06-07,2027,6,Ruth Mpoyi,Recherche & Développement,Power BI et analyse de données,EXTERNE,7,1673.66
2585,2027-07-16,2027,7,Ruth Mpoyi,Recherche & Développement,Gestion de projet agile,INTERNE,25,499.54
2674,2027-08-29,2027,8,Ruth Mpoyi,Recherche & Développement,Sécurité au travail,EXTERNE,12,1155.69
2862,2027-12-01,2027,12,Ruth Mpoyi,Recherche & Développement,Négociation commerciale,EXTERNE,4,1461.36
2886,2027-12-13,2027,12,Ruth Mpoyi,Recherche & Développement,Service client de qualité,E_LEARNING,22,190.98
17,2024-01-09,2024,1,Josué Tshiala,Recherche & Développement,Gestion de projet agile,EXTERNE,30,1407.88
41,2024-01-21,2024,1,Josué Tshiala,Recherche & Développement,Excel avancé pour la finance,E_LEARNING,13,197.81
67,2024-02-03,2024,2,Josué Tshiala,Recherche & Développement,Excel avancé pour la finance,E_LEARNING,13,197.99
348,2024-06-22,2024,6,Josué Tshiala,Recherche & Développement,Excel avancé pour la finance,EXTERNE,28,2477.97
553,2024-10-03,2024,10,Josué Tshiala,Recherche & Développement,Comptabilité analytique,INTERNE,4,657.35
929,2025-04-09,2025,4,Josué Tshiala,Recherche & Développement,Service client de qualité,INTERNE,7,775.15
1028,2025-05-28,2025,5,Josué Tshiala,Recherche & Développement,Négociation commerciale,EXTERNE,22,1380.40
1145,2025-07-26,2025,7,Josué Tshiala,Recherche & Développement,Leadership et management,EXTERNE,11,2198.00
1233,2025-09-08,2025,9,Josué Tshiala,Recherche & Développement,Sécurité au travail,INTERNE,10,880.12
1480,2026-01-09,2026,1,Josué Tshiala,Recherche & Développement,Power BI et analyse de données,EXTERNE,18,1310.40
1484,2026-01-11,2026,1,Josué Tshiala,Recherche & Développement,Service client de qualité,E_LEARNING,29,189.81
1545,2026-02-11,2026,2,Josué Tshiala,Recherche & Développement,Power BI et analyse de données,INTERNE,30,530.48
1921,2026-08-18,2026,8,Josué Tshiala,Recherche & Développement,Sécurité au travail,EXTERNE,7,576.45
2105,2026-11-18,2026,11,Josué Tshiala,Recherche & Développement,Leadership et management,INTERNE,7,803.34
2284,2027-02-15,2027,2,Josué Tshiala,Recherche & Développement,Comptabilité analytique,EXTERNE,26,778.64
2356,2027-03-23,2027,3,Josué Tshiala,Recherche & Développement,Excel avancé pour la finance,E_LEARNING,5,346.00
2365,2027-03-28,2027,3,Josué Tshiala,Recherche & Développement,Power BI et analyse de données,INTERNE,25,535.12
2463,2027-05-16,2027,5,Josué Tshiala,Recherche & Développement,Leadership et management,INTERNE,7,803.17
2486,2027-05-27,2027,5,Josué Tshiala,Recherche & Développement,Sécurité au travail,EXTERNE,12,713.94
2534,2027-06-20,2027,6,Josué Tshiala,Recherche & Développement,Service client de qualité,INTERNE,30,728.54
2605,2027-07-26,2027,7,Josué Tshiala,Recherche & Développement,Négociation commerciale,EXTERNE,8,2499.12
2670,2027-08-27,2027,8,Josué Tshiala,Recherche & Développement,Comptabilité analytique,E_LEARNING,12,328.03
2697,2027-09-10,2027,9,Josué Tshiala,Recherche & Développement,Sécurité au travail,EXTERNE,24,946.66
2781,2027-10-22,2027,10,Josué Tshiala,Recherche & Développement,Service client de qualité,E_LEARNING,4,195.39
2785,2027-10-24,2027,10,Josué Tshiala,Recherche & Développement,Service client de qualité,E_LEARNING,12,267.76
369,2024-07-03,2024,7,Fabrice Kongo,Recherche & Développement,Power BI et analyse de données,E_LEARNING,6,201.64
498,2024-09-05,2024,9,Fabrice Kongo,Recherche & Développement,Leadership et management,INTERNE,4,487.38
615,2024-11-03,2024,11,Fabrice Kongo,Recherche & Développement,Sécurité au travail,INTERNE,17,896.73
618,2024-11-04,2024,11,Fabrice Kongo,Recherche & Développement,Gestion de projet agile,E_LEARNING,6,215.95
711,2024-12-21,2024,12,Fabrice Kongo,Recherche & Développement,Comptabilité analytique,E_LEARNING,15,153.75
726,2024-12-28,2024,12,Fabrice Kongo,Recherche & Développement,Comptabilité analytique,E_LEARNING,10,276.89
751,2025-01-10,2025,1,Fabrice Kongo,Recherche & Développement,Service client de qualité,INTERNE,28,520.71
838,2025-02-22,2025,2,Fabrice Kongo,Recherche & Développement,Négociation commerciale,EXTERNE,18,2123.50
853,2025-03-02,2025,3,Fabrice Kongo,Recherche & Développement,Gestion de projet agile,E_LEARNING,27,283.83
1209,2025-08-27,2025,8,Fabrice Kongo,Recherche & Développement,Leadership et management,EXTERNE,9,1252.70
1294,2025-10-08,2025,10,Fabrice Kongo,Recherche & Développement,Excel avancé pour la finance,EXTERNE,33,2596.77
1306,2025-10-14,2025,10,Fabrice Kongo,Recherche & Développement,Service client de qualité,INTERNE,28,464.69
1365,2025-11-13,2025,11,Fabrice Kongo,Recherche & Développement,Service client de qualité,E_LEARNING,9,126.87
1736,2026-05-17,2026,5,Fabrice Kongo,Recherche & Développement,Négociation commerciale,EXTERNE,16,1703.91
1925,2026-08-20,2026,8,Fabrice Kongo,Recherche & Développement,Service client de qualité,EXTERNE,19,871.53
2043,2026-10-18,2026,10,Fabrice Kongo,Recherche & Développement,Leadership et management,INTERNE,19,785.01
2129,2026-11-30,2026,11,Fabrice Kongo,Recherche & Développement,Sécurité au travail,EXTERNE,29,2735.93
2197,2027-01-03,2027,1,Fabrice Kongo,Recherche & Développement,Service client de qualité,E_LEARNING,5,164.78
2199,2027-01-04,2027,1,Fabrice Kongo,Recherche & Développement,Comptabilité analytique,EXTERNE,13,572.01
2316,2027-03-03,2027,3,Fabrice Kongo,Recherche & Développement,Leadership et management,E_LEARNING,28,221.45
2386,2027-04-07,2027,4,Fabrice Kongo,Recherche & Développement,Gestion de projet agile,EXTERNE,31,1835.01
2397,2027-04-13,2027,4,Fabrice Kongo,Recherche & Développement,Négociation commerciale,E_LEARNING,14,60.98
2589,2027-07-18,2027,7,Fabrice Kongo,Recherche & Développement,Gestion de projet agile,EXTERNE,8,1976.62
2683,2027-09-03,2027,9,Fabrice Kongo,Recherche & Développement,Excel avancé pour la finance,EXTERNE,25,1230.67
2826,2027-11-13,2027,11,Fabrice Kongo,Recherche & Développement,Comptabilité analytique,INTERNE,30,785.42
46,2024-01-23,2024,1,Jean Luzolo,Juridique,Service client de qualité,EXTERNE,11,1723.41
150,2024-03-15,2024,3,Jean Luzolo,Juridique,Négociation commerciale,EXTERNE,32,2900.30
438,2024-08-06,2024,8,Jean Luzolo,Juridique,Négociation commerciale,E_LEARNING,6,283.76
525,2024-09-19,2024,9,Jean Luzolo,Juridique,Leadership et management,INTERNE,16,439.91
961,2025-04-25,2025,4,Jean Luzolo,Juridique,Gestion de projet agile,E_LEARNING,8,249.81
1088,2025-06-27,2025,6,Jean Luzolo,Juridique,Excel avancé pour la finance,INTERNE,22,849.31
1231,2025-09-07,2025,9,Jean Luzolo,Juridique,Sécurité au travail,EXTERNE,16,2921.63
1304,2025-10-13,2025,10,Jean Luzolo,Juridique,Comptabilité analytique,EXTERNE,28,2378.03
1309,2025-10-16,2025,10,Jean Luzolo,Juridique,Leadership et management,INTERNE,27,428.03
1337,2025-10-30,2025,10,Jean Luzolo,Juridique,Power BI et analyse de données,INTERNE,21,794.87
1828,2026-07-02,2026,7,Jean Luzolo,Juridique,Comptabilité analytique,EXTERNE,14,1215.82
1853,2026-07-15,2026,7,Jean Luzolo,Juridique,Service client de qualité,INTERNE,12,806.75
2076,2026-11-03,2026,11,Jean Luzolo,Juridique,Leadership et management,INTERNE,32,436.85
2116,2026-11-23,2026,11,Jean Luzolo,Juridique,Leadership et management,INTERNE,33,463.08
2420,2027-04-24,2027,4,Jean Luzolo,Juridique,Sécurité au travail,E_LEARNING,19,123.32
2460,2027-05-14,2027,5,Jean Luzolo,Juridique,Sécurité au travail,INTERNE,28,726.04
2555,2027-07-01,2027,7,Jean Luzolo,Juridique,Excel avancé pour la finance,E_LEARNING,25,213.52
2564,2027-07-05,2027,7,Jean Luzolo,Juridique,Comptabilité analytique,EXTERNE,21,1269.25
2630,2027-08-07,2027,8,Jean Luzolo,Juridique,Négociation commerciale,E_LEARNING,22,123.73
2731,2027-09-27,2027,9,Jean Luzolo,Juridique,Power BI et analyse de données,E_LEARNING,31,244.51
2784,2027-10-23,2027,10,Jean Luzolo,Juridique,Leadership et management,INTERNE,4,571.43
2814,2027-11-07,2027,11,Jean Luzolo,Juridique,Leadership et management,EXTERNE,27,1585.82
7,2024-01-04,2024,1,Laetitia Mpoyi,Juridique,Comptabilité analytique,EXTERNE,32,1352.05
72,2024-02-05,2024,2,Laetitia Mpoyi,Juridique,Négociation commerciale,EXTERNE,5,1189.05
144,2024-03-12,2024,3,Laetitia Mpoyi,Juridique,Power BI et analyse de données,EXTERNE,9,2796.46
164,2024-03-22,2024,3,Laetitia Mpoyi,Juridique,Service client de qualité,EXTERNE,4,2024.31
740,2025-01-04,2025,1,Laetitia Mpoyi,Juridique,Gestion de projet agile,E_LEARNING,26,203.96
758,2025-01-13,2025,1,Laetitia Mpoyi,Juridique,Comptabilité analytique,E_LEARNING,7,85.58
766,2025-01-17,2025,1,Laetitia Mpoyi,Juridique,Négociation commerciale,E_LEARNING,10,125.51
775,2025-01-22,2025,1,Laetitia Mpoyi,Juridique,Leadership et management,INTERNE,16,325.71
1055,2025-06-11,2025,6,Laetitia Mpoyi,Juridique,Excel avancé pour la finance,E_LEARNING,22,62.76
1124,2025-07-15,2025,7,Laetitia Mpoyi,Juridique,Power BI et analyse de données,EXTERNE,33,768.13
1194,2025-08-19,2025,8,Laetitia Mpoyi,Juridique,Leadership et management,INTERNE,28,434.59
1312,2025-10-17,2025,10,Laetitia Mpoyi,Juridique,Leadership et management,EXTERNE,33,1304.19
1390,2025-11-25,2025,11,Laetitia Mpoyi,Juridique,Sécurité au travail,E_LEARNING,31,161.87
1891,2026-08-03,2026,8,Laetitia Mpoyi,Juridique,Excel avancé pour la finance,EXTERNE,13,1681.75
2057,2026-10-25,2026,10,Laetitia Mpoyi,Juridique,Excel avancé pour la finance,INTERNE,22,793.34
2127,2026-11-29,2026,11,Laetitia Mpoyi,Juridique,Service client de qualité,INTERNE,25,872.20
2135,2026-12-03,2026,12,Laetitia Mpoyi,Juridique,Excel avancé pour la finance,EXTERNE,7,1440.44
2150,2026-12-10,2026,12,Laetitia Mpoyi,Juridique,Excel avancé pour la finance,INTERNE,33,862.48
2231,2027-01-20,2027,1,Laetitia Mpoyi,Juridique,Sécurité au travail,INTERNE,20,268.14
2248,2027-01-28,2027,1,Laetitia Mpoyi,Juridique,Comptabilité analytique,E_LEARNING,17,54.21
2468,2027-05-18,2027,5,Laetitia Mpoyi,Juridique,Sécurité au travail,E_LEARNING,12,105.93
2493,2027-05-31,2027,5,Laetitia Mpoyi,Juridique,Comptabilité analytique,E_LEARNING,32,185.68
2509,2027-06-08,2027,6,Laetitia Mpoyi,Juridique,Service client de qualité,E_LEARNING,28,120.46
2637,2027-08-11,2027,8,Laetitia Mpoyi,Juridique,Gestion de projet agile,INTERNE,5,236.33
2646,2027-08-15,2027,8,Laetitia Mpoyi,Juridique,Sécurité au travail,INTERNE,6,345.69
2665,2027-08-25,2027,8,Laetitia Mpoyi,Juridique,Gestion de projet agile,INTERNE,9,652.33
2733,2027-09-28,2027,9,Laetitia Mpoyi,Juridique,Sécurité au travail,INTERNE,30,215.90
163,2024-03-22,2024,3,Béatrice Mukendi,Juridique,Comptabilité analytique,INTERNE,10,530.69
176,2024-03-28,2024,3,Béatrice Mukendi,Juridique,Comptabilité analytique,INTERNE,14,362.74
204,2024-04-11,2024,4,Béatrice Mukendi,Juridique,Service client de qualité,EXTERNE,29,1622.79
286,2024-05-22,2024,5,Béatrice Mukendi,Juridique,Excel avancé pour la finance,INTERNE,19,378.94
294,2024-05-26,2024,5,Béatrice Mukendi,Juridique,Sécurité au travail,INTERNE,30,113.06
608,2024-10-30,2024,10,Béatrice Mukendi,Juridique,Sécurité au travail,EXTERNE,23,2648.86
708,2024-12-19,2024,12,Béatrice Mukendi,Juridique,Comptabilité analytique,INTERNE,12,152.99
913,2025-04-01,2025,4,Béatrice Mukendi,Juridique,Leadership et management,INTERNE,19,248.32
1149,2025-07-28,2025,7,Béatrice Mukendi,Juridique,Négociation commerciale,INTERNE,29,535.46
1357,2025-11-09,2025,11,Béatrice Mukendi,Juridique,Leadership et management,INTERNE,14,878.49
1428,2025-12-14,2025,12,Béatrice Mukendi,Juridique,Comptabilité analytique,INTERNE,28,735.37
1542,2026-02-09,2026,2,Béatrice Mukendi,Juridique,Négociation commerciale,INTERNE,6,587.16
1752,2026-05-25,2026,5,Béatrice Mukendi,Juridique,Power BI et analyse de données,EXTERNE,33,572.53
1790,2026-06-13,2026,6,Béatrice Mukendi,Juridique,Power BI et analyse de données,INTERNE,17,253.26
1845,2026-07-11,2026,7,Béatrice Mukendi,Juridique,Gestion de projet agile,INTERNE,5,179.09
1969,2026-09-11,2026,9,Béatrice Mukendi,Juridique,Négociation commerciale,E_LEARNING,6,236.74
2006,2026-09-29,2026,9,Béatrice Mukendi,Juridique,Sécurité au travail,EXTERNE,22,2524.95
2051,2026-10-22,2026,10,Béatrice Mukendi,Juridique,Leadership et management,E_LEARNING,12,296.93
2405,2027-04-17,2027,4,Béatrice Mukendi,Juridique,Comptabilité analytique,EXTERNE,24,569.28
2409,2027-04-19,2027,4,Béatrice Mukendi,Juridique,Négociation commerciale,INTERNE,7,682.24
179,2024-03-30,2024,3,Esther Uwimana,Juridique,Leadership et management,E_LEARNING,21,207.10
265,2024-05-12,2024,5,Esther Uwimana,Juridique,Power BI et analyse de données,INTERNE,8,797.69
282,2024-05-20,2024,5,Esther Uwimana,Juridique,Gestion de projet agile,E_LEARNING,8,209.13
346,2024-06-21,2024,6,Esther Uwimana,Juridique,Service client de qualité,INTERNE,7,136.45
368,2024-07-02,2024,7,Esther Uwimana,Juridique,Sécurité au travail,EXTERNE,12,2885.61
534,2024-09-23,2024,9,Esther Uwimana,Juridique,Comptabilité analytique,EXTERNE,33,1150.48
562,2024-10-07,2024,10,Esther Uwimana,Juridique,Comptabilité analytique,E_LEARNING,20,124.63
702,2024-12-16,2024,12,Esther Uwimana,Juridique,Comptabilité analytique,EXTERNE,33,1362.93
761,2025-01-15,2025,1,Esther Uwimana,Juridique,Gestion de projet agile,INTERNE,8,813.23
763,2025-01-16,2025,1,Esther Uwimana,Juridique,Négociation commerciale,INTERNE,18,623.03
879,2025-03-15,2025,3,Esther Uwimana,Juridique,Sécurité au travail,EXTERNE,11,2485.76
895,2025-03-23,2025,3,Esther Uwimana,Juridique,Gestion de projet agile,EXTERNE,24,1373.45
1118,2025-07-12,2025,7,Esther Uwimana,Juridique,Leadership et management,E_LEARNING,10,213.17
1359,2025-11-10,2025,11,Esther Uwimana,Juridique,Comptabilité analytique,INTERNE,18,826.30
1723,2026-05-11,2026,5,Esther Uwimana,Juridique,Comptabilité analytique,EXTERNE,10,2174.13
1746,2026-05-22,2026,5,Esther Uwimana,Juridique,Power BI et analyse de données,EXTERNE,4,610.66
1902,2026-08-08,2026,8,Esther Uwimana,Juridique,Leadership et management,E_LEARNING,31,122.39
1997,2026-09-25,2026,9,Esther Uwimana,Juridique,Gestion de projet agile,INTERNE,5,873.63
2143,2026-12-07,2026,12,Esther Uwimana,Juridique,Négociation commerciale,E_LEARNING,27,62.79
2310,2027-02-28,2027,2,Esther Uwimana,Juridique,Sécurité au travail,EXTERNE,15,2222.41
2340,2027-03-15,2027,3,Esther Uwimana,Juridique,Excel avancé pour la finance,INTERNE,28,177.18
2512,2027-06-09,2027,6,Esther Uwimana,Juridique,Gestion de projet agile,INTERNE,10,192.60
2528,2027-06-17,2027,6,Esther Uwimana,Juridique,Gestion de projet agile,E_LEARNING,32,259.90
2608,2027-07-27,2027,7,Esther Uwimana,Juridique,Gestion de projet agile,EXTERNE,20,2120.57
2625,2027-08-05,2027,8,Esther Uwimana,Juridique,Power BI et analyse de données,E_LEARNING,9,58.38
2829,2027-11-15,2027,11,Esther Uwimana,Juridique,Service client de qualité,EXTERNE,16,1890.04
2841,2027-11-21,2027,11,Esther Uwimana,Juridique,Gestion de projet agile,EXTERNE,16,950.16
11,2024-01-06,2024,1,Laetitia Tshibanda,Juridique,Power BI et analyse de données,E_LEARNING,9,72.66
63,2024-02-01,2024,2,Laetitia Tshibanda,Juridique,Power BI et analyse de données,E_LEARNING,16,91.91
211,2024-04-15,2024,4,Laetitia Tshibanda,Juridique,Leadership et management,E_LEARNING,32,151.26
213,2024-04-16,2024,4,Laetitia Tshibanda,Juridique,Sécurité au travail,E_LEARNING,22,338.97
264,2024-05-11,2024,5,Laetitia Tshibanda,Juridique,Gestion de projet agile,INTERNE,4,766.18
688,2024-12-09,2024,12,Laetitia Tshibanda,Juridique,Service client de qualité,EXTERNE,4,1411.50
1216,2025-08-30,2025,8,Laetitia Tshibanda,Juridique,Excel avancé pour la finance,INTERNE,14,605.25
1427,2025-12-14,2025,12,Laetitia Tshibanda,Juridique,Service client de qualité,INTERNE,13,741.57
1521,2026-01-30,2026,1,Laetitia Tshibanda,Juridique,Excel avancé pour la finance,E_LEARNING,5,93.39
1706,2026-05-02,2026,5,Laetitia Tshibanda,Juridique,Négociation commerciale,E_LEARNING,13,222.44
2023,2026-10-08,2026,10,Laetitia Tshibanda,Juridique,Leadership et management,E_LEARNING,32,58.92
2102,2026-11-16,2026,11,Laetitia Tshibanda,Juridique,Négociation commerciale,EXTERNE,17,2143.58
2121,2026-11-26,2026,11,Laetitia Tshibanda,Juridique,Sécurité au travail,E_LEARNING,19,98.00
2157,2026-12-14,2026,12,Laetitia Tshibanda,Juridique,Comptabilité analytique,E_LEARNING,22,209.86
2343,2027-03-17,2027,3,Laetitia Tshibanda,Juridique,Sécurité au travail,EXTERNE,32,1687.04
2474,2027-05-21,2027,5,Laetitia Tshibanda,Juridique,Power BI et analyse de données,INTERNE,30,599.45
2651,2027-08-18,2027,8,Laetitia Tshibanda,Juridique,Comptabilité analytique,EXTERNE,22,2283.38
2722,2027-09-22,2027,9,Laetitia Tshibanda,Juridique,Service client de qualité,INTERNE,9,300.95
2746,2027-10-04,2027,10,Laetitia Tshibanda,Juridique,Excel avancé pour la finance,E_LEARNING,5,97.69
2749,2027-10-06,2027,10,Laetitia Tshibanda,Juridique,Service client de qualité,INTERNE,33,405.84
416,2024-07-26,2024,7,Sarah Nkulu,Juridique,Sécurité au travail,INTERNE,7,247.21
508,2024-09-10,2024,9,Sarah Nkulu,Juridique,Négociation commerciale,EXTERNE,21,741.50
546,2024-09-29,2024,9,Sarah Nkulu,Juridique,Négociation commerciale,E_LEARNING,18,228.32
568,2024-10-10,2024,10,Sarah Nkulu,Juridique,Power BI et analyse de données,EXTERNE,21,2911.66
573,2024-10-13,2024,10,Sarah Nkulu,Juridique,Service client de qualité,E_LEARNING,29,192.95
624,2024-11-07,2024,11,Sarah Nkulu,Juridique,Leadership et management,INTERNE,33,352.98
694,2024-12-12,2024,12,Sarah Nkulu,Juridique,Gestion de projet agile,INTERNE,19,454.81
832,2025-02-19,2025,2,Sarah Nkulu,Juridique,Sécurité au travail,EXTERNE,4,2863.14
1091,2025-06-29,2025,6,Sarah Nkulu,Juridique,Gestion de projet agile,INTERNE,30,488.99
1110,2025-07-08,2025,7,Sarah Nkulu,Juridique,Leadership et management,EXTERNE,14,2908.05
1138,2025-07-22,2025,7,Sarah Nkulu,Juridique,Comptabilité analytique,EXTERNE,5,2519.81
1320,2025-10-21,2025,10,Sarah Nkulu,Juridique,Sécurité au travail,INTERNE,7,265.02
1356,2025-11-08,2025,11,Sarah Nkulu,Juridique,Sécurité au travail,EXTERNE,28,2247.78
1558,2026-02-17,2026,2,Sarah Nkulu,Juridique,Service client de qualité,E_LEARNING,5,219.43
1683,2026-04-21,2026,4,Sarah Nkulu,Juridique,Power BI et analyse de données,INTERNE,21,757.70
1907,2026-08-11,2026,8,Sarah Nkulu,Juridique,Sécurité au travail,E_LEARNING,24,60.30
1924,2026-08-19,2026,8,Sarah Nkulu,Juridique,Leadership et management,INTERNE,18,637.24
1945,2026-08-30,2026,8,Sarah Nkulu,Juridique,Gestion de projet agile,INTERNE,9,671.97
2336,2027-03-13,2027,3,Sarah Nkulu,Juridique,Gestion de projet agile,INTERNE,11,346.75
2431,2027-04-30,2027,4,Sarah Nkulu,Juridique,Sécurité au travail,E_LEARNING,16,309.74
2558,2027-07-02,2027,7,Sarah Nkulu,Juridique,Leadership et management,INTERNE,19,836.94
226,2024-04-22,2024,4,Olivier Banza,Juridique,Gestion de projet agile,INTERNE,4,863.46
432,2024-08-03,2024,8,Olivier Banza,Juridique,Leadership et management,INTERNE,24,867.96
457,2024-08-16,2024,8,Olivier Banza,Juridique,Power BI et analyse de données,INTERNE,19,489.30
473,2024-08-24,2024,8,Olivier Banza,Juridique,Leadership et management,E_LEARNING,14,111.78
840,2025-02-23,2025,2,Olivier Banza,Juridique,Comptabilité analytique,EXTERNE,28,2277.51
860,2025-03-05,2025,3,Olivier Banza,Juridique,Comptabilité analytique,EXTERNE,18,2640.18
948,2025-04-18,2025,4,Olivier Banza,Juridique,Gestion de projet agile,INTERNE,8,612.62
1022,2025-05-25,2025,5,Olivier Banza,Juridique,Excel avancé pour la finance,EXTERNE,5,680.77
1035,2025-06-01,2025,6,Olivier Banza,Juridique,Leadership et management,INTERNE,31,104.51
1046,2025-06-06,2025,6,Olivier Banza,Juridique,Power BI et analyse de données,E_LEARNING,23,143.42
1206,2025-08-25,2025,8,Olivier Banza,Juridique,Leadership et management,E_LEARNING,8,153.99
1273,2025-09-28,2025,9,Olivier Banza,Juridique,Leadership et management,E_LEARNING,21,133.93
1407,2025-12-04,2025,12,Olivier Banza,Juridique,Power BI et analyse de données,INTERNE,19,499.29
1520,2026-01-29,2026,1,Olivier Banza,Juridique,Power BI et analyse de données,E_LEARNING,29,148.88
1587,2026-03-04,2026,3,Olivier Banza,Juridique,Service client de qualité,E_LEARNING,30,238.27
1632,2026-03-26,2026,3,Olivier Banza,Juridique,Négociation commerciale,EXTERNE,24,1728.22
1928,2026-08-21,2026,8,Olivier Banza,Juridique,Gestion de projet agile,EXTERNE,21,2964.99
2117,2026-11-24,2026,11,Olivier Banza,Juridique,Comptabilité analytique,EXTERNE,32,1391.98
2185,2026-12-28,2026,12,Olivier Banza,Juridique,Négociation commerciale,EXTERNE,17,1657.60
2245,2027-01-27,2027,1,Olivier Banza,Juridique,Sécurité au travail,E_LEARNING,14,219.92
2378,2027-04-03,2027,4,Olivier Banza,Juridique,Comptabilité analytique,EXTERNE,12,2900.78
2394,2027-04-11,2027,4,Olivier Banza,Juridique,Excel avancé pour la finance,INTERNE,4,189.21
2429,2027-04-29,2027,4,Olivier Banza,Juridique,Service client de qualité,INTERNE,31,775.20
2437,2027-05-03,2027,5,Olivier Banza,Juridique,Excel avancé pour la finance,EXTERNE,13,1712.06
2635,2027-08-10,2027,8,Olivier Banza,Juridique,Excel avancé pour la finance,E_LEARNING,24,150.25
85,2024-02-12,2024,2,Béatrice Lukusa,Juridique,Service client de qualité,EXTERNE,7,509.33
229,2024-04-24,2024,4,Béatrice Lukusa,Juridique,Leadership et management,EXTERNE,27,1599.40
289,2024-05-24,2024,5,Béatrice Lukusa,Juridique,Leadership et management,EXTERNE,14,1202.12
357,2024-06-27,2024,6,Béatrice Lukusa,Juridique,Négociation commerciale,EXTERNE,4,789.19
598,2024-10-25,2024,10,Béatrice Lukusa,Juridique,Service client de qualité,EXTERNE,4,1716.23
680,2024-12-05,2024,12,Béatrice Lukusa,Juridique,Comptabilité analytique,EXTERNE,19,2996.65
739,2025-01-04,2025,1,Béatrice Lukusa,Juridique,Excel avancé pour la finance,EXTERNE,10,2325.09
741,2025-01-05,2025,1,Béatrice Lukusa,Juridique,Excel avancé pour la finance,INTERNE,20,566.03
959,2025-04-24,2025,4,Béatrice Lukusa,Juridique,Excel avancé pour la finance,EXTERNE,12,1200.15
996,2025-05-12,2025,5,Béatrice Lukusa,Juridique,Leadership et management,INTERNE,4,557.17
1039,2025-06-03,2025,6,Béatrice Lukusa,Juridique,Excel avancé pour la finance,EXTERNE,26,2501.32
1074,2025-06-20,2025,6,Béatrice Lukusa,Juridique,Gestion de projet agile,INTERNE,4,869.61
1117,2025-07-12,2025,7,Béatrice Lukusa,Juridique,Power BI et analyse de données,E_LEARNING,28,322.89
1164,2025-08-04,2025,8,Béatrice Lukusa,Juridique,Négociation commerciale,EXTERNE,23,1152.17
1190,2025-08-17,2025,8,Béatrice Lukusa,Juridique,Gestion de projet agile,INTERNE,26,729.15
1204,2025-08-24,2025,8,Béatrice Lukusa,Juridique,Sécurité au travail,E_LEARNING,32,202.03
1458,2025-12-29,2025,12,Béatrice Lukusa,Juridique,Négociation commerciale,EXTERNE,5,1320.33
1473,2026-01-06,2026,1,Béatrice Lukusa,Juridique,Négociation commerciale,EXTERNE,5,1182.73
1517,2026-01-28,2026,1,Béatrice Lukusa,Juridique,Négociation commerciale,INTERNE,4,391.35
1630,2026-03-25,2026,3,Béatrice Lukusa,Juridique,Excel avancé pour la finance,EXTERNE,16,2741.54
1704,2026-05-01,2026,5,Béatrice Lukusa,Juridique,Leadership et management,INTERNE,7,130.69
1740,2026-05-19,2026,5,Béatrice Lukusa,Juridique,Comptabilité analytique,E_LEARNING,22,250.99
1788,2026-06-12,2026,6,Béatrice Lukusa,Juridique,Sécurité au travail,INTERNE,8,292.65
1883,2026-07-30,2026,7,Béatrice Lukusa,Juridique,Gestion de projet agile,E_LEARNING,10,328.15
2149,2026-12-10,2026,12,Béatrice Lukusa,Juridique,Comptabilité analytique,EXTERNE,5,601.42
2345,2027-03-18,2027,3,Béatrice Lukusa,Juridique,Excel avancé pour la finance,EXTERNE,22,2419.61
2491,2027-05-30,2027,5,Béatrice Lukusa,Juridique,Comptabilité analytique,EXTERNE,20,1069.11
2758,2027-10-10,2027,10,Béatrice Lukusa,Juridique,Service client de qualité,E_LEARNING,5,214.72
2792,2027-10-27,2027,10,Béatrice Lukusa,Juridique,Service client de qualité,E_LEARNING,26,335.40
2794,2027-10-28,2027,10,Béatrice Lukusa,Juridique,Power BI et analyse de données,INTERNE,17,272.80
2836,2027-11-18,2027,11,Béatrice Lukusa,Juridique,Négociation commerciale,INTERNE,11,333.11
2883,2027-12-12,2027,12,Béatrice Lukusa,Juridique,Power BI et analyse de données,EXTERNE,14,2971.17
39,2024-01-20,2024,1,Esther Mpoyi,Juridique,Leadership et management,INTERNE,4,512.90
148,2024-03-14,2024,3,Esther Mpoyi,Juridique,Gestion de projet agile,INTERNE,26,685.13
185,2024-04-02,2024,4,Esther Mpoyi,Juridique,Power BI et analyse de données,INTERNE,8,765.81
274,2024-05-16,2024,5,Esther Mpoyi,Juridique,Excel avancé pour la finance,E_LEARNING,29,311.35
295,2024-05-27,2024,5,Esther Mpoyi,Juridique,Service client de qualité,INTERNE,19,656.91
502,2024-09-07,2024,9,Esther Mpoyi,Juridique,Service client de qualité,E_LEARNING,12,287.75
613,2024-11-02,2024,11,Esther Mpoyi,Juridique,Négociation commerciale,INTERNE,14,109.18
768,2025-01-18,2025,1,Esther Mpoyi,Juridique,Service client de qualité,INTERNE,4,600.75
822,2025-02-14,2025,2,Esther Mpoyi,Juridique,Négociation commerciale,INTERNE,31,771.21
874,2025-03-12,2025,3,Esther Mpoyi,Juridique,Comptabilité analytique,EXTERNE,16,1711.97
902,2025-03-26,2025,3,Esther Mpoyi,Juridique,Excel avancé pour la finance,E_LEARNING,11,64.85
912,2025-03-31,2025,3,Esther Mpoyi,Juridique,Négociation commerciale,E_LEARNING,5,181.80
953,2025-04-21,2025,4,Esther Mpoyi,Juridique,Gestion de projet agile,EXTERNE,11,1082.62
1009,2025-05-19,2025,5,Esther Mpoyi,Juridique,Leadership et management,E_LEARNING,26,132.56
1377,2025-11-19,2025,11,Esther Mpoyi,Juridique,Service client de qualité,E_LEARNING,23,200.50
1414,2025-12-07,2025,12,Esther Mpoyi,Juridique,Sécurité au travail,INTERNE,17,231.88
1415,2025-12-08,2025,12,Esther Mpoyi,Juridique,Power BI et analyse de données,E_LEARNING,8,341.78
1529,2026-02-03,2026,2,Esther Mpoyi,Juridique,Comptabilité analytique,E_LEARNING,14,191.04
1588,2026-03-04,2026,3,Esther Mpoyi,Juridique,Sécurité au travail,EXTERNE,13,838.77
1656,2026-04-07,2026,4,Esther Mpoyi,Juridique,Service client de qualité,INTERNE,7,875.57
1700,2026-04-29,2026,4,Esther Mpoyi,Juridique,Power BI et analyse de données,E_LEARNING,21,79.46
1927,2026-08-21,2026,8,Esther Mpoyi,Juridique,Service client de qualité,INTERNE,10,414.23
2314,2027-03-02,2027,3,Esther Mpoyi,Juridique,Gestion de projet agile,E_LEARNING,11,53.34
2327,2027-03-09,2027,3,Esther Mpoyi,Juridique,Leadership et management,INTERNE,6,752.20
2492,2027-05-30,2027,5,Esther Mpoyi,Juridique,Sécurité au travail,EXTERNE,13,1484.36
2499,2027-06-03,2027,6,Esther Mpoyi,Juridique,Sécurité au travail,EXTERNE,13,1578.39
2566,2027-07-06,2027,7,Esther Mpoyi,Juridique,Excel avancé pour la finance,EXTERNE,7,1216.81
2706,2027-09-14,2027,9,Esther Mpoyi,Juridique,Leadership et management,INTERNE,26,224.74
2753,2027-10-08,2027,10,Esther Mpoyi,Juridique,Service client de qualité,E_LEARNING,10,239.98
2808,2027-11-04,2027,11,Esther Mpoyi,Juridique,Leadership et management,E_LEARNING,13,328.63
293,2024-05-26,2024,5,Esther Bisimwa,Juridique,Sécurité au travail,E_LEARNING,7,73.93
315,2024-06-06,2024,6,Esther Bisimwa,Juridique,Sécurité au travail,INTERNE,27,571.42
335,2024-06-16,2024,6,Esther Bisimwa,Juridique,Excel avancé pour la finance,E_LEARNING,6,166.07
468,2024-08-21,2024,8,Esther Bisimwa,Juridique,Service client de qualité,E_LEARNING,25,51.29
565,2024-10-09,2024,10,Esther Bisimwa,Juridique,Négociation commerciale,EXTERNE,20,2298.19
678,2024-12-04,2024,12,Esther Bisimwa,Juridique,Comptabilité analytique,INTERNE,33,433.55
681,2024-12-06,2024,12,Esther Bisimwa,Juridique,Leadership et management,INTERNE,26,357.18
760,2025-01-14,2025,1,Esther Bisimwa,Juridique,Gestion de projet agile,INTERNE,20,541.69
809,2025-02-08,2025,2,Esther Bisimwa,Juridique,Négociation commerciale,EXTERNE,16,887.97
842,2025-02-24,2025,2,Esther Bisimwa,Juridique,Power BI et analyse de données,EXTERNE,20,2540.99
995,2025-05-12,2025,5,Esther Bisimwa,Juridique,Excel avancé pour la finance,INTERNE,29,242.82
1107,2025-07-07,2025,7,Esther Bisimwa,Juridique,Power BI et analyse de données,EXTERNE,28,1121.56
1148,2025-07-27,2025,7,Esther Bisimwa,Juridique,Power BI et analyse de données,INTERNE,12,408.00
1308,2025-10-15,2025,10,Esther Bisimwa,Juridique,Power BI et analyse de données,E_LEARNING,11,155.10
1418,2025-12-09,2025,12,Esther Bisimwa,Juridique,Sécurité au travail,INTERNE,20,525.98
1555,2026-02-16,2026,2,Esther Bisimwa,Juridique,Gestion de projet agile,EXTERNE,8,2192.20
1643,2026-04-01,2026,4,Esther Bisimwa,Juridique,Service client de qualité,E_LEARNING,26,101.22
1679,2026-04-19,2026,4,Esther Bisimwa,Juridique,Leadership et management,INTERNE,4,515.74
1793,2026-06-15,2026,6,Esther Bisimwa,Juridique,Power BI et analyse de données,EXTERNE,18,1751.50
1849,2026-07-13,2026,7,Esther Bisimwa,Juridique,Service client de qualité,EXTERNE,6,2380.01
1888,2026-08-01,2026,8,Esther Bisimwa,Juridique,Négociation commerciale,EXTERNE,16,961.26
1919,2026-08-17,2026,8,Esther Bisimwa,Juridique,Service client de qualité,EXTERNE,13,2237.14
2004,2026-09-28,2026,9,Esther Bisimwa,Juridique,Comptabilité analytique,E_LEARNING,25,349.04
2091,2026-11-11,2026,11,Esther Bisimwa,Juridique,Excel avancé pour la finance,INTERNE,13,443.28
2276,2027-02-11,2027,2,Esther Bisimwa,Juridique,Comptabilité analytique,INTERNE,27,600.87
2301,2027-02-24,2027,2,Esther Bisimwa,Juridique,Négociation commerciale,INTERNE,14,104.89
2313,2027-03-02,2027,3,Esther Bisimwa,Juridique,Gestion de projet agile,EXTERNE,16,848.42
2332,2027-03-11,2027,3,Esther Bisimwa,Juridique,Excel avancé pour la finance,INTERNE,18,284.63
2907,2027-12-24,2027,12,Esther Bisimwa,Juridique,Sécurité au travail,E_LEARNING,22,339.41
42,2024-01-21,2024,1,Marie Lukusa,Juridique,Power BI et analyse de données,E_LEARNING,26,298.58
68,2024-02-03,2024,2,Marie Lukusa,Juridique,Power BI et analyse de données,E_LEARNING,25,219.58
152,2024-03-16,2024,3,Marie Lukusa,Juridique,Négociation commerciale,E_LEARNING,20,337.92
198,2024-04-08,2024,4,Marie Lukusa,Juridique,Négociation commerciale,EXTERNE,15,1294.06
254,2024-05-06,2024,5,Marie Lukusa,Juridique,Power BI et analyse de données,E_LEARNING,16,87.02
493,2024-09-03,2024,9,Marie Lukusa,Juridique,Service client de qualité,INTERNE,28,391.14
611,2024-11-01,2024,11,Marie Lukusa,Juridique,Service client de qualité,INTERNE,16,354.02
709,2024-12-20,2024,12,Marie Lukusa,Juridique,Comptabilité analytique,INTERNE,5,859.87
807,2025-02-07,2025,2,Marie Lukusa,Juridique,Leadership et management,E_LEARNING,7,344.54
926,2025-04-07,2025,4,Marie Lukusa,Juridique,Excel avancé pour la finance,E_LEARNING,16,254.52
985,2025-05-07,2025,5,Marie Lukusa,Juridique,Négociation commerciale,INTERNE,28,370.43
991,2025-05-10,2025,5,Marie Lukusa,Juridique,Gestion de projet agile,INTERNE,22,720.34
1200,2025-08-22,2025,8,Marie Lukusa,Juridique,Gestion de projet agile,INTERNE,17,221.48
1334,2025-10-28,2025,10,Marie Lukusa,Juridique,Service client de qualité,INTERNE,17,447.03
1412,2025-12-06,2025,12,Marie Lukusa,Juridique,Comptabilité analytique,INTERNE,17,631.84
1459,2025-12-30,2025,12,Marie Lukusa,Juridique,Comptabilité analytique,EXTERNE,30,2659.47
1479,2026-01-09,2026,1,Marie Lukusa,Juridique,Comptabilité analytique,EXTERNE,11,2350.70
1721,2026-05-10,2026,5,Marie Lukusa,Juridique,Comptabilité analytique,INTERNE,23,846.68
1761,2026-05-30,2026,5,Marie Lukusa,Juridique,Power BI et analyse de données,EXTERNE,25,1899.91
2126,2026-11-28,2026,11,Marie Lukusa,Juridique,Leadership et management,INTERNE,30,853.92
2166,2026-12-18,2026,12,Marie Lukusa,Juridique,Leadership et management,EXTERNE,15,1284.02
2181,2026-12-26,2026,12,Marie Lukusa,Juridique,Sécurité au travail,E_LEARNING,11,312.87
2191,2026-12-31,2026,12,Marie Lukusa,Juridique,Service client de qualité,EXTERNE,9,775.76
2270,2027-02-08,2027,2,Marie Lukusa,Juridique,Leadership et management,E_LEARNING,27,139.06
2461,2027-05-15,2027,5,Marie Lukusa,Juridique,Négociation commerciale,INTERNE,17,486.74
2475,2027-05-22,2027,5,Marie Lukusa,Juridique,Power BI et analyse de données,EXTERNE,5,961.53
2569,2027-07-08,2027,7,Marie Lukusa,Juridique,Leadership et management,E_LEARNING,9,129.77
2573,2027-07-10,2027,7,Marie Lukusa,Juridique,Gestion de projet agile,INTERNE,32,571.95
2619,2027-08-02,2027,8,Marie Lukusa,Juridique,Négociation commerciale,EXTERNE,15,2902.96
2703,2027-09-13,2027,9,Marie Lukusa,Juridique,Excel avancé pour la finance,EXTERNE,21,2702.50
2707,2027-09-15,2027,9,Marie Lukusa,Juridique,Sécurité au travail,E_LEARNING,5,77.48
2709,2027-09-16,2027,9,Marie Lukusa,Juridique,Leadership et management,E_LEARNING,18,71.05
2716,2027-09-19,2027,9,Marie Lukusa,Juridique,Excel avancé pour la finance,INTERNE,12,317.23
2777,2027-10-20,2027,10,Marie Lukusa,Juridique,Négociation commerciale,INTERNE,28,381.88
324,2024-06-10,2024,6,Sarah Lukusa,Juridique,Gestion de projet agile,INTERNE,15,846.13
542,2024-09-27,2024,9,Sarah Lukusa,Juridique,Leadership et management,INTERNE,32,245.88
738,2025-01-03,2025,1,Sarah Lukusa,Juridique,Leadership et management,EXTERNE,26,780.79
924,2025-04-06,2025,4,Sarah Lukusa,Juridique,Power BI et analyse de données,INTERNE,6,367.58
1155,2025-07-31,2025,7,Sarah Lukusa,Juridique,Gestion de projet agile,INTERNE,22,810.33
1254,2025-09-18,2025,9,Sarah Lukusa,Juridique,Sécurité au travail,EXTERNE,31,1048.66
1268,2025-09-25,2025,9,Sarah Lukusa,Juridique,Service client de qualité,INTERNE,6,621.78
1274,2025-09-28,2025,9,Sarah Lukusa,Juridique,Power BI et analyse de données,INTERNE,7,473.13
1324,2025-10-23,2025,10,Sarah Lukusa,Juridique,Leadership et management,EXTERNE,18,706.37
1354,2025-11-07,2025,11,Sarah Lukusa,Juridique,Leadership et management,E_LEARNING,25,110.70
1410,2025-12-05,2025,12,Sarah Lukusa,Juridique,Service client de qualité,INTERNE,6,591.66
1444,2025-12-22,2025,12,Sarah Lukusa,Juridique,Excel avancé pour la finance,EXTERNE,32,2416.17
1519,2026-01-29,2026,1,Sarah Lukusa,Juridique,Leadership et management,EXTERNE,11,2053.47
1655,2026-04-07,2026,4,Sarah Lukusa,Juridique,Excel avancé pour la finance,EXTERNE,6,1367.28
1732,2026-05-15,2026,5,Sarah Lukusa,Juridique,Gestion de projet agile,INTERNE,19,468.15
1805,2026-06-21,2026,6,Sarah Lukusa,Juridique,Négociation commerciale,E_LEARNING,21,69.73
1886,2026-07-31,2026,7,Sarah Lukusa,Juridique,Power BI et analyse de données,EXTERNE,26,2429.54
1979,2026-09-16,2026,9,Sarah Lukusa,Juridique,Power BI et analyse de données,INTERNE,20,712.90
2159,2026-12-15,2026,12,Sarah Lukusa,Juridique,Leadership et management,E_LEARNING,27,81.90
2209,2027-01-09,2027,1,Sarah Lukusa,Juridique,Leadership et management,INTERNE,7,803.96
2347,2027-03-19,2027,3,Sarah Lukusa,Juridique,Comptabilité analytique,E_LEARNING,4,275.19
2350,2027-03-20,2027,3,Sarah Lukusa,Juridique,Négociation commerciale,EXTERNE,20,2891.75
2465,2027-05-17,2027,5,Sarah Lukusa,Juridique,Leadership et management,E_LEARNING,19,343.83
2595,2027-07-21,2027,7,Sarah Lukusa,Juridique,Comptabilité analytique,INTERNE,26,358.14
2648,2027-08-16,2027,8,Sarah Lukusa,Juridique,Power BI et analyse de données,EXTERNE,21,707.24
2729,2027-09-26,2027,9,Sarah Lukusa,Juridique,Leadership et management,E_LEARNING,27,191.04
2852,2027-11-26,2027,11,Sarah Lukusa,Juridique,Service client de qualité,EXTERNE,12,2601.18
9,2024-01-05,2024,1,Paul Kongo,Juridique,Sécurité au travail,INTERNE,9,407.38
112,2024-02-25,2024,2,Paul Kongo,Juridique,Gestion de projet agile,E_LEARNING,33,81.75
122,2024-03-01,2024,3,Paul Kongo,Juridique,Leadership et management,E_LEARNING,19,340.16
191,2024-04-05,2024,4,Paul Kongo,Juridique,Leadership et management,E_LEARNING,15,157.77
336,2024-06-16,2024,6,Paul Kongo,Juridique,Service client de qualité,INTERNE,19,762.25
644,2024-11-17,2024,11,Paul Kongo,Juridique,Comptabilité analytique,EXTERNE,9,1529.10
666,2024-11-28,2024,11,Paul Kongo,Juridique,Service client de qualité,EXTERNE,8,1081.99
747,2025-01-08,2025,1,Paul Kongo,Juridique,Power BI et analyse de données,EXTERNE,14,2855.40
847,2025-02-27,2025,2,Paul Kongo,Juridique,Excel avancé pour la finance,INTERNE,19,303.33
896,2025-03-23,2025,3,Paul Kongo,Juridique,Leadership et management,INTERNE,14,153.33
933,2025-04-11,2025,4,Paul Kongo,Juridique,Gestion de projet agile,EXTERNE,23,1223.41
1193,2025-08-19,2025,8,Paul Kongo,Juridique,Service client de qualité,E_LEARNING,21,159.31
1224,2025-09-03,2025,9,Paul Kongo,Juridique,Leadership et management,E_LEARNING,17,242.39
1230,2025-09-06,2025,9,Paul Kongo,Juridique,Comptabilité analytique,EXTERNE,10,1850.71
1287,2025-10-05,2025,10,Paul Kongo,Juridique,Gestion de projet agile,INTERNE,16,108.75
1403,2025-12-02,2025,12,Paul Kongo,Juridique,Gestion de projet agile,EXTERNE,31,1604.40
1453,2025-12-27,2025,12,Paul Kongo,Juridique,Excel avancé pour la finance,E_LEARNING,31,146.84
1541,2026-02-09,2026,2,Paul Kongo,Juridique,Power BI et analyse de données,EXTERNE,12,1448.10
1601,2026-03-11,2026,3,Paul Kongo,Juridique,Excel avancé pour la finance,EXTERNE,13,1842.79
1661,2026-04-10,2026,4,Paul Kongo,Juridique,Leadership et management,E_LEARNING,19,330.28
1687,2026-04-23,2026,4,Paul Kongo,Juridique,Gestion de projet agile,EXTERNE,32,1904.08
1816,2026-06-26,2026,6,Paul Kongo,Juridique,Comptabilité analytique,INTERNE,26,290.78
1838,2026-07-07,2026,7,Paul Kongo,Juridique,Excel avancé pour la finance,E_LEARNING,8,186.74
1874,2026-07-25,2026,7,Paul Kongo,Juridique,Comptabilité analytique,E_LEARNING,4,212.59
1953,2026-09-03,2026,9,Paul Kongo,Juridique,Négociation commerciale,EXTERNE,27,1074.35
2087,2026-11-09,2026,11,Paul Kongo,Juridique,Sécurité au travail,INTERNE,30,231.10
2401,2027-04-15,2027,4,Paul Kongo,Juridique,Service client de qualité,INTERNE,27,302.43
2704,2027-09-13,2027,9,Paul Kongo,Juridique,Excel avancé pour la finance,EXTERNE,25,1288.92
2728,2027-09-25,2027,9,Paul Kongo,Juridique,Sécurité au travail,E_LEARNING,22,256.22
2904,2027-12-22,2027,12,Paul Kongo,Juridique,Service client de qualité,EXTERNE,21,2976.04
245,2024-05-02,2024,5,Esther Kalala,Juridique,Service client de qualité,E_LEARNING,8,58.77
351,2024-06-24,2024,6,Esther Kalala,Juridique,Gestion de projet agile,INTERNE,4,116.82
430,2024-08-02,2024,8,Esther Kalala,Juridique,Power BI et analyse de données,INTERNE,8,113.52
517,2024-09-15,2024,9,Esther Kalala,Juridique,Excel avancé pour la finance,EXTERNE,17,792.26
660,2024-11-25,2024,11,Esther Kalala,Juridique,Sécurité au travail,E_LEARNING,10,260.47
667,2024-11-29,2024,11,Esther Kalala,Juridique,Excel avancé pour la finance,EXTERNE,25,1237.54
779,2025-01-24,2025,1,Esther Kalala,Juridique,Service client de qualité,INTERNE,28,492.33
866,2025-03-08,2025,3,Esther Kalala,Juridique,Négociation commerciale,EXTERNE,24,2318.85
876,2025-03-13,2025,3,Esther Kalala,Juridique,Sécurité au travail,EXTERNE,33,1438.90
1211,2025-08-28,2025,8,Esther Kalala,Juridique,Sécurité au travail,INTERNE,9,480.76
1310,2025-10-16,2025,10,Esther Kalala,Juridique,Sécurité au travail,INTERNE,4,635.76
1321,2025-10-22,2025,10,Esther Kalala,Juridique,Sécurité au travail,E_LEARNING,11,289.75
1329,2025-10-26,2025,10,Esther Kalala,Juridique,Gestion de projet agile,E_LEARNING,20,281.21
1409,2025-12-05,2025,12,Esther Kalala,Juridique,Power BI et analyse de données,EXTERNE,14,2815.86
1450,2025-12-25,2025,12,Esther Kalala,Juridique,Gestion de projet agile,E_LEARNING,11,99.86
1460,2025-12-30,2025,12,Esther Kalala,Juridique,Service client de qualité,E_LEARNING,21,156.03
1767,2026-06-02,2026,6,Esther Kalala,Juridique,Gestion de projet agile,INTERNE,4,172.28
1810,2026-06-23,2026,6,Esther Kalala,Juridique,Comptabilité analytique,E_LEARNING,10,239.29
1904,2026-08-09,2026,8,Esther Kalala,Juridique,Excel avancé pour la finance,EXTERNE,31,1639.49
1939,2026-08-27,2026,8,Esther Kalala,Juridique,Power BI et analyse de données,EXTERNE,13,2013.93
1982,2026-09-17,2026,9,Esther Kalala,Juridique,Service client de qualité,INTERNE,23,686.26
2240,2027-01-24,2027,1,Esther Kalala,Juridique,Power BI et analyse de données,E_LEARNING,33,324.50
2280,2027-02-13,2027,2,Esther Kalala,Juridique,Comptabilité analytique,E_LEARNING,24,50.90
2529,2027-06-18,2027,6,Esther Kalala,Juridique,Excel avancé pour la finance,INTERNE,23,218.65
2747,2027-10-05,2027,10,Esther Kalala,Juridique,Leadership et management,E_LEARNING,17,264.40
27,2024-01-14,2024,1,Anne Muhindo,Juridique,Comptabilité analytique,EXTERNE,33,1373.34
137,2024-03-09,2024,3,Anne Muhindo,Juridique,Comptabilité analytique,E_LEARNING,19,131.00
238,2024-04-28,2024,4,Anne Muhindo,Juridique,Excel avancé pour la finance,E_LEARNING,4,266.72
261,2024-05-10,2024,5,Anne Muhindo,Juridique,Sécurité au travail,E_LEARNING,11,91.71
339,2024-06-18,2024,6,Anne Muhindo,Juridique,Service client de qualité,E_LEARNING,28,121.07
564,2024-10-08,2024,10,Anne Muhindo,Juridique,Excel avancé pour la finance,INTERNE,13,321.78
627,2024-11-09,2024,11,Anne Muhindo,Juridique,Service client de qualité,INTERNE,16,380.18
669,2024-11-30,2024,11,Anne Muhindo,Juridique,Excel avancé pour la finance,E_LEARNING,23,92.25
848,2025-02-27,2025,2,Anne Muhindo,Juridique,Négociation commerciale,E_LEARNING,33,117.67
911,2025-03-31,2025,3,Anne Muhindo,Juridique,Sécurité au travail,INTERNE,5,201.54
1026,2025-05-27,2025,5,Anne Muhindo,Juridique,Sécurité au travail,E_LEARNING,6,76.18
1042,2025-06-04,2025,6,Anne Muhindo,Juridique,Leadership et management,INTERNE,4,587.64
1303,2025-10-13,2025,10,Anne Muhindo,Juridique,Sécurité au travail,INTERNE,29,828.31
1351,2025-11-06,2025,11,Anne Muhindo,Juridique,Excel avancé pour la finance,EXTERNE,16,2674.61
1366,2025-11-13,2025,11,Anne Muhindo,Juridique,Comptabilité analytique,E_LEARNING,24,344.47
1559,2026-02-18,2026,2,Anne Muhindo,Juridique,Excel avancé pour la finance,E_LEARNING,4,289.01
1618,2026-03-19,2026,3,Anne Muhindo,Juridique,Service client de qualité,E_LEARNING,26,120.30
1671,2026-04-15,2026,4,Anne Muhindo,Juridique,Leadership et management,EXTERNE,31,785.45
1692,2026-04-25,2026,4,Anne Muhindo,Juridique,Comptabilité analytique,E_LEARNING,8,116.11
1915,2026-08-15,2026,8,Anne Muhindo,Juridique,Sécurité au travail,INTERNE,14,419.19
1977,2026-09-15,2026,9,Anne Muhindo,Juridique,Gestion de projet agile,EXTERNE,6,1719.83
2040,2026-10-16,2026,10,Anne Muhindo,Juridique,Gestion de projet agile,INTERNE,6,299.00
2164,2026-12-17,2026,12,Anne Muhindo,Juridique,Gestion de projet agile,E_LEARNING,30,227.64
2452,2027-05-10,2027,5,Anne Muhindo,Juridique,Service client de qualité,INTERNE,18,602.45
2547,2027-06-27,2027,6,Anne Muhindo,Juridique,Gestion de projet agile,EXTERNE,12,1469.24
2723,2027-09-23,2027,9,Anne Muhindo,Juridique,Comptabilité analytique,E_LEARNING,30,324.70
2809,2027-11-05,2027,11,Anne Muhindo,Juridique,Gestion de projet agile,E_LEARNING,15,256.23
2845,2027-11-23,2027,11,Anne Muhindo,Juridique,Comptabilité analytique,E_LEARNING,7,96.89
2876,2027-12-08,2027,12,Anne Muhindo,Juridique,Leadership et management,INTERNE,33,207.38
2917,2027-12-29,2027,12,Anne Muhindo,Juridique,Excel avancé pour la finance,INTERNE,24,217.22
12,2024-01-06,2024,1,Josué Mbuyi,Juridique,Leadership et management,E_LEARNING,33,203.14
116,2024-02-27,2024,2,Josué Mbuyi,Juridique,Excel avancé pour la finance,E_LEARNING,12,97.45
364,2024-06-30,2024,6,Josué Mbuyi,Juridique,Gestion de projet agile,EXTERNE,12,1060.40
366,2024-07-01,2024,7,Josué Mbuyi,Juridique,Excel avancé pour la finance,INTERNE,8,477.13
526,2024-09-19,2024,9,Josué Mbuyi,Juridique,Négociation commerciale,E_LEARNING,5,193.48
567,2024-10-10,2024,10,Josué Mbuyi,Juridique,Gestion de projet agile,EXTERNE,5,1246.68
574,2024-10-13,2024,10,Josué Mbuyi,Juridique,Leadership et management,E_LEARNING,24,311.11
894,2025-03-22,2025,3,Josué Mbuyi,Juridique,Gestion de projet agile,INTERNE,26,640.80
973,2025-05-01,2025,5,Josué Mbuyi,Juridique,Leadership et management,EXTERNE,15,1257.91
1140,2025-07-23,2025,7,Josué Mbuyi,Juridique,Gestion de projet agile,E_LEARNING,33,299.98
1264,2025-09-23,2025,9,Josué Mbuyi,Juridique,Négociation commerciale,E_LEARNING,30,194.54
1288,2025-10-05,2025,10,Josué Mbuyi,Juridique,Excel avancé pour la finance,INTERNE,32,546.21
1293,2025-10-08,2025,10,Josué Mbuyi,Juridique,Sécurité au travail,EXTERNE,23,2440.00
1355,2025-11-08,2025,11,Josué Mbuyi,Juridique,Power BI et analyse de données,EXTERNE,24,2199.77
1485,2026-01-12,2026,1,Josué Mbuyi,Juridique,Leadership et management,E_LEARNING,25,71.70
1575,2026-02-26,2026,2,Josué Mbuyi,Juridique,Comptabilité analytique,E_LEARNING,11,246.14
2176,2026-12-23,2026,12,Josué Mbuyi,Juridique,Comptabilité analytique,EXTERNE,31,1151.54
2304,2027-02-25,2027,2,Josué Mbuyi,Juridique,Leadership et management,INTERNE,24,705.05
2328,2027-03-09,2027,3,Josué Mbuyi,Juridique,Négociation commerciale,E_LEARNING,25,283.20
2446,2027-05-07,2027,5,Josué Mbuyi,Juridique,Sécurité au travail,E_LEARNING,14,176.22
2533,2027-06-20,2027,6,Josué Mbuyi,Juridique,Gestion de projet agile,EXTERNE,14,2484.99
2634,2027-08-09,2027,8,Josué Mbuyi,Juridique,Excel avancé pour la finance,EXTERNE,29,2933.80
2671,2027-08-28,2027,8,Josué Mbuyi,Juridique,Power BI et analyse de données,EXTERNE,23,1037.24
2779,2027-10-21,2027,10,Josué Mbuyi,Juridique,Leadership et management,INTERNE,29,710.31
2882,2027-12-11,2027,12,Josué Mbuyi,Juridique,Power BI et analyse de données,INTERNE,28,392.87
128,2024-03-04,2024,3,Sarah Mbala,Juridique,Gestion de projet agile,E_LEARNING,23,138.14
151,2024-03-16,2024,3,Sarah Mbala,Juridique,Service client de qualité,EXTERNE,25,2795.37
154,2024-03-17,2024,3,Sarah Mbala,Juridique,Service client de qualité,INTERNE,26,112.83
168,2024-03-24,2024,3,Sarah Mbala,Juridique,Sécurité au travail,E_LEARNING,32,122.10
385,2024-07-11,2024,7,Sarah Mbala,Juridique,Gestion de projet agile,EXTERNE,33,2626.73
576,2024-10-14,2024,10,Sarah Mbala,Juridique,Sécurité au travail,EXTERNE,33,2016.67
596,2024-10-24,2024,10,Sarah Mbala,Juridique,Excel avancé pour la finance,E_LEARNING,33,267.28
684,2024-12-07,2024,12,Sarah Mbala,Juridique,Service client de qualité,INTERNE,24,703.04
957,2025-04-23,2025,4,Sarah Mbala,Juridique,Négociation commerciale,E_LEARNING,26,266.06
1020,2025-05-24,2025,5,Sarah Mbala,Juridique,Excel avancé pour la finance,INTERNE,25,504.38
1154,2025-07-30,2025,7,Sarah Mbala,Juridique,Sécurité au travail,INTERNE,30,302.33
1397,2025-11-29,2025,11,Sarah Mbala,Juridique,Power BI et analyse de données,INTERNE,16,337.21
1454,2025-12-27,2025,12,Sarah Mbala,Juridique,Excel avancé pour la finance,EXTERNE,27,1970.35
2118,2026-11-24,2026,11,Sarah Mbala,Juridique,Service client de qualité,EXTERNE,13,2959.79
2554,2027-06-30,2027,6,Sarah Mbala,Juridique,Service client de qualité,EXTERNE,11,2408.16
2700,2027-09-11,2027,9,Sarah Mbala,Juridique,Sécurité au travail,E_LEARNING,29,286.38
2752,2027-10-07,2027,10,Sarah Mbala,Juridique,Sécurité au travail,EXTERNE,10,2541.97
2858,2027-11-29,2027,11,Sarah Mbala,Juridique,Service client de qualité,INTERNE,20,230.73
2894,2027-12-17,2027,12,Sarah Mbala,Juridique,Gestion de projet agile,EXTERNE,10,2627.87
414,2024-07-25,2024,7,Laetitia Mpoyi,Juridique,Gestion de projet agile,E_LEARNING,8,282.48
566,2024-10-09,2024,10,Laetitia Mpoyi,Juridique,Gestion de projet agile,E_LEARNING,14,219.85
631,2024-11-11,2024,11,Laetitia Mpoyi,Juridique,Gestion de projet agile,EXTERNE,26,2501.88
715,2024-12-23,2024,12,Laetitia Mpoyi,Juridique,Comptabilité analytique,EXTERNE,15,1822.70
762,2025-01-15,2025,1,Laetitia Mpoyi,Juridique,Leadership et management,INTERNE,5,787.35
857,2025-03-04,2025,3,Laetitia Mpoyi,Juridique,Gestion de projet agile,EXTERNE,24,958.21
917,2025-04-03,2025,4,Laetitia Mpoyi,Juridique,Sécurité au travail,EXTERNE,32,1198.21
955,2025-04-22,2025,4,Laetitia Mpoyi,Juridique,Sécurité au travail,E_LEARNING,32,228.66
1049,2025-06-08,2025,6,Laetitia Mpoyi,Juridique,Service client de qualité,INTERNE,17,603.53
1068,2025-06-17,2025,6,Laetitia Mpoyi,Juridique,Gestion de projet agile,E_LEARNING,17,157.34
1168,2025-08-06,2025,8,Laetitia Mpoyi,Juridique,Comptabilité analytique,EXTERNE,20,1183.53
1267,2025-09-25,2025,9,Laetitia Mpoyi,Juridique,Gestion de projet agile,E_LEARNING,7,226.01
1381,2025-11-21,2025,11,Laetitia Mpoyi,Juridique,Excel avancé pour la finance,INTERNE,20,634.18
1389,2025-11-25,2025,11,Laetitia Mpoyi,Juridique,Négociation commerciale,INTERNE,14,753.65
1420,2025-12-10,2025,12,Laetitia Mpoyi,Juridique,Excel avancé pour la finance,E_LEARNING,32,206.77
1439,2025-12-20,2025,12,Laetitia Mpoyi,Juridique,Service client de qualité,E_LEARNING,4,207.80
1461,2025-12-31,2025,12,Laetitia Mpoyi,Juridique,Power BI et analyse de données,E_LEARNING,29,179.88
1682,2026-04-20,2026,4,Laetitia Mpoyi,Juridique,Leadership et management,EXTERNE,8,886.46
2111,2026-11-21,2026,11,Laetitia Mpoyi,Juridique,Sécurité au travail,E_LEARNING,25,94.53
2303,2027-02-25,2027,2,Laetitia Mpoyi,Juridique,Négociation commerciale,EXTERNE,25,512.59
2419,2027-04-24,2027,4,Laetitia Mpoyi,Juridique,Négociation commerciale,E_LEARNING,27,71.72
2445,2027-05-07,2027,5,Laetitia Mpoyi,Juridique,Négociation commerciale,EXTERNE,28,622.35
2450,2027-05-09,2027,5,Laetitia Mpoyi,Juridique,Leadership et management,E_LEARNING,18,285.10
2545,2027-06-26,2027,6,Laetitia Mpoyi,Juridique,Gestion de projet agile,INTERNE,31,589.66
2594,2027-07-20,2027,7,Laetitia Mpoyi,Juridique,Négociation commerciale,E_LEARNING,26,343.10
2682,2027-09-02,2027,9,Laetitia Mpoyi,Juridique,Excel avancé pour la finance,EXTERNE,9,2250.21
2801,2027-11-01,2027,11,Laetitia Mpoyi,Juridique,Leadership et management,E_LEARNING,14,143.34
2824,2027-11-12,2027,11,Laetitia Mpoyi,Juridique,Gestion de projet agile,E_LEARNING,16,307.81
167,2024-03-24,2024,3,Fabrice Luzolo,Juridique,Excel avancé pour la finance,EXTERNE,6,1073.36
410,2024-07-23,2024,7,Fabrice Luzolo,Juridique,Leadership et management,EXTERNE,9,964.53
551,2024-10-02,2024,10,Fabrice Luzolo,Juridique,Leadership et management,EXTERNE,17,2471.19
652,2024-11-21,2024,11,Fabrice Luzolo,Juridique,Power BI et analyse de données,EXTERNE,9,2797.09
942,2025-04-15,2025,4,Fabrice Luzolo,Juridique,Leadership et management,EXTERNE,28,1368.17
977,2025-05-03,2025,5,Fabrice Luzolo,Juridique,Power BI et analyse de données,INTERNE,14,817.85
998,2025-05-13,2025,5,Fabrice Luzolo,Juridique,Négociation commerciale,EXTERNE,14,657.05
1237,2025-09-10,2025,9,Fabrice Luzolo,Juridique,Comptabilité analytique,INTERNE,26,216.02
1275,2025-09-29,2025,9,Fabrice Luzolo,Juridique,Gestion de projet agile,EXTERNE,5,2952.77
1470,2026-01-04,2026,1,Fabrice Luzolo,Juridique,Power BI et analyse de données,E_LEARNING,10,68.00
1580,2026-02-28,2026,2,Fabrice Luzolo,Juridique,Service client de qualité,EXTERNE,14,2965.93
2073,2026-11-02,2026,11,Fabrice Luzolo,Juridique,Gestion de projet agile,INTERNE,10,195.91
2074,2026-11-02,2026,11,Fabrice Luzolo,Juridique,Négociation commerciale,EXTERNE,28,1528.95
2223,2027-01-16,2027,1,Fabrice Luzolo,Juridique,Sécurité au travail,E_LEARNING,8,165.89
2384,2027-04-06,2027,4,Fabrice Luzolo,Juridique,Négociation commerciale,E_LEARNING,13,302.86
2730,2027-09-26,2027,9,Fabrice Luzolo,Juridique,Gestion de projet agile,EXTERNE,24,1511.68
