tx_id,date_tx,client_id,compte_id,montant,mode_paiement,statut,description
1,2024-01-01,31,1,7464.79,CHEQUE,VALIDE,Facture F-2024-69345
2,2024-01-01,50,1,2673.76,CARTE,VALIDE,Facture F-2024-45397
3,2024-01-01,13,5,572.15,VIREMENT,VALIDE,Facture F-2024-09308
4,2024-01-01,NULL,13,2029.11,ESPECES,VALIDE,Dépense Impôts et taxes
5,2024-01-01,NULL,13,1660.19,MOBILE_MONEY,VALIDE,Dépense Impôts et taxes
6,2024-01-01,NULL,14,1986.75,ESPECES,VALIDE,Dépense Informatique et logiciels
7,2024-01-02,26,3,138.07,CHEQUE,VALIDE,Facture F-2024-32363
8,2024-01-02,28,5,886.95,CARTE,VALIDE,Facture F-2024-82124
9,2024-01-02,12,5,447.36,CHEQUE,VALIDE,Facture F-2024-33921
10,2024-01-02,47,4,505.42,VIREMENT,VALIDE,Facture F-2024-08615
11,2024-01-02,NULL,13,310.75,MOBILE_MONEY,VALIDE,Dépense Impôts et taxes
12,2024-01-02,NULL,9,554.86,MOBILE_MONEY,VALIDE,Dépense Fournitures et consommables
13,2024-01-02,NULL,14,2344.65,ESPECES,VALIDE,Dépense Informatique et logiciels
14,2024-01-03,26,2,448.63,CHEQUE,VALIDE,Facture F-2024-27043
15,2024-01-03,56,1,6427.66,CHEQUE,VALIDE,Facture F-2024-51041
16,2024-01-03,38,2,691.13,MOBILE_MONEY,VALIDE,Facture F-2024-33887
17,2024-01-03,33,1,1656.15,CARTE,EN_ATTENTE,Facture F-2024-66257
18,2024-01-03,41,1,5753.45,VIREMENT,VALIDE,Facture F-2024-27270
19,2024-01-03,NULL,13,5189.10,ESPECES,VALIDE,Dépense Impôts et taxes
20,2024-01-03,NULL,6,2581.54,VIREMENT,VALIDE,Dépense Salaires et charges sociales
21,2024-01-03,NULL,8,3444.90,VIREMENT,VALIDE,Dépense Marketing et publicité
22,2024-01-03,NULL,12,2889.36,ESPECES,VALIDE,Dépense Assurances
23,2024-01-04,46,5,326.92,CHEQUE,VALIDE,Facture F-2024-35022
24,2024-01-04,23,5,378.72,CARTE,VALIDE,Facture F-2024-93041
25,2024-01-04,39,2,433.96,MOBILE_MONEY,VALIDE,Facture F-2024-97138
26,2024-01-04,53,1,4908.26,MOBILE_MONEY,VALIDE,Facture F-2024-79610
27,2024-01-04,15,3,267.46,MOBILE_MONEY,VALIDE,Facture F-2024-09437
28,2024-01-04,NULL,7,859.34,CARTE,VALIDE,Dépense Loyers et immobilier
29,2024-01-04,NULL,12,1352.80,CARTE,VALIDE,Dépense Assurances
30,2024-01-05,24,1,5199.06,CARTE,VALIDE,Facture F-2024-12929
31,2024-01-05,1,5,777.87,MOBILE_MONEY,VALIDE,Facture F-2024-87042
32,2024-01-05,42,2,1086.23,VIREMENT,VALIDE,Facture F-2024-23095
33,2024-01-05,57,2,964.55,ESPECES,VALIDE,Facture F-2024-34475
34,2024-01-05,NULL,9,2274.66,ESPECES,VALIDE,Dépense Fournitures et consommables
35,2024-01-05,NULL,7,1121.91,MOBILE_MONEY,VALIDE,Dépense Loyers et immobilier
36,2024-01-05,NULL,11,3490.10,CARTE,VALIDE,Dépense Transport et logistique
37,2024-01-06,42,1,1378.98,VIREMENT,VALIDE,Facture F-2024-14168
38,2024-01-06,10,3,117.90,MOBILE_MONEY,VALIDE,Facture F-2024-95822
39,2024-01-06,50,3,147.32,CHEQUE,VALIDE,Facture F-2024-35120
40,2024-01-06,NULL,14,1291.09,VIREMENT,VALIDE,Dépense Informatique et logiciels
41,2024-01-06,NULL,15,399.88,MOBILE_MONEY,VALIDE,Dépense Intérêts et frais bancaires
42,2024-01-06,NULL,13,4109.30,CARTE,VALIDE,Dépense Impôts et taxes
43,2024-01-06,NULL,9,2185.94,VIREMENT,VALIDE,Dépense Fournitures et consommables
44,2024-01-07,12,2,723.25,VIREMENT,VALIDE,Facture F-2024-73626
45,2024-01-07,31,4,352.33,CARTE,VALIDE,Facture F-2024-73174
46,2024-01-07,32,4,421.18,ESPECES,VALIDE,Facture F-2024-95754
47,2024-01-07,1,5,430.89,CARTE,VALIDE,Facture F-2024-49514
48,2024-01-07,NULL,14,2344.77,ESPECES,VALIDE,Dépense Informatique et logiciels
49,2024-01-07,NULL,12,1153.16,MOBILE_MONEY,VALIDE,Dépense Assurances
50,2024-01-07,NULL,11,1874.43,VIREMENT,VALIDE,Dépense Transport et logistique
51,2024-01-07,NULL,13,3283.84,ESPECES,VALIDE,Dépense Impôts et taxes
52,2024-01-08,37,5,453.07,CARTE,VALIDE,Facture F-2024-33507
53,2024-01-08,54,2,225.16,CHEQUE,VALIDE,Facture F-2024-94541
54,2024-01-08,27,5,896.17,MOBILE_MONEY,VALIDE,Facture F-2024-69820
55,2024-01-08,6,5,1375.37,ESPECES,VALIDE,Facture F-2024-66252
56,2024-01-08,NULL,15,435.92,ESPECES,VALIDE,Dépense Intérêts et frais bancaires
57,2024-01-08,NULL,9,1149.15,VIREMENT,VALIDE,Dépense Fournitures et consommables
58,2024-01-08,NULL,10,400.47,CARTE,VALIDE,Dépense Énergie et eau
59,2024-01-08,NULL,8,4204.67,VIREMENT,EN_ATTENTE,Dépense Marketing et publicité
60,2024-01-09,44,5,1204.15,ESPECES,VALIDE,Facture F-2024-84605
61,2024-01-09,3,4,257.89,MOBILE_MONEY,VALIDE,Facture F-2024-96854
62,2024-01-09,32,3,448.33,MOBILE_MONEY,VALIDE,Facture F-2024-72826
63,2024-01-09,20,1,1942.06,VIREMENT,VALIDE,Facture F-2024-95968
64,2024-01-09,NULL,14,1076.25,MOBILE_MONEY,VALIDE,Dépense Informatique et logiciels
65,2024-01-09,NULL,9,542.41,ESPECES,VALIDE,Dépense Fournitures et consommables
66,2024-01-10,27,3,262.25,ESPECES,VALIDE,Facture F-2024-15191
67,2024-01-10,12,4,934.75,ESPECES,VALIDE,Facture F-2024-16608
68,2024-01-10,31,4,1172.30,CARTE,VALIDE,Facture F-2024-50956
69,2024-01-10,47,4,834.14,CARTE,VALIDE,Facture F-2024-24138
70,2024-01-10,47,2,1629.68,CHEQUE,VALIDE,Facture F-2024-37915
71,2024-01-10,NULL,8,6536.61,CARTE,VALIDE,Dépense Marketing et publicité
72,2024-01-10,NULL,13,924.99,ESPECES,VALIDE,Dépense Impôts et taxes
73,2024-01-10,NULL,15,307.52,CARTE,VALIDE,Dépense Intérêts et frais bancaires
74,2024-01-10,NULL,8,7156.39,VIREMENT,VALIDE,Dépense Marketing et publicité
75,2024-01-11,14,4,1141.89,MOBILE_MONEY,VALIDE,Facture F-2024-92683
76,2024-01-11,17,1,2450.26,CARTE,VALIDE,Facture F-2024-66218
77,2024-01-11,40,3,240.48,CARTE,VALIDE,Facture F-2024-94749
78,2024-01-11,38,1,4903.83,VIREMENT,VALIDE,Facture F-2024-13593
79,2024-01-11,51,3,291.24,ESPECES,VALIDE,Facture F-2024-34530
80,2024-01-11,NULL,15,561.07,MOBILE_MONEY,VALIDE,Dépense Intérêts et frais bancaires
81,2024-01-11,NULL,7,2947.20,CARTE,VALIDE,Dépense Loyers et immobilier
82,2024-01-11,NULL,15,606.87,CARTE,VALIDE,Dépense Intérêts et frais bancaires
83,2024-01-12,9,1,3526.67,ESPECES,VALIDE,Facture F-2024-52344
84,2024-01-12,63,4,879.42,ESPECES,VALIDE,Facture F-2024-43647
85,2024-01-12,20,3,414.81,MOBILE_MONEY,VALIDE,Facture F-2024-96682
86,2024-01-12,40,2,421.17,CARTE,VALIDE,Facture F-2024-52600
87,2024-01-12,29,3,430.50,ESPECES,VALIDE,Facture F-2024-12301
88,2024-01-12,NULL,8,2996.44,ESPECES,VALIDE,Dépense Marketing et publicité
89,2024-01-12,NULL,9,2458.41,ESPECES,VALIDE,Dépense Fournitures et consommables
90,2024-01-12,NULL,7,4683.31,MOBILE_MONEY,VALIDE,Dépense Loyers et immobilier
91,2024-01-12,NULL,13,421.06,ESPECES,VALIDE,Dépense Impôts et taxes
92,2024-01-13,45,5,1443.53,MOBILE_MONEY,VALIDE,Facture F-2024-48867
93,2024-01-13,10,1,3119.64,VIREMENT,VALIDE,Facture F-2024-71070
94,2024-01-13,31,2,942.02,VIREMENT,VALIDE,Facture F-2024-94095
95,2024-01-13,22,2,2068.23,MOBILE_MONEY,VALIDE,Facture F-2024-56826
96,2024-01-13,43,5,1068.65,CARTE,VALIDE,Facture F-2024-50979
97,2024-01-13,NULL,13,317.05,MOBILE_MONEY,VALIDE,Dépense Impôts et taxes
98,2024-01-13,NULL,7,1509.86,CARTE,VALIDE,Dépense Loyers et immobilier
99,2024-01-13,NULL,6,6495.22,ESPECES,VALIDE,Dépense Salaires et charges sociales
100,2024-01-13,NULL,14,2355.63,CARTE,VALIDE,Dépense Informatique et logiciels
101,2024-01-14,31,4,712.93,VIREMENT,VALIDE,Facture F-2024-52901
102,2024-01-14,37,3,257.12,CHEQUE,VALIDE,Facture F-2024-79278
103,2024-01-14,21,3,445.88,CHEQUE,VALIDE,Facture F-2024-02182
104,2024-01-14,60,4,416.62,CHEQUE,VALIDE,Facture F-2024-88522
105,2024-01-14,25,2,679.82,MOBILE_MONEY,VALIDE,Facture F-2024-32990
106,2024-01-14,58,4,271.29,CARTE,VALIDE,Facture F-2024-80376
107,2024-01-14,NULL,13,4349.15,VIREMENT,VALIDE,Dépense Impôts et taxes
108,2024-01-14,NULL,7,3750.17,ESPECES,VALIDE,Dépense Loyers et immobilier
109,2024-01-14,NULL,12,1986.71,MOBILE_MONEY,VALIDE,Dépense Assurances
110,2024-01-15,41,4,467.05,ESPECES,VALIDE,Facture F-2024-25794
111,2024-01-15,52,3,228.80,CHEQUE,VALIDE,Facture F-2024-38737
112,2024-01-15,39,3,163.69,ESPECES,VALIDE,Facture F-2024-04199
113,2024-01-15,NULL,13,2751.28,CARTE,VALIDE,Dépense Impôts et taxes
114,2024-01-15,NULL,9,1643.52,MOBILE_MONEY,VALIDE,Dépense Fournitures et consommables
115,2024-01-16,10,1,2019.51,ESPECES,VALIDE,Facture F-2024-95002
116,2024-01-16,55,2,509.37,CHEQUE,VALIDE,Facture F-2024-89139
117,2024-01-16,49,2,1986.48,ESPECES,VALIDE,Facture F-2024-73098
118,2024-01-16,14,3,289.79,VIREMENT,VALIDE,Facture F-2024-89939
119,2024-01-16,31,5,1346.47,VIREMENT,VALIDE,Facture F-2024-23527
120,2024-01-16,63,4,786.09,ESPECES,VALIDE,Facture F-2024-04390
121,2024-01-16,62,4,1084.32,CARTE,VALIDE,Facture F-2024-01694
122,2024-01-16,63,3,295.86,VIREMENT,VALIDE,Facture F-2024-42001
123,2024-01-16,NULL,11,4790.18,VIREMENT,VALIDE,Dépense Transport et logistique
124,2024-01-16,NULL,10,1156.68,CARTE,EN_ATTENTE,Dépense Énergie et eau
125,2024-01-16,NULL,6,3714.59,CARTE,VALIDE,Dépense Salaires et charges sociales
126,2024-01-16,NULL,9,1636.03,ESPECES,VALIDE,Dépense Fournitures et consommables
127,2024-01-17,26,2,845.41,CARTE,VALIDE,Facture F-2024-89079
128,2024-01-17,43,5,859.69,ESPECES,VALIDE,Facture F-2024-41783
129,2024-01-17,22,2,1611.84,ESPECES,VALIDE,Facture F-2024-28210
130,2024-01-17,NULL,9,323.58,ESPECES,VALIDE,Dépense Fournitures et consommables
131,2024-01-17,NULL,15,334.79,VIREMENT,VALIDE,Dépense Intérêts et frais bancaires
132,2024-01-17,NULL,15,665.32,VIREMENT,VALIDE,Dépense Intérêts et frais bancaires
133,2024-01-17,NULL,15,177.18,MOBILE_MONEY,VALIDE,Dépense Intérêts et frais bancaires
134,2024-01-18,23,4,539.26,CARTE,VALIDE,Facture F-2024-31194
135,2024-01-18,60,3,389.88,VIREMENT,VALIDE,Facture F-2024-71187
136,2024-01-18,24,5,399.18,ESPECES,VALIDE,Facture F-2024-49787
137,2024-01-18,6,2,1127.99,CHEQUE,VALIDE,Facture F-2024-44586
138,2024-01-18,NULL,12,2079.63,MOBILE_MONEY,VALIDE,Dépense Assurances
139,2024-01-19,21,1,1455.17,CARTE,VALIDE,Facture F-2024-91588
140,2024-01-19,29,5,1119.06,ESPECES,VALIDE,Facture F-2024-07886
141,2024-01-19,40,4,913.99,MOBILE_MONEY,VALIDE,Facture F-2024-99017
142,2024-01-19,61,5,1161.97,CHEQUE,VALIDE,Facture F-2024-17922
143,2024-01-19,65,4,1054.91,CHEQUE,VALIDE,Facture F-2024-11589
144,2024-01-19,NULL,8,3649.41,VIREMENT,VALIDE,Dépense Marketing et publicité
145,2024-01-19,NULL,9,1127.53,MOBILE_MONEY,VALIDE,Dépense Fournitures et consommables
146,2024-01-19,NULL,11,3665.81,MOBILE_MONEY,VALIDE,Dépense Transport et logistique
147,2024-01-20,28,2,2107.47,MOBILE_MONEY,VALIDE,Facture F-2024-07267
148,2024-01-20,26,5,499.04,CHEQUE,VALIDE,Facture F-2024-94171
149,2024-01-20,8,4,379.40,CARTE,VALIDE,Facture F-2024-64044
150,2024-01-20,NULL,8,6108.32,CARTE,VALIDE,Dépense Marketing et publicité
151,2024-01-20,NULL,12,2458.88,MOBILE_MONEY,VALIDE,Dépense Assurances
152,2024-01-21,5,2,1189.76,CHEQUE,VALIDE,Facture F-2024-46841
153,2024-01-21,46,5,991.06,CARTE,VALIDE,Facture F-2024-20970
154,2024-01-21,59,4,597.83,CARTE,VALIDE,Facture F-2024-22127
155,2024-01-21,27,4,376.32,CHEQUE,VALIDE,Facture F-2024-16752
156,2024-01-21,NULL,13,1537.41,VIREMENT,VALIDE,Dépense Impôts et taxes
157,2024-01-21,NULL,7,453.21,MOBILE_MONEY,VALIDE,Dépense Loyers et immobilier
158,2024-01-22,35,4,992.70,ESPECES,VALIDE,Facture F-2024-73074
159,2024-01-22,48,3,421.95,CARTE,VALIDE,Facture F-2024-11822
160,2024-01-22,46,4,865.74,VIREMENT,EN_ATTENTE,Facture F-2024-88297
161,2024-01-22,NULL,6,6721.08,MOBILE_MONEY,VALIDE,Dépense Salaires et charges sociales
162,2024-01-23,9,1,3703.80,CARTE,VALIDE,Facture F-2024-01454
163,2024-01-23,21,1,3113.23,ESPECES,VALIDE,Facture F-2024-03942
164,2024-01-23,51,4,718.33,CHEQUE,VALIDE,Facture F-2024-46586
165,2024-01-23,NULL,8,5595.79,MOBILE_MONEY,VALIDE,Dépense Marketing et publicité
166,2024-01-24,55,5,583.26,MOBILE_MONEY,VALIDE,Facture F-2024-20026
167,2024-01-24,63,2,1987.33,VIREMENT,EN_ATTENTE,Facture F-2024-95723
168,2024-01-24,NULL,8,4929.67,MOBILE_MONEY,VALIDE,Dépense Marketing et publicité
169,2024-01-24,NULL,7,492.86,CARTE,VALIDE,Dépense Loyers et immobilier
170,2024-01-25,45,5,1188.12,CHEQUE,VALIDE,Facture F-2024-33083
171,2024-01-25,50,1,3040.50,ESPECES,VALIDE,Facture F-2024-90429
172,2024-01-25,24,2,547.36,CARTE,VALIDE,Facture F-2024-30790
173,2024-01-25,39,1,5158.94,MOBILE_MONEY,VALIDE,Facture F-2024-52456
174,2024-01-25,37,5,710.30,VIREMENT,VALIDE,Facture F-2024-81047
175,2024-01-25,64,3,228.52,VIREMENT,VALIDE,Facture F-2024-67712
176,2024-01-25,NULL,11,1195.46,MOBILE_MONEY,VALIDE,Dépense Transport et logistique
177,2024-01-25,NULL,9,1446.53,ESPECES,VALIDE,Dépense Fournitures et consommables
178,2024-01-25,NULL,8,5004.14,MOBILE_MONEY,VALIDE,Dépense Marketing et publicité
179,2024-01-25,NULL,10,994.88,VIREMENT,VALIDE,Dépense Énergie et eau
180,2024-01-26,38,4,839.35,CARTE,VALIDE,Facture F-2024-39031
181,2024-01-26,33,1,1343.51,VIREMENT,VALIDE,Facture F-2024-29218
182,2024-01-26,59,1,717.83,VIREMENT,VALIDE,Facture F-2024-41892
183,2024-01-26,14,2,516.50,CARTE,VALIDE,Facture F-2024-63177
184,2024-01-26,43,1,7308.91,ESPECES,VALIDE,Facture F-2024-35344
185,2024-01-26,27,3,261.45,MOBILE_MONEY,VALIDE,Facture F-2024-89814
186,2024-01-26,36,2,2149.63,CARTE,VALIDE,Facture F-2024-79777
187,2024-01-26,NULL,11,1630.23,ESPECES,VALIDE,Dépense Transport et logistique
188,2024-01-26,NULL,6,13975.45,CARTE,VALIDE,Dépense Salaires et charges sociales
189,2024-01-26,NULL,8,2017.88,ESPECES,VALIDE,Dépense Marketing et publicité
190,2024-01-26,NULL,12,1262.94,CARTE,VALIDE,Dépense Assurances
191,2024-01-27,19,3,382.65,VIREMENT,VALIDE,Facture F-2024-38143
192,2024-01-27,24,2,2022.32,ESPECES,VALIDE,Facture F-2024-17501
193,2024-01-27,61,1,3344.99,CHEQUE,VALIDE,Facture F-2024-27251
194,2024-01-27,36,1,2880.23,CARTE,VALIDE,Facture F-2024-48730
195,2024-01-27,11,5,317.09,CHEQUE,VALIDE,Facture F-2024-04175
196,2024-01-27,13,2,489.37,CARTE,VALIDE,Facture F-2024-07476
197,2024-01-27,NULL,15,452.05,MOBILE_MONEY,VALIDE,Dépense Intérêts et frais bancaires
198,2024-01-28,21,2,1977.04,MOBILE_MONEY,VALIDE,Facture F-2024-67207
199,2024-01-28,20,5,1363.87,VIREMENT,VALIDE,Facture F-2024-63819
200,2024-01-28,24,5,580.22,MOBILE_MONEY,VALIDE,Facture F-2024-02058
201,2024-01-28,46,4,449.73,CHEQUE,VALIDE,Facture F-2024-20043
202,2024-01-28,5,4,345.57,VIREMENT,VALIDE,Facture F-2024-69640
203,2024-01-28,53,4,899.60,CARTE,VALIDE,Facture F-2024-99060
204,2024-01-28,21,3,134.95,CHEQUE,VALIDE,Facture F-2024-47618
205,2024-01-28,53,4,311.74,CARTE,EN_ATTENTE,Facture F-2024-53668
206,2024-01-28,NULL,11,3443.38,ESPECES,VALIDE,Dépense Transport et logistique
207,2024-01-28,NULL,12,2317.75,CARTE,VALIDE,Dépense Assurances
208,2024-01-29,40,1,7300.74,CARTE,VALIDE,Facture F-2024-09369
209,2024-01-29,36,3,54.97,VIREMENT,VALIDE,Facture F-2024-85056
210,2024-01-29,50,5,542.13,VIREMENT,VALIDE,Facture F-2024-65265
211,2024-01-29,NULL,13,1831.12,ESPECES,VALIDE,Dépense Impôts et taxes
212,2024-01-29,NULL,11,2531.81,CARTE,VALIDE,Dépense Transport et logistique
213,2024-01-29,NULL,8,2143.44,VIREMENT,VALIDE,Dépense Marketing et publicité
214,2024-01-30,65,2,280.97,VIREMENT,VALIDE,Facture F-2024-49215
215,2024-01-30,31,1,6020.81,CARTE,VALIDE,Facture F-2024-19786
216,2024-01-30,17,3,268.53,CARTE,VALIDE,Facture F-2024-03495
217,2024-01-30,NULL,9,894.85,ESPECES,EN_ATTENTE,Dépense Fournitures et consommables
218,2024-01-31,15,1,5271.71,MOBILE_MONEY,VALIDE,Facture F-2024-38226
219,2024-01-31,26,2,224.02,ESPECES,VALIDE,Facture F-2024-79350
220,2024-01-31,60,4,953.81,CHEQUE,VALIDE,Facture F-2024-89543
221,2024-01-31,8,3,403.06,MOBILE_MONEY,VALIDE,Facture F-2024-97843
222,2024-01-31,NULL,15,195.40,MOBILE_MONEY,VALIDE,Dépense Intérêts et frais bancaires
223,2024-01-31,NULL,15,289.00,CARTE,VALIDE,Dépense Intérêts et frais bancaires
224,2024-01-31,NULL,10,1461.15,CARTE,VALIDE,Dépense Énergie et eau
225,2024-02-01,37,1,3769.49,CHEQUE,VALIDE,Facture F-2024-23792
226,2024-02-01,14,4,878.16,CHEQUE,VALIDE,Facture F-2024-65809
227,2024-02-01,3,5,1237.46,MOBILE_MONEY,VALIDE,Facture F-2024-77972
228,2024-02-01,NULL,8,7822.93,MOBILE_MONEY,VALIDE,Dépense Marketing et publicité
229,2024-02-01,NULL,6,18471.10,MOBILE_MONEY,VALIDE,Dépense Salaires et charges sociales
230,2024-02-01,NULL,13,996.77,ESPECES,VALIDE,Dépense Impôts et taxes
231,2024-02-02,54,2,1129.35,CHEQUE,VALIDE,Facture F-2024-55145
232,2024-02-02,40,5,857.10,VIREMENT,VALIDE,Facture F-2024-78511
233,2024-02-02,34,1,819.37,CARTE,VALIDE,Facture F-2024-35062
234,2024-02-02,NULL,15,398.08,CARTE,VALIDE,Dépense Intérêts et frais bancaires
235,2024-02-02,NULL,10,885.31,ESPECES,VALIDE,Dépense Énergie et eau
236,2024-02-03,22,1,3629.83,CHEQUE,VALIDE,Facture F-2024-94164
237,2024-02-03,22,2,2100.97,CHEQUE,VALIDE,Facture F-2024-12253
238,2024-02-03,32,4,295.84,CHEQUE,VALIDE,Facture F-2024-11473
239,2024-02-03,9,3,130.21,CARTE,VALIDE,Facture F-2024-69515
240,2024-02-03,9,4,916.61,CHEQUE,VALIDE,Facture F-2024-30826
241,2024-02-03,NULL,9,983.41,CARTE,VALIDE,Dépense Fournitures et consommables
242,2024-02-03,NULL,13,1102.33,ESPECES,VALIDE,Dépense Impôts et taxes
243,2024-02-03,NULL,7,2318.96,VIREMENT,VALIDE,Dépense Loyers et immobilier
244,2024-02-03,NULL,8,2543.79,ESPECES,VALIDE,Dépense Marketing et publicité
245,2024-02-04,50,5,610.59,CARTE,VALIDE,Facture F-2024-66794
246,2024-02-04,22,3,138.93,VIREMENT,VALIDE,Facture F-2024-65101
247,2024-02-04,4,1,2556.54,ESPECES,VALIDE,Facture F-2024-95677
248,2024-02-04,11,1,5889.49,ESPECES,VALIDE,Facture F-2024-06914
249,2024-02-04,7,1,2827.48,MOBILE_MONEY,VALIDE,Facture F-2024-39331
250,2024-02-04,43,4,1189.41,CHEQUE,VALIDE,Facture F-2024-99924
251,2024-02-04,64,2,1613.27,CHEQUE,VALIDE,Facture F-2024-14946
252,2024-02-04,NULL,6,17537.75,ESPECES,VALIDE,Dépense Salaires et charges sociales
253,2024-02-05,14,4,905.48,ESPECES,VALIDE,Facture F-2024-40785
254,2024-02-05,4,4,580.82,ESPECES,VALIDE,Facture F-2024-27357
255,2024-02-05,40,2,517.24,ESPECES,VALIDE,Facture F-2024-16076
256,2024-02-05,65,5,600.13,MOBILE_MONEY,VALIDE,Facture F-2024-21565
257,2024-02-05,NULL,14,4331.38,ESPECES,VALIDE,Dépense Informatique et logiciels
258,2024-02-05,NULL,6,4810.67,CARTE,VALIDE,Dépense Salaires et charges sociales
259,2024-02-05,NULL,13,2663.58,MOBILE_MONEY,VALIDE,Dépense Impôts et taxes
260,2024-02-05,NULL,10,1851.25,ESPECES,VALIDE,Dépense Énergie et eau
261,2024-02-06,59,3,384.07,MOBILE_MONEY,VALIDE,Facture F-2024-21278
262,2024-02-06,5,3,332.44,ESPECES,VALIDE,Facture F-2024-07258
263,2024-02-06,29,1,6121.65,VIREMENT,VALIDE,Facture F-2024-21276
264,2024-02-06,24,1,1905.09,VIREMENT,VALIDE,Facture F-2024-51793
265,2024-02-06,45,4,690.40,ESPECES,VALIDE,Facture F-2024-78563
266,2024-02-06,38,1,2539.20,CHEQUE,EN_ATTENTE,Facture F-2024-86292
267,2024-02-06,10,5,514.12,MOBILE_MONEY,VALIDE,Facture F-2024-77449
268,2024-02-06,NULL,15,485.45,VIREMENT,VALIDE,Dépense Intérêts et frais bancaires
269,2024-02-06,NULL,10,592.88,VIREMENT,VALIDE,Dépense Énergie et eau
270,2024-02-06,NULL,15,714.15,ESPECES,VALIDE,Dépense Intérêts et frais bancaires
271,2024-02-07,62,1,5182.30,ESPECES,VALIDE,Facture F-2024-23951
272,2024-02-07,45,4,608.68,MOBILE_MONEY,VALIDE,Facture F-2024-25558
273,2024-02-07,14,3,143.51,VIREMENT,VALIDE,Facture F-2024-72168
274,2024-02-07,56,2,1456.29,VIREMENT,VALIDE,Facture F-2024-49341
275,2024-02-07,24,1,2505.64,CHEQUE,VALIDE,Facture F-2024-19217
276,2024-02-07,NULL,8,5548.91,CARTE,VALIDE,Dépense Marketing et publicité
277,2024-02-08,43,2,559.83,VIREMENT,VALIDE,Facture F-2024-36609
278,2024-02-08,36,5,1409.21,CARTE,EN_ATTENTE,Facture F-2024-68124
279,2024-02-08,4,2,1376.99,CARTE,VALIDE,Facture F-2024-78540
280,2024-02-08,NULL,15,291.04,ESPECES,VALIDE,Dépense Intérêts et frais bancaires
281,2024-02-08,NULL,12,1670.44,MOBILE_MONEY,VALIDE,Dépense Assurances
282,2024-02-08,NULL,13,4215.58,MOBILE_MONEY,VALIDE,Dépense Impôts et taxes
283,2024-02-08,NULL,14,1911.15,CARTE,EN_ATTENTE,Dépense Informatique et logiciels
284,2024-02-09,9,1,2629.76,CHEQUE,VALIDE,Facture F-2024-58178
285,2024-02-09,52,1,5118.61,ESPECES,EN_ATTENTE,Facture F-2024-70010
286,2024-02-09,18,2,1190.94,CHEQUE,VALIDE,Facture F-2024-79347
287,2024-02-09,28,4,1063.88,ESPECES,VALIDE,Facture F-2024-76900
288,2024-02-09,41,4,928.97,MOBILE_MONEY,VALIDE,Facture F-2024-40769
289,2024-02-09,NULL,12,554.01,CARTE,EN_ATTENTE,Dépense Assurances
290,2024-02-09,NULL,6,16863.71,MOBILE_MONEY,VALIDE,Dépense Salaires et charges sociales
291,2024-02-10,5,3,92.62,CARTE,VALIDE,Facture F-2024-99922
292,2024-02-10,8,4,887.01,ESPECES,VALIDE,Facture F-2024-53109
293,2024-02-10,63,4,881.17,ESPECES,VALIDE,Facture F-2024-14849
294,2024-02-10,62,2,2045.05,VIREMENT,VALIDE,Facture F-2024-92833
295,2024-02-10,35,2,1911.54,CHEQUE,VALIDE,Facture F-2024-29929
296,2024-02-10,42,2,695.21,CHEQUE,VALIDE,Facture F-2024-79217
297,2024-02-10,34,4,440.75,ESPECES,VALIDE,Facture F-2024-65055
298,2024-02-10,NULL,15,455.04,VIREMENT,EN_ATTENTE,Dépense Intérêts et frais bancaires
299,2024-02-10,NULL,13,2950.55,MOBILE_MONEY,VALIDE,Dépense Impôts et taxes
300,2024-02-11,45,2,1478.68,MOBILE_MONEY,VALIDE,Facture F-2024-91944
301,2024-02-11,65,5,434.70,ESPECES,VALIDE,Facture F-2024-03017
302,2024-02-11,23,4,857.36,CARTE,VALIDE,Facture F-2024-94701
303,2024-02-11,15,3,388.14,CARTE,EN_ATTENTE,Facture F-2024-21384
304,2024-02-11,55,5,868.52,CHEQUE,VALIDE,Facture F-2024-78734
305,2024-02-11,27,3,202.85,CARTE,VALIDE,Facture F-2024-73987
306,2024-02-11,NULL,12,2282.09,MOBILE_MONEY,VALIDE,Dépense Assurances
307,2024-02-11,NULL,8,5106.35,MOBILE_MONEY,VALIDE,Dépense Marketing et publicité
308,2024-02-11,NULL,15,256.55,ESPECES,VALIDE,Dépense Intérêts et frais bancaires
309,2024-02-11,NULL,9,247.22,MOBILE_MONEY,VALIDE,Dépense Fournitures et consommables
310,2024-02-12,4,3,338.39,VIREMENT,VALIDE,Facture F-2024-35565
311,2024-02-12,27,4,1163.46,VIREMENT,VALIDE,Facture F-2024-23009
312,2024-02-12,62,4,743.04,MOBILE_MONEY,VALIDE,Facture F-2024-82856
313,2024-02-12,NULL,11,4844.91,ESPECES,VALIDE,Dépense Transport et logistique
314,2024-02-13,60,3,155.55,VIREMENT,VALIDE,Facture F-2024-25574
315,2024-02-13,40,3,304.83,CHEQUE,EN_ATTENTE,Facture F-2024-84086
316,2024-02-13,39,1,6956.54,CARTE,EN_ATTENTE,Facture F-2024-51071
317,2024-02-13,62,2,1924.64,MOBILE_MONEY,VALIDE,Facture F-2024-83655
318,2024-02-13,30,3,246.20,CHEQUE,VALIDE,Facture F-2024-30924
319,2024-02-13,NULL,6,6626.67,MOBILE_MONEY,VALIDE,Dépense Salaires et charges sociales
320,2024-02-13,NULL,7,3624.71,VIREMENT,VALIDE,Dépense Loyers et immobilier
321,2024-02-13,NULL,14,1137.81,ESPECES,VALIDE,Dépense Informatique et logiciels
322,2024-02-14,15,3,228.41,ESPECES,VALIDE,Facture F-2024-17583
323,2024-02-14,34,1,4312.60,CARTE,VALIDE,Facture F-2024-30400
324,2024-02-14,21,1,3416.65,ESPECES,VALIDE,Facture F-2024-07497
325,2024-02-14,51,5,1325.54,CARTE,VALIDE,Facture F-2024-98789
326,2024-02-14,36,5,368.47,CHEQUE,VALIDE,Facture F-2024-59869
327,2024-02-14,52,2,245.70,ESPECES,VALIDE,Facture F-2024-60965
328,2024-02-14,NULL,10,336.65,MOBILE_MONEY,VALIDE,Dépense Énergie et eau
329,2024-02-15,64,5,304.39,ESPECES,VALIDE,Facture F-2024-00861
330,2024-02-15,24,3,187.34,CARTE,VALIDE,Facture F-2024-45808
331,2024-02-15,36,3,446.60,ESPECES,VALIDE,Facture F-2024-03056
332,2024-02-15,26,2,336.90,MOBILE_MONEY,VALIDE,Facture F-2024-36419
333,2024-02-15,NULL,8,5070.64,MOBILE_MONEY,VALIDE,Dépense Marketing et publicité
334,2024-02-15,NULL,9,651.06,ESPECES,VALIDE,Dépense Fournitures et consommables
335,2024-02-15,NULL,10,2055.90,CARTE,VALIDE,Dépense Énergie et eau
336,2024-02-16,43,5,1341.34,CARTE,VALIDE,Facture F-2024-16482
337,2024-02-16,51,2,426.78,CHEQUE,VALIDE,Facture F-2024-49812
338,2024-02-16,42,4,517.93,CARTE,VALIDE,Facture F-2024-72800
339,2024-02-16,16,4,333.02,CARTE,VALIDE,Facture F-2024-82013
340,2024-02-16,17,1,6529.81,VIREMENT,VALIDE,Facture F-2024-62495
341,2024-02-16,NULL,8,5298.17,MOBILE_MONEY,VALIDE,Dépense Marketing et publicité
342,2024-02-16,NULL,12,2481.68,VIREMENT,VALIDE,Dépense Assurances
343,2024-02-16,NULL,10,230.88,CARTE,VALIDE,Dépense Énergie et eau
344,2024-02-17,5,5,1107.90,MOBILE_MONEY,VALIDE,Facture F-2024-45464
345,2024-02-17,50,2,478.73,MOBILE_MONEY,VALIDE,Facture F-2024-51265
346,2024-02-17,11,5,311.80,MOBILE_MONEY,VALIDE,Facture F-2024-56822
347,2024-02-17,19,1,2042.98,MOBILE_MONEY,VALIDE,Facture F-2024-82553
348,2024-02-17,6,1,1308.09,VIREMENT,VALIDE,Facture F-2024-21577
349,2024-02-17,37,2,332.36,VIREMENT,VALIDE,Facture F-2024-07856
350,2024-02-17,NULL,12,1709.30,CARTE,VALIDE,Dépense Assurances
351,2024-02-17,NULL,6,17724.23,ESPECES,VALIDE,Dépense Salaires et charges sociales
352,2024-02-17,NULL,7,1638.99,VIREMENT,VALIDE,Dépense Loyers et immobilier
353,2024-02-17,NULL,9,1326.44,CARTE,VALIDE,Dépense Fournitures et consommables
354,2024-02-18,59,1,2210.93,MOBILE_MONEY,VALIDE,Facture F-2024-86068
355,2024-02-18,15,5,557.96,ESPECES,VALIDE,Facture F-2024-46858
356,2024-02-18,60,3,136.11,CHEQUE,VALIDE,Facture F-2024-15791
357,2024-02-18,59,1,2503.47,MOBILE_MONEY,VALIDE,Facture F-2024-88367
358,2024-02-18,NULL,15,138.31,VIREMENT,VALIDE,Dépense Intérêts et frais bancaires
359,2024-02-18,NULL,10,471.90,MOBILE_MONEY,VALIDE,Dépense Énergie et eau
360,2024-02-18,NULL,14,562.41,MOBILE_MONEY,VALIDE,Dépense Informatique et logiciels
361,2024-02-19,63,3,86.01,MOBILE_MONEY,VALIDE,Facture F-2024-61000
362,2024-02-19,46,3,54.64,MOBILE_MONEY,VALIDE,Facture F-2024-32831
363,2024-02-19,23,2,2086.96,ESPECES,VALIDE,Facture F-2024-49306
364,2024-02-19,42,4,522.80,ESPECES,VALIDE,Facture F-2024-99474
365,2024-02-19,14,3,344.58,VIREMENT,EN_ATTENTE,Facture F-2024-16647
366,2024-02-19,52,4,1160.60,CARTE,VALIDE,Facture F-2024-75702
367,2024-02-19,NULL,11,5118.79,ESPECES,VALIDE,Dépense Transport et logistique
368,2024-02-19,NULL,6,8308.47,MOBILE_MONEY,VALIDE,Dépense Salaires et charges sociales
369,2024-02-20,53,1,7486.14,CHEQUE,VALIDE,Facture F-2024-99937
370,2024-02-20,28,3,305.86,CHEQUE,VALIDE,Facture F-2024-53053
371,2024-02-20,55,1,7046.26,CHEQUE,VALIDE,Facture F-2024-46876
372,2024-02-20,63,2,593.71,CHEQUE,VALIDE,Facture F-2024-99816
373,2024-02-20,36,5,316.09,VIREMENT,VALIDE,Facture F-2024-37602
374,2024-02-20,29,3,305.59,ESPECES,VALIDE,Facture F-2024-24990
375,2024-02-20,NULL,6,21154.07,MOBILE_MONEY,EN_ATTENTE,Dépense Salaires et charges sociales
376,2024-02-20,NULL,15,587.36,MOBILE_MONEY,VALIDE,Dépense Intérêts et frais bancaires
377,2024-02-21,46,4,822.99,CARTE,VALIDE,Facture F-2024-36601
378,2024-02-21,5,5,1331.00,CHEQUE,VALIDE,Facture F-2024-80121
379,2024-02-21,57,3,435.62,CARTE,VALIDE,Facture F-2024-75535
380,2024-02-21,17,2,902.32,CHEQUE,VALIDE,Facture F-2024-67527
381,2024-02-21,25,2,328.44,MOBILE_MONEY,VALIDE,Facture F-2024-46686
382,2024-02-21,45,4,801.17,CHEQUE,VALIDE,Facture F-2024-86958
383,2024-02-21,53,5,781.28,MOBILE_MONEY,VALIDE,Facture F-2024-03570
384,2024-02-21,NULL,12,1194.05,ESPECES,VALIDE,Dépense Assurances
385,2024-02-21,NULL,15,166.59,ESPECES,VALIDE,Dépense Intérêts et frais bancaires
386,2024-02-22,1,4,277.69,ESPECES,VALIDE,Facture F-2024-84951
387,2024-02-22,41,5,1006.73,MOBILE_MONEY,VALIDE,Facture F-2024-82047
388,2024-02-22,25,3,117.22,VIREMENT,VALIDE,Facture F-2024-19116
389,2024-02-22,54,1,6700.95,VIREMENT,VALIDE,Facture F-2024-19197
390,2024-02-22,41,5,1009.27,MOBILE_MONEY,VALIDE,Facture F-2024-48647
391,2024-02-22,NULL,7,2512.65,CARTE,EN_ATTENTE,Dépense Loyers et immobilier
392,2024-02-23,42,5,1003.37,CARTE,VALIDE,Facture F-2024-74572
393,2024-02-23,55,3,436.67,MOBILE_MONEY,VALIDE,Facture F-2024-13264
394,2024-02-23,60,1,3215.33,CHEQUE,VALIDE,Facture F-2024-83528
395,2024-02-23,NULL,7,257.05,ESPECES,VALIDE,Dépense Loyers et immobilier
396,2024-02-23,NULL,8,4948.46,ESPECES,VALIDE,Dépense Marketing et publicité
397,2024-02-24,31,3,335.80,ESPECES,VALIDE,Facture F-2024-58638
398,2024-02-24,60,3,51.85,CARTE,VALIDE,Facture F-2024-90490
399,2024-02-24,56,5,914.28,ESPECES,VALIDE,Facture F-2024-06903
400,2024-02-24,NULL,13,1594.59,VIREMENT,VALIDE,Dépense Impôts et taxes
401,2024-02-24,NULL,12,2057.62,CARTE,VALIDE,Dépense Assurances
402,2024-02-24,NULL,14,1946.23,ESPECES,VALIDE,Dépense Informatique et logiciels
403,2024-02-25,15,2,783.57,VIREMENT,VALIDE,Facture F-2024-68041
404,2024-02-25,55,4,1050.74,VIREMENT,VALIDE,Facture F-2024-88045
405,2024-02-25,4,2,698.59,MOBILE_MONEY,VALIDE,Facture F-2024-79789
406,2024-02-25,64,3,244.54,CHEQUE,VALIDE,Facture F-2024-93373
407,2024-02-25,5,3,296.43,ESPECES,EN_ATTENTE,Facture F-2024-75159
408,2024-02-25,27,3,218.22,CARTE,VALIDE,Facture F-2024-13400
409,2024-02-25,45,4,793.37,MOBILE_MONEY,VALIDE,Facture F-2024-13065
410,2024-02-25,NULL,7,1196.19,VIREMENT,VALIDE,Dépense Loyers et immobilier
411,2024-02-26,55,5,1010.41,ESPECES,VALIDE,Facture F-2024-25623
412,2024-02-26,56,1,6797.43,CHEQUE,EN_ATTENTE,Facture F-2024-34947
413,2024-02-26,59,3,346.30,MOBILE_MONEY,VALIDE,Facture F-2024-83272
414,2024-02-26,NULL,15,577.29,VIREMENT,VALIDE,Dépense Intérêts et frais bancaires
415,2024-02-26,NULL,7,505.21,MOBILE_MONEY,VALIDE,Dépense Loyers et immobilier
416,2024-02-26,NULL,6,8749.78,MOBILE_MONEY,VALIDE,Dépense Salaires et charges sociales
417,2024-02-27,2,1,1006.54,CARTE,VALIDE,Facture F-2024-91471
418,2024-02-27,15,3,173.01,ESPECES,VALIDE,Facture F-2024-98300
419,2024-02-27,4,2,1574.47,CARTE,VALIDE,Facture F-2024-45528
420,2024-02-27,NULL,10,819.86,CARTE,VALIDE,Dépense Énergie et eau
421,2024-02-27,NULL,10,683.67,VIREMENT,VALIDE,Dépense Énergie et eau
422,2024-02-27,NULL,11,2024.50,VIREMENT,VALIDE,Dépense Transport et logistique
423,2024-02-27,NULL,8,3856.36,ESPECES,VALIDE,Dépense Marketing et publicité
424,2024-02-28,57,4,524.59,CARTE,VALIDE,Facture F-2024-98822
425,2024-02-28,61,1,1118.18,VIREMENT,VALIDE,Facture F-2024-68131
426,2024-02-28,16,2,1109.49,CARTE,VALIDE,Facture F-2024-96416
427,2024-02-28,30,5,1073.72,ESPECES,VALIDE,Facture F-2024-44257
428,2024-02-28,33,3,376.89,ESPECES,VALIDE,Facture F-2024-84355
429,2024-02-28,10,5,1398.46,CHEQUE,VALIDE,Facture F-2024-33903
430,2024-02-28,42,2,626.78,VIREMENT,VALIDE,Facture F-2024-38074
431,2024-02-28,NULL,12,1996.48,ESPECES,VALIDE,Dépense Assurances
432,2024-02-29,25,4,675.36,CHEQUE,VALIDE,Facture F-2024-31483
433,2024-02-29,8,5,503.27,CHEQUE,EN_ATTENTE,Facture F-2024-55671
434,2024-02-29,32,4,737.85,ESPECES,VALIDE,Facture F-2024-37304
435,2024-02-29,17,5,1052.49,VIREMENT,EN_ATTENTE,Facture F-2024-31799
436,2024-02-29,39,5,560.15,CHEQUE,VALIDE,Facture F-2024-56522
437,2024-02-29,NULL,9,789.57,ESPECES,VALIDE,Dépense Fournitures et consommables
438,2024-03-01,29,5,898.57,CARTE,VALIDE,Facture F-2024-25698
439,2024-03-01,45,3,434.07,CHEQUE,VALIDE,Facture F-2024-92188
440,2024-03-01,10,5,1227.30,CHEQUE,VALIDE,Facture F-2024-10979
441,2024-03-01,NULL,10,276.40,VIREMENT,VALIDE,Dépense Énergie et eau
442,2024-03-01,NULL,10,859.76,CARTE,VALIDE,Dépense Énergie et eau
443,2024-03-01,NULL,13,1265.44,VIREMENT,VALIDE,Dépense Impôts et taxes
444,2024-03-01,NULL,11,3537.18,ESPECES,VALIDE,Dépense Transport et logistique
445,2024-03-02,32,5,1205.17,CARTE,VALIDE,Facture F-2024-39578
446,2024-03-02,35,2,1506.01,CARTE,VALIDE,Facture F-2024-86626
447,2024-03-02,49,4,890.30,VIREMENT,VALIDE,Facture F-2024-84696
448,2024-03-02,8,4,588.87,CHEQUE,VALIDE,Facture F-2024-79373
449,2024-03-02,55,2,1104.59,ESPECES,VALIDE,Facture F-2024-55950
450,2024-03-02,NULL,8,2849.70,VIREMENT,VALIDE,Dépense Marketing et publicité
451,2024-03-02,NULL,13,880.15,CARTE,VALIDE,Dépense Impôts et taxes
452,2024-03-03,58,1,831.19,CHEQUE,VALIDE,Facture F-2024-86635
453,2024-03-03,15,3,208.27,ESPECES,VALIDE,Facture F-2024-96318
454,2024-03-03,18,1,2057.14,CHEQUE,VALIDE,Facture F-2024-09209
455,2024-03-03,12,1,4846.32,CHEQUE,VALIDE,Facture F-2024-99485
456,2024-03-03,7,3,149.17,CHEQUE,VALIDE,Facture F-2024-98702
457,2024-03-03,9,1,4472.78,MOBILE_MONEY,VALIDE,Facture F-2024-87581
458,2024-03-03,63,1,3756.99,MOBILE_MONEY,VALIDE,Facture F-2024-55136
459,2024-03-03,33,1,3176.71,CHEQUE,VALIDE,Facture F-2024-52628
460,2024-03-03,NULL,6,11542.12,VIREMENT,VALIDE,Dépense Salaires et charges sociales
461,2024-03-03,NULL,9,409.87,CARTE,VALIDE,Dépense Fournitures et consommables
462,2024-03-03,NULL,11,4147.48,VIREMENT,EN_ATTENTE,Dépense Transport et logistique
463,2024-03-04,47,4,612.15,CARTE,VALIDE,Facture F-2024-59729
464,2024-03-04,21,4,882.35,CARTE,VALIDE,Facture F-2024-15387
465,2024-03-04,31,2,564.58,CHEQUE,VALIDE,Facture F-2024-17295
466,2024-03-04,25,3,104.34,CARTE,VALIDE,Facture F-2024-87195
467,2024-03-04,14,4,939.31,VIREMENT,VALIDE,Facture F-2024-50951
468,2024-03-04,27,1,5737.11,ESPECES,VALIDE,Facture F-2024-96589
469,2024-03-04,NULL,13,2442.61,VIREMENT,VALIDE,Dépense Impôts et taxes
470,2024-03-05,58,5,1478.58,CARTE,VALIDE,Facture F-2024-15535
471,2024-03-05,8,2,1426.07,CHEQUE,VALIDE,Facture F-2024-82026
472,2024-03-05,21,3,422.33,MOBILE_MONEY,VALIDE,Facture F-2024-54880
473,2024-03-05,20,4,350.92,MOBILE_MONEY,VALIDE,Facture F-2024-01290
474,2024-03-05,29,2,804.62,VIREMENT,VALIDE,Facture F-2024-92292
475,2024-03-05,NULL,13,2546.48,MOBILE_MONEY,VALIDE,Dépense Impôts et taxes
476,2024-03-06,20,1,7248.70,MOBILE_MONEY,VALIDE,Facture F-2024-08473
477,2024-03-06,3,3,398.93,MOBILE_MONEY,VALIDE,Facture F-2024-54983
478,2024-03-06,7,3,388.56,VIREMENT,VALIDE,Facture F-2024-92894
479,2024-03-06,NULL,10,239.99,VIREMENT,VALIDE,Dépense Énergie et eau
480,2024-03-07,20,3,134.57,VIREMENT,VALIDE,Facture F-2024-74640
481,2024-03-07,30,2,700.40,MOBILE_MONEY,VALIDE,Facture F-2024-19167
482,2024-03-07,18,2,719.45,MOBILE_MONEY,VALIDE,Facture F-2024-19307
483,2024-03-07,14,1,4422.63,CARTE,VALIDE,Facture F-2024-38717
484,2024-03-07,NULL,8,386.83,MOBILE_MONEY,VALIDE,Dépense Marketing et publicité
485,2024-03-08,15,2,1059.24,VIREMENT,VALIDE,Facture F-2024-76014
486,2024-03-08,48,3,218.31,CARTE,VALIDE,Facture F-2024-53548
487,2024-03-08,46,2,1680.74,MOBILE_MONEY,VALIDE,Facture F-2024-74152
488,2024-03-08,49,2,1236.29,CARTE,VALIDE,Facture F-2024-22346
489,2024-03-08,NULL,10,1698.69,MOBILE_MONEY,VALIDE,Dépense Énergie et eau
490,2024-03-08,NULL,13,2687.30,VIREMENT,VALIDE,Dépense Impôts et taxes
491,2024-03-08,NULL,14,712.22,VIREMENT,VALIDE,Dépense Informatique et logiciels
492,2024-03-09,59,2,1956.93,CHEQUE,VALIDE,Facture F-2024-37718
493,2024-03-09,41,4,1113.93,MOBILE_MONEY,VALIDE,Facture F-2024-47627
494,2024-03-09,38,2,1999.57,VIREMENT,VALIDE,Facture F-2024-56033
495,2024-03-09,56,2,956.70,ESPECES,VALIDE,Facture F-2024-45410
496,2024-03-09,59,5,1457.86,MOBILE_MONEY,VALIDE,Facture F-2024-69690
497,2024-03-09,NULL,9,2056.46,VIREMENT,VALIDE,Dépense Fournitures et consommables
498,2024-03-09,NULL,15,391.74,CARTE,VALIDE,Dépense Intérêts et frais bancaires
499,2024-03-10,18,5,1249.15,ESPECES,VALIDE,Facture F-2024-01485
500,2024-03-10,28,1,6539.38,ESPECES,VALIDE,Facture F-2024-48461
501,2024-03-10,23,3,81.49,ESPECES,VALIDE,Facture F-2024-73171
502,2024-03-10,59,1,3740.33,MOBILE_MONEY,VALIDE,Facture F-2024-53321
503,2024-03-10,39,5,819.09,MOBILE_MONEY,VALIDE,Facture F-2024-00980
504,2024-03-10,5,3,93.38,CARTE,VALIDE,Facture F-2024-23201
505,2024-03-10,62,5,1408.60,CARTE,VALIDE,Facture F-2024-59572
506,2024-03-10,31,1,1762.83,CHEQUE,VALIDE,Facture F-2024-82615
507,2024-03-10,NULL,15,440.80,VIREMENT,VALIDE,Dépense Intérêts et frais bancaires
508,2024-03-11,48,5,307.43,VIREMENT,VALIDE,Facture F-2024-41078
509,2024-03-11,8,2,1689.85,MOBILE_MONEY,VALIDE,Facture F-2024-30420
510,2024-03-11,10,1,5305.87,CHEQUE,VALIDE,Facture F-2024-72720
511,2024-03-11,22,3,115.95,MOBILE_MONEY,VALIDE,Facture F-2024-96628
512,2024-03-11,NULL,15,162.20,MOBILE_MONEY,VALIDE,Dépense Intérêts et frais bancaires
513,2024-03-12,42,4,1183.58,CHEQUE,VALIDE,Facture F-2024-79583
514,2024-03-12,19,1,728.85,ESPECES,VALIDE,Facture F-2024-42148
515,2024-03-12,23,4,795.88,CHEQUE,VALIDE,Facture F-2024-02129
516,2024-03-12,NULL,7,4196.83,ESPECES,VALIDE,Dépense Loyers et immobilier
517,2024-03-13,40,5,643.27,VIREMENT,VALIDE,Facture F-2024-23287
518,2024-03-13,37,1,5268.91,ESPECES,VALIDE,Facture F-2024-68122
519,2024-03-13,50,4,756.72,MOBILE_MONEY,VALIDE,Facture F-2024-57560
520,2024-03-13,33,3,117.04,VIREMENT,VALIDE,Facture F-2024-80678
521,2024-03-13,NULL,9,1938.21,MOBILE_MONEY,VALIDE,Dépense Fournitures et consommables
522,2024-03-13,NULL,15,367.29,VIREMENT,VALIDE,Dépense Intérêts et frais bancaires
523,2024-03-14,47,4,397.08,MOBILE_MONEY,VALIDE,Facture F-2024-40742
524,2024-03-14,64,1,5672.23,MOBILE_MONEY,VALIDE,Facture F-2024-48129
525,2024-03-14,61,1,3309.32,CHEQUE,VALIDE,Facture F-2024-67138
526,2024-03-14,7,1,3388.30,MOBILE_MONEY,VALIDE,Facture F-2024-48363
527,2024-03-14,27,4,939.63,VIREMENT,VALIDE,Facture F-2024-25916
528,2024-03-14,NULL,6,5316.64,CARTE,VALIDE,Dépense Salaires et charges sociales
529,2024-03-14,NULL,11,747.92,ESPECES,VALIDE,Dépense Transport et logistique
530,2024-03-14,NULL,14,4526.46,VIREMENT,VALIDE,Dépense Informatique et logiciels
531,2024-03-14,NULL,7,1558.78,MOBILE_MONEY,VALIDE,Dépense Loyers et immobilier
532,2024-03-15,7,4,690.66,CARTE,VALIDE,Facture F-2024-56110
533,2024-03-15,24,5,728.10,ESPECES,VALIDE,Facture F-2024-42771
534,2024-03-15,37,5,1377.99,CARTE,VALIDE,Facture F-2024-54269
535,2024-03-15,12,4,778.61,VIREMENT,VALIDE,Facture F-2024-71833
536,2024-03-15,18,4,461.96,CHEQUE,VALIDE,Facture F-2024-33189
537,2024-03-15,NULL,14,2168.21,MOBILE_MONEY,VALIDE,Dépense Informatique et logiciels
538,2024-03-15,NULL,9,2210.64,VIREMENT,VALIDE,Dépense Fournitures et consommables
539,2024-03-15,NULL,7,3823.21,CARTE,VALIDE,Dépense Loyers et immobilier
540,2024-03-15,NULL,6,5285.69,VIREMENT,VALIDE,Dépense Salaires et charges sociales
541,2024-03-16,16,2,323.99,CHEQUE,VALIDE,Facture F-2024-19457
542,2024-03-16,50,2,200.15,ESPECES,VALIDE,Facture F-2024-02235
543,2024-03-16,14,5,844.71,CHEQUE,VALIDE,Facture F-2024-73850
544,2024-03-16,39,3,154.42,CHEQUE,VALIDE,Facture F-2024-98595
545,2024-03-16,8,3,167.60,MOBILE_MONEY,VALIDE,Facture F-2024-40374
546,2024-03-16,27,4,1149.01,MOBILE_MONEY,VALIDE,Facture F-2024-28957
547,2024-03-16,NULL,10,2032.32,CARTE,VALIDE,Dépense Énergie et eau
548,2024-03-16,NULL,9,443.46,ESPECES,VALIDE,Dépense Fournitures et consommables
549,2024-03-17,18,5,954.17,CHEQUE,VALIDE,Facture F-2024-65696
550,2024-03-17,11,4,1133.67,VIREMENT,VALIDE,Facture F-2024-48276
551,2024-03-17,19,3,353.66,ESPECES,VALIDE,Facture F-2024-94544
552,2024-03-17,22,4,958.44,MOBILE_MONEY,VALIDE,Facture F-2024-61759
553,2024-03-17,24,4,1100.05,CARTE,VALIDE,Facture F-2024-72351
554,2024-03-17,NULL,15,56.09,VIREMENT,EN_ATTENTE,Dépense Intérêts et frais bancaires
555,2024-03-17,NULL,14,374.84,CARTE,VALIDE,Dépense Informatique et logiciels
556,2024-03-17,NULL,15,607.79,ESPECES,EN_ATTENTE,Dépense Intérêts et frais bancaires
557,2024-03-18,56,3,243.74,CHEQUE,VALIDE,Facture F-2024-36053
558,2024-03-18,61,3,227.47,CHEQUE,VALIDE,Facture F-2024-37696
559,2024-03-18,58,4,800.93,CHEQUE,VALIDE,Facture F-2024-49715
560,2024-03-18,32,4,263.55,VIREMENT,VALIDE,Facture F-2024-18656
561,2024-03-18,13,5,395.23,CHEQUE,VALIDE,Facture F-2024-65647
562,2024-03-18,NULL,13,4254.22,CARTE,VALIDE,Dépense Impôts et taxes
563,2024-03-18,NULL,14,349.68,ESPECES,VALIDE,Dépense Informatique et logiciels
564,2024-03-19,34,3,181.75,ESPECES,VALIDE,Facture F-2024-09013
565,2024-03-19,62,3,216.75,CHEQUE,VALIDE,Facture F-2024-80729
566,2024-03-19,2,2,679.79,CHEQUE,VALIDE,Facture F-2024-09089
567,2024-03-19,6,2,1394.92,CHEQUE,VALIDE,Facture F-2024-97570
568,2024-03-19,NULL,9,163.52,VIREMENT,VALIDE,Dépense Fournitures et consommables
569,2024-03-19,NULL,13,401.69,VIREMENT,VALIDE,Dépense Impôts et taxes
570,2024-03-19,NULL,14,2238.60,CARTE,VALIDE,Dépense Informatique et logiciels
571,2024-03-19,NULL,12,2488.30,VIREMENT,VALIDE,Dépense Assurances
572,2024-03-20,38,3,243.37,VIREMENT,VALIDE,Facture F-2024-82307
573,2024-03-20,37,2,528.91,CARTE,VALIDE,Facture F-2024-82906
574,2024-03-20,16,2,504.73,MOBILE_MONEY,VALIDE,Facture F-2024-65021
575,2024-03-20,16,5,1115.11,CARTE,VALIDE,Facture F-2024-82993
576,2024-03-20,NULL,10,113.90,VIREMENT,VALIDE,Dépense Énergie et eau
577,2024-03-20,NULL,9,2055.38,VIREMENT,VALIDE,Dépense Fournitures et consommables
578,2024-03-20,NULL,14,1260.65,VIREMENT,VALIDE,Dépense Informatique et logiciels
579,2024-03-21,10,1,3073.14,CHEQUE,VALIDE,Facture F-2024-27492
580,2024-03-21,24,5,690.45,MOBILE_MONEY,VALIDE,Facture F-2024-13053
581,2024-03-21,50,5,712.55,VIREMENT,VALIDE,Facture F-2024-76099
582,2024-03-21,4,5,1100.55,CHEQUE,VALIDE,Facture F-2024-50760
583,2024-03-21,54,1,6853.14,MOBILE_MONEY,VALIDE,Facture F-2024-64581
584,2024-03-21,44,3,371.54,ESPECES,VALIDE,Facture F-2024-64045
585,2024-03-21,2,3,179.04,CHEQUE,VALIDE,Facture F-2024-06027
586,2024-03-21,NULL,15,612.34,MOBILE_MONEY,VALIDE,Dépense Intérêts et frais bancaires
587,2024-03-21,NULL,7,1027.49,MOBILE_MONEY,VALIDE,Dépense Loyers et immobilier
588,2024-03-21,NULL,10,1922.62,CARTE,VALIDE,Dépense Énergie et eau
589,2024-03-22,31,5,904.04,VIREMENT,VALIDE,Facture F-2024-36925
590,2024-03-22,39,1,4208.54,CHEQUE,VALIDE,Facture F-2024-63553
591,2024-03-22,51,5,398.30,VIREMENT,VALIDE,Facture F-2024-60198
592,2024-03-22,22,5,499.94,MOBILE_MONEY,EN_ATTENTE,Facture F-2024-21398
593,2024-03-22,38,5,685.29,ESPECES,VALIDE,Facture F-2024-98506
594,2024-03-22,3,1,4677.98,ESPECES,VALIDE,Facture F-2024-10456
595,2024-03-22,2,1,6924.03,CHEQUE,VALIDE,Facture F-2024-48650
596,2024-03-22,NULL,13,5088.38,ESPECES,EN_ATTENTE,Dépense Impôts et taxes
597,2024-03-22,NULL,7,3350.21,CARTE,VALIDE,Dépense Loyers et immobilier
598,2024-03-22,NULL,6,13321.31,CARTE,VALIDE,Dépense Salaires et charges sociales
599,2024-03-23,18,3,349.17,CARTE,VALIDE,Facture F-2024-74980
600,2024-03-23,46,1,7088.90,VIREMENT,EN_ATTENTE,Facture F-2024-77296
601,2024-03-23,10,4,866.04,ESPECES,VALIDE,Facture F-2024-83177
602,2024-03-23,7,5,1173.11,ESPECES,VALIDE,Facture F-2024-07052
603,2024-03-23,11,3,230.08,ESPECES,VALIDE,Facture F-2024-33890
604,2024-03-23,34,3,76.15,MOBILE_MONEY,EN_ATTENTE,Facture F-2024-35644
605,2024-03-23,NULL,12,1831.24,VIREMENT,VALIDE,Dépense Assurances
606,2024-03-23,NULL,10,1350.63,VIREMENT,VALIDE,Dépense Énergie et eau
607,2024-03-23,NULL,14,4020.35,MOBILE_MONEY,VALIDE,Dépense Informatique et logiciels
608,2024-03-24,10,2,204.26,CHEQUE,VALIDE,Facture F-2024-65050
609,2024-03-24,65,3,123.47,VIREMENT,VALIDE,Facture F-2024-06110
610,2024-03-24,27,5,608.54,MOBILE_MONEY,VALIDE,Facture F-2024-69992
611,2024-03-24,40,4,1013.89,MOBILE_MONEY,VALIDE,Facture F-2024-69378
612,2024-03-24,5,5,1319.39,MOBILE_MONEY,VALIDE,Facture F-2024-11873
613,2024-03-24,14,5,669.99,MOBILE_MONEY,VALIDE,Facture F-2024-38203
614,2024-03-24,33,3,415.09,ESPECES,VALIDE,Facture F-2024-77645
615,2024-03-24,NULL,11,2590.33,MOBILE_MONEY,VALIDE,Dépense Transport et logistique
616,2024-03-24,NULL,12,1143.24,CARTE,VALIDE,Dépense Assurances
617,2024-03-24,NULL,9,287.65,MOBILE_MONEY,VALIDE,Dépense Fournitures et consommables
618,2024-03-24,NULL,14,3343.98,CARTE,VALIDE,Dépense Informatique et logiciels
619,2024-03-25,8,5,426.75,MOBILE_MONEY,VALIDE,Facture F-2024-80212
620,2024-03-25,13,4,1034.21,CARTE,EN_ATTENTE,Facture F-2024-32024
621,2024-03-25,56,2,527.89,CHEQUE,VALIDE,Facture F-2024-77908
622,2024-03-25,7,3,70.47,ESPECES,EN_ATTENTE,Facture F-2024-55222
623,2024-03-25,18,3,297.38,ESPECES,VALIDE,Facture F-2024-41717
624,2024-03-25,44,2,602.44,CARTE,VALIDE,Facture F-2024-08199
625,2024-03-25,NULL,8,6019.00,MOBILE_MONEY,VALIDE,Dépense Marketing et publicité
626,2024-03-25,NULL,8,1369.51,VIREMENT,VALIDE,Dépense Marketing et publicité
627,2024-03-25,NULL,14,1392.64,MOBILE_MONEY,VALIDE,Dépense Informatique et logiciels
628,2024-03-25,NULL,9,1917.76,ESPECES,VALIDE,Dépense Fournitures et consommables
629,2024-03-26,35,5,339.80,MOBILE_MONEY,VALIDE,Facture F-2024-37345
630,2024-03-26,41,1,5069.96,VIREMENT,VALIDE,Facture F-2024-50685
631,2024-03-26,64,1,4550.42,VIREMENT,VALIDE,Facture F-2024-72322
632,2024-03-26,54,4,934.94,MOBILE_MONEY,VALIDE,Facture F-2024-02971
633,2024-03-26,41,2,416.12,CHEQUE,VALIDE,Facture F-2024-32545
634,2024-03-26,26,3,256.18,CARTE,VALIDE,Facture F-2024-94296
635,2024-03-26,22,2,2063.39,MOBILE_MONEY,EN_ATTENTE,Facture F-2024-50107
636,2024-03-26,NULL,14,2913.50,VIREMENT,VALIDE,Dépense Informatique et logiciels
637,2024-03-26,NULL,11,4915.81,ESPECES,VALIDE,Dépense Transport et logistique
638,2024-03-27,54,2,217.73,CHEQUE,VALIDE,Facture F-2024-55667
639,2024-03-27,46,5,1334.64,ESPECES,VALIDE,Facture F-2024-16277
640,2024-03-27,26,5,340.56,CHEQUE,VALIDE,Facture F-2024-97443
641,2024-03-27,NULL,14,964.58,MOBILE_MONEY,VALIDE,Dépense Informatique et logiciels
642,2024-03-27,NULL,6,17353.09,MOBILE_MONEY,VALIDE,Dépense Salaires et charges sociales
643,2024-03-27,NULL,15,262.48,ESPECES,VALIDE,Dépense Intérêts et frais bancaires
644,2024-03-27,NULL,11,4990.49,ESPECES,VALIDE,Dépense Transport et logistique
645,2024-03-28,2,2,558.23,MOBILE_MONEY,VALIDE,Facture F-2024-69113
646,2024-03-28,54,3,213.05,ESPECES,VALIDE,Facture F-2024-18821
647,2024-03-28,59,1,2262.87,CHEQUE,EN_ATTENTE,Facture F-2024-51930
648,2024-03-28,29,2,218.86,ESPECES,VALIDE,Facture F-2024-92806
649,2024-03-28,28,3,354.93,ESPECES,VALIDE,Facture F-2024-07224
650,2024-03-28,44,3,292.31,CARTE,VALIDE,Facture F-2024-60216
651,2024-03-28,38,3,225.47,VIREMENT,VALIDE,Facture F-2024-02476
652,2024-03-28,NULL,6,5144.05,VIREMENT,VALIDE,Dépense Salaires et charges sociales
653,2024-03-28,NULL,15,365.51,VIREMENT,VALIDE,Dépense Intérêts et frais bancaires
654,2024-03-28,NULL,11,831.86,MOBILE_MONEY,VALIDE,Dépense Transport et logistique
655,2024-03-29,54,4,313.00,VIREMENT,EN_ATTENTE,Facture F-2024-11281
656,2024-03-29,40,2,1945.40,VIREMENT,VALIDE,Facture F-2024-61940
657,2024-03-29,5,4,1195.17,CHEQUE,VALIDE,Facture F-2024-93798
658,2024-03-29,20,1,3300.35,ESPECES,VALIDE,Facture F-2024-16545
659,2024-03-29,NULL,10,1975.09,MOBILE_MONEY,VALIDE,Dépense Énergie et eau
660,2024-03-29,NULL,6,7291.64,MOBILE_MONEY,VALIDE,Dépense Salaires et charges sociales
661,2024-03-29,NULL,12,115.79,MOBILE_MONEY,VALIDE,Dépense Assurances
662,2024-03-29,NULL,13,3960.16,MOBILE_MONEY,VALIDE,Dépense Impôts et taxes
663,2024-03-30,10,5,1281.38,CHEQUE,VALIDE,Facture F-2024-55847
664,2024-03-30,5,1,6834.08,CHEQUE,VALIDE,Facture F-2024-00386
665,2024-03-30,28,1,6520.60,ESPECES,VALIDE,Facture F-2024-84318
666,2024-03-30,1,1,5491.20,ESPECES,VALIDE,Facture F-2024-63639
667,2024-03-30,56,2,637.42,CHEQUE,VALIDE,Facture F-2024-63474
668,2024-03-30,17,2,1297.78,CARTE,VALIDE,Facture F-2024-80224
669,2024-03-30,16,1,650.10,MOBILE_MONEY,VALIDE,Facture F-2024-75649
670,2024-03-30,NULL,8,4287.55,VIREMENT,VALIDE,Dépense Marketing et publicité
671,2024-03-30,NULL,14,4127.44,ESPECES,EN_ATTENTE,Dépense Informatique et logiciels
672,2024-03-31,3,2,1237.74,MOBILE_MONEY,VALIDE,Facture F-2024-37328
673,2024-03-31,NULL,15,164.75,CARTE,VALIDE,Dépense Intérêts et frais bancaires
674,2024-04-01,55,3,352.01,CHEQUE,VALIDE,Facture F-2024-84776
675,2024-04-01,49,3,200.04,CHEQUE,VALIDE,Facture F-2024-59882
676,2024-04-01,26,4,235.98,CHEQUE,VALIDE,Facture F-2024-70483
677,2024-04-01,56,2,358.76,CHEQUE,VALIDE,Facture F-2024-69447
678,2024-04-01,31,3,385.92,CARTE,VALIDE,Facture F-2024-11167
679,2024-04-01,63,2,266.40,CARTE,VALIDE,Facture F-2024-31717
680,2024-04-01,NULL,9,2149.56,MOBILE_MONEY,VALIDE,Dépense Fournitures et consommables
681,2024-04-01,NULL,7,4372.06,MOBILE_MONEY,VALIDE,Dépense Loyers et immobilier
682,2024-04-01,NULL,6,2022.71,ESPECES,VALIDE,Dépense Salaires et charges sociales
683,2024-04-02,58,1,1834.95,CHEQUE,VALIDE,Facture F-2024-81355
684,2024-04-02,41,4,497.07,VIREMENT,VALIDE,Facture F-2024-63388
685,2024-04-02,62,4,641.81,ESPECES,VALIDE,Facture F-2024-76803
686,2024-04-02,30,1,6101.44,CHEQUE,VALIDE,Facture F-2024-86132
687,2024-04-02,NULL,13,2087.79,MOBILE_MONEY,VALIDE,Dépense Impôts et taxes
688,2024-04-02,NULL,14,2216.44,VIREMENT,VALIDE,Dépense Informatique et logiciels
689,2024-04-03,50,3,63.14,CARTE,EN_ATTENTE,Facture F-2024-31710
690,2024-04-03,59,2,913.62,ESPECES,VALIDE,Facture F-2024-53475
691,2024-04-03,2,4,1114.29,CHEQUE,VALIDE,Facture F-2024-96855
692,2024-04-03,48,4,669.75,CARTE,VALIDE,Facture F-2024-00331
693,2024-04-03,42,4,1199.11,ESPECES,VALIDE,Facture F-2024-94533
694,2024-04-03,NULL,8,3180.05,CARTE,VALIDE,Dépense Marketing et publicité
695,2024-04-04,10,1,4777.75,CARTE,VALIDE,Facture F-2024-17310
696,2024-04-04,40,1,7046.33,ESPECES,VALIDE,Facture F-2024-05509
697,2024-04-04,NULL,6,18804.89,VIREMENT,VALIDE,Dépense Salaires et charges sociales
698,2024-04-04,NULL,10,943.58,MOBILE_MONEY,VALIDE,Dépense Énergie et eau
699,2024-04-04,NULL,11,6112.08,CARTE,VALIDE,Dépense Transport et logistique
700,2024-04-04,NULL,8,6117.77,CARTE,EN_ATTENTE,Dépense Marketing et publicité
701,2024-04-05,36,1,4194.92,ESPECES,VALIDE,Facture F-2024-12510
702,2024-04-05,12,4,934.11,ESPECES,VALIDE,Facture F-2024-07080
703,2024-04-05,41,3,271.02,MOBILE_MONEY,VALIDE,Facture F-2024-64749
704,2024-04-05,NULL,9,2282.73,MOBILE_MONEY,VALIDE,Dépense Fournitures et consommables
705,2024-04-05,NULL,14,1619.13,ESPECES,VALIDE,Dépense Informatique et logiciels
706,2024-04-05,NULL,14,2514.74,CARTE,EN_ATTENTE,Dépense Informatique et logiciels
707,2024-04-06,16,4,1089.90,CHEQUE,VALIDE,Facture F-2024-71117
708,2024-04-06,8,1,3586.88,CHEQUE,EN_ATTENTE,Facture F-2024-60944
709,2024-04-06,17,5,1278.35,VIREMENT,VALIDE,Facture F-2024-40832
710,2024-04-06,30,4,277.29,CHEQUE,VALIDE,Facture F-2024-27162
711,2024-04-06,NULL,11,2187.84,ESPECES,VALIDE,Dépense Transport et logistique
712,2024-04-06,NULL,12,2368.42,MOBILE_MONEY,VALIDE,Dépense Assurances
713,2024-04-06,NULL,15,639.99,CARTE,VALIDE,Dépense Intérêts et frais bancaires
714,2024-04-06,NULL,10,808.85,ESPECES,VALIDE,Dépense Énergie et eau
715,2024-04-07,17,2,1473.64,CARTE,EN_ATTENTE,Facture F-2024-53959
716,2024-04-07,50,3,191.22,ESPECES,VALIDE,Facture F-2024-06937
717,2024-04-07,27,2,371.59,MOBILE_MONEY,VALIDE,Facture F-2024-80951
718,2024-04-07,3,3,441.59,CHEQUE,VALIDE,Facture F-2024-06317
719,2024-04-07,14,5,777.88,MOBILE_MONEY,VALIDE,Facture F-2024-80972
720,2024-04-07,34,3,371.45,CHEQUE,VALIDE,Facture F-2024-22516
721,2024-04-07,NULL,11,1035.95,VIREMENT,VALIDE,Dépense Transport et logistique
722,2024-04-07,NULL,15,604.56,CARTE,VALIDE,Dépense Intérêts et frais bancaires
723,2024-04-07,NULL,13,4700.60,VIREMENT,VALIDE,Dépense Impôts et taxes
724,2024-04-07,NULL,10,313.97,ESPECES,VALIDE,Dépense Énergie et eau
725,2024-04-08,59,5,376.89,CHEQUE,VALIDE,Facture F-2024-62409
726,2024-04-08,43,3,357.52,VIREMENT,VALIDE,Facture F-2024-10835
727,2024-04-08,38,3,98.24,VIREMENT,VALIDE,Facture F-2024-38283
728,2024-04-08,38,4,854.96,MOBILE_MONEY,EN_ATTENTE,Facture F-2024-09367
729,2024-04-08,10,2,2015.21,MOBILE_MONEY,EN_ATTENTE,Facture F-2024-41098
730,2024-04-08,56,5,1259.59,CHEQUE,VALIDE,Facture F-2024-84724
731,2024-04-08,33,4,864.85,VIREMENT,VALIDE,Facture F-2024-08070
732,2024-04-08,NULL,6,1480.52,VIREMENT,VALIDE,Dépense Salaires et charges sociales
733,2024-04-08,NULL,10,1072.55,MOBILE_MONEY,VALIDE,Dépense Énergie et eau
734,2024-04-09,54,3,195.76,ESPECES,VALIDE,Facture F-2024-31590
735,2024-04-09,64,1,3003.69,VIREMENT,EN_ATTENTE,Facture F-2024-06107
736,2024-04-09,6,1,2201.02,VIREMENT,VALIDE,Facture F-2024-52839
737,2024-04-09,49,2,2126.13,CHEQUE,VALIDE,Facture F-2024-22623
738,2024-04-09,20,4,295.30,MOBILE_MONEY,VALIDE,Facture F-2024-60877
739,2024-04-09,NULL,12,2545.53,VIREMENT,VALIDE,Dépense Assurances
740,2024-04-09,NULL,14,4406.57,MOBILE_MONEY,VALIDE,Dépense Informatique et logiciels
741,2024-04-10,28,1,5495.17,ESPECES,VALIDE,Facture F-2024-40877
742,2024-04-10,38,5,337.37,CHEQUE,VALIDE,Facture F-2024-47181
743,2024-04-10,37,5,1253.54,VIREMENT,VALIDE,Facture F-2024-70131
744,2024-04-10,NULL,15,677.35,CARTE,VALIDE,Dépense Intérêts et frais bancaires
745,2024-04-11,50,3,179.59,MOBILE_MONEY,VALIDE,Facture F-2024-36933
746,2024-04-11,13,1,6147.64,MOBILE_MONEY,VALIDE,Facture F-2024-52757
747,2024-04-11,2,5,698.63,VIREMENT,VALIDE,Facture F-2024-56741
748,2024-04-11,34,5,363.26,ESPECES,VALIDE,Facture F-2024-26376
749,2024-04-11,23,4,1046.98,ESPECES,VALIDE,Facture F-2024-84756
750,2024-04-11,6,2,1153.07,VIREMENT,VALIDE,Facture F-2024-85477
751,2024-04-11,NULL,8,3723.16,ESPECES,VALIDE,Dépense Marketing et publicité
752,2024-04-11,NULL,6,13297.00,VIREMENT,VALIDE,Dépense Salaires et charges sociales
753,2024-04-11,NULL,13,702.22,VIREMENT,VALIDE,Dépense Impôts et taxes
754,2024-04-12,16,1,5321.96,ESPECES,VALIDE,Facture F-2024-47138
755,2024-04-12,25,1,3316.67,CARTE,VALIDE,Facture F-2024-64275
756,2024-04-12,13,5,887.94,CHEQUE,VALIDE,Facture F-2024-53289
757,2024-04-12,7,1,1053.06,CARTE,VALIDE,Facture F-2024-93008
758,2024-04-12,31,5,1268.92,MOBILE_MONEY,VALIDE,Facture F-2024-41165
759,2024-04-12,54,4,448.11,CARTE,VALIDE,Facture F-2024-00305
760,2024-04-12,NULL,6,17603.04,CARTE,VALIDE,Dépense Salaires et charges sociales
761,2024-04-12,NULL,14,2613.01,ESPECES,VALIDE,Dépense Informatique et logiciels
762,2024-04-12,NULL,6,1690.93,VIREMENT,VALIDE,Dépense Salaires et charges sociales
763,2024-04-12,NULL,14,1066.31,VIREMENT,VALIDE,Dépense Informatique et logiciels
764,2024-04-13,4,2,510.41,ESPECES,VALIDE,Facture F-2024-44492
765,2024-04-13,52,5,878.78,MOBILE_MONEY,VALIDE,Facture F-2024-65300
766,2024-04-13,51,3,149.78,CHEQUE,VALIDE,Facture F-2024-18654
767,2024-04-13,16,5,655.43,CHEQUE,VALIDE,Facture F-2024-30019
768,2024-04-13,47,3,60.45,MOBILE_MONEY,VALIDE,Facture F-2024-58703
769,2024-04-13,9,5,1172.08,CHEQUE,VALIDE,Facture F-2024-44552
770,2024-04-13,NULL,10,625.26,MOBILE_MONEY,VALIDE,Dépense Énergie et eau
771,2024-04-13,NULL,7,1632.05,MOBILE_MONEY,VALIDE,Dépense Loyers et immobilier
772,2024-04-14,18,4,299.97,VIREMENT,VALIDE,Facture F-2024-14205
773,2024-04-14,48,2,2128.63,CARTE,VALIDE,Facture F-2024-83585
774,2024-04-14,49,2,2125.80,VIREMENT,VALIDE,Facture F-2024-18552
775,2024-04-14,43,3,297.05,CHEQUE,VALIDE,Facture F-2024-72857
776,2024-04-14,9,1,3660.25,VIREMENT,VALIDE,Facture F-2024-18884
777,2024-04-14,NULL,10,1122.52,CARTE,VALIDE,Dépense Énergie et eau
778,2024-04-14,NULL,12,1997.21,ESPECES,VALIDE,Dépense Assurances
779,2024-04-14,NULL,12,491.36,CARTE,VALIDE,Dépense Assurances
780,2024-04-15,31,4,283.23,CHEQUE,VALIDE,Facture F-2024-22753
781,2024-04-15,19,5,815.06,CARTE,VALIDE,Facture F-2024-31062
782,2024-04-15,61,5,1152.43,MOBILE_MONEY,VALIDE,Facture F-2024-94445
783,2024-04-15,10,2,1347.41,CARTE,VALIDE,Facture F-2024-00673
784,2024-04-15,14,5,888.54,MOBILE_MONEY,EN_ATTENTE,Facture F-2024-13207
785,2024-04-15,7,3,438.16,CHEQUE,EN_ATTENTE,Facture F-2024-46020
786,2024-04-15,9,1,2769.13,CARTE,VALIDE,Facture F-2024-79432
787,2024-04-15,NULL,14,4448.64,VIREMENT,VALIDE,Dépense Informatique et logiciels
788,2024-04-16,6,2,730.54,ESPECES,VALIDE,Facture F-2024-96428
789,2024-04-16,28,2,806.93,ESPECES,VALIDE,Facture F-2024-98924
790,2024-04-16,10,2,259.16,ESPECES,VALIDE,Facture F-2024-57130
791,2024-04-16,47,5,1433.49,CHEQUE,VALIDE,Facture F-2024-81433
792,2024-04-16,NULL,13,393.90,MOBILE_MONEY,VALIDE,Dépense Impôts et taxes
793,2024-04-16,NULL,14,4448.15,VIREMENT,VALIDE,Dépense Informatique et logiciels
794,2024-04-16,NULL,10,907.50,CARTE,VALIDE,Dépense Énergie et eau
795,2024-04-17,31,1,6298.25,VIREMENT,VALIDE,Facture F-2024-28426
796,2024-04-17,38,3,221.05,MOBILE_MONEY,VALIDE,Facture F-2024-41885
797,2024-04-17,13,3,260.24,ESPECES,VALIDE,Facture F-2024-99874
798,2024-04-17,NULL,14,761.85,ESPECES,VALIDE,Dépense Informatique et logiciels
799,2024-04-17,NULL,14,1637.08,VIREMENT,VALIDE,Dépense Informatique et logiciels
800,2024-04-17,NULL,11,2505.78,ESPECES,VALIDE,Dépense Transport et logistique
801,2024-04-17,NULL,9,2120.09,CARTE,VALIDE,Dépense Fournitures et consommables
802,2024-04-18,53,5,566.02,MOBILE_MONEY,VALIDE,Facture F-2024-90482
803,2024-04-18,40,4,244.12,CHEQUE,EN_ATTENTE,Facture F-2024-92008
804,2024-04-18,49,2,1909.78,ESPECES,VALIDE,Facture F-2024-18487
805,2024-04-18,55,2,864.69,CHEQUE,VALIDE,Facture F-2024-53038
806,2024-04-18,48,5,341.87,CHEQUE,VALIDE,Facture F-2024-67286
807,2024-04-18,48,5,1303.28,CARTE,VALIDE,Facture F-2024-62094
808,2024-04-18,58,5,1001.20,ESPECES,VALIDE,Facture F-2024-24846
809,2024-04-18,49,2,1848.76,CHEQUE,VALIDE,Facture F-2024-25962
810,2024-04-18,NULL,6,15318.59,CARTE,VALIDE,Dépense Salaires et charges sociales
811,2024-04-18,NULL,11,2257.78,CARTE,VALIDE,Dépense Transport et logistique
812,2024-04-18,NULL,8,5074.49,ESPECES,VALIDE,Dépense Marketing et publicité
813,2024-04-19,51,5,829.70,VIREMENT,VALIDE,Facture F-2024-41341
814,2024-04-19,48,1,805.66,VIREMENT,VALIDE,Facture F-2024-37664
815,2024-04-19,21,5,1404.62,ESPECES,VALIDE,Facture F-2024-90780
816,2024-04-19,59,1,1196.23,MOBILE_MONEY,VALIDE,Facture F-2024-89575
817,2024-04-19,1,1,5016.06,CHEQUE,VALIDE,Facture F-2024-14224
818,2024-04-19,NULL,13,1909.21,ESPECES,VALIDE,Dépense Impôts et taxes
819,2024-04-19,NULL,12,2722.34,VIREMENT,VALIDE,Dépense Assurances
820,2024-04-20,20,2,1705.87,VIREMENT,VALIDE,Facture F-2024-12998
821,2024-04-20,3,4,342.78,ESPECES,VALIDE,Facture F-2024-94970
822,2024-04-20,13,1,7183.09,VIREMENT,VALIDE,Facture F-2024-50682
823,2024-04-20,8,2,1333.36,CHEQUE,VALIDE,Facture F-2024-74828
824,2024-04-20,31,2,1022.88,VIREMENT,VALIDE,Facture F-2024-22857
825,2024-04-20,28,4,471.08,ESPECES,VALIDE,Facture F-2024-93549
826,2024-04-20,56,1,6798.49,CHEQUE,VALIDE,Facture F-2024-93236
827,2024-04-20,NULL,12,2417.01,CARTE,VALIDE,Dépense Assurances
828,2024-04-20,NULL,8,3174.50,MOBILE_MONEY,VALIDE,Dépense Marketing et publicité
829,2024-04-21,37,1,2234.36,VIREMENT,VALIDE,Facture F-2024-68537
830,2024-04-21,39,4,955.56,MOBILE_MONEY,VALIDE,Facture F-2024-31203
831,2024-04-21,51,4,827.31,CARTE,VALIDE,Facture F-2024-05912
832,2024-04-21,59,1,3506.15,VIREMENT,VALIDE,Facture F-2024-70909
833,2024-04-21,14,2,614.89,ESPECES,VALIDE,Facture F-2024-59761
834,2024-04-21,NULL,9,234.48,ESPECES,VALIDE,Dépense Fournitures et consommables
835,2024-04-21,NULL,14,191.56,CARTE,VALIDE,Dépense Informatique et logiciels
836,2024-04-21,NULL,15,571.49,ESPECES,EN_ATTENTE,Dépense Intérêts et frais bancaires
837,2024-04-22,52,3,149.48,ESPECES,VALIDE,Facture F-2024-83399
838,2024-04-22,40,2,887.20,ESPECES,VALIDE,Facture F-2024-22262
839,2024-04-22,23,2,422.54,CARTE,VALIDE,Facture F-2024-57452
840,2024-04-22,18,1,5919.70,CHEQUE,VALIDE,Facture F-2024-39563
841,2024-04-22,19,4,572.95,CHEQUE,VALIDE,Facture F-2024-29753
842,2024-04-22,NULL,8,989.70,MOBILE_MONEY,VALIDE,Dépense Marketing et publicité
843,2024-04-23,7,5,308.66,MOBILE_MONEY,EN_ATTENTE,Facture F-2024-50771
844,2024-04-23,45,2,1653.95,MOBILE_MONEY,VALIDE,Facture F-2024-36734
845,2024-04-23,22,3,140.07,CHEQUE,EN_ATTENTE,Facture F-2024-82089
846,2024-04-23,41,5,1062.64,MOBILE_MONEY,VALIDE,Facture F-2024-19417
847,2024-04-23,7,5,1119.51,ESPECES,VALIDE,Facture F-2024-30812
848,2024-04-23,59,2,1028.90,ESPECES,VALIDE,Facture F-2024-42303
849,2024-04-23,50,4,1158.13,MOBILE_MONEY,VALIDE,Facture F-2024-85558
850,2024-04-23,NULL,9,574.47,ESPECES,VALIDE,Dépense Fournitures et consommables
851,2024-04-23,NULL,10,603.12,MOBILE_MONEY,VALIDE,Dépense Énergie et eau
852,2024-04-23,NULL,9,2103.48,VIREMENT,VALIDE,Dépense Fournitures et consommables
853,2024-04-24,62,5,1244.44,VIREMENT,VALIDE,Facture F-2024-48312
854,2024-04-24,60,4,738.70,VIREMENT,EN_ATTENTE,Facture F-2024-69996
855,2024-04-24,NULL,13,4432.22,CARTE,VALIDE,Dépense Impôts et taxes
856,2024-04-24,NULL,13,2066.73,CARTE,VALIDE,Dépense Impôts et taxes
857,2024-04-24,NULL,15,818.76,CARTE,VALIDE,Dépense Intérêts et frais bancaires
858,2024-04-25,17,3,287.70,CARTE,VALIDE,Facture F-2024-68187
859,2024-04-25,4,1,1741.01,CARTE,VALIDE,Facture F-2024-25430
860,2024-04-25,1,5,512.65,MOBILE_MONEY,VALIDE,Facture F-2024-21447
861,2024-04-25,4,1,6645.93,ESPECES,VALIDE,Facture F-2024-99538
862,2024-04-25,12,4,1162.86,MOBILE_MONEY,VALIDE,Facture F-2024-93563
863,2024-04-25,19,2,1710.57,CARTE,VALIDE,Facture F-2024-63024
864,2024-04-25,NULL,10,624.63,VIREMENT,VALIDE,Dépense Énergie et eau
865,2024-04-25,NULL,9,1724.27,MOBILE_MONEY,VALIDE,Dépense Fournitures et consommables
866,2024-04-25,NULL,8,5280.26,ESPECES,EN_ATTENTE,Dépense Marketing et publicité
867,2024-04-26,30,4,321.10,CHEQUE,VALIDE,Facture F-2024-95593
868,2024-04-26,37,2,2104.46,ESPECES,VALIDE,Facture F-2024-28462
869,2024-04-26,49,2,1685.17,CARTE,VALIDE,Facture F-2024-88889
870,2024-04-26,48,2,1763.70,CARTE,VALIDE,Facture F-2024-67925
871,2024-04-26,48,4,565.18,VIREMENT,VALIDE,Facture F-2024-87491
872,2024-04-26,9,4,578.99,ESPECES,VALIDE,Facture F-2024-13299
873,2024-04-26,NULL,10,1421.35,ESPECES,EN_ATTENTE,Dépense Énergie et eau
874,2024-04-26,NULL,12,3021.53,MOBILE_MONEY,VALIDE,Dépense Assurances
875,2024-04-26,NULL,15,377.61,MOBILE_MONEY,VALIDE,Dépense Intérêts et frais bancaires
876,2024-04-27,26,4,1035.55,ESPECES,VALIDE,Facture F-2024-53190
877,2024-04-27,57,1,1025.79,ESPECES,VALIDE,Facture F-2024-47728
878,2024-04-27,52,3,288.30,CARTE,VALIDE,Facture F-2024-88160
879,2024-04-27,52,1,5421.28,ESPECES,VALIDE,Facture F-2024-49059
880,2024-04-27,13,1,4585.23,CHEQUE,VALIDE,Facture F-2024-55745
881,2024-04-27,33,1,1255.38,CHEQUE,VALIDE,Facture F-2024-16708
882,2024-04-27,NULL,6,4140.58,CARTE,VALIDE,Dépense Salaires et charges sociales
883,2024-04-27,NULL,6,14764.00,ESPECES,VALIDE,Dépense Salaires et charges sociales
884,2024-04-27,NULL,13,3286.73,VIREMENT,VALIDE,Dépense Impôts et taxes
885,2024-04-28,27,3,271.09,VIREMENT,VALIDE,Facture F-2024-69842
886,2024-04-28,32,1,807.37,CHEQUE,VALIDE,Facture F-2024-86794
887,2024-04-28,NULL,8,1588.70,VIREMENT,VALIDE,Dépense Marketing et publicité
888,2024-04-28,NULL,13,1560.58,VIREMENT,VALIDE,Dépense Impôts et taxes
889,2024-04-29,38,1,3648.26,VIREMENT,VALIDE,Facture F-2024-40020
890,2024-04-29,64,5,720.35,VIREMENT,VALIDE,Facture F-2024-64782
891,2024-04-29,64,3,111.87,MOBILE_MONEY,VALIDE,Facture F-2024-39539
892,2024-04-29,30,2,781.60,ESPECES,VALIDE,Facture F-2024-22986
893,2024-04-29,15,2,2190.21,ESPECES,VALIDE,Facture F-2024-65113
894,2024-04-29,NULL,8,2690.49,ESPECES,VALIDE,Dépense Marketing et publicité
895,2024-04-30,14,3,205.16,ESPECES,VALIDE,Facture F-2024-78146
896,2024-04-30,30,3,289.06,CARTE,VALIDE,Facture F-2024-61478
897,2024-04-30,55,5,776.85,VIREMENT,VALIDE,Facture F-2024-60949
898,2024-04-30,36,3,170.24,ESPECES,VALIDE,Facture F-2024-64032
899,2024-04-30,14,3,363.69,VIREMENT,VALIDE,Facture F-2024-06783
900,2024-04-30,50,5,1261.87,CARTE,VALIDE,Facture F-2024-55733
901,2024-04-30,NULL,14,2675.06,ESPECES,VALIDE,Dépense Informatique et logiciels
902,2024-04-30,NULL,12,2640.62,ESPECES,VALIDE,Dépense Assurances
903,2024-04-30,NULL,7,3772.11,CARTE,VALIDE,Dépense Loyers et immobilier
904,2024-04-30,NULL,10,1440.63,MOBILE_MONEY,VALIDE,Dépense Énergie et eau
905,2024-05-01,40,2,591.20,CARTE,VALIDE,Facture F-2024-12009
906,2024-05-01,64,2,301.60,ESPECES,VALIDE,Facture F-2024-39499
907,2024-05-01,24,3,166.74,CHEQUE,VALIDE,Facture F-2024-55048
908,2024-05-01,56,4,344.35,ESPECES,VALIDE,Facture F-2024-09918
909,2024-05-01,NULL,15,186.69,MOBILE_MONEY,VALIDE,Dépense Intérêts et frais bancaires
910,2024-05-01,NULL,15,755.50,ESPECES,VALIDE,Dépense Intérêts et frais bancaires
911,2024-05-02,51,3,263.01,VIREMENT,VALIDE,Facture F-2024-30603
912,2024-05-02,23,2,2149.71,CARTE,VALIDE,Facture F-2024-89118
913,2024-05-02,NULL,8,8047.43,ESPECES,VALIDE,Dépense Marketing et publicité
914,2024-05-02,NULL,13,749.28,MOBILE_MONEY,VALIDE,Dépense Impôts et taxes
915,2024-05-03,27,4,336.13,CHEQUE,EN_ATTENTE,Facture F-2024-66535
916,2024-05-03,42,1,6253.87,ESPECES,VALIDE,Facture F-2024-55657
917,2024-05-03,22,3,235.86,CARTE,VALIDE,Facture F-2024-04994
918,2024-05-03,62,5,617.55,MOBILE_MONEY,VALIDE,Facture F-2024-13372
919,2024-05-03,40,2,1107.03,MOBILE_MONEY,VALIDE,Facture F-2024-97719
920,2024-05-03,29,5,958.23,ESPECES,VALIDE,Facture F-2024-79440
921,2024-05-03,1,3,296.34,CARTE,VALIDE,Facture F-2024-92081
922,2024-05-03,63,1,3067.31,MOBILE_MONEY,VALIDE,Facture F-2024-39033
923,2024-05-03,NULL,10,1035.56,CARTE,VALIDE,Dépense Énergie et eau
924,2024-05-03,NULL,6,9501.83,ESPECES,VALIDE,Dépense Salaires et charges sociales
925,2024-05-03,NULL,7,967.08,ESPECES,VALIDE,Dépense Loyers et immobilier
926,2024-05-04,18,1,6355.62,CARTE,VALIDE,Facture F-2024-40562
927,2024-05-04,59,4,811.33,VIREMENT,VALIDE,Facture F-2024-73712
928,2024-05-04,58,5,1497.41,ESPECES,VALIDE,Facture F-2024-90776
929,2024-05-04,6,4,361.16,VIREMENT,VALIDE,Facture F-2024-32063
930,2024-05-04,NULL,9,468.63,VIREMENT,VALIDE,Dépense Fournitures et consommables
931,2024-05-04,NULL,9,1958.74,MOBILE_MONEY,VALIDE,Dépense Fournitures et consommables
932,2024-05-05,25,3,237.29,MOBILE_MONEY,VALIDE,Facture F-2024-24224
933,2024-05-05,64,1,6589.05,ESPECES,VALIDE,Facture F-2024-51107
934,2024-05-05,50,4,1023.37,MOBILE_MONEY,EN_ATTENTE,Facture F-2024-20381
935,2024-05-05,NULL,10,1474.09,MOBILE_MONEY,VALIDE,Dépense Énergie et eau
936,2024-05-05,NULL,9,118.26,VIREMENT,VALIDE,Dépense Fournitures et consommables
937,2024-05-05,NULL,15,732.41,ESPECES,VALIDE,Dépense Intérêts et frais bancaires
938,2024-05-05,NULL,9,2239.11,MOBILE_MONEY,VALIDE,Dépense Fournitures et consommables
939,2024-05-06,12,1,2916.45,CHEQUE,EN_ATTENTE,Facture F-2024-68886
940,2024-05-06,43,1,6509.22,VIREMENT,EN_ATTENTE,Facture F-2024-37293
941,2024-05-06,3,4,498.69,CHEQUE,VALIDE,Facture F-2024-15669
942,2024-05-06,4,2,880.36,MOBILE_MONEY,VALIDE,Facture F-2024-73972
943,2024-05-06,34,4,544.21,CHEQUE,VALIDE,Facture F-2024-37890
944,2024-05-06,57,2,1674.32,VIREMENT,VALIDE,Facture F-2024-12020
945,2024-05-06,NULL,11,2590.20,CARTE,VALIDE,Dépense Transport et logistique
946,2024-05-06,NULL,9,2208.09,MOBILE_MONEY,VALIDE,Dépense Fournitures et consommables
947,2024-05-07,51,3,265.83,CARTE,VALIDE,Facture F-2024-89099
948,2024-05-07,45,1,1827.27,CHEQUE,VALIDE,Facture F-2024-65909
949,2024-05-07,54,5,583.36,CHEQUE,EN_ATTENTE,Facture F-2024-93923
950,2024-05-07,NULL,8,7680.26,CARTE,VALIDE,Dépense Marketing et publicité
951,2024-05-07,NULL,8,1339.60,MOBILE_MONEY,VALIDE,Dépense Marketing et publicité
952,2024-05-08,21,2,1495.26,ESPECES,EN_ATTENTE,Facture F-2024-52490
953,2024-05-08,39,3,319.51,CHEQUE,VALIDE,Facture F-2024-95654
954,2024-05-08,8,3,358.57,CARTE,VALIDE,Facture F-2024-56978
955,2024-05-08,14,1,4130.33,VIREMENT,VALIDE,Facture F-2024-95471
956,2024-05-08,28,3,348.43,VIREMENT,VALIDE,Facture F-2024-37034
957,2024-05-08,34,1,2126.41,CARTE,VALIDE,Facture F-2024-11929
958,2024-05-08,52,5,898.14,CHEQUE,VALIDE,Facture F-2024-30692
959,2024-05-08,NULL,15,770.22,ESPECES,VALIDE,Dépense Intérêts et frais bancaires
960,2024-05-08,NULL,12,2717.36,MOBILE_MONEY,VALIDE,Dépense Assurances
961,2024-05-08,NULL,9,2519.39,ESPECES,VALIDE,Dépense Fournitures et consommables
962,2024-05-09,27,5,603.19,ESPECES,VALIDE,Facture F-2024-41946
963,2024-05-09,22,2,1553.88,VIREMENT,VALIDE,Facture F-2024-11551
964,2024-05-09,7,1,2002.31,CARTE,EN_ATTENTE,Facture F-2024-41032
965,2024-05-09,NULL,8,5143.02,MOBILE_MONEY,VALIDE,Dépense Marketing et publicité
966,2024-05-09,NULL,7,2439.19,VIREMENT,EN_ATTENTE,Dépense Loyers et immobilier
967,2024-05-09,NULL,7,1987.60,ESPECES,VALIDE,Dépense Loyers et immobilier
968,2024-05-09,NULL,13,1855.56,CARTE,VALIDE,Dépense Impôts et taxes
969,2024-05-10,48,3,56.30,CARTE,VALIDE,Facture F-2024-99446
970,2024-05-10,31,4,442.17,CARTE,VALIDE,Facture F-2024-41643
971,2024-05-10,21,3,63.04,VIREMENT,VALIDE,Facture F-2024-80521
972,2024-05-10,17,5,853.11,CARTE,VALIDE,Facture F-2024-60087
973,2024-05-10,15,4,484.25,CHEQUE,VALIDE,Facture F-2024-70056
974,2024-05-10,NULL,12,1452.83,MOBILE_MONEY,VALIDE,Dépense Assurances
975,2024-05-10,NULL,14,2937.93,CARTE,VALIDE,Dépense Informatique et logiciels
976,2024-05-10,NULL,12,826.80,MOBILE_MONEY,VALIDE,Dépense Assurances
977,2024-05-10,NULL,10,1670.63,MOBILE_MONEY,VALIDE,Dépense Énergie et eau
978,2024-05-11,6,2,1674.82,VIREMENT,VALIDE,Facture F-2024-22354
979,2024-05-11,55,3,326.82,MOBILE_MONEY,VALIDE,Facture F-2024-75183
980,2024-05-11,40,4,930.65,CHEQUE,VALIDE,Facture F-2024-99000
981,2024-05-11,32,3,438.53,VIREMENT,VALIDE,Facture F-2024-79123
982,2024-05-11,51,1,6181.49,VIREMENT,VALIDE,Facture F-2024-41167
983,2024-05-11,NULL,11,3826.13,CARTE,VALIDE,Dépense Transport et logistique
984,2024-05-11,NULL,7,4631.60,CARTE,VALIDE,Dépense Loyers et immobilier
985,2024-05-12,5,2,1071.31,ESPECES,VALIDE,Facture F-2024-46203
986,2024-05-12,22,3,65.17,CHEQUE,VALIDE,Facture F-2024-32480
987,2024-05-12,49,5,1400.50,CHEQUE,VALIDE,Facture F-2024-22631
988,2024-05-12,2,2,359.52,ESPECES,VALIDE,Facture F-2024-97964
989,2024-05-12,33,1,1954.05,VIREMENT,VALIDE,Facture F-2024-33079
990,2024-05-12,50,1,3217.91,VIREMENT,VALIDE,Facture F-2024-63284
991,2024-05-12,63,4,701.02,ESPECES,VALIDE,Facture F-2024-27318
992,2024-05-12,NULL,6,6658.41,MOBILE_MONEY,VALIDE,Dépense Salaires et charges sociales
993,2024-05-13,25,5,620.70,CARTE,VALIDE,Facture F-2024-53955
994,2024-05-13,53,1,3874.29,ESPECES,VALIDE,Facture F-2024-12137
995,2024-05-13,23,2,1654.78,MOBILE_MONEY,VALIDE,Facture F-2024-37376
996,2024-05-13,33,1,1626.85,CHEQUE,VALIDE,Facture F-2024-15411
997,2024-05-13,39,3,337.23,CHEQUE,VALIDE,Facture F-2024-58023
998,2024-05-13,32,1,2304.50,ESPECES,VALIDE,Facture F-2024-26862
999,2024-05-13,37,3,205.25,VIREMENT,VALIDE,Facture F-2024-64989
1000,2024-05-13,NULL,12,1457.83,ESPECES,VALIDE,Dépense Assurances
1001,2024-05-13,NULL,10,1550.66,MOBILE_MONEY,VALIDE,Dépense Énergie et eau
1002,2024-05-14,32,4,472.86,MOBILE_MONEY,EN_ATTENTE,Facture F-2024-12316
1003,2024-05-14,29,2,377.82,ESPECES,VALIDE,Facture F-2024-60907
1004,2024-05-14,39,4,1095.44,CHEQUE,VALIDE,Facture F-2024-35774
1005,2024-05-14,2,2,1093.96,ESPECES,EN_ATTENTE,Facture F-2024-92682
1006,2024-05-14,NULL,14,2297.50,VIREMENT,VALIDE,Dépense Informatique et logiciels
1007,2024-05-14,NULL,12,2059.29,VIREMENT,VALIDE,Dépense Assurances
1008,2024-05-15,56,2,617.51,MOBILE_MONEY,VALIDE,Facture F-2024-17157
1009,2024-05-15,9,2,1532.29,MOBILE_MONEY,VALIDE,Facture F-2024-21093
1010,2024-05-15,49,1,4206.55,CARTE,VALIDE,Facture F-2024-22365
1011,2024-05-15,62,1,2789.68,VIREMENT,VALIDE,Facture F-2024-29370
1012,2024-05-15,34,1,3023.85,VIREMENT,VALIDE,Facture F-2024-18758
1013,2024-05-15,27,1,3815.55,CARTE,VALIDE,Facture F-2024-40119
1014,2024-05-15,NULL,10,1072.18,ESPECES,VALIDE,Dépense Énergie et eau
1015,2024-05-15,NULL,7,616.17,MOBILE_MONEY,VALIDE,Dépense Loyers et immobilier
1016,2024-05-15,NULL,10,1026.99,CARTE,VALIDE,Dépense Énergie et eau
1017,2024-05-16,33,4,766.12,VIREMENT,VALIDE,Facture F-2024-96067
1018,2024-05-16,49,1,3180.03,VIREMENT,VALIDE,Facture F-2024-05797
1019,2024-05-16,60,2,2045.97,ESPECES,VALIDE,Facture F-2024-64005
1020,2024-05-16,64,2,1680.90,MOBILE_MONEY,VALIDE,Facture F-2024-80528
1021,2024-05-16,26,1,3881.26,MOBILE_MONEY,VALIDE,Facture F-2024-34080
1022,2024-05-16,65,1,7138.66,CHEQUE,VALIDE,Facture F-2024-36081
1023,2024-05-16,59,4,330.58,CARTE,VALIDE,Facture F-2024-61053
1024,2024-05-16,56,5,879.59,MOBILE_MONEY,VALIDE,Facture F-2024-57711
1025,2024-05-16,NULL,9,1517.63,CARTE,VALIDE,Dépense Fournitures et consommables
1026,2024-05-16,NULL,13,4306.03,VIREMENT,VALIDE,Dépense Impôts et taxes
1027,2024-05-17,65,4,297.71,CARTE,VALIDE,Facture F-2024-70954
1028,2024-05-17,20,3,80.53,VIREMENT,VALIDE,Facture F-2024-54703
1029,2024-05-17,53,5,750.35,VIREMENT,VALIDE,Facture F-2024-90556
1030,2024-05-17,9,4,516.29,VIREMENT,VALIDE,Facture F-2024-97575
1031,2024-05-17,44,2,1037.94,VIREMENT,VALIDE,Facture F-2024-63750
1032,2024-05-17,29,4,412.71,CHEQUE,VALIDE,Facture F-2024-02947
1033,2024-05-17,39,4,927.08,VIREMENT,VALIDE,Facture F-2024-25485
1034,2024-05-17,NULL,6,15789.51,CARTE,VALIDE,Dépense Salaires et charges sociales
1035,2024-05-18,32,2,620.34,ESPECES,VALIDE,Facture F-2024-43592
1036,2024-05-18,22,1,2614.08,ESPECES,VALIDE,Facture F-2024-22749
1037,2024-05-18,9,5,1254.80,ESPECES,VALIDE,Facture F-2024-22929
1038,2024-05-18,NULL,9,221.80,MOBILE_MONEY,VALIDE,Dépense Fournitures et consommables
1039,2024-05-18,NULL,7,497.44,CARTE,VALIDE,Dépense Loyers et immobilier
1040,2024-05-18,NULL,14,1985.56,ESPECES,VALIDE,Dépense Informatique et logiciels
1041,2024-05-19,22,2,1725.12,CHEQUE,VALIDE,Facture F-2024-23670
1042,2024-05-19,57,5,1028.20,CARTE,VALIDE,Facture F-2024-92659
1043,2024-05-19,4,1,5857.30,VIREMENT,VALIDE,Facture F-2024-91503
1044,2024-05-19,NULL,6,4725.49,MOBILE_MONEY,VALIDE,Dépense Salaires et charges sociales
1045,2024-05-19,NULL,11,4558.32,CARTE,VALIDE,Dépense Transport et logistique
1046,2024-05-19,NULL,15,721.97,ESPECES,VALIDE,Dépense Intérêts et frais bancaires
1047,2024-05-19,NULL,10,1511.42,MOBILE_MONEY,VALIDE,Dépense Énergie et eau
1048,2024-05-20,55,3,402.35,MOBILE_MONEY,VALIDE,Facture F-2024-68474
1049,2024-05-20,37,3,145.92,CHEQUE,VALIDE,Facture F-2024-94031
1050,2024-05-20,16,4,565.23,ESPECES,VALIDE,Facture F-2024-86075
1051,2024-05-20,33,5,333.32,VIREMENT,VALIDE,Facture F-2024-33779
1052,2024-05-20,47,4,553.99,VIREMENT,VALIDE,Facture F-2024-96856
1053,2024-05-20,NULL,9,2317.52,VIREMENT,VALIDE,Dépense Fournitures et consommables
1054,2024-05-21,17,5,1121.07,CARTE,VALIDE,Facture F-2024-53602
1055,2024-05-21,63,5,375.66,CHEQUE,VALIDE,Facture F-2024-93606
1056,2024-05-21,2,5,545.87,CARTE,VALIDE,Facture F-2024-98427
1057,2024-05-21,NULL,14,3456.69,MOBILE_MONEY,VALIDE,Dépense Informatique et logiciels
1058,2024-05-21,NULL,11,5534.84,VIREMENT,VALIDE,Dépense Transport et logistique
1059,2024-05-21,NULL,15,188.67,MOBILE_MONEY,VALIDE,Dépense Intérêts et frais bancaires
1060,2024-05-22,25,5,563.92,VIREMENT,VALIDE,Facture F-2024-83939
1061,2024-05-22,40,4,387.17,CHEQUE,VALIDE,Facture F-2024-79176
1062,2024-05-22,50,1,5691.69,CHEQUE,VALIDE,Facture F-2024-26369
1063,2024-05-22,30,3,429.92,CHEQUE,VALIDE,Facture F-2024-34115
1064,2024-05-22,35,1,2854.18,CARTE,VALIDE,Facture F-2024-31116
1065,2024-05-22,29,3,353.70,VIREMENT,VALIDE,Facture F-2024-21448
1066,2024-05-22,42,1,7441.55,CARTE,VALIDE,Facture F-2024-66568
1067,2024-05-22,NULL,11,3247.92,CARTE,VALIDE,Dépense Transport et logistique
1068,2024-05-22,NULL,8,2352.36,CARTE,VALIDE,Dépense Marketing et publicité
1069,2024-05-22,NULL,8,6600.18,ESPECES,VALIDE,Dépense Marketing et publicité
1070,2024-05-23,58,1,2350.81,ESPECES,VALIDE,Facture F-2024-55514
1071,2024-05-23,55,5,905.27,ESPECES,VALIDE,Facture F-2024-40131
1072,2024-05-23,26,5,530.72,CARTE,VALIDE,Facture F-2024-57710
1073,2024-05-23,33,2,1752.93,ESPECES,VALIDE,Facture F-2024-08668
1074,2024-05-23,43,3,308.86,ESPECES,VALIDE,Facture F-2024-20285
1075,2024-05-23,38,3,281.40,VIREMENT,VALIDE,Facture F-2024-84683
1076,2024-05-23,NULL,11,3003.21,ESPECES,VALIDE,Dépense Transport et logistique
1077,2024-05-23,NULL,6,20067.91,CARTE,VALIDE,Dépense Salaires et charges sociales
1078,2024-05-23,NULL,11,5870.42,CARTE,VALIDE,Dépense Transport et logistique
1079,2024-05-23,NULL,7,365.43,ESPECES,VALIDE,Dépense Loyers et immobilier
1080,2024-05-24,61,1,1855.96,CARTE,VALIDE,Facture F-2024-39651
1081,2024-05-24,4,4,534.29,MOBILE_MONEY,VALIDE,Facture F-2024-74385
1082,2024-05-24,37,1,2967.19,CARTE,VALIDE,Facture F-2024-78021
1083,2024-05-24,NULL,10,1480.27,VIREMENT,VALIDE,Dépense Énergie et eau
1084,2024-05-24,NULL,6,8373.70,CARTE,VALIDE,Dépense Salaires et charges sociales
1085,2024-05-24,NULL,13,4839.10,MOBILE_MONEY,VALIDE,Dépense Impôts et taxes
1086,2024-05-25,53,2,2087.11,ESPECES,VALIDE,Facture F-2024-97581
1087,2024-05-25,64,3,300.33,CARTE,VALIDE,Facture F-2024-39724
1088,2024-05-25,42,4,1095.28,VIREMENT,VALIDE,Facture F-2024-13997
1089,2024-05-25,41,1,985.23,CARTE,VALIDE,Facture F-2024-08786
1090,2024-05-25,NULL,10,1612.49,CARTE,VALIDE,Dépense Énergie et eau
1091,2024-05-26,34,5,1140.57,MOBILE_MONEY,VALIDE,Facture F-2024-13708
1092,2024-05-26,50,1,5499.98,CARTE,VALIDE,Facture F-2024-43890
1093,2024-05-26,3,5,968.67,MOBILE_MONEY,VALIDE,Facture F-2024-36712
1094,2024-05-26,11,4,1054.64,CARTE,VALIDE,Facture F-2024-20582
1095,2024-05-26,42,4,460.10,VIREMENT,VALIDE,Facture F-2024-03707
1096,2024-05-26,4,3,433.96,CARTE,VALIDE,Facture F-2024-92447
1097,2024-05-26,30,2,1284.02,VIREMENT,VALIDE,Facture F-2024-74445
1098,2024-05-26,NULL,9,1797.51,MOBILE_MONEY,VALIDE,Dépense Fournitures et consommables
1099,2024-05-26,NULL,14,3216.58,VIREMENT,VALIDE,Dépense Informatique et logiciels
1100,2024-05-27,2,2,654.34,MOBILE_MONEY,VALIDE,Facture F-2024-77641
1101,2024-05-27,10,1,3815.20,VIREMENT,VALIDE,Facture F-2024-23016
1102,2024-05-27,13,2,1863.80,ESPECES,VALIDE,Facture F-2024-43742
1103,2024-05-27,37,1,2349.47,ESPECES,VALIDE,Facture F-2024-26765
1104,2024-05-27,65,2,1948.57,CARTE,VALIDE,Facture F-2024-43005
1105,2024-05-27,NULL,13,3032.60,MOBILE_MONEY,VALIDE,Dépense Impôts et taxes
1106,2024-05-28,34,2,1781.31,ESPECES,VALIDE,Facture F-2024-66696
1107,2024-05-28,37,2,1967.89,CHEQUE,VALIDE,Facture F-2024-60622
1108,2024-05-28,48,5,1382.90,CHEQUE,VALIDE,Facture F-2024-22893
1109,2024-05-28,43,4,479.70,CARTE,VALIDE,Facture F-2024-08863
1110,2024-05-28,NULL,6,12513.49,VIREMENT,VALIDE,Dépense Salaires et charges sociales
1111,2024-05-28,NULL,8,5485.39,VIREMENT,VALIDE,Dépense Marketing et publicité
1112,2024-05-28,NULL,13,2557.87,ESPECES,VALIDE,Dépense Impôts et taxes
1113,2024-05-28,NULL,7,4707.90,VIREMENT,VALIDE,Dépense Loyers et immobilier
1114,2024-05-29,39,4,333.31,VIREMENT,VALIDE,Facture F-2024-78101
1115,2024-05-29,25,1,3596.79,VIREMENT,VALIDE,Facture F-2024-18183
1116,2024-05-29,28,5,497.19,VIREMENT,VALIDE,Facture F-2024-68364
1117,2024-05-29,32,4,530.73,CHEQUE,VALIDE,Facture F-2024-27544
1118,2024-05-29,4,2,548.12,CHEQUE,VALIDE,Facture F-2024-71121
1119,2024-05-29,NULL,9,966.77,VIREMENT,VALIDE,Dépense Fournitures et consommables
1120,2024-05-30,53,5,609.41,MOBILE_MONEY,VALIDE,Facture F-2024-60081
1121,2024-05-30,50,3,169.80,VIREMENT,VALIDE,Facture F-2024-49950
1122,2024-05-30,61,2,1736.71,VIREMENT,VALIDE,Facture F-2024-79774
1123,2024-05-30,54,1,7283.96,VIREMENT,VALIDE,Facture F-2024-86698
1124,2024-05-30,NULL,7,4261.64,ESPECES,VALIDE,Dépense Loyers et immobilier
1125,2024-05-30,NULL,10,862.02,VIREMENT,VALIDE,Dépense Énergie et eau
1126,2024-05-31,12,1,4235.83,VIREMENT,VALIDE,Facture F-2024-15460
1127,2024-05-31,35,5,637.57,VIREMENT,VALIDE,Facture F-2024-21891
1128,2024-05-31,56,1,7315.12,ESPECES,VALIDE,Facture F-2024-15874
1129,2024-05-31,NULL,14,2952.43,VIREMENT,VALIDE,Dépense Informatique et logiciels
1130,2024-05-31,NULL,11,5543.51,CARTE,VALIDE,Dépense Transport et logistique
1131,2024-05-31,NULL,15,478.53,MOBILE_MONEY,VALIDE,Dépense Intérêts et frais bancaires
1132,2024-05-31,NULL,8,7883.63,MOBILE_MONEY,VALIDE,Dépense Marketing et publicité
1133,2024-06-01,47,5,411.51,CARTE,VALIDE,Facture F-2024-92511
1134,2024-06-01,56,5,859.62,ESPECES,VALIDE,Facture F-2024-03469
1135,2024-06-01,53,1,4080.91,VIREMENT,VALIDE,Facture F-2024-73061
1136,2024-06-01,NULL,8,1561.09,CARTE,VALIDE,Dépense Marketing et publicité
1137,2024-06-01,NULL,11,2067.71,VIREMENT,VALIDE,Dépense Transport et logistique
1138,2024-06-01,NULL,8,556.33,MOBILE_MONEY,VALIDE,Dépense Marketing et publicité
1139,2024-06-02,38,3,253.71,ESPECES,VALIDE,Facture F-2024-06809
1140,2024-06-02,13,4,1137.49,MOBILE_MONEY,VALIDE,Facture F-2024-72677
1141,2024-06-02,38,1,3390.62,ESPECES,VALIDE,Facture F-2024-59392
1142,2024-06-02,57,4,378.04,CHEQUE,VALIDE,Facture F-2024-62975
1143,2024-06-02,49,3,116.76,ESPECES,VALIDE,Facture F-2024-48643
1144,2024-06-02,30,2,479.84,CARTE,EN_ATTENTE,Facture F-2024-67834
1145,2024-06-02,NULL,6,10828.64,VIREMENT,VALIDE,Dépense Salaires et charges sociales
1146,2024-06-03,62,4,700.07,MOBILE_MONEY,VALIDE,Facture F-2024-37419
1147,2024-06-03,35,4,690.90,MOBILE_MONEY,VALIDE,Facture F-2024-62721
1148,2024-06-03,18,4,632.19,ESPECES,VALIDE,Facture F-2024-55530
1149,2024-06-03,40,5,844.61,CHEQUE,VALIDE,Facture F-2024-75432
1150,2024-06-03,NULL,14,4305.14,VIREMENT,VALIDE,Dépense Informatique et logiciels
1151,2024-06-03,NULL,8,6602.81,MOBILE_MONEY,VALIDE,Dépense Marketing et publicité
1152,2024-06-03,NULL,7,2854.06,MOBILE_MONEY,VALIDE,Dépense Loyers et immobilier
1153,2024-06-03,NULL,10,141.94,MOBILE_MONEY,VALIDE,Dépense Énergie et eau
1154,2024-06-04,55,1,653.51,CHEQUE,VALIDE,Facture F-2024-04801
1155,2024-06-04,15,4,267.81,CARTE,VALIDE,Facture F-2024-92672
1156,2024-06-04,30,2,1300.36,CARTE,VALIDE,Facture F-2024-29411
1157,2024-06-04,38,3,213.69,CARTE,VALIDE,Facture F-2024-93747
1158,2024-06-04,44,2,1174.18,ESPECES,VALIDE,Facture F-2024-55016
1159,2024-06-04,NULL,8,216.46,VIREMENT,VALIDE,Dépense Marketing et publicité
1160,2024-06-04,NULL,15,526.42,VIREMENT,VALIDE,Dépense Intérêts et frais bancaires
1161,2024-06-04,NULL,13,1031.01,VIREMENT,VALIDE,Dépense Impôts et taxes
1162,2024-06-04,NULL,10,730.23,ESPECES,VALIDE,Dépense Énergie et eau
1163,2024-06-05,41,1,5011.48,MOBILE_MONEY,VALIDE,Facture F-2024-39148
1164,2024-06-05,16,1,7217.61,ESPECES,VALIDE,Facture F-2024-56160
1165,2024-06-05,21,1,7269.90,ESPECES,VALIDE,Facture F-2024-29825
1166,2024-06-05,30,5,1098.13,CHEQUE,VALIDE,Facture F-2024-35897
1167,2024-06-05,36,2,1762.49,CHEQUE,VALIDE,Facture F-2024-30059
1168,2024-06-05,NULL,11,1739.13,CARTE,EN_ATTENTE,Dépense Transport et logistique
1169,2024-06-06,43,5,627.22,CARTE,VALIDE,Facture F-2024-65371
1170,2024-06-06,31,4,511.75,MOBILE_MONEY,VALIDE,Facture F-2024-23368
1171,2024-06-06,52,2,307.53,CARTE,VALIDE,Facture F-2024-94381
1172,2024-06-06,58,4,407.34,CARTE,VALIDE,Facture F-2024-78487
1173,2024-06-06,47,4,909.14,CHEQUE,VALIDE,Facture F-2024-82279
1174,2024-06-06,NULL,6,12425.08,VIREMENT,VALIDE,Dépense Salaires et charges sociales
1175,2024-06-06,NULL,14,224.93,VIREMENT,VALIDE,Dépense Informatique et logiciels
1176,2024-06-07,44,1,6129.78,MOBILE_MONEY,VALIDE,Facture F-2024-90388
1177,2024-06-07,62,2,1692.68,VIREMENT,VALIDE,Facture F-2024-93624
1178,2024-06-07,4,4,1170.35,ESPECES,VALIDE,Facture F-2024-31759
1179,2024-06-07,49,3,96.12,CARTE,VALIDE,Facture F-2024-25518
1180,2024-06-07,57,2,915.28,CHEQUE,VALIDE,Facture F-2024-04004
1181,2024-06-07,4,1,1816.82,CARTE,VALIDE,Facture F-2024-08712
1182,2024-06-07,26,3,195.15,VIREMENT,VALIDE,Facture F-2024-02796
1183,2024-06-07,NULL,10,1891.43,CARTE,VALIDE,Dépense Énergie et eau
1184,2024-06-08,49,3,440.40,VIREMENT,EN_ATTENTE,Facture F-2024-86289
1185,2024-06-08,44,1,1786.66,VIREMENT,VALIDE,Facture F-2024-93868
1186,2024-06-08,37,3,189.35,CARTE,VALIDE,Facture F-2024-56906
1187,2024-06-08,42,2,951.03,MOBILE_MONEY,VALIDE,Facture F-2024-23376
1188,2024-06-08,65,1,4335.80,VIREMENT,VALIDE,Facture F-2024-14583
1189,2024-06-08,21,1,1301.88,CHEQUE,VALIDE,Facture F-2024-65771
1190,2024-06-08,5,4,702.47,VIREMENT,VALIDE,Facture F-2024-96321
1191,2024-06-08,NULL,11,3120.41,MOBILE_MONEY,VALIDE,Dépense Transport et logistique
1192,2024-06-09,31,1,6130.00,MOBILE_MONEY,VALIDE,Facture F-2024-24075
1193,2024-06-09,47,3,95.98,MOBILE_MONEY,VALIDE,Facture F-2024-08762
1194,2024-06-09,33,2,1098.92,CARTE,VALIDE,Facture F-2024-86541
1195,2024-06-09,12,3,125.02,ESPECES,VALIDE,Facture F-2024-43357
1196,2024-06-09,64,2,373.10,CARTE,VALIDE,Facture F-2024-01527
1197,2024-06-09,NULL,6,2956.77,MOBILE_MONEY,VALIDE,Dépense Salaires et charges sociales
1198,2024-06-09,NULL,11,4152.93,VIREMENT,VALIDE,Dépense Transport et logistique
1199,2024-06-10,35,4,690.87,CHEQUE,EN_ATTENTE,Facture F-2024-61340
1200,2024-06-10,8,4,395.24,ESPECES,EN_ATTENTE,Facture F-2024-50785
1201,2024-06-10,21,2,1127.62,ESPECES,VALIDE,Facture F-2024-44565
1202,2024-06-10,60,1,3326.58,CARTE,VALIDE,Facture F-2024-67606
1203,2024-06-10,53,3,177.24,CHEQUE,VALIDE,Facture F-2024-13127
1204,2024-06-10,64,1,4939.41,CARTE,VALIDE,Facture F-2024-77729
1205,2024-06-10,15,2,564.74,MOBILE_MONEY,VALIDE,Facture F-2024-01460
1206,2024-06-10,NULL,8,5029.57,CARTE,VALIDE,Dépense Marketing et publicité
1207,2024-06-10,NULL,11,309.61,CARTE,VALIDE,Dépense Transport et logistique
1208,2024-06-11,63,3,169.57,VIREMENT,VALIDE,Facture F-2024-38416
1209,2024-06-11,55,5,558.96,VIREMENT,VALIDE,Facture F-2024-13030
1210,2024-06-11,33,5,946.64,ESPECES,VALIDE,Facture F-2024-61912
1211,2024-06-11,49,2,1786.84,VIREMENT,VALIDE,Facture F-2024-25145
1212,2024-06-11,NULL,7,4292.78,VIREMENT,EN_ATTENTE,Dépense Loyers et immobilier
1213,2024-06-11,NULL,13,3948.82,ESPECES,VALIDE,Dépense Impôts et taxes
1214,2024-06-11,NULL,13,3163.15,VIREMENT,VALIDE,Dépense Impôts et taxes
1215,2024-06-11,NULL,14,4365.22,VIREMENT,VALIDE,Dépense Informatique et logiciels
1216,2024-06-12,4,4,567.67,VIREMENT,VALIDE,Facture F-2024-99157
1217,2024-06-12,18,2,1462.91,MOBILE_MONEY,VALIDE,Facture F-2024-48279
1218,2024-06-12,31,1,5872.61,CHEQUE,VALIDE,Facture F-2024-00178
1219,2024-06-12,36,5,322.12,VIREMENT,VALIDE,Facture F-2024-68313
1220,2024-06-12,41,1,5695.90,CHEQUE,VALIDE,Facture F-2024-04508
1221,2024-06-12,NULL,14,1153.45,VIREMENT,VALIDE,Dépense Informatique et logiciels
1222,2024-06-13,20,5,1109.23,ESPECES,VALIDE,Facture F-2024-10037
1223,2024-06-13,3,3,363.14,MOBILE_MONEY,VALIDE,Facture F-2024-59767
1224,2024-06-13,24,2,475.52,ESPECES,VALIDE,Facture F-2024-82873
1225,2024-06-13,NULL,15,344.50,CARTE,EN_ATTENTE,Dépense Intérêts et frais bancaires
1226,2024-06-13,NULL,11,3252.25,VIREMENT,VALIDE,Dépense Transport et logistique
1227,2024-06-14,11,1,4448.57,VIREMENT,VALIDE,Facture F-2024-38806
1228,2024-06-14,45,5,888.15,ESPECES,VALIDE,Facture F-2024-88059
1229,2024-06-14,25,2,796.11,CHEQUE,EN_ATTENTE,Facture F-2024-88424
1230,2024-06-14,28,2,614.66,VIREMENT,VALIDE,Facture F-2024-86234
1231,2024-06-14,NULL,6,14262.35,MOBILE_MONEY,VALIDE,Dépense Salaires et charges sociales
1232,2024-06-14,NULL,14,2197.42,MOBILE_MONEY,VALIDE,Dépense Informatique et logiciels
1233,2024-06-14,NULL,15,333.23,ESPECES,VALIDE,Dépense Intérêts et frais bancaires
1234,2024-06-14,NULL,12,2970.05,MOBILE_MONEY,VALIDE,Dépense Assurances
1235,2024-06-15,62,5,1256.19,ESPECES,VALIDE,Facture F-2024-25567
1236,2024-06-15,57,1,7150.76,CHEQUE,VALIDE,Facture F-2024-78982
1237,2024-06-15,52,4,265.58,ESPECES,VALIDE,Facture F-2024-94200
1238,2024-06-15,60,5,1145.59,CHEQUE,VALIDE,Facture F-2024-09625
1239,2024-06-15,3,4,412.10,VIREMENT,VALIDE,Facture F-2024-74312
1240,2024-06-15,53,4,428.87,CHEQUE,VALIDE,Facture F-2024-59545
1241,2024-06-15,28,2,989.43,CARTE,VALIDE,Facture F-2024-53815
1242,2024-06-15,23,1,1386.27,MOBILE_MONEY,VALIDE,Facture F-2024-93021
1243,2024-06-15,NULL,11,5914.56,VIREMENT,VALIDE,Dépense Transport et logistique
1244,2024-06-15,NULL,6,4815.82,VIREMENT,VALIDE,Dépense Salaires et charges sociales
1245,2024-06-15,NULL,12,707.44,VIREMENT,VALIDE,Dépense Assurances
1246,2024-06-16,49,4,716.86,CARTE,VALIDE,Facture F-2024-48705
1247,2024-06-16,54,4,330.50,ESPECES,VALIDE,Facture F-2024-72714
1248,2024-06-16,43,4,1159.07,CARTE,EN_ATTENTE,Facture F-2024-49756
1249,2024-06-16,36,2,451.57,ESPECES,VALIDE,Facture F-2024-60562
1250,2024-06-16,NULL,14,350.27,ESPECES,VALIDE,Dépense Informatique et logiciels
1251,2024-06-17,32,1,1176.64,CHEQUE,VALIDE,Facture F-2024-26352
1252,2024-06-17,58,1,823.00,MOBILE_MONEY,VALIDE,Facture F-2024-93253
1253,2024-06-17,57,5,954.76,CHEQUE,VALIDE,Facture F-2024-46119
1254,2024-06-17,4,5,1061.60,VIREMENT,VALIDE,Facture F-2024-42703
1255,2024-06-17,NULL,15,607.32,VIREMENT,VALIDE,Dépense Intérêts et frais bancaires
1256,2024-06-17,NULL,6,12796.74,ESPECES,VALIDE,Dépense Salaires et charges sociales
1257,2024-06-18,47,5,1456.41,ESPECES,VALIDE,Facture F-2024-01996
1258,2024-06-18,21,5,1435.17,VIREMENT,VALIDE,Facture F-2024-39392
1259,2024-06-18,38,3,148.50,MOBILE_MONEY,EN_ATTENTE,Facture F-2024-20458
1260,2024-06-18,35,5,494.68,MOBILE_MONEY,VALIDE,Facture F-2024-40261
1261,2024-06-18,2,4,409.10,VIREMENT,VALIDE,Facture F-2024-85524
1262,2024-06-18,62,4,854.36,VIREMENT,VALIDE,Facture F-2024-98774
1263,2024-06-18,58,1,6700.55,CARTE,VALIDE,Facture F-2024-02431
1264,2024-06-18,41,3,246.17,ESPECES,VALIDE,Facture F-2024-48337
1265,2024-06-18,NULL,15,656.52,MOBILE_MONEY,VALIDE,Dépense Intérêts et frais bancaires
1266,2024-06-18,NULL,7,3841.11,ESPECES,VALIDE,Dépense Loyers et immobilier
1267,2024-06-18,NULL,6,16045.54,CARTE,VALIDE,Dépense Salaires et charges sociales
1268,2024-06-19,45,5,1057.75,ESPECES,VALIDE,Facture F-2024-72493
1269,2024-06-19,55,2,1413.05,MOBILE_MONEY,VALIDE,Facture F-2024-67099
1270,2024-06-19,35,3,98.83,MOBILE_MONEY,VALIDE,Facture F-2024-01840
1271,2024-06-19,44,1,6674.72,ESPECES,EN_ATTENTE,Facture F-2024-95312
1272,2024-06-19,59,3,383.11,CHEQUE,VALIDE,Facture F-2024-85798
1273,2024-06-19,37,4,1099.66,ESPECES,VALIDE,Facture F-2024-65600
1274,2024-06-19,21,5,321.63,MOBILE_MONEY,VALIDE,Facture F-2024-76524
1275,2024-06-19,NULL,14,2569.21,CARTE,VALIDE,Dépense Informatique et logiciels
1276,2024-06-19,NULL,8,3437.69,MOBILE_MONEY,VALIDE,Dépense Marketing et publicité
1277,2024-06-19,NULL,11,4642.65,ESPECES,EN_ATTENTE,Dépense Transport et logistique
1278,2024-06-20,20,1,2747.27,ESPECES,VALIDE,Facture F-2024-50411
1279,2024-06-20,43,4,574.45,ESPECES,VALIDE,Facture F-2024-48497
1280,2024-06-20,33,2,797.64,VIREMENT,VALIDE,Facture F-2024-54649
1281,2024-06-20,56,2,917.31,VIREMENT,VALIDE,Facture F-2024-28906
1282,2024-06-20,20,4,798.75,MOBILE_MONEY,EN_ATTENTE,Facture F-2024-44886
1283,2024-06-20,30,5,732.93,CARTE,VALIDE,Facture F-2024-03624
1284,2024-06-20,NULL,7,2059.91,VIREMENT,VALIDE,Dépense Loyers et immobilier
1285,2024-06-20,NULL,8,7008.98,CARTE,VALIDE,Dépense Marketing et publicité
1286,2024-06-20,NULL,14,632.76,MOBILE_MONEY,VALIDE,Dépense Informatique et logiciels
1287,2024-06-20,NULL,10,836.58,MOBILE_MONEY,VALIDE,Dépense Énergie et eau
1288,2024-06-21,52,5,616.47,CHEQUE,VALIDE,Facture F-2024-33253
1289,2024-06-21,58,3,316.50,ESPECES,VALIDE,Facture F-2024-15920
1290,2024-06-21,45,5,1428.34,CARTE,VALIDE,Facture F-2024-51854
1291,2024-06-21,36,5,619.89,MOBILE_MONEY,VALIDE,Facture F-2024-57672
1292,2024-06-21,NULL,14,1642.58,VIREMENT,VALIDE,Dépense Informatique et logiciels
1293,2024-06-21,NULL,7,3318.97,ESPECES,VALIDE,Dépense Loyers et immobilier
1294,2024-06-21,NULL,12,2164.79,CARTE,VALIDE,Dépense Assurances
1295,2024-06-22,31,3,421.43,ESPECES,VALIDE,Facture F-2024-57741
1296,2024-06-22,49,1,3374.88,CHEQUE,VALIDE,Facture F-2024-46131
1297,2024-06-22,11,3,166.51,CHEQUE,VALIDE,Facture F-2024-38505
1298,2024-06-22,33,5,1181.64,MOBILE_MONEY,VALIDE,Facture F-2024-16446
1299,2024-06-22,36,1,5450.81,CARTE,VALIDE,Facture F-2024-60191
1300,2024-06-22,NULL,7,4367.77,VIREMENT,VALIDE,Dépense Loyers et immobilier
1301,2024-06-22,NULL,10,1294.20,MOBILE_MONEY,VALIDE,Dépense Énergie et eau
1302,2024-06-22,NULL,12,437.06,VIREMENT,VALIDE,Dépense Assurances
1303,2024-06-23,20,1,7170.27,CARTE,VALIDE,Facture F-2024-31124
1304,2024-06-23,43,4,304.42,ESPECES,VALIDE,Facture F-2024-15815
1305,2024-06-23,15,5,648.32,VIREMENT,VALIDE,Facture F-2024-56859
1306,2024-06-23,16,5,599.03,CHEQUE,VALIDE,Facture F-2024-44113
1307,2024-06-23,62,3,208.22,ESPECES,VALIDE,Facture F-2024-40978
1308,2024-06-23,1,5,911.10,VIREMENT,VALIDE,Facture F-2024-24907
1309,2024-06-23,NULL,9,147.46,MOBILE_MONEY,VALIDE,Dépense Fournitures et consommables
1310,2024-06-24,31,5,1218.55,CHEQUE,VALIDE,Facture F-2024-63850
1311,2024-06-24,51,4,866.21,VIREMENT,EN_ATTENTE,Facture F-2024-24778
1312,2024-06-24,39,1,5823.66,CHEQUE,VALIDE,Facture F-2024-22206
1313,2024-06-24,40,4,277.82,ESPECES,VALIDE,Facture F-2024-39645
1314,2024-06-24,18,2,1203.73,CHEQUE,VALIDE,Facture F-2024-53349
1315,2024-06-24,4,2,805.72,MOBILE_MONEY,VALIDE,Facture F-2024-82627
1316,2024-06-24,NULL,14,419.61,VIREMENT,VALIDE,Dépense Informatique et logiciels
1317,2024-06-24,NULL,13,1493.50,ESPECES,VALIDE,Dépense Impôts et taxes
1318,2024-06-24,NULL,9,111.83,MOBILE_MONEY,VALIDE,Dépense Fournitures et consommables
1319,2024-06-25,9,4,991.53,ESPECES,VALIDE,Facture F-2024-92393
1320,2024-06-25,18,4,720.22,ESPECES,VALIDE,Facture F-2024-12323
1321,2024-06-25,42,4,612.53,ESPECES,VALIDE,Facture F-2024-13632
1322,2024-06-25,57,4,591.63,ESPECES,VALIDE,Facture F-2024-64333
1323,2024-06-25,27,2,664.77,VIREMENT,VALIDE,Facture F-2024-07800
1324,2024-06-25,24,4,902.51,VIREMENT,VALIDE,Facture F-2024-59412
1325,2024-06-25,25,3,291.57,ESPECES,VALIDE,Facture F-2024-61907
1326,2024-06-25,NULL,11,4950.30,ESPECES,VALIDE,Dépense Transport et logistique
1327,2024-06-25,NULL,9,1786.72,ESPECES,VALIDE,Dépense Fournitures et consommables
1328,2024-06-26,3,2,1117.65,ESPECES,VALIDE,Facture F-2024-20412
1329,2024-06-26,61,5,1413.29,ESPECES,VALIDE,Facture F-2024-19189
1330,2024-06-26,39,5,892.49,CHEQUE,VALIDE,Facture F-2024-99614
1331,2024-06-26,NULL,7,3042.89,ESPECES,VALIDE,Dépense Loyers et immobilier
1332,2024-06-27,45,1,6235.03,CHEQUE,EN_ATTENTE,Facture F-2024-82582
1333,2024-06-27,2,5,766.83,CARTE,VALIDE,Facture F-2024-22174
1334,2024-06-27,33,4,810.59,CHEQUE,VALIDE,Facture F-2024-60185
1335,2024-06-27,NULL,9,1043.56,ESPECES,VALIDE,Dépense Fournitures et consommables
1336,2024-06-27,NULL,12,1714.26,CARTE,VALIDE,Dépense Assurances
1337,2024-06-28,24,1,3783.87,CHEQUE,VALIDE,Facture F-2024-75298
1338,2024-06-28,21,2,1491.19,ESPECES,VALIDE,Facture F-2024-30386
1339,2024-06-28,61,3,427.67,CHEQUE,VALIDE,Facture F-2024-17252
1340,2024-06-28,56,5,1082.31,ESPECES,VALIDE,Facture F-2024-93391
1341,2024-06-28,7,1,7265.02,MOBILE_MONEY,EN_ATTENTE,Facture F-2024-28619
1342,2024-06-28,NULL,14,3139.12,CARTE,VALIDE,Dépense Informatique et logiciels
1343,2024-06-29,7,5,1169.71,ESPECES,VALIDE,Facture F-2024-14937
1344,2024-06-29,17,1,6515.36,VIREMENT,VALIDE,Facture F-2024-39263
1345,2024-06-29,61,5,502.59,CHEQUE,VALIDE,Facture F-2024-06555
1346,2024-06-29,57,4,679.25,ESPECES,VALIDE,Facture F-2024-05745
1347,2024-06-29,46,3,370.07,VIREMENT,VALIDE,Facture F-2024-24853
1348,2024-06-29,34,5,1489.92,VIREMENT,VALIDE,Facture F-2024-54173
1349,2024-06-29,43,5,1127.70,ESPECES,VALIDE,Facture F-2024-54310
1350,2024-06-30,21,3,385.38,MOBILE_MONEY,VALIDE,Facture F-2024-34113
1351,2024-06-30,59,5,972.23,MOBILE_MONEY,VALIDE,Facture F-2024-69781
1352,2024-06-30,62,5,649.65,CARTE,VALIDE,Facture F-2024-73490
1353,2024-06-30,59,5,339.85,CARTE,VALIDE,Facture F-2024-33889
1354,2024-06-30,16,2,1109.67,CARTE,VALIDE,Facture F-2024-05552
1355,2024-06-30,NULL,12,2023.07,VIREMENT,VALIDE,Dépense Assurances
1356,2024-06-30,NULL,12,333.79,CARTE,VALIDE,Dépense Assurances
1357,2024-06-30,NULL,11,1224.85,MOBILE_MONEY,VALIDE,Dépense Transport et logistique
1358,2024-07-01,41,1,5395.45,VIREMENT,VALIDE,Facture F-2024-27707
1359,2024-07-01,4,1,5435.82,CHEQUE,VALIDE,Facture F-2024-19000
1360,2024-07-01,17,1,5830.61,CHEQUE,VALIDE,Facture F-2024-98229
1361,2024-07-01,49,3,87.59,CHEQUE,VALIDE,Facture F-2024-13602
1362,2024-07-01,NULL,6,6175.80,CARTE,VALIDE,Dépense Salaires et charges sociales
1363,2024-07-01,NULL,13,5145.90,ESPECES,VALIDE,Dépense Impôts et taxes
1364,2024-07-01,NULL,13,3129.31,ESPECES,VALIDE,Dépense Impôts et taxes
1365,2024-07-02,11,4,688.81,CARTE,VALIDE,Facture F-2024-20449
1366,2024-07-02,16,1,5033.21,MOBILE_MONEY,VALIDE,Facture F-2024-08074
1367,2024-07-02,31,3,342.05,CHEQUE,VALIDE,Facture F-2024-18666
1368,2024-07-02,43,2,1346.96,MOBILE_MONEY,VALIDE,Facture F-2024-09987
1369,2024-07-02,NULL,12,490.29,ESPECES,VALIDE,Dépense Assurances
1370,2024-07-02,NULL,12,968.30,VIREMENT,VALIDE,Dépense Assurances
1371,2024-07-02,NULL,8,2513.17,MOBILE_MONEY,VALIDE,Dépense Marketing et publicité
1372,2024-07-02,NULL,12,1888.44,MOBILE_MONEY,VALIDE,Dépense Assurances
1373,2024-07-03,48,1,4860.88,MOBILE_MONEY,VALIDE,Facture F-2024-21660
1374,2024-07-03,3,1,6037.53,MOBILE_MONEY,VALIDE,Facture F-2024-82924
1375,2024-07-03,44,5,1350.20,VIREMENT,VALIDE,Facture F-2024-71161
1376,2024-07-03,20,4,615.94,MOBILE_MONEY,EN_ATTENTE,Facture F-2024-11935
1377,2024-07-03,46,3,157.75,ESPECES,VALIDE,Facture F-2024-40508
1378,2024-07-03,65,1,6221.70,VIREMENT,VALIDE,Facture F-2024-77374
1379,2024-07-03,15,3,277.21,CARTE,VALIDE,Facture F-2024-08737
1380,2024-07-03,NULL,12,3082.59,MOBILE_MONEY,VALIDE,Dépense Assurances
1381,2024-07-03,NULL,10,1537.28,CARTE,VALIDE,Dépense Énergie et eau
1382,2024-07-03,NULL,8,1344.61,CARTE,VALIDE,Dépense Marketing et publicité
1383,2024-07-03,NULL,6,9515.59,ESPECES,VALIDE,Dépense Salaires et charges sociales
1384,2024-07-04,32,3,55.07,VIREMENT,VALIDE,Facture F-2024-08762
1385,2024-07-04,38,4,747.02,ESPECES,VALIDE,Facture F-2024-49314
1386,2024-07-04,60,2,1626.96,VIREMENT,VALIDE,Facture F-2024-64861
1387,2024-07-04,54,5,571.97,MOBILE_MONEY,VALIDE,Facture F-2024-89351
1388,2024-07-04,25,4,249.43,ESPECES,VALIDE,Facture F-2024-83827
1389,2024-07-04,1,4,1106.76,CHEQUE,VALIDE,Facture F-2024-85286
1390,2024-07-04,NULL,7,718.08,VIREMENT,VALIDE,Dépense Loyers et immobilier
1391,2024-07-04,NULL,7,3983.75,VIREMENT,VALIDE,Dépense Loyers et immobilier
1392,2024-07-04,NULL,13,3021.35,MOBILE_MONEY,VALIDE,Dépense Impôts et taxes
1393,2024-07-05,3,4,334.91,ESPECES,VALIDE,Facture F-2024-03966
1394,2024-07-05,25,1,4398.59,MOBILE_MONEY,VALIDE,Facture F-2024-31826
1395,2024-07-05,48,1,2248.28,ESPECES,VALIDE,Facture F-2024-41132
1396,2024-07-05,NULL,8,4217.07,ESPECES,EN_ATTENTE,Dépense Marketing et publicité
1397,2024-07-05,NULL,7,2724.71,MOBILE_MONEY,VALIDE,Dépense Loyers et immobilier
1398,2024-07-05,NULL,10,280.93,VIREMENT,VALIDE,Dépense Énergie et eau
1399,2024-07-05,NULL,15,459.25,VIREMENT,VALIDE,Dépense Intérêts et frais bancaires
1400,2024-07-06,49,3,207.84,ESPECES,VALIDE,Facture F-2024-30417
1401,2024-07-06,4,4,1108.53,VIREMENT,VALIDE,Facture F-2024-00452
1402,2024-07-06,4,4,623.11,ESPECES,VALIDE,Facture F-2024-07410
1403,2024-07-06,48,1,953.37,ESPECES,VALIDE,Facture F-2024-33730
1404,2024-07-06,NULL,13,774.99,MOBILE_MONEY,EN_ATTENTE,Dépense Impôts et taxes
1405,2024-07-07,22,4,585.78,ESPECES,VALIDE,Facture F-2024-79692
1406,2024-07-07,53,4,301.61,VIREMENT,VALIDE,Facture F-2024-51746
1407,2024-07-07,14,4,975.67,CHEQUE,EN_ATTENTE,Facture F-2024-49397
1408,2024-07-07,42,2,1201.62,ESPECES,VALIDE,Facture F-2024-11781
1409,2024-07-07,45,3,120.30,MOBILE_MONEY,VALIDE,Facture F-2024-35047
1410,2024-07-07,35,1,2705.97,CHEQUE,VALIDE,Facture F-2024-93591
1411,2024-07-07,24,3,256.78,CHEQUE,EN_ATTENTE,Facture F-2024-68945
1412,2024-07-07,NULL,14,3988.02,CARTE,VALIDE,Dépense Informatique et logiciels
1413,2024-07-08,19,2,1630.33,ESPECES,VALIDE,Facture F-2024-38001
1414,2024-07-08,51,5,1454.42,ESPECES,VALIDE,Facture F-2024-53349
1415,2024-07-08,21,5,1017.36,ESPECES,VALIDE,Facture F-2024-53420
1416,2024-07-08,30,3,63.63,CHEQUE,VALIDE,Facture F-2024-67161
1417,2024-07-08,16,3,397.05,ESPECES,VALIDE,Facture F-2024-12553
1418,2024-07-08,NULL,12,2294.45,ESPECES,VALIDE,Dépense Assurances
1419,2024-07-08,NULL,11,2933.38,ESPECES,VALIDE,Dépense Transport et logistique
1420,2024-07-08,NULL,7,2487.75,ESPECES,VALIDE,Dépense Loyers et immobilier
1421,2024-07-08,NULL,9,1942.65,MOBILE_MONEY,VALIDE,Dépense Fournitures et consommables
1422,2024-07-09,9,5,486.84,ESPECES,VALIDE,Facture F-2024-44389
1423,2024-07-09,51,1,6032.40,CHEQUE,VALIDE,Facture F-2024-71373
1424,2024-07-09,5,5,1256.49,ESPECES,VALIDE,Facture F-2024-75047
1425,2024-07-09,NULL,6,13607.72,CARTE,VALIDE,Dépense Salaires et charges sociales
1426,2024-07-09,NULL,12,1165.73,CARTE,EN_ATTENTE,Dépense Assurances
1427,2024-07-10,56,2,1410.48,ESPECES,VALIDE,Facture F-2024-06748
1428,2024-07-10,53,5,371.21,CARTE,VALIDE,Facture F-2024-75021
1429,2024-07-10,NULL,8,2000.80,MOBILE_MONEY,VALIDE,Dépense Marketing et publicité
1430,2024-07-10,NULL,7,3247.03,MOBILE_MONEY,EN_ATTENTE,Dépense Loyers et immobilier
1431,2024-07-11,52,4,263.59,MOBILE_MONEY,VALIDE,Facture F-2024-95715
1432,2024-07-11,48,2,1531.58,MOBILE_MONEY,VALIDE,Facture F-2024-76969
1433,2024-07-11,42,3,207.60,VIREMENT,VALIDE,Facture F-2024-11796
1434,2024-07-11,33,2,1024.90,ESPECES,VALIDE,Facture F-2024-58637
1435,2024-07-11,60,5,987.76,CHEQUE,VALIDE,Facture F-2024-74901
1436,2024-07-11,49,4,546.66,CARTE,VALIDE,Facture F-2024-36504
1437,2024-07-11,NULL,9,200.69,CARTE,VALIDE,Dépense Fournitures et consommables
1438,2024-07-11,NULL,10,438.85,ESPECES,VALIDE,Dépense Énergie et eau
1439,2024-07-12,7,1,3930.34,CARTE,VALIDE,Facture F-2024-51619
1440,2024-07-12,31,1,2993.19,MOBILE_MONEY,VALIDE,Facture F-2024-60213
1441,2024-07-12,59,2,1152.18,CHEQUE,VALIDE,Facture F-2024-22658
1442,2024-07-12,35,4,952.59,ESPECES,EN_ATTENTE,Facture F-2024-91904
1443,2024-07-12,57,2,953.07,CARTE,VALIDE,Facture F-2024-87052
1444,2024-07-12,34,3,182.50,ESPECES,VALIDE,Facture F-2024-61722
1445,2024-07-12,43,1,7273.21,ESPECES,VALIDE,Facture F-2024-29485
1446,2024-07-12,22,2,2107.17,CHEQUE,VALIDE,Facture F-2024-87427
1447,2024-07-12,NULL,9,1381.00,ESPECES,VALIDE,Dépense Fournitures et consommables
1448,2024-07-12,NULL,7,372.88,ESPECES,VALIDE,Dépense Loyers et immobilier
1449,2024-07-13,49,5,355.60,MOBILE_MONEY,VALIDE,Facture F-2024-83492
1450,2024-07-13,8,4,592.97,CHEQUE,VALIDE,Facture F-2024-60956
1451,2024-07-13,65,2,1882.39,MOBILE_MONEY,VALIDE,Facture F-2024-03798
1452,2024-07-13,18,4,543.19,ESPECES,VALIDE,Facture F-2024-89051
1453,2024-07-13,10,1,1996.78,MOBILE_MONEY,EN_ATTENTE,Facture F-2024-50578
1454,2024-07-13,13,2,2099.89,CHEQUE,VALIDE,Facture F-2024-79966
1455,2024-07-13,33,5,982.53,CHEQUE,VALIDE,Facture F-2024-60035
1456,2024-07-13,36,2,1986.96,ESPECES,VALIDE,Facture F-2024-65536
1457,2024-07-13,NULL,9,1336.43,ESPECES,VALIDE,Dépense Fournitures et consommables
1458,2024-07-13,NULL,13,1151.60,CARTE,VALIDE,Dépense Impôts et taxes
1459,2024-07-14,5,4,482.39,CARTE,VALIDE,Facture F-2024-14205
1460,2024-07-14,32,5,849.44,CHEQUE,VALIDE,Facture F-2024-36756
1461,2024-07-14,12,3,250.27,ESPECES,VALIDE,Facture F-2024-40388
1462,2024-07-14,61,4,951.29,MOBILE_MONEY,VALIDE,Facture F-2024-11542
1463,2024-07-14,37,5,1364.11,VIREMENT,VALIDE,Facture F-2024-10814
1464,2024-07-14,NULL,6,18395.25,ESPECES,VALIDE,Dépense Salaires et charges sociales
1465,2024-07-15,46,1,3863.56,VIREMENT,VALIDE,Facture F-2024-03611
1466,2024-07-15,34,3,50.60,CARTE,VALIDE,Facture F-2024-80615
1467,2024-07-15,37,3,55.57,CHEQUE,VALIDE,Facture F-2024-03092
1468,2024-07-15,NULL,10,2022.95,CARTE,VALIDE,Dépense Énergie et eau
1469,2024-07-16,20,2,1507.45,CHEQUE,VALIDE,Facture F-2024-08628
1470,2024-07-16,5,1,1710.84,MOBILE_MONEY,VALIDE,Facture F-2024-48437
1471,2024-07-16,NULL,6,10012.93,CARTE,VALIDE,Dépense Salaires et charges sociales
1472,2024-07-16,NULL,15,151.15,ESPECES,VALIDE,Dépense Intérêts et frais bancaires
1473,2024-07-16,NULL,15,610.16,CARTE,VALIDE,Dépense Intérêts et frais bancaires
1474,2024-07-16,NULL,9,739.27,MOBILE_MONEY,VALIDE,Dépense Fournitures et consommables
1475,2024-07-17,31,3,109.01,VIREMENT,VALIDE,Facture F-2024-39508
1476,2024-07-17,15,4,242.41,MOBILE_MONEY,VALIDE,Facture F-2024-58158
1477,2024-07-17,60,4,555.54,VIREMENT,VALIDE,Facture F-2024-17024
1478,2024-07-17,42,4,501.66,VIREMENT,VALIDE,Facture F-2024-49195
1479,2024-07-17,51,5,691.30,ESPECES,VALIDE,Facture F-2024-39037
1480,2024-07-17,35,3,54.94,CARTE,VALIDE,Facture F-2024-10554
1481,2024-07-17,39,1,3243.21,CHEQUE,VALIDE,Facture F-2024-04780
1482,2024-07-17,35,4,648.82,CHEQUE,VALIDE,Facture F-2024-33267
1483,2024-07-17,NULL,6,1304.83,ESPECES,VALIDE,Dépense Salaires et charges sociales
1484,2024-07-17,NULL,15,461.60,ESPECES,VALIDE,Dépense Intérêts et frais bancaires
1485,2024-07-17,NULL,11,5717.91,CARTE,VALIDE,Dépense Transport et logistique
1486,2024-07-17,NULL,7,3133.17,CARTE,VALIDE,Dépense Loyers et immobilier
1487,2024-07-18,10,3,102.07,MOBILE_MONEY,VALIDE,Facture F-2024-40810
1488,2024-07-18,18,4,447.67,ESPECES,VALIDE,Facture F-2024-72074
1489,2024-07-18,61,2,2174.95,MOBILE_MONEY,VALIDE,Facture F-2024-29269
1490,2024-07-18,25,5,664.36,VIREMENT,VALIDE,Facture F-2024-57460
1491,2024-07-18,NULL,14,4621.76,CARTE,VALIDE,Dépense Informatique et logiciels
1492,2024-07-18,NULL,10,547.52,ESPECES,VALIDE,Dépense Énergie et eau
1493,2024-07-18,NULL,6,7661.18,MOBILE_MONEY,VALIDE,Dépense Salaires et charges sociales
1494,2024-07-19,41,4,1172.85,VIREMENT,VALIDE,Facture F-2024-40467
1495,2024-07-19,18,5,1219.12,MOBILE_MONEY,VALIDE,Facture F-2024-07727
1496,2024-07-19,25,4,917.98,VIREMENT,VALIDE,Facture F-2024-32303
1497,2024-07-19,NULL,14,2035.97,MOBILE_MONEY,VALIDE,Dépense Informatique et logiciels
1498,2024-07-19,NULL,7,2775.57,CARTE,VALIDE,Dépense Loyers et immobilier
1499,2024-07-19,NULL,12,3047.12,CARTE,VALIDE,Dépense Assurances
1500,2024-07-20,5,4,710.43,VIREMENT,VALIDE,Facture F-2024-78472
1501,2024-07-20,51,1,6332.49,ESPECES,VALIDE,Facture F-2024-59535
1502,2024-07-20,4,3,280.72,CHEQUE,EN_ATTENTE,Facture F-2024-82241
1503,2024-07-20,3,5,897.43,CARTE,VALIDE,Facture F-2024-07962
1504,2024-07-20,NULL,12,699.50,ESPECES,VALIDE,Dépense Assurances
1505,2024-07-20,NULL,9,2387.68,VIREMENT,VALIDE,Dépense Fournitures et consommables
1506,2024-07-21,24,4,1019.11,ESPECES,VALIDE,Facture F-2024-23413
1507,2024-07-21,59,3,422.04,CHEQUE,EN_ATTENTE,Facture F-2024-46200
1508,2024-07-21,56,1,1476.26,CARTE,VALIDE,Facture F-2024-77984
1509,2024-07-21,59,5,1477.20,CHEQUE,VALIDE,Facture F-2024-12922
1510,2024-07-21,31,2,713.94,ESPECES,EN_ATTENTE,Facture F-2024-75396
1511,2024-07-21,37,3,87.12,MOBILE_MONEY,EN_ATTENTE,Facture F-2024-26920
1512,2024-07-21,59,1,1255.54,MOBILE_MONEY,VALIDE,Facture F-2024-54083
1513,2024-07-21,27,4,393.12,CARTE,VALIDE,Facture F-2024-55640
1514,2024-07-22,31,4,287.34,CHEQUE,VALIDE,Facture F-2024-44964
1515,2024-07-22,56,4,541.73,MOBILE_MONEY,VALIDE,Facture F-2024-80155
1516,2024-07-22,43,3,67.66,VIREMENT,VALIDE,Facture F-2024-05864
1517,2024-07-22,62,4,1077.78,VIREMENT,VALIDE,Facture F-2024-04631
1518,2024-07-22,29,2,631.09,CARTE,VALIDE,Facture F-2024-16082
1519,2024-07-22,42,5,1168.23,CARTE,VALIDE,Facture F-2024-71696
1520,2024-07-22,44,5,859.18,VIREMENT,VALIDE,Facture F-2024-08602
1521,2024-07-22,NULL,6,9204.31,ESPECES,VALIDE,Dépense Salaires et charges sociales
1522,2024-07-22,NULL,12,1210.46,MOBILE_MONEY,VALIDE,Dépense Assurances
1523,2024-07-22,NULL,10,1527.16,ESPECES,VALIDE,Dépense Énergie et eau
1524,2024-07-23,12,2,1891.99,VIREMENT,VALIDE,Facture F-2024-63677
1525,2024-07-23,33,4,681.23,CHEQUE,VALIDE,Facture F-2024-54692
1526,2024-07-23,30,5,1250.73,MOBILE_MONEY,VALIDE,Facture F-2024-00197
1527,2024-07-23,54,1,4628.43,MOBILE_MONEY,VALIDE,Facture F-2024-46989
1528,2024-07-23,NULL,10,322.09,ESPECES,VALIDE,Dépense Énergie et eau
1529,2024-07-23,NULL,6,7806.46,CARTE,VALIDE,Dépense Salaires et charges sociales
1530,2024-07-23,NULL,14,3805.10,VIREMENT,VALIDE,Dépense Informatique et logiciels
1531,2024-07-23,NULL,9,2026.77,MOBILE_MONEY,VALIDE,Dépense Fournitures et consommables
1532,2024-07-24,53,2,2122.29,CHEQUE,VALIDE,Facture F-2024-74019
1533,2024-07-24,NULL,14,2408.86,ESPECES,VALIDE,Dépense Informatique et logiciels
1534,2024-07-25,16,5,588.81,MOBILE_MONEY,VALIDE,Facture F-2024-58495
1535,2024-07-25,5,1,6612.20,VIREMENT,EN_ATTENTE,Facture F-2024-00583
1536,2024-07-25,15,5,1008.61,ESPECES,EN_ATTENTE,Facture F-2024-68186
1537,2024-07-25,49,1,2300.87,ESPECES,VALIDE,Facture F-2024-46859
1538,2024-07-25,49,5,567.14,MOBILE_MONEY,VALIDE,Facture F-2024-49864
1539,2024-07-25,40,1,7240.86,VIREMENT,VALIDE,Facture F-2024-52906
1540,2024-07-25,1,5,660.60,ESPECES,VALIDE,Facture F-2024-48376
1541,2024-07-25,21,1,1237.94,MOBILE_MONEY,VALIDE,Facture F-2024-97757
1542,2024-07-25,NULL,15,266.72,MOBILE_MONEY,VALIDE,Dépense Intérêts et frais bancaires
1543,2024-07-25,NULL,12,1195.98,CARTE,VALIDE,Dépense Assurances
1544,2024-07-25,NULL,6,19488.14,VIREMENT,VALIDE,Dépense Salaires et charges sociales
1545,2024-07-25,NULL,7,4643.39,VIREMENT,VALIDE,Dépense Loyers et immobilier
1546,2024-07-26,61,5,399.89,CHEQUE,VALIDE,Facture F-2024-13453
1547,2024-07-26,37,5,1278.13,ESPECES,VALIDE,Facture F-2024-21610
1548,2024-07-26,7,2,1168.74,VIREMENT,VALIDE,Facture F-2024-44632
1549,2024-07-26,7,3,61.90,VIREMENT,VALIDE,Facture F-2024-11693
1550,2024-07-26,41,3,174.04,ESPECES,VALIDE,Facture F-2024-61646
1551,2024-07-26,NULL,13,2876.04,VIREMENT,VALIDE,Dépense Impôts et taxes
1552,2024-07-27,21,2,1427.44,MOBILE_MONEY,VALIDE,Facture F-2024-56605
1553,2024-07-27,6,4,337.01,CHEQUE,VALIDE,Facture F-2024-98537
1554,2024-07-27,34,5,1361.78,MOBILE_MONEY,VALIDE,Facture F-2024-60118
1555,2024-07-27,35,3,138.34,VIREMENT,VALIDE,Facture F-2024-16145
1556,2024-07-27,65,3,248.20,CHEQUE,VALIDE,Facture F-2024-56059
1557,2024-07-27,8,5,1138.56,MOBILE_MONEY,VALIDE,Facture F-2024-91432
1558,2024-07-27,39,2,514.07,ESPECES,VALIDE,Facture F-2024-63486
1559,2024-07-27,NULL,14,2420.68,ESPECES,VALIDE,Dépense Informatique et logiciels
1560,2024-07-27,NULL,7,4655.84,ESPECES,VALIDE,Dépense Loyers et immobilier
1561,2024-07-27,NULL,14,2494.44,VIREMENT,VALIDE,Dépense Informatique et logiciels
1562,2024-07-28,10,3,83.60,MOBILE_MONEY,VALIDE,Facture F-2024-13601
1563,2024-07-28,62,2,411.72,VIREMENT,VALIDE,Facture F-2024-95390
1564,2024-07-28,49,4,771.13,CARTE,VALIDE,Facture F-2024-60907
1565,2024-07-28,NULL,9,437.65,MOBILE_MONEY,VALIDE,Dépense Fournitures et consommables
1566,2024-07-29,40,2,1969.31,CARTE,VALIDE,Facture F-2024-67604
1567,2024-07-29,43,5,820.10,CHEQUE,VALIDE,Facture F-2024-64713
1568,2024-07-29,61,5,1175.95,VIREMENT,VALIDE,Facture F-2024-32276
1569,2024-07-29,16,5,1088.89,CHEQUE,VALIDE,Facture F-2024-62209
1570,2024-07-29,34,3,103.16,CARTE,VALIDE,Facture F-2024-44196
1571,2024-07-29,NULL,8,7188.22,CARTE,VALIDE,Dépense Marketing et publicité
1572,2024-07-29,NULL,8,4688.30,CARTE,VALIDE,Dépense Marketing et publicité
1573,2024-07-29,NULL,11,4125.51,VIREMENT,VALIDE,Dépense Transport et logistique
1574,2024-07-30,36,5,1424.76,CARTE,VALIDE,Facture F-2024-60803
1575,2024-07-30,45,3,426.17,CARTE,VALIDE,Facture F-2024-05530
1576,2024-07-30,63,5,702.87,CHEQUE,VALIDE,Facture F-2024-98152
1577,2024-07-30,NULL,7,998.24,MOBILE_MONEY,VALIDE,Dépense Loyers et immobilier
1578,2024-07-30,NULL,10,94.03,MOBILE_MONEY,VALIDE,Dépense Énergie et eau
1579,2024-07-30,NULL,11,5810.65,VIREMENT,VALIDE,Dépense Transport et logistique
1580,2024-07-30,NULL,14,4068.25,MOBILE_MONEY,VALIDE,Dépense Informatique et logiciels
1581,2024-07-31,57,1,1477.49,VIREMENT,VALIDE,Facture F-2024-08211
1582,2024-07-31,30,3,306.51,CARTE,EN_ATTENTE,Facture F-2024-44446
1583,2024-07-31,33,5,1021.68,MOBILE_MONEY,VALIDE,Facture F-2024-38043
1584,2024-07-31,46,3,358.55,ESPECES,VALIDE,Facture F-2024-54182
1585,2024-07-31,22,2,1138.48,CARTE,VALIDE,Facture F-2024-35494
1586,2024-07-31,NULL,7,3127.02,MOBILE_MONEY,VALIDE,Dépense Loyers et immobilier
1587,2024-08-01,55,1,6904.61,ESPECES,EN_ATTENTE,Facture F-2024-15388
1588,2024-08-01,62,3,171.51,ESPECES,VALIDE,Facture F-2024-44428
1589,2024-08-01,37,4,696.76,ESPECES,VALIDE,Facture F-2024-47094
1590,2024-08-01,13,1,4496.81,MOBILE_MONEY,VALIDE,Facture F-2024-50030
1591,2024-08-01,38,4,213.57,MOBILE_MONEY,VALIDE,Facture F-2024-70334
1592,2024-08-01,53,4,918.55,ESPECES,VALIDE,Facture F-2024-70601
1593,2024-08-01,NULL,7,2340.58,CARTE,VALIDE,Dépense Loyers et immobilier
1594,2024-08-02,18,2,1237.96,ESPECES,VALIDE,Facture F-2024-73152
1595,2024-08-02,60,2,2053.41,MOBILE_MONEY,VALIDE,Facture F-2024-11644
1596,2024-08-02,52,3,308.31,ESPECES,VALIDE,Facture F-2024-30688
1597,2024-08-02,NULL,15,805.24,MOBILE_MONEY,VALIDE,Dépense Intérêts et frais bancaires
1598,2024-08-02,NULL,13,4921.90,MOBILE_MONEY,VALIDE,Dépense Impôts et taxes
1599,2024-08-02,NULL,13,2418.74,ESPECES,VALIDE,Dépense Impôts et taxes
1600,2024-08-02,NULL,11,414.26,CARTE,VALIDE,Dépense Transport et logistique
1601,2024-08-03,47,1,1566.02,MOBILE_MONEY,VALIDE,Facture F-2024-73635
1602,2024-08-03,51,5,1399.17,ESPECES,VALIDE,Facture F-2024-72552
1603,2024-08-03,1,3,345.09,VIREMENT,VALIDE,Facture F-2024-89739
1604,2024-08-03,21,2,207.30,CARTE,EN_ATTENTE,Facture F-2024-58350
1605,2024-08-03,59,4,509.14,CARTE,VALIDE,Facture F-2024-97527
1606,2024-08-03,53,5,512.58,CHEQUE,VALIDE,Facture F-2024-63542
1607,2024-08-03,26,4,1151.30,VIREMENT,VALIDE,Facture F-2024-28677
1608,2024-08-03,7,3,338.38,CARTE,VALIDE,Facture F-2024-55727
1609,2024-08-03,NULL,8,2495.01,MOBILE_MONEY,VALIDE,Dépense Marketing et publicité
1610,2024-08-03,NULL,6,10515.66,ESPECES,VALIDE,Dépense Salaires et charges sociales
1611,2024-08-03,NULL,10,643.37,VIREMENT,VALIDE,Dépense Énergie et eau
1612,2024-08-03,NULL,11,1929.55,ESPECES,VALIDE,Dépense Transport et logistique
1613,2024-08-04,65,1,6658.38,ESPECES,VALIDE,Facture F-2024-47437
1614,2024-08-04,37,4,627.81,CHEQUE,VALIDE,Facture F-2024-22834
1615,2024-08-04,51,5,537.85,MOBILE_MONEY,VALIDE,Facture F-2024-24221
1616,2024-08-04,63,1,3156.68,CHEQUE,VALIDE,Facture F-2024-17612
1617,2024-08-04,36,3,232.72,CHEQUE,VALIDE,Facture F-2024-07317
1618,2024-08-04,NULL,13,4624.48,MOBILE_MONEY,VALIDE,Dépense Impôts et taxes
1619,2024-08-04,NULL,12,2059.46,VIREMENT,VALIDE,Dépense Assurances
1620,2024-08-04,NULL,9,977.60,VIREMENT,VALIDE,Dépense Fournitures et consommables
1621,2024-08-04,NULL,10,1217.64,VIREMENT,VALIDE,Dépense Énergie et eau
1622,2024-08-05,32,5,1355.23,VIREMENT,VALIDE,Facture F-2024-86916
1623,2024-08-05,44,3,442.15,ESPECES,VALIDE,Facture F-2024-23017
1624,2024-08-05,40,2,748.21,CHEQUE,VALIDE,Facture F-2024-97384
1625,2024-08-05,47,4,594.16,CHEQUE,VALIDE,Facture F-2024-36616
1626,2024-08-05,31,1,614.90,CARTE,VALIDE,Facture F-2024-27707
1627,2024-08-05,46,1,1605.79,VIREMENT,VALIDE,Facture F-2024-61906
1628,2024-08-05,18,4,670.37,CARTE,VALIDE,Facture F-2024-64669
1629,2024-08-05,NULL,13,3654.61,ESPECES,VALIDE,Dépense Impôts et taxes
1630,2024-08-05,NULL,13,975.66,VIREMENT,VALIDE,Dépense Impôts et taxes
1631,2024-08-05,NULL,7,4420.75,CARTE,VALIDE,Dépense Loyers et immobilier
1632,2024-08-06,38,2,1742.38,CARTE,VALIDE,Facture F-2024-19096
1633,2024-08-06,44,4,608.93,CHEQUE,VALIDE,Facture F-2024-00193
1634,2024-08-06,43,2,807.78,MOBILE_MONEY,VALIDE,Facture F-2024-97324
1635,2024-08-06,NULL,11,2285.70,MOBILE_MONEY,VALIDE,Dépense Transport et logistique
1636,2024-08-07,18,5,1009.52,VIREMENT,VALIDE,Facture F-2024-72735
1637,2024-08-07,52,5,1495.39,CHEQUE,EN_ATTENTE,Facture F-2024-37438
1638,2024-08-07,28,4,200.22,MOBILE_MONEY,VALIDE,Facture F-2024-69779
1639,2024-08-07,NULL,13,1674.34,ESPECES,VALIDE,Dépense Impôts et taxes
1640,2024-08-07,NULL,11,1936.56,MOBILE_MONEY,VALIDE,Dépense Transport et logistique
1641,2024-08-07,NULL,13,2910.79,VIREMENT,VALIDE,Dépense Impôts et taxes
1642,2024-08-07,NULL,6,7756.67,CARTE,VALIDE,Dépense Salaires et charges sociales
1643,2024-08-08,48,5,566.33,CHEQUE,VALIDE,Facture F-2024-63565
1644,2024-08-08,48,3,68.18,VIREMENT,VALIDE,Facture F-2024-99075
1645,2024-08-08,45,3,386.91,CARTE,VALIDE,Facture F-2024-50738
1646,2024-08-08,NULL,8,2441.94,CARTE,VALIDE,Dépense Marketing et publicité
1647,2024-08-08,NULL,15,703.74,VIREMENT,VALIDE,Dépense Intérêts et frais bancaires
1648,2024-08-09,11,3,142.22,MOBILE_MONEY,VALIDE,Facture F-2024-34772
1649,2024-08-09,51,3,123.38,ESPECES,VALIDE,Facture F-2024-20233
1650,2024-08-09,9,1,1775.97,VIREMENT,VALIDE,Facture F-2024-15632
1651,2024-08-09,42,3,432.94,CARTE,VALIDE,Facture F-2024-68734
1652,2024-08-09,39,2,205.01,VIREMENT,VALIDE,Facture F-2024-04183
1653,2024-08-09,19,2,1406.15,CHEQUE,VALIDE,Facture F-2024-85493
1654,2024-08-09,4,5,915.12,ESPECES,VALIDE,Facture F-2024-36517
1655,2024-08-09,NULL,7,3136.70,ESPECES,VALIDE,Dépense Loyers et immobilier
1656,2024-08-10,30,1,5942.07,CARTE,VALIDE,Facture F-2024-43428
1657,2024-08-10,48,2,271.44,CHEQUE,VALIDE,Facture F-2024-20795
1658,2024-08-10,39,4,243.56,VIREMENT,VALIDE,Facture F-2024-24921
1659,2024-08-10,NULL,10,577.21,VIREMENT,VALIDE,Dépense Énergie et eau
1660,2024-08-10,NULL,13,2656.04,MOBILE_MONEY,VALIDE,Dépense Impôts et taxes
1661,2024-08-10,NULL,11,873.81,VIREMENT,VALIDE,Dépense Transport et logistique
1662,2024-08-11,41,3,209.94,ESPECES,VALIDE,Facture F-2024-76784
1663,2024-08-11,49,1,2181.87,VIREMENT,VALIDE,Facture F-2024-76648
1664,2024-08-11,9,4,762.05,ESPECES,VALIDE,Facture F-2024-79137
1665,2024-08-11,25,1,3337.38,CARTE,EN_ATTENTE,Facture F-2024-21635
1666,2024-08-11,NULL,14,2807.23,VIREMENT,VALIDE,Dépense Informatique et logiciels
1667,2024-08-11,NULL,12,663.65,MOBILE_MONEY,VALIDE,Dépense Assurances
1668,2024-08-11,NULL,6,13948.27,CARTE,VALIDE,Dépense Salaires et charges sociales
1669,2024-08-11,NULL,15,443.40,MOBILE_MONEY,VALIDE,Dépense Intérêts et frais bancaires
1670,2024-08-12,23,4,702.65,CHEQUE,VALIDE,Facture F-2024-47744
1671,2024-08-12,32,5,904.92,MOBILE_MONEY,VALIDE,Facture F-2024-04355
1672,2024-08-12,26,5,609.11,MOBILE_MONEY,VALIDE,Facture F-2024-91047
1673,2024-08-12,NULL,11,275.86,VIREMENT,EN_ATTENTE,Dépense Transport et logistique
1674,2024-08-12,NULL,8,7786.96,CARTE,VALIDE,Dépense Marketing et publicité
1675,2024-08-13,9,1,1292.66,ESPECES,VALIDE,Facture F-2024-93604
1676,2024-08-13,28,2,577.48,CHEQUE,VALIDE,Facture F-2024-72725
1677,2024-08-13,37,1,3092.22,MOBILE_MONEY,VALIDE,Facture F-2024-86364
1678,2024-08-13,52,2,1741.88,VIREMENT,VALIDE,Facture F-2024-42192
1679,2024-08-13,28,5,671.37,ESPECES,VALIDE,Facture F-2024-52005
1680,2024-08-13,62,3,142.07,CHEQUE,VALIDE,Facture F-2024-28352
1681,2024-08-13,NULL,12,1012.23,VIREMENT,VALIDE,Dépense Assurances
1682,2024-08-13,NULL,6,7984.88,CARTE,VALIDE,Dépense Salaires et charges sociales
1683,2024-08-14,36,3,149.69,CARTE,VALIDE,Facture F-2024-20273
1684,2024-08-14,18,1,6333.73,CARTE,VALIDE,Facture F-2024-23903
1685,2024-08-14,20,4,874.29,CARTE,VALIDE,Facture F-2024-28536
1686,2024-08-14,61,5,1278.45,CHEQUE,VALIDE,Facture F-2024-04098
1687,2024-08-14,14,5,858.87,VIREMENT,VALIDE,Facture F-2024-59315
1688,2024-08-14,NULL,10,142.97,ESPECES,VALIDE,Dépense Énergie et eau
1689,2024-08-14,NULL,15,50.90,VIREMENT,VALIDE,Dépense Intérêts et frais bancaires
1690,2024-08-15,22,2,1624.91,MOBILE_MONEY,VALIDE,Facture F-2024-38772
1691,2024-08-15,51,3,98.87,VIREMENT,VALIDE,Facture F-2024-43841
1692,2024-08-15,5,2,1282.45,MOBILE_MONEY,VALIDE,Facture F-2024-96254
1693,2024-08-15,18,3,58.03,ESPECES,VALIDE,Facture F-2024-55092
1694,2024-08-15,56,5,998.84,CHEQUE,VALIDE,Facture F-2024-73560
1695,2024-08-15,NULL,10,1489.81,ESPECES,VALIDE,Dépense Énergie et eau
1696,2024-08-15,NULL,14,3832.44,MOBILE_MONEY,VALIDE,Dépense Informatique et logiciels
1697,2024-08-15,NULL,8,5936.07,CARTE,VALIDE,Dépense Marketing et publicité
1698,2024-08-16,21,1,720.62,VIREMENT,VALIDE,Facture F-2024-21485
1699,2024-08-16,26,2,281.29,VIREMENT,VALIDE,Facture F-2024-42421
1700,2024-08-16,14,1,5885.82,MOBILE_MONEY,EN_ATTENTE,Facture F-2024-25421
1701,2024-08-16,NULL,7,3139.78,CARTE,VALIDE,Dépense Loyers et immobilier
1702,2024-08-16,NULL,8,7031.52,MOBILE_MONEY,VALIDE,Dépense Marketing et publicité
1703,2024-08-16,NULL,13,4950.95,CARTE,VALIDE,Dépense Impôts et taxes
1704,2024-08-17,5,1,2409.37,VIREMENT,VALIDE,Facture F-2024-88940
1705,2024-08-17,48,4,835.65,CHEQUE,VALIDE,Facture F-2024-33808
1706,2024-08-17,57,1,6214.73,CHEQUE,VALIDE,Facture F-2024-15224
1707,2024-08-17,NULL,12,1239.67,CARTE,VALIDE,Dépense Assurances
1708,2024-08-18,13,3,212.62,VIREMENT,VALIDE,Facture F-2024-71375
1709,2024-08-18,26,2,215.92,ESPECES,VALIDE,Facture F-2024-61485
1710,2024-08-18,3,5,629.74,ESPECES,VALIDE,Facture F-2024-62889
1711,2024-08-18,8,5,968.67,ESPECES,VALIDE,Facture F-2024-21607
1712,2024-08-18,52,2,332.70,MOBILE_MONEY,VALIDE,Facture F-2024-33033
1713,2024-08-18,NULL,7,598.13,CARTE,VALIDE,Dépense Loyers et immobilier
1714,2024-08-19,35,4,492.33,ESPECES,VALIDE,Facture F-2024-38770
1715,2024-08-19,10,2,2097.08,MOBILE_MONEY,VALIDE,Facture F-2024-08307
1716,2024-08-19,40,1,3945.61,CHEQUE,VALIDE,Facture F-2024-20870
1717,2024-08-19,NULL,11,5413.13,MOBILE_MONEY,VALIDE,Dépense Transport et logistique
1718,2024-08-19,NULL,14,3931.92,VIREMENT,VALIDE,Dépense Informatique et logiciels
1719,2024-08-19,NULL,10,1028.66,CARTE,EN_ATTENTE,Dépense Énergie et eau
1720,2024-08-20,46,3,166.69,CHEQUE,VALIDE,Facture F-2024-49322
1721,2024-08-20,48,5,480.74,CARTE,VALIDE,Facture F-2024-84055
1722,2024-08-20,34,1,4193.78,CHEQUE,VALIDE,Facture F-2024-68718
1723,2024-08-20,NULL,9,2514.92,MOBILE_MONEY,VALIDE,Dépense Fournitures et consommables
1724,2024-08-20,NULL,6,11429.39,MOBILE_MONEY,VALIDE,Dépense Salaires et charges sociales
1725,2024-08-20,NULL,12,2582.94,ESPECES,VALIDE,Dépense Assurances
1726,2024-08-20,NULL,7,2452.72,VIREMENT,VALIDE,Dépense Loyers et immobilier
1727,2024-08-21,31,5,1106.97,CHEQUE,VALIDE,Facture F-2024-18075
1728,2024-08-21,39,1,4692.80,CARTE,VALIDE,Facture F-2024-63008
1729,2024-08-21,5,4,1160.15,VIREMENT,VALIDE,Facture F-2024-63917
1730,2024-08-21,5,4,1131.20,ESPECES,VALIDE,Facture F-2024-61243
1731,2024-08-21,59,2,1137.68,MOBILE_MONEY,VALIDE,Facture F-2024-52842
1732,2024-08-21,NULL,6,2939.84,VIREMENT,VALIDE,Dépense Salaires et charges sociales
1733,2024-08-21,NULL,7,3374.86,MOBILE_MONEY,VALIDE,Dépense Loyers et immobilier
1734,2024-08-21,NULL,7,791.82,VIREMENT,VALIDE,Dépense Loyers et immobilier
1735,2024-08-22,50,5,628.90,ESPECES,VALIDE,Facture F-2024-44328
1736,2024-08-22,48,1,4738.61,ESPECES,VALIDE,Facture F-2024-16188
1737,2024-08-22,31,2,555.63,CHEQUE,VALIDE,Facture F-2024-69894
1738,2024-08-22,37,5,302.96,MOBILE_MONEY,VALIDE,Facture F-2024-63131
1739,2024-08-22,1,1,3778.52,CARTE,VALIDE,Facture F-2024-25392
1740,2024-08-22,16,5,505.79,CARTE,VALIDE,Facture F-2024-51851
1741,2024-08-22,NULL,10,607.39,MOBILE_MONEY,EN_ATTENTE,Dépense Énergie et eau
1742,2024-08-23,36,2,452.79,ESPECES,VALIDE,Facture F-2024-58574
1743,2024-08-23,35,1,3638.67,VIREMENT,EN_ATTENTE,Facture F-2024-23449
1744,2024-08-23,22,1,4828.96,MOBILE_MONEY,VALIDE,Facture F-2024-62985
1745,2024-08-23,47,4,619.25,ESPECES,VALIDE,Facture F-2024-24688
1746,2024-08-23,28,4,394.92,VIREMENT,VALIDE,Facture F-2024-58558
1747,2024-08-23,NULL,15,333.73,VIREMENT,VALIDE,Dépense Intérêts et frais bancaires
1748,2024-08-24,29,1,6575.79,ESPECES,VALIDE,Facture F-2024-12761
1749,2024-08-24,16,2,676.66,MOBILE_MONEY,VALIDE,Facture F-2024-29832
1750,2024-08-24,17,4,552.13,VIREMENT,VALIDE,Facture F-2024-47639
1751,2024-08-24,49,1,4862.12,ESPECES,VALIDE,Facture F-2024-37535
1752,2024-08-24,27,5,654.43,ESPECES,VALIDE,Facture F-2024-09102
1753,2024-08-24,NULL,11,207.03,CARTE,VALIDE,Dépense Transport et logistique
1754,2024-08-24,NULL,8,1063.82,ESPECES,VALIDE,Dépense Marketing et publicité
1755,2024-08-24,NULL,11,2514.64,MOBILE_MONEY,VALIDE,Dépense Transport et logistique
1756,2024-08-24,NULL,10,140.84,CARTE,VALIDE,Dépense Énergie et eau
1757,2024-08-25,23,1,3577.40,ESPECES,VALIDE,Facture F-2024-45821
1758,2024-08-25,47,1,4302.75,VIREMENT,EN_ATTENTE,Facture F-2024-98733
1759,2024-08-25,26,4,1168.98,CARTE,VALIDE,Facture F-2024-20599
1760,2024-08-25,42,3,375.23,CARTE,VALIDE,Facture F-2024-23227
1761,2024-08-25,55,4,264.05,CHEQUE,VALIDE,Facture F-2024-69331
1762,2024-08-25,31,5,1024.34,CARTE,VALIDE,Facture F-2024-99290
1763,2024-08-25,20,2,1622.96,CARTE,VALIDE,Facture F-2024-87421
1764,2024-08-25,NULL,11,4924.51,ESPECES,EN_ATTENTE,Dépense Transport et logistique
1765,2024-08-26,2,1,586.79,CHEQUE,VALIDE,Facture F-2024-69222
1766,2024-08-26,16,4,432.83,ESPECES,VALIDE,Facture F-2024-34856
1767,2024-08-26,41,5,675.82,ESPECES,VALIDE,Facture F-2024-57540
1768,2024-08-26,NULL,6,5284.20,CARTE,VALIDE,Dépense Salaires et charges sociales
1769,2024-08-26,NULL,15,240.59,VIREMENT,VALIDE,Dépense Intérêts et frais bancaires
1770,2024-08-26,NULL,6,3095.18,MOBILE_MONEY,VALIDE,Dépense Salaires et charges sociales
1771,2024-08-26,NULL,8,6218.37,CARTE,VALIDE,Dépense Marketing et publicité
1772,2024-08-27,31,3,370.00,ESPECES,VALIDE,Facture F-2024-09425
1773,2024-08-27,26,2,2076.38,CHEQUE,VALIDE,Facture F-2024-09895
1774,2024-08-27,NULL,11,4345.83,ESPECES,VALIDE,Dépense Transport et logistique
1775,2024-08-27,NULL,11,4303.29,ESPECES,VALIDE,Dépense Transport et logistique
1776,2024-08-27,NULL,15,88.34,VIREMENT,EN_ATTENTE,Dépense Intérêts et frais bancaires
1777,2024-08-27,NULL,15,648.37,CARTE,VALIDE,Dépense Intérêts et frais bancaires
1778,2024-08-28,46,1,969.10,CHEQUE,VALIDE,Facture F-2024-07766
1779,2024-08-28,41,4,1017.46,ESPECES,VALIDE,Facture F-2024-74593
1780,2024-08-28,60,5,391.34,CHEQUE,VALIDE,Facture F-2024-82352
1781,2024-08-28,58,2,1376.77,MOBILE_MONEY,VALIDE,Facture F-2024-93213
1782,2024-08-28,NULL,15,336.04,VIREMENT,VALIDE,Dépense Intérêts et frais bancaires
1783,2024-08-29,18,4,296.88,VIREMENT,VALIDE,Facture F-2024-86622
1784,2024-08-29,45,4,665.77,CHEQUE,VALIDE,Facture F-2024-56371
1785,2024-08-29,20,1,6833.70,ESPECES,VALIDE,Facture F-2024-60220
1786,2024-08-29,51,3,176.61,CARTE,EN_ATTENTE,Facture F-2024-19971
1787,2024-08-29,30,5,1314.82,MOBILE_MONEY,VALIDE,Facture F-2024-00470
1788,2024-08-29,11,2,442.93,VIREMENT,VALIDE,Facture F-2024-40075
1789,2024-08-29,63,2,397.89,MOBILE_MONEY,EN_ATTENTE,Facture F-2024-10899
1790,2024-08-29,NULL,15,62.20,ESPECES,VALIDE,Dépense Intérêts et frais bancaires
1791,2024-08-29,NULL,9,2486.16,VIREMENT,VALIDE,Dépense Fournitures et consommables
1792,2024-08-30,64,3,183.59,MOBILE_MONEY,VALIDE,Facture F-2024-55421
1793,2024-08-30,7,4,472.62,CARTE,VALIDE,Facture F-2024-04592
1794,2024-08-30,21,4,725.46,MOBILE_MONEY,VALIDE,Facture F-2024-70578
1795,2024-08-30,38,1,3633.44,CARTE,VALIDE,Facture F-2024-98201
1796,2024-08-30,19,4,685.10,ESPECES,VALIDE,Facture F-2024-26546
1797,2024-08-30,28,3,373.62,CARTE,VALIDE,Facture F-2024-68066
1798,2024-08-30,NULL,14,1078.44,ESPECES,VALIDE,Dépense Informatique et logiciels
1799,2024-08-30,NULL,7,1101.85,CARTE,VALIDE,Dépense Loyers et immobilier
1800,2024-08-31,61,1,3266.27,MOBILE_MONEY,VALIDE,Facture F-2024-38368
1801,2024-08-31,14,5,834.94,MOBILE_MONEY,VALIDE,Facture F-2024-67112
1802,2024-08-31,15,3,349.18,VIREMENT,VALIDE,Facture F-2024-99404
1803,2024-08-31,55,4,1044.31,VIREMENT,VALIDE,Facture F-2024-04219
1804,2024-08-31,NULL,6,17815.50,MOBILE_MONEY,VALIDE,Dépense Salaires et charges sociales
1805,2024-08-31,NULL,14,1976.24,MOBILE_MONEY,VALIDE,Dépense Informatique et logiciels
1806,2024-09-01,48,4,664.75,CARTE,VALIDE,Facture F-2024-91782
1807,2024-09-01,36,1,4441.01,VIREMENT,VALIDE,Facture F-2024-83600
1808,2024-09-01,34,3,183.99,MOBILE_MONEY,VALIDE,Facture F-2024-92911
1809,2024-09-01,4,5,707.12,MOBILE_MONEY,EN_ATTENTE,Facture F-2024-04937
1810,2024-09-01,17,1,812.36,VIREMENT,VALIDE,Facture F-2024-83242
1811,2024-09-01,50,3,224.48,CARTE,VALIDE,Facture F-2024-41670
1812,2024-09-01,NULL,14,3910.56,CARTE,VALIDE,Dépense Informatique et logiciels
1813,2024-09-01,NULL,11,683.48,CARTE,VALIDE,Dépense Transport et logistique
1814,2024-09-01,NULL,7,598.62,MOBILE_MONEY,VALIDE,Dépense Loyers et immobilier
1815,2024-09-01,NULL,10,1405.08,MOBILE_MONEY,EN_ATTENTE,Dépense Énergie et eau
1816,2024-09-02,24,3,268.58,ESPECES,VALIDE,Facture F-2024-13196
1817,2024-09-02,18,4,363.50,ESPECES,VALIDE,Facture F-2024-07641
1818,2024-09-02,61,5,480.56,CARTE,VALIDE,Facture F-2024-74840
1819,2024-09-02,56,5,1279.00,VIREMENT,EN_ATTENTE,Facture F-2024-93809
1820,2024-09-02,49,3,123.28,CHEQUE,VALIDE,Facture F-2024-00603
1821,2024-09-02,15,1,7362.49,VIREMENT,VALIDE,Facture F-2024-76305
1822,2024-09-02,52,1,7103.22,MOBILE_MONEY,VALIDE,Facture F-2024-02317
1823,2024-09-02,37,3,148.62,CHEQUE,EN_ATTENTE,Facture F-2024-67156
1824,2024-09-02,NULL,8,2065.83,VIREMENT,VALIDE,Dépense Marketing et publicité
1825,2024-09-03,31,4,606.01,CHEQUE,VALIDE,Facture F-2024-63698
1826,2024-09-03,29,3,362.96,MOBILE_MONEY,VALIDE,Facture F-2024-05729
1827,2024-09-03,1,2,967.04,CARTE,VALIDE,Facture F-2024-91810
1828,2024-09-03,NULL,10,530.30,ESPECES,VALIDE,Dépense Énergie et eau
1829,2024-09-03,NULL,10,1341.69,MOBILE_MONEY,VALIDE,Dépense Énergie et eau
1830,2024-09-03,NULL,14,3683.81,MOBILE_MONEY,VALIDE,Dépense Informatique et logiciels
1831,2024-09-04,5,1,2773.09,VIREMENT,VALIDE,Facture F-2024-67937
1832,2024-09-04,10,5,580.41,CHEQUE,VALIDE,Facture F-2024-04631
1833,2024-09-04,50,1,2214.97,VIREMENT,VALIDE,Facture F-2024-61707
1834,2024-09-04,22,1,4441.83,CARTE,VALIDE,Facture F-2024-85034
1835,2024-09-04,58,1,1472.61,CHEQUE,VALIDE,Facture F-2024-18595
1836,2024-09-04,49,3,191.31,ESPECES,VALIDE,Facture F-2024-51978
1837,2024-09-04,NULL,14,2033.61,VIREMENT,VALIDE,Dépense Informatique et logiciels
1838,2024-09-04,NULL,15,473.24,ESPECES,VALIDE,Dépense Intérêts et frais bancaires
1839,2024-09-04,NULL,6,20293.39,ESPECES,VALIDE,Dépense Salaires et charges sociales
1840,2024-09-04,NULL,8,3813.65,VIREMENT,VALIDE,Dépense Marketing et publicité
1841,2024-09-05,57,4,368.11,MOBILE_MONEY,VALIDE,Facture F-2024-98073
1842,2024-09-05,16,3,410.10,VIREMENT,VALIDE,Facture F-2024-18383
1843,2024-09-05,61,2,1776.32,CARTE,EN_ATTENTE,Facture F-2024-55592
1844,2024-09-05,58,3,409.77,ESPECES,VALIDE,Facture F-2024-24554
1845,2024-09-05,16,2,234.92,MOBILE_MONEY,VALIDE,Facture F-2024-51946
1846,2024-09-05,60,2,1605.26,MOBILE_MONEY,VALIDE,Facture F-2024-84533
1847,2024-09-05,54,4,301.52,CHEQUE,VALIDE,Facture F-2024-84126
1848,2024-09-05,4,2,788.35,MOBILE_MONEY,VALIDE,Facture F-2024-81602
1849,2024-09-05,NULL,12,1317.12,VIREMENT,VALIDE,Dépense Assurances
1850,2024-09-05,NULL,13,2368.22,CARTE,VALIDE,Dépense Impôts et taxes
1851,2024-09-05,NULL,7,423.47,VIREMENT,VALIDE,Dépense Loyers et immobilier
1852,2024-09-06,30,3,380.97,CARTE,VALIDE,Facture F-2024-71535
1853,2024-09-06,13,5,765.97,ESPECES,VALIDE,Facture F-2024-08233
1854,2024-09-06,37,1,2522.88,VIREMENT,VALIDE,Facture F-2024-33254
1855,2024-09-06,57,5,847.04,CHEQUE,VALIDE,Facture F-2024-78727
1856,2024-09-06,63,3,208.44,CARTE,VALIDE,Facture F-2024-10715
1857,2024-09-06,57,2,1517.06,CARTE,VALIDE,Facture F-2024-87388
1858,2024-09-06,NULL,9,2324.16,CARTE,VALIDE,Dépense Fournitures et consommables
1859,2024-09-07,47,4,401.22,CHEQUE,VALIDE,Facture F-2024-57253
1860,2024-09-07,39,4,1170.36,ESPECES,VALIDE,Facture F-2024-40993
1861,2024-09-07,30,3,320.32,VIREMENT,VALIDE,Facture F-2024-96916
1862,2024-09-07,NULL,9,977.54,CARTE,VALIDE,Dépense Fournitures et consommables
1863,2024-09-07,NULL,12,1873.38,ESPECES,VALIDE,Dépense Assurances
1864,2024-09-07,NULL,8,6125.37,MOBILE_MONEY,VALIDE,Dépense Marketing et publicité
1865,2024-09-07,NULL,7,1531.35,MOBILE_MONEY,VALIDE,Dépense Loyers et immobilier
1866,2024-09-08,22,5,1124.61,CARTE,VALIDE,Facture F-2024-81486
1867,2024-09-08,8,2,1470.98,CARTE,VALIDE,Facture F-2024-38381
1868,2024-09-08,57,3,113.84,CARTE,VALIDE,Facture F-2024-87046
1869,2024-09-08,6,1,7322.28,CARTE,VALIDE,Facture F-2024-50031
1870,2024-09-08,1,1,5663.77,VIREMENT,VALIDE,Facture F-2024-23515
1871,2024-09-08,38,4,1128.79,MOBILE_MONEY,VALIDE,Facture F-2024-57160
1872,2024-09-08,NULL,8,2680.13,VIREMENT,VALIDE,Dépense Marketing et publicité
1873,2024-09-08,NULL,9,1411.46,VIREMENT,VALIDE,Dépense Fournitures et consommables
1874,2024-09-08,NULL,13,4663.24,VIREMENT,VALIDE,Dépense Impôts et taxes
1875,2024-09-08,NULL,13,1811.00,MOBILE_MONEY,VALIDE,Dépense Impôts et taxes
1876,2024-09-09,48,2,1553.52,CHEQUE,VALIDE,Facture F-2024-28852
1877,2024-09-09,48,1,2340.06,CHEQUE,VALIDE,Facture F-2024-39217
1878,2024-09-09,3,2,1136.05,MOBILE_MONEY,VALIDE,Facture F-2024-15690
1879,2024-09-09,43,2,1340.32,CHEQUE,VALIDE,Facture F-2024-42711
1880,2024-09-09,NULL,13,3751.16,CARTE,VALIDE,Dépense Impôts et taxes
1881,2024-09-10,49,4,1133.48,CARTE,VALIDE,Facture F-2024-97079
1882,2024-09-10,59,2,1029.30,MOBILE_MONEY,VALIDE,Facture F-2024-95732
1883,2024-09-10,43,5,955.26,CARTE,VALIDE,Facture F-2024-48755
1884,2024-09-10,NULL,7,729.12,ESPECES,VALIDE,Dépense Loyers et immobilier
1885,2024-09-10,NULL,13,3925.85,MOBILE_MONEY,VALIDE,Dépense Impôts et taxes
1886,2024-09-10,NULL,13,1464.98,MOBILE_MONEY,VALIDE,Dépense Impôts et taxes
1887,2024-09-10,NULL,6,3082.73,MOBILE_MONEY,VALIDE,Dépense Salaires et charges sociales
1888,2024-09-11,30,2,477.30,CARTE,VALIDE,Facture F-2024-01329
1889,2024-09-11,50,5,1406.04,CHEQUE,VALIDE,Facture F-2024-27093
1890,2024-09-11,20,2,1868.31,CHEQUE,VALIDE,Facture F-2024-55182
1891,2024-09-11,58,3,397.11,CHEQUE,VALIDE,Facture F-2024-83383
1892,2024-09-11,32,3,303.55,MOBILE_MONEY,VALIDE,Facture F-2024-98347
1893,2024-09-11,44,2,1005.66,MOBILE_MONEY,VALIDE,Facture F-2024-18200
1894,2024-09-11,60,5,1391.49,CARTE,VALIDE,Facture F-2024-51898
1895,2024-09-11,NULL,12,239.10,ESPECES,VALIDE,Dépense Assurances
1896,2024-09-12,32,2,1824.62,ESPECES,VALIDE,Facture F-2024-18211
1897,2024-09-12,63,4,911.28,VIREMENT,VALIDE,Facture F-2024-33647
1898,2024-09-12,41,4,1132.74,VIREMENT,VALIDE,Facture F-2024-11638
1899,2024-09-12,27,5,715.63,ESPECES,VALIDE,Facture F-2024-16288
1900,2024-09-12,12,4,865.51,VIREMENT,VALIDE,Facture F-2024-05126
1901,2024-09-12,32,4,423.04,MOBILE_MONEY,VALIDE,Facture F-2024-20880
1902,2024-09-12,46,4,734.64,VIREMENT,VALIDE,Facture F-2024-19191
1903,2024-09-12,NULL,8,3602.34,CARTE,VALIDE,Dépense Marketing et publicité
1904,2024-09-12,NULL,9,875.28,ESPECES,VALIDE,Dépense Fournitures et consommables
1905,2024-09-12,NULL,8,4338.71,CARTE,VALIDE,Dépense Marketing et publicité
1906,2024-09-13,49,2,1955.46,VIREMENT,VALIDE,Facture F-2024-36502
1907,2024-09-13,53,4,906.74,CARTE,VALIDE,Facture F-2024-22261
1908,2024-09-13,42,1,530.01,ESPECES,VALIDE,Facture F-2024-06716
1909,2024-09-13,32,2,1061.76,VIREMENT,VALIDE,Facture F-2024-85363
1910,2024-09-13,NULL,15,607.35,CARTE,VALIDE,Dépense Intérêts et frais bancaires
1911,2024-09-13,NULL,12,3098.80,MOBILE_MONEY,VALIDE,Dépense Assurances
1912,2024-09-14,1,5,340.52,MOBILE_MONEY,VALIDE,Facture F-2024-03774
1913,2024-09-14,57,4,1164.48,VIREMENT,VALIDE,Facture F-2024-23660
1914,2024-09-14,8,4,474.40,CARTE,VALIDE,Facture F-2024-82453
1915,2024-09-14,45,3,101.57,ESPECES,EN_ATTENTE,Facture F-2024-56511
1916,2024-09-14,NULL,12,916.67,VIREMENT,VALIDE,Dépense Assurances
1917,2024-09-14,NULL,7,1850.65,VIREMENT,VALIDE,Dépense Loyers et immobilier
1918,2024-09-14,NULL,9,1315.68,VIREMENT,VALIDE,Dépense Fournitures et consommables
1919,2024-09-15,26,2,308.19,VIREMENT,VALIDE,Facture F-2024-16035
1920,2024-09-15,21,3,416.00,CARTE,VALIDE,Facture F-2024-31809
1921,2024-09-15,62,5,1213.73,MOBILE_MONEY,VALIDE,Facture F-2024-66014
1922,2024-09-15,NULL,12,457.99,CARTE,VALIDE,Dépense Assurances
1923,2024-09-15,NULL,10,2031.90,VIREMENT,VALIDE,Dépense Énergie et eau
1924,2024-09-16,52,3,192.49,CHEQUE,VALIDE,Facture F-2024-62835
1925,2024-09-16,2,5,473.03,CHEQUE,VALIDE,Facture F-2024-10176
1926,2024-09-16,49,2,1360.18,MOBILE_MONEY,VALIDE,Facture F-2024-61636
1927,2024-09-16,41,1,6542.20,ESPECES,VALIDE,Facture F-2024-44648
1928,2024-09-16,42,5,578.29,ESPECES,VALIDE,Facture F-2024-18290
1929,2024-09-16,15,4,290.87,MOBILE_MONEY,VALIDE,Facture F-2024-71120
1930,2024-09-16,NULL,7,1954.52,MOBILE_MONEY,VALIDE,Dépense Loyers et immobilier
1931,2024-09-17,51,4,1097.25,CHEQUE,VALIDE,Facture F-2024-64469
1932,2024-09-17,25,4,1119.91,ESPECES,VALIDE,Facture F-2024-40317
1933,2024-09-17,NULL,7,2505.47,VIREMENT,VALIDE,Dépense Loyers et immobilier
1934,2024-09-18,9,5,438.75,MOBILE_MONEY,VALIDE,Facture F-2024-79053
1935,2024-09-18,28,2,213.75,CHEQUE,VALIDE,Facture F-2024-28797
1936,2024-09-18,17,5,1253.73,MOBILE_MONEY,VALIDE,Facture F-2024-96243
1937,2024-09-18,5,2,583.19,VIREMENT,VALIDE,Facture F-2024-37849
1938,2024-09-18,20,5,1363.12,VIREMENT,VALIDE,Facture F-2024-92788
1939,2024-09-18,NULL,7,4283.54,VIREMENT,VALIDE,Dépense Loyers et immobilier
1940,2024-09-18,NULL,6,7304.98,ESPECES,VALIDE,Dépense Salaires et charges sociales
1941,2024-09-18,NULL,15,364.89,ESPECES,VALIDE,Dépense Intérêts et frais bancaires
1942,2024-09-19,5,3,64.14,MOBILE_MONEY,VALIDE,Facture F-2024-52675
1943,2024-09-19,61,1,2714.97,VIREMENT,EN_ATTENTE,Facture F-2024-14443
1944,2024-09-19,NULL,9,873.56,MOBILE_MONEY,VALIDE,Dépense Fournitures et consommables
1945,2024-09-19,NULL,10,1146.23,ESPECES,VALIDE,Dépense Énergie et eau
1946,2024-09-20,37,2,2135.82,MOBILE_MONEY,VALIDE,Facture F-2024-74281
1947,2024-09-20,18,3,384.60,ESPECES,VALIDE,Facture F-2024-11458
1948,2024-09-20,37,5,1311.14,VIREMENT,VALIDE,Facture F-2024-00979
1949,2024-09-20,32,1,1278.89,VIREMENT,VALIDE,Facture F-2024-61564
1950,2024-09-20,64,1,3447.29,ESPECES,EN_ATTENTE,Facture F-2024-79144
1951,2024-09-20,33,4,371.42,CARTE,VALIDE,Facture F-2024-87057
1952,2024-09-20,NULL,15,764.49,MOBILE_MONEY,VALIDE,Dépense Intérêts et frais bancaires
1953,2024-09-20,NULL,8,3512.29,ESPECES,VALIDE,Dépense Marketing et publicité
1954,2024-09-21,50,1,5888.03,MOBILE_MONEY,VALIDE,Facture F-2024-82655
1955,2024-09-21,9,1,2697.16,CHEQUE,VALIDE,Facture F-2024-40506
1956,2024-09-21,1,4,306.83,CARTE,VALIDE,Facture F-2024-36564
1957,2024-09-21,59,5,888.63,CARTE,VALIDE,Facture F-2024-85987
1958,2024-09-21,24,1,2318.44,CARTE,VALIDE,Facture F-2024-12401
1959,2024-09-21,16,5,832.29,VIREMENT,VALIDE,Facture F-2024-32353
1960,2024-09-21,4,2,1476.12,CARTE,VALIDE,Facture F-2024-68950
1961,2024-09-21,NULL,11,631.02,MOBILE_MONEY,VALIDE,Dépense Transport et logistique
1962,2024-09-21,NULL,10,1634.21,ESPECES,VALIDE,Dépense Énergie et eau
1963,2024-09-21,NULL,8,6082.26,CARTE,VALIDE,Dépense Marketing et publicité
1964,2024-09-22,25,1,3668.80,CARTE,VALIDE,Facture F-2024-89766
1965,2024-09-22,15,5,518.58,MOBILE_MONEY,VALIDE,Facture F-2024-85886
1966,2024-09-22,NULL,13,3968.30,MOBILE_MONEY,VALIDE,Dépense Impôts et taxes
1967,2024-09-22,NULL,11,5097.78,VIREMENT,VALIDE,Dépense Transport et logistique
1968,2024-09-22,NULL,6,4988.43,VIREMENT,VALIDE,Dépense Salaires et charges sociales
1969,2024-09-22,NULL,11,221.12,CARTE,VALIDE,Dépense Transport et logistique
1970,2024-09-23,17,3,404.07,MOBILE_MONEY,VALIDE,Facture F-2024-85350
1971,2024-09-23,44,3,55.06,CARTE,VALIDE,Facture F-2024-16271
1972,2024-09-23,5,5,1015.33,VIREMENT,VALIDE,Facture F-2024-08992
1973,2024-09-23,NULL,11,383.56,ESPECES,VALIDE,Dépense Transport et logistique
1974,2024-09-23,NULL,10,121.82,VIREMENT,VALIDE,Dépense Énergie et eau
1975,2024-09-23,NULL,15,327.29,ESPECES,VALIDE,Dépense Intérêts et frais bancaires
1976,2024-09-24,23,3,151.97,ESPECES,VALIDE,Facture F-2024-93496
1977,2024-09-24,57,2,857.70,CARTE,EN_ATTENTE,Facture F-2024-60035
1978,2024-09-24,17,5,1265.49,VIREMENT,VALIDE,Facture F-2024-77989
1979,2024-09-24,24,5,499.47,CARTE,VALIDE,Facture F-2024-43665
1980,2024-09-24,NULL,10,1922.68,MOBILE_MONEY,VALIDE,Dépense Énergie et eau
1981,2024-09-24,NULL,8,5535.61,ESPECES,VALIDE,Dépense Marketing et publicité
1982,2024-09-24,NULL,8,2541.03,VIREMENT,VALIDE,Dépense Marketing et publicité
1983,2024-09-25,33,5,1010.97,MOBILE_MONEY,VALIDE,Facture F-2024-64147
1984,2024-09-25,34,1,2712.63,CARTE,VALIDE,Facture F-2024-19959
1985,2024-09-25,57,1,1178.56,CHEQUE,VALIDE,Facture F-2024-87117
1986,2024-09-25,NULL,12,1889.40,VIREMENT,VALIDE,Dépense Assurances
1987,2024-09-25,NULL,15,72.99,CARTE,VALIDE,Dépense Intérêts et frais bancaires
1988,2024-09-26,12,4,778.46,VIREMENT,VALIDE,Facture F-2024-57858
1989,2024-09-26,44,1,1365.98,MOBILE_MONEY,VALIDE,Facture F-2024-53687
1990,2024-09-26,45,5,1301.68,VIREMENT,VALIDE,Facture F-2024-01514
1991,2024-09-26,6,2,1739.17,ESPECES,VALIDE,Facture F-2024-05673
1992,2024-09-26,57,5,1439.63,MOBILE_MONEY,VALIDE,Facture F-2024-93300
1993,2024-09-26,57,2,879.02,ESPECES,VALIDE,Facture F-2024-49830
1994,2024-09-26,28,3,183.16,VIREMENT,VALIDE,Facture F-2024-63435
1995,2024-09-26,19,4,691.55,MOBILE_MONEY,VALIDE,Facture F-2024-15583
1996,2024-09-26,NULL,10,1704.40,ESPECES,VALIDE,Dépense Énergie et eau
1997,2024-09-27,38,5,494.18,CHEQUE,VALIDE,Facture F-2024-23381
1998,2024-09-27,39,2,542.60,CHEQUE,VALIDE,Facture F-2024-16045
1999,2024-09-27,44,4,629.91,ESPECES,EN_ATTENTE,Facture F-2024-77835
2000,2024-09-27,15,4,1161.68,CHEQUE,VALIDE,Facture F-2024-97030
2001,2024-09-27,37,1,4139.06,VIREMENT,VALIDE,Facture F-2024-86891
2002,2024-09-27,17,1,5646.82,ESPECES,VALIDE,Facture F-2024-51687
2003,2024-09-27,NULL,15,281.52,ESPECES,VALIDE,Dépense Intérêts et frais bancaires
2004,2024-09-27,NULL,15,130.87,MOBILE_MONEY,VALIDE,Dépense Intérêts et frais bancaires
2005,2024-09-27,NULL,8,7874.94,ESPECES,VALIDE,Dépense Marketing et publicité
2006,2024-09-28,21,5,438.14,MOBILE_MONEY,VALIDE,Facture F-2024-62789
2007,2024-09-28,30,5,1119.69,VIREMENT,VALIDE,Facture F-2024-97263
2008,2024-09-28,1,4,857.89,ESPECES,VALIDE,Facture F-2024-51828
2009,2024-09-28,56,3,372.35,CHEQUE,VALIDE,Facture F-2024-43394
2010,2024-09-28,26,4,948.68,ESPECES,VALIDE,Facture F-2024-16745
2011,2024-09-28,2,2,535.25,ESPECES,VALIDE,Facture F-2024-08781
2012,2024-09-28,39,4,865.72,MOBILE_MONEY,VALIDE,Facture F-2024-33180
2013,2024-09-28,65,5,1467.23,ESPECES,VALIDE,Facture F-2024-77751
2014,2024-09-28,NULL,8,2775.00,CARTE,VALIDE,Dépense Marketing et publicité
2015,2024-09-28,NULL,9,792.71,MOBILE_MONEY,VALIDE,Dépense Fournitures et consommables
2016,2024-09-29,28,5,656.45,VIREMENT,EN_ATTENTE,Facture F-2024-91993
2017,2024-09-29,17,3,68.20,CARTE,VALIDE,Facture F-2024-26663
2018,2024-09-29,56,5,857.62,ESPECES,VALIDE,Facture F-2024-50705
2019,2024-09-29,NULL,11,4751.38,VIREMENT,VALIDE,Dépense Transport et logistique
2020,2024-09-29,NULL,6,2059.47,MOBILE_MONEY,VALIDE,Dépense Salaires et charges sociales
2021,2024-09-30,52,4,208.39,CARTE,VALIDE,Facture F-2024-23108
2022,2024-09-30,57,5,1070.12,CHEQUE,VALIDE,Facture F-2024-60825
2023,2024-09-30,56,4,238.69,VIREMENT,VALIDE,Facture F-2024-99319
2024,2024-09-30,NULL,13,5014.91,MOBILE_MONEY,VALIDE,Dépense Impôts et taxes
2025,2024-09-30,NULL,14,2184.68,ESPECES,VALIDE,Dépense Informatique et logiciels
2026,2024-09-30,NULL,7,4383.90,VIREMENT,VALIDE,Dépense Loyers et immobilier
2027,2024-09-30,NULL,7,829.28,CARTE,VALIDE,Dépense Loyers et immobilier
2028,2024-10-01,55,4,499.03,CHEQUE,VALIDE,Facture F-2024-25269
2029,2024-10-01,51,3,192.01,VIREMENT,VALIDE,Facture F-2024-33839
2030,2024-10-01,50,5,1398.61,CHEQUE,VALIDE,Facture F-2024-09909
2031,2024-10-01,NULL,12,1708.06,ESPECES,VALIDE,Dépense Assurances
2032,2024-10-02,3,3,372.47,CARTE,VALIDE,Facture F-2024-80853
2033,2024-10-02,29,1,5170.35,VIREMENT,VALIDE,Facture F-2024-35323
2034,2024-10-02,39,1,4556.37,CHEQUE,VALIDE,Facture F-2024-60864
2035,2024-10-02,5,3,292.54,CARTE,EN_ATTENTE,Facture F-2024-44511
2036,2024-10-02,43,5,669.45,CHEQUE,VALIDE,Facture F-2024-49292
2037,2024-10-02,NULL,12,1370.73,CARTE,VALIDE,Dépense Assurances
2038,2024-10-02,NULL,13,4059.21,CARTE,EN_ATTENTE,Dépense Impôts et taxes
2039,2024-10-02,NULL,15,449.68,ESPECES,VALIDE,Dépense Intérêts et frais bancaires
2040,2024-10-03,35,4,891.49,VIREMENT,VALIDE,Facture F-2024-81568
2041,2024-10-03,4,2,978.44,MOBILE_MONEY,VALIDE,Facture F-2024-51457
2042,2024-10-03,40,2,921.63,MOBILE_MONEY,VALIDE,Facture F-2024-52661
2043,2024-10-03,1,4,1084.97,CARTE,VALIDE,Facture F-2024-82354
2044,2024-10-03,29,2,234.60,CHEQUE,VALIDE,Facture F-2024-02897
2045,2024-10-03,27,4,1152.86,CHEQUE,VALIDE,Facture F-2024-80456
2046,2024-10-03,1,4,1157.23,VIREMENT,VALIDE,Facture F-2024-15360
2047,2024-10-03,37,2,523.80,CARTE,VALIDE,Facture F-2024-27754
2048,2024-10-03,NULL,6,5895.82,ESPECES,VALIDE,Dépense Salaires et charges sociales
2049,2024-10-03,NULL,9,1957.23,MOBILE_MONEY,VALIDE,Dépense Fournitures et consommables
2050,2024-10-03,NULL,6,5377.21,ESPECES,VALIDE,Dépense Salaires et charges sociales
2051,2024-10-03,NULL,15,569.61,CARTE,VALIDE,Dépense Intérêts et frais bancaires
2052,2024-10-04,44,3,270.18,VIREMENT,VALIDE,Facture F-2024-05961
2053,2024-10-04,12,3,241.68,CHEQUE,VALIDE,Facture F-2024-05326
2054,2024-10-04,17,1,822.41,VIREMENT,VALIDE,Facture F-2024-87240
2055,2024-10-04,33,4,796.55,MOBILE_MONEY,VALIDE,Facture F-2024-63327
2056,2024-10-04,26,4,218.17,ESPECES,VALIDE,Facture F-2024-55811
2057,2024-10-04,NULL,15,467.64,VIREMENT,VALIDE,Dépense Intérêts et frais bancaires
2058,2024-10-04,NULL,7,2845.10,ESPECES,EN_ATTENTE,Dépense Loyers et immobilier
2059,2024-10-04,NULL,7,3156.47,MOBILE_MONEY,VALIDE,Dépense Loyers et immobilier
2060,2024-10-05,22,3,448.25,VIREMENT,VALIDE,Facture F-2024-04148
2061,2024-10-05,21,3,91.47,ESPECES,VALIDE,Facture F-2024-12408
2062,2024-10-05,8,1,2629.73,CHEQUE,VALIDE,Facture F-2024-26361
2063,2024-10-05,NULL,15,602.30,ESPECES,VALIDE,Dépense Intérêts et frais bancaires
2064,2024-10-05,NULL,11,1229.59,CARTE,VALIDE,Dépense Transport et logistique
2065,2024-10-06,39,3,197.61,CARTE,VALIDE,Facture F-2024-28484
2066,2024-10-06,50,4,815.77,VIREMENT,VALIDE,Facture F-2024-25609
2067,2024-10-06,5,3,302.93,CHEQUE,VALIDE,Facture F-2024-62476
2068,2024-10-06,NULL,12,147.22,CARTE,VALIDE,Dépense Assurances
2069,2024-10-07,54,4,1038.95,VIREMENT,VALIDE,Facture F-2024-12222
2070,2024-10-07,4,1,685.13,MOBILE_MONEY,VALIDE,Facture F-2024-85475
2071,2024-10-07,37,5,715.43,VIREMENT,VALIDE,Facture F-2024-64943
2072,2024-10-07,2,2,2120.42,MOBILE_MONEY,VALIDE,Facture F-2024-35782
2073,2024-10-07,42,5,750.80,MOBILE_MONEY,VALIDE,Facture F-2024-00447
2074,2024-10-07,15,5,961.50,CHEQUE,VALIDE,Facture F-2024-32562
2075,2024-10-07,31,4,489.99,CARTE,VALIDE,Facture F-2024-13292
2076,2024-10-07,53,3,331.39,CARTE,VALIDE,Facture F-2024-24946
2077,2024-10-07,NULL,7,1176.25,CARTE,VALIDE,Dépense Loyers et immobilier
2078,2024-10-08,62,4,952.95,ESPECES,VALIDE,Facture F-2024-03370
2079,2024-10-08,31,4,393.77,CARTE,VALIDE,Facture F-2024-18130
2080,2024-10-08,8,1,1656.05,CHEQUE,VALIDE,Facture F-2024-71118
2081,2024-10-08,59,4,847.16,CHEQUE,VALIDE,Facture F-2024-30696
2082,2024-10-08,13,5,885.57,CHEQUE,VALIDE,Facture F-2024-14099
2083,2024-10-08,56,3,399.92,ESPECES,VALIDE,Facture F-2024-28741
2084,2024-10-08,43,5,939.46,VIREMENT,VALIDE,Facture F-2024-33409
2085,2024-10-08,NULL,8,2160.65,CARTE,VALIDE,Dépense Marketing et publicité
2086,2024-10-09,61,2,1837.29,VIREMENT,VALIDE,Facture F-2024-32954
2087,2024-10-09,64,2,1668.50,ESPECES,VALIDE,Facture F-2024-01020
2088,2024-10-09,39,3,192.09,VIREMENT,VALIDE,Facture F-2024-58917
2089,2024-10-09,54,3,272.32,CHEQUE,VALIDE,Facture F-2024-08616
2090,2024-10-09,36,4,632.05,CARTE,VALIDE,Facture F-2024-08693
2091,2024-10-09,23,4,772.15,CARTE,VALIDE,Facture F-2024-99728
2092,2024-10-09,37,4,883.14,ESPECES,VALIDE,Facture F-2024-87895
2093,2024-10-09,NULL,10,1510.47,ESPECES,VALIDE,Dépense Énergie et eau
2094,2024-10-10,44,5,937.31,MOBILE_MONEY,VALIDE,Facture F-2024-69355
2095,2024-10-10,49,1,2037.52,MOBILE_MONEY,VALIDE,Facture F-2024-15523
2096,2024-10-10,16,4,424.03,CARTE,VALIDE,Facture F-2024-44821
2097,2024-10-10,30,4,1190.44,CHEQUE,VALIDE,Facture F-2024-72591
2098,2024-10-10,63,2,460.50,ESPECES,VALIDE,Facture F-2024-83772
2099,2024-10-10,8,4,631.18,MOBILE_MONEY,VALIDE,Facture F-2024-43590
2100,2024-10-10,NULL,10,1252.70,VIREMENT,VALIDE,Dépense Énergie et eau
2101,2024-10-10,NULL,7,1783.00,VIREMENT,VALIDE,Dépense Loyers et immobilier
2102,2024-10-10,NULL,8,8098.57,ESPECES,VALIDE,Dépense Marketing et publicité
2103,2024-10-11,40,5,538.90,VIREMENT,VALIDE,Facture F-2024-79434
2104,2024-10-11,26,3,171.29,MOBILE_MONEY,VALIDE,Facture F-2024-76111
2105,2024-10-11,39,2,1916.80,CHEQUE,VALIDE,Facture F-2024-83722
2106,2024-10-11,39,5,875.83,MOBILE_MONEY,VALIDE,Facture F-2024-70512
2107,2024-10-11,50,1,2251.17,VIREMENT,VALIDE,Facture F-2024-31293
2108,2024-10-11,17,4,568.89,CARTE,EN_ATTENTE,Facture F-2024-54160
2109,2024-10-11,NULL,8,884.01,CARTE,VALIDE,Dépense Marketing et publicité
2110,2024-10-12,55,2,352.22,CHEQUE,VALIDE,Facture F-2024-14600
2111,2024-10-12,56,3,407.75,CHEQUE,VALIDE,Facture F-2024-44099
2112,2024-10-12,37,2,1607.04,CHEQUE,VALIDE,Facture F-2024-98230
2113,2024-10-12,65,4,782.57,CHEQUE,EN_ATTENTE,Facture F-2024-46166
2114,2024-10-12,60,1,3153.87,MOBILE_MONEY,VALIDE,Facture F-2024-31605
2115,2024-10-12,NULL,15,759.78,ESPECES,VALIDE,Dépense Intérêts et frais bancaires
2116,2024-10-12,NULL,7,1073.54,CARTE,VALIDE,Dépense Loyers et immobilier
2117,2024-10-12,NULL,9,625.39,CARTE,VALIDE,Dépense Fournitures et consommables
2118,2024-10-12,NULL,15,24.98,MOBILE_MONEY,VALIDE,Dépense Intérêts et frais bancaires
2119,2024-10-13,15,2,848.83,CHEQUE,VALIDE,Facture F-2024-94741
2120,2024-10-13,1,1,4308.62,CHEQUE,VALIDE,Facture F-2024-32993
2121,2024-10-13,4,5,1323.05,CHEQUE,VALIDE,Facture F-2024-72954
2122,2024-10-13,NULL,12,2517.58,CARTE,VALIDE,Dépense Assurances
2123,2024-10-13,NULL,10,229.08,CARTE,VALIDE,Dépense Énergie et eau
2124,2024-10-13,NULL,9,361.62,CARTE,VALIDE,Dépense Fournitures et consommables
2125,2024-10-13,NULL,12,2323.92,MOBILE_MONEY,VALIDE,Dépense Assurances
2126,2024-10-14,35,1,2155.76,CARTE,VALIDE,Facture F-2024-88105
2127,2024-10-14,24,5,814.42,CHEQUE,VALIDE,Facture F-2024-75016
2128,2024-10-14,60,2,1928.05,CARTE,VALIDE,Facture F-2024-36755
2129,2024-10-14,NULL,6,14407.52,CARTE,VALIDE,Dépense Salaires et charges sociales
2130,2024-10-15,45,3,430.94,MOBILE_MONEY,VALIDE,Facture F-2024-23719
2131,2024-10-15,32,1,2870.49,VIREMENT,VALIDE,Facture F-2024-23358
2132,2024-10-15,55,1,6351.22,CHEQUE,VALIDE,Facture F-2024-04828
2133,2024-10-15,39,3,180.53,CARTE,VALIDE,Facture F-2024-20621
2134,2024-10-15,NULL,10,1176.34,MOBILE_MONEY,VALIDE,Dépense Énergie et eau
2135,2024-10-15,NULL,15,635.35,VIREMENT,VALIDE,Dépense Intérêts et frais bancaires
2136,2024-10-15,NULL,14,1704.93,ESPECES,VALIDE,Dépense Informatique et logiciels
2137,2024-10-16,14,4,942.73,CARTE,VALIDE,Facture F-2024-70490
2138,2024-10-16,55,1,4894.39,CARTE,VALIDE,Facture F-2024-32017
2139,2024-10-16,14,1,6904.59,VIREMENT,VALIDE,Facture F-2024-48332
2140,2024-10-16,25,4,755.01,MOBILE_MONEY,VALIDE,Facture F-2024-74648
2141,2024-10-16,10,4,906.20,CARTE,VALIDE,Facture F-2024-74330
2142,2024-10-16,16,4,290.27,ESPECES,VALIDE,Facture F-2024-32026
2143,2024-10-16,50,1,3038.16,ESPECES,VALIDE,Facture F-2024-02104
2144,2024-10-16,4,1,1912.35,MOBILE_MONEY,VALIDE,Facture F-2024-99992
2145,2024-10-16,NULL,10,414.56,ESPECES,VALIDE,Dépense Énergie et eau
2146,2024-10-16,NULL,15,515.68,CARTE,VALIDE,Dépense Intérêts et frais bancaires
2147,2024-10-17,13,2,540.66,CHEQUE,VALIDE,Facture F-2024-64275
2148,2024-10-17,5,2,1758.84,VIREMENT,VALIDE,Facture F-2024-99431
2149,2024-10-17,58,5,919.24,VIREMENT,VALIDE,Facture F-2024-06909
2150,2024-10-17,64,1,5850.73,VIREMENT,VALIDE,Facture F-2024-84151
2151,2024-10-17,15,2,360.86,CARTE,VALIDE,Facture F-2024-43630
2152,2024-10-17,NULL,14,1796.76,ESPECES,VALIDE,Dépense Informatique et logiciels
2153,2024-10-18,51,1,2332.38,CARTE,EN_ATTENTE,Facture F-2024-64077
2154,2024-10-18,19,1,2497.29,VIREMENT,VALIDE,Facture F-2024-46366
2155,2024-10-18,21,4,576.94,ESPECES,VALIDE,Facture F-2024-74101
2156,2024-10-18,49,4,578.45,VIREMENT,VALIDE,Facture F-2024-24191
2157,2024-10-18,19,3,145.07,CHEQUE,VALIDE,Facture F-2024-74452
2158,2024-10-18,10,2,2025.99,CHEQUE,VALIDE,Facture F-2024-11010
2159,2024-10-18,24,4,776.80,CARTE,VALIDE,Facture F-2024-89437
2160,2024-10-18,NULL,7,3293.16,VIREMENT,VALIDE,Dépense Loyers et immobilier
2161,2024-10-18,NULL,7,3166.48,ESPECES,VALIDE,Dépense Loyers et immobilier
2162,2024-10-18,NULL,8,5117.81,MOBILE_MONEY,VALIDE,Dépense Marketing et publicité
2163,2024-10-18,NULL,8,5445.98,CARTE,VALIDE,Dépense Marketing et publicité
2164,2024-10-19,4,2,1227.58,ESPECES,VALIDE,Facture F-2024-22063
2165,2024-10-19,35,1,4200.37,MOBILE_MONEY,VALIDE,Facture F-2024-56225
2166,2024-10-19,25,5,816.92,CHEQUE,VALIDE,Facture F-2024-77343
2167,2024-10-19,53,1,7246.27,VIREMENT,VALIDE,Facture F-2024-84793
2168,2024-10-19,26,3,125.70,CARTE,VALIDE,Facture F-2024-28317
2169,2024-10-19,NULL,11,4268.53,MOBILE_MONEY,VALIDE,Dépense Transport et logistique
2170,2024-10-19,NULL,11,5604.82,MOBILE_MONEY,VALIDE,Dépense Transport et logistique
2171,2024-10-19,NULL,7,1045.06,CARTE,VALIDE,Dépense Loyers et immobilier
2172,2024-10-20,38,4,1022.40,ESPECES,VALIDE,Facture F-2024-83553
2173,2024-10-20,33,3,167.64,CHEQUE,VALIDE,Facture F-2024-91060
2174,2024-10-20,34,4,809.90,MOBILE_MONEY,VALIDE,Facture F-2024-77584
2175,2024-10-20,64,2,465.10,VIREMENT,VALIDE,Facture F-2024-80864
2176,2024-10-20,NULL,15,412.84,ESPECES,VALIDE,Dépense Intérêts et frais bancaires
2177,2024-10-21,52,5,575.01,VIREMENT,VALIDE,Facture F-2024-10648
2178,2024-10-21,34,5,1145.31,MOBILE_MONEY,VALIDE,Facture F-2024-38551
2179,2024-10-21,20,3,55.02,CHEQUE,VALIDE,Facture F-2024-50866
2180,2024-10-21,18,4,250.11,VIREMENT,VALIDE,Facture F-2024-98807
2181,2024-10-21,NULL,12,2324.11,VIREMENT,VALIDE,Dépense Assurances
2182,2024-10-22,33,2,1212.80,MOBILE_MONEY,VALIDE,Facture F-2024-55086
2183,2024-10-22,17,4,1139.53,CHEQUE,VALIDE,Facture F-2024-00505
2184,2024-10-22,51,1,3222.37,CHEQUE,VALIDE,Facture F-2024-96711
2185,2024-10-22,NULL,12,1361.14,MOBILE_MONEY,VALIDE,Dépense Assurances
2186,2024-10-22,NULL,6,18716.13,MOBILE_MONEY,VALIDE,Dépense Salaires et charges sociales
2187,2024-10-22,NULL,12,2085.55,MOBILE_MONEY,VALIDE,Dépense Assurances
2188,2024-10-22,NULL,8,3360.24,VIREMENT,VALIDE,Dépense Marketing et publicité
2189,2024-10-23,35,2,1803.54,MOBILE_MONEY,VALIDE,Facture F-2024-75804
2190,2024-10-23,51,4,283.51,VIREMENT,VALIDE,Facture F-2024-81921
2191,2024-10-23,54,3,345.10,CHEQUE,VALIDE,Facture F-2024-76020
2192,2024-10-23,14,1,5532.96,MOBILE_MONEY,VALIDE,Facture F-2024-59256
2193,2024-10-23,NULL,7,3292.49,VIREMENT,EN_ATTENTE,Dépense Loyers et immobilier
2194,2024-10-23,NULL,9,1566.42,ESPECES,VALIDE,Dépense Fournitures et consommables
2195,2024-10-23,NULL,8,3261.66,ESPECES,VALIDE,Dépense Marketing et publicité
2196,2024-10-23,NULL,6,11884.49,CARTE,VALIDE,Dépense Salaires et charges sociales
2197,2024-10-24,54,5,654.41,VIREMENT,VALIDE,Facture F-2024-19750
2198,2024-10-24,57,3,405.15,ESPECES,VALIDE,Facture F-2024-19118
2199,2024-10-24,50,5,522.62,MOBILE_MONEY,VALIDE,Facture F-2024-20728
2200,2024-10-24,NULL,10,1977.44,ESPECES,VALIDE,Dépense Énergie et eau
2201,2024-10-24,NULL,8,7065.38,MOBILE_MONEY,VALIDE,Dépense Marketing et publicité
2202,2024-10-24,NULL,12,2210.29,CARTE,VALIDE,Dépense Assurances
2203,2024-10-25,65,5,310.12,CARTE,VALIDE,Facture F-2024-15698
2204,2024-10-25,33,1,7041.70,VIREMENT,VALIDE,Facture F-2024-61490
2205,2024-10-25,12,3,284.46,VIREMENT,VALIDE,Facture F-2024-23023
2206,2024-10-25,47,5,1411.32,MOBILE_MONEY,VALIDE,Facture F-2024-35666
2207,2024-10-25,50,1,2756.81,MOBILE_MONEY,VALIDE,Facture F-2024-94236
2208,2024-10-25,NULL,8,6501.22,VIREMENT,VALIDE,Dépense Marketing et publicité
2209,2024-10-26,57,4,272.57,MOBILE_MONEY,VALIDE,Facture F-2024-85801
2210,2024-10-26,25,2,1619.24,CHEQUE,VALIDE,Facture F-2024-09788
2211,2024-10-26,7,4,680.56,VIREMENT,VALIDE,Facture F-2024-96424
2212,2024-10-26,12,3,319.04,VIREMENT,VALIDE,Facture F-2024-73702
2213,2024-10-26,NULL,12,224.11,CARTE,VALIDE,Dépense Assurances
2214,2024-10-26,NULL,12,2837.31,ESPECES,VALIDE,Dépense Assurances
2215,2024-10-27,46,4,364.19,VIREMENT,VALIDE,Facture F-2024-77187
2216,2024-10-27,36,5,1282.25,MOBILE_MONEY,VALIDE,Facture F-2024-81839
2217,2024-10-27,24,1,2563.72,VIREMENT,VALIDE,Facture F-2024-02177
2218,2024-10-27,NULL,7,3870.67,ESPECES,VALIDE,Dépense Loyers et immobilier
2219,2024-10-27,NULL,9,1452.90,ESPECES,VALIDE,Dépense Fournitures et consommables
2220,2024-10-27,NULL,7,1119.38,ESPECES,EN_ATTENTE,Dépense Loyers et immobilier
2221,2024-10-28,58,4,822.97,ESPECES,VALIDE,Facture F-2024-48770
2222,2024-10-28,29,1,4864.84,CARTE,VALIDE,Facture F-2024-87159
2223,2024-10-28,29,2,1304.26,ESPECES,VALIDE,Facture F-2024-39278
2224,2024-10-28,6,1,2238.14,CARTE,VALIDE,Facture F-2024-54335
2225,2024-10-28,4,5,885.17,CHEQUE,VALIDE,Facture F-2024-23764
2226,2024-10-28,NULL,7,564.87,MOBILE_MONEY,VALIDE,Dépense Loyers et immobilier
2227,2024-10-29,41,2,364.57,CARTE,VALIDE,Facture F-2024-52466
2228,2024-10-29,35,4,974.69,VIREMENT,VALIDE,Facture F-2024-63391
2229,2024-10-29,53,4,1022.38,CHEQUE,VALIDE,Facture F-2024-54101
2230,2024-10-29,51,4,1058.56,VIREMENT,EN_ATTENTE,Facture F-2024-82541
2231,2024-10-29,1,5,678.13,CHEQUE,VALIDE,Facture F-2024-82336
2232,2024-10-29,NULL,8,2864.17,CARTE,VALIDE,Dépense Marketing et publicité
2233,2024-10-29,NULL,14,3705.79,CARTE,VALIDE,Dépense Informatique et logiciels
2234,2024-10-30,5,3,337.71,MOBILE_MONEY,VALIDE,Facture F-2024-33412
2235,2024-10-30,53,1,4369.96,VIREMENT,VALIDE,Facture F-2024-89703
2236,2024-10-30,41,5,970.30,CHEQUE,VALIDE,Facture F-2024-83025
2237,2024-10-30,18,4,264.02,ESPECES,VALIDE,Facture F-2024-14750
2238,2024-10-30,44,4,683.60,ESPECES,VALIDE,Facture F-2024-77269
2239,2024-10-30,27,4,1019.23,CHEQUE,VALIDE,Facture F-2024-82000
2240,2024-10-30,60,1,2783.71,ESPECES,VALIDE,Facture F-2024-19784
2241,2024-10-30,63,1,3731.59,MOBILE_MONEY,VALIDE,Facture F-2024-62095
2242,2024-10-30,NULL,13,5190.65,MOBILE_MONEY,EN_ATTENTE,Dépense Impôts et taxes
2243,2024-10-31,10,1,1577.98,CARTE,VALIDE,Facture F-2024-46448
2244,2024-10-31,4,5,1020.69,ESPECES,VALIDE,Facture F-2024-30695
2245,2024-10-31,12,1,6341.69,MOBILE_MONEY,VALIDE,Facture F-2024-34344
2246,2024-10-31,29,2,804.18,VIREMENT,VALIDE,Facture F-2024-17344
2247,2024-10-31,NULL,9,1157.58,MOBILE_MONEY,VALIDE,Dépense Fournitures et consommables
2248,2024-11-01,54,2,842.06,MOBILE_MONEY,VALIDE,Facture F-2024-56412
2249,2024-11-01,54,1,6029.72,VIREMENT,VALIDE,Facture F-2024-56277
2250,2024-11-01,59,5,1198.73,CHEQUE,VALIDE,Facture F-2024-69275
2251,2024-11-01,29,2,696.86,VIREMENT,VALIDE,Facture F-2024-83880
2252,2024-11-01,35,3,60.15,MOBILE_MONEY,VALIDE,Facture F-2024-26611
2253,2024-11-01,NULL,12,827.49,CARTE,VALIDE,Dépense Assurances
2254,2024-11-01,NULL,15,96.99,MOBILE_MONEY,VALIDE,Dépense Intérêts et frais bancaires
2255,2024-11-01,NULL,7,319.29,VIREMENT,EN_ATTENTE,Dépense Loyers et immobilier
2256,2024-11-02,35,2,1552.54,CHEQUE,VALIDE,Facture F-2024-95132
2257,2024-11-02,1,2,2015.68,CHEQUE,VALIDE,Facture F-2024-99725
2258,2024-11-02,54,1,4660.63,CHEQUE,VALIDE,Facture F-2024-60198
2259,2024-11-02,58,1,7473.26,MOBILE_MONEY,VALIDE,Facture F-2024-13576
2260,2024-11-02,25,2,1796.91,CHEQUE,VALIDE,Facture F-2024-15906
2261,2024-11-02,22,1,1730.66,CHEQUE,VALIDE,Facture F-2024-20076
2262,2024-11-02,NULL,11,5733.48,CARTE,VALIDE,Dépense Transport et logistique
2263,2024-11-02,NULL,15,700.15,ESPECES,VALIDE,Dépense Intérêts et frais bancaires
2264,2024-11-02,NULL,6,19031.21,MOBILE_MONEY,VALIDE,Dépense Salaires et charges sociales
2265,2024-11-02,NULL,13,2484.56,CARTE,VALIDE,Dépense Impôts et taxes
2266,2024-11-03,32,2,1236.80,VIREMENT,VALIDE,Facture F-2024-64456
2267,2024-11-03,45,5,1051.16,ESPECES,VALIDE,Facture F-2024-59848
2268,2024-11-03,4,5,714.44,CHEQUE,VALIDE,Facture F-2024-83577
2269,2024-11-03,22,4,535.19,ESPECES,VALIDE,Facture F-2024-84809
2270,2024-11-03,60,3,89.09,ESPECES,VALIDE,Facture F-2024-30911
2271,2024-11-03,65,4,818.31,MOBILE_MONEY,VALIDE,Facture F-2024-52534
2272,2024-11-03,NULL,10,799.71,VIREMENT,VALIDE,Dépense Énergie et eau
2273,2024-11-03,NULL,12,1801.09,VIREMENT,VALIDE,Dépense Assurances
2274,2024-11-04,64,5,440.54,CHEQUE,VALIDE,Facture F-2024-16678
2275,2024-11-04,1,1,5754.16,CARTE,VALIDE,Facture F-2024-70278
2276,2024-11-04,20,5,1292.62,MOBILE_MONEY,VALIDE,Facture F-2024-62026
2277,2024-11-04,43,3,345.69,ESPECES,VALIDE,Facture F-2024-36718
2278,2024-11-04,NULL,8,1312.25,MOBILE_MONEY,VALIDE,Dépense Marketing et publicité
2279,2024-11-04,NULL,9,944.15,MOBILE_MONEY,VALIDE,Dépense Fournitures et consommables
2280,2024-11-04,NULL,8,5889.16,ESPECES,VALIDE,Dépense Marketing et publicité
2281,2024-11-05,4,3,402.20,ESPECES,VALIDE,Facture F-2024-30671
2282,2024-11-05,64,3,116.11,CHEQUE,VALIDE,Facture F-2024-95115
2283,2024-11-05,51,3,129.57,MOBILE_MONEY,VALIDE,Facture F-2024-01328
2284,2024-11-05,43,3,323.94,VIREMENT,VALIDE,Facture F-2024-69411
2285,2024-11-05,55,1,4857.19,VIREMENT,EN_ATTENTE,Facture F-2024-74771
2286,2024-11-05,41,3,202.43,VIREMENT,VALIDE,Facture F-2024-22700
2287,2024-11-05,NULL,11,5644.23,VIREMENT,VALIDE,Dépense Transport et logistique
2288,2024-11-06,31,3,417.79,VIREMENT,VALIDE,Facture F-2024-05645
2289,2024-11-06,33,2,1146.19,CHEQUE,VALIDE,Facture F-2024-63467
2290,2024-11-06,8,2,2080.54,VIREMENT,EN_ATTENTE,Facture F-2024-30580
2291,2024-11-06,30,2,1026.32,CARTE,VALIDE,Facture F-2024-79459
2292,2024-11-06,36,3,425.63,ESPECES,VALIDE,Facture F-2024-61689
2293,2024-11-06,32,1,1844.37,VIREMENT,VALIDE,Facture F-2024-36784
2294,2024-11-06,31,4,404.07,ESPECES,VALIDE,Facture F-2024-63117
2295,2024-11-06,64,5,1477.38,CHEQUE,VALIDE,Facture F-2024-64991
2296,2024-11-06,NULL,11,235.35,VIREMENT,VALIDE,Dépense Transport et logistique
2297,2024-11-06,NULL,9,567.13,ESPECES,VALIDE,Dépense Fournitures et consommables
2298,2024-11-06,NULL,14,3069.97,CARTE,VALIDE,Dépense Informatique et logiciels
2299,2024-11-06,NULL,15,689.87,ESPECES,VALIDE,Dépense Intérêts et frais bancaires
2300,2024-11-07,63,2,1467.72,ESPECES,VALIDE,Facture F-2024-31314
2301,2024-11-07,14,2,870.98,CARTE,VALIDE,Facture F-2024-97604
2302,2024-11-07,46,4,544.72,VIREMENT,VALIDE,Facture F-2024-08966
2303,2024-11-07,40,4,933.74,CHEQUE,VALIDE,Facture F-2024-52882
2304,2024-11-07,30,5,1338.97,VIREMENT,VALIDE,Facture F-2024-42388
2305,2024-11-07,35,1,1688.74,MOBILE_MONEY,VALIDE,Facture F-2024-35500
2306,2024-11-07,46,2,1036.98,MOBILE_MONEY,VALIDE,Facture F-2024-12052
2307,2024-11-07,16,5,816.73,CHEQUE,VALIDE,Facture F-2024-26654
2308,2024-11-07,NULL,15,400.52,CARTE,VALIDE,Dépense Intérêts et frais bancaires
2309,2024-11-07,NULL,9,894.35,ESPECES,VALIDE,Dépense Fournitures et consommables
2310,2024-11-07,NULL,13,3111.65,CARTE,EN_ATTENTE,Dépense Impôts et taxes
2311,2024-11-08,7,5,1370.12,VIREMENT,VALIDE,Facture F-2024-99670
2312,2024-11-08,33,1,2115.51,ESPECES,VALIDE,Facture F-2024-28169
2313,2024-11-08,60,4,536.43,MOBILE_MONEY,VALIDE,Facture F-2024-69432
2314,2024-11-08,42,3,275.56,CHEQUE,VALIDE,Facture F-2024-38228
2315,2024-11-08,NULL,13,2494.53,ESPECES,VALIDE,Dépense Impôts et taxes
2316,2024-11-08,NULL,13,5102.76,CARTE,VALIDE,Dépense Impôts et taxes
2317,2024-11-08,NULL,11,4953.21,ESPECES,VALIDE,Dépense Transport et logistique
2318,2024-11-08,NULL,10,1111.62,CARTE,VALIDE,Dépense Énergie et eau
2319,2024-11-09,9,2,1767.36,CARTE,VALIDE,Facture F-2024-89663
2320,2024-11-09,15,3,187.79,CARTE,VALIDE,Facture F-2024-81095
2321,2024-11-09,40,1,612.40,CARTE,VALIDE,Facture F-2024-24969
2322,2024-11-09,44,1,961.62,ESPECES,VALIDE,Facture F-2024-13469
2323,2024-11-09,62,1,4294.66,MOBILE_MONEY,VALIDE,Facture F-2024-67285
2324,2024-11-09,55,1,5251.16,CARTE,VALIDE,Facture F-2024-60074
2325,2024-11-09,16,4,556.67,CARTE,VALIDE,Facture F-2024-64252
2326,2024-11-09,NULL,10,800.46,CARTE,VALIDE,Dépense Énergie et eau
2327,2024-11-09,NULL,7,2457.88,VIREMENT,VALIDE,Dépense Loyers et immobilier
2328,2024-11-10,3,1,5323.12,MOBILE_MONEY,VALIDE,Facture F-2024-34867
2329,2024-11-10,45,5,977.13,CARTE,VALIDE,Facture F-2024-99797
2330,2024-11-10,2,5,1185.80,MOBILE_MONEY,VALIDE,Facture F-2024-19593
2331,2024-11-10,46,4,698.53,ESPECES,VALIDE,Facture F-2024-26520
2332,2024-11-10,NULL,15,87.12,ESPECES,VALIDE,Dépense Intérêts et frais bancaires
2333,2024-11-10,NULL,13,1384.13,ESPECES,VALIDE,Dépense Impôts et taxes
2334,2024-11-10,NULL,6,19815.27,CARTE,VALIDE,Dépense Salaires et charges sociales
2335,2024-11-11,20,2,1222.68,MOBILE_MONEY,VALIDE,Facture F-2024-99260
2336,2024-11-11,62,2,1353.05,ESPECES,VALIDE,Facture F-2024-13706
2337,2024-11-11,13,4,974.59,CARTE,VALIDE,Facture F-2024-60958
2338,2024-11-11,27,2,831.71,MOBILE_MONEY,VALIDE,Facture F-2024-74502
2339,2024-11-11,16,2,877.54,MOBILE_MONEY,VALIDE,Facture F-2024-61554
2340,2024-11-11,NULL,13,2138.28,CARTE,VALIDE,Dépense Impôts et taxes
2341,2024-11-12,63,2,338.30,VIREMENT,VALIDE,Facture F-2024-89899
2342,2024-11-12,58,4,482.63,CHEQUE,VALIDE,Facture F-2024-93021
2343,2024-11-12,26,4,272.50,MOBILE_MONEY,VALIDE,Facture F-2024-50080
2344,2024-11-12,NULL,13,2376.73,VIREMENT,VALIDE,Dépense Impôts et taxes
2345,2024-11-12,NULL,15,580.09,ESPECES,VALIDE,Dépense Intérêts et frais bancaires
2346,2024-11-13,7,5,1331.98,CARTE,VALIDE,Facture F-2024-41921
2347,2024-11-13,38,2,1740.16,CARTE,VALIDE,Facture F-2024-43450
2348,2024-11-13,16,2,750.86,ESPECES,VALIDE,Facture F-2024-15255
2349,2024-11-13,NULL,14,2348.51,ESPECES,VALIDE,Dépense Informatique et logiciels
2350,2024-11-13,NULL,6,5801.88,ESPECES,VALIDE,Dépense Salaires et charges sociales
2351,2024-11-13,NULL,14,3161.19,VIREMENT,VALIDE,Dépense Informatique et logiciels
2352,2024-11-13,NULL,11,683.26,VIREMENT,VALIDE,Dépense Transport et logistique
2353,2024-11-14,19,3,430.65,MOBILE_MONEY,VALIDE,Facture F-2024-24066
2354,2024-11-14,33,2,1794.13,CHEQUE,VALIDE,Facture F-2024-53994
2355,2024-11-14,57,5,1077.74,CARTE,VALIDE,Facture F-2024-64774
2356,2024-11-14,12,3,308.51,ESPECES,VALIDE,Facture F-2024-71739
2357,2024-11-14,39,5,416.04,CARTE,VALIDE,Facture F-2024-91767
2358,2024-11-14,NULL,12,107.53,ESPECES,VALIDE,Dépense Assurances
2359,2024-11-14,NULL,7,3306.04,VIREMENT,VALIDE,Dépense Loyers et immobilier
2360,2024-11-15,43,1,7247.93,ESPECES,VALIDE,Facture F-2024-68992
2361,2024-11-15,44,5,918.31,CARTE,VALIDE,Facture F-2024-19948
2362,2024-11-15,33,2,1873.39,CHEQUE,VALIDE,Facture F-2024-98302
2363,2024-11-15,25,2,419.99,MOBILE_MONEY,VALIDE,Facture F-2024-20697
2364,2024-11-15,45,2,1448.66,ESPECES,VALIDE,Facture F-2024-23550
2365,2024-11-15,53,1,5576.39,CHEQUE,VALIDE,Facture F-2024-72143
2366,2024-11-15,NULL,6,4164.22,VIREMENT,VALIDE,Dépense Salaires et charges sociales
2367,2024-11-15,NULL,11,4980.71,MOBILE_MONEY,VALIDE,Dépense Transport et logistique
2368,2024-11-15,NULL,13,2872.18,VIREMENT,VALIDE,Dépense Impôts et taxes
2369,2024-11-16,58,4,640.88,ESPECES,VALIDE,Facture F-2024-26226
2370,2024-11-16,9,2,1262.17,MOBILE_MONEY,VALIDE,Facture F-2024-14641
2371,2024-11-16,9,3,97.68,MOBILE_MONEY,VALIDE,Facture F-2024-00755
2372,2024-11-16,NULL,10,558.95,MOBILE_MONEY,VALIDE,Dépense Énergie et eau
2373,2024-11-17,37,4,707.25,MOBILE_MONEY,VALIDE,Facture F-2024-91979
2374,2024-11-17,37,2,235.35,CHEQUE,VALIDE,Facture F-2024-02604
2375,2024-11-17,58,2,656.83,CHEQUE,VALIDE,Facture F-2024-40922
2376,2024-11-17,30,2,683.54,ESPECES,VALIDE,Facture F-2024-74061
2377,2024-11-17,59,5,335.98,VIREMENT,VALIDE,Facture F-2024-56392
2378,2024-11-17,25,4,222.69,CHEQUE,VALIDE,Facture F-2024-19847
2379,2024-11-17,35,2,2127.53,CARTE,VALIDE,Facture F-2024-84173
2380,2024-11-17,NULL,9,2445.97,CARTE,VALIDE,Dépense Fournitures et consommables
2381,2024-11-17,NULL,11,634.94,VIREMENT,VALIDE,Dépense Transport et logistique
2382,2024-11-17,NULL,15,281.21,VIREMENT,EN_ATTENTE,Dépense Intérêts et frais bancaires
2383,2024-11-17,NULL,14,4472.35,CARTE,VALIDE,Dépense Informatique et logiciels
2384,2024-11-18,16,3,426.44,VIREMENT,VALIDE,Facture F-2024-15279
2385,2024-11-18,40,1,7498.52,CHEQUE,VALIDE,Facture F-2024-65987
2386,2024-11-18,43,4,258.83,ESPECES,VALIDE,Facture F-2024-67797
2387,2024-11-18,38,4,899.61,CHEQUE,VALIDE,Facture F-2024-91686
2388,2024-11-18,14,3,166.70,CARTE,VALIDE,Facture F-2024-30216
2389,2024-11-18,58,4,329.62,MOBILE_MONEY,VALIDE,Facture F-2024-11768
2390,2024-11-18,28,5,567.67,MOBILE_MONEY,VALIDE,Facture F-2024-38167
2391,2024-11-18,25,5,538.49,MOBILE_MONEY,VALIDE,Facture F-2024-09624
2392,2024-11-18,NULL,7,4307.69,MOBILE_MONEY,VALIDE,Dépense Loyers et immobilier
2393,2024-11-18,NULL,7,335.38,ESPECES,VALIDE,Dépense Loyers et immobilier
2394,2024-11-18,NULL,12,2715.55,ESPECES,VALIDE,Dépense Assurances
2395,2024-11-19,23,2,1527.05,CARTE,VALIDE,Facture F-2024-88555
2396,2024-11-19,4,1,6312.38,ESPECES,VALIDE,Facture F-2024-07831
2397,2024-11-19,63,5,658.12,VIREMENT,VALIDE,Facture F-2024-46368
2398,2024-11-19,NULL,13,4443.87,MOBILE_MONEY,VALIDE,Dépense Impôts et taxes
2399,2024-11-20,45,3,81.86,ESPECES,VALIDE,Facture F-2024-33906
2400,2024-11-20,10,4,1060.14,MOBILE_MONEY,VALIDE,Facture F-2024-36983
2401,2024-11-20,19,5,1271.59,ESPECES,VALIDE,Facture F-2024-54217
2402,2024-11-20,8,2,1296.28,CARTE,VALIDE,Facture F-2024-24548
2403,2024-11-20,14,3,164.52,VIREMENT,VALIDE,Facture F-2024-97750
2404,2024-11-20,24,1,4952.75,ESPECES,VALIDE,Facture F-2024-81593
2405,2024-11-20,NULL,11,4791.28,CARTE,VALIDE,Dépense Transport et logistique
2406,2024-11-20,NULL,7,1011.69,ESPECES,VALIDE,Dépense Loyers et immobilier
2407,2024-11-21,63,5,1432.86,CARTE,VALIDE,Facture F-2024-08392
2408,2024-11-21,28,1,5523.85,ESPECES,VALIDE,Facture F-2024-49303
2409,2024-11-21,40,1,7187.79,VIREMENT,VALIDE,Facture F-2024-57386
2410,2024-11-21,54,3,283.07,ESPECES,VALIDE,Facture F-2024-12382
2411,2024-11-21,60,2,1806.84,CHEQUE,VALIDE,Facture F-2024-80524
2412,2024-11-21,50,2,356.36,CARTE,VALIDE,Facture F-2024-43725
2413,2024-11-21,NULL,15,567.34,VIREMENT,VALIDE,Dépense Intérêts et frais bancaires
2414,2024-11-21,NULL,7,3956.61,CARTE,VALIDE,Dépense Loyers et immobilier
2415,2024-11-21,NULL,8,5617.73,MOBILE_MONEY,EN_ATTENTE,Dépense Marketing et publicité
2416,2024-11-22,27,1,4218.91,ESPECES,VALIDE,Facture F-2024-10524
2417,2024-11-22,21,3,50.88,CARTE,VALIDE,Facture F-2024-76386
2418,2024-11-22,51,5,815.20,CHEQUE,VALIDE,Facture F-2024-09275
2419,2024-11-22,14,2,458.60,MOBILE_MONEY,VALIDE,Facture F-2024-83210
2420,2024-11-22,46,4,811.29,CHEQUE,VALIDE,Facture F-2024-63357
2421,2024-11-22,NULL,9,1043.09,MOBILE_MONEY,VALIDE,Dépense Fournitures et consommables
2422,2024-11-22,NULL,15,469.25,ESPECES,VALIDE,Dépense Intérêts et frais bancaires
2423,2024-11-22,NULL,13,4111.76,ESPECES,VALIDE,Dépense Impôts et taxes
2424,2024-11-23,13,2,1885.23,MOBILE_MONEY,VALIDE,Facture F-2024-02910
2425,2024-11-23,4,4,576.90,ESPECES,VALIDE,Facture F-2024-30043
2426,2024-11-23,8,3,199.51,ESPECES,VALIDE,Facture F-2024-54325
2427,2024-11-23,7,2,1146.83,CHEQUE,VALIDE,Facture F-2024-39762
2428,2024-11-23,44,2,610.85,ESPECES,VALIDE,Facture F-2024-80901
2429,2024-11-23,21,5,1216.61,CHEQUE,VALIDE,Facture F-2024-42968
2430,2024-11-23,33,2,996.30,CARTE,VALIDE,Facture F-2024-18475
2431,2024-11-23,20,1,544.12,ESPECES,VALIDE,Facture F-2024-85664
2432,2024-11-23,NULL,7,1724.39,ESPECES,EN_ATTENTE,Dépense Loyers et immobilier
2433,2024-11-23,NULL,11,4334.32,ESPECES,VALIDE,Dépense Transport et logistique
2434,2024-11-23,NULL,10,137.61,MOBILE_MONEY,VALIDE,Dépense Énergie et eau
2435,2024-11-24,39,1,7086.00,MOBILE_MONEY,VALIDE,Facture F-2024-84445
2436,2024-11-24,49,5,456.71,MOBILE_MONEY,VALIDE,Facture F-2024-86049
2437,2024-11-24,15,2,301.12,MOBILE_MONEY,VALIDE,Facture F-2024-94258
2438,2024-11-24,37,2,2159.13,VIREMENT,VALIDE,Facture F-2024-25118
2439,2024-11-24,52,3,225.21,MOBILE_MONEY,VALIDE,Facture F-2024-08727
2440,2024-11-24,NULL,6,3159.37,MOBILE_MONEY,VALIDE,Dépense Salaires et charges sociales
2441,2024-11-24,NULL,11,588.13,VIREMENT,VALIDE,Dépense Transport et logistique
2442,2024-11-24,NULL,10,1881.74,ESPECES,VALIDE,Dépense Énergie et eau
2443,2024-11-25,63,1,5469.10,VIREMENT,VALIDE,Facture F-2024-64496
2444,2024-11-25,54,4,1035.11,VIREMENT,VALIDE,Facture F-2024-63486
2445,2024-11-25,3,5,598.54,CHEQUE,VALIDE,Facture F-2024-34493
2446,2024-11-25,12,3,263.93,VIREMENT,VALIDE,Facture F-2024-79512
2447,2024-11-25,26,3,177.88,VIREMENT,VALIDE,Facture F-2024-34413
2448,2024-11-25,63,2,1408.70,CHEQUE,EN_ATTENTE,Facture F-2024-59280
2449,2024-11-25,13,4,792.85,VIREMENT,VALIDE,Facture F-2024-77953
2450,2024-11-25,NULL,14,858.48,CARTE,VALIDE,Dépense Informatique et logiciels
2451,2024-11-25,NULL,13,1065.57,CARTE,EN_ATTENTE,Dépense Impôts et taxes
2452,2024-11-25,NULL,8,778.92,VIREMENT,VALIDE,Dépense Marketing et publicité
2453,2024-11-26,7,1,1463.61,MOBILE_MONEY,VALIDE,Facture F-2024-72739
2454,2024-11-26,10,5,492.44,CARTE,VALIDE,Facture F-2024-21417
2455,2024-11-26,57,3,374.60,CHEQUE,VALIDE,Facture F-2024-96488
2456,2024-11-26,10,3,264.63,ESPECES,VALIDE,Facture F-2024-84520
2457,2024-11-26,31,4,773.94,ESPECES,EN_ATTENTE,Facture F-2024-02179
2458,2024-11-26,NULL,6,17884.95,CARTE,VALIDE,Dépense Salaires et charges sociales
2459,2024-11-26,NULL,10,111.24,MOBILE_MONEY,VALIDE,Dépense Énergie et eau
2460,2024-11-26,NULL,11,2069.67,VIREMENT,VALIDE,Dépense Transport et logistique
2461,2024-11-26,NULL,10,327.09,MOBILE_MONEY,VALIDE,Dépense Énergie et eau
2462,2024-11-27,18,3,422.75,CARTE,VALIDE,Facture F-2024-89066
2463,2024-11-27,27,1,5918.73,CHEQUE,VALIDE,Facture F-2024-25141
2464,2024-11-27,37,5,596.26,CHEQUE,VALIDE,Facture F-2024-08212
2465,2024-11-27,24,3,150.53,VIREMENT,VALIDE,Facture F-2024-21580
2466,2024-11-27,NULL,10,1624.14,MOBILE_MONEY,VALIDE,Dépense Énergie et eau
2467,2024-11-27,NULL,13,4697.16,ESPECES,VALIDE,Dépense Impôts et taxes
2468,2024-11-28,8,1,3484.74,MOBILE_MONEY,VALIDE,Facture F-2024-45968
2469,2024-11-28,60,4,771.69,CHEQUE,VALIDE,Facture F-2024-78673
2470,2024-11-28,30,5,756.99,ESPECES,VALIDE,Facture F-2024-41080
2471,2024-11-28,NULL,8,1474.36,MOBILE_MONEY,VALIDE,Dépense Marketing et publicité
2472,2024-11-29,57,2,628.73,MOBILE_MONEY,VALIDE,Facture F-2024-59082
2473,2024-11-29,54,3,270.02,MOBILE_MONEY,EN_ATTENTE,Facture F-2024-91242
2474,2024-11-29,20,3,153.69,CARTE,VALIDE,Facture F-2024-71880
2475,2024-11-29,18,2,1137.61,CARTE,EN_ATTENTE,Facture F-2024-43404
2476,2024-11-29,7,5,1305.51,VIREMENT,VALIDE,Facture F-2024-55719
2477,2024-11-29,NULL,11,1187.22,ESPECES,VALIDE,Dépense Transport et logistique
2478,2024-11-29,NULL,14,3410.81,ESPECES,VALIDE,Dépense Informatique et logiciels
2479,2024-11-29,NULL,13,4260.98,ESPECES,VALIDE,Dépense Impôts et taxes
2480,2024-11-29,NULL,10,1892.15,VIREMENT,VALIDE,Dépense Énergie et eau
2481,2024-11-30,25,1,4692.93,ESPECES,VALIDE,Facture F-2024-68659
2482,2024-11-30,49,5,1312.50,CARTE,VALIDE,Facture F-2024-66412
2483,2024-11-30,12,3,289.37,ESPECES,VALIDE,Facture F-2024-33752
2484,2024-11-30,19,5,1293.26,CHEQUE,VALIDE,Facture F-2024-52676
2485,2024-11-30,2,2,477.69,MOBILE_MONEY,VALIDE,Facture F-2024-15035
2486,2024-11-30,NULL,6,18915.53,MOBILE_MONEY,VALIDE,Dépense Salaires et charges sociales
2487,2024-12-01,20,2,1147.49,CHEQUE,VALIDE,Facture F-2024-46932
2488,2024-12-01,31,5,779.31,CHEQUE,VALIDE,Facture F-2024-95553
2489,2024-12-01,52,5,482.62,ESPECES,VALIDE,Facture F-2024-34291
2490,2024-12-01,NULL,15,665.38,VIREMENT,VALIDE,Dépense Intérêts et frais bancaires
2491,2024-12-01,NULL,9,1782.84,ESPECES,VALIDE,Dépense Fournitures et consommables
2492,2024-12-01,NULL,8,2826.53,ESPECES,VALIDE,Dépense Marketing et publicité
2493,2024-12-02,44,2,1331.65,CARTE,VALIDE,Facture F-2024-68830
2494,2024-12-02,23,1,3683.78,CHEQUE,VALIDE,Facture F-2024-26841
2495,2024-12-02,57,5,983.91,ESPECES,VALIDE,Facture F-2024-52646
2496,2024-12-02,25,3,93.28,MOBILE_MONEY,VALIDE,Facture F-2024-99871
2497,2024-12-02,24,4,973.29,MOBILE_MONEY,VALIDE,Facture F-2024-51869
2498,2024-12-02,62,5,326.20,CARTE,VALIDE,Facture F-2024-76762
2499,2024-12-02,NULL,13,5006.16,MOBILE_MONEY,VALIDE,Dépense Impôts et taxes
2500,2024-12-02,NULL,12,1719.25,ESPECES,VALIDE,Dépense Assurances
2501,2024-12-02,NULL,10,1185.58,CARTE,VALIDE,Dépense Énergie et eau
2502,2024-12-03,55,2,282.15,ESPECES,VALIDE,Facture F-2024-33020
2503,2024-12-03,23,3,149.47,CARTE,VALIDE,Facture F-2024-47352
2504,2024-12-03,19,4,429.45,MOBILE_MONEY,VALIDE,Facture F-2024-82209
2505,2024-12-03,NULL,11,2474.25,MOBILE_MONEY,VALIDE,Dépense Transport et logistique
2506,2024-12-03,NULL,11,3504.88,CARTE,VALIDE,Dépense Transport et logistique
2507,2024-12-04,48,4,1000.11,MOBILE_MONEY,EN_ATTENTE,Facture F-2024-30572
2508,2024-12-04,27,2,713.51,ESPECES,VALIDE,Facture F-2024-96625
2509,2024-12-04,63,5,1385.09,ESPECES,VALIDE,Facture F-2024-97188
2510,2024-12-04,NULL,12,2491.14,VIREMENT,VALIDE,Dépense Assurances
2511,2024-12-05,21,5,1288.89,CARTE,VALIDE,Facture F-2024-29531
2512,2024-12-05,29,4,367.37,CARTE,VALIDE,Facture F-2024-45517
2513,2024-12-05,51,1,5936.65,ESPECES,VALIDE,Facture F-2024-68887
2514,2024-12-05,NULL,11,4810.50,ESPECES,VALIDE,Dépense Transport et logistique
2515,2024-12-05,NULL,7,4380.63,ESPECES,EN_ATTENTE,Dépense Loyers et immobilier
2516,2024-12-05,NULL,12,634.43,ESPECES,VALIDE,Dépense Assurances
2517,2024-12-05,NULL,11,4408.71,VIREMENT,VALIDE,Dépense Transport et logistique
2518,2024-12-06,48,4,924.56,CHEQUE,VALIDE,Facture F-2024-13213
2519,2024-12-06,44,5,1417.35,CARTE,VALIDE,Facture F-2024-52255
2520,2024-12-06,43,5,1209.20,MOBILE_MONEY,VALIDE,Facture F-2024-15756
2521,2024-12-06,59,2,1548.39,CARTE,VALIDE,Facture F-2024-38769
2522,2024-12-06,21,5,1330.01,CARTE,VALIDE,Facture F-2024-21758
2523,2024-12-06,52,3,248.60,VIREMENT,VALIDE,Facture F-2024-12771
2524,2024-12-06,10,1,3328.96,MOBILE_MONEY,VALIDE,Facture F-2024-22560
2525,2024-12-06,NULL,13,1002.95,ESPECES,VALIDE,Dépense Impôts et taxes
2526,2024-12-06,NULL,11,3587.47,VIREMENT,VALIDE,Dépense Transport et logistique
2527,2024-12-07,3,1,1420.38,CARTE,VALIDE,Facture F-2024-67209
2528,2024-12-07,65,4,373.23,CHEQUE,VALIDE,Facture F-2024-95263
2529,2024-12-07,19,4,711.61,VIREMENT,VALIDE,Facture F-2024-81493
2530,2024-12-07,53,3,331.39,CARTE,VALIDE,Facture F-2024-45684
2531,2024-12-07,61,3,172.25,MOBILE_MONEY,VALIDE,Facture F-2024-62412
2532,2024-12-07,NULL,15,549.52,ESPECES,VALIDE,Dépense Intérêts et frais bancaires
2533,2024-12-07,NULL,12,208.73,MOBILE_MONEY,VALIDE,Dépense Assurances
2534,2024-12-07,NULL,11,3842.15,CARTE,EN_ATTENTE,Dépense Transport et logistique
2535,2024-12-07,NULL,12,2639.16,CARTE,VALIDE,Dépense Assurances
2536,2024-12-08,28,5,860.88,CHEQUE,VALIDE,Facture F-2024-66200
2537,2024-12-08,39,3,207.48,CHEQUE,VALIDE,Facture F-2024-56684
2538,2024-12-08,10,5,1249.13,CARTE,VALIDE,Facture F-2024-90176
2539,2024-12-08,NULL,8,5033.39,CARTE,VALIDE,Dépense Marketing et publicité
2540,2024-12-08,NULL,15,498.70,CARTE,VALIDE,Dépense Intérêts et frais bancaires
2541,2024-12-08,NULL,15,620.05,VIREMENT,VALIDE,Dépense Intérêts et frais bancaires
2542,2024-12-09,30,5,819.14,MOBILE_MONEY,VALIDE,Facture F-2024-96172
2543,2024-12-09,47,1,1841.72,ESPECES,VALIDE,Facture F-2024-12430
2544,2024-12-09,27,3,281.20,ESPECES,VALIDE,Facture F-2024-97228
2545,2024-12-09,43,4,327.15,CHEQUE,VALIDE,Facture F-2024-63612
2546,2024-12-09,NULL,7,3365.47,CARTE,VALIDE,Dépense Loyers et immobilier
2547,2024-12-09,NULL,15,812.25,MOBILE_MONEY,EN_ATTENTE,Dépense Intérêts et frais bancaires
2548,2024-12-10,53,3,289.44,VIREMENT,VALIDE,Facture F-2024-71801
2549,2024-12-10,8,5,335.33,CHEQUE,VALIDE,Facture F-2024-23973
2550,2024-12-10,48,2,1820.76,MOBILE_MONEY,VALIDE,Facture F-2024-45984
2551,2024-12-10,49,2,331.99,CARTE,VALIDE,Facture F-2024-64934
2552,2024-12-10,22,4,872.31,CHEQUE,VALIDE,Facture F-2024-62907
2553,2024-12-10,4,2,387.43,CARTE,VALIDE,Facture F-2024-68733
2554,2024-12-10,NULL,10,1073.02,CARTE,VALIDE,Dépense Énergie et eau
2555,2024-12-10,NULL,14,2928.81,CARTE,VALIDE,Dépense Informatique et logiciels
2556,2024-12-10,NULL,11,1231.04,CARTE,VALIDE,Dépense Transport et logistique
2557,2024-12-10,NULL,8,5707.68,CARTE,VALIDE,Dépense Marketing et publicité
2558,2024-12-11,49,1,2875.05,CARTE,VALIDE,Facture F-2024-56986
2559,2024-12-11,42,2,957.19,MOBILE_MONEY,VALIDE,Facture F-2024-20029
2560,2024-12-11,58,2,1276.36,ESPECES,VALIDE,Facture F-2024-58700
2561,2024-12-11,14,5,392.36,ESPECES,VALIDE,Facture F-2024-01047
2562,2024-12-11,NULL,12,1997.97,MOBILE_MONEY,VALIDE,Dépense Assurances
2563,2024-12-12,22,1,3307.16,CHEQUE,VALIDE,Facture F-2024-81554
2564,2024-12-12,50,5,672.66,CARTE,VALIDE,Facture F-2024-17779
2565,2024-12-12,36,3,247.68,MOBILE_MONEY,VALIDE,Facture F-2024-75403
2566,2024-12-12,NULL,11,441.31,MOBILE_MONEY,VALIDE,Dépense Transport et logistique
2567,2024-12-12,NULL,6,12384.88,MOBILE_MONEY,VALIDE,Dépense Salaires et charges sociales
2568,2024-12-12,NULL,6,2928.43,ESPECES,VALIDE,Dépense Salaires et charges sociales
2569,2024-12-13,47,3,391.55,VIREMENT,VALIDE,Facture F-2024-15683
2570,2024-12-13,38,2,747.93,CARTE,VALIDE,Facture F-2024-47585
2571,2024-12-13,15,2,482.44,MOBILE_MONEY,VALIDE,Facture F-2024-13145
2572,2024-12-13,10,2,1838.31,MOBILE_MONEY,VALIDE,Facture F-2024-55893
2573,2024-12-13,36,5,540.75,CARTE,VALIDE,Facture F-2024-16562
2574,2024-12-13,18,5,865.20,CARTE,VALIDE,Facture F-2024-91082
2575,2024-12-13,60,5,1264.89,CHEQUE,VALIDE,Facture F-2024-95480
2576,2024-12-13,NULL,6,5608.06,MOBILE_MONEY,VALIDE,Dépense Salaires et charges sociales
2577,2024-12-13,NULL,13,4458.75,VIREMENT,VALIDE,Dépense Impôts et taxes
2578,2024-12-14,41,4,954.54,CARTE,EN_ATTENTE,Facture F-2024-19845
2579,2024-12-14,30,5,1339.08,VIREMENT,VALIDE,Facture F-2024-11081
2580,2024-12-14,48,5,553.86,MOBILE_MONEY,VALIDE,Facture F-2024-53972
2581,2024-12-14,58,5,1175.17,MOBILE_MONEY,VALIDE,Facture F-2024-62122
2582,2024-12-14,6,4,251.17,CHEQUE,VALIDE,Facture F-2024-00233
2583,2024-12-14,16,1,1045.10,VIREMENT,VALIDE,Facture F-2024-76205
2584,2024-12-14,17,2,941.91,CARTE,VALIDE,Facture F-2024-70859
2585,2024-12-14,NULL,6,14063.79,VIREMENT,VALIDE,Dépense Salaires et charges sociales
2586,2024-12-15,33,1,545.39,MOBILE_MONEY,EN_ATTENTE,Facture F-2024-04142
2587,2024-12-15,8,1,3304.10,VIREMENT,VALIDE,Facture F-2024-06425
2588,2024-12-15,32,3,372.89,ESPECES,VALIDE,Facture F-2024-65174
2589,2024-12-15,45,4,443.84,VIREMENT,VALIDE,Facture F-2024-31318
2590,2024-12-15,16,5,1110.62,CARTE,VALIDE,Facture F-2024-97252
2591,2024-12-15,NULL,12,2314.62,VIREMENT,VALIDE,Dépense Assurances
2592,2024-12-16,62,3,193.79,MOBILE_MONEY,VALIDE,Facture F-2024-63040
2593,2024-12-16,61,1,1784.12,CHEQUE,VALIDE,Facture F-2024-28439
2594,2024-12-16,29,3,368.91,VIREMENT,VALIDE,Facture F-2024-42748
2595,2024-12-16,55,5,1153.48,VIREMENT,VALIDE,Facture F-2024-48410
2596,2024-12-16,20,2,1141.16,MOBILE_MONEY,VALIDE,Facture F-2024-54411
2597,2024-12-16,22,5,1145.84,ESPECES,VALIDE,Facture F-2024-15143
2598,2024-12-16,56,4,480.79,CARTE,VALIDE,Facture F-2024-72745
2599,2024-12-16,NULL,9,1014.43,ESPECES,VALIDE,Dépense Fournitures et consommables
2600,2024-12-16,NULL,15,204.53,CARTE,VALIDE,Dépense Intérêts et frais bancaires
2601,2024-12-16,NULL,11,3108.20,CARTE,VALIDE,Dépense Transport et logistique
2602,2024-12-17,36,1,1838.19,VIREMENT,VALIDE,Facture F-2024-04565
2603,2024-12-17,2,5,1082.78,CHEQUE,VALIDE,Facture F-2024-08779
2604,2024-12-17,42,3,224.17,VIREMENT,VALIDE,Facture F-2024-15450
2605,2024-12-17,28,2,201.44,MOBILE_MONEY,VALIDE,Facture F-2024-59838
2606,2024-12-17,57,2,921.30,CHEQUE,VALIDE,Facture F-2024-92562
2607,2024-12-17,NULL,15,29.10,CARTE,VALIDE,Dépense Intérêts et frais bancaires
2608,2024-12-17,NULL,11,5866.03,MOBILE_MONEY,VALIDE,Dépense Transport et logistique
2609,2024-12-17,NULL,9,1117.49,VIREMENT,VALIDE,Dépense Fournitures et consommables
2610,2024-12-18,4,2,810.72,CHEQUE,VALIDE,Facture F-2024-62365
2611,2024-12-18,41,4,208.23,CHEQUE,VALIDE,Facture F-2024-48374
2612,2024-12-18,23,5,1331.68,MOBILE_MONEY,VALIDE,Facture F-2024-50007
2613,2024-12-18,16,2,431.34,VIREMENT,VALIDE,Facture F-2024-51253
2614,2024-12-18,NULL,6,2935.85,MOBILE_MONEY,VALIDE,Dépense Salaires et charges sociales
2615,2024-12-18,NULL,14,825.28,MOBILE_MONEY,VALIDE,Dépense Informatique et logiciels
2616,2024-12-19,49,2,203.28,MOBILE_MONEY,VALIDE,Facture F-2024-44989
2617,2024-12-19,46,4,853.76,CHEQUE,VALIDE,Facture F-2024-95074
2618,2024-12-19,41,2,599.64,VIREMENT,VALIDE,Facture F-2024-11779
2619,2024-12-19,56,4,557.34,VIREMENT,VALIDE,Facture F-2024-00150
2620,2024-12-19,61,4,468.83,VIREMENT,VALIDE,Facture F-2024-22699
2621,2024-12-19,1,4,1019.87,CHEQUE,VALIDE,Facture F-2024-48413
2622,2024-12-19,48,1,4499.71,ESPECES,VALIDE,Facture F-2024-65162
2623,2024-12-19,49,2,1579.51,VIREMENT,VALIDE,Facture F-2024-77702
2624,2024-12-19,NULL,8,965.70,MOBILE_MONEY,VALIDE,Dépense Marketing et publicité
2625,2024-12-20,17,1,2202.10,ESPECES,VALIDE,Facture F-2024-54445
2626,2024-12-20,14,4,934.87,VIREMENT,EN_ATTENTE,Facture F-2024-30180
2627,2024-12-20,20,2,1757.64,MOBILE_MONEY,VALIDE,Facture F-2024-90345
2628,2024-12-20,34,1,3813.67,ESPECES,VALIDE,Facture F-2024-66214
2629,2024-12-20,27,5,778.08,MOBILE_MONEY,VALIDE,Facture F-2024-98507
2630,2024-12-20,50,5,1474.76,VIREMENT,VALIDE,Facture F-2024-27337
2631,2024-12-20,NULL,8,3443.64,VIREMENT,EN_ATTENTE,Dépense Marketing et publicité
2632,2024-12-21,10,5,631.50,MOBILE_MONEY,VALIDE,Facture F-2024-25928
2633,2024-12-21,62,5,1351.43,VIREMENT,EN_ATTENTE,Facture F-2024-01636
2634,2024-12-21,61,4,489.26,CARTE,VALIDE,Facture F-2024-52959
2635,2024-12-21,11,3,105.17,MOBILE_MONEY,VALIDE,Facture F-2024-64328
2636,2024-12-21,8,1,4462.23,MOBILE_MONEY,VALIDE,Facture F-2024-57042
2637,2024-12-21,55,1,6550.03,ESPECES,VALIDE,Facture F-2024-41558
2638,2024-12-21,1,5,919.07,VIREMENT,EN_ATTENTE,Facture F-2024-85840
2639,2024-12-21,9,1,1925.97,MOBILE_MONEY,VALIDE,Facture F-2024-76805
2640,2024-12-21,NULL,10,684.26,CARTE,VALIDE,Dépense Énergie et eau
2641,2024-12-22,8,1,1251.72,ESPECES,VALIDE,Facture F-2024-89121
2642,2024-12-22,52,3,238.49,ESPECES,VALIDE,Facture F-2024-62210
2643,2024-12-22,10,2,461.32,MOBILE_MONEY,VALIDE,Facture F-2024-30981
2644,2024-12-22,64,3,97.79,VIREMENT,VALIDE,Facture F-2024-82027
2645,2024-12-22,NULL,7,1293.07,ESPECES,VALIDE,Dépense Loyers et immobilier
2646,2024-12-22,NULL,15,372.98,MOBILE_MONEY,VALIDE,Dépense Intérêts et frais bancaires
2647,2024-12-22,NULL,11,3041.46,MOBILE_MONEY,VALIDE,Dépense Transport et logistique
2648,2024-12-23,15,4,535.01,CHEQUE,VALIDE,Facture F-2024-21576
2649,2024-12-23,31,4,651.81,CHEQUE,VALIDE,Facture F-2024-64395
2650,2024-12-23,25,2,358.39,VIREMENT,VALIDE,Facture F-2024-27374
2651,2024-12-23,52,3,196.95,CARTE,VALIDE,Facture F-2024-13566
2652,2024-12-23,65,4,1154.43,VIREMENT,VALIDE,Facture F-2024-45235
2653,2024-12-23,38,1,2696.73,CARTE,VALIDE,Facture F-2024-60392
2654,2024-12-23,NULL,15,409.89,VIREMENT,VALIDE,Dépense Intérêts et frais bancaires
2655,2024-12-23,NULL,14,2133.09,VIREMENT,VALIDE,Dépense Informatique et logiciels
2656,2024-12-24,7,3,365.64,MOBILE_MONEY,VALIDE,Facture F-2024-06889
2657,2024-12-24,39,4,899.59,ESPECES,VALIDE,Facture F-2024-19760
2658,2024-12-24,48,4,859.91,ESPECES,VALIDE,Facture F-2024-62077
2659,2024-12-24,52,4,969.58,VIREMENT,VALIDE,Facture F-2024-89722
2660,2024-12-24,NULL,12,330.05,MOBILE_MONEY,VALIDE,Dépense Assurances
2661,2024-12-25,46,3,369.37,CHEQUE,VALIDE,Facture F-2024-17184
2662,2024-12-25,37,2,590.29,MOBILE_MONEY,VALIDE,Facture F-2024-59478
2663,2024-12-25,33,1,2897.65,CHEQUE,VALIDE,Facture F-2024-74097
2664,2024-12-25,NULL,7,3756.51,ESPECES,VALIDE,Dépense Loyers et immobilier
2665,2024-12-25,NULL,11,3810.90,ESPECES,VALIDE,Dépense Transport et logistique
2666,2024-12-25,NULL,6,13621.70,ESPECES,VALIDE,Dépense Salaires et charges sociales
2667,2024-12-26,62,1,1673.10,ESPECES,EN_ATTENTE,Facture F-2024-09258
2668,2024-12-26,11,2,2062.38,VIREMENT,VALIDE,Facture F-2024-65545
2669,2024-12-26,32,2,1345.13,CARTE,VALIDE,Facture F-2024-76253
2670,2024-12-26,11,3,181.89,CHEQUE,VALIDE,Facture F-2024-36920
2671,2024-12-26,18,3,430.51,MOBILE_MONEY,VALIDE,Facture F-2024-32058
2672,2024-12-26,NULL,6,13316.90,ESPECES,VALIDE,Dépense Salaires et charges sociales
2673,2024-12-27,40,2,493.61,CARTE,VALIDE,Facture F-2024-58240
2674,2024-12-27,15,1,4029.68,CHEQUE,VALIDE,Facture F-2024-53442
2675,2024-12-27,36,5,559.96,MOBILE_MONEY,VALIDE,Facture F-2024-53455
2676,2024-12-27,16,5,667.49,VIREMENT,EN_ATTENTE,Facture F-2024-04845
2677,2024-12-27,5,1,1908.86,ESPECES,VALIDE,Facture F-2024-63333
2678,2024-12-27,3,4,1005.95,CARTE,VALIDE,Facture F-2024-17852
2679,2024-12-27,20,4,365.50,CARTE,VALIDE,Facture F-2024-33734
2680,2024-12-27,8,3,183.65,ESPECES,VALIDE,Facture F-2024-59065
2681,2024-12-27,NULL,12,435.37,CARTE,VALIDE,Dépense Assurances
2682,2024-12-28,42,1,5705.73,CHEQUE,VALIDE,Facture F-2024-43284
2683,2024-12-28,5,1,2462.80,VIREMENT,VALIDE,Facture F-2024-97295
2684,2024-12-28,NULL,14,1499.44,VIREMENT,VALIDE,Dépense Informatique et logiciels
2685,2024-12-28,NULL,7,2941.36,MOBILE_MONEY,VALIDE,Dépense Loyers et immobilier
2686,2024-12-28,NULL,9,798.69,ESPECES,VALIDE,Dépense Fournitures et consommables
2687,2024-12-29,48,5,385.98,ESPECES,VALIDE,Facture F-2024-20756
2688,2024-12-29,53,5,731.54,CHEQUE,VALIDE,Facture F-2024-22551
2689,2024-12-29,32,4,736.57,ESPECES,VALIDE,Facture F-2024-68181
2690,2024-12-29,30,5,959.12,CARTE,VALIDE,Facture F-2024-62446
2691,2024-12-29,NULL,13,1159.03,MOBILE_MONEY,VALIDE,Dépense Impôts et taxes
2692,2024-12-29,NULL,12,2841.43,VIREMENT,VALIDE,Dépense Assurances
2693,2024-12-29,NULL,14,1316.49,ESPECES,VALIDE,Dépense Informatique et logiciels
2694,2024-12-30,16,2,759.00,MOBILE_MONEY,VALIDE,Facture F-2024-04680
2695,2024-12-30,62,4,1045.59,ESPECES,VALIDE,Facture F-2024-34707
2696,2024-12-30,58,3,304.68,CHEQUE,VALIDE,Facture F-2024-29234
2697,2024-12-30,63,4,719.23,CHEQUE,VALIDE,Facture F-2024-37525
2698,2024-12-30,38,5,394.99,VIREMENT,VALIDE,Facture F-2024-90780
2699,2024-12-30,NULL,15,792.74,MOBILE_MONEY,VALIDE,Dépense Intérêts et frais bancaires
2700,2024-12-30,NULL,6,17220.53,CARTE,VALIDE,Dépense Salaires et charges sociales
2701,2024-12-30,NULL,11,4923.07,MOBILE_MONEY,EN_ATTENTE,Dépense Transport et logistique
2702,2024-12-30,NULL,14,3441.25,VIREMENT,VALIDE,Dépense Informatique et logiciels
2703,2024-12-31,41,3,306.92,CHEQUE,VALIDE,Facture F-2024-53336
2704,2024-12-31,58,4,511.03,MOBILE_MONEY,VALIDE,Facture F-2024-47251
2705,2024-12-31,11,5,388.63,VIREMENT,VALIDE,Facture F-2024-29007
2706,2024-12-31,8,5,982.49,CHEQUE,VALIDE,Facture F-2024-82153
2707,2024-12-31,4,1,7351.80,MOBILE_MONEY,VALIDE,Facture F-2024-65591
2708,2024-12-31,37,5,387.95,CARTE,VALIDE,Facture F-2024-02916
2709,2024-12-31,22,4,812.30,ESPECES,VALIDE,Facture F-2024-55411
2710,2024-12-31,16,1,4932.27,ESPECES,VALIDE,Facture F-2024-21752
2711,2024-12-31,NULL,9,2285.85,MOBILE_MONEY,VALIDE,Dépense Fournitures et consommables
2712,2025-01-01,51,5,517.47,CARTE,VALIDE,Facture F-2025-55882
2713,2025-01-01,11,4,694.65,ESPECES,VALIDE,Facture F-2025-93702
2714,2025-01-01,24,2,360.63,ESPECES,VALIDE,Facture F-2025-35283
2715,2025-01-01,58,2,660.67,CHEQUE,VALIDE,Facture F-2025-83259
2716,2025-01-01,53,3,318.55,ESPECES,VALIDE,Facture F-2025-35280
2717,2025-01-01,20,1,2663.70,CARTE,VALIDE,Facture F-2025-35790
2718,2025-01-01,NULL,14,3064.61,ESPECES,VALIDE,Dépense Informatique et logiciels
2719,2025-01-02,45,3,143.43,CHEQUE,VALIDE,Facture F-2025-78543
2720,2025-01-02,26,2,2071.32,MOBILE_MONEY,VALIDE,Facture F-2025-36880
2721,2025-01-02,28,5,774.65,CARTE,VALIDE,Facture F-2025-33901
2722,2025-01-02,62,5,1229.92,MOBILE_MONEY,VALIDE,Facture F-2025-82695
2723,2025-01-02,46,4,795.79,ESPECES,VALIDE,Facture F-2025-89957
2724,2025-01-02,50,3,175.49,ESPECES,VALIDE,Facture F-2025-42694
2725,2025-01-02,NULL,8,1375.95,ESPECES,VALIDE,Dépense Marketing et publicité
2726,2025-01-02,NULL,7,951.90,MOBILE_MONEY,VALIDE,Dépense Loyers et immobilier
2727,2025-01-02,NULL,8,2574.46,MOBILE_MONEY,VALIDE,Dépense Marketing et publicité
2728,2025-01-03,37,2,1881.28,VIREMENT,VALIDE,Facture F-2025-27677
2729,2025-01-03,56,2,766.90,CARTE,VALIDE,Facture F-2025-98491
2730,2025-01-03,41,2,488.18,CHEQUE,VALIDE,Facture F-2025-94804
2731,2025-01-03,55,5,789.87,CARTE,EN_ATTENTE,Facture F-2025-35105
2732,2025-01-03,54,3,193.35,MOBILE_MONEY,VALIDE,Facture F-2025-02732
2733,2025-01-03,NULL,6,6264.01,ESPECES,EN_ATTENTE,Dépense Salaires et charges sociales
2734,2025-01-03,NULL,9,1346.73,VIREMENT,VALIDE,Dépense Fournitures et consommables
2735,2025-01-04,39,3,185.69,ESPECES,VALIDE,Facture F-2025-19997
2736,2025-01-04,62,1,3214.03,CARTE,VALIDE,Facture F-2025-92175
2737,2025-01-04,1,4,952.61,ESPECES,VALIDE,Facture F-2025-05575
2738,2025-01-04,NULL,10,227.08,ESPECES,VALIDE,Dépense Énergie et eau
2739,2025-01-04,NULL,7,3671.67,VIREMENT,VALIDE,Dépense Loyers et immobilier
2740,2025-01-05,27,4,245.38,MOBILE_MONEY,VALIDE,Facture F-2025-19718
2741,2025-01-05,54,2,775.37,CHEQUE,VALIDE,Facture F-2025-72280
2742,2025-01-05,35,3,67.30,CHEQUE,VALIDE,Facture F-2025-84473
2743,2025-01-05,27,2,1991.91,ESPECES,VALIDE,Facture F-2025-78688
2744,2025-01-05,19,2,1073.30,CARTE,VALIDE,Facture F-2025-42765
2745,2025-01-05,8,1,2821.34,ESPECES,VALIDE,Facture F-2025-15575
2746,2025-01-05,45,5,1405.78,VIREMENT,VALIDE,Facture F-2025-45010
2747,2025-01-05,13,4,1068.68,VIREMENT,VALIDE,Facture F-2025-36546
2748,2025-01-05,NULL,15,134.90,ESPECES,VALIDE,Dépense Intérêts et frais bancaires
2749,2025-01-05,NULL,11,5704.71,MOBILE_MONEY,EN_ATTENTE,Dépense Transport et logistique
2750,2025-01-05,NULL,9,1628.87,CARTE,VALIDE,Dépense Fournitures et consommables
2751,2025-01-05,NULL,10,1218.70,VIREMENT,VALIDE,Dépense Énergie et eau
2752,2025-01-06,9,2,2055.96,ESPECES,VALIDE,Facture F-2025-26791
2753,2025-01-06,1,4,949.85,CARTE,VALIDE,Facture F-2025-60887
2754,2025-01-06,NULL,6,2624.28,CARTE,VALIDE,Dépense Salaires et charges sociales
2755,2025-01-06,NULL,9,2405.67,ESPECES,VALIDE,Dépense Fournitures et consommables
2756,2025-01-06,NULL,12,1714.70,CARTE,VALIDE,Dépense Assurances
2757,2025-01-07,25,5,862.64,ESPECES,VALIDE,Facture F-2025-52716
2758,2025-01-07,61,5,1407.59,ESPECES,VALIDE,Facture F-2025-75675
2759,2025-01-07,37,5,1374.84,CARTE,VALIDE,Facture F-2025-14091
2760,2025-01-07,49,1,4693.01,VIREMENT,VALIDE,Facture F-2025-31017
2761,2025-01-07,6,2,1852.37,CHEQUE,VALIDE,Facture F-2025-00606
2762,2025-01-07,NULL,12,1292.74,VIREMENT,VALIDE,Dépense Assurances
2763,2025-01-07,NULL,8,6435.38,VIREMENT,VALIDE,Dépense Marketing et publicité
2764,2025-01-07,NULL,6,9033.37,CARTE,VALIDE,Dépense Salaires et charges sociales
2765,2025-01-08,62,3,427.78,ESPECES,VALIDE,Facture F-2025-80591
2766,2025-01-08,63,1,4416.43,CHEQUE,VALIDE,Facture F-2025-12954
2767,2025-01-08,56,4,536.37,ESPECES,VALIDE,Facture F-2025-41266
2768,2025-01-08,59,5,1495.37,ESPECES,VALIDE,Facture F-2025-28602
2769,2025-01-08,4,4,1114.64,CARTE,VALIDE,Facture F-2025-22508
2770,2025-01-08,15,4,953.50,CARTE,VALIDE,Facture F-2025-08983
2771,2025-01-08,NULL,15,108.77,ESPECES,VALIDE,Dépense Intérêts et frais bancaires
2772,2025-01-08,NULL,11,3592.09,MOBILE_MONEY,VALIDE,Dépense Transport et logistique
2773,2025-01-08,NULL,13,1287.40,CARTE,VALIDE,Dépense Impôts et taxes
2774,2025-01-08,NULL,11,2420.91,VIREMENT,VALIDE,Dépense Transport et logistique
2775,2025-01-09,58,3,106.52,CHEQUE,VALIDE,Facture F-2025-16457
2776,2025-01-09,57,4,520.92,VIREMENT,VALIDE,Facture F-2025-00792
2777,2025-01-09,48,2,1359.94,CHEQUE,VALIDE,Facture F-2025-30879
2778,2025-01-09,3,5,551.63,VIREMENT,VALIDE,Facture F-2025-04471
2779,2025-01-09,27,5,677.84,CHEQUE,VALIDE,Facture F-2025-49110
2780,2025-01-09,NULL,6,17830.31,VIREMENT,VALIDE,Dépense Salaires et charges sociales
2781,2025-01-09,NULL,12,1564.69,MOBILE_MONEY,VALIDE,Dépense Assurances
2782,2025-01-09,NULL,7,623.87,MOBILE_MONEY,VALIDE,Dépense Loyers et immobilier
2783,2025-01-10,3,5,840.97,ESPECES,VALIDE,Facture F-2025-59559
2784,2025-01-10,45,2,1338.86,VIREMENT,VALIDE,Facture F-2025-89114
2785,2025-01-10,33,1,3364.16,ESPECES,VALIDE,Facture F-2025-99261
2786,2025-01-10,49,5,1398.49,CHEQUE,VALIDE,Facture F-2025-51432
2787,2025-01-10,55,2,909.67,CARTE,VALIDE,Facture F-2025-72335
2788,2025-01-10,27,1,5555.82,MOBILE_MONEY,VALIDE,Facture F-2025-24006
2789,2025-01-10,35,3,163.31,CARTE,VALIDE,Facture F-2025-88315
2790,2025-01-10,48,5,342.36,MOBILE_MONEY,VALIDE,Facture F-2025-54673
2791,2025-01-10,NULL,9,904.65,CARTE,VALIDE,Dépense Fournitures et consommables
2792,2025-01-10,NULL,15,126.98,CARTE,EN_ATTENTE,Dépense Intérêts et frais bancaires
2793,2025-01-10,NULL,12,616.77,CARTE,VALIDE,Dépense Assurances
2794,2025-01-10,NULL,14,2782.43,ESPECES,VALIDE,Dépense Informatique et logiciels
2795,2025-01-11,22,5,1079.50,ESPECES,VALIDE,Facture F-2025-77188
2796,2025-01-11,4,2,1124.77,CARTE,VALIDE,Facture F-2025-80708
2797,2025-01-11,33,3,362.03,ESPECES,VALIDE,Facture F-2025-42159
2798,2025-01-11,5,2,1244.31,ESPECES,VALIDE,Facture F-2025-35960
2799,2025-01-11,5,4,650.01,CHEQUE,VALIDE,Facture F-2025-79774
2800,2025-01-11,12,1,4286.85,CARTE,VALIDE,Facture F-2025-93735
2801,2025-01-11,NULL,11,1700.38,ESPECES,VALIDE,Dépense Transport et logistique
2802,2025-01-11,NULL,13,3536.99,CARTE,VALIDE,Dépense Impôts et taxes
2803,2025-01-12,44,4,708.67,VIREMENT,VALIDE,Facture F-2025-97050
2804,2025-01-12,46,2,1320.13,MOBILE_MONEY,VALIDE,Facture F-2025-81974
2805,2025-01-12,1,2,534.55,ESPECES,VALIDE,Facture F-2025-64254
2806,2025-01-12,27,3,293.71,CARTE,VALIDE,Facture F-2025-81504
2807,2025-01-12,2,5,850.53,MOBILE_MONEY,VALIDE,Facture F-2025-48613
2808,2025-01-12,17,2,746.33,VIREMENT,VALIDE,Facture F-2025-35212
2809,2025-01-12,55,3,221.76,CHEQUE,VALIDE,Facture F-2025-34658
2810,2025-01-12,NULL,15,175.59,MOBILE_MONEY,VALIDE,Dépense Intérêts et frais bancaires
2811,2025-01-13,54,5,619.73,ESPECES,VALIDE,Facture F-2025-11209
2812,2025-01-13,41,4,948.13,VIREMENT,VALIDE,Facture F-2025-86637
2813,2025-01-13,46,5,1422.40,VIREMENT,VALIDE,Facture F-2025-09151
2814,2025-01-13,33,1,664.03,VIREMENT,VALIDE,Facture F-2025-85203
2815,2025-01-13,NULL,12,943.95,MOBILE_MONEY,VALIDE,Dépense Assurances
2816,2025-01-14,29,2,429.64,VIREMENT,VALIDE,Facture F-2025-85521
2817,2025-01-14,54,1,6832.27,ESPECES,VALIDE,Facture F-2025-95402
2818,2025-01-14,54,5,638.64,CHEQUE,VALIDE,Facture F-2025-27320
2819,2025-01-14,49,5,325.70,VIREMENT,VALIDE,Facture F-2025-15769
2820,2025-01-14,27,4,915.32,MOBILE_MONEY,VALIDE,Facture F-2025-03090
2821,2025-01-14,11,2,247.23,CARTE,EN_ATTENTE,Facture F-2025-66352
2822,2025-01-14,51,1,3284.90,VIREMENT,VALIDE,Facture F-2025-99644
2823,2025-01-14,NULL,8,3728.58,CARTE,VALIDE,Dépense Marketing et publicité
2824,2025-01-15,20,2,1621.22,VIREMENT,VALIDE,Facture F-2025-80671
2825,2025-01-15,50,5,639.75,CHEQUE,VALIDE,Facture F-2025-76844
2826,2025-01-15,57,2,1502.94,CARTE,VALIDE,Facture F-2025-06877
2827,2025-01-15,64,2,491.38,MOBILE_MONEY,VALIDE,Facture F-2025-04173
2828,2025-01-15,62,5,620.00,MOBILE_MONEY,VALIDE,Facture F-2025-79328
2829,2025-01-15,23,2,1617.11,CARTE,VALIDE,Facture F-2025-27782
2830,2025-01-15,9,3,392.15,CHEQUE,VALIDE,Facture F-2025-87199
2831,2025-01-15,NULL,8,4172.36,ESPECES,VALIDE,Dépense Marketing et publicité
2832,2025-01-15,NULL,9,364.80,MOBILE_MONEY,VALIDE,Dépense Fournitures et consommables
2833,2025-01-15,NULL,11,362.50,MOBILE_MONEY,VALIDE,Dépense Transport et logistique
2834,2025-01-16,65,4,261.82,ESPECES,VALIDE,Facture F-2025-35167
2835,2025-01-16,61,2,1169.71,MOBILE_MONEY,VALIDE,Facture F-2025-58065
2836,2025-01-16,25,1,6117.04,VIREMENT,VALIDE,Facture F-2025-47622
2837,2025-01-16,NULL,13,696.65,CARTE,EN_ATTENTE,Dépense Impôts et taxes
2838,2025-01-16,NULL,7,2879.78,CARTE,VALIDE,Dépense Loyers et immobilier
2839,2025-01-16,NULL,11,5232.87,CARTE,VALIDE,Dépense Transport et logistique
2840,2025-01-16,NULL,8,4335.45,CARTE,VALIDE,Dépense Marketing et publicité
2841,2025-01-17,41,1,7289.61,CHEQUE,VALIDE,Facture F-2025-98248
2842,2025-01-17,19,4,652.13,MOBILE_MONEY,VALIDE,Facture F-2025-85752
2843,2025-01-17,15,2,269.98,ESPECES,VALIDE,Facture F-2025-92974
2844,2025-01-17,50,4,869.13,CARTE,VALIDE,Facture F-2025-16150
2845,2025-01-17,10,3,98.95,MOBILE_MONEY,VALIDE,Facture F-2025-34511
2846,2025-01-17,9,3,199.24,VIREMENT,VALIDE,Facture F-2025-10489
2847,2025-01-17,23,5,1454.46,CHEQUE,VALIDE,Facture F-2025-02689
2848,2025-01-17,40,4,1023.67,VIREMENT,VALIDE,Facture F-2025-80328
2849,2025-01-17,NULL,7,1408.29,CARTE,VALIDE,Dépense Loyers et immobilier
2850,2025-01-17,NULL,13,4685.30,MOBILE_MONEY,VALIDE,Dépense Impôts et taxes
2851,2025-01-17,NULL,8,5034.13,CARTE,VALIDE,Dépense Marketing et publicité
2852,2025-01-18,5,4,298.70,VIREMENT,VALIDE,Facture F-2025-46348
2853,2025-01-18,15,2,453.68,ESPECES,VALIDE,Facture F-2025-62445
2854,2025-01-18,16,2,1251.39,CHEQUE,VALIDE,Facture F-2025-01650
2855,2025-01-18,29,3,320.10,CARTE,VALIDE,Facture F-2025-78976
2856,2025-01-18,49,2,380.21,MOBILE_MONEY,VALIDE,Facture F-2025-34665
2857,2025-01-18,24,1,4230.89,ESPECES,VALIDE,Facture F-2025-14219
2858,2025-01-18,NULL,15,87.59,ESPECES,VALIDE,Dépense Intérêts et frais bancaires
2859,2025-01-18,NULL,9,259.41,CARTE,VALIDE,Dépense Fournitures et consommables
2860,2025-01-18,NULL,7,339.20,MOBILE_MONEY,VALIDE,Dépense Loyers et immobilier
2861,2025-01-18,NULL,10,1844.92,CARTE,VALIDE,Dépense Énergie et eau
2862,2025-01-19,38,5,829.47,VIREMENT,VALIDE,Facture F-2025-15860
2863,2025-01-19,32,1,6233.74,CHEQUE,VALIDE,Facture F-2025-69448
2864,2025-01-19,39,4,922.94,VIREMENT,EN_ATTENTE,Facture F-2025-02143
2865,2025-01-19,14,5,880.64,ESPECES,VALIDE,Facture F-2025-15284
2866,2025-01-19,27,2,1971.86,ESPECES,VALIDE,Facture F-2025-27857
2867,2025-01-19,60,1,1226.46,MOBILE_MONEY,VALIDE,Facture F-2025-01807
2868,2025-01-19,45,4,366.77,ESPECES,VALIDE,Facture F-2025-93797
2869,2025-01-19,NULL,14,3470.65,MOBILE_MONEY,VALIDE,Dépense Informatique et logiciels
2870,2025-01-20,49,3,138.85,MOBILE_MONEY,VALIDE,Facture F-2025-81079
2871,2025-01-20,22,4,624.41,CARTE,EN_ATTENTE,Facture F-2025-46986
2872,2025-01-20,28,1,4770.33,VIREMENT,VALIDE,Facture F-2025-30463
2873,2025-01-20,61,1,1743.28,CHEQUE,VALIDE,Facture F-2025-39395
2874,2025-01-20,60,1,3954.69,CARTE,VALIDE,Facture F-2025-59086
2875,2025-01-20,21,3,181.15,ESPECES,VALIDE,Facture F-2025-97755
2876,2025-01-20,24,5,529.95,MOBILE_MONEY,VALIDE,Facture F-2025-02491
2877,2025-01-20,NULL,9,1622.24,ESPECES,VALIDE,Dépense Fournitures et consommables
2878,2025-01-21,14,5,360.41,VIREMENT,VALIDE,Facture F-2025-57202
2879,2025-01-21,60,1,1695.96,VIREMENT,VALIDE,Facture F-2025-75546
2880,2025-01-21,63,1,6014.12,CHEQUE,VALIDE,Facture F-2025-62452
2881,2025-01-21,62,2,1499.61,VIREMENT,VALIDE,Facture F-2025-41363
2882,2025-01-21,17,4,405.01,ESPECES,VALIDE,Facture F-2025-39058
2883,2025-01-21,7,2,1829.54,CARTE,VALIDE,Facture F-2025-07179
2884,2025-01-21,NULL,14,324.39,VIREMENT,VALIDE,Dépense Informatique et logiciels
2885,2025-01-21,NULL,13,2494.97,CARTE,VALIDE,Dépense Impôts et taxes
2886,2025-01-22,32,3,309.45,CHEQUE,VALIDE,Facture F-2025-07464
2887,2025-01-22,61,2,2143.88,CARTE,VALIDE,Facture F-2025-54817
2888,2025-01-22,63,3,143.95,MOBILE_MONEY,VALIDE,Facture F-2025-61754
2889,2025-01-22,50,1,3379.99,MOBILE_MONEY,VALIDE,Facture F-2025-03442
2890,2025-01-22,10,3,203.64,CARTE,VALIDE,Facture F-2025-25368
2891,2025-01-22,39,5,699.40,ESPECES,VALIDE,Facture F-2025-40386
2892,2025-01-22,15,4,245.48,MOBILE_MONEY,VALIDE,Facture F-2025-61570
2893,2025-01-22,35,5,320.71,ESPECES,VALIDE,Facture F-2025-42733
2894,2025-01-22,NULL,6,14552.99,MOBILE_MONEY,VALIDE,Dépense Salaires et charges sociales
2895,2025-01-22,NULL,13,278.15,CARTE,VALIDE,Dépense Impôts et taxes
2896,2025-01-22,NULL,6,17538.22,CARTE,VALIDE,Dépense Salaires et charges sociales
2897,2025-01-22,NULL,12,535.23,CARTE,EN_ATTENTE,Dépense Assurances
2898,2025-01-23,53,3,282.41,MOBILE_MONEY,VALIDE,Facture F-2025-50843
2899,2025-01-23,10,1,3001.29,ESPECES,VALIDE,Facture F-2025-58740
2900,2025-01-23,3,2,465.20,CARTE,VALIDE,Facture F-2025-93214
2901,2025-01-23,19,3,116.75,ESPECES,VALIDE,Facture F-2025-63060
2902,2025-01-23,9,4,1033.00,CARTE,VALIDE,Facture F-2025-90123
2903,2025-01-23,41,4,301.46,CHEQUE,VALIDE,Facture F-2025-07859
2904,2025-01-23,NULL,15,603.98,CARTE,VALIDE,Dépense Intérêts et frais bancaires
2905,2025-01-24,23,3,413.39,CHEQUE,VALIDE,Facture F-2025-28336
2906,2025-01-24,39,1,5210.45,CHEQUE,VALIDE,Facture F-2025-91946
2907,2025-01-24,32,1,2336.98,ESPECES,VALIDE,Facture F-2025-17857
2908,2025-01-24,26,2,1876.04,ESPECES,VALIDE,Facture F-2025-78621
2909,2025-01-24,65,2,508.01,ESPECES,EN_ATTENTE,Facture F-2025-98474
2910,2025-01-24,18,4,621.65,CARTE,VALIDE,Facture F-2025-10259
2911,2025-01-24,7,1,2377.39,CARTE,VALIDE,Facture F-2025-36099
2912,2025-01-24,43,4,208.90,ESPECES,VALIDE,Facture F-2025-47718
2913,2025-01-24,NULL,6,13167.35,MOBILE_MONEY,VALIDE,Dépense Salaires et charges sociales
2914,2025-01-24,NULL,6,4172.00,MOBILE_MONEY,VALIDE,Dépense Salaires et charges sociales
2915,2025-01-25,35,4,470.29,VIREMENT,VALIDE,Facture F-2025-44348
2916,2025-01-25,35,4,566.46,VIREMENT,VALIDE,Facture F-2025-71280
2917,2025-01-25,35,3,83.72,MOBILE_MONEY,VALIDE,Facture F-2025-14065
2918,2025-01-25,40,2,1103.45,MOBILE_MONEY,VALIDE,Facture F-2025-55138
2919,2025-01-25,2,4,1122.17,CHEQUE,VALIDE,Facture F-2025-74215
2920,2025-01-25,2,1,7424.59,CARTE,VALIDE,Facture F-2025-49143
2921,2025-01-25,21,1,1002.22,CHEQUE,VALIDE,Facture F-2025-49119
2922,2025-01-26,63,2,1595.60,VIREMENT,VALIDE,Facture F-2025-74860
2923,2025-01-26,14,2,551.28,MOBILE_MONEY,VALIDE,Facture F-2025-04269
2924,2025-01-26,24,4,897.73,CHEQUE,VALIDE,Facture F-2025-38359
2925,2025-01-26,30,5,875.29,CHEQUE,VALIDE,Facture F-2025-48559
2926,2025-01-26,NULL,13,2149.68,CARTE,EN_ATTENTE,Dépense Impôts et taxes
2927,2025-01-27,35,1,2334.25,MOBILE_MONEY,VALIDE,Facture F-2025-19288
2928,2025-01-27,16,3,263.58,VIREMENT,VALIDE,Facture F-2025-36097
2929,2025-01-27,20,2,1591.17,MOBILE_MONEY,VALIDE,Facture F-2025-35411
2930,2025-01-27,NULL,8,1626.92,VIREMENT,VALIDE,Dépense Marketing et publicité
2931,2025-01-28,33,3,176.77,CARTE,VALIDE,Facture F-2025-33489
2932,2025-01-28,63,3,55.87,CHEQUE,VALIDE,Facture F-2025-82833
2933,2025-01-28,15,4,1124.31,CHEQUE,VALIDE,Facture F-2025-27686
2934,2025-01-28,26,4,257.82,CARTE,VALIDE,Facture F-2025-89832
2935,2025-01-28,33,1,3223.89,VIREMENT,VALIDE,Facture F-2025-25740
2936,2025-01-28,35,4,872.01,CHEQUE,VALIDE,Facture F-2025-58539
2937,2025-01-28,NULL,13,706.49,CARTE,VALIDE,Dépense Impôts et taxes
2938,2025-01-28,NULL,6,10629.96,CARTE,VALIDE,Dépense Salaires et charges sociales
2939,2025-01-29,27,5,868.71,ESPECES,VALIDE,Facture F-2025-47263
2940,2025-01-29,21,4,533.52,MOBILE_MONEY,VALIDE,Facture F-2025-74668
2941,2025-01-29,41,5,531.61,CHEQUE,VALIDE,Facture F-2025-65441
2942,2025-01-29,5,5,1297.26,CARTE,VALIDE,Facture F-2025-59335
2943,2025-01-29,26,5,874.99,ESPECES,VALIDE,Facture F-2025-80478
2944,2025-01-29,2,1,6526.32,ESPECES,VALIDE,Facture F-2025-01573
2945,2025-01-29,14,4,252.17,VIREMENT,VALIDE,Facture F-2025-30525
2946,2025-01-29,NULL,10,1252.73,ESPECES,VALIDE,Dépense Énergie et eau
2947,2025-01-29,NULL,10,888.11,ESPECES,VALIDE,Dépense Énergie et eau
2948,2025-01-30,17,3,378.24,VIREMENT,VALIDE,Facture F-2025-67875
2949,2025-01-30,29,5,942.74,VIREMENT,VALIDE,Facture F-2025-28402
2950,2025-01-30,NULL,13,393.32,MOBILE_MONEY,EN_ATTENTE,Dépense Impôts et taxes
2951,2025-01-30,NULL,15,355.51,CARTE,VALIDE,Dépense Intérêts et frais bancaires
2952,2025-01-30,NULL,7,1193.02,CARTE,VALIDE,Dépense Loyers et immobilier
2953,2025-01-31,11,1,2266.03,VIREMENT,VALIDE,Facture F-2025-79179
2954,2025-01-31,5,2,1140.00,CARTE,VALIDE,Facture F-2025-10709
2955,2025-01-31,3,5,962.53,MOBILE_MONEY,VALIDE,Facture F-2025-42854
2956,2025-01-31,18,2,1030.56,VIREMENT,VALIDE,Facture F-2025-98798
2957,2025-01-31,13,5,784.61,VIREMENT,VALIDE,Facture F-2025-80851
2958,2025-01-31,NULL,7,3006.31,VIREMENT,VALIDE,Dépense Loyers et immobilier
2959,2025-01-31,NULL,8,6412.67,CARTE,VALIDE,Dépense Marketing et publicité
2960,2025-01-31,NULL,10,196.43,VIREMENT,VALIDE,Dépense Énergie et eau
2961,2025-02-01,32,1,801.39,MOBILE_MONEY,VALIDE,Facture F-2025-23839
2962,2025-02-01,5,2,802.39,ESPECES,VALIDE,Facture F-2025-79393
2963,2025-02-01,38,5,1420.95,CHEQUE,VALIDE,Facture F-2025-03214
2964,2025-02-01,20,2,1500.23,CHEQUE,VALIDE,Facture F-2025-17617
2965,2025-02-01,50,3,212.71,MOBILE_MONEY,VALIDE,Facture F-2025-07173
2966,2025-02-01,53,1,594.41,CARTE,VALIDE,Facture F-2025-05320
2967,2025-02-01,3,5,1080.53,CHEQUE,VALIDE,Facture F-2025-56263
2968,2025-02-01,NULL,9,2278.65,MOBILE_MONEY,VALIDE,Dépense Fournitures et consommables
2969,2025-02-02,1,4,1028.97,VIREMENT,VALIDE,Facture F-2025-13441
2970,2025-02-02,22,4,585.98,MOBILE_MONEY,VALIDE,Facture F-2025-37513
2971,2025-02-02,34,1,1829.45,ESPECES,EN_ATTENTE,Facture F-2025-95779
2972,2025-02-02,7,3,323.53,MOBILE_MONEY,VALIDE,Facture F-2025-26202
2973,2025-02-02,NULL,6,4294.29,MOBILE_MONEY,VALIDE,Dépense Salaires et charges sociales
2974,2025-02-02,NULL,12,1317.03,MOBILE_MONEY,VALIDE,Dépense Assurances
2975,2025-02-02,NULL,6,16794.99,ESPECES,VALIDE,Dépense Salaires et charges sociales
2976,2025-02-02,NULL,8,4503.56,VIREMENT,VALIDE,Dépense Marketing et publicité
2977,2025-02-03,19,3,100.36,ESPECES,VALIDE,Facture F-2025-37702
2978,2025-02-03,13,4,1134.83,MOBILE_MONEY,VALIDE,Facture F-2025-65666
2979,2025-02-03,22,3,172.05,MOBILE_MONEY,VALIDE,Facture F-2025-46827
2980,2025-02-03,8,2,1495.29,ESPECES,VALIDE,Facture F-2025-11371
2981,2025-02-03,NULL,15,575.62,ESPECES,VALIDE,Dépense Intérêts et frais bancaires
2982,2025-02-04,41,3,310.34,VIREMENT,VALIDE,Facture F-2025-38126
2983,2025-02-04,43,3,292.03,ESPECES,VALIDE,Facture F-2025-19871
2984,2025-02-04,45,4,637.49,ESPECES,VALIDE,Facture F-2025-92740
2985,2025-02-04,59,4,469.53,ESPECES,VALIDE,Facture F-2025-10819
2986,2025-02-04,36,5,1234.76,VIREMENT,VALIDE,Facture F-2025-84479
2987,2025-02-04,42,1,1346.51,CHEQUE,VALIDE,Facture F-2025-40509
2988,2025-02-04,NULL,15,333.46,ESPECES,VALIDE,Dépense Intérêts et frais bancaires
2989,2025-02-04,NULL,9,1093.67,CARTE,VALIDE,Dépense Fournitures et consommables
2990,2025-02-05,31,3,338.15,MOBILE_MONEY,VALIDE,Facture F-2025-37211
2991,2025-02-05,33,3,434.27,ESPECES,VALIDE,Facture F-2025-43963
2992,2025-02-05,38,4,740.91,CARTE,VALIDE,Facture F-2025-21273
2993,2025-02-05,NULL,12,1934.76,MOBILE_MONEY,VALIDE,Dépense Assurances
2994,2025-02-05,NULL,7,735.41,CARTE,VALIDE,Dépense Loyers et immobilier
2995,2025-02-05,NULL,12,1572.01,VIREMENT,VALIDE,Dépense Assurances
2996,2025-02-05,NULL,11,3294.20,VIREMENT,VALIDE,Dépense Transport et logistique
2997,2025-02-06,45,4,478.96,CHEQUE,VALIDE,Facture F-2025-58774
2998,2025-02-06,36,2,2048.98,CARTE,EN_ATTENTE,Facture F-2025-80147
2999,2025-02-06,18,4,369.94,MOBILE_MONEY,VALIDE,Facture F-2025-96222
3000,2025-02-06,55,5,731.07,CARTE,VALIDE,Facture F-2025-83246
3001,2025-02-06,NULL,15,62.66,VIREMENT,VALIDE,Dépense Intérêts et frais bancaires
3002,2025-02-06,NULL,14,470.61,CARTE,VALIDE,Dépense Informatique et logiciels
3003,2025-02-06,NULL,7,847.39,MOBILE_MONEY,VALIDE,Dépense Loyers et immobilier
3004,2025-02-06,NULL,10,1079.15,MOBILE_MONEY,VALIDE,Dépense Énergie et eau
3005,2025-02-07,24,4,1152.81,MOBILE_MONEY,VALIDE,Facture F-2025-00639
3006,2025-02-07,42,1,5987.80,MOBILE_MONEY,VALIDE,Facture F-2025-57392
3007,2025-02-07,30,2,1279.62,VIREMENT,VALIDE,Facture F-2025-99443
3008,2025-02-07,36,5,1498.78,CHEQUE,EN_ATTENTE,Facture F-2025-84588
3009,2025-02-07,38,1,6003.54,MOBILE_MONEY,EN_ATTENTE,Facture F-2025-06125
3010,2025-02-07,31,1,7113.15,MOBILE_MONEY,VALIDE,Facture F-2025-29083
3011,2025-02-07,34,4,757.29,ESPECES,VALIDE,Facture F-2025-19898
3012,2025-02-07,28,5,1105.35,ESPECES,VALIDE,Facture F-2025-00275
3013,2025-02-07,NULL,8,2443.29,VIREMENT,VALIDE,Dépense Marketing et publicité
3014,2025-02-08,52,4,383.15,VIREMENT,VALIDE,Facture F-2025-75628
3015,2025-02-08,46,2,873.07,CHEQUE,VALIDE,Facture F-2025-98619
3016,2025-02-08,10,3,246.70,ESPECES,VALIDE,Facture F-2025-92755
3017,2025-02-08,47,3,88.27,CARTE,VALIDE,Facture F-2025-11130
3018,2025-02-08,19,4,455.97,CARTE,VALIDE,Facture F-2025-31754
3019,2025-02-08,59,1,7322.97,CHEQUE,VALIDE,Facture F-2025-04496
3020,2025-02-08,62,1,5104.07,CARTE,VALIDE,Facture F-2025-93843
3021,2025-02-08,NULL,11,2971.13,ESPECES,VALIDE,Dépense Transport et logistique
3022,2025-02-08,NULL,11,5064.61,VIREMENT,VALIDE,Dépense Transport et logistique
3023,2025-02-09,64,5,448.60,VIREMENT,VALIDE,Facture F-2025-57077
3024,2025-02-09,4,4,1176.49,MOBILE_MONEY,VALIDE,Facture F-2025-18007
3025,2025-02-09,22,4,532.22,CARTE,VALIDE,Facture F-2025-54573
3026,2025-02-09,18,3,297.51,ESPECES,VALIDE,Facture F-2025-28024
3027,2025-02-09,43,1,7471.95,VIREMENT,VALIDE,Facture F-2025-49247
3028,2025-02-09,10,1,2829.22,CARTE,VALIDE,Facture F-2025-98618
3029,2025-02-09,56,5,747.18,ESPECES,VALIDE,Facture F-2025-66053
3030,2025-02-09,49,4,727.66,CARTE,VALIDE,Facture F-2025-98741
3031,2025-02-09,NULL,6,17490.22,CARTE,VALIDE,Dépense Salaires et charges sociales
3032,2025-02-09,NULL,13,393.20,VIREMENT,VALIDE,Dépense Impôts et taxes
3033,2025-02-09,NULL,15,73.84,MOBILE_MONEY,VALIDE,Dépense Intérêts et frais bancaires
3034,2025-02-09,NULL,11,5363.39,CARTE,VALIDE,Dépense Transport et logistique
3035,2025-02-10,32,2,1398.62,CHEQUE,EN_ATTENTE,Facture F-2025-44557
3036,2025-02-10,2,1,6564.74,CHEQUE,VALIDE,Facture F-2025-92279
3037,2025-02-10,6,4,320.13,CARTE,VALIDE,Facture F-2025-44572
3038,2025-02-10,25,1,3695.95,CARTE,VALIDE,Facture F-2025-28570
3039,2025-02-10,61,5,1209.74,MOBILE_MONEY,VALIDE,Facture F-2025-29118
3040,2025-02-10,25,4,1117.27,ESPECES,VALIDE,Facture F-2025-84645
3041,2025-02-10,54,4,301.18,CHEQUE,VALIDE,Facture F-2025-59454
3042,2025-02-10,32,2,1465.96,MOBILE_MONEY,VALIDE,Facture F-2025-66202
3043,2025-02-10,NULL,13,1334.17,CARTE,VALIDE,Dépense Impôts et taxes
3044,2025-02-10,NULL,9,2394.35,CARTE,VALIDE,Dépense Fournitures et consommables
3045,2025-02-10,NULL,11,434.55,CARTE,VALIDE,Dépense Transport et logistique
3046,2025-02-11,17,1,812.68,VIREMENT,VALIDE,Facture F-2025-95177
3047,2025-02-11,63,5,1439.59,CARTE,VALIDE,Facture F-2025-29225
3048,2025-02-11,21,4,852.02,MOBILE_MONEY,VALIDE,Facture F-2025-41466
3049,2025-02-11,4,2,1238.54,ESPECES,VALIDE,Facture F-2025-17429
3050,2025-02-11,43,5,1178.45,ESPECES,VALIDE,Facture F-2025-07725
3051,2025-02-11,55,5,1190.68,MOBILE_MONEY,VALIDE,Facture F-2025-12718
3052,2025-02-11,27,4,941.18,CARTE,VALIDE,Facture F-2025-49052
3053,2025-02-11,NULL,14,3602.37,MOBILE_MONEY,VALIDE,Dépense Informatique et logiciels
3054,2025-02-11,NULL,9,1553.49,VIREMENT,VALIDE,Dépense Fournitures et consommables
3055,2025-02-11,NULL,7,3087.45,MOBILE_MONEY,VALIDE,Dépense Loyers et immobilier
3056,2025-02-11,NULL,13,4775.05,CARTE,VALIDE,Dépense Impôts et taxes
3057,2025-02-12,63,3,274.18,CHEQUE,VALIDE,Facture F-2025-08189
3058,2025-02-12,29,1,6131.20,VIREMENT,VALIDE,Facture F-2025-59593
3059,2025-02-12,61,3,51.95,CARTE,VALIDE,Facture F-2025-88238
3060,2025-02-12,59,3,448.20,CARTE,VALIDE,Facture F-2025-11537
3061,2025-02-12,21,1,1732.88,VIREMENT,VALIDE,Facture F-2025-40340
3062,2025-02-12,NULL,8,7855.46,ESPECES,VALIDE,Dépense Marketing et publicité
3063,2025-02-13,56,4,377.30,VIREMENT,VALIDE,Facture F-2025-12641
3064,2025-02-13,8,3,76.61,MOBILE_MONEY,VALIDE,Facture F-2025-20437
3065,2025-02-13,57,2,1129.53,VIREMENT,VALIDE,Facture F-2025-83888
3066,2025-02-13,33,2,2044.80,MOBILE_MONEY,VALIDE,Facture F-2025-66395
3067,2025-02-13,31,5,1126.33,VIREMENT,VALIDE,Facture F-2025-67239
3068,2025-02-13,24,5,526.01,MOBILE_MONEY,VALIDE,Facture F-2025-48339
3069,2025-02-13,NULL,15,559.75,ESPECES,VALIDE,Dépense Intérêts et frais bancaires
3070,2025-02-13,NULL,10,1314.02,CARTE,VALIDE,Dépense Énergie et eau
3071,2025-02-13,NULL,8,1241.60,MOBILE_MONEY,VALIDE,Dépense Marketing et publicité
3072,2025-02-14,35,3,52.83,CARTE,VALIDE,Facture F-2025-77528
3073,2025-02-14,60,5,320.43,MOBILE_MONEY,VALIDE,Facture F-2025-06166
3074,2025-02-14,60,1,4002.69,CARTE,VALIDE,Facture F-2025-83090
3075,2025-02-14,NULL,13,4030.10,VIREMENT,VALIDE,Dépense Impôts et taxes
3076,2025-02-15,6,5,1304.80,VIREMENT,VALIDE,Facture F-2025-58715
3077,2025-02-15,10,3,51.57,CHEQUE,VALIDE,Facture F-2025-80154
3078,2025-02-15,48,4,959.17,MOBILE_MONEY,EN_ATTENTE,Facture F-2025-10016
3079,2025-02-15,NULL,14,2265.59,MOBILE_MONEY,VALIDE,Dépense Informatique et logiciels
3080,2025-02-16,53,3,312.32,CARTE,VALIDE,Facture F-2025-52602
3081,2025-02-16,20,3,100.01,CARTE,VALIDE,Facture F-2025-97347
3082,2025-02-16,37,1,3914.77,ESPECES,VALIDE,Facture F-2025-46936
3083,2025-02-16,13,1,4785.49,ESPECES,VALIDE,Facture F-2025-88090
3084,2025-02-16,53,3,290.66,VIREMENT,VALIDE,Facture F-2025-72036
3085,2025-02-16,17,5,1142.31,ESPECES,VALIDE,Facture F-2025-27497
3086,2025-02-16,NULL,8,1825.06,ESPECES,VALIDE,Dépense Marketing et publicité
3087,2025-02-16,NULL,8,4806.71,ESPECES,VALIDE,Dépense Marketing et publicité
3088,2025-02-16,NULL,13,2201.27,CARTE,EN_ATTENTE,Dépense Impôts et taxes
3089,2025-02-17,21,3,175.47,CARTE,VALIDE,Facture F-2025-42681
3090,2025-02-17,41,4,970.71,MOBILE_MONEY,VALIDE,Facture F-2025-80874
3091,2025-02-17,53,4,275.83,MOBILE_MONEY,VALIDE,Facture F-2025-26671
3092,2025-02-17,27,4,311.86,CARTE,VALIDE,Facture F-2025-68357
3093,2025-02-17,54,1,4503.66,CARTE,VALIDE,Facture F-2025-59222
3094,2025-02-17,35,1,3865.28,ESPECES,VALIDE,Facture F-2025-62318
3095,2025-02-17,43,4,354.36,ESPECES,VALIDE,Facture F-2025-84265
3096,2025-02-17,45,4,719.10,VIREMENT,VALIDE,Facture F-2025-67055
3097,2025-02-17,NULL,7,2287.53,CARTE,VALIDE,Dépense Loyers et immobilier
3098,2025-02-18,14,4,205.66,CHEQUE,VALIDE,Facture F-2025-38613
3099,2025-02-18,31,2,1022.62,VIREMENT,VALIDE,Facture F-2025-94618
3100,2025-02-18,13,3,355.17,CHEQUE,VALIDE,Facture F-2025-93932
3101,2025-02-18,24,2,388.17,MOBILE_MONEY,VALIDE,Facture F-2025-82538
3102,2025-02-18,NULL,12,1615.40,MOBILE_MONEY,VALIDE,Dépense Assurances
3103,2025-02-18,NULL,14,153.42,MOBILE_MONEY,VALIDE,Dépense Informatique et logiciels
3104,2025-02-18,NULL,14,1838.66,CARTE,EN_ATTENTE,Dépense Informatique et logiciels
3105,2025-02-19,21,2,1425.24,MOBILE_MONEY,VALIDE,Facture F-2025-62487
3106,2025-02-19,12,1,6427.30,CHEQUE,VALIDE,Facture F-2025-35037
3107,2025-02-19,44,1,6943.66,VIREMENT,VALIDE,Facture F-2025-33682
3108,2025-02-19,NULL,12,110.36,MOBILE_MONEY,VALIDE,Dépense Assurances
3109,2025-02-20,32,4,278.46,ESPECES,VALIDE,Facture F-2025-15695
3110,2025-02-20,21,3,402.64,MOBILE_MONEY,VALIDE,Facture F-2025-21578
3111,2025-02-20,26,2,917.18,CHEQUE,VALIDE,Facture F-2025-50642
3112,2025-02-20,15,5,616.79,ESPECES,VALIDE,Facture F-2025-78417
3113,2025-02-20,37,3,71.43,MOBILE_MONEY,VALIDE,Facture F-2025-24037
3114,2025-02-20,NULL,11,2414.44,CARTE,VALIDE,Dépense Transport et logistique
3115,2025-02-20,NULL,8,3150.73,MOBILE_MONEY,VALIDE,Dépense Marketing et publicité
3116,2025-02-20,NULL,6,16556.72,CARTE,VALIDE,Dépense Salaires et charges sociales
3117,2025-02-20,NULL,8,7236.74,CARTE,VALIDE,Dépense Marketing et publicité
3118,2025-02-21,15,2,867.76,VIREMENT,VALIDE,Facture F-2025-50112
3119,2025-02-21,53,3,310.93,CARTE,VALIDE,Facture F-2025-57633
3120,2025-02-21,55,5,869.60,MOBILE_MONEY,VALIDE,Facture F-2025-69823
3121,2025-02-21,12,2,428.75,CHEQUE,VALIDE,Facture F-2025-82766
3122,2025-02-21,49,2,2137.62,CARTE,VALIDE,Facture F-2025-17569
3123,2025-02-21,33,3,151.23,VIREMENT,VALIDE,Facture F-2025-99762
3124,2025-02-21,27,3,281.79,MOBILE_MONEY,VALIDE,Facture F-2025-01611
3125,2025-02-21,NULL,6,16010.02,ESPECES,VALIDE,Dépense Salaires et charges sociales
3126,2025-02-21,NULL,14,230.68,VIREMENT,VALIDE,Dépense Informatique et logiciels
3127,2025-02-21,NULL,12,1605.67,MOBILE_MONEY,VALIDE,Dépense Assurances
3128,2025-02-21,NULL,9,2380.57,MOBILE_MONEY,VALIDE,Dépense Fournitures et consommables
3129,2025-02-22,42,1,7254.22,MOBILE_MONEY,VALIDE,Facture F-2025-98929
3130,2025-02-22,52,1,4076.21,CARTE,VALIDE,Facture F-2025-79045
3131,2025-02-22,65,3,267.74,VIREMENT,VALIDE,Facture F-2025-76270
3132,2025-02-22,46,1,6978.28,MOBILE_MONEY,VALIDE,Facture F-2025-82915
3133,2025-02-22,38,5,818.08,CHEQUE,VALIDE,Facture F-2025-07914
3134,2025-02-22,26,2,220.23,ESPECES,VALIDE,Facture F-2025-14619
3135,2025-02-22,57,2,1380.44,CHEQUE,VALIDE,Facture F-2025-80746
3136,2025-02-22,NULL,13,4469.92,VIREMENT,VALIDE,Dépense Impôts et taxes
3137,2025-02-23,22,3,142.66,VIREMENT,VALIDE,Facture F-2025-55244
3138,2025-02-23,51,3,213.63,CARTE,VALIDE,Facture F-2025-85656
3139,2025-02-23,46,5,1447.19,ESPECES,VALIDE,Facture F-2025-34631
3140,2025-02-23,NULL,9,1734.54,ESPECES,VALIDE,Dépense Fournitures et consommables
3141,2025-02-23,NULL,12,1323.02,MOBILE_MONEY,VALIDE,Dépense Assurances
3142,2025-02-23,NULL,12,1841.62,CARTE,VALIDE,Dépense Assurances
3143,2025-02-24,35,1,2483.30,VIREMENT,VALIDE,Facture F-2025-52510
3144,2025-02-24,34,3,187.73,MOBILE_MONEY,VALIDE,Facture F-2025-53520
3145,2025-02-24,NULL,8,3926.00,MOBILE_MONEY,VALIDE,Dépense Marketing et publicité
3146,2025-02-24,NULL,7,1392.63,ESPECES,VALIDE,Dépense Loyers et immobilier
3147,2025-02-24,NULL,15,270.91,MOBILE_MONEY,VALIDE,Dépense Intérêts et frais bancaires
3148,2025-02-25,52,5,570.47,VIREMENT,VALIDE,Facture F-2025-46794
3149,2025-02-25,43,4,642.93,CHEQUE,VALIDE,Facture F-2025-27446
3150,2025-02-25,3,5,630.80,ESPECES,VALIDE,Facture F-2025-75653
3151,2025-02-25,65,5,817.60,ESPECES,EN_ATTENTE,Facture F-2025-86242
3152,2025-02-25,51,1,4955.33,ESPECES,VALIDE,Facture F-2025-81467
3153,2025-02-25,29,1,4944.89,ESPECES,VALIDE,Facture F-2025-54996
3154,2025-02-25,4,2,753.91,VIREMENT,VALIDE,Facture F-2025-98729
3155,2025-02-25,NULL,7,1717.74,CARTE,EN_ATTENTE,Dépense Loyers et immobilier
3156,2025-02-25,NULL,8,247.82,ESPECES,VALIDE,Dépense Marketing et publicité
3157,2025-02-26,59,5,943.76,CARTE,VALIDE,Facture F-2025-33547
3158,2025-02-26,40,4,1095.27,ESPECES,VALIDE,Facture F-2025-84963
3159,2025-02-26,61,5,1423.22,MOBILE_MONEY,VALIDE,Facture F-2025-50543
3160,2025-02-26,1,4,1112.29,CHEQUE,VALIDE,Facture F-2025-69706
3161,2025-02-26,NULL,8,197.90,MOBILE_MONEY,VALIDE,Dépense Marketing et publicité
3162,2025-02-26,NULL,15,205.52,MOBILE_MONEY,VALIDE,Dépense Intérêts et frais bancaires
3163,2025-02-27,50,1,4282.93,ESPECES,VALIDE,Facture F-2025-44180
3164,2025-02-27,65,4,1144.26,CHEQUE,VALIDE,Facture F-2025-12143
3165,2025-02-27,32,4,324.96,ESPECES,VALIDE,Facture F-2025-26672
3166,2025-02-27,10,1,4700.73,VIREMENT,VALIDE,Facture F-2025-16742
3167,2025-02-27,60,3,93.93,MOBILE_MONEY,VALIDE,Facture F-2025-10183
3168,2025-02-27,NULL,8,1397.04,ESPECES,VALIDE,Dépense Marketing et publicité
3169,2025-02-27,NULL,7,4461.57,MOBILE_MONEY,VALIDE,Dépense Loyers et immobilier
3170,2025-02-27,NULL,12,281.49,VIREMENT,VALIDE,Dépense Assurances
3171,2025-02-28,33,5,400.56,CARTE,VALIDE,Facture F-2025-12995
3172,2025-02-28,45,2,1732.51,MOBILE_MONEY,VALIDE,Facture F-2025-06845
3173,2025-02-28,42,5,614.45,CARTE,VALIDE,Facture F-2025-76728
3174,2025-02-28,10,3,162.21,CHEQUE,VALIDE,Facture F-2025-87760
3175,2025-02-28,29,2,1236.02,CHEQUE,VALIDE,Facture F-2025-94707
3176,2025-02-28,43,3,357.66,VIREMENT,VALIDE,Facture F-2025-43175
3177,2025-02-28,6,2,1421.18,VIREMENT,VALIDE,Facture F-2025-61713
3178,2025-02-28,48,3,81.55,CHEQUE,VALIDE,Facture F-2025-65537
3179,2025-02-28,NULL,13,2701.85,ESPECES,VALIDE,Dépense Impôts et taxes
3180,2025-02-28,NULL,7,3587.67,VIREMENT,VALIDE,Dépense Loyers et immobilier
3181,2025-03-01,36,3,235.39,CHEQUE,VALIDE,Facture F-2025-77685
3182,2025-03-01,52,1,6481.28,VIREMENT,VALIDE,Facture F-2025-83079
3183,2025-03-01,35,1,5210.45,MOBILE_MONEY,VALIDE,Facture F-2025-82077
3184,2025-03-01,2,5,799.54,CHEQUE,VALIDE,Facture F-2025-19388
3185,2025-03-01,9,3,64.23,MOBILE_MONEY,VALIDE,Facture F-2025-69151
3186,2025-03-01,2,4,477.57,MOBILE_MONEY,VALIDE,Facture F-2025-60699
3187,2025-03-01,22,3,185.18,ESPECES,VALIDE,Facture F-2025-56539
3188,2025-03-01,47,5,1429.89,CHEQUE,EN_ATTENTE,Facture F-2025-46834
3189,2025-03-01,NULL,9,1334.80,CARTE,VALIDE,Dépense Fournitures et consommables
3190,2025-03-02,40,3,193.83,CHEQUE,VALIDE,Facture F-2025-38696
3191,2025-03-02,62,3,246.33,ESPECES,VALIDE,Facture F-2025-51949
3192,2025-03-02,11,1,3184.05,CHEQUE,VALIDE,Facture F-2025-28542
3193,2025-03-02,11,2,320.43,CHEQUE,VALIDE,Facture F-2025-38417
3194,2025-03-02,NULL,13,357.72,CARTE,VALIDE,Dépense Impôts et taxes
3195,2025-03-02,NULL,12,2620.42,ESPECES,VALIDE,Dépense Assurances
3196,2025-03-02,NULL,15,452.05,VIREMENT,VALIDE,Dépense Intérêts et frais bancaires
3197,2025-03-03,9,3,168.30,MOBILE_MONEY,VALIDE,Facture F-2025-84004
3198,2025-03-03,21,5,1403.86,ESPECES,VALIDE,Facture F-2025-03125
3199,2025-03-03,NULL,12,806.34,CARTE,VALIDE,Dépense Assurances
3200,2025-03-03,NULL,15,22.87,VIREMENT,VALIDE,Dépense Intérêts et frais bancaires
3201,2025-03-04,45,1,1564.09,VIREMENT,VALIDE,Facture F-2025-76786
3202,2025-03-04,7,5,1349.83,MOBILE_MONEY,VALIDE,Facture F-2025-21551
3203,2025-03-04,7,2,1802.30,VIREMENT,VALIDE,Facture F-2025-89626
3204,2025-03-04,33,5,309.37,ESPECES,VALIDE,Facture F-2025-32945
3205,2025-03-04,56,2,579.45,CARTE,VALIDE,Facture F-2025-57959
3206,2025-03-04,NULL,11,2495.54,MOBILE_MONEY,VALIDE,Dépense Transport et logistique
3207,2025-03-05,29,5,551.50,VIREMENT,EN_ATTENTE,Facture F-2025-27122
3208,2025-03-05,40,1,5912.36,CHEQUE,VALIDE,Facture F-2025-85110
3209,2025-03-05,48,4,900.87,CARTE,EN_ATTENTE,Facture F-2025-25616
3210,2025-03-05,19,1,3219.43,CARTE,VALIDE,Facture F-2025-95444
3211,2025-03-05,NULL,11,5628.04,MOBILE_MONEY,VALIDE,Dépense Transport et logistique
3212,2025-03-06,52,1,4841.63,CHEQUE,VALIDE,Facture F-2025-70647
3213,2025-03-06,12,1,5576.09,CARTE,VALIDE,Facture F-2025-97677
3214,2025-03-06,28,1,6902.32,MOBILE_MONEY,VALIDE,Facture F-2025-77111
3215,2025-03-06,2,3,327.07,CHEQUE,VALIDE,Facture F-2025-07527
3216,2025-03-06,NULL,13,5181.23,ESPECES,VALIDE,Dépense Impôts et taxes
3217,2025-03-06,NULL,12,991.51,ESPECES,VALIDE,Dépense Assurances
3218,2025-03-06,NULL,10,556.88,CARTE,VALIDE,Dépense Énergie et eau
3219,2025-03-07,1,3,288.13,CHEQUE,VALIDE,Facture F-2025-90664
3220,2025-03-07,38,4,1096.00,VIREMENT,VALIDE,Facture F-2025-72120
3221,2025-03-07,56,1,2416.18,VIREMENT,VALIDE,Facture F-2025-64305
3222,2025-03-07,49,5,1411.83,VIREMENT,VALIDE,Facture F-2025-23475
3223,2025-03-07,22,3,123.71,VIREMENT,VALIDE,Facture F-2025-26811
3224,2025-03-07,47,3,62.69,VIREMENT,VALIDE,Facture F-2025-25671
3225,2025-03-07,NULL,7,2877.34,ESPECES,VALIDE,Dépense Loyers et immobilier
3226,2025-03-07,NULL,15,386.06,ESPECES,VALIDE,Dépense Intérêts et frais bancaires
3227,2025-03-08,50,1,5360.45,MOBILE_MONEY,VALIDE,Facture F-2025-78691
3228,2025-03-08,20,2,1230.44,MOBILE_MONEY,VALIDE,Facture F-2025-47059
3229,2025-03-08,52,3,292.58,ESPECES,VALIDE,Facture F-2025-34676
3230,2025-03-08,NULL,10,970.03,ESPECES,VALIDE,Dépense Énergie et eau
3231,2025-03-09,48,4,838.46,VIREMENT,VALIDE,Facture F-2025-51898
3232,2025-03-09,48,2,1999.55,MOBILE_MONEY,VALIDE,Facture F-2025-53719
3233,2025-03-09,18,4,239.04,MOBILE_MONEY,VALIDE,Facture F-2025-85203
3234,2025-03-09,30,3,87.57,VIREMENT,VALIDE,Facture F-2025-08594
3235,2025-03-09,16,5,923.59,MOBILE_MONEY,VALIDE,Facture F-2025-95315
3236,2025-03-09,12,1,6632.59,ESPECES,VALIDE,Facture F-2025-03345
3237,2025-03-09,NULL,10,2039.94,ESPECES,VALIDE,Dépense Énergie et eau
3238,2025-03-10,8,5,441.54,CHEQUE,VALIDE,Facture F-2025-38754
3239,2025-03-10,38,1,3419.96,MOBILE_MONEY,VALIDE,Facture F-2025-72503
3240,2025-03-10,33,4,553.27,CARTE,VALIDE,Facture F-2025-62922
3241,2025-03-10,45,4,447.84,CARTE,VALIDE,Facture F-2025-31697
3242,2025-03-10,NULL,9,1963.61,MOBILE_MONEY,VALIDE,Dépense Fournitures et consommables
3243,2025-03-11,35,1,3500.66,ESPECES,VALIDE,Facture F-2025-15411
3244,2025-03-11,9,2,1614.04,ESPECES,VALIDE,Facture F-2025-31757
3245,2025-03-11,64,2,1633.06,VIREMENT,VALIDE,Facture F-2025-30485
3246,2025-03-11,32,2,1395.69,CHEQUE,VALIDE,Facture F-2025-47938
3247,2025-03-11,39,4,358.06,ESPECES,VALIDE,Facture F-2025-87958
3248,2025-03-11,55,2,756.95,MOBILE_MONEY,VALIDE,Facture F-2025-71641
3249,2025-03-11,NULL,14,723.66,CARTE,VALIDE,Dépense Informatique et logiciels
3250,2025-03-11,NULL,14,3344.27,MOBILE_MONEY,VALIDE,Dépense Informatique et logiciels
3251,2025-03-11,NULL,12,200.50,ESPECES,VALIDE,Dépense Assurances
3252,2025-03-11,NULL,14,4306.91,VIREMENT,VALIDE,Dépense Informatique et logiciels
3253,2025-03-12,33,3,152.41,CARTE,VALIDE,Facture F-2025-11250
3254,2025-03-12,3,2,993.26,VIREMENT,VALIDE,Facture F-2025-32403
3255,2025-03-12,48,3,67.21,CHEQUE,VALIDE,Facture F-2025-62249
3256,2025-03-12,20,1,3185.22,CHEQUE,VALIDE,Facture F-2025-42450
3257,2025-03-12,27,4,205.30,CHEQUE,VALIDE,Facture F-2025-93731
3258,2025-03-12,50,2,1943.74,MOBILE_MONEY,VALIDE,Facture F-2025-02098
3259,2025-03-12,54,4,1012.33,ESPECES,VALIDE,Facture F-2025-81734
3260,2025-03-12,NULL,12,2851.94,MOBILE_MONEY,VALIDE,Dépense Assurances
3261,2025-03-12,NULL,12,344.28,ESPECES,VALIDE,Dépense Assurances
3262,2025-03-12,NULL,10,469.70,CARTE,VALIDE,Dépense Énergie et eau
3263,2025-03-12,NULL,8,5068.51,CARTE,VALIDE,Dépense Marketing et publicité
3264,2025-03-13,28,4,1165.10,CHEQUE,VALIDE,Facture F-2025-64721
3265,2025-03-13,37,2,1999.80,CARTE,VALIDE,Facture F-2025-40273
3266,2025-03-13,7,3,93.13,CHEQUE,VALIDE,Facture F-2025-07424
3267,2025-03-13,NULL,9,919.12,ESPECES,VALIDE,Dépense Fournitures et consommables
3268,2025-03-14,51,3,120.64,CARTE,VALIDE,Facture F-2025-22792
3269,2025-03-14,4,2,606.94,MOBILE_MONEY,VALIDE,Facture F-2025-37599
3270,2025-03-14,27,3,268.04,MOBILE_MONEY,VALIDE,Facture F-2025-93539
3271,2025-03-14,NULL,13,4114.78,VIREMENT,VALIDE,Dépense Impôts et taxes
3272,2025-03-14,NULL,12,249.64,ESPECES,VALIDE,Dépense Assurances
3273,2025-03-15,21,2,1494.59,ESPECES,VALIDE,Facture F-2025-75954
3274,2025-03-15,24,3,144.76,MOBILE_MONEY,VALIDE,Facture F-2025-99428
3275,2025-03-15,13,4,289.69,CHEQUE,VALIDE,Facture F-2025-72410
3276,2025-03-15,64,4,208.01,ESPECES,EN_ATTENTE,Facture F-2025-01546
3277,2025-03-15,65,5,929.02,MOBILE_MONEY,VALIDE,Facture F-2025-50072
3278,2025-03-15,NULL,8,3369.33,VIREMENT,VALIDE,Dépense Marketing et publicité
3279,2025-03-15,NULL,8,5914.82,VIREMENT,VALIDE,Dépense Marketing et publicité
3280,2025-03-15,NULL,7,3856.18,VIREMENT,VALIDE,Dépense Loyers et immobilier
3281,2025-03-15,NULL,7,2047.08,MOBILE_MONEY,VALIDE,Dépense Loyers et immobilier
3282,2025-03-16,13,2,308.32,CARTE,VALIDE,Facture F-2025-06067
3283,2025-03-16,33,1,1691.93,CARTE,VALIDE,Facture F-2025-29641
3284,2025-03-16,23,5,518.51,CHEQUE,VALIDE,Facture F-2025-30426
3285,2025-03-16,15,5,1091.33,VIREMENT,VALIDE,Facture F-2025-47901
3286,2025-03-16,29,4,1035.76,CHEQUE,VALIDE,Facture F-2025-88927
3287,2025-03-16,43,4,454.32,CHEQUE,VALIDE,Facture F-2025-09039
3288,2025-03-16,NULL,6,9509.12,MOBILE_MONEY,VALIDE,Dépense Salaires et charges sociales
3289,2025-03-17,40,1,5382.49,CARTE,VALIDE,Facture F-2025-49935
3290,2025-03-17,49,1,4749.40,VIREMENT,EN_ATTENTE,Facture F-2025-15437
3291,2025-03-17,11,3,152.16,VIREMENT,VALIDE,Facture F-2025-96677
3292,2025-03-17,20,1,3024.56,ESPECES,VALIDE,Facture F-2025-24663
3293,2025-03-17,13,5,1487.32,CHEQUE,VALIDE,Facture F-2025-69855
3294,2025-03-17,61,1,5064.02,CARTE,VALIDE,Facture F-2025-49266
3295,2025-03-17,23,3,67.00,MOBILE_MONEY,EN_ATTENTE,Facture F-2025-32646
3296,2025-03-17,47,2,1264.21,VIREMENT,VALIDE,Facture F-2025-55761
3297,2025-03-17,NULL,15,184.55,VIREMENT,VALIDE,Dépense Intérêts et frais bancaires
3298,2025-03-17,NULL,13,3215.67,CARTE,VALIDE,Dépense Impôts et taxes
3299,2025-03-18,59,5,949.39,ESPECES,VALIDE,Facture F-2025-77380
3300,2025-03-18,9,3,128.55,CARTE,VALIDE,Facture F-2025-15425
3301,2025-03-18,9,2,1550.29,CHEQUE,VALIDE,Facture F-2025-32887
3302,2025-03-18,35,1,2890.96,ESPECES,VALIDE,Facture F-2025-55071
3303,2025-03-18,29,3,411.65,ESPECES,VALIDE,Facture F-2025-01329
3304,2025-03-18,26,4,1099.42,CHEQUE,VALIDE,Facture F-2025-23980
3305,2025-03-18,23,3,244.71,ESPECES,VALIDE,Facture F-2025-73863
3306,2025-03-18,16,2,857.53,MOBILE_MONEY,VALIDE,Facture F-2025-91626
3307,2025-03-18,NULL,13,2198.39,VIREMENT,VALIDE,Dépense Impôts et taxes
3308,2025-03-18,NULL,6,14150.37,VIREMENT,VALIDE,Dépense Salaires et charges sociales
3309,2025-03-18,NULL,13,5041.18,ESPECES,VALIDE,Dépense Impôts et taxes
3310,2025-03-19,61,5,614.63,MOBILE_MONEY,VALIDE,Facture F-2025-41860
3311,2025-03-19,62,1,4984.19,MOBILE_MONEY,VALIDE,Facture F-2025-34268
3312,2025-03-19,24,5,471.48,CHEQUE,VALIDE,Facture F-2025-41710
3313,2025-03-19,NULL,10,1660.66,VIREMENT,VALIDE,Dépense Énergie et eau
3314,2025-03-19,NULL,11,5567.69,CARTE,VALIDE,Dépense Transport et logistique
3315,2025-03-19,NULL,14,3744.55,CARTE,VALIDE,Dépense Informatique et logiciels
3316,2025-03-20,21,4,368.07,VIREMENT,VALIDE,Facture F-2025-65654
3317,2025-03-20,26,2,504.56,ESPECES,VALIDE,Facture F-2025-96391
3318,2025-03-20,24,3,241.15,VIREMENT,VALIDE,Facture F-2025-97417
3319,2025-03-20,25,2,429.45,CHEQUE,VALIDE,Facture F-2025-86580
3320,2025-03-20,NULL,15,409.61,MOBILE_MONEY,VALIDE,Dépense Intérêts et frais bancaires
3321,2025-03-20,NULL,7,324.64,VIREMENT,VALIDE,Dépense Loyers et immobilier
3322,2025-03-20,NULL,14,698.26,ESPECES,VALIDE,Dépense Informatique et logiciels
3323,2025-03-21,55,4,337.59,ESPECES,EN_ATTENTE,Facture F-2025-76774
3324,2025-03-21,23,2,2049.25,VIREMENT,VALIDE,Facture F-2025-00389
3325,2025-03-21,64,2,1542.59,VIREMENT,VALIDE,Facture F-2025-44268
3326,2025-03-21,50,3,269.75,MOBILE_MONEY,VALIDE,Facture F-2025-95140
3327,2025-03-21,63,4,747.70,ESPECES,VALIDE,Facture F-2025-06179
3328,2025-03-21,NULL,10,940.73,MOBILE_MONEY,VALIDE,Dépense Énergie et eau
3329,2025-03-21,NULL,8,190.10,CARTE,VALIDE,Dépense Marketing et publicité
3330,2025-03-21,NULL,13,367.08,MOBILE_MONEY,VALIDE,Dépense Impôts et taxes
3331,2025-03-21,NULL,14,2632.62,ESPECES,VALIDE,Dépense Informatique et logiciels
3332,2025-03-22,26,4,268.48,MOBILE_MONEY,VALIDE,Facture F-2025-99937
3333,2025-03-22,1,4,454.79,ESPECES,VALIDE,Facture F-2025-73324
3334,2025-03-22,9,3,150.39,ESPECES,VALIDE,Facture F-2025-67128
3335,2025-03-22,38,3,182.30,MOBILE_MONEY,VALIDE,Facture F-2025-81177
3336,2025-03-22,NULL,14,301.55,VIREMENT,VALIDE,Dépense Informatique et logiciels
3337,2025-03-23,13,5,611.87,MOBILE_MONEY,VALIDE,Facture F-2025-26073
3338,2025-03-23,3,1,5390.77,MOBILE_MONEY,VALIDE,Facture F-2025-87919
3339,2025-03-23,34,5,427.11,ESPECES,VALIDE,Facture F-2025-09315
3340,2025-03-23,1,2,761.27,VIREMENT,VALIDE,Facture F-2025-65127
3341,2025-03-23,19,3,92.19,CHEQUE,VALIDE,Facture F-2025-37699
3342,2025-03-23,NULL,10,963.81,CARTE,VALIDE,Dépense Énergie et eau
3343,2025-03-23,NULL,9,1105.53,CARTE,VALIDE,Dépense Fournitures et consommables
3344,2025-03-24,2,2,2185.96,ESPECES,VALIDE,Facture F-2025-69838
3345,2025-03-24,12,4,1130.40,MOBILE_MONEY,VALIDE,Facture F-2025-52498
3346,2025-03-24,60,5,1369.86,CHEQUE,VALIDE,Facture F-2025-18841
3347,2025-03-24,59,3,58.53,CHEQUE,VALIDE,Facture F-2025-19288
3348,2025-03-24,63,1,3714.59,MOBILE_MONEY,VALIDE,Facture F-2025-36412
3349,2025-03-24,4,2,1339.72,MOBILE_MONEY,VALIDE,Facture F-2025-48105
3350,2025-03-24,31,4,469.83,CHEQUE,VALIDE,Facture F-2025-04778
3351,2025-03-24,NULL,7,2806.02,MOBILE_MONEY,VALIDE,Dépense Loyers et immobilier
3352,2025-03-24,NULL,10,788.72,CARTE,VALIDE,Dépense Énergie et eau
3353,2025-03-25,46,3,436.64,MOBILE_MONEY,VALIDE,Facture F-2025-94315
3354,2025-03-25,61,1,1901.22,ESPECES,VALIDE,Facture F-2025-44228
3355,2025-03-25,33,3,368.56,VIREMENT,VALIDE,Facture F-2025-71300
3356,2025-03-25,9,2,1975.74,ESPECES,VALIDE,Facture F-2025-13726
3357,2025-03-25,NULL,9,1892.11,MOBILE_MONEY,VALIDE,Dépense Fournitures et consommables
3358,2025-03-26,42,4,990.27,CHEQUE,EN_ATTENTE,Facture F-2025-82630
3359,2025-03-26,10,5,1466.51,VIREMENT,VALIDE,Facture F-2025-87230
3360,2025-03-26,22,5,1129.89,CARTE,VALIDE,Facture F-2025-17357
3361,2025-03-26,14,3,222.64,CARTE,VALIDE,Facture F-2025-37814
3362,2025-03-26,45,2,926.29,MOBILE_MONEY,VALIDE,Facture F-2025-37190
3363,2025-03-26,36,2,1722.04,ESPECES,VALIDE,Facture F-2025-83044
3364,2025-03-26,44,4,640.44,MOBILE_MONEY,VALIDE,Facture F-2025-01595
3365,2025-03-26,NULL,7,4082.71,CARTE,VALIDE,Dépense Loyers et immobilier
3366,2025-03-26,NULL,8,2275.18,MOBILE_MONEY,VALIDE,Dépense Marketing et publicité
3367,2025-03-26,NULL,14,521.24,CARTE,VALIDE,Dépense Informatique et logiciels
3368,2025-03-27,43,4,650.33,VIREMENT,VALIDE,Facture F-2025-78009
3369,2025-03-27,28,4,1075.58,CHEQUE,VALIDE,Facture F-2025-35434
3370,2025-03-27,3,5,1198.22,CHEQUE,VALIDE,Facture F-2025-07559
3371,2025-03-27,62,3,220.78,CARTE,VALIDE,Facture F-2025-97703
3372,2025-03-27,50,3,114.08,CARTE,VALIDE,Facture F-2025-55040
3373,2025-03-27,37,3,250.93,ESPECES,VALIDE,Facture F-2025-96889
3374,2025-03-27,29,5,1011.01,ESPECES,VALIDE,Facture F-2025-90352
3375,2025-03-27,NULL,14,1023.14,CARTE,VALIDE,Dépense Informatique et logiciels
3376,2025-03-27,NULL,9,330.69,MOBILE_MONEY,VALIDE,Dépense Fournitures et consommables
3377,2025-03-27,NULL,7,2305.97,ESPECES,VALIDE,Dépense Loyers et immobilier
3378,2025-03-28,22,4,997.07,ESPECES,VALIDE,Facture F-2025-73205
3379,2025-03-28,49,5,1202.32,CARTE,VALIDE,Facture F-2025-75973
3380,2025-03-28,57,4,658.28,VIREMENT,VALIDE,Facture F-2025-62981
3381,2025-03-28,40,4,1146.21,MOBILE_MONEY,VALIDE,Facture F-2025-41799
3382,2025-03-28,53,1,742.80,ESPECES,VALIDE,Facture F-2025-84219
3383,2025-03-28,13,4,927.66,VIREMENT,VALIDE,Facture F-2025-96883
3384,2025-03-28,14,3,371.19,ESPECES,EN_ATTENTE,Facture F-2025-08533
3385,2025-03-28,45,1,6489.76,ESPECES,VALIDE,Facture F-2025-05460
3386,2025-03-28,NULL,15,219.06,CARTE,VALIDE,Dépense Intérêts et frais bancaires
3387,2025-03-28,NULL,7,2331.21,MOBILE_MONEY,VALIDE,Dépense Loyers et immobilier
3388,2025-03-28,NULL,14,3340.72,VIREMENT,VALIDE,Dépense Informatique et logiciels
3389,2025-03-28,NULL,13,2517.01,CARTE,VALIDE,Dépense Impôts et taxes
3390,2025-03-29,32,2,1784.02,VIREMENT,VALIDE,Facture F-2025-50825
3391,2025-03-29,58,4,564.36,MOBILE_MONEY,VALIDE,Facture F-2025-75525
3392,2025-03-29,15,3,307.91,MOBILE_MONEY,VALIDE,Facture F-2025-66262
3393,2025-03-29,48,4,653.32,CHEQUE,VALIDE,Facture F-2025-15214
3394,2025-03-29,48,4,929.78,VIREMENT,VALIDE,Facture F-2025-97286
3395,2025-03-29,19,1,2494.67,VIREMENT,VALIDE,Facture F-2025-47914
3396,2025-03-29,NULL,12,1955.12,CARTE,VALIDE,Dépense Assurances
3397,2025-03-29,NULL,8,6107.90,CARTE,VALIDE,Dépense Marketing et publicité
3398,2025-03-29,NULL,8,3635.84,ESPECES,VALIDE,Dépense Marketing et publicité
3399,2025-03-29,NULL,6,9825.26,ESPECES,VALIDE,Dépense Salaires et charges sociales
3400,2025-03-30,12,4,964.11,VIREMENT,VALIDE,Facture F-2025-29264
3401,2025-03-30,35,2,1831.83,CHEQUE,VALIDE,Facture F-2025-96926
3402,2025-03-30,49,4,718.78,CARTE,VALIDE,Facture F-2025-79692
3403,2025-03-30,NULL,11,4926.43,VIREMENT,VALIDE,Dépense Transport et logistique
3404,2025-03-30,NULL,7,1598.65,VIREMENT,VALIDE,Dépense Loyers et immobilier
3405,2025-03-30,NULL,12,1938.15,VIREMENT,VALIDE,Dépense Assurances
3406,2025-03-30,NULL,15,764.69,MOBILE_MONEY,VALIDE,Dépense Intérêts et frais bancaires
3407,2025-03-31,31,1,7128.34,MOBILE_MONEY,VALIDE,Facture F-2025-66307
3408,2025-03-31,58,5,869.54,CARTE,EN_ATTENTE,Facture F-2025-56644
3409,2025-03-31,31,4,651.42,CHEQUE,VALIDE,Facture F-2025-48727
3410,2025-03-31,62,5,1229.11,MOBILE_MONEY,VALIDE,Facture F-2025-98033
3411,2025-03-31,36,2,1869.87,VIREMENT,VALIDE,Facture F-2025-06427
3412,2025-03-31,35,2,1395.82,CARTE,EN_ATTENTE,Facture F-2025-68856
3413,2025-03-31,NULL,12,2974.88,MOBILE_MONEY,EN_ATTENTE,Dépense Assurances
3414,2025-04-01,58,4,728.39,CARTE,VALIDE,Facture F-2025-40127
3415,2025-04-01,12,4,1075.69,ESPECES,VALIDE,Facture F-2025-47097
3416,2025-04-01,3,4,349.10,MOBILE_MONEY,VALIDE,Facture F-2025-23301
3417,2025-04-01,62,3,104.23,CHEQUE,VALIDE,Facture F-2025-31797
3418,2025-04-01,45,5,1050.24,ESPECES,VALIDE,Facture F-2025-54739
3419,2025-04-01,38,3,278.55,CHEQUE,VALIDE,Facture F-2025-08572
3420,2025-04-01,62,4,989.01,CARTE,VALIDE,Facture F-2025-33366
3421,2025-04-01,NULL,8,3699.70,CARTE,VALIDE,Dépense Marketing et publicité
3422,2025-04-02,60,5,1081.56,ESPECES,VALIDE,Facture F-2025-34239
3423,2025-04-02,13,3,312.44,ESPECES,VALIDE,Facture F-2025-83314
3424,2025-04-02,45,3,105.81,MOBILE_MONEY,VALIDE,Facture F-2025-21003
3425,2025-04-02,40,1,6903.24,CHEQUE,VALIDE,Facture F-2025-71242
3426,2025-04-02,3,1,1021.56,VIREMENT,VALIDE,Facture F-2025-31361
3427,2025-04-02,2,2,2036.13,CHEQUE,VALIDE,Facture F-2025-14006
3428,2025-04-02,28,4,985.75,VIREMENT,EN_ATTENTE,Facture F-2025-32883
3429,2025-04-02,4,3,75.27,ESPECES,VALIDE,Facture F-2025-31623
3430,2025-04-02,NULL,9,1214.69,CARTE,VALIDE,Dépense Fournitures et consommables
3431,2025-04-03,63,4,770.76,VIREMENT,VALIDE,Facture F-2025-49913
3432,2025-04-03,16,1,5643.55,MOBILE_MONEY,VALIDE,Facture F-2025-60545
3433,2025-04-03,47,1,2316.36,CHEQUE,VALIDE,Facture F-2025-13973
3434,2025-04-03,59,3,99.50,VIREMENT,VALIDE,Facture F-2025-12453
3435,2025-04-03,55,2,1073.32,VIREMENT,VALIDE,Facture F-2025-47442
3436,2025-04-03,57,4,596.29,ESPECES,VALIDE,Facture F-2025-69270
3437,2025-04-03,NULL,14,3733.12,VIREMENT,VALIDE,Dépense Informatique et logiciels
3438,2025-04-03,NULL,12,1501.08,MOBILE_MONEY,VALIDE,Dépense Assurances
3439,2025-04-03,NULL,15,321.22,ESPECES,VALIDE,Dépense Intérêts et frais bancaires
3440,2025-04-03,NULL,6,18913.60,ESPECES,VALIDE,Dépense Salaires et charges sociales
3441,2025-04-04,13,5,652.75,MOBILE_MONEY,VALIDE,Facture F-2025-56170
3442,2025-04-04,58,2,1209.28,MOBILE_MONEY,VALIDE,Facture F-2025-76678
3443,2025-04-04,52,2,802.01,MOBILE_MONEY,VALIDE,Facture F-2025-62272
3444,2025-04-04,NULL,6,6557.18,VIREMENT,VALIDE,Dépense Salaires et charges sociales
3445,2025-04-04,NULL,8,598.97,VIREMENT,VALIDE,Dépense Marketing et publicité
3446,2025-04-04,NULL,11,2533.04,VIREMENT,VALIDE,Dépense Transport et logistique
3447,2025-04-05,38,4,1035.84,CHEQUE,VALIDE,Facture F-2025-07076
3448,2025-04-05,63,2,375.29,ESPECES,VALIDE,Facture F-2025-82946
3449,2025-04-05,48,5,443.33,MOBILE_MONEY,VALIDE,Facture F-2025-77199
3450,2025-04-05,28,2,659.28,MOBILE_MONEY,VALIDE,Facture F-2025-33605
3451,2025-04-05,37,1,3344.11,ESPECES,VALIDE,Facture F-2025-03092
3452,2025-04-05,35,5,1324.77,CHEQUE,VALIDE,Facture F-2025-67497
3453,2025-04-05,NULL,12,787.97,VIREMENT,VALIDE,Dépense Assurances
3454,2025-04-05,NULL,11,1437.54,MOBILE_MONEY,VALIDE,Dépense Transport et logistique
3455,2025-04-05,NULL,13,4177.95,VIREMENT,EN_ATTENTE,Dépense Impôts et taxes
3456,2025-04-05,NULL,9,928.20,MOBILE_MONEY,VALIDE,Dépense Fournitures et consommables
3457,2025-04-06,26,5,938.38,CHEQUE,VALIDE,Facture F-2025-17168
3458,2025-04-06,46,4,780.13,CARTE,VALIDE,Facture F-2025-18093
3459,2025-04-06,23,3,59.85,CARTE,EN_ATTENTE,Facture F-2025-65303
3460,2025-04-06,NULL,13,3658.52,MOBILE_MONEY,VALIDE,Dépense Impôts et taxes
3461,2025-04-06,NULL,8,1810.66,CARTE,VALIDE,Dépense Marketing et publicité
3462,2025-04-07,12,2,2003.91,CARTE,VALIDE,Facture F-2025-84993
3463,2025-04-07,52,2,542.48,CHEQUE,VALIDE,Facture F-2025-26057
3464,2025-04-07,31,1,1763.75,CHEQUE,VALIDE,Facture F-2025-08336
3465,2025-04-07,47,1,688.69,MOBILE_MONEY,VALIDE,Facture F-2025-24203
3466,2025-04-07,48,3,133.67,ESPECES,VALIDE,Facture F-2025-37264
3467,2025-04-07,15,2,816.05,ESPECES,VALIDE,Facture F-2025-58402
3468,2025-04-07,9,1,1596.54,CARTE,VALIDE,Facture F-2025-69483
3469,2025-04-07,NULL,14,2983.19,CARTE,VALIDE,Dépense Informatique et logiciels
3470,2025-04-08,39,4,753.60,ESPECES,VALIDE,Facture F-2025-69386
3471,2025-04-08,36,3,113.52,CARTE,VALIDE,Facture F-2025-99330
3472,2025-04-08,20,1,2953.47,VIREMENT,VALIDE,Facture F-2025-65850
3473,2025-04-08,NULL,7,262.57,CARTE,VALIDE,Dépense Loyers et immobilier
3474,2025-04-08,NULL,6,4081.09,ESPECES,VALIDE,Dépense Salaires et charges sociales
3475,2025-04-08,NULL,14,3757.27,ESPECES,EN_ATTENTE,Dépense Informatique et logiciels
3476,2025-04-09,45,2,857.32,CHEQUE,VALIDE,Facture F-2025-30404
3477,2025-04-09,5,4,1176.65,CARTE,VALIDE,Facture F-2025-46742
3478,2025-04-09,29,3,253.80,ESPECES,VALIDE,Facture F-2025-02382
3479,2025-04-09,28,4,236.20,CARTE,VALIDE,Facture F-2025-09358
3480,2025-04-09,18,4,390.68,CARTE,VALIDE,Facture F-2025-91059
3481,2025-04-09,8,2,1086.38,VIREMENT,VALIDE,Facture F-2025-02773
3482,2025-04-09,38,3,156.12,CARTE,VALIDE,Facture F-2025-58702
3483,2025-04-09,NULL,13,2450.96,MOBILE_MONEY,VALIDE,Dépense Impôts et taxes
3484,2025-04-09,NULL,15,348.31,CARTE,VALIDE,Dépense Intérêts et frais bancaires
3485,2025-04-09,NULL,7,4405.95,ESPECES,VALIDE,Dépense Loyers et immobilier
3486,2025-04-10,18,3,375.04,CHEQUE,VALIDE,Facture F-2025-88391
3487,2025-04-10,33,5,1177.15,ESPECES,VALIDE,Facture F-2025-29048
3488,2025-04-10,NULL,9,318.95,MOBILE_MONEY,VALIDE,Dépense Fournitures et consommables
3489,2025-04-11,12,4,1066.87,ESPECES,VALIDE,Facture F-2025-49250
3490,2025-04-11,28,1,4696.22,MOBILE_MONEY,VALIDE,Facture F-2025-02030
3491,2025-04-11,37,1,3406.34,MOBILE_MONEY,VALIDE,Facture F-2025-00895
3492,2025-04-11,13,1,6089.36,MOBILE_MONEY,VALIDE,Facture F-2025-81577
3493,2025-04-11,26,1,3736.81,CARTE,VALIDE,Facture F-2025-01451
3494,2025-04-11,NULL,14,2841.05,MOBILE_MONEY,VALIDE,Dépense Informatique et logiciels
3495,2025-04-12,53,5,820.50,ESPECES,VALIDE,Facture F-2025-37211
3496,2025-04-12,10,1,4630.20,MOBILE_MONEY,VALIDE,Facture F-2025-58311
3497,2025-04-12,33,3,106.65,MOBILE_MONEY,VALIDE,Facture F-2025-99126
3498,2025-04-12,2,1,4145.38,VIREMENT,VALIDE,Facture F-2025-19062
3499,2025-04-12,48,2,1959.31,CARTE,VALIDE,Facture F-2025-03090
3500,2025-04-12,20,3,68.49,ESPECES,VALIDE,Facture F-2025-58034
3501,2025-04-12,54,2,505.82,VIREMENT,VALIDE,Facture F-2025-52007
3502,2025-04-12,64,5,527.13,ESPECES,EN_ATTENTE,Facture F-2025-24468
3503,2025-04-12,NULL,14,3072.23,VIREMENT,VALIDE,Dépense Informatique et logiciels
3504,2025-04-12,NULL,12,670.22,ESPECES,VALIDE,Dépense Assurances
3505,2025-04-12,NULL,6,12389.46,VIREMENT,VALIDE,Dépense Salaires et charges sociales
3506,2025-04-12,NULL,11,358.79,CARTE,VALIDE,Dépense Transport et logistique
3507,2025-04-13,25,2,1778.75,MOBILE_MONEY,VALIDE,Facture F-2025-50263
3508,2025-04-13,4,3,339.58,VIREMENT,VALIDE,Facture F-2025-28231
3509,2025-04-13,3,2,323.31,MOBILE_MONEY,VALIDE,Facture F-2025-21720
3510,2025-04-13,9,1,1749.00,CHEQUE,VALIDE,Facture F-2025-09708
3511,2025-04-13,65,2,520.68,MOBILE_MONEY,VALIDE,Facture F-2025-78382
3512,2025-04-13,45,5,946.31,MOBILE_MONEY,VALIDE,Facture F-2025-19097
3513,2025-04-13,NULL,10,973.25,VIREMENT,VALIDE,Dépense Énergie et eau
3514,2025-04-13,NULL,13,287.58,VIREMENT,VALIDE,Dépense Impôts et taxes
3515,2025-04-13,NULL,6,7355.28,VIREMENT,EN_ATTENTE,Dépense Salaires et charges sociales
3516,2025-04-14,62,4,820.66,ESPECES,VALIDE,Facture F-2025-57145
3517,2025-04-14,4,2,548.98,VIREMENT,VALIDE,Facture F-2025-21155
3518,2025-04-14,46,3,92.68,CHEQUE,VALIDE,Facture F-2025-65223
3519,2025-04-14,65,4,813.26,ESPECES,VALIDE,Facture F-2025-64776
3520,2025-04-14,NULL,10,1672.19,VIREMENT,VALIDE,Dépense Énergie et eau
3521,2025-04-14,NULL,11,1391.98,VIREMENT,VALIDE,Dépense Transport et logistique
3522,2025-04-14,NULL,15,715.05,CARTE,VALIDE,Dépense Intérêts et frais bancaires
3523,2025-04-14,NULL,9,526.61,ESPECES,VALIDE,Dépense Fournitures et consommables
3524,2025-04-15,65,1,5311.67,CARTE,VALIDE,Facture F-2025-09931
3525,2025-04-15,60,5,327.13,CHEQUE,VALIDE,Facture F-2025-06778
3526,2025-04-15,38,5,337.66,CHEQUE,VALIDE,Facture F-2025-44777
3527,2025-04-15,NULL,12,1868.30,CARTE,EN_ATTENTE,Dépense Assurances
3528,2025-04-16,19,5,1272.76,MOBILE_MONEY,VALIDE,Facture F-2025-78778
3529,2025-04-16,16,2,712.69,CHEQUE,VALIDE,Facture F-2025-25630
3530,2025-04-16,5,3,319.92,MOBILE_MONEY,EN_ATTENTE,Facture F-2025-21949
3531,2025-04-16,NULL,12,679.99,CARTE,VALIDE,Dépense Assurances
3532,2025-04-16,NULL,11,1970.33,CARTE,VALIDE,Dépense Transport et logistique
3533,2025-04-16,NULL,9,1347.74,VIREMENT,VALIDE,Dépense Fournitures et consommables
3534,2025-04-17,56,5,809.97,ESPECES,VALIDE,Facture F-2025-29036
3535,2025-04-17,17,5,1242.39,ESPECES,VALIDE,Facture F-2025-43131
3536,2025-04-17,46,1,6676.98,CHEQUE,VALIDE,Facture F-2025-78661
3537,2025-04-17,5,1,1274.35,CARTE,VALIDE,Facture F-2025-09460
3538,2025-04-17,65,4,313.53,MOBILE_MONEY,VALIDE,Facture F-2025-81861
3539,2025-04-17,31,2,601.14,CARTE,VALIDE,Facture F-2025-68931
3540,2025-04-17,2,4,449.64,VIREMENT,VALIDE,Facture F-2025-24709
3541,2025-04-17,NULL,6,15798.57,CARTE,VALIDE,Dépense Salaires et charges sociales
3542,2025-04-18,9,5,1188.36,ESPECES,VALIDE,Facture F-2025-36883
3543,2025-04-18,14,3,302.35,CHEQUE,VALIDE,Facture F-2025-07274
3544,2025-04-18,60,5,446.48,CHEQUE,VALIDE,Facture F-2025-40221
3545,2025-04-18,54,4,509.28,ESPECES,VALIDE,Facture F-2025-15911
3546,2025-04-18,NULL,8,6986.91,VIREMENT,VALIDE,Dépense Marketing et publicité
3547,2025-04-19,40,1,3865.03,ESPECES,VALIDE,Facture F-2025-45893
3548,2025-04-19,3,2,828.80,ESPECES,VALIDE,Facture F-2025-49037
3549,2025-04-19,25,1,3099.49,ESPECES,VALIDE,Facture F-2025-74942
3550,2025-04-19,30,2,738.80,VIREMENT,VALIDE,Facture F-2025-45088
3551,2025-04-19,10,2,1913.75,ESPECES,VALIDE,Facture F-2025-16530
3552,2025-04-19,65,4,1050.59,CHEQUE,VALIDE,Facture F-2025-25214
3553,2025-04-19,51,3,204.44,MOBILE_MONEY,EN_ATTENTE,Facture F-2025-09599
3554,2025-04-20,47,4,453.58,CHEQUE,VALIDE,Facture F-2025-39994
3555,2025-04-20,15,2,723.00,ESPECES,VALIDE,Facture F-2025-38618
3556,2025-04-20,44,3,313.36,ESPECES,VALIDE,Facture F-2025-97510
3557,2025-04-20,51,1,3976.60,VIREMENT,VALIDE,Facture F-2025-54788
3558,2025-04-20,64,3,180.87,ESPECES,VALIDE,Facture F-2025-42865
3559,2025-04-20,NULL,13,2839.99,VIREMENT,VALIDE,Dépense Impôts et taxes
3560,2025-04-20,NULL,13,4469.10,VIREMENT,VALIDE,Dépense Impôts et taxes
3561,2025-04-20,NULL,6,13642.75,ESPECES,VALIDE,Dépense Salaires et charges sociales
3562,2025-04-21,27,1,4266.04,MOBILE_MONEY,VALIDE,Facture F-2025-46041
3563,2025-04-21,60,4,820.53,CHEQUE,VALIDE,Facture F-2025-51510
3564,2025-04-21,11,5,1475.33,VIREMENT,VALIDE,Facture F-2025-82235
3565,2025-04-21,NULL,9,1479.56,MOBILE_MONEY,VALIDE,Dépense Fournitures et consommables
3566,2025-04-21,NULL,14,3351.57,ESPECES,VALIDE,Dépense Informatique et logiciels
3567,2025-04-21,NULL,12,1452.88,ESPECES,VALIDE,Dépense Assurances
3568,2025-04-21,NULL,9,757.20,VIREMENT,VALIDE,Dépense Fournitures et consommables
3569,2025-04-22,54,4,325.59,CARTE,VALIDE,Facture F-2025-10882
3570,2025-04-22,42,1,4794.21,CHEQUE,VALIDE,Facture F-2025-93646
3571,2025-04-22,35,2,1835.68,VIREMENT,VALIDE,Facture F-2025-29391
3572,2025-04-22,22,1,4067.05,CARTE,VALIDE,Facture F-2025-23408
3573,2025-04-22,45,4,617.14,CHEQUE,EN_ATTENTE,Facture F-2025-79858
3574,2025-04-22,53,5,910.60,VIREMENT,VALIDE,Facture F-2025-40925
3575,2025-04-22,55,4,531.36,MOBILE_MONEY,VALIDE,Facture F-2025-93811
3576,2025-04-22,50,2,1881.61,VIREMENT,VALIDE,Facture F-2025-23333
3577,2025-04-22,NULL,7,2271.38,CARTE,VALIDE,Dépense Loyers et immobilier
3578,2025-04-23,22,1,1132.80,VIREMENT,VALIDE,Facture F-2025-49390
3579,2025-04-23,50,4,1076.23,CHEQUE,VALIDE,Facture F-2025-40102
3580,2025-04-23,25,4,941.49,MOBILE_MONEY,VALIDE,Facture F-2025-53270
3581,2025-04-23,23,1,1441.66,CHEQUE,VALIDE,Facture F-2025-28970
3582,2025-04-23,45,2,1214.49,CHEQUE,VALIDE,Facture F-2025-28518
3583,2025-04-23,60,1,1144.28,CARTE,VALIDE,Facture F-2025-20602
3584,2025-04-23,38,1,6039.86,MOBILE_MONEY,VALIDE,Facture F-2025-72262
3585,2025-04-23,42,2,475.79,CARTE,VALIDE,Facture F-2025-53449
3586,2025-04-23,NULL,15,339.67,ESPECES,VALIDE,Dépense Intérêts et frais bancaires
3587,2025-04-24,8,4,515.79,CARTE,VALIDE,Facture F-2025-87989
3588,2025-04-24,1,1,5045.40,VIREMENT,VALIDE,Facture F-2025-43403
3589,2025-04-24,46,3,318.56,CARTE,VALIDE,Facture F-2025-87794
3590,2025-04-24,27,3,366.53,CARTE,VALIDE,Facture F-2025-89906
3591,2025-04-24,50,4,910.01,CARTE,VALIDE,Facture F-2025-80959
3592,2025-04-24,60,3,125.10,CARTE,VALIDE,Facture F-2025-78120
3593,2025-04-24,51,3,296.29,CHEQUE,VALIDE,Facture F-2025-18861
3594,2025-04-24,43,3,433.55,CARTE,VALIDE,Facture F-2025-44693
3595,2025-04-24,NULL,11,4121.60,VIREMENT,VALIDE,Dépense Transport et logistique
3596,2025-04-24,NULL,15,187.86,MOBILE_MONEY,VALIDE,Dépense Intérêts et frais bancaires
3597,2025-04-25,61,4,928.59,VIREMENT,VALIDE,Facture F-2025-68697
3598,2025-04-25,61,4,485.11,CARTE,VALIDE,Facture F-2025-64030
3599,2025-04-25,12,3,294.03,CHEQUE,VALIDE,Facture F-2025-12086
3600,2025-04-25,NULL,15,298.83,VIREMENT,VALIDE,Dépense Intérêts et frais bancaires
3601,2025-04-26,13,3,313.38,MOBILE_MONEY,VALIDE,Facture F-2025-62352
3602,2025-04-26,25,3,262.89,VIREMENT,VALIDE,Facture F-2025-50590
3603,2025-04-26,65,2,364.34,CHEQUE,VALIDE,Facture F-2025-07431
3604,2025-04-26,60,4,918.92,VIREMENT,VALIDE,Facture F-2025-53475
3605,2025-04-26,11,1,2823.50,CHEQUE,VALIDE,Facture F-2025-77593
3606,2025-04-26,22,3,69.42,VIREMENT,VALIDE,Facture F-2025-24631
3607,2025-04-26,NULL,10,1590.44,CARTE,VALIDE,Dépense Énergie et eau
3608,2025-04-26,NULL,9,1626.84,VIREMENT,VALIDE,Dépense Fournitures et consommables
3609,2025-04-27,44,5,1331.85,CHEQUE,VALIDE,Facture F-2025-83492
3610,2025-04-27,5,2,970.60,ESPECES,VALIDE,Facture F-2025-92235
3611,2025-04-27,5,4,277.85,ESPECES,VALIDE,Facture F-2025-94211
3612,2025-04-27,56,4,283.16,CHEQUE,VALIDE,Facture F-2025-23951
3613,2025-04-27,2,3,250.40,ESPECES,VALIDE,Facture F-2025-35516
3614,2025-04-27,40,5,550.06,ESPECES,EN_ATTENTE,Facture F-2025-73339
3615,2025-04-27,60,3,162.10,ESPECES,VALIDE,Facture F-2025-51273
3616,2025-04-27,NULL,15,680.99,CARTE,VALIDE,Dépense Intérêts et frais bancaires
3617,2025-04-27,NULL,8,2882.94,CARTE,VALIDE,Dépense Marketing et publicité
3618,2025-04-27,NULL,14,1634.05,MOBILE_MONEY,VALIDE,Dépense Informatique et logiciels
3619,2025-04-28,46,5,1213.33,CARTE,VALIDE,Facture F-2025-62486
3620,2025-04-28,19,2,1606.25,CARTE,VALIDE,Facture F-2025-04529
3621,2025-04-28,21,1,2637.44,CHEQUE,VALIDE,Facture F-2025-05636
3622,2025-04-28,11,4,1017.58,ESPECES,VALIDE,Facture F-2025-81790
3623,2025-04-28,NULL,13,1676.50,ESPECES,VALIDE,Dépense Impôts et taxes
3624,2025-04-28,NULL,12,1359.16,VIREMENT,VALIDE,Dépense Assurances
3625,2025-04-29,48,2,1556.00,CHEQUE,VALIDE,Facture F-2025-76406
3626,2025-04-29,4,3,395.33,VIREMENT,VALIDE,Facture F-2025-64404
3627,2025-04-29,28,4,264.33,CHEQUE,VALIDE,Facture F-2025-11402
3628,2025-04-29,NULL,9,465.95,MOBILE_MONEY,VALIDE,Dépense Fournitures et consommables
3629,2025-04-30,5,2,866.42,CARTE,EN_ATTENTE,Facture F-2025-49647
3630,2025-04-30,54,2,915.69,ESPECES,VALIDE,Facture F-2025-84217
3631,2025-04-30,12,3,163.95,ESPECES,EN_ATTENTE,Facture F-2025-64593
3632,2025-04-30,29,1,7205.02,ESPECES,VALIDE,Facture F-2025-36637
3633,2025-04-30,NULL,8,2928.94,CARTE,VALIDE,Dépense Marketing et publicité
3634,2025-04-30,NULL,6,18335.06,ESPECES,VALIDE,Dépense Salaires et charges sociales
3635,2025-05-01,7,4,387.96,ESPECES,VALIDE,Facture F-2025-49025
3636,2025-05-01,32,5,877.45,CARTE,VALIDE,Facture F-2025-66954
3637,2025-05-01,54,3,222.41,VIREMENT,VALIDE,Facture F-2025-76142
3638,2025-05-01,45,3,315.88,CARTE,VALIDE,Facture F-2025-26337
3639,2025-05-01,34,3,134.16,CHEQUE,VALIDE,Facture F-2025-08589
3640,2025-05-01,5,2,1240.61,ESPECES,VALIDE,Facture F-2025-99975
3641,2025-05-01,NULL,10,1678.84,CARTE,VALIDE,Dépense Énergie et eau
3642,2025-05-02,15,2,572.57,MOBILE_MONEY,EN_ATTENTE,Facture F-2025-13018
3643,2025-05-02,30,2,575.92,CARTE,VALIDE,Facture F-2025-88705
3644,2025-05-02,45,5,1281.31,MOBILE_MONEY,VALIDE,Facture F-2025-20980
3645,2025-05-02,37,4,1079.12,CHEQUE,VALIDE,Facture F-2025-42917
3646,2025-05-02,31,1,6655.67,CARTE,VALIDE,Facture F-2025-76049
3647,2025-05-02,NULL,8,7268.96,CARTE,VALIDE,Dépense Marketing et publicité
3648,2025-05-02,NULL,11,2599.05,CARTE,VALIDE,Dépense Transport et logistique
3649,2025-05-02,NULL,15,260.09,ESPECES,VALIDE,Dépense Intérêts et frais bancaires
3650,2025-05-03,64,3,228.00,CARTE,VALIDE,Facture F-2025-94597
3651,2025-05-03,7,2,892.29,VIREMENT,VALIDE,Facture F-2025-49714
3652,2025-05-03,62,3,433.21,CHEQUE,VALIDE,Facture F-2025-75209
3653,2025-05-03,1,1,6644.79,CARTE,VALIDE,Facture F-2025-98479
3654,2025-05-03,NULL,14,4015.26,MOBILE_MONEY,VALIDE,Dépense Informatique et logiciels
3655,2025-05-04,59,2,1689.08,CHEQUE,VALIDE,Facture F-2025-15729
3656,2025-05-04,31,2,628.98,ESPECES,VALIDE,Facture F-2025-85795
3657,2025-05-04,13,3,168.30,MOBILE_MONEY,VALIDE,Facture F-2025-54658
3658,2025-05-04,NULL,12,896.79,MOBILE_MONEY,VALIDE,Dépense Assurances
3659,2025-05-05,3,4,558.63,CARTE,VALIDE,Facture F-2025-30551
3660,2025-05-05,43,5,950.77,VIREMENT,VALIDE,Facture F-2025-46741
3661,2025-05-05,16,5,809.35,MOBILE_MONEY,VALIDE,Facture F-2025-56839
3662,2025-05-05,NULL,10,1659.70,ESPECES,VALIDE,Dépense Énergie et eau
3663,2025-05-05,NULL,12,2482.81,ESPECES,VALIDE,Dépense Assurances
3664,2025-05-05,NULL,13,3278.21,MOBILE_MONEY,VALIDE,Dépense Impôts et taxes
3665,2025-05-05,NULL,13,519.80,VIREMENT,VALIDE,Dépense Impôts et taxes
3666,2025-05-06,63,4,817.94,VIREMENT,VALIDE,Facture F-2025-87359
3667,2025-05-06,60,5,1342.60,CARTE,VALIDE,Facture F-2025-58650
3668,2025-05-06,8,1,671.41,CHEQUE,VALIDE,Facture F-2025-91191
3669,2025-05-06,14,1,3909.41,ESPECES,VALIDE,Facture F-2025-06551
3670,2025-05-06,20,2,1361.34,CARTE,VALIDE,Facture F-2025-38077
3671,2025-05-06,7,5,1472.42,CHEQUE,VALIDE,Facture F-2025-64924
3672,2025-05-06,NULL,6,12290.81,VIREMENT,VALIDE,Dépense Salaires et charges sociales
3673,2025-05-06,NULL,14,4056.00,MOBILE_MONEY,VALIDE,Dépense Informatique et logiciels
3674,2025-05-06,NULL,15,456.88,CARTE,VALIDE,Dépense Intérêts et frais bancaires
3675,2025-05-07,38,3,103.83,CARTE,VALIDE,Facture F-2025-86549
3676,2025-05-07,6,2,1096.30,ESPECES,VALIDE,Facture F-2025-99330
3677,2025-05-07,39,3,225.65,MOBILE_MONEY,VALIDE,Facture F-2025-43996
3678,2025-05-07,NULL,6,6731.22,MOBILE_MONEY,VALIDE,Dépense Salaires et charges sociales
3679,2025-05-07,NULL,12,2048.68,VIREMENT,VALIDE,Dépense Assurances
3680,2025-05-08,50,5,474.65,MOBILE_MONEY,VALIDE,Facture F-2025-62260
3681,2025-05-08,46,4,574.43,MOBILE_MONEY,VALIDE,Facture F-2025-66451
3682,2025-05-08,30,5,1008.54,CARTE,VALIDE,Facture F-2025-81932
3683,2025-05-08,40,2,1011.45,MOBILE_MONEY,VALIDE,Facture F-2025-31863
3684,2025-05-08,63,3,75.10,CHEQUE,VALIDE,Facture F-2025-26936
3685,2025-05-08,44,1,945.64,CARTE,VALIDE,Facture F-2025-05519
3686,2025-05-08,NULL,15,99.85,ESPECES,VALIDE,Dépense Intérêts et frais bancaires
3687,2025-05-08,NULL,13,2502.41,CARTE,VALIDE,Dépense Impôts et taxes
3688,2025-05-08,NULL,9,2437.04,CARTE,VALIDE,Dépense Fournitures et consommables
3689,2025-05-08,NULL,14,2212.80,MOBILE_MONEY,VALIDE,Dépense Informatique et logiciels
3690,2025-05-09,61,1,2762.94,VIREMENT,VALIDE,Facture F-2025-58051
3691,2025-05-09,22,1,4559.67,CHEQUE,VALIDE,Facture F-2025-90835
3692,2025-05-09,10,2,1410.12,VIREMENT,VALIDE,Facture F-2025-00870
3693,2025-05-09,1,3,368.43,ESPECES,VALIDE,Facture F-2025-83813
3694,2025-05-09,NULL,9,1524.06,MOBILE_MONEY,VALIDE,Dépense Fournitures et consommables
3695,2025-05-09,NULL,9,869.48,MOBILE_MONEY,VALIDE,Dépense Fournitures et consommables
3696,2025-05-09,NULL,9,585.20,VIREMENT,VALIDE,Dépense Fournitures et consommables
3697,2025-05-10,10,1,3419.62,CHEQUE,VALIDE,Facture F-2025-26777
3698,2025-05-10,2,3,220.62,VIREMENT,VALIDE,Facture F-2025-42669
3699,2025-05-10,64,3,269.80,CARTE,VALIDE,Facture F-2025-08347
3700,2025-05-10,NULL,8,7924.94,ESPECES,VALIDE,Dépense Marketing et publicité
3701,2025-05-11,17,5,1204.33,CHEQUE,VALIDE,Facture F-2025-83446
3702,2025-05-11,64,2,251.48,CHEQUE,VALIDE,Facture F-2025-20603
3703,2025-05-11,40,3,321.15,CHEQUE,VALIDE,Facture F-2025-68360
3704,2025-05-11,3,3,424.47,VIREMENT,VALIDE,Facture F-2025-10112
3705,2025-05-11,44,1,5913.02,CHEQUE,VALIDE,Facture F-2025-85259
3706,2025-05-11,50,5,561.76,CARTE,VALIDE,Facture F-2025-04588
3707,2025-05-11,36,5,1432.89,ESPECES,VALIDE,Facture F-2025-94580
3708,2025-05-11,33,5,1363.80,VIREMENT,VALIDE,Facture F-2025-79570
3709,2025-05-11,NULL,13,1573.51,MOBILE_MONEY,VALIDE,Dépense Impôts et taxes
3710,2025-05-11,NULL,7,1522.69,MOBILE_MONEY,VALIDE,Dépense Loyers et immobilier
3711,2025-05-11,NULL,9,1064.46,VIREMENT,VALIDE,Dépense Fournitures et consommables
3712,2025-05-11,NULL,11,4990.14,ESPECES,VALIDE,Dépense Transport et logistique
3713,2025-05-12,54,2,843.93,MOBILE_MONEY,VALIDE,Facture F-2025-42424
3714,2025-05-12,18,1,870.34,VIREMENT,VALIDE,Facture F-2025-84007
3715,2025-05-12,22,2,1855.71,CARTE,VALIDE,Facture F-2025-80187
3716,2025-05-12,18,3,354.56,MOBILE_MONEY,VALIDE,Facture F-2025-37909
3717,2025-05-12,NULL,10,1512.36,ESPECES,EN_ATTENTE,Dépense Énergie et eau
3718,2025-05-13,25,5,448.85,CHEQUE,VALIDE,Facture F-2025-76778
3719,2025-05-13,42,1,5023.72,ESPECES,VALIDE,Facture F-2025-12057
3720,2025-05-13,8,4,667.96,MOBILE_MONEY,VALIDE,Facture F-2025-98230
3721,2025-05-13,58,2,875.17,VIREMENT,VALIDE,Facture F-2025-08702
3722,2025-05-13,43,5,645.97,MOBILE_MONEY,VALIDE,Facture F-2025-64459
3723,2025-05-14,55,1,6555.39,CARTE,VALIDE,Facture F-2025-34105
3724,2025-05-14,7,2,1889.19,VIREMENT,VALIDE,Facture F-2025-74176
3725,2025-05-14,61,4,961.36,MOBILE_MONEY,VALIDE,Facture F-2025-05394
3726,2025-05-14,63,4,1143.88,CARTE,EN_ATTENTE,Facture F-2025-34882
3727,2025-05-14,NULL,14,2641.47,CARTE,VALIDE,Dépense Informatique et logiciels
3728,2025-05-14,NULL,11,5620.03,CARTE,VALIDE,Dépense Transport et logistique
3729,2025-05-15,9,4,571.35,CARTE,VALIDE,Facture F-2025-46427
3730,2025-05-15,2,3,307.44,CHEQUE,VALIDE,Facture F-2025-10018
3731,2025-05-15,59,4,786.19,CARTE,VALIDE,Facture F-2025-83010
3732,2025-05-15,27,3,167.02,CARTE,VALIDE,Facture F-2025-92216
3733,2025-05-15,28,4,370.56,ESPECES,VALIDE,Facture F-2025-19407
3734,2025-05-15,6,4,397.36,VIREMENT,VALIDE,Facture F-2025-26603
3735,2025-05-15,NULL,12,160.27,VIREMENT,VALIDE,Dépense Assurances
3736,2025-05-15,NULL,9,1863.12,MOBILE_MONEY,VALIDE,Dépense Fournitures et consommables
3737,2025-05-15,NULL,12,2676.56,ESPECES,VALIDE,Dépense Assurances
3738,2025-05-16,53,3,178.46,CHEQUE,VALIDE,Facture F-2025-32352
3739,2025-05-16,34,5,1382.15,VIREMENT,VALIDE,Facture F-2025-88368
3740,2025-05-16,21,1,512.69,CARTE,VALIDE,Facture F-2025-54895
3741,2025-05-16,NULL,13,1724.64,MOBILE_MONEY,VALIDE,Dépense Impôts et taxes
3742,2025-05-16,NULL,10,1262.05,VIREMENT,VALIDE,Dépense Énergie et eau
3743,2025-05-16,NULL,10,611.54,MOBILE_MONEY,VALIDE,Dépense Énergie et eau
3744,2025-05-17,59,4,445.00,CHEQUE,VALIDE,Facture F-2025-54043
3745,2025-05-17,26,5,945.53,VIREMENT,VALIDE,Facture F-2025-21024
3746,2025-05-17,64,4,889.23,MOBILE_MONEY,VALIDE,Facture F-2025-46888
3747,2025-05-17,25,5,332.53,CHEQUE,VALIDE,Facture F-2025-84780
3748,2025-05-17,1,4,1127.72,CARTE,VALIDE,Facture F-2025-95293
3749,2025-05-17,5,4,1183.09,MOBILE_MONEY,VALIDE,Facture F-2025-75593
3750,2025-05-17,NULL,14,1276.99,ESPECES,VALIDE,Dépense Informatique et logiciels
3751,2025-05-18,18,5,685.68,VIREMENT,VALIDE,Facture F-2025-59126
3752,2025-05-18,4,2,576.98,CARTE,VALIDE,Facture F-2025-72040
3753,2025-05-18,8,2,1878.01,MOBILE_MONEY,VALIDE,Facture F-2025-45183
3754,2025-05-18,59,2,1686.06,CHEQUE,VALIDE,Facture F-2025-63802
3755,2025-05-18,26,3,275.87,ESPECES,VALIDE,Facture F-2025-98804
3756,2025-05-18,35,1,2948.44,MOBILE_MONEY,VALIDE,Facture F-2025-25114
3757,2025-05-18,NULL,15,605.79,MOBILE_MONEY,VALIDE,Dépense Intérêts et frais bancaires
3758,2025-05-18,NULL,10,1853.68,ESPECES,VALIDE,Dépense Énergie et eau
3759,2025-05-19,41,1,5089.40,VIREMENT,EN_ATTENTE,Facture F-2025-16666
3760,2025-05-19,43,4,608.10,VIREMENT,VALIDE,Facture F-2025-54835
3761,2025-05-19,55,2,819.63,CARTE,VALIDE,Facture F-2025-25885
3762,2025-05-19,1,2,2076.47,MOBILE_MONEY,EN_ATTENTE,Facture F-2025-46930
3763,2025-05-19,18,1,7208.14,CHEQUE,VALIDE,Facture F-2025-02326
3764,2025-05-19,40,1,4952.01,CHEQUE,VALIDE,Facture F-2025-67192
3765,2025-05-19,65,4,390.25,VIREMENT,EN_ATTENTE,Facture F-2025-83253
3766,2025-05-19,NULL,7,4357.87,MOBILE_MONEY,VALIDE,Dépense Loyers et immobilier
3767,2025-05-19,NULL,13,856.00,ESPECES,VALIDE,Dépense Impôts et taxes
3768,2025-05-19,NULL,6,15124.25,CARTE,VALIDE,Dépense Salaires et charges sociales
3769,2025-05-19,NULL,10,142.98,CARTE,VALIDE,Dépense Énergie et eau
3770,2025-05-20,46,2,1514.69,VIREMENT,VALIDE,Facture F-2025-43243
3771,2025-05-20,38,5,1454.64,ESPECES,VALIDE,Facture F-2025-98003
3772,2025-05-20,4,5,630.27,CARTE,VALIDE,Facture F-2025-06703
3773,2025-05-20,8,4,811.81,MOBILE_MONEY,VALIDE,Facture F-2025-74049
3774,2025-05-20,18,2,1095.67,CHEQUE,VALIDE,Facture F-2025-68528
3775,2025-05-20,38,5,420.82,ESPECES,VALIDE,Facture F-2025-03280
3776,2025-05-20,NULL,10,1447.38,CARTE,VALIDE,Dépense Énergie et eau
3777,2025-05-20,NULL,13,2903.71,MOBILE_MONEY,VALIDE,Dépense Impôts et taxes
3778,2025-05-20,NULL,14,2204.56,MOBILE_MONEY,VALIDE,Dépense Informatique et logiciels
3779,2025-05-21,37,1,5116.64,VIREMENT,VALIDE,Facture F-2025-43411
3780,2025-05-21,43,1,5309.91,CARTE,VALIDE,Facture F-2025-23328
3781,2025-05-21,26,3,332.86,MOBILE_MONEY,VALIDE,Facture F-2025-35555
3782,2025-05-21,48,5,1227.47,VIREMENT,VALIDE,Facture F-2025-00475
3783,2025-05-21,42,2,571.92,ESPECES,VALIDE,Facture F-2025-04934
3784,2025-05-21,56,1,2505.07,ESPECES,VALIDE,Facture F-2025-62101
3785,2025-05-21,NULL,15,428.19,CARTE,EN_ATTENTE,Dépense Intérêts et frais bancaires
3786,2025-05-21,NULL,13,3903.48,ESPECES,VALIDE,Dépense Impôts et taxes
3787,2025-05-22,6,3,367.16,CARTE,VALIDE,Facture F-2025-94550
3788,2025-05-22,3,5,581.99,MOBILE_MONEY,VALIDE,Facture F-2025-24369
3789,2025-05-22,20,3,166.56,CHEQUE,VALIDE,Facture F-2025-03388
3790,2025-05-22,49,5,1326.66,ESPECES,VALIDE,Facture F-2025-09971
3791,2025-05-22,17,5,937.29,CHEQUE,VALIDE,Facture F-2025-27726
3792,2025-05-22,13,1,7006.74,MOBILE_MONEY,VALIDE,Facture F-2025-50897
3793,2025-05-22,3,5,880.61,CHEQUE,VALIDE,Facture F-2025-93785
3794,2025-05-22,11,4,590.91,CARTE,VALIDE,Facture F-2025-89924
3795,2025-05-22,NULL,11,4151.69,MOBILE_MONEY,EN_ATTENTE,Dépense Transport et logistique
3796,2025-05-22,NULL,13,2509.72,VIREMENT,VALIDE,Dépense Impôts et taxes
3797,2025-05-22,NULL,11,1943.89,VIREMENT,VALIDE,Dépense Transport et logistique
3798,2025-05-23,15,4,1061.84,MOBILE_MONEY,VALIDE,Facture F-2025-84013
3799,2025-05-23,65,1,5180.70,MOBILE_MONEY,VALIDE,Facture F-2025-72309
3800,2025-05-23,50,1,2076.31,MOBILE_MONEY,VALIDE,Facture F-2025-61911
3801,2025-05-23,17,4,571.05,ESPECES,VALIDE,Facture F-2025-45318
3802,2025-05-23,29,2,488.34,ESPECES,VALIDE,Facture F-2025-01822
3803,2025-05-23,61,1,1016.48,MOBILE_MONEY,VALIDE,Facture F-2025-18384
3804,2025-05-23,58,4,544.54,CARTE,VALIDE,Facture F-2025-89206
3805,2025-05-23,42,4,396.41,MOBILE_MONEY,VALIDE,Facture F-2025-82942
3806,2025-05-23,NULL,14,2053.79,ESPECES,VALIDE,Dépense Informatique et logiciels
3807,2025-05-23,NULL,9,875.77,VIREMENT,VALIDE,Dépense Fournitures et consommables
3808,2025-05-24,30,3,89.94,CARTE,VALIDE,Facture F-2025-70060
3809,2025-05-24,43,1,6376.60,ESPECES,VALIDE,Facture F-2025-48148
3810,2025-05-24,60,4,781.12,CHEQUE,VALIDE,Facture F-2025-49314
3811,2025-05-24,33,5,918.44,CHEQUE,VALIDE,Facture F-2025-08938
3812,2025-05-24,NULL,8,1152.62,VIREMENT,VALIDE,Dépense Marketing et publicité
3813,2025-05-24,NULL,6,19751.89,ESPECES,VALIDE,Dépense Salaires et charges sociales
3814,2025-05-24,NULL,8,1932.32,MOBILE_MONEY,VALIDE,Dépense Marketing et publicité
3815,2025-05-25,44,3,66.58,CHEQUE,EN_ATTENTE,Facture F-2025-47033
3816,2025-05-25,32,1,6685.43,VIREMENT,VALIDE,Facture F-2025-42500
3817,2025-05-25,31,1,6977.68,CARTE,VALIDE,Facture F-2025-08128
3818,2025-05-25,30,4,257.26,ESPECES,VALIDE,Facture F-2025-64530
3819,2025-05-25,26,1,5939.50,VIREMENT,VALIDE,Facture F-2025-20745
3820,2025-05-25,28,5,1136.75,CHEQUE,VALIDE,Facture F-2025-02271
3821,2025-05-25,50,3,97.89,VIREMENT,VALIDE,Facture F-2025-29043
3822,2025-05-25,NULL,15,770.27,MOBILE_MONEY,VALIDE,Dépense Intérêts et frais bancaires
3823,2025-05-25,NULL,11,1618.64,MOBILE_MONEY,VALIDE,Dépense Transport et logistique
3824,2025-05-25,NULL,9,413.59,CARTE,VALIDE,Dépense Fournitures et consommables
3825,2025-05-26,25,1,5929.13,CARTE,VALIDE,Facture F-2025-50656
3826,2025-05-26,6,2,1064.11,CARTE,VALIDE,Facture F-2025-43817
3827,2025-05-26,22,3,72.44,CARTE,VALIDE,Facture F-2025-36113
3828,2025-05-26,6,5,1396.69,CHEQUE,VALIDE,Facture F-2025-21448
3829,2025-05-26,19,5,876.75,CARTE,VALIDE,Facture F-2025-52992
3830,2025-05-26,50,4,1027.61,MOBILE_MONEY,VALIDE,Facture F-2025-46524
3831,2025-05-26,47,4,941.93,ESPECES,VALIDE,Facture F-2025-51462
3832,2025-05-26,28,1,4266.38,ESPECES,VALIDE,Facture F-2025-30343
3833,2025-05-26,NULL,10,1996.57,ESPECES,VALIDE,Dépense Énergie et eau
3834,2025-05-27,49,3,150.95,CARTE,VALIDE,Facture F-2025-47369
3835,2025-05-27,19,5,988.01,ESPECES,EN_ATTENTE,Facture F-2025-08641
3836,2025-05-27,48,1,1066.26,MOBILE_MONEY,VALIDE,Facture F-2025-45328
3837,2025-05-27,59,5,1405.41,CHEQUE,VALIDE,Facture F-2025-74671
3838,2025-05-27,39,2,1912.28,CHEQUE,VALIDE,Facture F-2025-73704
3839,2025-05-27,18,4,452.58,ESPECES,VALIDE,Facture F-2025-92106
3840,2025-05-27,NULL,12,987.52,CARTE,VALIDE,Dépense Assurances
3841,2025-05-27,NULL,10,440.94,CARTE,VALIDE,Dépense Énergie et eau
3842,2025-05-28,15,4,398.64,VIREMENT,EN_ATTENTE,Facture F-2025-25887
3843,2025-05-28,59,1,1050.37,CARTE,VALIDE,Facture F-2025-65545
3844,2025-05-28,60,2,1076.19,CHEQUE,VALIDE,Facture F-2025-93065
3845,2025-05-28,15,4,475.43,CHEQUE,VALIDE,Facture F-2025-07803
3846,2025-05-28,8,4,758.33,ESPECES,VALIDE,Facture F-2025-05046
3847,2025-05-28,47,3,387.64,CHEQUE,VALIDE,Facture F-2025-18041
3848,2025-05-28,32,3,125.92,CHEQUE,VALIDE,Facture F-2025-66601
3849,2025-05-28,62,2,1367.61,ESPECES,VALIDE,Facture F-2025-85590
3850,2025-05-28,NULL,15,545.34,CARTE,VALIDE,Dépense Intérêts et frais bancaires
3851,2025-05-29,14,3,286.35,MOBILE_MONEY,VALIDE,Facture F-2025-30202
3852,2025-05-29,53,4,1033.72,VIREMENT,VALIDE,Facture F-2025-27675
3853,2025-05-29,62,4,643.16,MOBILE_MONEY,VALIDE,Facture F-2025-00752
3854,2025-05-29,30,1,591.03,CARTE,VALIDE,Facture F-2025-05420
3855,2025-05-29,42,4,1086.97,VIREMENT,VALIDE,Facture F-2025-41081
3856,2025-05-29,41,3,203.42,VIREMENT,VALIDE,Facture F-2025-49177
3857,2025-05-29,62,4,891.86,CHEQUE,EN_ATTENTE,Facture F-2025-41092
3858,2025-05-29,NULL,15,315.04,CARTE,VALIDE,Dépense Intérêts et frais bancaires
3859,2025-05-29,NULL,13,3310.28,VIREMENT,VALIDE,Dépense Impôts et taxes
3860,2025-05-29,NULL,15,751.22,MOBILE_MONEY,VALIDE,Dépense Intérêts et frais bancaires
3861,2025-05-29,NULL,13,368.08,VIREMENT,VALIDE,Dépense Impôts et taxes
3862,2025-05-30,61,3,148.27,CARTE,VALIDE,Facture F-2025-23037
3863,2025-05-30,56,1,7040.72,MOBILE_MONEY,VALIDE,Facture F-2025-32851
3864,2025-05-30,17,1,1583.94,ESPECES,VALIDE,Facture F-2025-09293
3865,2025-05-30,18,5,1054.93,MOBILE_MONEY,VALIDE,Facture F-2025-81398
3866,2025-05-30,46,3,369.52,VIREMENT,VALIDE,Facture F-2025-30533
3867,2025-05-30,7,3,154.20,CARTE,VALIDE,Facture F-2025-98492
3868,2025-05-30,NULL,13,1075.07,VIREMENT,VALIDE,Dépense Impôts et taxes
3869,2025-05-31,60,1,557.92,ESPECES,VALIDE,Facture F-2025-78685
3870,2025-05-31,15,2,560.25,ESPECES,VALIDE,Facture F-2025-12669
3871,2025-05-31,21,1,1637.74,CHEQUE,VALIDE,Facture F-2025-40518
3872,2025-05-31,12,2,342.64,CHEQUE,VALIDE,Facture F-2025-31058
3873,2025-05-31,23,2,2114.29,CHEQUE,VALIDE,Facture F-2025-26524
3874,2025-05-31,3,4,1116.14,ESPECES,VALIDE,Facture F-2025-16321
3875,2025-05-31,42,3,426.40,VIREMENT,VALIDE,Facture F-2025-25323
3876,2025-05-31,NULL,10,897.11,MOBILE_MONEY,VALIDE,Dépense Énergie et eau
3877,2025-05-31,NULL,9,1011.68,ESPECES,VALIDE,Dépense Fournitures et consommables
3878,2025-05-31,NULL,10,307.38,VIREMENT,VALIDE,Dépense Énergie et eau
3879,2025-06-01,47,5,1183.16,ESPECES,VALIDE,Facture F-2025-27027
3880,2025-06-01,60,1,1694.18,CHEQUE,VALIDE,Facture F-2025-98649
3881,2025-06-01,29,5,991.02,VIREMENT,VALIDE,Facture F-2025-11488
3882,2025-06-01,3,2,954.17,MOBILE_MONEY,EN_ATTENTE,Facture F-2025-31751
3883,2025-06-01,1,2,1959.06,VIREMENT,VALIDE,Facture F-2025-42158
3884,2025-06-01,28,4,1129.75,VIREMENT,VALIDE,Facture F-2025-93831
3885,2025-06-01,45,4,515.95,MOBILE_MONEY,VALIDE,Facture F-2025-58645
3886,2025-06-01,NULL,13,3104.97,VIREMENT,VALIDE,Dépense Impôts et taxes
3887,2025-06-02,61,2,288.63,VIREMENT,VALIDE,Facture F-2025-93699
3888,2025-06-02,42,2,893.07,CHEQUE,VALIDE,Facture F-2025-22382
3889,2025-06-02,37,5,633.65,MOBILE_MONEY,VALIDE,Facture F-2025-02314
3890,2025-06-02,NULL,11,6069.70,VIREMENT,VALIDE,Dépense Transport et logistique
3891,2025-06-02,NULL,7,544.23,CARTE,VALIDE,Dépense Loyers et immobilier
3892,2025-06-02,NULL,15,575.60,ESPECES,EN_ATTENTE,Dépense Intérêts et frais bancaires
3893,2025-06-03,34,3,58.33,CHEQUE,VALIDE,Facture F-2025-81868
3894,2025-06-03,64,4,1007.75,VIREMENT,VALIDE,Facture F-2025-05402
3895,2025-06-03,30,4,291.10,CARTE,VALIDE,Facture F-2025-47152
3896,2025-06-03,61,5,330.94,MOBILE_MONEY,VALIDE,Facture F-2025-62925
3897,2025-06-03,57,1,6568.40,VIREMENT,VALIDE,Facture F-2025-45966
3898,2025-06-03,NULL,12,2157.09,VIREMENT,VALIDE,Dépense Assurances
3899,2025-06-04,6,3,441.75,CARTE,VALIDE,Facture F-2025-88579
3900,2025-06-04,43,1,1151.48,CARTE,VALIDE,Facture F-2025-03443
3901,2025-06-04,54,3,188.49,CARTE,VALIDE,Facture F-2025-89261
3902,2025-06-04,8,1,1147.10,CARTE,VALIDE,Facture F-2025-47813
3903,2025-06-04,7,3,433.62,MOBILE_MONEY,VALIDE,Facture F-2025-06724
3904,2025-06-04,18,5,1060.18,VIREMENT,VALIDE,Facture F-2025-31325
3905,2025-06-04,NULL,10,1036.05,VIREMENT,VALIDE,Dépense Énergie et eau
3906,2025-06-04,NULL,12,1891.70,VIREMENT,VALIDE,Dépense Assurances
3907,2025-06-05,59,4,450.01,CHEQUE,EN_ATTENTE,Facture F-2025-59955
3908,2025-06-05,61,4,641.19,MOBILE_MONEY,VALIDE,Facture F-2025-55731
3909,2025-06-05,43,3,400.90,ESPECES,VALIDE,Facture F-2025-22098
3910,2025-06-05,58,4,475.57,CHEQUE,EN_ATTENTE,Facture F-2025-82376
3911,2025-06-05,61,5,303.33,VIREMENT,VALIDE,Facture F-2025-50406
3912,2025-06-05,25,3,114.40,CHEQUE,VALIDE,Facture F-2025-78984
3913,2025-06-05,NULL,9,459.34,MOBILE_MONEY,VALIDE,Dépense Fournitures et consommables
3914,2025-06-06,29,5,1151.03,VIREMENT,VALIDE,Facture F-2025-62279
3915,2025-06-06,24,3,229.42,ESPECES,EN_ATTENTE,Facture F-2025-78817
3916,2025-06-06,21,4,595.31,CHEQUE,VALIDE,Facture F-2025-09011
3917,2025-06-06,54,3,399.17,CHEQUE,VALIDE,Facture F-2025-56790
3918,2025-06-06,NULL,10,1093.61,MOBILE_MONEY,VALIDE,Dépense Énergie et eau
3919,2025-06-06,NULL,9,718.43,VIREMENT,VALIDE,Dépense Fournitures et consommables
3920,2025-06-06,NULL,6,5560.30,CARTE,VALIDE,Dépense Salaires et charges sociales
3921,2025-06-07,30,4,640.63,CHEQUE,VALIDE,Facture F-2025-24656
3922,2025-06-07,4,3,294.18,ESPECES,VALIDE,Facture F-2025-20785
3923,2025-06-07,58,3,408.81,ESPECES,VALIDE,Facture F-2025-13654
3924,2025-06-07,50,2,378.20,ESPECES,VALIDE,Facture F-2025-43337
3925,2025-06-07,60,5,339.27,VIREMENT,VALIDE,Facture F-2025-46628
3926,2025-06-07,33,3,352.26,VIREMENT,VALIDE,Facture F-2025-88679
3927,2025-06-07,38,5,706.21,CHEQUE,VALIDE,Facture F-2025-26748
3928,2025-06-07,54,5,734.10,ESPECES,VALIDE,Facture F-2025-97555
3929,2025-06-07,NULL,12,928.81,ESPECES,VALIDE,Dépense Assurances
3930,2025-06-07,NULL,11,4032.36,CARTE,VALIDE,Dépense Transport et logistique
3931,2025-06-07,NULL,11,1830.70,CARTE,VALIDE,Dépense Transport et logistique
3932,2025-06-08,8,5,1219.78,VIREMENT,VALIDE,Facture F-2025-66727
3933,2025-06-08,31,4,435.45,CARTE,VALIDE,Facture F-2025-38633
3934,2025-06-08,14,3,294.65,CARTE,VALIDE,Facture F-2025-40175
3935,2025-06-08,24,3,157.50,ESPECES,VALIDE,Facture F-2025-80343
3936,2025-06-08,59,1,2602.82,VIREMENT,VALIDE,Facture F-2025-23320
3937,2025-06-08,3,1,5782.75,VIREMENT,EN_ATTENTE,Facture F-2025-36511
3938,2025-06-08,NULL,14,2573.08,MOBILE_MONEY,VALIDE,Dépense Informatique et logiciels
3939,2025-06-08,NULL,9,600.81,VIREMENT,VALIDE,Dépense Fournitures et consommables
3940,2025-06-08,NULL,7,840.61,VIREMENT,VALIDE,Dépense Loyers et immobilier
3941,2025-06-09,15,1,7031.46,CARTE,VALIDE,Facture F-2025-60807
3942,2025-06-09,12,2,814.01,VIREMENT,VALIDE,Facture F-2025-64890
3943,2025-06-09,9,5,565.82,CHEQUE,VALIDE,Facture F-2025-41524
3944,2025-06-09,NULL,7,1002.57,MOBILE_MONEY,VALIDE,Dépense Loyers et immobilier
3945,2025-06-09,NULL,6,17474.01,MOBILE_MONEY,VALIDE,Dépense Salaires et charges sociales
3946,2025-06-10,31,3,308.85,VIREMENT,VALIDE,Facture F-2025-38925
3947,2025-06-10,57,5,1432.23,MOBILE_MONEY,VALIDE,Facture F-2025-90414
3948,2025-06-10,20,4,923.77,CARTE,VALIDE,Facture F-2025-49788
3949,2025-06-10,40,1,7479.71,MOBILE_MONEY,VALIDE,Facture F-2025-36248
3950,2025-06-10,7,5,1464.85,CHEQUE,VALIDE,Facture F-2025-61036
3951,2025-06-10,25,3,279.31,CHEQUE,VALIDE,Facture F-2025-17248
3952,2025-06-10,5,4,384.93,VIREMENT,VALIDE,Facture F-2025-50460
3953,2025-06-10,NULL,6,17989.83,MOBILE_MONEY,VALIDE,Dépense Salaires et charges sociales
3954,2025-06-11,10,2,1929.85,MOBILE_MONEY,VALIDE,Facture F-2025-31465
3955,2025-06-11,20,2,1706.49,VIREMENT,VALIDE,Facture F-2025-60123
3956,2025-06-11,1,3,344.54,VIREMENT,VALIDE,Facture F-2025-85606
3957,2025-06-11,6,2,1100.64,ESPECES,VALIDE,Facture F-2025-83963
3958,2025-06-11,52,3,281.87,CHEQUE,VALIDE,Facture F-2025-96508
3959,2025-06-11,44,4,416.56,MOBILE_MONEY,VALIDE,Facture F-2025-25423
3960,2025-06-11,NULL,11,3015.95,MOBILE_MONEY,VALIDE,Dépense Transport et logistique
3961,2025-06-11,NULL,7,3325.59,MOBILE_MONEY,VALIDE,Dépense Loyers et immobilier
3962,2025-06-12,14,1,7151.44,MOBILE_MONEY,VALIDE,Facture F-2025-94568
3963,2025-06-12,38,1,4876.95,VIREMENT,VALIDE,Facture F-2025-02512
3964,2025-06-12,15,4,325.51,ESPECES,VALIDE,Facture F-2025-45651
3965,2025-06-12,40,1,3629.74,MOBILE_MONEY,VALIDE,Facture F-2025-99953
3966,2025-06-12,23,4,934.45,CHEQUE,VALIDE,Facture F-2025-05269
3967,2025-06-12,42,5,656.49,VIREMENT,VALIDE,Facture F-2025-66403
3968,2025-06-12,30,2,1028.16,CARTE,VALIDE,Facture F-2025-20847
3969,2025-06-12,41,3,356.58,ESPECES,VALIDE,Facture F-2025-88954
3970,2025-06-12,NULL,8,1422.47,ESPECES,VALIDE,Dépense Marketing et publicité
3971,2025-06-12,NULL,6,14260.68,ESPECES,VALIDE,Dépense Salaires et charges sociales
3972,2025-06-13,58,1,2415.65,MOBILE_MONEY,VALIDE,Facture F-2025-92801
3973,2025-06-13,19,3,130.77,VIREMENT,EN_ATTENTE,Facture F-2025-17234
3974,2025-06-13,22,3,430.01,CHEQUE,VALIDE,Facture F-2025-97374
3975,2025-06-13,59,1,7171.87,CARTE,VALIDE,Facture F-2025-97827
3976,2025-06-13,NULL,6,18667.53,VIREMENT,VALIDE,Dépense Salaires et charges sociales
3977,2025-06-13,NULL,15,490.53,VIREMENT,VALIDE,Dépense Intérêts et frais bancaires
3978,2025-06-14,53,2,449.56,ESPECES,VALIDE,Facture F-2025-68667
3979,2025-06-14,61,3,385.92,ESPECES,VALIDE,Facture F-2025-47745
3980,2025-06-14,55,3,391.95,VIREMENT,VALIDE,Facture F-2025-06306
3981,2025-06-14,58,5,314.28,CHEQUE,VALIDE,Facture F-2025-60785
3982,2025-06-14,42,2,769.76,MOBILE_MONEY,VALIDE,Facture F-2025-51100
3983,2025-06-14,37,3,282.08,CARTE,VALIDE,Facture F-2025-37320
3984,2025-06-14,60,1,4351.45,CARTE,VALIDE,Facture F-2025-52170
3985,2025-06-14,25,4,698.51,CARTE,VALIDE,Facture F-2025-82171
3986,2025-06-14,NULL,7,2877.44,ESPECES,VALIDE,Dépense Loyers et immobilier
3987,2025-06-14,NULL,14,3508.62,CARTE,VALIDE,Dépense Informatique et logiciels
3988,2025-06-14,NULL,7,252.12,MOBILE_MONEY,VALIDE,Dépense Loyers et immobilier
3989,2025-06-15,30,2,772.41,ESPECES,VALIDE,Facture F-2025-25684
3990,2025-06-15,45,4,301.03,VIREMENT,VALIDE,Facture F-2025-02930
3991,2025-06-15,8,4,840.33,ESPECES,VALIDE,Facture F-2025-95694
3992,2025-06-15,35,3,125.30,CARTE,VALIDE,Facture F-2025-31759
3993,2025-06-15,43,5,939.73,CHEQUE,EN_ATTENTE,Facture F-2025-89188
3994,2025-06-15,34,2,1910.31,VIREMENT,VALIDE,Facture F-2025-33598
3995,2025-06-15,NULL,10,173.95,ESPECES,VALIDE,Dépense Énergie et eau
3996,2025-06-15,NULL,8,2445.89,CARTE,VALIDE,Dépense Marketing et publicité
3997,2025-06-15,NULL,14,641.59,VIREMENT,VALIDE,Dépense Informatique et logiciels
3998,2025-06-16,1,5,777.88,MOBILE_MONEY,VALIDE,Facture F-2025-50318
3999,2025-06-16,24,5,1360.19,VIREMENT,EN_ATTENTE,Facture F-2025-40998
4000,2025-06-16,41,4,982.94,CHEQUE,VALIDE,Facture F-2025-98177
4001,2025-06-16,8,2,2069.80,CHEQUE,VALIDE,Facture F-2025-85101
4002,2025-06-16,31,3,95.21,ESPECES,EN_ATTENTE,Facture F-2025-77865
4003,2025-06-16,NULL,7,3297.63,ESPECES,VALIDE,Dépense Loyers et immobilier
4004,2025-06-16,NULL,6,14391.54,VIREMENT,VALIDE,Dépense Salaires et charges sociales
4005,2025-06-16,NULL,10,688.74,VIREMENT,VALIDE,Dépense Énergie et eau
4006,2025-06-17,51,4,1113.81,CARTE,VALIDE,Facture F-2025-46013
4007,2025-06-17,38,5,1387.86,CARTE,VALIDE,Facture F-2025-59501
4008,2025-06-17,38,4,1079.36,MOBILE_MONEY,VALIDE,Facture F-2025-46336
4009,2025-06-17,62,3,172.21,MOBILE_MONEY,VALIDE,Facture F-2025-82646
4010,2025-06-17,15,2,355.07,ESPECES,VALIDE,Facture F-2025-19455
4011,2025-06-17,63,2,1929.31,MOBILE_MONEY,VALIDE,Facture F-2025-63681
4012,2025-06-17,NULL,8,6563.59,ESPECES,VALIDE,Dépense Marketing et publicité
4013,2025-06-17,NULL,12,2788.59,VIREMENT,VALIDE,Dépense Assurances
4014,2025-06-18,12,3,132.30,CHEQUE,VALIDE,Facture F-2025-59605
4015,2025-06-18,35,3,160.31,VIREMENT,VALIDE,Facture F-2025-66457
4016,2025-06-18,6,3,118.75,ESPECES,VALIDE,Facture F-2025-45528
4017,2025-06-18,60,5,1494.17,CARTE,VALIDE,Facture F-2025-97294
4018,2025-06-18,41,5,777.21,CARTE,VALIDE,Facture F-2025-59028
4019,2025-06-18,54,2,485.59,CHEQUE,VALIDE,Facture F-2025-87766
4020,2025-06-18,2,5,666.98,ESPECES,VALIDE,Facture F-2025-53333
4021,2025-06-18,14,2,2115.20,CHEQUE,VALIDE,Facture F-2025-22277
4022,2025-06-18,NULL,8,3734.69,ESPECES,VALIDE,Dépense Marketing et publicité
4023,2025-06-19,32,4,312.69,VIREMENT,VALIDE,Facture F-2025-03319
4024,2025-06-19,43,2,695.09,ESPECES,VALIDE,Facture F-2025-93392
4025,2025-06-19,13,2,580.26,CARTE,VALIDE,Facture F-2025-90075
4026,2025-06-19,61,1,2383.42,CHEQUE,VALIDE,Facture F-2025-09878
4027,2025-06-19,NULL,7,4207.03,MOBILE_MONEY,VALIDE,Dépense Loyers et immobilier
4028,2025-06-19,NULL,6,4412.22,MOBILE_MONEY,VALIDE,Dépense Salaires et charges sociales
4029,2025-06-19,NULL,8,1872.80,MOBILE_MONEY,VALIDE,Dépense Marketing et publicité
4030,2025-06-19,NULL,13,4361.66,MOBILE_MONEY,VALIDE,Dépense Impôts et taxes
4031,2025-06-20,61,5,454.43,CHEQUE,VALIDE,Facture F-2025-53392
4032,2025-06-20,16,1,5290.87,ESPECES,VALIDE,Facture F-2025-20617
4033,2025-06-20,32,1,2908.37,CARTE,VALIDE,Facture F-2025-71338
4034,2025-06-20,NULL,9,1452.97,CARTE,VALIDE,Dépense Fournitures et consommables
4035,2025-06-20,NULL,15,546.19,MOBILE_MONEY,VALIDE,Dépense Intérêts et frais bancaires
4036,2025-06-20,NULL,7,3844.62,CARTE,VALIDE,Dépense Loyers et immobilier
4037,2025-06-21,32,3,132.69,CARTE,VALIDE,Facture F-2025-35733
4038,2025-06-21,21,5,1445.41,CARTE,VALIDE,Facture F-2025-86002
4039,2025-06-21,16,1,5218.49,CARTE,VALIDE,Facture F-2025-48966
4040,2025-06-21,13,2,2178.88,MOBILE_MONEY,VALIDE,Facture F-2025-27485
4041,2025-06-21,NULL,6,10085.87,CARTE,VALIDE,Dépense Salaires et charges sociales
4042,2025-06-21,NULL,13,1157.98,ESPECES,VALIDE,Dépense Impôts et taxes
4043,2025-06-21,NULL,10,1362.57,CARTE,VALIDE,Dépense Énergie et eau
4044,2025-06-22,55,1,5330.24,ESPECES,EN_ATTENTE,Facture F-2025-74248
4045,2025-06-22,60,3,172.76,CHEQUE,VALIDE,Facture F-2025-62295
4046,2025-06-22,9,3,385.56,ESPECES,VALIDE,Facture F-2025-82254
4047,2025-06-22,NULL,9,1691.80,MOBILE_MONEY,VALIDE,Dépense Fournitures et consommables
4048,2025-06-23,57,4,369.67,MOBILE_MONEY,VALIDE,Facture F-2025-05833
4049,2025-06-23,41,1,4872.32,ESPECES,VALIDE,Facture F-2025-66486
4050,2025-06-23,46,1,1302.63,CHEQUE,VALIDE,Facture F-2025-36241
4051,2025-06-23,43,1,6041.31,MOBILE_MONEY,VALIDE,Facture F-2025-56038
4052,2025-06-23,NULL,7,1674.96,CARTE,VALIDE,Dépense Loyers et immobilier
4053,2025-06-24,42,1,944.13,MOBILE_MONEY,VALIDE,Facture F-2025-36980
4054,2025-06-24,62,4,1109.35,MOBILE_MONEY,VALIDE,Facture F-2025-50004
4055,2025-06-24,36,2,396.93,CHEQUE,VALIDE,Facture F-2025-91185
4056,2025-06-24,28,3,374.20,ESPECES,VALIDE,Facture F-2025-54333
4057,2025-06-24,44,1,1483.09,VIREMENT,VALIDE,Facture F-2025-40537
4058,2025-06-24,29,2,591.03,MOBILE_MONEY,VALIDE,Facture F-2025-26739
4059,2025-06-24,NULL,10,953.51,VIREMENT,VALIDE,Dépense Énergie et eau
4060,2025-06-25,59,5,324.97,VIREMENT,VALIDE,Facture F-2025-72930
4061,2025-06-25,63,3,444.45,CARTE,VALIDE,Facture F-2025-39788
4062,2025-06-25,8,5,1486.01,VIREMENT,VALIDE,Facture F-2025-55269
4063,2025-06-25,19,4,276.85,CARTE,VALIDE,Facture F-2025-06013
4064,2025-06-25,NULL,14,1713.77,VIREMENT,VALIDE,Dépense Informatique et logiciels
4065,2025-06-25,NULL,6,1533.11,MOBILE_MONEY,VALIDE,Dépense Salaires et charges sociales
4066,2025-06-26,40,1,5304.77,CHEQUE,VALIDE,Facture F-2025-52185
4067,2025-06-26,35,1,4686.73,VIREMENT,VALIDE,Facture F-2025-22276
4068,2025-06-26,35,5,427.63,ESPECES,VALIDE,Facture F-2025-05060
4069,2025-06-26,46,4,364.20,VIREMENT,VALIDE,Facture F-2025-25872
4070,2025-06-26,10,5,1230.66,CHEQUE,EN_ATTENTE,Facture F-2025-66346
4071,2025-06-26,NULL,13,1116.19,VIREMENT,VALIDE,Dépense Impôts et taxes
4072,2025-06-27,45,3,128.32,CHEQUE,VALIDE,Facture F-2025-77948
4073,2025-06-27,2,3,336.83,CARTE,VALIDE,Facture F-2025-49761
4074,2025-06-27,11,3,136.77,CARTE,VALIDE,Facture F-2025-56068
4075,2025-06-28,44,1,1359.48,MOBILE_MONEY,VALIDE,Facture F-2025-77837
4076,2025-06-28,11,5,424.34,CHEQUE,VALIDE,Facture F-2025-73385
4077,2025-06-28,4,5,1131.62,ESPECES,VALIDE,Facture F-2025-58631
4078,2025-06-28,32,1,2502.39,CHEQUE,EN_ATTENTE,Facture F-2025-29146
4079,2025-06-28,NULL,12,461.45,ESPECES,VALIDE,Dépense Assurances
4080,2025-06-28,NULL,15,360.04,VIREMENT,VALIDE,Dépense Intérêts et frais bancaires
4081,2025-06-29,64,3,307.00,CARTE,VALIDE,Facture F-2025-39560
4082,2025-06-29,8,4,799.37,ESPECES,VALIDE,Facture F-2025-01525
4083,2025-06-29,NULL,9,1849.34,VIREMENT,VALIDE,Dépense Fournitures et consommables
4084,2025-06-29,NULL,7,515.66,ESPECES,VALIDE,Dépense Loyers et immobilier
4085,2025-06-30,29,1,5099.44,CHEQUE,VALIDE,Facture F-2025-13724
4086,2025-06-30,1,4,1172.53,CARTE,EN_ATTENTE,Facture F-2025-49892
4087,2025-06-30,34,2,2163.89,CHEQUE,EN_ATTENTE,Facture F-2025-93280
4088,2025-06-30,NULL,8,381.06,MOBILE_MONEY,VALIDE,Dépense Marketing et publicité
4089,2025-06-30,NULL,8,1114.68,MOBILE_MONEY,VALIDE,Dépense Marketing et publicité
4090,2025-07-01,20,3,386.98,VIREMENT,VALIDE,Facture F-2025-40681
4091,2025-07-01,52,3,342.64,CARTE,VALIDE,Facture F-2025-86411
4092,2025-07-01,55,4,328.34,CARTE,VALIDE,Facture F-2025-88552
4093,2025-07-01,29,4,530.50,MOBILE_MONEY,VALIDE,Facture F-2025-52094
4094,2025-07-01,33,1,3899.55,VIREMENT,VALIDE,Facture F-2025-61909
4095,2025-07-01,54,4,1094.50,CARTE,VALIDE,Facture F-2025-09456
4096,2025-07-01,27,5,591.49,VIREMENT,VALIDE,Facture F-2025-90898
4097,2025-07-01,NULL,14,1518.27,ESPECES,VALIDE,Dépense Informatique et logiciels
4098,2025-07-01,NULL,6,19279.24,VIREMENT,VALIDE,Dépense Salaires et charges sociales
4099,2025-07-01,NULL,10,994.02,ESPECES,VALIDE,Dépense Énergie et eau
4100,2025-07-01,NULL,14,2082.13,MOBILE_MONEY,VALIDE,Dépense Informatique et logiciels
4101,2025-07-02,59,2,1662.75,ESPECES,EN_ATTENTE,Facture F-2025-57578
4102,2025-07-02,43,4,443.03,ESPECES,VALIDE,Facture F-2025-88892
4103,2025-07-02,8,4,513.26,VIREMENT,EN_ATTENTE,Facture F-2025-87478
4104,2025-07-02,NULL,9,404.71,MOBILE_MONEY,VALIDE,Dépense Fournitures et consommables
4105,2025-07-03,46,5,336.40,VIREMENT,VALIDE,Facture F-2025-14234
4106,2025-07-03,6,3,420.09,VIREMENT,VALIDE,Facture F-2025-70756
4107,2025-07-03,62,1,5559.42,ESPECES,VALIDE,Facture F-2025-80282
4108,2025-07-03,59,5,1384.07,ESPECES,VALIDE,Facture F-2025-73198
4109,2025-07-03,12,5,647.21,MOBILE_MONEY,VALIDE,Facture F-2025-07507
4110,2025-07-03,59,2,1796.63,VIREMENT,VALIDE,Facture F-2025-73147
4111,2025-07-03,34,1,1592.25,MOBILE_MONEY,VALIDE,Facture F-2025-61068
4112,2025-07-03,NULL,10,1335.86,VIREMENT,VALIDE,Dépense Énergie et eau
4113,2025-07-03,NULL,15,613.42,CARTE,VALIDE,Dépense Intérêts et frais bancaires
4114,2025-07-03,NULL,11,3324.74,CARTE,EN_ATTENTE,Dépense Transport et logistique
4115,2025-07-03,NULL,6,5312.12,CARTE,VALIDE,Dépense Salaires et charges sociales
4116,2025-07-04,59,4,591.26,CARTE,VALIDE,Facture F-2025-45152
4117,2025-07-04,46,4,854.28,CHEQUE,VALIDE,Facture F-2025-94209
4118,2025-07-04,30,2,1201.78,CARTE,VALIDE,Facture F-2025-53507
4119,2025-07-04,17,4,1142.24,CHEQUE,VALIDE,Facture F-2025-77829
4120,2025-07-04,10,1,3370.48,CHEQUE,VALIDE,Facture F-2025-14185
4121,2025-07-04,17,2,672.50,ESPECES,EN_ATTENTE,Facture F-2025-92258
4122,2025-07-04,NULL,8,162.09,ESPECES,VALIDE,Dépense Marketing et publicité
4123,2025-07-04,NULL,15,594.91,CARTE,VALIDE,Dépense Intérêts et frais bancaires
4124,2025-07-05,28,1,6223.29,MOBILE_MONEY,VALIDE,Facture F-2025-39407
4125,2025-07-05,30,2,712.29,CHEQUE,VALIDE,Facture F-2025-45454
4126,2025-07-05,15,4,1165.80,CHEQUE,VALIDE,Facture F-2025-27967
4127,2025-07-05,18,3,91.59,VIREMENT,VALIDE,Facture F-2025-31905
4128,2025-07-05,34,2,1628.79,CHEQUE,VALIDE,Facture F-2025-94372
4129,2025-07-05,NULL,13,1133.70,ESPECES,VALIDE,Dépense Impôts et taxes
4130,2025-07-06,44,2,1346.01,MOBILE_MONEY,VALIDE,Facture F-2025-37649
4131,2025-07-06,15,5,869.10,VIREMENT,VALIDE,Facture F-2025-30865
4132,2025-07-06,52,1,3296.37,CHEQUE,VALIDE,Facture F-2025-96270
4133,2025-07-06,64,3,111.89,MOBILE_MONEY,VALIDE,Facture F-2025-56020
4134,2025-07-06,37,4,1059.59,ESPECES,VALIDE,Facture F-2025-71703
4135,2025-07-06,NULL,7,3625.53,CARTE,VALIDE,Dépense Loyers et immobilier
4136,2025-07-07,7,3,131.22,CHEQUE,VALIDE,Facture F-2025-55146
4137,2025-07-07,51,4,1003.81,VIREMENT,VALIDE,Facture F-2025-76040
4138,2025-07-07,33,3,387.40,VIREMENT,VALIDE,Facture F-2025-69972
4139,2025-07-07,11,4,1030.12,CHEQUE,VALIDE,Facture F-2025-85182
4140,2025-07-07,64,4,974.71,CARTE,VALIDE,Facture F-2025-81465
4141,2025-07-07,18,1,6753.15,MOBILE_MONEY,VALIDE,Facture F-2025-24660
4142,2025-07-07,26,5,876.33,MOBILE_MONEY,VALIDE,Facture F-2025-75565
4143,2025-07-07,NULL,7,1845.95,CARTE,VALIDE,Dépense Loyers et immobilier
4144,2025-07-07,NULL,13,4475.22,ESPECES,VALIDE,Dépense Impôts et taxes
4145,2025-07-08,45,1,3095.50,CHEQUE,VALIDE,Facture F-2025-87873
4146,2025-07-08,5,2,829.40,CHEQUE,VALIDE,Facture F-2025-51255
4147,2025-07-08,34,2,2152.89,MOBILE_MONEY,VALIDE,Facture F-2025-45119
4148,2025-07-08,NULL,13,3192.42,ESPECES,VALIDE,Dépense Impôts et taxes
4149,2025-07-09,51,1,3883.70,CHEQUE,VALIDE,Facture F-2025-73846
4150,2025-07-09,31,1,6837.78,CHEQUE,VALIDE,Facture F-2025-51857
4151,2025-07-09,59,4,901.07,CHEQUE,EN_ATTENTE,Facture F-2025-75225
4152,2025-07-09,14,3,279.47,ESPECES,VALIDE,Facture F-2025-54188
4153,2025-07-09,12,5,1479.03,VIREMENT,VALIDE,Facture F-2025-76265
4154,2025-07-09,NULL,8,2686.03,VIREMENT,VALIDE,Dépense Marketing et publicité
4155,2025-07-09,NULL,6,7136.21,ESPECES,VALIDE,Dépense Salaires et charges sociales
4156,2025-07-09,NULL,13,5109.80,MOBILE_MONEY,VALIDE,Dépense Impôts et taxes
4157,2025-07-10,49,2,2119.65,CHEQUE,VALIDE,Facture F-2025-16404
4158,2025-07-10,42,2,1164.73,VIREMENT,VALIDE,Facture F-2025-37251
4159,2025-07-10,52,2,1830.35,VIREMENT,VALIDE,Facture F-2025-62945
4160,2025-07-10,33,4,675.96,CHEQUE,EN_ATTENTE,Facture F-2025-58459
4161,2025-07-10,42,4,378.22,CARTE,VALIDE,Facture F-2025-55312
4162,2025-07-10,5,2,794.15,ESPECES,VALIDE,Facture F-2025-54408
4163,2025-07-10,NULL,10,1700.06,CARTE,VALIDE,Dépense Énergie et eau
4164,2025-07-11,7,1,1548.77,CHEQUE,VALIDE,Facture F-2025-30873
4165,2025-07-11,30,2,1042.10,ESPECES,VALIDE,Facture F-2025-16913
4166,2025-07-11,33,5,394.55,CARTE,VALIDE,Facture F-2025-81206
4167,2025-07-11,53,5,923.39,CARTE,VALIDE,Facture F-2025-50788
4168,2025-07-11,44,4,625.84,CARTE,VALIDE,Facture F-2025-73597
4169,2025-07-11,NULL,14,2454.87,VIREMENT,VALIDE,Dépense Informatique et logiciels
4170,2025-07-11,NULL,15,400.53,VIREMENT,VALIDE,Dépense Intérêts et frais bancaires
4171,2025-07-12,54,3,390.08,CARTE,VALIDE,Facture F-2025-11631
4172,2025-07-12,62,4,976.43,CHEQUE,VALIDE,Facture F-2025-43549
4173,2025-07-12,63,2,355.14,VIREMENT,VALIDE,Facture F-2025-69968
4174,2025-07-12,NULL,12,2957.03,ESPECES,VALIDE,Dépense Assurances
4175,2025-07-13,64,2,430.37,CHEQUE,VALIDE,Facture F-2025-52442
4176,2025-07-13,42,4,496.67,CHEQUE,VALIDE,Facture F-2025-34387
4177,2025-07-13,62,5,1202.09,CARTE,VALIDE,Facture F-2025-31361
4178,2025-07-13,6,1,3177.08,CARTE,VALIDE,Facture F-2025-94630
4179,2025-07-13,59,2,1122.50,MOBILE_MONEY,VALIDE,Facture F-2025-85452
4180,2025-07-13,NULL,11,614.73,CARTE,VALIDE,Dépense Transport et logistique
4181,2025-07-14,56,4,357.80,MOBILE_MONEY,VALIDE,Facture F-2025-06050
4182,2025-07-14,50,4,651.51,ESPECES,VALIDE,Facture F-2025-00672
4183,2025-07-14,55,3,227.80,CARTE,VALIDE,Facture F-2025-95170
4184,2025-07-14,18,4,644.27,CHEQUE,VALIDE,Facture F-2025-74341
4185,2025-07-15,11,5,558.05,CARTE,VALIDE,Facture F-2025-90282
4186,2025-07-15,22,4,1051.22,MOBILE_MONEY,VALIDE,Facture F-2025-52606
4187,2025-07-15,49,3,188.69,CARTE,VALIDE,Facture F-2025-47373
4188,2025-07-15,27,4,923.05,CHEQUE,EN_ATTENTE,Facture F-2025-70802
4189,2025-07-15,51,2,1638.62,CARTE,VALIDE,Facture F-2025-37632
4190,2025-07-15,NULL,14,2283.20,ESPECES,VALIDE,Dépense Informatique et logiciels
4191,2025-07-15,NULL,14,983.58,ESPECES,VALIDE,Dépense Informatique et logiciels
4192,2025-07-15,NULL,13,382.13,MOBILE_MONEY,VALIDE,Dépense Impôts et taxes
4193,2025-07-16,54,4,1134.92,CARTE,VALIDE,Facture F-2025-57875
4194,2025-07-16,11,1,2260.04,VIREMENT,VALIDE,Facture F-2025-93681
4195,2025-07-16,19,2,1725.10,ESPECES,VALIDE,Facture F-2025-99441
4196,2025-07-16,12,4,203.98,CARTE,VALIDE,Facture F-2025-32810
4197,2025-07-16,15,5,989.58,CARTE,VALIDE,Facture F-2025-51194
4198,2025-07-16,37,2,492.44,CHEQUE,VALIDE,Facture F-2025-96421
4199,2025-07-16,6,1,6276.87,CHEQUE,VALIDE,Facture F-2025-16136
4200,2025-07-16,NULL,13,900.77,VIREMENT,VALIDE,Dépense Impôts et taxes
4201,2025-07-16,NULL,6,16745.94,VIREMENT,VALIDE,Dépense Salaires et charges sociales
4202,2025-07-16,NULL,8,3745.37,VIREMENT,VALIDE,Dépense Marketing et publicité
4203,2025-07-16,NULL,8,1962.35,CARTE,VALIDE,Dépense Marketing et publicité
4204,2025-07-17,38,4,1192.97,VIREMENT,VALIDE,Facture F-2025-58265
4205,2025-07-17,23,4,1094.07,ESPECES,VALIDE,Facture F-2025-74041
4206,2025-07-17,25,2,2071.77,CHEQUE,VALIDE,Facture F-2025-69629
4207,2025-07-17,8,5,392.23,CHEQUE,VALIDE,Facture F-2025-09423
4208,2025-07-17,NULL,14,4301.21,ESPECES,VALIDE,Dépense Informatique et logiciels
4209,2025-07-17,NULL,7,4703.26,ESPECES,EN_ATTENTE,Dépense Loyers et immobilier
4210,2025-07-18,25,3,181.41,MOBILE_MONEY,VALIDE,Facture F-2025-54208
4211,2025-07-18,56,2,952.27,ESPECES,VALIDE,Facture F-2025-81912
4212,2025-07-18,14,4,1020.77,VIREMENT,VALIDE,Facture F-2025-70963
4213,2025-07-18,29,5,836.31,CARTE,VALIDE,Facture F-2025-15179
4214,2025-07-18,29,5,579.11,MOBILE_MONEY,VALIDE,Facture F-2025-68618
4215,2025-07-18,30,5,994.58,CHEQUE,VALIDE,Facture F-2025-28708
4216,2025-07-18,42,1,6804.26,CARTE,VALIDE,Facture F-2025-86219
4217,2025-07-18,NULL,11,1696.13,VIREMENT,VALIDE,Dépense Transport et logistique
4218,2025-07-18,NULL,8,2863.79,ESPECES,VALIDE,Dépense Marketing et publicité
4219,2025-07-19,19,5,943.45,ESPECES,VALIDE,Facture F-2025-35230
4220,2025-07-19,26,3,258.32,ESPECES,VALIDE,Facture F-2025-33103
4221,2025-07-19,2,2,1165.57,CARTE,VALIDE,Facture F-2025-36528
4222,2025-07-19,NULL,13,2671.60,CARTE,VALIDE,Dépense Impôts et taxes
4223,2025-07-19,NULL,6,7208.69,ESPECES,VALIDE,Dépense Salaires et charges sociales
4224,2025-07-19,NULL,15,36.82,VIREMENT,VALIDE,Dépense Intérêts et frais bancaires
4225,2025-07-19,NULL,11,208.02,CARTE,VALIDE,Dépense Transport et logistique
4226,2025-07-20,20,1,584.39,CHEQUE,VALIDE,Facture F-2025-80924
4227,2025-07-20,55,1,639.43,CHEQUE,VALIDE,Facture F-2025-00629
4228,2025-07-20,64,4,695.88,CARTE,VALIDE,Facture F-2025-82650
4229,2025-07-20,44,4,668.05,CARTE,VALIDE,Facture F-2025-97893
4230,2025-07-20,40,3,266.45,MOBILE_MONEY,VALIDE,Facture F-2025-22835
4231,2025-07-20,NULL,7,4653.94,ESPECES,VALIDE,Dépense Loyers et immobilier
4232,2025-07-20,NULL,6,21008.15,ESPECES,VALIDE,Dépense Salaires et charges sociales
4233,2025-07-20,NULL,15,50.67,VIREMENT,VALIDE,Dépense Intérêts et frais bancaires
4234,2025-07-21,13,5,646.02,ESPECES,VALIDE,Facture F-2025-85498
4235,2025-07-21,20,5,969.16,CHEQUE,VALIDE,Facture F-2025-08589
4236,2025-07-21,1,5,852.23,VIREMENT,VALIDE,Facture F-2025-26022
4237,2025-07-21,NULL,8,7811.81,VIREMENT,EN_ATTENTE,Dépense Marketing et publicité
4238,2025-07-21,NULL,10,1948.46,MOBILE_MONEY,VALIDE,Dépense Énergie et eau
4239,2025-07-21,NULL,6,16034.85,MOBILE_MONEY,VALIDE,Dépense Salaires et charges sociales
4240,2025-07-21,NULL,10,185.82,MOBILE_MONEY,VALIDE,Dépense Énergie et eau
4241,2025-07-22,38,5,912.12,ESPECES,VALIDE,Facture F-2025-54069
4242,2025-07-22,62,4,795.97,CHEQUE,EN_ATTENTE,Facture F-2025-70005
4243,2025-07-22,15,2,799.54,CARTE,EN_ATTENTE,Facture F-2025-43302
4244,2025-07-22,22,5,1311.82,MOBILE_MONEY,VALIDE,Facture F-2025-71385
4245,2025-07-22,18,2,1136.40,CARTE,VALIDE,Facture F-2025-80095
4246,2025-07-22,59,3,89.25,MOBILE_MONEY,VALIDE,Facture F-2025-93640
4247,2025-07-22,16,1,1867.12,MOBILE_MONEY,VALIDE,Facture F-2025-87034
4248,2025-07-22,NULL,6,4379.97,VIREMENT,VALIDE,Dépense Salaires et charges sociales
4249,2025-07-22,NULL,14,3776.86,CARTE,VALIDE,Dépense Informatique et logiciels
4250,2025-07-23,57,1,6354.70,CARTE,VALIDE,Facture F-2025-65577
4251,2025-07-23,4,5,1344.96,CARTE,VALIDE,Facture F-2025-88640
4252,2025-07-23,9,3,441.42,ESPECES,VALIDE,Facture F-2025-03975
4253,2025-07-23,41,1,5012.05,CHEQUE,VALIDE,Facture F-2025-70213
4254,2025-07-23,4,1,1573.94,MOBILE_MONEY,VALIDE,Facture F-2025-67690
4255,2025-07-23,10,3,226.07,ESPECES,VALIDE,Facture F-2025-36984
4256,2025-07-23,6,1,2520.07,VIREMENT,VALIDE,Facture F-2025-08153
4257,2025-07-23,19,1,1097.33,MOBILE_MONEY,VALIDE,Facture F-2025-09674
4258,2025-07-23,NULL,13,4699.00,ESPECES,VALIDE,Dépense Impôts et taxes
4259,2025-07-23,NULL,15,558.32,CARTE,VALIDE,Dépense Intérêts et frais bancaires
4260,2025-07-23,NULL,7,4155.24,VIREMENT,VALIDE,Dépense Loyers et immobilier
4261,2025-07-24,59,3,406.54,VIREMENT,VALIDE,Facture F-2025-69924
4262,2025-07-24,31,5,1031.89,CARTE,VALIDE,Facture F-2025-46706
4263,2025-07-24,38,3,92.80,MOBILE_MONEY,VALIDE,Facture F-2025-74238
4264,2025-07-24,6,5,1315.28,CARTE,VALIDE,Facture F-2025-27580
4265,2025-07-24,30,3,403.45,MOBILE_MONEY,VALIDE,Facture F-2025-14478
4266,2025-07-24,36,5,1193.74,VIREMENT,VALIDE,Facture F-2025-81267
4267,2025-07-24,42,3,267.57,ESPECES,VALIDE,Facture F-2025-13335
4268,2025-07-24,NULL,8,4021.69,MOBILE_MONEY,VALIDE,Dépense Marketing et publicité
4269,2025-07-24,NULL,8,4829.33,ESPECES,VALIDE,Dépense Marketing et publicité
4270,2025-07-24,NULL,12,2647.20,MOBILE_MONEY,VALIDE,Dépense Assurances
4271,2025-07-25,44,5,782.55,MOBILE_MONEY,VALIDE,Facture F-2025-82790
4272,2025-07-25,58,4,611.99,MOBILE_MONEY,VALIDE,Facture F-2025-74643
4273,2025-07-25,22,5,1418.89,ESPECES,VALIDE,Facture F-2025-75063
4274,2025-07-25,61,3,188.78,MOBILE_MONEY,VALIDE,Facture F-2025-45908
4275,2025-07-25,50,5,695.52,CHEQUE,VALIDE,Facture F-2025-43222
4276,2025-07-25,NULL,15,709.56,VIREMENT,VALIDE,Dépense Intérêts et frais bancaires
4277,2025-07-26,39,3,304.88,CARTE,VALIDE,Facture F-2025-41827
4278,2025-07-26,64,4,1158.53,CARTE,VALIDE,Facture F-2025-77678
4279,2025-07-26,17,4,310.29,MOBILE_MONEY,VALIDE,Facture F-2025-30916
4280,2025-07-26,4,5,599.12,MOBILE_MONEY,VALIDE,Facture F-2025-62438
4281,2025-07-26,54,2,373.09,ESPECES,EN_ATTENTE,Facture F-2025-53989
4282,2025-07-26,59,3,438.87,CHEQUE,VALIDE,Facture F-2025-15352
4283,2025-07-26,29,1,5010.58,MOBILE_MONEY,VALIDE,Facture F-2025-13724
4284,2025-07-26,62,3,188.93,CARTE,EN_ATTENTE,Facture F-2025-37673
4285,2025-07-26,NULL,6,10467.57,VIREMENT,VALIDE,Dépense Salaires et charges sociales
4286,2025-07-26,NULL,10,716.05,MOBILE_MONEY,VALIDE,Dépense Énergie et eau
4287,2025-07-26,NULL,8,3990.40,ESPECES,VALIDE,Dépense Marketing et publicité
4288,2025-07-27,35,3,55.31,ESPECES,VALIDE,Facture F-2025-27671
4289,2025-07-27,19,2,1670.82,CHEQUE,VALIDE,Facture F-2025-88649
4290,2025-07-27,6,2,893.61,ESPECES,VALIDE,Facture F-2025-65807
4291,2025-07-27,23,5,458.44,MOBILE_MONEY,VALIDE,Facture F-2025-77155
4292,2025-07-27,4,3,376.94,CARTE,VALIDE,Facture F-2025-94419
4293,2025-07-27,28,1,7413.99,CARTE,VALIDE,Facture F-2025-73186
4294,2025-07-27,16,1,7152.37,CARTE,VALIDE,Facture F-2025-53144
4295,2025-07-27,NULL,12,2723.14,MOBILE_MONEY,VALIDE,Dépense Assurances
4296,2025-07-27,NULL,8,5557.28,ESPECES,VALIDE,Dépense Marketing et publicité
4297,2025-07-27,NULL,8,5791.69,MOBILE_MONEY,VALIDE,Dépense Marketing et publicité
4298,2025-07-27,NULL,6,14015.26,MOBILE_MONEY,VALIDE,Dépense Salaires et charges sociales
4299,2025-07-28,50,2,321.64,CHEQUE,VALIDE,Facture F-2025-30403
4300,2025-07-28,56,5,755.22,MOBILE_MONEY,VALIDE,Facture F-2025-77162
4301,2025-07-28,58,3,98.40,CARTE,VALIDE,Facture F-2025-23479
4302,2025-07-28,NULL,10,931.06,CARTE,VALIDE,Dépense Énergie et eau
4303,2025-07-28,NULL,9,1986.53,CARTE,VALIDE,Dépense Fournitures et consommables
4304,2025-07-28,NULL,10,376.55,CARTE,VALIDE,Dépense Énergie et eau
4305,2025-07-29,25,3,236.24,ESPECES,VALIDE,Facture F-2025-02093
4306,2025-07-29,37,4,829.08,ESPECES,VALIDE,Facture F-2025-51498
4307,2025-07-29,60,2,1567.12,CARTE,VALIDE,Facture F-2025-80366
4308,2025-07-29,64,4,1042.68,CHEQUE,VALIDE,Facture F-2025-82618
4309,2025-07-29,30,5,654.02,MOBILE_MONEY,VALIDE,Facture F-2025-27163
4310,2025-07-29,37,3,207.09,VIREMENT,EN_ATTENTE,Facture F-2025-88257
4311,2025-07-29,10,1,2407.88,MOBILE_MONEY,VALIDE,Facture F-2025-64771
4312,2025-07-29,NULL,11,4418.34,CARTE,VALIDE,Dépense Transport et logistique
4313,2025-07-30,15,1,4739.02,CHEQUE,VALIDE,Facture F-2025-53647
4314,2025-07-30,44,4,595.54,MOBILE_MONEY,VALIDE,Facture F-2025-97141
4315,2025-07-30,49,1,2388.20,MOBILE_MONEY,VALIDE,Facture F-2025-62469
4316,2025-07-30,14,1,581.46,VIREMENT,EN_ATTENTE,Facture F-2025-12692
4317,2025-07-30,54,3,375.82,ESPECES,VALIDE,Facture F-2025-18209
4318,2025-07-30,62,4,867.83,CARTE,VALIDE,Facture F-2025-38265
4319,2025-07-30,50,2,1583.02,MOBILE_MONEY,VALIDE,Facture F-2025-87778
4320,2025-07-30,NULL,10,274.16,VIREMENT,EN_ATTENTE,Dépense Énergie et eau
4321,2025-07-30,NULL,7,3108.50,CARTE,VALIDE,Dépense Loyers et immobilier
4322,2025-07-31,64,2,1823.81,VIREMENT,VALIDE,Facture F-2025-01464
4323,2025-07-31,46,3,399.62,MOBILE_MONEY,VALIDE,Facture F-2025-66438
4324,2025-07-31,45,4,429.24,MOBILE_MONEY,VALIDE,Facture F-2025-81533
4325,2025-07-31,60,5,1461.90,ESPECES,VALIDE,Facture F-2025-60210
4326,2025-07-31,NULL,11,4653.07,VIREMENT,VALIDE,Dépense Transport et logistique
4327,2025-07-31,NULL,8,611.16,VIREMENT,VALIDE,Dépense Marketing et publicité
4328,2025-07-31,NULL,9,2225.85,VIREMENT,VALIDE,Dépense Fournitures et consommables
4329,2025-08-01,44,2,1536.33,MOBILE_MONEY,VALIDE,Facture F-2025-60946
4330,2025-08-01,40,1,5714.55,CARTE,VALIDE,Facture F-2025-55181
4331,2025-08-01,4,2,629.39,VIREMENT,VALIDE,Facture F-2025-33958
4332,2025-08-01,22,5,313.24,CARTE,VALIDE,Facture F-2025-38679
4333,2025-08-01,53,4,836.57,CHEQUE,VALIDE,Facture F-2025-53072
4334,2025-08-01,NULL,10,1191.41,ESPECES,VALIDE,Dépense Énergie et eau
4335,2025-08-02,10,1,2813.05,VIREMENT,VALIDE,Facture F-2025-06446
4336,2025-08-02,17,4,424.17,VIREMENT,VALIDE,Facture F-2025-83082
4337,2025-08-02,52,3,147.60,ESPECES,VALIDE,Facture F-2025-05875
4338,2025-08-02,52,1,2937.27,CHEQUE,VALIDE,Facture F-2025-68597
4339,2025-08-02,5,4,657.27,VIREMENT,EN_ATTENTE,Facture F-2025-10740
4340,2025-08-02,NULL,10,552.37,CARTE,VALIDE,Dépense Énergie et eau
4341,2025-08-02,NULL,7,3567.55,VIREMENT,VALIDE,Dépense Loyers et immobilier
4342,2025-08-03,15,1,1039.90,CARTE,VALIDE,Facture F-2025-82983
4343,2025-08-03,41,5,1082.15,CHEQUE,VALIDE,Facture F-2025-74938
4344,2025-08-03,28,3,250.23,MOBILE_MONEY,VALIDE,Facture F-2025-94477
4345,2025-08-03,38,2,299.05,CARTE,VALIDE,Facture F-2025-07866
4346,2025-08-04,33,5,1405.95,CHEQUE,VALIDE,Facture F-2025-69070
4347,2025-08-04,36,5,1478.75,CARTE,VALIDE,Facture F-2025-64924
4348,2025-08-04,9,1,4399.22,CARTE,VALIDE,Facture F-2025-19311
4349,2025-08-04,14,2,2089.39,MOBILE_MONEY,VALIDE,Facture F-2025-58454
4350,2025-08-04,29,5,1086.41,CHEQUE,VALIDE,Facture F-2025-47876
4351,2025-08-04,NULL,14,4403.96,MOBILE_MONEY,VALIDE,Dépense Informatique et logiciels
4352,2025-08-05,62,1,4948.64,MOBILE_MONEY,VALIDE,Facture F-2025-96527
4353,2025-08-05,25,2,505.73,MOBILE_MONEY,VALIDE,Facture F-2025-03347
4354,2025-08-05,16,4,358.18,VIREMENT,VALIDE,Facture F-2025-72894
4355,2025-08-05,51,2,1618.66,CHEQUE,EN_ATTENTE,Facture F-2025-50115
4356,2025-08-05,4,2,835.67,CARTE,VALIDE,Facture F-2025-75035
4357,2025-08-05,NULL,6,4583.54,ESPECES,VALIDE,Dépense Salaires et charges sociales
4358,2025-08-06,26,3,157.92,VIREMENT,VALIDE,Facture F-2025-30757
4359,2025-08-06,33,3,60.23,VIREMENT,VALIDE,Facture F-2025-30915
4360,2025-08-06,44,2,992.06,MOBILE_MONEY,VALIDE,Facture F-2025-73451
4361,2025-08-06,9,4,850.11,CARTE,VALIDE,Facture F-2025-83118
4362,2025-08-06,41,4,463.90,CARTE,VALIDE,Facture F-2025-15925
4363,2025-08-06,NULL,10,1925.86,CARTE,VALIDE,Dépense Énergie et eau
4364,2025-08-06,NULL,9,2452.59,CARTE,VALIDE,Dépense Fournitures et consommables
4365,2025-08-06,NULL,14,1314.22,VIREMENT,VALIDE,Dépense Informatique et logiciels
4366,2025-08-06,NULL,12,315.41,ESPECES,VALIDE,Dépense Assurances
4367,2025-08-07,59,1,3171.38,CHEQUE,VALIDE,Facture F-2025-89594
4368,2025-08-07,19,2,703.40,CARTE,VALIDE,Facture F-2025-04690
4369,2025-08-07,56,2,296.61,CARTE,VALIDE,Facture F-2025-97805
4370,2025-08-07,NULL,11,2786.69,CARTE,VALIDE,Dépense Transport et logistique
4371,2025-08-08,65,1,3872.61,MOBILE_MONEY,VALIDE,Facture F-2025-64644
4372,2025-08-08,40,3,251.74,VIREMENT,VALIDE,Facture F-2025-46844
4373,2025-08-08,59,4,702.46,MOBILE_MONEY,VALIDE,Facture F-2025-93586
4374,2025-08-08,24,1,5209.45,ESPECES,VALIDE,Facture F-2025-29365
4375,2025-08-08,NULL,7,1763.04,VIREMENT,VALIDE,Dépense Loyers et immobilier
4376,2025-08-08,NULL,10,832.67,CARTE,VALIDE,Dépense Énergie et eau
4377,2025-08-08,NULL,12,1260.44,VIREMENT,VALIDE,Dépense Assurances
4378,2025-08-08,NULL,9,307.15,MOBILE_MONEY,VALIDE,Dépense Fournitures et consommables
4379,2025-08-09,54,4,1174.07,VIREMENT,VALIDE,Facture F-2025-30410
4380,2025-08-09,26,2,378.78,VIREMENT,VALIDE,Facture F-2025-93623
4381,2025-08-09,2,2,2175.19,ESPECES,VALIDE,Facture F-2025-20916
4382,2025-08-09,NULL,12,2344.58,CARTE,VALIDE,Dépense Assurances
4383,2025-08-09,NULL,11,1561.71,ESPECES,VALIDE,Dépense Transport et logistique
4384,2025-08-09,NULL,8,1974.98,VIREMENT,VALIDE,Dépense Marketing et publicité
4385,2025-08-09,NULL,7,2616.35,VIREMENT,VALIDE,Dépense Loyers et immobilier
4386,2025-08-10,52,4,1083.80,MOBILE_MONEY,VALIDE,Facture F-2025-80641
4387,2025-08-10,49,2,306.09,CHEQUE,VALIDE,Facture F-2025-64895
4388,2025-08-10,15,5,1006.63,MOBILE_MONEY,VALIDE,Facture F-2025-85915
4389,2025-08-10,31,5,1055.90,CHEQUE,VALIDE,Facture F-2025-74387
4390,2025-08-10,55,2,1249.79,VIREMENT,VALIDE,Facture F-2025-36255
4391,2025-08-10,NULL,9,1530.04,CARTE,VALIDE,Dépense Fournitures et consommables
4392,2025-08-11,53,2,265.34,MOBILE_MONEY,VALIDE,Facture F-2025-84650
4393,2025-08-11,56,4,456.44,MOBILE_MONEY,VALIDE,Facture F-2025-03474
4394,2025-08-11,57,1,5734.75,ESPECES,VALIDE,Facture F-2025-05289
4395,2025-08-11,55,4,619.53,ESPECES,VALIDE,Facture F-2025-97622
4396,2025-08-11,30,3,388.14,MOBILE_MONEY,VALIDE,Facture F-2025-04204
4397,2025-08-11,56,2,408.10,ESPECES,VALIDE,Facture F-2025-73489
4398,2025-08-11,NULL,9,863.36,VIREMENT,VALIDE,Dépense Fournitures et consommables
4399,2025-08-12,4,4,1169.98,ESPECES,VALIDE,Facture F-2025-67647
4400,2025-08-12,26,1,5612.36,VIREMENT,VALIDE,Facture F-2025-48653
4401,2025-08-12,18,5,906.83,VIREMENT,VALIDE,Facture F-2025-30184
4402,2025-08-12,56,3,301.44,CHEQUE,VALIDE,Facture F-2025-77581
4403,2025-08-12,NULL,6,14056.76,VIREMENT,VALIDE,Dépense Salaires et charges sociales
4404,2025-08-12,NULL,9,1140.80,MOBILE_MONEY,VALIDE,Dépense Fournitures et consommables
4405,2025-08-13,26,2,1892.45,MOBILE_MONEY,VALIDE,Facture F-2025-40850
4406,2025-08-13,46,4,391.11,MOBILE_MONEY,VALIDE,Facture F-2025-29915
4407,2025-08-13,9,1,4134.87,ESPECES,VALIDE,Facture F-2025-14291
4408,2025-08-13,NULL,11,2225.54,ESPECES,VALIDE,Dépense Transport et logistique
4409,2025-08-14,59,5,1250.20,CHEQUE,VALIDE,Facture F-2025-54388
4410,2025-08-14,63,1,3725.52,MOBILE_MONEY,VALIDE,Facture F-2025-84076
4411,2025-08-14,54,4,304.84,CHEQUE,VALIDE,Facture F-2025-51885
4412,2025-08-14,8,3,434.87,ESPECES,VALIDE,Facture F-2025-39484
4413,2025-08-14,14,1,6283.40,CHEQUE,VALIDE,Facture F-2025-23016
4414,2025-08-14,35,5,447.37,MOBILE_MONEY,VALIDE,Facture F-2025-85017
4415,2025-08-14,36,3,233.17,CHEQUE,VALIDE,Facture F-2025-59630
4416,2025-08-14,61,5,1320.25,MOBILE_MONEY,VALIDE,Facture F-2025-64175
4417,2025-08-14,NULL,9,1232.15,MOBILE_MONEY,VALIDE,Dépense Fournitures et consommables
4418,2025-08-14,NULL,15,213.54,VIREMENT,VALIDE,Dépense Intérêts et frais bancaires
4419,2025-08-15,36,5,1420.39,CARTE,VALIDE,Facture F-2025-83489
4420,2025-08-15,25,1,3145.57,ESPECES,VALIDE,Facture F-2025-70986
4421,2025-08-15,15,3,333.44,CARTE,VALIDE,Facture F-2025-92905
4422,2025-08-15,40,1,6249.76,CHEQUE,VALIDE,Facture F-2025-47184
4423,2025-08-15,NULL,15,763.06,VIREMENT,VALIDE,Dépense Intérêts et frais bancaires
4424,2025-08-15,NULL,6,11471.62,VIREMENT,VALIDE,Dépense Salaires et charges sociales
4425,2025-08-15,NULL,13,4331.08,VIREMENT,VALIDE,Dépense Impôts et taxes
4426,2025-08-16,6,5,1268.33,ESPECES,VALIDE,Facture F-2025-64761
4427,2025-08-16,40,3,258.01,CARTE,VALIDE,Facture F-2025-72534
4428,2025-08-16,15,2,733.73,ESPECES,VALIDE,Facture F-2025-15777
4429,2025-08-16,65,3,248.85,VIREMENT,VALIDE,Facture F-2025-54709
4430,2025-08-16,25,2,814.86,CHEQUE,VALIDE,Facture F-2025-13070
4431,2025-08-16,NULL,11,779.09,CARTE,VALIDE,Dépense Transport et logistique
4432,2025-08-17,58,5,925.78,CARTE,VALIDE,Facture F-2025-29978
4433,2025-08-17,22,2,2029.91,VIREMENT,VALIDE,Facture F-2025-00130
4434,2025-08-17,32,4,561.49,ESPECES,VALIDE,Facture F-2025-69211
4435,2025-08-17,63,5,782.28,CARTE,VALIDE,Facture F-2025-24308
4436,2025-08-17,NULL,9,1013.21,MOBILE_MONEY,VALIDE,Dépense Fournitures et consommables
4437,2025-08-17,NULL,10,1188.86,VIREMENT,VALIDE,Dépense Énergie et eau
4438,2025-08-17,NULL,13,1015.46,CARTE,VALIDE,Dépense Impôts et taxes
4439,2025-08-17,NULL,14,3897.21,CARTE,VALIDE,Dépense Informatique et logiciels
4440,2025-08-18,46,4,827.76,CARTE,VALIDE,Facture F-2025-01251
4441,2025-08-18,6,2,1674.66,CHEQUE,VALIDE,Facture F-2025-26042
4442,2025-08-18,65,2,2035.58,CARTE,VALIDE,Facture F-2025-24862
4443,2025-08-18,39,1,5676.96,ESPECES,VALIDE,Facture F-2025-91078
4444,2025-08-18,17,1,5029.69,ESPECES,VALIDE,Facture F-2025-28678
4445,2025-08-18,43,5,1002.98,CHEQUE,VALIDE,Facture F-2025-62828
4446,2025-08-18,64,4,800.24,ESPECES,EN_ATTENTE,Facture F-2025-95870
4447,2025-08-18,NULL,8,3270.51,MOBILE_MONEY,VALIDE,Dépense Marketing et publicité
4448,2025-08-18,NULL,10,1344.39,ESPECES,VALIDE,Dépense Énergie et eau
4449,2025-08-18,NULL,9,517.03,ESPECES,VALIDE,Dépense Fournitures et consommables
4450,2025-08-19,29,5,792.13,ESPECES,VALIDE,Facture F-2025-28158
4451,2025-08-19,7,5,938.95,CARTE,VALIDE,Facture F-2025-32129
4452,2025-08-19,11,4,1108.02,MOBILE_MONEY,VALIDE,Facture F-2025-92560
4453,2025-08-19,25,1,4735.34,ESPECES,VALIDE,Facture F-2025-66850
4454,2025-08-19,29,3,337.92,CARTE,VALIDE,Facture F-2025-83668
4455,2025-08-19,25,3,115.31,CHEQUE,VALIDE,Facture F-2025-65463
4456,2025-08-19,NULL,9,195.95,CARTE,VALIDE,Dépense Fournitures et consommables
4457,2025-08-19,NULL,14,608.20,MOBILE_MONEY,VALIDE,Dépense Informatique et logiciels
4458,2025-08-19,NULL,12,105.12,ESPECES,VALIDE,Dépense Assurances
4459,2025-08-20,36,2,1511.62,VIREMENT,VALIDE,Facture F-2025-38728
4460,2025-08-20,53,5,327.77,ESPECES,VALIDE,Facture F-2025-44965
4461,2025-08-20,NULL,6,12724.17,CARTE,VALIDE,Dépense Salaires et charges sociales
4462,2025-08-20,NULL,11,5077.69,CARTE,VALIDE,Dépense Transport et logistique
4463,2025-08-20,NULL,11,2387.34,ESPECES,VALIDE,Dépense Transport et logistique
4464,2025-08-21,60,3,147.29,MOBILE_MONEY,VALIDE,Facture F-2025-09515
4465,2025-08-21,65,1,5961.62,CARTE,VALIDE,Facture F-2025-25613
4466,2025-08-21,59,4,465.77,ESPECES,VALIDE,Facture F-2025-35049
4467,2025-08-21,NULL,11,2842.56,VIREMENT,VALIDE,Dépense Transport et logistique
4468,2025-08-21,NULL,14,646.83,VIREMENT,EN_ATTENTE,Dépense Informatique et logiciels
4469,2025-08-21,NULL,6,17202.46,CARTE,VALIDE,Dépense Salaires et charges sociales
4470,2025-08-22,42,2,497.78,MOBILE_MONEY,VALIDE,Facture F-2025-09714
4471,2025-08-22,63,1,4868.63,ESPECES,VALIDE,Facture F-2025-27612
4472,2025-08-22,33,3,104.47,CARTE,VALIDE,Facture F-2025-04903
4473,2025-08-22,32,5,1077.81,CHEQUE,VALIDE,Facture F-2025-72215
4474,2025-08-22,61,1,4684.89,VIREMENT,VALIDE,Facture F-2025-09725
4475,2025-08-22,14,3,252.60,VIREMENT,VALIDE,Facture F-2025-05474
4476,2025-08-22,53,3,142.28,VIREMENT,VALIDE,Facture F-2025-76254
4477,2025-08-22,NULL,6,17750.17,MOBILE_MONEY,VALIDE,Dépense Salaires et charges sociales
4478,2025-08-22,NULL,11,5225.43,ESPECES,VALIDE,Dépense Transport et logistique
4479,2025-08-22,NULL,7,3068.48,CARTE,VALIDE,Dépense Loyers et immobilier
4480,2025-08-22,NULL,11,1835.82,CARTE,EN_ATTENTE,Dépense Transport et logistique
4481,2025-08-23,61,2,2038.36,CARTE,VALIDE,Facture F-2025-71312
4482,2025-08-23,16,3,359.48,ESPECES,VALIDE,Facture F-2025-96170
4483,2025-08-23,NULL,10,153.36,CARTE,VALIDE,Dépense Énergie et eau
4484,2025-08-23,NULL,6,3523.94,MOBILE_MONEY,VALIDE,Dépense Salaires et charges sociales
4485,2025-08-24,65,5,523.95,VIREMENT,VALIDE,Facture F-2025-06166
4486,2025-08-24,11,5,650.09,CHEQUE,VALIDE,Facture F-2025-69269
4487,2025-08-24,63,3,276.94,VIREMENT,VALIDE,Facture F-2025-07728
4488,2025-08-24,NULL,10,421.89,VIREMENT,VALIDE,Dépense Énergie et eau
4489,2025-08-24,NULL,7,1230.66,MOBILE_MONEY,VALIDE,Dépense Loyers et immobilier
4490,2025-08-25,32,5,1192.51,VIREMENT,VALIDE,Facture F-2025-03294
4491,2025-08-25,19,5,1235.44,CHEQUE,VALIDE,Facture F-2025-58607
4492,2025-08-25,52,3,231.74,VIREMENT,VALIDE,Facture F-2025-52799
4493,2025-08-25,NULL,13,2713.89,MOBILE_MONEY,VALIDE,Dépense Impôts et taxes
4494,2025-08-26,20,3,76.74,CHEQUE,VALIDE,Facture F-2025-03405
4495,2025-08-26,20,1,2098.81,MOBILE_MONEY,VALIDE,Facture F-2025-87956
4496,2025-08-26,4,2,746.08,VIREMENT,EN_ATTENTE,Facture F-2025-07489
4497,2025-08-26,15,1,6437.49,CARTE,VALIDE,Facture F-2025-24658
4498,2025-08-26,59,4,513.62,ESPECES,VALIDE,Facture F-2025-93589
4499,2025-08-26,7,2,971.25,CHEQUE,VALIDE,Facture F-2025-26173
4500,2025-08-26,4,3,264.20,VIREMENT,VALIDE,Facture F-2025-63396
4501,2025-08-26,NULL,9,621.50,ESPECES,VALIDE,Dépense Fournitures et consommables
4502,2025-08-26,NULL,14,2836.71,MOBILE_MONEY,VALIDE,Dépense Informatique et logiciels
4503,2025-08-26,NULL,14,573.22,ESPECES,VALIDE,Dépense Informatique et logiciels
4504,2025-08-26,NULL,8,5220.78,ESPECES,EN_ATTENTE,Dépense Marketing et publicité
4505,2025-08-27,12,2,241.95,MOBILE_MONEY,VALIDE,Facture F-2025-67671
4506,2025-08-27,54,4,972.38,MOBILE_MONEY,VALIDE,Facture F-2025-33771
4507,2025-08-27,43,1,6399.27,CHEQUE,VALIDE,Facture F-2025-04370
4508,2025-08-27,NULL,10,482.83,VIREMENT,VALIDE,Dépense Énergie et eau
4509,2025-08-27,NULL,12,727.79,ESPECES,VALIDE,Dépense Assurances
4510,2025-08-28,32,4,500.30,CARTE,EN_ATTENTE,Facture F-2025-71002
4511,2025-08-28,27,2,365.88,CHEQUE,VALIDE,Facture F-2025-85858
4512,2025-08-28,60,5,1389.08,VIREMENT,VALIDE,Facture F-2025-66904
4513,2025-08-28,NULL,9,1586.65,VIREMENT,VALIDE,Dépense Fournitures et consommables
4514,2025-08-29,7,2,1125.47,MOBILE_MONEY,VALIDE,Facture F-2025-91715
4515,2025-08-29,50,4,874.06,ESPECES,VALIDE,Facture F-2025-32419
4516,2025-08-29,47,1,1523.00,ESPECES,VALIDE,Facture F-2025-05469
4517,2025-08-29,9,3,153.99,CHEQUE,VALIDE,Facture F-2025-15951
4518,2025-08-29,45,5,1432.91,ESPECES,VALIDE,Facture F-2025-79341
4519,2025-08-29,10,2,1845.53,CHEQUE,VALIDE,Facture F-2025-34932
4520,2025-08-29,NULL,13,4473.83,CARTE,VALIDE,Dépense Impôts et taxes
4521,2025-08-29,NULL,14,2406.37,MOBILE_MONEY,VALIDE,Dépense Informatique et logiciels
4522,2025-08-29,NULL,7,4212.80,MOBILE_MONEY,VALIDE,Dépense Loyers et immobilier
4523,2025-08-30,8,1,3224.45,MOBILE_MONEY,VALIDE,Facture F-2025-60143
4524,2025-08-30,49,1,3304.19,MOBILE_MONEY,VALIDE,Facture F-2025-18465
4525,2025-08-30,61,3,102.43,VIREMENT,VALIDE,Facture F-2025-41363
4526,2025-08-30,38,3,129.18,MOBILE_MONEY,VALIDE,Facture F-2025-27487
4527,2025-08-30,3,2,344.76,VIREMENT,VALIDE,Facture F-2025-77607
4528,2025-08-30,NULL,11,2501.03,CARTE,VALIDE,Dépense Transport et logistique
4529,2025-08-30,NULL,11,3119.77,MOBILE_MONEY,VALIDE,Dépense Transport et logistique
4530,2025-08-30,NULL,6,18257.57,ESPECES,VALIDE,Dépense Salaires et charges sociales
4531,2025-08-30,NULL,6,15596.61,VIREMENT,EN_ATTENTE,Dépense Salaires et charges sociales
4532,2025-08-31,4,3,362.80,CARTE,VALIDE,Facture F-2025-65632
4533,2025-08-31,37,2,1816.04,CARTE,VALIDE,Facture F-2025-24844
4534,2025-08-31,NULL,7,463.92,ESPECES,EN_ATTENTE,Dépense Loyers et immobilier
4535,2025-08-31,NULL,10,1943.98,MOBILE_MONEY,VALIDE,Dépense Énergie et eau
4536,2025-08-31,NULL,13,877.37,VIREMENT,VALIDE,Dépense Impôts et taxes
4537,2025-09-01,27,2,2146.91,CARTE,VALIDE,Facture F-2025-98309
4538,2025-09-01,32,3,434.33,CHEQUE,VALIDE,Facture F-2025-98774
4539,2025-09-01,58,5,931.14,CARTE,VALIDE,Facture F-2025-24765
4540,2025-09-01,23,1,5231.03,MOBILE_MONEY,VALIDE,Facture F-2025-86742
4541,2025-09-01,23,1,1651.63,ESPECES,VALIDE,Facture F-2025-45251
4542,2025-09-01,55,1,1068.55,VIREMENT,VALIDE,Facture F-2025-83597
4543,2025-09-01,13,2,2096.54,CHEQUE,VALIDE,Facture F-2025-59069
4544,2025-09-01,NULL,12,2926.87,VIREMENT,VALIDE,Dépense Assurances
4545,2025-09-02,20,1,2844.10,MOBILE_MONEY,VALIDE,Facture F-2025-67854
4546,2025-09-02,61,3,403.04,ESPECES,VALIDE,Facture F-2025-15919
4547,2025-09-02,13,5,460.48,VIREMENT,VALIDE,Facture F-2025-56598
4548,2025-09-02,29,4,524.90,ESPECES,VALIDE,Facture F-2025-98914
4549,2025-09-02,7,5,361.09,MOBILE_MONEY,VALIDE,Facture F-2025-87947
4550,2025-09-02,57,2,1053.12,CARTE,VALIDE,Facture F-2025-70355
4551,2025-09-02,52,2,1860.62,CARTE,VALIDE,Facture F-2025-10647
4552,2025-09-02,NULL,15,657.04,MOBILE_MONEY,VALIDE,Dépense Intérêts et frais bancaires
4553,2025-09-03,58,3,140.19,MOBILE_MONEY,VALIDE,Facture F-2025-11650
4554,2025-09-03,30,1,6204.75,VIREMENT,EN_ATTENTE,Facture F-2025-17824
4555,2025-09-03,37,5,318.14,CHEQUE,VALIDE,Facture F-2025-66695
4556,2025-09-03,47,3,424.14,CHEQUE,VALIDE,Facture F-2025-44017
4557,2025-09-03,NULL,9,1723.00,VIREMENT,VALIDE,Dépense Fournitures et consommables
4558,2025-09-03,NULL,6,10383.38,MOBILE_MONEY,VALIDE,Dépense Salaires et charges sociales
4559,2025-09-03,NULL,8,5374.57,VIREMENT,VALIDE,Dépense Marketing et publicité
4560,2025-09-04,50,5,343.27,ESPECES,VALIDE,Facture F-2025-31139
4561,2025-09-04,20,4,756.78,MOBILE_MONEY,VALIDE,Facture F-2025-40023
4562,2025-09-04,51,3,91.03,ESPECES,VALIDE,Facture F-2025-23536
4563,2025-09-04,13,5,1494.65,VIREMENT,VALIDE,Facture F-2025-11517
4564,2025-09-04,NULL,8,7268.74,ESPECES,VALIDE,Dépense Marketing et publicité
4565,2025-09-04,NULL,15,178.09,ESPECES,VALIDE,Dépense Intérêts et frais bancaires
4566,2025-09-04,NULL,13,3794.59,ESPECES,VALIDE,Dépense Impôts et taxes
4567,2025-09-05,21,2,985.50,CHEQUE,VALIDE,Facture F-2025-44726
4568,2025-09-05,33,3,379.46,ESPECES,VALIDE,Facture F-2025-51068
4569,2025-09-05,1,1,5339.62,VIREMENT,VALIDE,Facture F-2025-08524
4570,2025-09-05,NULL,6,9626.77,CARTE,VALIDE,Dépense Salaires et charges sociales
4571,2025-09-05,NULL,14,683.76,VIREMENT,VALIDE,Dépense Informatique et logiciels
4572,2025-09-05,NULL,7,2808.26,ESPECES,VALIDE,Dépense Loyers et immobilier
4573,2025-09-06,42,4,278.55,VIREMENT,VALIDE,Facture F-2025-10869
4574,2025-09-06,45,1,3235.08,ESPECES,VALIDE,Facture F-2025-37179
4575,2025-09-06,22,5,1465.84,ESPECES,VALIDE,Facture F-2025-03441
4576,2025-09-06,33,1,1332.56,VIREMENT,VALIDE,Facture F-2025-38448
4577,2025-09-06,44,1,6447.90,MOBILE_MONEY,VALIDE,Facture F-2025-98123
4578,2025-09-06,44,1,7113.32,CHEQUE,EN_ATTENTE,Facture F-2025-85422
4579,2025-09-06,NULL,10,848.04,VIREMENT,VALIDE,Dépense Énergie et eau
4580,2025-09-07,16,2,1193.78,CARTE,VALIDE,Facture F-2025-16813
4581,2025-09-07,4,3,335.32,CHEQUE,VALIDE,Facture F-2025-75720
4582,2025-09-07,51,2,709.61,CHEQUE,VALIDE,Facture F-2025-83734
4583,2025-09-07,21,2,1213.30,CARTE,VALIDE,Facture F-2025-64060
4584,2025-09-07,16,3,401.17,MOBILE_MONEY,VALIDE,Facture F-2025-28705
4585,2025-09-07,17,4,624.95,ESPECES,VALIDE,Facture F-2025-85662
4586,2025-09-07,NULL,7,1054.63,CARTE,VALIDE,Dépense Loyers et immobilier
4587,2025-09-07,NULL,10,1504.13,MOBILE_MONEY,EN_ATTENTE,Dépense Énergie et eau
4588,2025-09-07,NULL,12,2638.94,VIREMENT,EN_ATTENTE,Dépense Assurances
4589,2025-09-08,20,2,1515.35,CHEQUE,VALIDE,Facture F-2025-35461
4590,2025-09-08,6,5,1404.80,VIREMENT,EN_ATTENTE,Facture F-2025-30206
4591,2025-09-08,30,2,1166.13,MOBILE_MONEY,VALIDE,Facture F-2025-29350
4592,2025-09-08,8,5,992.27,CHEQUE,VALIDE,Facture F-2025-22630
4593,2025-09-08,38,3,259.32,CHEQUE,VALIDE,Facture F-2025-11648
4594,2025-09-08,16,2,715.87,VIREMENT,VALIDE,Facture F-2025-34494
4595,2025-09-08,16,2,1054.45,CHEQUE,VALIDE,Facture F-2025-84606
4596,2025-09-08,NULL,12,1013.05,VIREMENT,VALIDE,Dépense Assurances
4597,2025-09-08,NULL,9,638.44,MOBILE_MONEY,VALIDE,Dépense Fournitures et consommables
4598,2025-09-08,NULL,12,768.90,ESPECES,VALIDE,Dépense Assurances
4599,2025-09-09,3,4,326.10,CARTE,VALIDE,Facture F-2025-56305
4600,2025-09-09,65,1,4571.99,CHEQUE,VALIDE,Facture F-2025-23144
4601,2025-09-09,5,1,6766.30,MOBILE_MONEY,VALIDE,Facture F-2025-93706
4602,2025-09-09,NULL,7,4095.47,MOBILE_MONEY,EN_ATTENTE,Dépense Loyers et immobilier
4603,2025-09-09,NULL,10,210.21,ESPECES,VALIDE,Dépense Énergie et eau
4604,2025-09-09,NULL,7,1920.51,VIREMENT,VALIDE,Dépense Loyers et immobilier
4605,2025-09-10,7,4,516.95,ESPECES,VALIDE,Facture F-2025-96019
4606,2025-09-10,36,1,3721.50,CHEQUE,VALIDE,Facture F-2025-51408
4607,2025-09-10,61,5,1462.02,CARTE,VALIDE,Facture F-2025-89584
4608,2025-09-10,58,4,501.38,CARTE,VALIDE,Facture F-2025-74950
4609,2025-09-10,43,5,690.38,CARTE,VALIDE,Facture F-2025-87057
4610,2025-09-10,21,5,1071.92,CARTE,VALIDE,Facture F-2025-74816
4611,2025-09-10,NULL,7,4633.43,ESPECES,VALIDE,Dépense Loyers et immobilier
4612,2025-09-10,NULL,12,631.64,MOBILE_MONEY,VALIDE,Dépense Assurances
4613,2025-09-10,NULL,6,14858.61,CARTE,VALIDE,Dépense Salaires et charges sociales
4614,2025-09-10,NULL,13,1498.51,VIREMENT,VALIDE,Dépense Impôts et taxes
4615,2025-09-11,61,1,2560.42,MOBILE_MONEY,VALIDE,Facture F-2025-82454
4616,2025-09-11,16,2,467.81,ESPECES,VALIDE,Facture F-2025-82278
4617,2025-09-11,24,4,687.48,CARTE,VALIDE,Facture F-2025-78390
4618,2025-09-11,33,3,360.79,MOBILE_MONEY,VALIDE,Facture F-2025-06034
4619,2025-09-11,29,2,628.24,VIREMENT,VALIDE,Facture F-2025-03545
4620,2025-09-11,NULL,6,15109.94,MOBILE_MONEY,VALIDE,Dépense Salaires et charges sociales
4621,2025-09-11,NULL,7,1463.72,MOBILE_MONEY,VALIDE,Dépense Loyers et immobilier
4622,2025-09-11,NULL,15,679.08,VIREMENT,EN_ATTENTE,Dépense Intérêts et frais bancaires
4623,2025-09-11,NULL,13,3410.49,CARTE,VALIDE,Dépense Impôts et taxes
4624,2025-09-12,2,5,819.66,VIREMENT,VALIDE,Facture F-2025-76834
4625,2025-09-12,22,3,87.91,VIREMENT,VALIDE,Facture F-2025-04097
4626,2025-09-12,24,4,888.21,CHEQUE,VALIDE,Facture F-2025-30566
4627,2025-09-12,31,4,498.29,ESPECES,VALIDE,Facture F-2025-31700
4628,2025-09-12,53,4,1000.72,ESPECES,VALIDE,Facture F-2025-16903
4629,2025-09-12,37,5,335.64,VIREMENT,VALIDE,Facture F-2025-95145
4630,2025-09-12,NULL,11,5671.15,MOBILE_MONEY,VALIDE,Dépense Transport et logistique
4631,2025-09-12,NULL,13,788.80,MOBILE_MONEY,VALIDE,Dépense Impôts et taxes
4632,2025-09-13,16,1,6813.75,CARTE,VALIDE,Facture F-2025-20487
4633,2025-09-13,59,2,1361.14,CARTE,VALIDE,Facture F-2025-64425
4634,2025-09-13,30,3,396.70,VIREMENT,VALIDE,Facture F-2025-24733
4635,2025-09-13,NULL,8,725.07,MOBILE_MONEY,VALIDE,Dépense Marketing et publicité
4636,2025-09-14,18,3,312.82,ESPECES,VALIDE,Facture F-2025-99615
4637,2025-09-14,12,1,6103.99,CHEQUE,VALIDE,Facture F-2025-02608
4638,2025-09-14,22,4,819.66,MOBILE_MONEY,VALIDE,Facture F-2025-44441
4639,2025-09-14,49,4,1097.67,ESPECES,VALIDE,Facture F-2025-55112
4640,2025-09-14,60,2,1420.61,MOBILE_MONEY,VALIDE,Facture F-2025-37406
4641,2025-09-14,5,1,1986.84,MOBILE_MONEY,VALIDE,Facture F-2025-36750
4642,2025-09-14,NULL,12,3054.77,CARTE,VALIDE,Dépense Assurances
4643,2025-09-15,9,5,1307.41,ESPECES,VALIDE,Facture F-2025-35999
4644,2025-09-15,4,2,1416.71,ESPECES,VALIDE,Facture F-2025-25277
4645,2025-09-15,47,4,717.40,ESPECES,VALIDE,Facture F-2025-13175
4646,2025-09-15,26,5,410.00,VIREMENT,VALIDE,Facture F-2025-51248
4647,2025-09-15,41,2,1097.38,ESPECES,EN_ATTENTE,Facture F-2025-01967
4648,2025-09-15,NULL,11,234.20,MOBILE_MONEY,VALIDE,Dépense Transport et logistique
4649,2025-09-15,NULL,6,14075.45,MOBILE_MONEY,VALIDE,Dépense Salaires et charges sociales
4650,2025-09-15,NULL,10,388.08,CARTE,VALIDE,Dépense Énergie et eau
4651,2025-09-15,NULL,10,1629.93,MOBILE_MONEY,VALIDE,Dépense Énergie et eau
4652,2025-09-16,1,5,983.73,ESPECES,VALIDE,Facture F-2025-14417
4653,2025-09-16,23,5,1341.76,CHEQUE,VALIDE,Facture F-2025-11707
4654,2025-09-16,52,1,3717.84,CARTE,VALIDE,Facture F-2025-05184
4655,2025-09-16,1,2,818.96,MOBILE_MONEY,VALIDE,Facture F-2025-39744
4656,2025-09-16,24,5,379.94,VIREMENT,VALIDE,Facture F-2025-77497
4657,2025-09-16,5,1,1396.65,MOBILE_MONEY,VALIDE,Facture F-2025-46530
4658,2025-09-16,NULL,9,2245.81,CARTE,VALIDE,Dépense Fournitures et consommables
4659,2025-09-16,NULL,6,8428.39,ESPECES,VALIDE,Dépense Salaires et charges sociales
4660,2025-09-17,19,4,620.13,VIREMENT,VALIDE,Facture F-2025-93933
4661,2025-09-17,33,3,104.45,ESPECES,VALIDE,Facture F-2025-43229
4662,2025-09-17,39,3,130.63,MOBILE_MONEY,VALIDE,Facture F-2025-35009
4663,2025-09-17,NULL,14,1429.90,MOBILE_MONEY,VALIDE,Dépense Informatique et logiciels
4664,2025-09-17,NULL,13,4939.71,CARTE,VALIDE,Dépense Impôts et taxes
4665,2025-09-18,5,1,684.68,MOBILE_MONEY,VALIDE,Facture F-2025-18122
4666,2025-09-18,3,2,649.65,ESPECES,EN_ATTENTE,Facture F-2025-17198
4667,2025-09-18,26,3,124.79,CARTE,VALIDE,Facture F-2025-58156
4668,2025-09-18,NULL,6,11517.86,VIREMENT,VALIDE,Dépense Salaires et charges sociales
4669,2025-09-18,NULL,11,5101.77,ESPECES,VALIDE,Dépense Transport et logistique
4670,2025-09-18,NULL,7,4517.98,CARTE,VALIDE,Dépense Loyers et immobilier
4671,2025-09-18,NULL,7,2064.82,CARTE,VALIDE,Dépense Loyers et immobilier
4672,2025-09-19,41,2,2136.44,CHEQUE,VALIDE,Facture F-2025-42753
4673,2025-09-19,1,2,691.51,CARTE,VALIDE,Facture F-2025-52146
4674,2025-09-19,47,2,1844.20,CARTE,VALIDE,Facture F-2025-51040
4675,2025-09-19,59,3,63.90,CARTE,VALIDE,Facture F-2025-13616
4676,2025-09-19,1,4,1181.01,ESPECES,VALIDE,Facture F-2025-54321
4677,2025-09-19,58,2,1202.16,CHEQUE,VALIDE,Facture F-2025-69672
4678,2025-09-19,3,2,1196.65,ESPECES,EN_ATTENTE,Facture F-2025-94147
4679,2025-09-19,NULL,14,3974.83,CARTE,VALIDE,Dépense Informatique et logiciels
4680,2025-09-19,NULL,7,4421.47,CARTE,VALIDE,Dépense Loyers et immobilier
4681,2025-09-19,NULL,11,4803.47,CARTE,VALIDE,Dépense Transport et logistique
4682,2025-09-20,48,4,689.52,CHEQUE,VALIDE,Facture F-2025-43935
4683,2025-09-20,55,1,1300.08,CHEQUE,VALIDE,Facture F-2025-75641
4684,2025-09-20,28,5,648.89,VIREMENT,VALIDE,Facture F-2025-93552
4685,2025-09-20,3,1,5335.00,MOBILE_MONEY,VALIDE,Facture F-2025-18913
4686,2025-09-20,13,5,418.62,CARTE,VALIDE,Facture F-2025-06735
4687,2025-09-20,30,5,891.48,CHEQUE,VALIDE,Facture F-2025-13684
4688,2025-09-20,NULL,14,2323.89,ESPECES,VALIDE,Dépense Informatique et logiciels
4689,2025-09-20,NULL,15,30.48,ESPECES,VALIDE,Dépense Intérêts et frais bancaires
4690,2025-09-20,NULL,13,4868.91,VIREMENT,VALIDE,Dépense Impôts et taxes
4691,2025-09-20,NULL,12,539.30,VIREMENT,VALIDE,Dépense Assurances
4692,2025-09-21,37,1,4500.61,VIREMENT,VALIDE,Facture F-2025-74586
4693,2025-09-21,15,5,1007.92,ESPECES,EN_ATTENTE,Facture F-2025-72294
4694,2025-09-21,34,2,1286.26,CARTE,VALIDE,Facture F-2025-76186
4695,2025-09-21,NULL,13,4922.05,MOBILE_MONEY,VALIDE,Dépense Impôts et taxes
4696,2025-09-22,7,4,474.59,ESPECES,VALIDE,Facture F-2025-60325
4697,2025-09-22,45,4,548.58,CARTE,VALIDE,Facture F-2025-01916
4698,2025-09-22,30,2,871.44,MOBILE_MONEY,VALIDE,Facture F-2025-69371
4699,2025-09-22,11,3,227.92,ESPECES,VALIDE,Facture F-2025-00780
4700,2025-09-22,4,4,525.14,ESPECES,VALIDE,Facture F-2025-74089
4701,2025-09-22,NULL,15,132.82,ESPECES,VALIDE,Dépense Intérêts et frais bancaires
4702,2025-09-23,26,1,3923.46,CHEQUE,VALIDE,Facture F-2025-27231
4703,2025-09-23,18,4,722.48,CARTE,VALIDE,Facture F-2025-14824
4704,2025-09-23,38,3,309.25,MOBILE_MONEY,VALIDE,Facture F-2025-18111
4705,2025-09-23,18,2,781.20,CARTE,VALIDE,Facture F-2025-05218
4706,2025-09-23,51,1,2876.71,MOBILE_MONEY,VALIDE,Facture F-2025-47435
4707,2025-09-23,9,1,2727.41,VIREMENT,VALIDE,Facture F-2025-09219
4708,2025-09-23,20,3,429.23,CARTE,VALIDE,Facture F-2025-64842
4709,2025-09-23,NULL,15,79.31,MOBILE_MONEY,VALIDE,Dépense Intérêts et frais bancaires
4710,2025-09-24,3,2,1313.50,ESPECES,VALIDE,Facture F-2025-72968
4711,2025-09-24,51,5,1383.36,CARTE,VALIDE,Facture F-2025-96661
4712,2025-09-24,28,2,882.02,VIREMENT,VALIDE,Facture F-2025-64106
4713,2025-09-24,25,4,1074.20,MOBILE_MONEY,VALIDE,Facture F-2025-09259
4714,2025-09-24,41,3,194.61,MOBILE_MONEY,VALIDE,Facture F-2025-15501
4715,2025-09-24,NULL,6,17535.43,MOBILE_MONEY,VALIDE,Dépense Salaires et charges sociales
4716,2025-09-24,NULL,15,48.71,CARTE,VALIDE,Dépense Intérêts et frais bancaires
4717,2025-09-24,NULL,14,2181.36,VIREMENT,VALIDE,Dépense Informatique et logiciels
4718,2025-09-25,49,1,2919.18,ESPECES,EN_ATTENTE,Facture F-2025-85126
4719,2025-09-25,30,1,2398.37,VIREMENT,VALIDE,Facture F-2025-14875
4720,2025-09-25,39,4,370.44,MOBILE_MONEY,VALIDE,Facture F-2025-82813
4721,2025-09-25,61,2,1815.48,MOBILE_MONEY,VALIDE,Facture F-2025-90226
4722,2025-09-25,NULL,15,487.00,CARTE,VALIDE,Dépense Intérêts et frais bancaires
4723,2025-09-25,NULL,7,4675.89,ESPECES,VALIDE,Dépense Loyers et immobilier
4724,2025-09-25,NULL,9,2194.87,VIREMENT,VALIDE,Dépense Fournitures et consommables
4725,2025-09-26,58,3,439.67,CARTE,VALIDE,Facture F-2025-75664
4726,2025-09-26,16,2,727.84,CARTE,VALIDE,Facture F-2025-49405
4727,2025-09-26,40,3,362.25,VIREMENT,VALIDE,Facture F-2025-33435
4728,2025-09-26,47,2,1230.18,MOBILE_MONEY,VALIDE,Facture F-2025-78063
4729,2025-09-26,32,2,786.95,CARTE,VALIDE,Facture F-2025-09775
4730,2025-09-26,NULL,7,4005.07,CARTE,VALIDE,Dépense Loyers et immobilier
4731,2025-09-26,NULL,13,2351.64,VIREMENT,VALIDE,Dépense Impôts et taxes
4732,2025-09-27,48,5,1208.19,MOBILE_MONEY,VALIDE,Facture F-2025-30453
4733,2025-09-27,7,5,407.28,ESPECES,VALIDE,Facture F-2025-22332
4734,2025-09-27,41,3,244.79,CARTE,VALIDE,Facture F-2025-08343
4735,2025-09-27,65,1,6321.38,CARTE,VALIDE,Facture F-2025-31446
4736,2025-09-27,NULL,13,2958.63,MOBILE_MONEY,VALIDE,Dépense Impôts et taxes
4737,2025-09-27,NULL,13,4391.37,VIREMENT,VALIDE,Dépense Impôts et taxes
4738,2025-09-27,NULL,9,1012.68,MOBILE_MONEY,VALIDE,Dépense Fournitures et consommables
4739,2025-09-28,22,2,1798.37,MOBILE_MONEY,VALIDE,Facture F-2025-22414
4740,2025-09-28,25,3,312.06,MOBILE_MONEY,VALIDE,Facture F-2025-52839
4741,2025-09-28,14,3,193.19,MOBILE_MONEY,VALIDE,Facture F-2025-52959
4742,2025-09-28,5,3,360.09,CHEQUE,VALIDE,Facture F-2025-78883
4743,2025-09-28,38,4,698.71,CARTE,VALIDE,Facture F-2025-83527
4744,2025-09-28,NULL,10,1803.26,MOBILE_MONEY,VALIDE,Dépense Énergie et eau
4745,2025-09-28,NULL,6,6011.41,VIREMENT,VALIDE,Dépense Salaires et charges sociales
4746,2025-09-29,14,3,310.69,VIREMENT,VALIDE,Facture F-2025-92755
4747,2025-09-29,54,2,536.43,CARTE,VALIDE,Facture F-2025-16958
4748,2025-09-29,35,4,1026.03,CARTE,VALIDE,Facture F-2025-84224
4749,2025-09-29,NULL,15,646.05,ESPECES,VALIDE,Dépense Intérêts et frais bancaires
4750,2025-09-29,NULL,12,1875.30,CARTE,VALIDE,Dépense Assurances
4751,2025-09-29,NULL,10,1465.95,ESPECES,VALIDE,Dépense Énergie et eau
4752,2025-09-30,8,2,1286.95,CARTE,VALIDE,Facture F-2025-60473
4753,2025-09-30,58,1,585.64,CHEQUE,VALIDE,Facture F-2025-34133
4754,2025-09-30,49,4,663.64,VIREMENT,VALIDE,Facture F-2025-30287
4755,2025-09-30,35,5,1479.75,MOBILE_MONEY,VALIDE,Facture F-2025-28884
4756,2025-09-30,18,1,2227.34,ESPECES,VALIDE,Facture F-2025-35763
4757,2025-09-30,48,5,1229.36,VIREMENT,VALIDE,Facture F-2025-30543
4758,2025-09-30,13,4,325.34,MOBILE_MONEY,VALIDE,Facture F-2025-58081
4759,2025-09-30,5,3,311.71,CARTE,VALIDE,Facture F-2025-18118
4760,2025-09-30,NULL,6,14908.61,ESPECES,VALIDE,Dépense Salaires et charges sociales
4761,2025-09-30,NULL,12,1881.51,MOBILE_MONEY,VALIDE,Dépense Assurances
4762,2025-09-30,NULL,14,1720.09,CARTE,VALIDE,Dépense Informatique et logiciels
4763,2025-09-30,NULL,10,757.33,VIREMENT,VALIDE,Dépense Énergie et eau
4764,2025-10-01,13,4,890.19,ESPECES,VALIDE,Facture F-2025-57745
4765,2025-10-01,19,5,301.69,CHEQUE,VALIDE,Facture F-2025-20361
4766,2025-10-01,43,3,426.36,MOBILE_MONEY,VALIDE,Facture F-2025-51087
4767,2025-10-01,40,2,939.56,CHEQUE,VALIDE,Facture F-2025-04337
4768,2025-10-01,8,5,368.76,ESPECES,VALIDE,Facture F-2025-75990
4769,2025-10-01,34,3,414.64,CARTE,VALIDE,Facture F-2025-20424
4770,2025-10-01,21,4,433.69,CARTE,VALIDE,Facture F-2025-81313
4771,2025-10-01,12,3,169.51,CHEQUE,VALIDE,Facture F-2025-81703
4772,2025-10-01,NULL,13,512.51,VIREMENT,VALIDE,Dépense Impôts et taxes
4773,2025-10-02,36,3,118.74,MOBILE_MONEY,VALIDE,Facture F-2025-78062
4774,2025-10-02,34,3,401.17,ESPECES,VALIDE,Facture F-2025-18846
4775,2025-10-02,53,3,284.80,CHEQUE,VALIDE,Facture F-2025-68010
4776,2025-10-02,58,4,277.81,ESPECES,VALIDE,Facture F-2025-08184
4777,2025-10-02,57,5,1349.19,CARTE,VALIDE,Facture F-2025-06181
4778,2025-10-02,21,1,2344.80,VIREMENT,VALIDE,Facture F-2025-73973
4779,2025-10-02,NULL,6,19385.53,VIREMENT,VALIDE,Dépense Salaires et charges sociales
4780,2025-10-02,NULL,8,1512.33,CARTE,VALIDE,Dépense Marketing et publicité
4781,2025-10-03,29,3,385.18,CHEQUE,VALIDE,Facture F-2025-03973
4782,2025-10-03,28,2,612.22,VIREMENT,VALIDE,Facture F-2025-68171
4783,2025-10-03,49,1,2439.32,CHEQUE,VALIDE,Facture F-2025-29437
4784,2025-10-03,8,1,7317.90,MOBILE_MONEY,VALIDE,Facture F-2025-72500
4785,2025-10-03,25,4,987.09,ESPECES,VALIDE,Facture F-2025-31877
4786,2025-10-03,9,3,207.48,MOBILE_MONEY,VALIDE,Facture F-2025-26253
4787,2025-10-03,NULL,10,681.26,MOBILE_MONEY,VALIDE,Dépense Énergie et eau
4788,2025-10-03,NULL,7,4137.90,MOBILE_MONEY,VALIDE,Dépense Loyers et immobilier
4789,2025-10-03,NULL,11,2022.76,CARTE,VALIDE,Dépense Transport et logistique
4790,2025-10-04,18,3,448.01,CHEQUE,VALIDE,Facture F-2025-00746
4791,2025-10-04,42,3,278.73,VIREMENT,VALIDE,Facture F-2025-46519
4792,2025-10-04,5,4,493.50,CARTE,VALIDE,Facture F-2025-61181
4793,2025-10-04,44,2,1026.31,VIREMENT,VALIDE,Facture F-2025-20537
4794,2025-10-04,34,3,172.09,CHEQUE,VALIDE,Facture F-2025-48401
4795,2025-10-04,37,5,773.42,CARTE,VALIDE,Facture F-2025-64555
4796,2025-10-04,NULL,14,3641.59,VIREMENT,VALIDE,Dépense Informatique et logiciels
4797,2025-10-04,NULL,7,290.11,CARTE,VALIDE,Dépense Loyers et immobilier
4798,2025-10-04,NULL,8,4918.76,VIREMENT,VALIDE,Dépense Marketing et publicité
4799,2025-10-05,51,2,225.95,MOBILE_MONEY,VALIDE,Facture F-2025-57154
4800,2025-10-05,21,2,2181.70,CHEQUE,VALIDE,Facture F-2025-30469
4801,2025-10-05,11,1,5711.15,VIREMENT,VALIDE,Facture F-2025-59947
4802,2025-10-05,17,1,1986.24,CHEQUE,VALIDE,Facture F-2025-14844
4803,2025-10-05,18,2,805.48,MOBILE_MONEY,VALIDE,Facture F-2025-04158
4804,2025-10-05,49,3,447.19,MOBILE_MONEY,VALIDE,Facture F-2025-46181
4805,2025-10-05,NULL,10,180.53,ESPECES,VALIDE,Dépense Énergie et eau
4806,2025-10-05,NULL,12,2436.75,MOBILE_MONEY,VALIDE,Dépense Assurances
4807,2025-10-06,18,4,459.51,MOBILE_MONEY,VALIDE,Facture F-2025-07627
4808,2025-10-06,43,4,1193.17,VIREMENT,VALIDE,Facture F-2025-75091
4809,2025-10-06,34,4,608.36,CARTE,VALIDE,Facture F-2025-46235
4810,2025-10-06,23,4,712.75,VIREMENT,VALIDE,Facture F-2025-64077
4811,2025-10-06,NULL,6,10857.69,MOBILE_MONEY,VALIDE,Dépense Salaires et charges sociales
4812,2025-10-06,NULL,7,4690.26,MOBILE_MONEY,VALIDE,Dépense Loyers et immobilier
4813,2025-10-06,NULL,15,82.27,MOBILE_MONEY,VALIDE,Dépense Intérêts et frais bancaires
4814,2025-10-07,42,1,974.52,CHEQUE,VALIDE,Facture F-2025-32933
4815,2025-10-07,33,5,1184.63,MOBILE_MONEY,VALIDE,Facture F-2025-76221
4816,2025-10-07,9,5,332.73,ESPECES,VALIDE,Facture F-2025-33951
4817,2025-10-07,29,5,912.76,MOBILE_MONEY,VALIDE,Facture F-2025-37258
4818,2025-10-07,61,5,598.39,ESPECES,VALIDE,Facture F-2025-88214
4819,2025-10-07,NULL,6,8801.30,VIREMENT,VALIDE,Dépense Salaires et charges sociales
4820,2025-10-07,NULL,8,4830.03,MOBILE_MONEY,VALIDE,Dépense Marketing et publicité
4821,2025-10-07,NULL,11,4614.79,CARTE,VALIDE,Dépense Transport et logistique
4822,2025-10-08,33,5,1151.91,CARTE,VALIDE,Facture F-2025-49738
4823,2025-10-08,40,1,7396.44,ESPECES,VALIDE,Facture F-2025-32646
4824,2025-10-08,25,3,233.76,ESPECES,VALIDE,Facture F-2025-20816
4825,2025-10-08,NULL,11,5883.03,VIREMENT,VALIDE,Dépense Transport et logistique
4826,2025-10-09,53,5,762.28,CARTE,VALIDE,Facture F-2025-70975
4827,2025-10-09,6,3,89.92,CHEQUE,VALIDE,Facture F-2025-37715
4828,2025-10-09,64,3,308.12,ESPECES,VALIDE,Facture F-2025-84277
4829,2025-10-09,60,5,1390.71,CARTE,VALIDE,Facture F-2025-98254
4830,2025-10-09,15,1,582.11,CHEQUE,VALIDE,Facture F-2025-29986
4831,2025-10-09,30,2,1104.39,VIREMENT,EN_ATTENTE,Facture F-2025-92344
4832,2025-10-09,9,2,1198.32,VIREMENT,VALIDE,Facture F-2025-79589
4833,2025-10-09,NULL,14,382.39,CARTE,VALIDE,Dépense Informatique et logiciels
4834,2025-10-09,NULL,6,19664.36,MOBILE_MONEY,VALIDE,Dépense Salaires et charges sociales
4835,2025-10-10,31,4,431.22,CHEQUE,VALIDE,Facture F-2025-44730
4836,2025-10-10,47,2,2144.67,ESPECES,VALIDE,Facture F-2025-87174
4837,2025-10-10,NULL,11,5960.65,CARTE,VALIDE,Dépense Transport et logistique
4838,2025-10-11,60,3,361.19,ESPECES,VALIDE,Facture F-2025-85349
4839,2025-10-11,2,4,1159.50,MOBILE_MONEY,VALIDE,Facture F-2025-23213
4840,2025-10-11,24,1,6104.40,VIREMENT,VALIDE,Facture F-2025-62518
4841,2025-10-11,36,5,1381.08,MOBILE_MONEY,VALIDE,Facture F-2025-40373
4842,2025-10-11,18,2,1127.97,VIREMENT,VALIDE,Facture F-2025-64500
4843,2025-10-11,60,3,402.87,MOBILE_MONEY,VALIDE,Facture F-2025-92133
4844,2025-10-11,NULL,14,351.40,ESPECES,VALIDE,Dépense Informatique et logiciels
4845,2025-10-12,20,2,1612.66,CHEQUE,EN_ATTENTE,Facture F-2025-33308
4846,2025-10-12,31,3,406.87,ESPECES,VALIDE,Facture F-2025-41127
4847,2025-10-12,23,5,1458.61,VIREMENT,VALIDE,Facture F-2025-35762
4848,2025-10-12,54,2,2172.64,CARTE,VALIDE,Facture F-2025-27858
4849,2025-10-12,NULL,9,2445.95,CARTE,VALIDE,Dépense Fournitures et consommables
4850,2025-10-12,NULL,10,1850.91,CARTE,VALIDE,Dépense Énergie et eau
4851,2025-10-12,NULL,8,1392.95,VIREMENT,VALIDE,Dépense Marketing et publicité
4852,2025-10-13,42,2,1310.15,ESPECES,VALIDE,Facture F-2025-53320
4853,2025-10-13,10,5,1346.10,VIREMENT,VALIDE,Facture F-2025-63931
4854,2025-10-13,60,1,1091.57,VIREMENT,VALIDE,Facture F-2025-18963
4855,2025-10-13,NULL,12,239.83,MOBILE_MONEY,VALIDE,Dépense Assurances
4856,2025-10-14,9,1,3565.73,ESPECES,VALIDE,Facture F-2025-24538
4857,2025-10-14,24,3,272.32,MOBILE_MONEY,VALIDE,Facture F-2025-84564
4858,2025-10-14,3,4,227.39,VIREMENT,VALIDE,Facture F-2025-51736
4859,2025-10-14,65,3,227.63,CHEQUE,VALIDE,Facture F-2025-22217
4860,2025-10-14,36,3,197.94,VIREMENT,VALIDE,Facture F-2025-77038
4861,2025-10-14,NULL,7,1722.29,CARTE,VALIDE,Dépense Loyers et immobilier
4862,2025-10-15,5,3,336.90,CHEQUE,EN_ATTENTE,Facture F-2025-74640
4863,2025-10-15,33,3,405.29,CHEQUE,VALIDE,Facture F-2025-72353
4864,2025-10-15,24,5,369.80,CHEQUE,VALIDE,Facture F-2025-71094
4865,2025-10-15,57,2,1701.70,ESPECES,VALIDE,Facture F-2025-98230
4866,2025-10-15,35,2,1672.76,CARTE,VALIDE,Facture F-2025-90961
4867,2025-10-15,13,2,1763.72,ESPECES,VALIDE,Facture F-2025-72184
4868,2025-10-15,NULL,6,6722.21,CARTE,VALIDE,Dépense Salaires et charges sociales
4869,2025-10-15,NULL,11,356.46,CARTE,VALIDE,Dépense Transport et logistique
4870,2025-10-15,NULL,12,2080.07,ESPECES,VALIDE,Dépense Assurances
4871,2025-10-16,33,1,1657.91,VIREMENT,VALIDE,Facture F-2025-86601
4872,2025-10-16,53,1,6215.61,MOBILE_MONEY,VALIDE,Facture F-2025-37035
4873,2025-10-16,NULL,6,5544.52,MOBILE_MONEY,VALIDE,Dépense Salaires et charges sociales
4874,2025-10-17,28,1,4967.22,MOBILE_MONEY,VALIDE,Facture F-2025-22646
4875,2025-10-17,11,1,2542.98,VIREMENT,VALIDE,Facture F-2025-06127
4876,2025-10-17,55,4,577.99,MOBILE_MONEY,VALIDE,Facture F-2025-69817
4877,2025-10-17,39,4,952.18,MOBILE_MONEY,VALIDE,Facture F-2025-46108
4878,2025-10-17,NULL,6,18328.31,ESPECES,EN_ATTENTE,Dépense Salaires et charges sociales
4879,2025-10-18,1,2,1029.00,CHEQUE,VALIDE,Facture F-2025-97663
4880,2025-10-18,46,3,409.66,CARTE,VALIDE,Facture F-2025-73986
4881,2025-10-18,54,1,1067.12,ESPECES,VALIDE,Facture F-2025-12678
4882,2025-10-18,14,1,5491.01,ESPECES,VALIDE,Facture F-2025-65321
4883,2025-10-18,8,3,181.35,ESPECES,VALIDE,Facture F-2025-64623
4884,2025-10-18,48,2,1501.03,CARTE,VALIDE,Facture F-2025-89763
4885,2025-10-18,NULL,14,1444.40,CARTE,VALIDE,Dépense Informatique et logiciels
4886,2025-10-18,NULL,8,3652.42,ESPECES,VALIDE,Dépense Marketing et publicité
4887,2025-10-18,NULL,10,241.64,VIREMENT,VALIDE,Dépense Énergie et eau
4888,2025-10-19,7,2,1313.36,CHEQUE,VALIDE,Facture F-2025-29731
4889,2025-10-19,26,5,798.64,VIREMENT,VALIDE,Facture F-2025-55556
4890,2025-10-19,65,1,4538.24,MOBILE_MONEY,VALIDE,Facture F-2025-44462
4891,2025-10-19,34,4,464.32,VIREMENT,VALIDE,Facture F-2025-42000
4892,2025-10-19,9,4,807.04,ESPECES,VALIDE,Facture F-2025-80958
4893,2025-10-19,NULL,10,442.73,VIREMENT,VALIDE,Dépense Énergie et eau
4894,2025-10-19,NULL,7,3425.10,ESPECES,VALIDE,Dépense Loyers et immobilier
4895,2025-10-20,55,4,436.39,ESPECES,VALIDE,Facture F-2025-82676
4896,2025-10-20,34,2,996.01,CHEQUE,VALIDE,Facture F-2025-70248
4897,2025-10-20,45,5,964.92,CHEQUE,VALIDE,Facture F-2025-10519
4898,2025-10-20,NULL,15,164.44,CARTE,VALIDE,Dépense Intérêts et frais bancaires
4899,2025-10-20,NULL,13,3728.78,MOBILE_MONEY,VALIDE,Dépense Impôts et taxes
4900,2025-10-21,65,1,4589.51,VIREMENT,VALIDE,Facture F-2025-71809
4901,2025-10-21,62,1,5266.84,CHEQUE,VALIDE,Facture F-2025-33640
4902,2025-10-21,5,4,684.92,MOBILE_MONEY,VALIDE,Facture F-2025-52007
4903,2025-10-21,NULL,13,2640.06,VIREMENT,VALIDE,Dépense Impôts et taxes
4904,2025-10-22,21,4,475.08,CARTE,VALIDE,Facture F-2025-08861
4905,2025-10-22,38,1,3066.97,ESPECES,VALIDE,Facture F-2025-35546
4906,2025-10-22,43,5,823.40,MOBILE_MONEY,VALIDE,Facture F-2025-10593
4907,2025-10-22,59,4,736.48,ESPECES,EN_ATTENTE,Facture F-2025-04937
4908,2025-10-22,NULL,8,6656.38,MOBILE_MONEY,VALIDE,Dépense Marketing et publicité
4909,2025-10-23,22,1,3646.62,CHEQUE,VALIDE,Facture F-2025-48773
4910,2025-10-23,60,2,1643.70,CARTE,VALIDE,Facture F-2025-16087
4911,2025-10-23,56,1,861.62,CARTE,VALIDE,Facture F-2025-79994
4912,2025-10-23,50,4,1093.98,CARTE,VALIDE,Facture F-2025-69454
4913,2025-10-23,32,4,449.08,CARTE,VALIDE,Facture F-2025-89926
4914,2025-10-23,NULL,7,4574.17,CARTE,VALIDE,Dépense Loyers et immobilier
4915,2025-10-23,NULL,7,2679.85,MOBILE_MONEY,VALIDE,Dépense Loyers et immobilier
4916,2025-10-23,NULL,10,1648.56,VIREMENT,VALIDE,Dépense Énergie et eau
4917,2025-10-24,2,3,166.47,VIREMENT,VALIDE,Facture F-2025-00568
4918,2025-10-24,57,3,286.19,VIREMENT,EN_ATTENTE,Facture F-2025-31917
4919,2025-10-24,50,2,1775.38,CHEQUE,VALIDE,Facture F-2025-38750
4920,2025-10-24,NULL,14,2066.50,ESPECES,VALIDE,Dépense Informatique et logiciels
4921,2025-10-24,NULL,9,2073.88,VIREMENT,VALIDE,Dépense Fournitures et consommables
4922,2025-10-24,NULL,13,3202.54,CARTE,VALIDE,Dépense Impôts et taxes
4923,2025-10-25,20,1,3425.61,MOBILE_MONEY,VALIDE,Facture F-2025-49727
4924,2025-10-25,11,4,842.32,MOBILE_MONEY,VALIDE,Facture F-2025-94567
4925,2025-10-25,27,5,918.98,VIREMENT,VALIDE,Facture F-2025-21117
4926,2025-10-25,43,5,1171.64,VIREMENT,VALIDE,Facture F-2025-82391
4927,2025-10-25,1,5,730.80,MOBILE_MONEY,VALIDE,Facture F-2025-10789
4928,2025-10-25,17,1,7076.56,CHEQUE,VALIDE,Facture F-2025-82646
4929,2025-10-25,NULL,10,386.80,CARTE,VALIDE,Dépense Énergie et eau
4930,2025-10-25,NULL,11,5059.91,MOBILE_MONEY,VALIDE,Dépense Transport et logistique
4931,2025-10-26,58,4,397.15,VIREMENT,VALIDE,Facture F-2025-43165
4932,2025-10-26,41,1,4667.41,MOBILE_MONEY,VALIDE,Facture F-2025-92552
4933,2025-10-26,50,4,906.52,VIREMENT,VALIDE,Facture F-2025-52340
4934,2025-10-26,35,1,4531.61,MOBILE_MONEY,VALIDE,Facture F-2025-41365
4935,2025-10-26,NULL,15,30.29,VIREMENT,VALIDE,Dépense Intérêts et frais bancaires
4936,2025-10-27,31,2,1230.42,CARTE,VALIDE,Facture F-2025-04047
4937,2025-10-27,6,2,1554.42,MOBILE_MONEY,EN_ATTENTE,Facture F-2025-30602
4938,2025-10-27,31,2,1204.01,VIREMENT,VALIDE,Facture F-2025-35221
4939,2025-10-27,19,1,1876.33,VIREMENT,VALIDE,Facture F-2025-70840
4940,2025-10-27,19,5,1239.55,CHEQUE,VALIDE,Facture F-2025-74115
4941,2025-10-27,43,1,5771.21,MOBILE_MONEY,VALIDE,Facture F-2025-98319
4942,2025-10-27,11,2,490.88,MOBILE_MONEY,EN_ATTENTE,Facture F-2025-16079
4943,2025-10-27,14,3,207.86,MOBILE_MONEY,VALIDE,Facture F-2025-14856
4944,2025-10-27,NULL,14,4117.48,CARTE,VALIDE,Dépense Informatique et logiciels
4945,2025-10-28,62,1,5247.56,MOBILE_MONEY,VALIDE,Facture F-2025-35624
4946,2025-10-28,26,1,5305.84,CARTE,VALIDE,Facture F-2025-88533
4947,2025-10-28,17,5,1033.22,MOBILE_MONEY,VALIDE,Facture F-2025-69284
4948,2025-10-28,29,1,6770.49,VIREMENT,VALIDE,Facture F-2025-52815
4949,2025-10-28,19,4,288.35,MOBILE_MONEY,VALIDE,Facture F-2025-88005
4950,2025-10-28,16,5,643.93,MOBILE_MONEY,VALIDE,Facture F-2025-87049
4951,2025-10-28,NULL,12,2074.70,MOBILE_MONEY,VALIDE,Dépense Assurances
4952,2025-10-28,NULL,8,5421.88,VIREMENT,VALIDE,Dépense Marketing et publicité
4953,2025-10-28,NULL,12,915.62,ESPECES,VALIDE,Dépense Assurances
4954,2025-10-28,NULL,13,2016.10,VIREMENT,VALIDE,Dépense Impôts et taxes
4955,2025-10-29,23,4,870.24,ESPECES,VALIDE,Facture F-2025-92504
4956,2025-10-29,26,5,817.81,MOBILE_MONEY,VALIDE,Facture F-2025-59522
4957,2025-10-29,61,2,1393.16,CARTE,VALIDE,Facture F-2025-50776
4958,2025-10-29,NULL,9,2474.86,CARTE,VALIDE,Dépense Fournitures et consommables
4959,2025-10-29,NULL,11,1921.13,ESPECES,EN_ATTENTE,Dépense Transport et logistique
4960,2025-10-29,NULL,9,1816.42,MOBILE_MONEY,VALIDE,Dépense Fournitures et consommables
4961,2025-10-30,16,3,368.21,VIREMENT,VALIDE,Facture F-2025-12549
4962,2025-10-30,17,5,864.10,MOBILE_MONEY,VALIDE,Facture F-2025-27627
4963,2025-10-30,52,4,1015.27,CHEQUE,VALIDE,Facture F-2025-92851
4964,2025-10-30,65,2,1964.14,ESPECES,VALIDE,Facture F-2025-78570
4965,2025-10-30,56,3,417.39,ESPECES,VALIDE,Facture F-2025-88083
4966,2025-10-30,NULL,10,454.33,VIREMENT,VALIDE,Dépense Énergie et eau
4967,2025-10-30,NULL,13,596.66,MOBILE_MONEY,VALIDE,Dépense Impôts et taxes
4968,2025-10-30,NULL,9,1383.64,VIREMENT,VALIDE,Dépense Fournitures et consommables
4969,2025-10-31,59,3,380.84,MOBILE_MONEY,VALIDE,Facture F-2025-05864
4970,2025-10-31,44,5,806.88,CARTE,VALIDE,Facture F-2025-10996
4971,2025-10-31,19,5,1108.01,ESPECES,VALIDE,Facture F-2025-05439
4972,2025-10-31,47,3,390.97,VIREMENT,VALIDE,Facture F-2025-58852
4973,2025-10-31,NULL,6,21170.11,VIREMENT,VALIDE,Dépense Salaires et charges sociales
4974,2025-10-31,NULL,12,1495.32,MOBILE_MONEY,VALIDE,Dépense Assurances
4975,2025-10-31,NULL,9,1043.79,VIREMENT,VALIDE,Dépense Fournitures et consommables
4976,2025-10-31,NULL,15,271.31,CARTE,VALIDE,Dépense Intérêts et frais bancaires
4977,2025-11-01,15,4,1074.26,CHEQUE,VALIDE,Facture F-2025-23096
4978,2025-11-01,50,4,937.96,CHEQUE,VALIDE,Facture F-2025-59813
4979,2025-11-01,10,3,435.56,VIREMENT,VALIDE,Facture F-2025-74924
4980,2025-11-01,3,5,1024.20,MOBILE_MONEY,EN_ATTENTE,Facture F-2025-97651
4981,2025-11-01,48,4,649.74,CHEQUE,VALIDE,Facture F-2025-18581
4982,2025-11-01,59,1,1878.80,CHEQUE,VALIDE,Facture F-2025-91177
4983,2025-11-01,NULL,15,599.79,ESPECES,VALIDE,Dépense Intérêts et frais bancaires
4984,2025-11-01,NULL,11,4975.75,VIREMENT,VALIDE,Dépense Transport et logistique
4985,2025-11-02,53,2,1009.61,MOBILE_MONEY,VALIDE,Facture F-2025-01256
4986,2025-11-02,51,3,116.14,VIREMENT,VALIDE,Facture F-2025-17992
4987,2025-11-02,41,2,1081.20,CARTE,VALIDE,Facture F-2025-14527
4988,2025-11-02,23,3,62.42,ESPECES,VALIDE,Facture F-2025-02109
4989,2025-11-02,4,3,439.02,MOBILE_MONEY,VALIDE,Facture F-2025-14147
4990,2025-11-02,NULL,11,5530.07,VIREMENT,VALIDE,Dépense Transport et logistique
4991,2025-11-03,64,4,999.40,VIREMENT,VALIDE,Facture F-2025-09830
4992,2025-11-03,48,1,4911.63,CHEQUE,VALIDE,Facture F-2025-02819
4993,2025-11-03,10,5,557.52,ESPECES,VALIDE,Facture F-2025-67585
4994,2025-11-03,50,1,2920.01,VIREMENT,VALIDE,Facture F-2025-61506
4995,2025-11-03,26,5,815.44,ESPECES,VALIDE,Facture F-2025-19166
4996,2025-11-03,NULL,14,1570.36,MOBILE_MONEY,EN_ATTENTE,Dépense Informatique et logiciels
4997,2025-11-03,NULL,6,19830.93,VIREMENT,VALIDE,Dépense Salaires et charges sociales
4998,2025-11-03,NULL,14,1643.91,MOBILE_MONEY,VALIDE,Dépense Informatique et logiciels
4999,2025-11-04,30,2,985.83,MOBILE_MONEY,VALIDE,Facture F-2025-18959
5000,2025-11-04,7,2,1202.10,ESPECES,VALIDE,Facture F-2025-27967
5001,2025-11-04,44,3,399.60,VIREMENT,VALIDE,Facture F-2025-60887
5002,2025-11-04,57,5,937.92,MOBILE_MONEY,EN_ATTENTE,Facture F-2025-50169
5003,2025-11-04,47,2,1862.33,MOBILE_MONEY,VALIDE,Facture F-2025-93557
5004,2025-11-04,NULL,9,891.09,MOBILE_MONEY,VALIDE,Dépense Fournitures et consommables
5005,2025-11-04,NULL,12,815.15,ESPECES,VALIDE,Dépense Assurances
5006,2025-11-04,NULL,6,18411.05,MOBILE_MONEY,VALIDE,Dépense Salaires et charges sociales
5007,2025-11-04,NULL,8,3203.07,VIREMENT,VALIDE,Dépense Marketing et publicité
5008,2025-11-05,41,1,961.78,VIREMENT,VALIDE,Facture F-2025-61835
5009,2025-11-05,46,3,438.21,CHEQUE,VALIDE,Facture F-2025-21128
5010,2025-11-05,30,2,1494.91,CARTE,EN_ATTENTE,Facture F-2025-46572
5011,2025-11-05,NULL,14,962.85,MOBILE_MONEY,VALIDE,Dépense Informatique et logiciels
5012,2025-11-06,14,5,531.46,VIREMENT,VALIDE,Facture F-2025-19555
5013,2025-11-06,53,3,278.05,ESPECES,VALIDE,Facture F-2025-04244
5014,2025-11-06,65,2,735.54,VIREMENT,VALIDE,Facture F-2025-13536
5015,2025-11-06,55,5,1081.81,MOBILE_MONEY,VALIDE,Facture F-2025-12123
5016,2025-11-06,45,2,1738.15,MOBILE_MONEY,VALIDE,Facture F-2025-05691
5017,2025-11-06,30,3,338.24,CHEQUE,VALIDE,Facture F-2025-68703
5018,2025-11-06,NULL,10,1928.81,ESPECES,VALIDE,Dépense Énergie et eau
5019,2025-11-07,15,1,6793.18,CARTE,VALIDE,Facture F-2025-77669
5020,2025-11-07,33,4,419.41,CARTE,VALIDE,Facture F-2025-10698
5021,2025-11-07,41,4,959.22,CARTE,VALIDE,Facture F-2025-28144
5022,2025-11-07,NULL,10,1435.00,VIREMENT,VALIDE,Dépense Énergie et eau
5023,2025-11-07,NULL,11,822.08,ESPECES,VALIDE,Dépense Transport et logistique
5024,2025-11-07,NULL,12,1861.81,MOBILE_MONEY,VALIDE,Dépense Assurances
5025,2025-11-07,NULL,13,220.07,CARTE,VALIDE,Dépense Impôts et taxes
5026,2025-11-08,59,2,1886.63,VIREMENT,VALIDE,Facture F-2025-33920
5027,2025-11-08,35,5,1410.74,CARTE,VALIDE,Facture F-2025-25591
5028,2025-11-08,18,4,721.64,ESPECES,VALIDE,Facture F-2025-77076
5029,2025-11-08,42,2,208.94,ESPECES,VALIDE,Facture F-2025-99256
5030,2025-11-08,42,2,594.98,CHEQUE,VALIDE,Facture F-2025-43838
5031,2025-11-08,NULL,12,2086.93,MOBILE_MONEY,VALIDE,Dépense Assurances
5032,2025-11-09,65,3,223.78,MOBILE_MONEY,VALIDE,Facture F-2025-99328
5033,2025-11-09,16,2,1083.38,CARTE,VALIDE,Facture F-2025-96100
5034,2025-11-09,26,2,611.87,MOBILE_MONEY,VALIDE,Facture F-2025-79897
5035,2025-11-09,43,3,78.14,MOBILE_MONEY,EN_ATTENTE,Facture F-2025-38271
5036,2025-11-09,NULL,11,4119.43,MOBILE_MONEY,VALIDE,Dépense Transport et logistique
5037,2025-11-09,NULL,9,404.05,CARTE,VALIDE,Dépense Fournitures et consommables
5038,2025-11-09,NULL,10,332.62,CARTE,VALIDE,Dépense Énergie et eau
5039,2025-11-10,44,5,1065.46,VIREMENT,VALIDE,Facture F-2025-22880
5040,2025-11-10,58,1,1159.71,MOBILE_MONEY,VALIDE,Facture F-2025-53912
5041,2025-11-10,28,4,513.64,ESPECES,VALIDE,Facture F-2025-24230
5042,2025-11-10,21,4,926.28,CARTE,VALIDE,Facture F-2025-80022
5043,2025-11-10,NULL,8,510.99,VIREMENT,VALIDE,Dépense Marketing et publicité
5044,2025-11-10,NULL,8,5959.72,CARTE,VALIDE,Dépense Marketing et publicité
5045,2025-11-11,31,5,1084.99,CARTE,VALIDE,Facture F-2025-96189
5046,2025-11-11,33,5,1370.41,VIREMENT,VALIDE,Facture F-2025-81525
5047,2025-11-11,6,5,1175.68,MOBILE_MONEY,VALIDE,Facture F-2025-73365
5048,2025-11-11,42,3,246.23,CARTE,VALIDE,Facture F-2025-55825
5049,2025-11-11,48,3,123.50,VIREMENT,VALIDE,Facture F-2025-62257
5050,2025-11-11,18,2,1594.83,VIREMENT,VALIDE,Facture F-2025-34716
5051,2025-11-11,58,4,244.35,MOBILE_MONEY,VALIDE,Facture F-2025-51837
5052,2025-11-11,NULL,13,3756.40,MOBILE_MONEY,VALIDE,Dépense Impôts et taxes
5053,2025-11-12,21,2,1204.31,CARTE,VALIDE,Facture F-2025-81803
5054,2025-11-12,5,3,378.85,VIREMENT,VALIDE,Facture F-2025-17143
5055,2025-11-12,34,5,478.93,ESPECES,VALIDE,Facture F-2025-75062
5056,2025-11-12,1,5,878.12,ESPECES,VALIDE,Facture F-2025-91254
5057,2025-11-12,63,4,770.28,VIREMENT,VALIDE,Facture F-2025-36580
5058,2025-11-12,20,5,1296.99,CHEQUE,VALIDE,Facture F-2025-30020
5059,2025-11-12,50,4,787.78,ESPECES,VALIDE,Facture F-2025-83103
5060,2025-11-12,NULL,11,2547.60,MOBILE_MONEY,VALIDE,Dépense Transport et logistique
5061,2025-11-12,NULL,13,1088.08,ESPECES,VALIDE,Dépense Impôts et taxes
5062,2025-11-13,55,5,920.21,CHEQUE,VALIDE,Facture F-2025-51811
5063,2025-11-13,47,5,1495.27,CARTE,VALIDE,Facture F-2025-73569
5064,2025-11-13,49,3,443.27,CARTE,VALIDE,Facture F-2025-89012
5065,2025-11-13,47,1,3067.58,CARTE,VALIDE,Facture F-2025-75443
5066,2025-11-13,62,5,510.97,MOBILE_MONEY,VALIDE,Facture F-2025-14870
5067,2025-11-13,56,4,461.09,VIREMENT,VALIDE,Facture F-2025-26341
5068,2025-11-13,47,4,668.41,ESPECES,VALIDE,Facture F-2025-02974
5069,2025-11-13,16,1,7463.67,CARTE,VALIDE,Facture F-2025-97320
5070,2025-11-13,NULL,12,2667.93,ESPECES,VALIDE,Dépense Assurances
5071,2025-11-13,NULL,8,6254.67,MOBILE_MONEY,VALIDE,Dépense Marketing et publicité
5072,2025-11-13,NULL,9,1961.51,VIREMENT,VALIDE,Dépense Fournitures et consommables
5073,2025-11-14,52,5,815.27,ESPECES,VALIDE,Facture F-2025-34059
5074,2025-11-14,11,5,667.84,CARTE,VALIDE,Facture F-2025-76295
5075,2025-11-14,58,5,1380.99,MOBILE_MONEY,VALIDE,Facture F-2025-50011
5076,2025-11-14,1,1,5512.06,MOBILE_MONEY,VALIDE,Facture F-2025-79825
5077,2025-11-14,59,4,697.33,ESPECES,VALIDE,Facture F-2025-58137
5078,2025-11-14,NULL,8,6454.02,VIREMENT,VALIDE,Dépense Marketing et publicité
5079,2025-11-15,2,5,774.91,ESPECES,VALIDE,Facture F-2025-44217
5080,2025-11-15,9,3,131.34,ESPECES,VALIDE,Facture F-2025-35337
5081,2025-11-15,55,4,1049.37,VIREMENT,VALIDE,Facture F-2025-67530
5082,2025-11-15,48,1,1934.37,ESPECES,VALIDE,Facture F-2025-21088
5083,2025-11-15,16,3,247.26,VIREMENT,VALIDE,Facture F-2025-21226
5084,2025-11-15,NULL,9,435.03,MOBILE_MONEY,VALIDE,Dépense Fournitures et consommables
5085,2025-11-15,NULL,10,1040.96,MOBILE_MONEY,VALIDE,Dépense Énergie et eau
5086,2025-11-15,NULL,8,2388.76,VIREMENT,VALIDE,Dépense Marketing et publicité
5087,2025-11-15,NULL,15,205.91,VIREMENT,VALIDE,Dépense Intérêts et frais bancaires
5088,2025-11-16,59,2,1737.38,CARTE,VALIDE,Facture F-2025-60765
5089,2025-11-16,64,2,1841.32,CARTE,VALIDE,Facture F-2025-19218
5090,2025-11-16,35,2,219.94,VIREMENT,VALIDE,Facture F-2025-47999
5091,2025-11-16,28,3,219.27,CHEQUE,VALIDE,Facture F-2025-84001
5092,2025-11-16,5,3,375.48,MOBILE_MONEY,VALIDE,Facture F-2025-70268
5093,2025-11-16,28,4,229.47,CARTE,VALIDE,Facture F-2025-90657
5094,2025-11-16,NULL,13,5095.12,MOBILE_MONEY,VALIDE,Dépense Impôts et taxes
5095,2025-11-16,NULL,10,1910.08,MOBILE_MONEY,VALIDE,Dépense Énergie et eau
5096,2025-11-17,48,4,507.75,CHEQUE,VALIDE,Facture F-2025-50188
5097,2025-11-17,20,3,379.77,MOBILE_MONEY,VALIDE,Facture F-2025-18417
5098,2025-11-17,1,4,1079.39,CARTE,VALIDE,Facture F-2025-96420
5099,2025-11-17,35,4,819.33,ESPECES,VALIDE,Facture F-2025-77281
5100,2025-11-17,21,2,1334.48,CHEQUE,VALIDE,Facture F-2025-01902
5101,2025-11-17,48,3,429.81,VIREMENT,VALIDE,Facture F-2025-13596
5102,2025-11-17,17,2,800.76,MOBILE_MONEY,VALIDE,Facture F-2025-68422
5103,2025-11-17,NULL,12,901.14,MOBILE_MONEY,VALIDE,Dépense Assurances
5104,2025-11-17,NULL,10,1423.51,MOBILE_MONEY,VALIDE,Dépense Énergie et eau
5105,2025-11-18,46,5,1113.13,CARTE,VALIDE,Facture F-2025-65714
5106,2025-11-18,19,3,79.44,CARTE,VALIDE,Facture F-2025-72097
5107,2025-11-18,44,1,6596.78,VIREMENT,VALIDE,Facture F-2025-93431
5108,2025-11-18,40,4,1006.31,ESPECES,VALIDE,Facture F-2025-37208
5109,2025-11-18,NULL,6,10857.81,VIREMENT,VALIDE,Dépense Salaires et charges sociales
5110,2025-11-19,51,2,2050.37,MOBILE_MONEY,VALIDE,Facture F-2025-93402
5111,2025-11-19,62,3,69.71,VIREMENT,VALIDE,Facture F-2025-60654
5112,2025-11-19,33,5,1393.13,ESPECES,VALIDE,Facture F-2025-89957
5113,2025-11-19,21,1,4270.56,CARTE,VALIDE,Facture F-2025-35476
5114,2025-11-19,49,2,1520.71,CARTE,VALIDE,Facture F-2025-40541
5115,2025-11-19,12,2,230.38,MOBILE_MONEY,VALIDE,Facture F-2025-96182
5116,2025-11-19,NULL,7,2988.51,ESPECES,VALIDE,Dépense Loyers et immobilier
5117,2025-11-20,53,3,235.43,VIREMENT,VALIDE,Facture F-2025-05077
5118,2025-11-20,60,4,919.83,VIREMENT,VALIDE,Facture F-2025-59386
5119,2025-11-20,54,2,548.39,ESPECES,VALIDE,Facture F-2025-27044
5120,2025-11-20,28,4,385.45,MOBILE_MONEY,VALIDE,Facture F-2025-57948
5121,2025-11-20,48,2,1778.29,CARTE,VALIDE,Facture F-2025-39999
5122,2025-11-20,34,3,436.69,ESPECES,VALIDE,Facture F-2025-27301
5123,2025-11-20,61,4,629.23,CARTE,VALIDE,Facture F-2025-65010
5124,2025-11-20,52,2,2038.02,CARTE,VALIDE,Facture F-2025-87093
5125,2025-11-20,NULL,12,2622.64,MOBILE_MONEY,VALIDE,Dépense Assurances
5126,2025-11-20,NULL,6,16063.93,CARTE,VALIDE,Dépense Salaires et charges sociales
5127,2025-11-21,65,5,721.71,MOBILE_MONEY,VALIDE,Facture F-2025-98591
5128,2025-11-21,2,3,193.52,ESPECES,EN_ATTENTE,Facture F-2025-10616
5129,2025-11-21,57,2,703.76,ESPECES,VALIDE,Facture F-2025-45671
5130,2025-11-21,2,5,853.90,CHEQUE,VALIDE,Facture F-2025-36718
5131,2025-11-21,NULL,7,2955.31,MOBILE_MONEY,VALIDE,Dépense Loyers et immobilier
5132,2025-11-22,15,3,355.79,ESPECES,VALIDE,Facture F-2025-58200
5133,2025-11-22,7,1,515.64,ESPECES,VALIDE,Facture F-2025-77657
5134,2025-11-22,8,3,92.25,MOBILE_MONEY,VALIDE,Facture F-2025-58951
5135,2025-11-22,48,3,117.94,MOBILE_MONEY,VALIDE,Facture F-2025-18611
5136,2025-11-22,3,5,827.40,VIREMENT,VALIDE,Facture F-2025-45321
5137,2025-11-22,62,5,463.42,CHEQUE,VALIDE,Facture F-2025-76595
5138,2025-11-22,64,5,689.65,ESPECES,VALIDE,Facture F-2025-06172
5139,2025-11-22,60,3,179.45,CARTE,VALIDE,Facture F-2025-02162
5140,2025-11-22,NULL,7,1671.37,VIREMENT,VALIDE,Dépense Loyers et immobilier
5141,2025-11-22,NULL,8,1781.27,MOBILE_MONEY,VALIDE,Dépense Marketing et publicité
5142,2025-11-23,49,2,350.33,CARTE,VALIDE,Facture F-2025-09826
5143,2025-11-23,43,1,5519.71,CHEQUE,VALIDE,Facture F-2025-84488
5144,2025-11-23,56,1,897.39,CARTE,VALIDE,Facture F-2025-53664
5145,2025-11-23,56,3,373.33,CHEQUE,VALIDE,Facture F-2025-13150
5146,2025-11-23,17,1,6644.46,ESPECES,VALIDE,Facture F-2025-82491
5147,2025-11-23,5,1,565.33,CARTE,VALIDE,Facture F-2025-76212
5148,2025-11-23,43,2,450.69,CHEQUE,VALIDE,Facture F-2025-60956
5149,2025-11-23,NULL,12,631.91,VIREMENT,VALIDE,Dépense Assurances
5150,2025-11-23,NULL,9,1189.40,VIREMENT,VALIDE,Dépense Fournitures et consommables
5151,2025-11-23,NULL,8,1382.73,CARTE,VALIDE,Dépense Marketing et publicité
5152,2025-11-24,19,4,392.49,CHEQUE,VALIDE,Facture F-2025-94703
5153,2025-11-24,7,2,807.72,CARTE,VALIDE,Facture F-2025-81770
5154,2025-11-24,59,5,1398.97,ESPECES,VALIDE,Facture F-2025-27301
5155,2025-11-24,14,5,1039.51,ESPECES,VALIDE,Facture F-2025-25595
5156,2025-11-24,46,3,446.28,CARTE,VALIDE,Facture F-2025-55237
5157,2025-11-24,63,4,817.69,CARTE,VALIDE,Facture F-2025-81611
5158,2025-11-24,29,3,225.71,VIREMENT,VALIDE,Facture F-2025-06099
5159,2025-11-24,NULL,13,3727.40,ESPECES,VALIDE,Dépense Impôts et taxes
5160,2025-11-24,NULL,8,335.32,CARTE,VALIDE,Dépense Marketing et publicité
5161,2025-11-24,NULL,15,784.93,MOBILE_MONEY,VALIDE,Dépense Intérêts et frais bancaires
5162,2025-11-24,NULL,9,550.07,CARTE,VALIDE,Dépense Fournitures et consommables
5163,2025-11-25,36,4,830.42,MOBILE_MONEY,VALIDE,Facture F-2025-79321
5164,2025-11-25,15,2,464.95,MOBILE_MONEY,VALIDE,Facture F-2025-98462
5165,2025-11-25,62,2,1326.45,CARTE,VALIDE,Facture F-2025-48846
5166,2025-11-25,43,1,1713.62,VIREMENT,VALIDE,Facture F-2025-13898
5167,2025-11-25,55,4,426.52,ESPECES,VALIDE,Facture F-2025-49807
5168,2025-11-25,28,2,2098.81,ESPECES,VALIDE,Facture F-2025-74089
5169,2025-11-25,NULL,13,616.82,MOBILE_MONEY,VALIDE,Dépense Impôts et taxes
5170,2025-11-26,63,4,1108.68,MOBILE_MONEY,VALIDE,Facture F-2025-80500
5171,2025-11-26,41,4,473.84,MOBILE_MONEY,VALIDE,Facture F-2025-63572
5172,2025-11-26,26,4,214.18,CARTE,VALIDE,Facture F-2025-89897
5173,2025-11-26,15,3,200.15,CHEQUE,VALIDE,Facture F-2025-17418
5174,2025-11-26,31,3,269.63,VIREMENT,VALIDE,Facture F-2025-97280
5175,2025-11-26,4,1,5185.59,CHEQUE,VALIDE,Facture F-2025-49515
5176,2025-11-26,NULL,6,12214.91,ESPECES,VALIDE,Dépense Salaires et charges sociales
5177,2025-11-26,NULL,10,108.58,VIREMENT,EN_ATTENTE,Dépense Énergie et eau
5178,2025-11-26,NULL,12,834.09,VIREMENT,VALIDE,Dépense Assurances
5179,2025-11-27,8,3,129.41,MOBILE_MONEY,VALIDE,Facture F-2025-21468
5180,2025-11-27,60,4,663.19,CARTE,VALIDE,Facture F-2025-14069
5181,2025-11-27,14,5,628.61,CHEQUE,VALIDE,Facture F-2025-95305
5182,2025-11-27,22,3,186.68,ESPECES,VALIDE,Facture F-2025-36875
5183,2025-11-27,4,1,1871.45,ESPECES,VALIDE,Facture F-2025-31263
5184,2025-11-27,NULL,7,1784.92,MOBILE_MONEY,VALIDE,Dépense Loyers et immobilier
5185,2025-11-27,NULL,14,3866.28,VIREMENT,VALIDE,Dépense Informatique et logiciels
5186,2025-11-28,20,2,1856.29,MOBILE_MONEY,VALIDE,Facture F-2025-62085
5187,2025-11-28,40,5,703.94,CARTE,VALIDE,Facture F-2025-75835
5188,2025-11-28,13,2,372.23,CHEQUE,VALIDE,Facture F-2025-08928
5189,2025-11-28,50,2,570.83,MOBILE_MONEY,VALIDE,Facture F-2025-09871
5190,2025-11-28,54,2,1128.30,MOBILE_MONEY,VALIDE,Facture F-2025-94681
5191,2025-11-28,54,2,455.19,ESPECES,VALIDE,Facture F-2025-93993
5192,2025-11-28,2,4,1029.19,CHEQUE,VALIDE,Facture F-2025-29471
5193,2025-11-28,9,4,1065.52,VIREMENT,VALIDE,Facture F-2025-39214
5194,2025-11-28,NULL,9,1295.46,CARTE,VALIDE,Dépense Fournitures et consommables
5195,2025-11-29,59,3,443.62,CARTE,VALIDE,Facture F-2025-91484
5196,2025-11-29,8,5,1128.24,CARTE,VALIDE,Facture F-2025-51442
5197,2025-11-29,39,1,6525.51,VIREMENT,VALIDE,Facture F-2025-51127
5198,2025-11-29,42,4,515.18,CARTE,VALIDE,Facture F-2025-24724
5199,2025-11-29,19,1,3497.66,VIREMENT,VALIDE,Facture F-2025-67600
5200,2025-11-29,8,4,908.05,MOBILE_MONEY,VALIDE,Facture F-2025-59691
5201,2025-11-29,17,5,1293.94,ESPECES,VALIDE,Facture F-2025-34147
5202,2025-11-29,21,2,1798.57,MOBILE_MONEY,VALIDE,Facture F-2025-32351
5203,2025-11-29,NULL,8,151.75,VIREMENT,VALIDE,Dépense Marketing et publicité
5204,2025-11-29,NULL,12,2724.80,ESPECES,VALIDE,Dépense Assurances
5205,2025-11-30,24,5,1410.26,VIREMENT,VALIDE,Facture F-2025-79478
5206,2025-11-30,3,5,971.07,MOBILE_MONEY,VALIDE,Facture F-2025-42870
5207,2025-11-30,NULL,11,6142.99,CARTE,VALIDE,Dépense Transport et logistique
5208,2025-11-30,NULL,12,2346.29,MOBILE_MONEY,VALIDE,Dépense Assurances
5209,2025-11-30,NULL,15,589.04,ESPECES,VALIDE,Dépense Intérêts et frais bancaires
5210,2025-12-01,6,2,1755.34,MOBILE_MONEY,EN_ATTENTE,Facture F-2025-06850
5211,2025-12-01,11,1,4696.04,MOBILE_MONEY,VALIDE,Facture F-2025-35526
5212,2025-12-01,16,3,370.69,VIREMENT,VALIDE,Facture F-2025-46490
5213,2025-12-01,3,4,326.27,CARTE,VALIDE,Facture F-2025-08223
5214,2025-12-01,37,4,733.48,CARTE,VALIDE,Facture F-2025-46027
5215,2025-12-01,17,5,880.14,CHEQUE,VALIDE,Facture F-2025-70805
5216,2025-12-01,55,4,1048.49,CHEQUE,VALIDE,Facture F-2025-88515
5217,2025-12-01,NULL,6,17255.10,MOBILE_MONEY,VALIDE,Dépense Salaires et charges sociales
5218,2025-12-02,2,1,4477.86,VIREMENT,VALIDE,Facture F-2025-89647
5219,2025-12-02,40,1,6494.16,MOBILE_MONEY,VALIDE,Facture F-2025-28933
5220,2025-12-02,57,3,328.61,CARTE,VALIDE,Facture F-2025-61737
5221,2025-12-02,15,4,329.93,ESPECES,VALIDE,Facture F-2025-10497
5222,2025-12-02,43,3,245.20,CHEQUE,VALIDE,Facture F-2025-24406
5223,2025-12-02,NULL,8,4954.36,VIREMENT,VALIDE,Dépense Marketing et publicité
5224,2025-12-02,NULL,10,1013.23,CARTE,VALIDE,Dépense Énergie et eau
5225,2025-12-02,NULL,7,3884.59,VIREMENT,EN_ATTENTE,Dépense Loyers et immobilier
5226,2025-12-03,5,5,890.89,CHEQUE,VALIDE,Facture F-2025-95835
5227,2025-12-03,60,5,1160.67,CHEQUE,VALIDE,Facture F-2025-51563
5228,2025-12-03,53,1,6379.25,CARTE,VALIDE,Facture F-2025-40515
5229,2025-12-03,57,2,1620.82,ESPECES,VALIDE,Facture F-2025-85160
5230,2025-12-03,NULL,9,2320.12,VIREMENT,VALIDE,Dépense Fournitures et consommables
5231,2025-12-03,NULL,6,7985.68,ESPECES,VALIDE,Dépense Salaires et charges sociales
5232,2025-12-03,NULL,7,3797.49,CARTE,EN_ATTENTE,Dépense Loyers et immobilier
5233,2025-12-04,24,2,1769.38,CHEQUE,VALIDE,Facture F-2025-41782
5234,2025-12-04,40,2,2028.31,VIREMENT,VALIDE,Facture F-2025-19080
5235,2025-12-04,28,2,2071.61,VIREMENT,VALIDE,Facture F-2025-02117
5236,2025-12-04,NULL,13,4970.77,CARTE,VALIDE,Dépense Impôts et taxes
5237,2025-12-04,NULL,11,2179.50,ESPECES,VALIDE,Dépense Transport et logistique
5238,2025-12-04,NULL,15,67.19,CARTE,VALIDE,Dépense Intérêts et frais bancaires
5239,2025-12-04,NULL,12,2546.42,CARTE,VALIDE,Dépense Assurances
5240,2025-12-05,59,3,70.78,ESPECES,VALIDE,Facture F-2025-42334
5241,2025-12-05,58,3,102.03,ESPECES,VALIDE,Facture F-2025-09682
5242,2025-12-05,33,3,384.47,CHEQUE,VALIDE,Facture F-2025-81913
5243,2025-12-05,NULL,7,3351.34,CARTE,VALIDE,Dépense Loyers et immobilier
5244,2025-12-05,NULL,15,222.88,VIREMENT,VALIDE,Dépense Intérêts et frais bancaires
5245,2025-12-05,NULL,15,483.28,MOBILE_MONEY,VALIDE,Dépense Intérêts et frais bancaires
5246,2025-12-06,42,3,267.23,CARTE,VALIDE,Facture F-2025-23326
5247,2025-12-06,4,4,239.04,CHEQUE,VALIDE,Facture F-2025-19880
5248,2025-12-06,65,3,209.71,CHEQUE,VALIDE,Facture F-2025-07824
5249,2025-12-06,8,4,768.64,MOBILE_MONEY,VALIDE,Facture F-2025-57446
5250,2025-12-06,NULL,11,850.95,ESPECES,VALIDE,Dépense Transport et logistique
5251,2025-12-06,NULL,11,1522.07,ESPECES,VALIDE,Dépense Transport et logistique
5252,2025-12-06,NULL,15,749.56,CARTE,EN_ATTENTE,Dépense Intérêts et frais bancaires
5253,2025-12-07,3,3,277.89,CHEQUE,VALIDE,Facture F-2025-65639
5254,2025-12-07,34,3,94.65,MOBILE_MONEY,VALIDE,Facture F-2025-11826
5255,2025-12-07,33,5,1028.32,MOBILE_MONEY,VALIDE,Facture F-2025-45379
5256,2025-12-07,37,1,2119.40,MOBILE_MONEY,VALIDE,Facture F-2025-04512
5257,2025-12-07,11,3,228.45,CARTE,VALIDE,Facture F-2025-35255
5258,2025-12-07,45,2,933.24,CHEQUE,VALIDE,Facture F-2025-55109
5259,2025-12-07,NULL,15,694.39,VIREMENT,VALIDE,Dépense Intérêts et frais bancaires
5260,2025-12-07,NULL,10,1435.39,MOBILE_MONEY,VALIDE,Dépense Énergie et eau
5261,2025-12-08,65,4,879.80,VIREMENT,VALIDE,Facture F-2025-59648
5262,2025-12-08,4,4,1133.75,CHEQUE,VALIDE,Facture F-2025-46875
5263,2025-12-08,26,3,154.81,CHEQUE,VALIDE,Facture F-2025-67737
5264,2025-12-08,22,3,137.76,CHEQUE,VALIDE,Facture F-2025-55076
5265,2025-12-08,11,5,1410.87,CHEQUE,VALIDE,Facture F-2025-17174
5266,2025-12-08,64,2,2134.86,MOBILE_MONEY,VALIDE,Facture F-2025-67492
5267,2025-12-08,32,1,1328.10,CARTE,VALIDE,Facture F-2025-21380
5268,2025-12-08,6,2,1005.04,ESPECES,VALIDE,Facture F-2025-54189
5269,2025-12-08,NULL,10,362.45,MOBILE_MONEY,VALIDE,Dépense Énergie et eau
5270,2025-12-08,NULL,12,1022.75,MOBILE_MONEY,VALIDE,Dépense Assurances
5271,2025-12-09,15,2,305.94,MOBILE_MONEY,VALIDE,Facture F-2025-09057
5272,2025-12-09,54,1,4134.22,VIREMENT,VALIDE,Facture F-2025-64715
5273,2025-12-09,48,5,1281.80,VIREMENT,VALIDE,Facture F-2025-45712
5274,2025-12-09,NULL,9,1833.40,CARTE,VALIDE,Dépense Fournitures et consommables
5275,2025-12-09,NULL,8,1152.55,MOBILE_MONEY,VALIDE,Dépense Marketing et publicité
5276,2025-12-10,28,4,1137.49,CARTE,VALIDE,Facture F-2025-40191
5277,2025-12-10,26,3,218.76,CARTE,VALIDE,Facture F-2025-50566
5278,2025-12-10,41,5,1052.53,ESPECES,VALIDE,Facture F-2025-18545
5279,2025-12-10,NULL,9,1467.41,CARTE,VALIDE,Dépense Fournitures et consommables
5280,2025-12-10,NULL,12,1140.73,CARTE,VALIDE,Dépense Assurances
5281,2025-12-11,55,5,845.46,CARTE,VALIDE,Facture F-2025-58533
5282,2025-12-11,63,2,1730.33,ESPECES,VALIDE,Facture F-2025-69236
5283,2025-12-11,6,2,1710.37,CARTE,VALIDE,Facture F-2025-86824
5284,2025-12-11,19,1,6800.11,ESPECES,VALIDE,Facture F-2025-30731
5285,2025-12-11,NULL,9,877.58,ESPECES,VALIDE,Dépense Fournitures et consommables
5286,2025-12-11,NULL,9,2432.57,CARTE,VALIDE,Dépense Fournitures et consommables
5287,2025-12-11,NULL,14,1382.61,ESPECES,VALIDE,Dépense Informatique et logiciels
5288,2025-12-11,NULL,8,3593.28,ESPECES,VALIDE,Dépense Marketing et publicité
5289,2025-12-12,56,3,353.03,MOBILE_MONEY,VALIDE,Facture F-2025-09325
5290,2025-12-12,47,3,349.44,CHEQUE,VALIDE,Facture F-2025-31409
5291,2025-12-12,24,3,225.21,VIREMENT,VALIDE,Facture F-2025-29825
5292,2025-12-12,9,5,591.08,CARTE,VALIDE,Facture F-2025-67917
5293,2025-12-12,43,2,707.20,MOBILE_MONEY,VALIDE,Facture F-2025-42909
5294,2025-12-12,12,2,275.32,VIREMENT,VALIDE,Facture F-2025-93582
5295,2025-12-12,NULL,7,3372.03,ESPECES,VALIDE,Dépense Loyers et immobilier
5296,2025-12-12,NULL,9,118.86,CARTE,VALIDE,Dépense Fournitures et consommables
5297,2025-12-13,56,1,1629.80,MOBILE_MONEY,VALIDE,Facture F-2025-02798
5298,2025-12-13,10,4,992.28,CARTE,VALIDE,Facture F-2025-41564
5299,2025-12-13,49,1,1368.42,ESPECES,VALIDE,Facture F-2025-79055
5300,2025-12-13,56,5,1181.82,CARTE,VALIDE,Facture F-2025-14821
5301,2025-12-13,40,3,381.89,VIREMENT,VALIDE,Facture F-2025-69850
5302,2025-12-13,NULL,13,2735.84,CARTE,VALIDE,Dépense Impôts et taxes
5303,2025-12-13,NULL,10,397.62,ESPECES,VALIDE,Dépense Énergie et eau
5304,2025-12-14,34,1,4511.77,CHEQUE,VALIDE,Facture F-2025-04950
5305,2025-12-14,18,2,1137.91,CARTE,VALIDE,Facture F-2025-79332
5306,2025-12-14,49,3,240.15,VIREMENT,VALIDE,Facture F-2025-46427
5307,2025-12-14,4,3,360.68,CARTE,VALIDE,Facture F-2025-91736
5308,2025-12-14,11,4,642.86,CARTE,VALIDE,Facture F-2025-16920
5309,2025-12-14,54,5,933.30,CARTE,VALIDE,Facture F-2025-57687
5310,2025-12-14,60,5,1224.61,CARTE,EN_ATTENTE,Facture F-2025-47248
5311,2025-12-14,28,1,4553.16,ESPECES,VALIDE,Facture F-2025-31986
5312,2025-12-14,NULL,11,748.03,MOBILE_MONEY,VALIDE,Dépense Transport et logistique
5313,2025-12-14,NULL,11,5288.14,MOBILE_MONEY,VALIDE,Dépense Transport et logistique
5314,2025-12-14,NULL,13,3258.10,ESPECES,VALIDE,Dépense Impôts et taxes
5315,2025-12-15,17,1,1528.13,CARTE,VALIDE,Facture F-2025-86082
5316,2025-12-15,62,2,1890.38,CARTE,VALIDE,Facture F-2025-98303
5317,2025-12-15,2,4,961.90,CARTE,VALIDE,Facture F-2025-10845
5318,2025-12-15,16,2,674.55,MOBILE_MONEY,EN_ATTENTE,Facture F-2025-17007
5319,2025-12-15,61,4,780.13,CHEQUE,VALIDE,Facture F-2025-59642
5320,2025-12-15,55,3,298.02,VIREMENT,VALIDE,Facture F-2025-35806
5321,2025-12-15,NULL,9,2382.19,VIREMENT,VALIDE,Dépense Fournitures et consommables
5322,2025-12-15,NULL,9,2518.65,VIREMENT,EN_ATTENTE,Dépense Fournitures et consommables
5323,2025-12-16,6,5,1446.05,CHEQUE,VALIDE,Facture F-2025-77810
5324,2025-12-16,33,3,372.75,CARTE,VALIDE,Facture F-2025-03054
5325,2025-12-16,36,3,110.63,VIREMENT,VALIDE,Facture F-2025-11690
5326,2025-12-16,3,4,390.71,ESPECES,VALIDE,Facture F-2025-97379
5327,2025-12-16,60,3,394.04,CARTE,VALIDE,Facture F-2025-84850
5328,2025-12-16,62,4,842.58,CHEQUE,VALIDE,Facture F-2025-71908
5329,2025-12-16,25,1,4295.89,CARTE,VALIDE,Facture F-2025-78039
5330,2025-12-16,44,1,2973.98,MOBILE_MONEY,VALIDE,Facture F-2025-94494
5331,2025-12-16,NULL,13,1897.56,CARTE,VALIDE,Dépense Impôts et taxes
5332,2025-12-17,41,5,791.18,MOBILE_MONEY,VALIDE,Facture F-2025-95479
5333,2025-12-17,41,1,6411.51,VIREMENT,VALIDE,Facture F-2025-42608
5334,2025-12-17,44,4,1144.88,CHEQUE,EN_ATTENTE,Facture F-2025-84939
5335,2025-12-17,26,5,1495.55,VIREMENT,VALIDE,Facture F-2025-73896
5336,2025-12-17,46,2,952.60,MOBILE_MONEY,VALIDE,Facture F-2025-69450
5337,2025-12-17,65,1,7125.08,CHEQUE,VALIDE,Facture F-2025-31784
5338,2025-12-17,35,4,794.18,VIREMENT,VALIDE,Facture F-2025-74848
5339,2025-12-17,12,5,570.29,CARTE,VALIDE,Facture F-2025-08782
5340,2025-12-17,NULL,13,4392.25,MOBILE_MONEY,VALIDE,Dépense Impôts et taxes
5341,2025-12-18,50,3,158.87,MOBILE_MONEY,VALIDE,Facture F-2025-25336
5342,2025-12-18,18,5,1419.98,ESPECES,VALIDE,Facture F-2025-68811
5343,2025-12-18,50,5,1435.17,CARTE,EN_ATTENTE,Facture F-2025-67631
5344,2025-12-18,26,1,5438.14,MOBILE_MONEY,VALIDE,Facture F-2025-93694
5345,2025-12-18,64,1,3546.02,CHEQUE,VALIDE,Facture F-2025-05008
5346,2025-12-18,26,4,1018.59,VIREMENT,VALIDE,Facture F-2025-12590
5347,2025-12-18,40,1,4688.29,VIREMENT,VALIDE,Facture F-2025-38463
5348,2025-12-18,NULL,15,572.34,VIREMENT,VALIDE,Dépense Intérêts et frais bancaires
5349,2025-12-18,NULL,10,1986.75,CARTE,VALIDE,Dépense Énergie et eau
5350,2025-12-19,64,3,246.37,CARTE,VALIDE,Facture F-2025-10681
5351,2025-12-19,58,5,1385.91,MOBILE_MONEY,VALIDE,Facture F-2025-68368
5352,2025-12-19,26,5,627.66,VIREMENT,VALIDE,Facture F-2025-32560
5353,2025-12-19,26,3,269.73,VIREMENT,VALIDE,Facture F-2025-26715
5354,2025-12-19,37,5,492.54,CARTE,VALIDE,Facture F-2025-49151
5355,2025-12-19,NULL,11,4240.02,MOBILE_MONEY,VALIDE,Dépense Transport et logistique
5356,2025-12-19,NULL,13,4379.76,VIREMENT,VALIDE,Dépense Impôts et taxes
5357,2025-12-20,31,2,638.88,MOBILE_MONEY,VALIDE,Facture F-2025-77229
5358,2025-12-20,11,1,4151.85,VIREMENT,VALIDE,Facture F-2025-26549
5359,2025-12-20,NULL,8,3255.13,VIREMENT,VALIDE,Dépense Marketing et publicité
5360,2025-12-21,56,2,879.58,MOBILE_MONEY,VALIDE,Facture F-2025-63147
5361,2025-12-21,3,5,585.43,MOBILE_MONEY,VALIDE,Facture F-2025-98187
5362,2025-12-21,60,5,1081.26,MOBILE_MONEY,VALIDE,Facture F-2025-99497
5363,2025-12-21,19,2,1563.72,MOBILE_MONEY,VALIDE,Facture F-2025-43726
5364,2025-12-21,23,1,3026.04,MOBILE_MONEY,EN_ATTENTE,Facture F-2025-32948
5365,2025-12-21,20,3,105.12,ESPECES,VALIDE,Facture F-2025-15907
5366,2025-12-21,38,3,298.55,VIREMENT,VALIDE,Facture F-2025-71133
5367,2025-12-21,28,2,571.15,MOBILE_MONEY,VALIDE,Facture F-2025-03526
5368,2025-12-21,NULL,7,785.59,MOBILE_MONEY,VALIDE,Dépense Loyers et immobilier
5369,2025-12-21,NULL,15,236.11,VIREMENT,VALIDE,Dépense Intérêts et frais bancaires
5370,2025-12-22,42,3,286.85,ESPECES,VALIDE,Facture F-2025-23137
5371,2025-12-22,57,1,501.33,CHEQUE,VALIDE,Facture F-2025-86225
5372,2025-12-22,24,5,520.47,MOBILE_MONEY,VALIDE,Facture F-2025-53668
5373,2025-12-22,27,4,1168.67,CARTE,VALIDE,Facture F-2025-31378
5374,2025-12-22,4,5,616.44,VIREMENT,VALIDE,Facture F-2025-05149
5375,2025-12-22,NULL,13,3831.06,CARTE,VALIDE,Dépense Impôts et taxes
5376,2025-12-22,NULL,11,4539.21,ESPECES,VALIDE,Dépense Transport et logistique
5377,2025-12-23,57,3,338.86,CHEQUE,VALIDE,Facture F-2025-23211
5378,2025-12-23,63,4,798.95,CHEQUE,VALIDE,Facture F-2025-84058
5379,2025-12-23,50,2,229.82,CHEQUE,VALIDE,Facture F-2025-53621
5380,2025-12-23,23,1,1540.46,VIREMENT,VALIDE,Facture F-2025-73895
5381,2025-12-23,4,3,417.19,CARTE,VALIDE,Facture F-2025-38168
5382,2025-12-23,7,3,119.85,CARTE,VALIDE,Facture F-2025-52364
5383,2025-12-23,NULL,11,5034.98,MOBILE_MONEY,VALIDE,Dépense Transport et logistique
5384,2025-12-23,NULL,9,1860.96,MOBILE_MONEY,VALIDE,Dépense Fournitures et consommables
5385,2025-12-23,NULL,14,2951.92,CARTE,VALIDE,Dépense Informatique et logiciels
5386,2025-12-24,15,2,2124.27,CHEQUE,VALIDE,Facture F-2025-05237
5387,2025-12-24,36,1,2861.82,VIREMENT,VALIDE,Facture F-2025-49232
5388,2025-12-24,11,4,800.92,CHEQUE,VALIDE,Facture F-2025-26960
5389,2025-12-24,15,1,1148.72,MOBILE_MONEY,VALIDE,Facture F-2025-55993
5390,2025-12-24,NULL,8,2392.22,MOBILE_MONEY,VALIDE,Dépense Marketing et publicité
5391,2025-12-24,NULL,9,863.83,MOBILE_MONEY,VALIDE,Dépense Fournitures et consommables
5392,2025-12-25,24,3,130.72,VIREMENT,VALIDE,Facture F-2025-08104
5393,2025-12-25,8,1,3011.56,VIREMENT,VALIDE,Facture F-2025-05836
5394,2025-12-25,36,4,721.57,CARTE,VALIDE,Facture F-2025-14383
5395,2025-12-25,NULL,15,633.03,VIREMENT,VALIDE,Dépense Intérêts et frais bancaires
5396,2025-12-25,NULL,12,687.68,MOBILE_MONEY,VALIDE,Dépense Assurances
5397,2025-12-26,16,4,1175.00,CHEQUE,VALIDE,Facture F-2025-90579
5398,2025-12-26,1,1,7404.84,MOBILE_MONEY,VALIDE,Facture F-2025-75506
5399,2025-12-26,NULL,14,3386.28,CARTE,VALIDE,Dépense Informatique et logiciels
5400,2025-12-26,NULL,14,168.40,MOBILE_MONEY,VALIDE,Dépense Informatique et logiciels
5401,2025-12-26,NULL,8,2277.66,MOBILE_MONEY,VALIDE,Dépense Marketing et publicité
5402,2025-12-26,NULL,13,2761.94,MOBILE_MONEY,VALIDE,Dépense Impôts et taxes
5403,2025-12-27,6,4,746.35,MOBILE_MONEY,VALIDE,Facture F-2025-10516
5404,2025-12-27,24,4,776.18,CARTE,VALIDE,Facture F-2025-25830
5405,2025-12-27,56,3,329.37,ESPECES,VALIDE,Facture F-2025-88837
5406,2025-12-27,4,4,264.17,ESPECES,VALIDE,Facture F-2025-19332
5407,2025-12-27,3,3,309.57,MOBILE_MONEY,VALIDE,Facture F-2025-65700
5408,2025-12-27,NULL,6,12801.30,VIREMENT,VALIDE,Dépense Salaires et charges sociales
5409,2025-12-28,41,3,242.83,VIREMENT,VALIDE,Facture F-2025-39788
5410,2025-12-28,52,4,758.43,ESPECES,VALIDE,Facture F-2025-33851
5411,2025-12-28,31,5,1087.96,ESPECES,VALIDE,Facture F-2025-74569
5412,2025-12-28,36,3,66.85,MOBILE_MONEY,VALIDE,Facture F-2025-78370
5413,2025-12-28,47,2,2008.57,CARTE,VALIDE,Facture F-2025-08877
5414,2025-12-28,14,5,739.62,CHEQUE,VALIDE,Facture F-2025-84960
5415,2025-12-28,2,3,274.19,VIREMENT,VALIDE,Facture F-2025-42382
5416,2025-12-28,NULL,14,4167.22,VIREMENT,VALIDE,Dépense Informatique et logiciels
5417,2025-12-28,NULL,9,1968.05,MOBILE_MONEY,VALIDE,Dépense Fournitures et consommables
5418,2025-12-29,8,4,636.57,CHEQUE,VALIDE,Facture F-2025-32385
5419,2025-12-29,61,5,1140.13,ESPECES,VALIDE,Facture F-2025-87461
5420,2025-12-29,18,3,297.93,ESPECES,VALIDE,Facture F-2025-15706
5421,2025-12-29,59,5,1346.48,MOBILE_MONEY,VALIDE,Facture F-2025-51472
5422,2025-12-29,30,5,602.61,CHEQUE,VALIDE,Facture F-2025-97483
5423,2025-12-29,NULL,9,971.66,ESPECES,VALIDE,Dépense Fournitures et consommables
5424,2025-12-30,56,5,1331.22,VIREMENT,VALIDE,Facture F-2025-77292
5425,2025-12-30,29,5,742.11,ESPECES,VALIDE,Facture F-2025-75185
5426,2025-12-30,31,5,884.05,MOBILE_MONEY,VALIDE,Facture F-2025-92483
5427,2025-12-30,NULL,13,4382.13,CARTE,VALIDE,Dépense Impôts et taxes
5428,2025-12-30,NULL,9,1978.49,VIREMENT,VALIDE,Dépense Fournitures et consommables
5429,2025-12-30,NULL,7,2755.16,CARTE,EN_ATTENTE,Dépense Loyers et immobilier
5430,2025-12-31,19,4,552.32,ESPECES,VALIDE,Facture F-2025-45273
5431,2025-12-31,3,5,990.93,VIREMENT,VALIDE,Facture F-2025-13932
5432,2025-12-31,33,1,6984.56,CHEQUE,VALIDE,Facture F-2025-86477
5433,2025-12-31,53,2,602.73,CARTE,VALIDE,Facture F-2025-90055
5434,2025-12-31,27,2,917.15,CHEQUE,VALIDE,Facture F-2025-39011
5435,2025-12-31,NULL,6,12428.25,VIREMENT,VALIDE,Dépense Salaires et charges sociales
5436,2025-12-31,NULL,10,772.85,VIREMENT,EN_ATTENTE,Dépense Énergie et eau
5437,2025-12-31,NULL,15,462.78,ESPECES,VALIDE,Dépense Intérêts et frais bancaires
5438,2025-12-31,NULL,9,538.30,ESPECES,VALIDE,Dépense Fournitures et consommables
5439,2026-01-01,7,4,880.79,ESPECES,VALIDE,Facture F-2026-49798
5440,2026-01-01,59,5,1349.08,MOBILE_MONEY,VALIDE,Facture F-2026-37482
5441,2026-01-01,56,2,317.60,ESPECES,VALIDE,Facture F-2026-22230
5442,2026-01-01,NULL,11,2532.75,CARTE,VALIDE,Dépense Transport et logistique
5443,2026-01-02,34,4,497.12,CHEQUE,VALIDE,Facture F-2026-23838
5444,2026-01-02,34,3,150.13,MOBILE_MONEY,VALIDE,Facture F-2026-74039
5445,2026-01-02,29,5,778.98,VIREMENT,VALIDE,Facture F-2026-12039
5446,2026-01-02,35,4,509.22,CHEQUE,VALIDE,Facture F-2026-81453
5447,2026-01-02,40,4,436.05,CHEQUE,VALIDE,Facture F-2026-51425
5448,2026-01-02,NULL,15,34.88,CARTE,VALIDE,Dépense Intérêts et frais bancaires
5449,2026-01-02,NULL,7,487.49,ESPECES,VALIDE,Dépense Loyers et immobilier
5450,2026-01-02,NULL,10,732.32,CARTE,VALIDE,Dépense Énergie et eau
5451,2026-01-02,NULL,9,701.37,MOBILE_MONEY,VALIDE,Dépense Fournitures et consommables
5452,2026-01-03,38,1,5663.68,ESPECES,VALIDE,Facture F-2026-82418
5453,2026-01-03,46,3,134.31,VIREMENT,VALIDE,Facture F-2026-78335
5454,2026-01-03,6,1,1728.82,ESPECES,VALIDE,Facture F-2026-82348
5455,2026-01-03,47,3,161.13,CARTE,VALIDE,Facture F-2026-93931
5456,2026-01-03,52,4,1013.99,CHEQUE,VALIDE,Facture F-2026-90860
5457,2026-01-03,NULL,8,1934.78,MOBILE_MONEY,VALIDE,Dépense Marketing et publicité
5458,2026-01-03,NULL,15,372.05,MOBILE_MONEY,VALIDE,Dépense Intérêts et frais bancaires
5459,2026-01-04,36,2,1569.88,CHEQUE,VALIDE,Facture F-2026-27285
5460,2026-01-04,57,1,7109.90,MOBILE_MONEY,VALIDE,Facture F-2026-77783
5461,2026-01-04,32,2,911.86,ESPECES,VALIDE,Facture F-2026-92368
5462,2026-01-04,15,1,4241.64,CARTE,VALIDE,Facture F-2026-03052
5463,2026-01-04,23,4,837.45,CHEQUE,VALIDE,Facture F-2026-05297
5464,2026-01-04,NULL,11,4074.18,ESPECES,VALIDE,Dépense Transport et logistique
5465,2026-01-04,NULL,9,474.72,VIREMENT,VALIDE,Dépense Fournitures et consommables
5466,2026-01-04,NULL,7,3199.13,ESPECES,VALIDE,Dépense Loyers et immobilier
5467,2026-01-05,39,2,1782.59,MOBILE_MONEY,VALIDE,Facture F-2026-98104
5468,2026-01-05,59,1,674.89,CHEQUE,VALIDE,Facture F-2026-71910
5469,2026-01-05,11,1,4863.73,CARTE,VALIDE,Facture F-2026-47469
5470,2026-01-05,40,1,719.33,ESPECES,VALIDE,Facture F-2026-84961
5471,2026-01-05,23,1,1775.16,CHEQUE,VALIDE,Facture F-2026-60325
5472,2026-01-05,50,1,3949.45,CARTE,VALIDE,Facture F-2026-70311
5473,2026-01-05,30,1,6948.60,ESPECES,VALIDE,Facture F-2026-09055
5474,2026-01-05,NULL,8,3724.24,MOBILE_MONEY,VALIDE,Dépense Marketing et publicité
5475,2026-01-05,NULL,11,1548.46,VIREMENT,VALIDE,Dépense Transport et logistique
5476,2026-01-06,42,4,276.87,VIREMENT,VALIDE,Facture F-2026-96261
5477,2026-01-06,3,5,551.60,VIREMENT,VALIDE,Facture F-2026-53097
5478,2026-01-06,62,2,1787.49,CARTE,VALIDE,Facture F-2026-86845
5479,2026-01-06,43,5,1150.40,CHEQUE,VALIDE,Facture F-2026-82477
5480,2026-01-06,31,2,560.82,CHEQUE,VALIDE,Facture F-2026-03302
5481,2026-01-06,18,4,500.17,MOBILE_MONEY,VALIDE,Facture F-2026-66077
5482,2026-01-06,NULL,12,2156.02,ESPECES,VALIDE,Dépense Assurances
5483,2026-01-06,NULL,7,3714.67,MOBILE_MONEY,VALIDE,Dépense Loyers et immobilier
5484,2026-01-06,NULL,9,309.83,CARTE,EN_ATTENTE,Dépense Fournitures et consommables
5485,2026-01-06,NULL,8,1738.35,CARTE,VALIDE,Dépense Marketing et publicité
5486,2026-01-07,38,5,807.49,MOBILE_MONEY,VALIDE,Facture F-2026-39167
5487,2026-01-07,13,1,5619.73,CARTE,VALIDE,Facture F-2026-96298
5488,2026-01-07,10,1,5385.94,CARTE,VALIDE,Facture F-2026-58410
5489,2026-01-07,18,3,98.81,MOBILE_MONEY,VALIDE,Facture F-2026-90364
5490,2026-01-07,1,3,217.78,VIREMENT,VALIDE,Facture F-2026-57321
5491,2026-01-07,17,2,357.69,CHEQUE,VALIDE,Facture F-2026-30961
5492,2026-01-07,NULL,9,1475.15,CARTE,VALIDE,Dépense Fournitures et consommables
5493,2026-01-08,17,2,391.85,CARTE,VALIDE,Facture F-2026-01595
5494,2026-01-08,3,2,1332.73,MOBILE_MONEY,VALIDE,Facture F-2026-00843
5495,2026-01-08,1,3,372.32,MOBILE_MONEY,VALIDE,Facture F-2026-21252
5496,2026-01-08,9,2,1409.30,CARTE,VALIDE,Facture F-2026-26975
5497,2026-01-08,NULL,10,1601.76,CARTE,VALIDE,Dépense Énergie et eau
5498,2026-01-09,44,5,1451.77,CHEQUE,VALIDE,Facture F-2026-72753
5499,2026-01-09,46,1,684.22,CHEQUE,VALIDE,Facture F-2026-29869
5500,2026-01-09,59,5,1020.97,MOBILE_MONEY,VALIDE,Facture F-2026-62611
5501,2026-01-09,51,1,3884.08,VIREMENT,VALIDE,Facture F-2026-82326
5502,2026-01-09,37,5,755.59,CHEQUE,VALIDE,Facture F-2026-83968
5503,2026-01-09,20,4,435.60,ESPECES,VALIDE,Facture F-2026-11085
5504,2026-01-09,NULL,13,4495.76,VIREMENT,VALIDE,Dépense Impôts et taxes
5505,2026-01-10,61,4,1066.55,VIREMENT,VALIDE,Facture F-2026-35354
5506,2026-01-10,42,2,602.88,MOBILE_MONEY,VALIDE,Facture F-2026-57645
5507,2026-01-10,9,1,1639.85,ESPECES,VALIDE,Facture F-2026-70756
5508,2026-01-10,41,1,5228.85,ESPECES,VALIDE,Facture F-2026-22952
5509,2026-01-10,62,2,1743.29,MOBILE_MONEY,VALIDE,Facture F-2026-54367
5510,2026-01-10,NULL,15,307.48,MOBILE_MONEY,EN_ATTENTE,Dépense Intérêts et frais bancaires
5511,2026-01-11,56,3,299.92,VIREMENT,VALIDE,Facture F-2026-68890
5512,2026-01-11,62,3,250.57,CHEQUE,VALIDE,Facture F-2026-83180
5513,2026-01-11,39,4,291.58,VIREMENT,VALIDE,Facture F-2026-77200
5514,2026-01-11,63,2,309.46,MOBILE_MONEY,VALIDE,Facture F-2026-46623
5515,2026-01-11,17,4,244.21,CARTE,VALIDE,Facture F-2026-90546
5516,2026-01-11,45,4,613.41,MOBILE_MONEY,VALIDE,Facture F-2026-96636
5517,2026-01-11,58,5,926.65,CARTE,VALIDE,Facture F-2026-45312
5518,2026-01-11,NULL,9,389.02,ESPECES,VALIDE,Dépense Fournitures et consommables
5519,2026-01-11,NULL,9,2385.59,ESPECES,VALIDE,Dépense Fournitures et consommables
5520,2026-01-11,NULL,12,230.95,MOBILE_MONEY,VALIDE,Dépense Assurances
5521,2026-01-11,NULL,10,812.64,VIREMENT,VALIDE,Dépense Énergie et eau
5522,2026-01-12,12,4,958.71,CHEQUE,EN_ATTENTE,Facture F-2026-40131
5523,2026-01-12,65,5,818.84,MOBILE_MONEY,VALIDE,Facture F-2026-77070
5524,2026-01-12,42,3,231.15,CARTE,VALIDE,Facture F-2026-26636
5525,2026-01-12,35,1,3674.23,VIREMENT,EN_ATTENTE,Facture F-2026-35698
5526,2026-01-12,38,3,165.22,MOBILE_MONEY,VALIDE,Facture F-2026-89535
5527,2026-01-12,41,2,857.14,CHEQUE,VALIDE,Facture F-2026-89517
5528,2026-01-12,2,1,5408.86,VIREMENT,VALIDE,Facture F-2026-52606
5529,2026-01-12,NULL,11,3067.34,ESPECES,VALIDE,Dépense Transport et logistique
5530,2026-01-12,NULL,8,896.10,ESPECES,VALIDE,Dépense Marketing et publicité
5531,2026-01-12,NULL,13,4704.48,MOBILE_MONEY,VALIDE,Dépense Impôts et taxes
5532,2026-01-13,8,4,834.05,CARTE,VALIDE,Facture F-2026-65148
5533,2026-01-13,55,3,259.55,CHEQUE,VALIDE,Facture F-2026-82733
5534,2026-01-13,27,1,4101.81,VIREMENT,VALIDE,Facture F-2026-61512
5535,2026-01-13,10,3,430.47,MOBILE_MONEY,VALIDE,Facture F-2026-38312
5536,2026-01-13,10,3,194.71,MOBILE_MONEY,VALIDE,Facture F-2026-77808
5537,2026-01-13,NULL,7,2036.59,ESPECES,VALIDE,Dépense Loyers et immobilier
5538,2026-01-14,37,1,3509.16,VIREMENT,VALIDE,Facture F-2026-42010
5539,2026-01-14,59,4,793.30,ESPECES,VALIDE,Facture F-2026-84100
5540,2026-01-14,45,5,1369.40,CARTE,VALIDE,Facture F-2026-84707
5541,2026-01-14,55,3,360.76,ESPECES,VALIDE,Facture F-2026-98851
5542,2026-01-14,35,1,2899.61,MOBILE_MONEY,VALIDE,Facture F-2026-79544
5543,2026-01-14,32,4,305.74,VIREMENT,VALIDE,Facture F-2026-79355
5544,2026-01-14,48,1,4418.04,ESPECES,VALIDE,Facture F-2026-42230
5545,2026-01-14,NULL,6,19441.35,MOBILE_MONEY,VALIDE,Dépense Salaires et charges sociales
5546,2026-01-15,29,1,6755.62,VIREMENT,VALIDE,Facture F-2026-89535
5547,2026-01-15,37,1,5289.52,ESPECES,VALIDE,Facture F-2026-18152
5548,2026-01-15,36,2,396.87,CHEQUE,VALIDE,Facture F-2026-17607
5549,2026-01-15,18,5,830.11,MOBILE_MONEY,VALIDE,Facture F-2026-62748
5550,2026-01-15,1,2,1983.04,ESPECES,VALIDE,Facture F-2026-27326
5551,2026-01-15,NULL,9,2278.97,MOBILE_MONEY,VALIDE,Dépense Fournitures et consommables
5552,2026-01-16,55,2,212.12,ESPECES,VALIDE,Facture F-2026-21720
5553,2026-01-16,17,3,273.44,CARTE,VALIDE,Facture F-2026-00818
5554,2026-01-16,54,3,212.05,ESPECES,VALIDE,Facture F-2026-23083
5555,2026-01-16,NULL,8,3396.21,ESPECES,VALIDE,Dépense Marketing et publicité
5556,2026-01-16,NULL,7,2147.72,ESPECES,VALIDE,Dépense Loyers et immobilier
5557,2026-01-17,63,3,124.14,ESPECES,VALIDE,Facture F-2026-07871
5558,2026-01-17,65,2,733.41,VIREMENT,VALIDE,Facture F-2026-56302
5559,2026-01-17,16,2,294.42,ESPECES,VALIDE,Facture F-2026-60758
5560,2026-01-17,49,2,1717.42,MOBILE_MONEY,VALIDE,Facture F-2026-64806
5561,2026-01-17,58,2,784.82,CARTE,VALIDE,Facture F-2026-64266
5562,2026-01-17,NULL,13,5083.53,MOBILE_MONEY,VALIDE,Dépense Impôts et taxes
5563,2026-01-17,NULL,11,1253.48,CARTE,VALIDE,Dépense Transport et logistique
5564,2026-01-17,NULL,11,5751.04,MOBILE_MONEY,VALIDE,Dépense Transport et logistique
5565,2026-01-18,3,2,1156.85,VIREMENT,VALIDE,Facture F-2026-86985
5566,2026-01-18,29,5,1245.60,MOBILE_MONEY,VALIDE,Facture F-2026-74300
5567,2026-01-18,3,1,687.62,VIREMENT,EN_ATTENTE,Facture F-2026-32631
5568,2026-01-18,NULL,15,427.15,VIREMENT,VALIDE,Dépense Intérêts et frais bancaires
5569,2026-01-18,NULL,14,2045.82,MOBILE_MONEY,VALIDE,Dépense Informatique et logiciels
5570,2026-01-19,56,4,239.09,VIREMENT,VALIDE,Facture F-2026-74097
5571,2026-01-19,6,5,1319.96,CARTE,VALIDE,Facture F-2026-78084
5572,2026-01-19,21,5,1243.20,ESPECES,VALIDE,Facture F-2026-34120
5573,2026-01-19,36,2,1804.50,ESPECES,VALIDE,Facture F-2026-60396
5574,2026-01-19,50,1,3977.18,CARTE,VALIDE,Facture F-2026-98395
5575,2026-01-19,11,4,1150.64,ESPECES,VALIDE,Facture F-2026-06156
5576,2026-01-19,NULL,6,18695.58,MOBILE_MONEY,VALIDE,Dépense Salaires et charges sociales
5577,2026-01-19,NULL,14,547.92,MOBILE_MONEY,VALIDE,Dépense Informatique et logiciels
5578,2026-01-19,NULL,13,4882.79,ESPECES,VALIDE,Dépense Impôts et taxes
5579,2026-01-20,31,2,1266.99,MOBILE_MONEY,VALIDE,Facture F-2026-91826
5580,2026-01-20,59,3,405.18,VIREMENT,VALIDE,Facture F-2026-91281
5581,2026-01-20,29,5,1138.91,MOBILE_MONEY,VALIDE,Facture F-2026-13101
5582,2026-01-20,43,5,1326.98,CHEQUE,VALIDE,Facture F-2026-73127
5583,2026-01-20,11,5,538.45,CHEQUE,VALIDE,Facture F-2026-96001
5584,2026-01-20,55,2,476.22,ESPECES,VALIDE,Facture F-2026-02056
5585,2026-01-20,NULL,11,3088.15,MOBILE_MONEY,VALIDE,Dépense Transport et logistique
5586,2026-01-20,NULL,11,328.96,MOBILE_MONEY,VALIDE,Dépense Transport et logistique
5587,2026-01-20,NULL,10,80.63,MOBILE_MONEY,VALIDE,Dépense Énergie et eau
5588,2026-01-21,31,2,1553.04,CHEQUE,VALIDE,Facture F-2026-07990
5589,2026-01-21,26,4,952.70,MOBILE_MONEY,EN_ATTENTE,Facture F-2026-96611
5590,2026-01-21,25,4,1105.77,CARTE,VALIDE,Facture F-2026-92282
5591,2026-01-21,43,3,380.56,CARTE,VALIDE,Facture F-2026-96635
5592,2026-01-21,22,2,2001.57,CHEQUE,VALIDE,Facture F-2026-13359
5593,2026-01-21,25,4,794.35,ESPECES,VALIDE,Facture F-2026-19658
5594,2026-01-21,NULL,8,4776.97,ESPECES,VALIDE,Dépense Marketing et publicité
5595,2026-01-22,13,2,686.46,ESPECES,VALIDE,Facture F-2026-99323
5596,2026-01-22,4,5,1288.99,ESPECES,VALIDE,Facture F-2026-35138
5597,2026-01-22,65,3,350.27,ESPECES,VALIDE,Facture F-2026-11744
5598,2026-01-22,6,5,1192.18,VIREMENT,VALIDE,Facture F-2026-09844
5599,2026-01-22,NULL,11,375.92,ESPECES,VALIDE,Dépense Transport et logistique
5600,2026-01-22,NULL,15,706.36,VIREMENT,VALIDE,Dépense Intérêts et frais bancaires
5601,2026-01-22,NULL,9,855.61,VIREMENT,VALIDE,Dépense Fournitures et consommables
5602,2026-01-23,30,5,1217.13,VIREMENT,VALIDE,Facture F-2026-21892
5603,2026-01-23,42,3,377.93,ESPECES,VALIDE,Facture F-2026-04684
5604,2026-01-23,59,2,1941.99,MOBILE_MONEY,VALIDE,Facture F-2026-04180
5605,2026-01-23,46,5,987.23,CARTE,VALIDE,Facture F-2026-80730
5606,2026-01-23,NULL,10,841.74,CARTE,VALIDE,Dépense Énergie et eau
5607,2026-01-23,NULL,6,3623.59,VIREMENT,VALIDE,Dépense Salaires et charges sociales
5608,2026-01-23,NULL,12,664.33,CARTE,VALIDE,Dépense Assurances
5609,2026-01-23,NULL,7,329.66,CARTE,VALIDE,Dépense Loyers et immobilier
5610,2026-01-24,34,2,1470.20,CARTE,VALIDE,Facture F-2026-36084
5611,2026-01-24,30,3,344.12,ESPECES,EN_ATTENTE,Facture F-2026-17621
5612,2026-01-24,43,4,569.91,CARTE,VALIDE,Facture F-2026-29012
5613,2026-01-24,56,5,803.69,ESPECES,VALIDE,Facture F-2026-29832
5614,2026-01-24,24,2,372.77,CARTE,VALIDE,Facture F-2026-18097
5615,2026-01-24,NULL,7,3401.29,CARTE,VALIDE,Dépense Loyers et immobilier
5616,2026-01-24,NULL,14,4329.71,CARTE,VALIDE,Dépense Informatique et logiciels
5617,2026-01-25,39,5,838.45,CHEQUE,VALIDE,Facture F-2026-27339
5618,2026-01-25,65,4,881.50,VIREMENT,VALIDE,Facture F-2026-44529
5619,2026-01-25,47,5,460.59,CARTE,VALIDE,Facture F-2026-65062
5620,2026-01-25,5,2,1604.38,ESPECES,VALIDE,Facture F-2026-49276
5621,2026-01-25,47,4,856.32,MOBILE_MONEY,VALIDE,Facture F-2026-83601
5622,2026-01-25,25,3,107.25,ESPECES,VALIDE,Facture F-2026-79320
5623,2026-01-25,NULL,8,3879.93,MOBILE_MONEY,VALIDE,Dépense Marketing et publicité
5624,2026-01-25,NULL,6,21011.57,CARTE,VALIDE,Dépense Salaires et charges sociales
5625,2026-01-26,51,2,294.81,CARTE,VALIDE,Facture F-2026-46304
5626,2026-01-26,1,4,201.00,CHEQUE,VALIDE,Facture F-2026-17604
5627,2026-01-26,14,1,4575.96,MOBILE_MONEY,VALIDE,Facture F-2026-91266
5628,2026-01-26,42,1,7203.46,ESPECES,VALIDE,Facture F-2026-28229
5629,2026-01-26,NULL,12,2667.01,ESPECES,VALIDE,Dépense Assurances
5630,2026-01-26,NULL,15,408.89,ESPECES,VALIDE,Dépense Intérêts et frais bancaires
5631,2026-01-26,NULL,14,576.38,MOBILE_MONEY,VALIDE,Dépense Informatique et logiciels
5632,2026-01-27,65,4,238.40,VIREMENT,VALIDE,Facture F-2026-29267
5633,2026-01-27,17,1,1968.73,MOBILE_MONEY,VALIDE,Facture F-2026-19403
5634,2026-01-27,2,2,441.70,ESPECES,VALIDE,Facture F-2026-88616
5635,2026-01-27,4,1,6582.16,CARTE,VALIDE,Facture F-2026-27375
5636,2026-01-27,18,4,660.51,VIREMENT,VALIDE,Facture F-2026-64997
5637,2026-01-27,36,5,370.67,VIREMENT,VALIDE,Facture F-2026-76493
5638,2026-01-27,26,2,2114.02,VIREMENT,VALIDE,Facture F-2026-10717
5639,2026-01-27,NULL,13,1681.71,CARTE,VALIDE,Dépense Impôts et taxes
5640,2026-01-27,NULL,7,1666.13,ESPECES,VALIDE,Dépense Loyers et immobilier
5641,2026-01-27,NULL,11,1146.37,MOBILE_MONEY,VALIDE,Dépense Transport et logistique
5642,2026-01-27,NULL,8,3853.47,VIREMENT,VALIDE,Dépense Marketing et publicité
5643,2026-01-28,22,4,734.92,CHEQUE,VALIDE,Facture F-2026-63577
5644,2026-01-28,53,4,1036.17,VIREMENT,VALIDE,Facture F-2026-07289
5645,2026-01-28,NULL,6,12596.52,CARTE,VALIDE,Dépense Salaires et charges sociales
5646,2026-01-28,NULL,9,1732.22,VIREMENT,VALIDE,Dépense Fournitures et consommables
5647,2026-01-28,NULL,12,232.35,VIREMENT,VALIDE,Dépense Assurances
5648,2026-01-28,NULL,7,2775.59,ESPECES,VALIDE,Dépense Loyers et immobilier
5649,2026-01-29,62,1,3148.57,VIREMENT,VALIDE,Facture F-2026-93175
5650,2026-01-29,8,3,394.92,VIREMENT,VALIDE,Facture F-2026-74269
5651,2026-01-29,61,2,2069.08,MOBILE_MONEY,VALIDE,Facture F-2026-51243
5652,2026-01-29,40,3,362.89,CHEQUE,VALIDE,Facture F-2026-74671
5653,2026-01-29,19,3,420.19,VIREMENT,VALIDE,Facture F-2026-28454
5654,2026-01-29,8,4,395.76,ESPECES,VALIDE,Facture F-2026-16626
5655,2026-01-29,64,5,567.80,VIREMENT,VALIDE,Facture F-2026-30113
5656,2026-01-29,10,3,263.73,ESPECES,VALIDE,Facture F-2026-72855
5657,2026-01-29,NULL,13,3207.49,CARTE,VALIDE,Dépense Impôts et taxes
5658,2026-01-29,NULL,10,117.86,CARTE,VALIDE,Dépense Énergie et eau
5659,2026-01-29,NULL,14,3576.87,CARTE,VALIDE,Dépense Informatique et logiciels
5660,2026-01-29,NULL,11,4063.13,ESPECES,VALIDE,Dépense Transport et logistique
5661,2026-01-30,42,5,829.26,VIREMENT,VALIDE,Facture F-2026-89957
5662,2026-01-30,45,2,1347.29,ESPECES,VALIDE,Facture F-2026-76499
5663,2026-01-30,51,1,6473.09,VIREMENT,VALIDE,Facture F-2026-80996
5664,2026-01-30,45,2,1699.70,CARTE,VALIDE,Facture F-2026-86709
5665,2026-01-30,19,5,909.44,CHEQUE,VALIDE,Facture F-2026-54548
5666,2026-01-30,48,1,3512.74,ESPECES,VALIDE,Facture F-2026-96349
5667,2026-01-30,NULL,12,435.03,MOBILE_MONEY,VALIDE,Dépense Assurances
5668,2026-01-30,NULL,9,2327.13,VIREMENT,VALIDE,Dépense Fournitures et consommables
5669,2026-01-30,NULL,9,978.40,ESPECES,VALIDE,Dépense Fournitures et consommables
5670,2026-01-31,15,3,389.79,CARTE,EN_ATTENTE,Facture F-2026-22041
5671,2026-01-31,61,5,1403.67,CARTE,VALIDE,Facture F-2026-53301
5672,2026-01-31,21,4,457.91,CHEQUE,VALIDE,Facture F-2026-68003
5673,2026-01-31,23,4,876.70,MOBILE_MONEY,VALIDE,Facture F-2026-56148
5674,2026-01-31,48,3,126.86,CARTE,VALIDE,Facture F-2026-13504
5675,2026-01-31,52,1,6264.64,CARTE,VALIDE,Facture F-2026-27918
5676,2026-01-31,NULL,12,3028.32,CARTE,VALIDE,Dépense Assurances
5677,2026-01-31,NULL,13,5064.21,ESPECES,VALIDE,Dépense Impôts et taxes
5678,2026-01-31,NULL,8,6087.87,VIREMENT,VALIDE,Dépense Marketing et publicité
5679,2026-02-01,28,4,498.92,VIREMENT,VALIDE,Facture F-2026-29692
5680,2026-02-01,15,1,931.57,CHEQUE,VALIDE,Facture F-2026-69585
5681,2026-02-01,38,4,882.33,CARTE,VALIDE,Facture F-2026-88414
5682,2026-02-01,31,1,2468.27,VIREMENT,VALIDE,Facture F-2026-75230
5683,2026-02-01,14,5,756.59,VIREMENT,VALIDE,Facture F-2026-08123
5684,2026-02-01,58,1,2864.52,VIREMENT,VALIDE,Facture F-2026-57858
5685,2026-02-01,19,3,124.34,CHEQUE,VALIDE,Facture F-2026-51331
5686,2026-02-01,40,5,984.07,CARTE,VALIDE,Facture F-2026-65501
5687,2026-02-01,NULL,8,400.43,CARTE,VALIDE,Dépense Marketing et publicité
5688,2026-02-02,33,4,872.50,CARTE,VALIDE,Facture F-2026-83578
5689,2026-02-02,6,2,1188.89,ESPECES,VALIDE,Facture F-2026-39286
5690,2026-02-02,53,5,325.09,ESPECES,EN_ATTENTE,Facture F-2026-02987
5691,2026-02-02,44,5,918.17,CARTE,VALIDE,Facture F-2026-38762
5692,2026-02-02,30,4,320.34,MOBILE_MONEY,VALIDE,Facture F-2026-50637
5693,2026-02-02,47,1,3397.00,ESPECES,VALIDE,Facture F-2026-83153
5694,2026-02-02,NULL,13,1130.62,MOBILE_MONEY,VALIDE,Dépense Impôts et taxes
5695,2026-02-02,NULL,10,283.26,MOBILE_MONEY,VALIDE,Dépense Énergie et eau
5696,2026-02-02,NULL,13,3577.62,VIREMENT,VALIDE,Dépense Impôts et taxes
5697,2026-02-02,NULL,6,15254.11,VIREMENT,VALIDE,Dépense Salaires et charges sociales
5698,2026-02-03,19,2,941.51,VIREMENT,VALIDE,Facture F-2026-69149
5699,2026-02-03,9,4,904.84,MOBILE_MONEY,VALIDE,Facture F-2026-68660
5700,2026-02-03,23,2,1981.07,CARTE,VALIDE,Facture F-2026-35900
5701,2026-02-03,22,4,797.14,CARTE,EN_ATTENTE,Facture F-2026-74195
5702,2026-02-03,7,1,3276.91,CARTE,VALIDE,Facture F-2026-31851
5703,2026-02-03,18,2,1361.16,CHEQUE,VALIDE,Facture F-2026-71639
5704,2026-02-03,NULL,6,4702.12,MOBILE_MONEY,VALIDE,Dépense Salaires et charges sociales
5705,2026-02-04,36,2,1281.04,MOBILE_MONEY,VALIDE,Facture F-2026-45836
5706,2026-02-04,26,2,2052.30,ESPECES,VALIDE,Facture F-2026-36567
5707,2026-02-04,35,1,2755.21,VIREMENT,VALIDE,Facture F-2026-23289
5708,2026-02-04,27,4,405.86,CARTE,VALIDE,Facture F-2026-98406
5709,2026-02-04,NULL,15,445.18,ESPECES,VALIDE,Dépense Intérêts et frais bancaires
5710,2026-02-04,NULL,12,920.36,ESPECES,VALIDE,Dépense Assurances
5711,2026-02-05,38,1,2597.19,CHEQUE,VALIDE,Facture F-2026-97694
5712,2026-02-05,13,5,874.67,MOBILE_MONEY,VALIDE,Facture F-2026-62628
5713,2026-02-05,51,2,1935.34,ESPECES,VALIDE,Facture F-2026-97515
5714,2026-02-05,NULL,14,1837.40,MOBILE_MONEY,VALIDE,Dépense Informatique et logiciels
5715,2026-02-05,NULL,13,4995.49,VIREMENT,VALIDE,Dépense Impôts et taxes
5716,2026-02-06,17,3,313.51,ESPECES,VALIDE,Facture F-2026-05179
5717,2026-02-06,51,1,2947.81,CHEQUE,VALIDE,Facture F-2026-01598
5718,2026-02-06,46,2,1102.59,ESPECES,VALIDE,Facture F-2026-07518
5719,2026-02-06,NULL,11,4895.63,MOBILE_MONEY,VALIDE,Dépense Transport et logistique
5720,2026-02-06,NULL,14,2704.87,ESPECES,VALIDE,Dépense Informatique et logiciels
5721,2026-02-07,26,2,656.56,CARTE,VALIDE,Facture F-2026-45049
5722,2026-02-07,28,3,234.15,MOBILE_MONEY,VALIDE,Facture F-2026-08349
5723,2026-02-07,56,3,440.94,MOBILE_MONEY,VALIDE,Facture F-2026-29224
5724,2026-02-07,27,4,257.67,VIREMENT,VALIDE,Facture F-2026-05303
5725,2026-02-07,21,1,2546.14,MOBILE_MONEY,VALIDE,Facture F-2026-66472
5726,2026-02-07,22,3,155.58,CHEQUE,VALIDE,Facture F-2026-35596
5727,2026-02-07,21,2,1659.07,CARTE,VALIDE,Facture F-2026-62398
5728,2026-02-07,30,5,1087.61,MOBILE_MONEY,VALIDE,Facture F-2026-22736
5729,2026-02-07,NULL,6,1664.10,VIREMENT,VALIDE,Dépense Salaires et charges sociales
5730,2026-02-08,51,2,559.47,CARTE,VALIDE,Facture F-2026-52268
5731,2026-02-08,64,2,2052.58,CHEQUE,VALIDE,Facture F-2026-45886
5732,2026-02-08,16,2,627.89,VIREMENT,VALIDE,Facture F-2026-14568
5733,2026-02-08,21,3,416.08,ESPECES,VALIDE,Facture F-2026-09434
5734,2026-02-08,55,4,553.01,VIREMENT,VALIDE,Facture F-2026-24496
5735,2026-02-08,NULL,15,398.95,ESPECES,VALIDE,Dépense Intérêts et frais bancaires
5736,2026-02-09,49,3,115.35,ESPECES,VALIDE,Facture F-2026-22589
5737,2026-02-09,46,5,1342.68,MOBILE_MONEY,VALIDE,Facture F-2026-17031
5738,2026-02-09,37,4,1140.27,CARTE,VALIDE,Facture F-2026-08259
5739,2026-02-09,31,3,335.68,MOBILE_MONEY,VALIDE,Facture F-2026-49271
5740,2026-02-09,NULL,8,7894.76,MOBILE_MONEY,VALIDE,Dépense Marketing et publicité
5741,2026-02-09,NULL,13,4755.92,ESPECES,VALIDE,Dépense Impôts et taxes
5742,2026-02-09,NULL,11,1539.29,VIREMENT,VALIDE,Dépense Transport et logistique
5743,2026-02-10,57,1,634.32,CARTE,VALIDE,Facture F-2026-76668
5744,2026-02-10,49,3,264.26,ESPECES,VALIDE,Facture F-2026-31868
5745,2026-02-10,48,1,2030.41,CHEQUE,VALIDE,Facture F-2026-64929
5746,2026-02-10,65,3,127.99,ESPECES,EN_ATTENTE,Facture F-2026-09411
5747,2026-02-10,NULL,6,11977.71,MOBILE_MONEY,VALIDE,Dépense Salaires et charges sociales
5748,2026-02-10,NULL,10,1026.77,MOBILE_MONEY,VALIDE,Dépense Énergie et eau
5749,2026-02-11,3,2,838.83,CARTE,VALIDE,Facture F-2026-58759
5750,2026-02-11,41,2,823.61,ESPECES,EN_ATTENTE,Facture F-2026-14222
5751,2026-02-11,61,3,156.69,CHEQUE,VALIDE,Facture F-2026-05007
5752,2026-02-11,NULL,12,2779.36,VIREMENT,EN_ATTENTE,Dépense Assurances
5753,2026-02-11,NULL,6,16127.41,CARTE,VALIDE,Dépense Salaires et charges sociales
5754,2026-02-11,NULL,6,18566.09,VIREMENT,VALIDE,Dépense Salaires et charges sociales
5755,2026-02-11,NULL,10,841.94,VIREMENT,VALIDE,Dépense Énergie et eau
5756,2026-02-12,62,5,1442.66,MOBILE_MONEY,VALIDE,Facture F-2026-73380
5757,2026-02-12,42,2,394.82,ESPECES,VALIDE,Facture F-2026-29422
5758,2026-02-12,51,3,157.54,CARTE,VALIDE,Facture F-2026-83372
5759,2026-02-12,58,3,436.23,VIREMENT,VALIDE,Facture F-2026-48788
5760,2026-02-12,47,2,1907.54,VIREMENT,VALIDE,Facture F-2026-32703
5761,2026-02-12,17,2,1319.35,CARTE,VALIDE,Facture F-2026-52666
5762,2026-02-12,NULL,10,1512.19,CARTE,EN_ATTENTE,Dépense Énergie et eau
5763,2026-02-12,NULL,7,2521.75,MOBILE_MONEY,VALIDE,Dépense Loyers et immobilier
5764,2026-02-12,NULL,6,13537.32,CARTE,VALIDE,Dépense Salaires et charges sociales
5765,2026-02-12,NULL,11,1367.02,MOBILE_MONEY,VALIDE,Dépense Transport et logistique
5766,2026-02-13,61,2,1868.56,CARTE,VALIDE,Facture F-2026-78729
5767,2026-02-13,30,5,735.96,CARTE,VALIDE,Facture F-2026-31280
5768,2026-02-13,51,1,3549.36,CHEQUE,VALIDE,Facture F-2026-03000
5769,2026-02-13,39,5,487.81,ESPECES,VALIDE,Facture F-2026-92300
5770,2026-02-13,42,3,357.36,CARTE,VALIDE,Facture F-2026-98281
5771,2026-02-13,23,2,2169.47,CARTE,VALIDE,Facture F-2026-11248
5772,2026-02-13,NULL,14,4193.31,VIREMENT,VALIDE,Dépense Informatique et logiciels
5773,2026-02-13,NULL,13,5061.63,MOBILE_MONEY,VALIDE,Dépense Impôts et taxes
5774,2026-02-13,NULL,14,3936.13,ESPECES,VALIDE,Dépense Informatique et logiciels
5775,2026-02-13,NULL,12,2305.56,CARTE,VALIDE,Dépense Assurances
5776,2026-02-14,5,5,941.76,MOBILE_MONEY,VALIDE,Facture F-2026-23703
5777,2026-02-14,52,4,1073.96,CARTE,VALIDE,Facture F-2026-70686
5778,2026-02-14,52,5,307.95,CARTE,VALIDE,Facture F-2026-36686
5779,2026-02-14,41,1,5591.63,MOBILE_MONEY,VALIDE,Facture F-2026-08767
5780,2026-02-14,11,1,4165.30,VIREMENT,VALIDE,Facture F-2026-02090
5781,2026-02-14,NULL,12,1684.41,VIREMENT,VALIDE,Dépense Assurances
5782,2026-02-14,NULL,14,1292.47,ESPECES,VALIDE,Dépense Informatique et logiciels
5783,2026-02-14,NULL,15,131.83,VIREMENT,VALIDE,Dépense Intérêts et frais bancaires
5784,2026-02-15,5,3,409.59,MOBILE_MONEY,VALIDE,Facture F-2026-67780
5785,2026-02-15,54,4,1032.04,CHEQUE,VALIDE,Facture F-2026-74898
5786,2026-02-15,36,5,1290.02,VIREMENT,VALIDE,Facture F-2026-71307
5787,2026-02-15,1,2,914.20,MOBILE_MONEY,VALIDE,Facture F-2026-42169
5788,2026-02-15,36,1,2422.89,MOBILE_MONEY,VALIDE,Facture F-2026-71170
5789,2026-02-15,53,4,854.76,CARTE,VALIDE,Facture F-2026-77270
5790,2026-02-15,35,2,1229.50,ESPECES,VALIDE,Facture F-2026-19100
5791,2026-02-15,NULL,10,545.90,CARTE,VALIDE,Dépense Énergie et eau
5792,2026-02-16,2,4,1088.51,VIREMENT,VALIDE,Facture F-2026-96406
5793,2026-02-16,60,4,489.93,MOBILE_MONEY,VALIDE,Facture F-2026-85501
5794,2026-02-16,23,4,561.63,CHEQUE,VALIDE,Facture F-2026-70392
5795,2026-02-16,53,5,443.61,ESPECES,VALIDE,Facture F-2026-62378
5796,2026-02-16,NULL,8,6303.73,MOBILE_MONEY,VALIDE,Dépense Marketing et publicité
5797,2026-02-16,NULL,15,278.17,CARTE,VALIDE,Dépense Intérêts et frais bancaires
5798,2026-02-17,6,3,347.46,VIREMENT,VALIDE,Facture F-2026-40349
5799,2026-02-17,2,3,385.29,VIREMENT,VALIDE,Facture F-2026-40742
5800,2026-02-17,NULL,14,4154.01,VIREMENT,VALIDE,Dépense Informatique et logiciels
5801,2026-02-18,34,2,1278.89,CARTE,VALIDE,Facture F-2026-06323
5802,2026-02-18,23,4,805.44,VIREMENT,VALIDE,Facture F-2026-22089
5803,2026-02-18,61,5,1384.59,CHEQUE,VALIDE,Facture F-2026-00572
5804,2026-02-18,65,1,7106.56,CHEQUE,VALIDE,Facture F-2026-98622
5805,2026-02-18,30,5,1068.34,CARTE,VALIDE,Facture F-2026-32736
5806,2026-02-18,19,5,1324.50,ESPECES,VALIDE,Facture F-2026-67152
5807,2026-02-18,56,5,717.53,CHEQUE,VALIDE,Facture F-2026-97801
5808,2026-02-18,NULL,15,360.60,VIREMENT,VALIDE,Dépense Intérêts et frais bancaires
5809,2026-02-18,NULL,15,774.19,VIREMENT,VALIDE,Dépense Intérêts et frais bancaires
5810,2026-02-18,NULL,7,612.67,MOBILE_MONEY,VALIDE,Dépense Loyers et immobilier
5811,2026-02-18,NULL,7,3809.34,MOBILE_MONEY,VALIDE,Dépense Loyers et immobilier
5812,2026-02-19,20,1,2240.81,CHEQUE,VALIDE,Facture F-2026-70864
5813,2026-02-19,63,3,274.72,CHEQUE,VALIDE,Facture F-2026-31329
5814,2026-02-19,48,1,2075.65,VIREMENT,VALIDE,Facture F-2026-50238
5815,2026-02-19,54,5,911.48,CHEQUE,VALIDE,Facture F-2026-33466
5816,2026-02-19,23,1,4058.09,VIREMENT,VALIDE,Facture F-2026-04353
5817,2026-02-19,NULL,11,4181.81,MOBILE_MONEY,VALIDE,Dépense Transport et logistique
5818,2026-02-19,NULL,11,1632.87,CARTE,VALIDE,Dépense Transport et logistique
5819,2026-02-20,64,2,482.15,ESPECES,VALIDE,Facture F-2026-77847
5820,2026-02-20,64,3,252.16,ESPECES,VALIDE,Facture F-2026-75432
5821,2026-02-20,26,3,209.31,MOBILE_MONEY,VALIDE,Facture F-2026-14776
5822,2026-02-20,54,2,962.60,CHEQUE,VALIDE,Facture F-2026-70981
5823,2026-02-20,59,1,3662.34,ESPECES,VALIDE,Facture F-2026-25143
5824,2026-02-20,NULL,14,2236.19,MOBILE_MONEY,VALIDE,Dépense Informatique et logiciels
5825,2026-02-20,NULL,15,703.89,ESPECES,VALIDE,Dépense Intérêts et frais bancaires
5826,2026-02-21,8,2,1796.93,MOBILE_MONEY,VALIDE,Facture F-2026-19490
5827,2026-02-21,58,2,1337.86,VIREMENT,VALIDE,Facture F-2026-80059
5828,2026-02-21,54,2,1001.91,ESPECES,VALIDE,Facture F-2026-08654
5829,2026-02-21,65,1,6380.17,ESPECES,VALIDE,Facture F-2026-84310
5830,2026-02-21,37,4,1167.44,CHEQUE,VALIDE,Facture F-2026-72256
5831,2026-02-21,28,4,1147.29,ESPECES,VALIDE,Facture F-2026-74694
5832,2026-02-21,22,5,1367.35,MOBILE_MONEY,VALIDE,Facture F-2026-90822
5833,2026-02-21,NULL,7,4655.26,CARTE,VALIDE,Dépense Loyers et immobilier
5834,2026-02-21,NULL,12,2470.18,MOBILE_MONEY,VALIDE,Dépense Assurances
5835,2026-02-21,NULL,10,986.33,MOBILE_MONEY,VALIDE,Dépense Énergie et eau
5836,2026-02-22,35,3,185.41,ESPECES,VALIDE,Facture F-2026-57708
5837,2026-02-22,27,2,893.96,ESPECES,VALIDE,Facture F-2026-24799
5838,2026-02-22,52,4,1070.60,VIREMENT,VALIDE,Facture F-2026-26933
5839,2026-02-22,43,3,354.17,VIREMENT,VALIDE,Facture F-2026-72300
5840,2026-02-22,31,5,972.21,CARTE,VALIDE,Facture F-2026-57831
5841,2026-02-22,22,1,4647.29,VIREMENT,VALIDE,Facture F-2026-47371
5842,2026-02-22,NULL,12,1003.14,ESPECES,VALIDE,Dépense Assurances
5843,2026-02-23,24,1,2724.47,MOBILE_MONEY,VALIDE,Facture F-2026-22009
5844,2026-02-23,30,2,1450.51,CHEQUE,EN_ATTENTE,Facture F-2026-79820
5845,2026-02-23,26,4,858.44,MOBILE_MONEY,VALIDE,Facture F-2026-50082
5846,2026-02-23,11,1,3179.36,VIREMENT,EN_ATTENTE,Facture F-2026-23086
5847,2026-02-23,39,5,769.74,MOBILE_MONEY,EN_ATTENTE,Facture F-2026-23997
5848,2026-02-23,3,5,713.01,CHEQUE,EN_ATTENTE,Facture F-2026-36039
5849,2026-02-23,NULL,8,2117.82,ESPECES,VALIDE,Dépense Marketing et publicité
5850,2026-02-23,NULL,11,1267.92,VIREMENT,VALIDE,Dépense Transport et logistique
5851,2026-02-23,NULL,10,1142.53,CARTE,VALIDE,Dépense Énergie et eau
5852,2026-02-24,55,2,555.48,CARTE,VALIDE,Facture F-2026-19121
5853,2026-02-24,58,4,571.64,CHEQUE,VALIDE,Facture F-2026-36242
5854,2026-02-24,29,1,6861.35,CARTE,VALIDE,Facture F-2026-65778
5855,2026-02-24,48,3,66.73,CHEQUE,VALIDE,Facture F-2026-16161
5856,2026-02-24,50,1,5164.80,CARTE,VALIDE,Facture F-2026-09648
5857,2026-02-24,59,4,759.23,CHEQUE,VALIDE,Facture F-2026-97942
5858,2026-02-24,NULL,11,1706.88,CARTE,VALIDE,Dépense Transport et logistique
5859,2026-02-24,NULL,8,1321.92,VIREMENT,EN_ATTENTE,Dépense Marketing et publicité
5860,2026-02-25,61,2,2089.39,CHEQUE,VALIDE,Facture F-2026-91114
5861,2026-02-25,1,4,1007.04,ESPECES,VALIDE,Facture F-2026-02761
5862,2026-02-25,12,2,450.71,VIREMENT,VALIDE,Facture F-2026-06888
5863,2026-02-25,NULL,8,6939.96,MOBILE_MONEY,VALIDE,Dépense Marketing et publicité
5864,2026-02-25,NULL,9,97.50,ESPECES,VALIDE,Dépense Fournitures et consommables
5865,2026-02-26,16,2,1012.38,CARTE,VALIDE,Facture F-2026-40117
5866,2026-02-26,19,2,1215.03,CHEQUE,VALIDE,Facture F-2026-92799
5867,2026-02-26,57,2,921.50,CHEQUE,VALIDE,Facture F-2026-39400
5868,2026-02-26,33,3,428.10,CARTE,VALIDE,Facture F-2026-86490
5869,2026-02-26,NULL,9,1141.44,VIREMENT,VALIDE,Dépense Fournitures et consommables
5870,2026-02-26,NULL,9,123.00,CARTE,VALIDE,Dépense Fournitures et consommables
5871,2026-02-26,NULL,8,7946.95,ESPECES,VALIDE,Dépense Marketing et publicité
5872,2026-02-26,NULL,12,2158.37,CARTE,VALIDE,Dépense Assurances
5873,2026-02-27,1,4,205.73,CHEQUE,VALIDE,Facture F-2026-43453
5874,2026-02-27,33,3,376.41,ESPECES,VALIDE,Facture F-2026-37428
5875,2026-02-27,64,2,689.43,MOBILE_MONEY,VALIDE,Facture F-2026-37188
5876,2026-02-27,NULL,7,1205.98,VIREMENT,VALIDE,Dépense Loyers et immobilier
5877,2026-02-27,NULL,12,1689.31,CARTE,VALIDE,Dépense Assurances
5878,2026-02-28,7,4,305.63,CHEQUE,VALIDE,Facture F-2026-28942
5879,2026-02-28,22,1,4298.27,CHEQUE,VALIDE,Facture F-2026-12832
5880,2026-02-28,10,5,519.35,CHEQUE,VALIDE,Facture F-2026-63630
5881,2026-02-28,NULL,14,1047.95,ESPECES,VALIDE,Dépense Informatique et logiciels
5882,2026-03-01,23,4,787.39,MOBILE_MONEY,VALIDE,Facture F-2026-19890
5883,2026-03-01,57,1,833.55,VIREMENT,VALIDE,Facture F-2026-98554
5884,2026-03-01,4,4,669.73,ESPECES,VALIDE,Facture F-2026-33297
5885,2026-03-01,52,4,910.70,MOBILE_MONEY,VALIDE,Facture F-2026-31984
5886,2026-03-01,4,1,2319.86,CHEQUE,VALIDE,Facture F-2026-06535
5887,2026-03-01,65,5,863.08,CARTE,VALIDE,Facture F-2026-76777
5888,2026-03-01,18,3,383.31,VIREMENT,VALIDE,Facture F-2026-09580
5889,2026-03-01,NULL,7,2690.84,VIREMENT,VALIDE,Dépense Loyers et immobilier
5890,2026-03-01,NULL,10,218.98,VIREMENT,VALIDE,Dépense Énergie et eau
5891,2026-03-01,NULL,11,4327.20,CARTE,VALIDE,Dépense Transport et logistique
5892,2026-03-02,20,1,3919.75,CARTE,VALIDE,Facture F-2026-50354
5893,2026-03-02,47,2,1920.78,VIREMENT,VALIDE,Facture F-2026-77965
5894,2026-03-02,41,1,4120.26,VIREMENT,VALIDE,Facture F-2026-30822
5895,2026-03-02,61,3,418.66,CARTE,VALIDE,Facture F-2026-90967
5896,2026-03-02,57,2,990.87,MOBILE_MONEY,EN_ATTENTE,Facture F-2026-46973
5897,2026-03-02,15,1,5778.10,VIREMENT,VALIDE,Facture F-2026-64919
5898,2026-03-02,NULL,13,2919.14,CARTE,VALIDE,Dépense Impôts et taxes
5899,2026-03-02,NULL,14,1094.30,VIREMENT,VALIDE,Dépense Informatique et logiciels
5900,2026-03-03,1,2,2050.17,CARTE,VALIDE,Facture F-2026-39789
5901,2026-03-03,21,4,701.94,CARTE,VALIDE,Facture F-2026-43738
5902,2026-03-03,29,5,701.72,CHEQUE,VALIDE,Facture F-2026-42213
5903,2026-03-03,47,1,7224.31,ESPECES,VALIDE,Facture F-2026-77179
5904,2026-03-03,14,3,252.00,VIREMENT,VALIDE,Facture F-2026-62477
5905,2026-03-03,21,3,157.27,VIREMENT,VALIDE,Facture F-2026-46832
5906,2026-03-03,NULL,11,5562.98,MOBILE_MONEY,VALIDE,Dépense Transport et logistique
5907,2026-03-03,NULL,6,17857.35,VIREMENT,VALIDE,Dépense Salaires et charges sociales
5908,2026-03-03,NULL,14,1292.17,CARTE,VALIDE,Dépense Informatique et logiciels
5909,2026-03-04,50,5,1261.34,CARTE,VALIDE,Facture F-2026-73138
5910,2026-03-04,6,4,643.89,ESPECES,VALIDE,Facture F-2026-20991
5911,2026-03-04,11,4,701.38,MOBILE_MONEY,VALIDE,Facture F-2026-07106
5912,2026-03-04,NULL,15,421.24,CARTE,VALIDE,Dépense Intérêts et frais bancaires
5913,2026-03-05,56,1,1504.84,CARTE,VALIDE,Facture F-2026-63062
5914,2026-03-05,43,3,340.10,CARTE,VALIDE,Facture F-2026-35337
5915,2026-03-05,57,4,217.31,CARTE,VALIDE,Facture F-2026-48672
5916,2026-03-05,NULL,6,11956.56,VIREMENT,VALIDE,Dépense Salaires et charges sociales
5917,2026-03-05,NULL,7,4395.26,ESPECES,VALIDE,Dépense Loyers et immobilier
5918,2026-03-05,NULL,15,592.38,CARTE,VALIDE,Dépense Intérêts et frais bancaires
5919,2026-03-06,6,3,426.57,ESPECES,VALIDE,Facture F-2026-55951
5920,2026-03-06,1,1,6922.74,VIREMENT,VALIDE,Facture F-2026-00963
5921,2026-03-06,42,4,1177.68,CHEQUE,VALIDE,Facture F-2026-83039
5922,2026-03-06,62,2,1996.25,ESPECES,VALIDE,Facture F-2026-75274
5923,2026-03-06,NULL,7,963.15,ESPECES,VALIDE,Dépense Loyers et immobilier
5924,2026-03-06,NULL,11,4631.31,VIREMENT,VALIDE,Dépense Transport et logistique
5925,2026-03-07,44,1,6999.79,CARTE,VALIDE,Facture F-2026-77698
5926,2026-03-07,56,4,573.35,CARTE,VALIDE,Facture F-2026-38304
5927,2026-03-07,6,2,1556.58,MOBILE_MONEY,VALIDE,Facture F-2026-59916
5928,2026-03-07,24,2,467.55,ESPECES,VALIDE,Facture F-2026-28330
5929,2026-03-07,24,5,641.56,CHEQUE,VALIDE,Facture F-2026-12884
5930,2026-03-07,NULL,6,5937.38,MOBILE_MONEY,VALIDE,Dépense Salaires et charges sociales
5931,2026-03-07,NULL,10,1497.04,VIREMENT,VALIDE,Dépense Énergie et eau
5932,2026-03-08,57,3,383.91,CARTE,VALIDE,Facture F-2026-01603
5933,2026-03-08,45,4,386.86,CHEQUE,VALIDE,Facture F-2026-09210
5934,2026-03-08,19,5,1088.46,CARTE,EN_ATTENTE,Facture F-2026-52714
5935,2026-03-08,29,3,442.41,VIREMENT,VALIDE,Facture F-2026-23765
5936,2026-03-08,32,3,90.11,CHEQUE,VALIDE,Facture F-2026-17420
5937,2026-03-08,49,1,4517.88,ESPECES,VALIDE,Facture F-2026-81570
5938,2026-03-08,47,3,165.87,MOBILE_MONEY,VALIDE,Facture F-2026-92655
5939,2026-03-08,10,1,1573.33,CARTE,VALIDE,Facture F-2026-48136
5940,2026-03-08,NULL,14,1245.70,ESPECES,VALIDE,Dépense Informatique et logiciels
5941,2026-03-08,NULL,8,7888.09,VIREMENT,VALIDE,Dépense Marketing et publicité
5942,2026-03-08,NULL,7,3677.45,MOBILE_MONEY,VALIDE,Dépense Loyers et immobilier
5943,2026-03-09,23,5,410.98,CHEQUE,VALIDE,Facture F-2026-07540
5944,2026-03-09,59,4,812.30,VIREMENT,VALIDE,Facture F-2026-70802
5945,2026-03-09,23,4,860.11,CARTE,VALIDE,Facture F-2026-58737
5946,2026-03-09,NULL,11,900.33,ESPECES,VALIDE,Dépense Transport et logistique
5947,2026-03-09,NULL,14,3530.65,MOBILE_MONEY,VALIDE,Dépense Informatique et logiciels
5948,2026-03-09,NULL,8,672.31,MOBILE_MONEY,VALIDE,Dépense Marketing et publicité
5949,2026-03-10,16,5,782.37,VIREMENT,VALIDE,Facture F-2026-98797
5950,2026-03-10,5,4,700.85,VIREMENT,VALIDE,Facture F-2026-76158
5951,2026-03-10,57,4,652.34,CHEQUE,VALIDE,Facture F-2026-36939
5952,2026-03-10,50,5,1339.81,MOBILE_MONEY,VALIDE,Facture F-2026-61725
5953,2026-03-10,25,1,5609.86,ESPECES,VALIDE,Facture F-2026-26720
5954,2026-03-10,58,1,771.20,ESPECES,VALIDE,Facture F-2026-95624
5955,2026-03-10,50,1,3493.81,CHEQUE,VALIDE,Facture F-2026-00465
5956,2026-03-10,NULL,7,1529.46,MOBILE_MONEY,VALIDE,Dépense Loyers et immobilier
5957,2026-03-10,NULL,10,575.70,VIREMENT,VALIDE,Dépense Énergie et eau
5958,2026-03-10,NULL,7,2444.85,MOBILE_MONEY,VALIDE,Dépense Loyers et immobilier
5959,2026-03-10,NULL,10,473.40,ESPECES,VALIDE,Dépense Énergie et eau
5960,2026-03-11,50,4,1188.34,CARTE,VALIDE,Facture F-2026-96192
5961,2026-03-11,48,5,1227.11,CHEQUE,VALIDE,Facture F-2026-17519
5962,2026-03-11,NULL,13,1932.93,ESPECES,VALIDE,Dépense Impôts et taxes
5963,2026-03-11,NULL,10,801.38,MOBILE_MONEY,VALIDE,Dépense Énergie et eau
5964,2026-03-12,32,4,259.10,CHEQUE,VALIDE,Facture F-2026-81577
5965,2026-03-12,53,1,6727.59,ESPECES,VALIDE,Facture F-2026-40513
5966,2026-03-12,47,3,373.00,VIREMENT,VALIDE,Facture F-2026-09228
5967,2026-03-12,8,3,95.50,CHEQUE,VALIDE,Facture F-2026-44745
5968,2026-03-12,46,3,158.68,ESPECES,VALIDE,Facture F-2026-81506
5969,2026-03-12,NULL,6,4622.69,CARTE,VALIDE,Dépense Salaires et charges sociales
5970,2026-03-13,8,5,1030.54,MOBILE_MONEY,VALIDE,Facture F-2026-39440
5971,2026-03-13,26,1,4914.78,CHEQUE,VALIDE,Facture F-2026-20618
5972,2026-03-13,25,1,5280.82,CARTE,VALIDE,Facture F-2026-83261
5973,2026-03-13,30,3,261.98,MOBILE_MONEY,VALIDE,Facture F-2026-34349
5974,2026-03-13,55,5,639.76,MOBILE_MONEY,VALIDE,Facture F-2026-05084
5975,2026-03-13,NULL,10,2046.80,ESPECES,VALIDE,Dépense Énergie et eau
5976,2026-03-14,26,1,3790.42,ESPECES,VALIDE,Facture F-2026-98560
5977,2026-03-14,55,5,657.79,VIREMENT,VALIDE,Facture F-2026-08546
5978,2026-03-14,17,4,388.12,CARTE,VALIDE,Facture F-2026-97293
5979,2026-03-14,18,4,661.31,VIREMENT,VALIDE,Facture F-2026-13146
5980,2026-03-14,24,4,763.07,CHEQUE,VALIDE,Facture F-2026-68040
5981,2026-03-14,34,5,1338.97,CARTE,VALIDE,Facture F-2026-75220
5982,2026-03-14,10,1,3709.00,CHEQUE,VALIDE,Facture F-2026-83092
5983,2026-03-14,NULL,14,4019.04,MOBILE_MONEY,VALIDE,Dépense Informatique et logiciels
5984,2026-03-15,41,4,1092.18,CARTE,VALIDE,Facture F-2026-83323
5985,2026-03-15,4,5,946.67,VIREMENT,VALIDE,Facture F-2026-94417
5986,2026-03-15,37,5,513.75,ESPECES,VALIDE,Facture F-2026-37103
5987,2026-03-15,52,3,148.42,ESPECES,VALIDE,Facture F-2026-03123
5988,2026-03-15,45,1,7276.72,CHEQUE,VALIDE,Facture F-2026-06173
5989,2026-03-15,NULL,8,7451.90,VIREMENT,VALIDE,Dépense Marketing et publicité
5990,2026-03-15,NULL,7,2003.11,ESPECES,VALIDE,Dépense Loyers et immobilier
5991,2026-03-16,31,2,1027.12,VIREMENT,EN_ATTENTE,Facture F-2026-34737
5992,2026-03-16,37,3,158.11,ESPECES,VALIDE,Facture F-2026-90347
5993,2026-03-16,33,4,572.92,MOBILE_MONEY,VALIDE,Facture F-2026-73204
5994,2026-03-16,12,2,372.25,VIREMENT,VALIDE,Facture F-2026-16137
5995,2026-03-16,NULL,7,4364.73,VIREMENT,VALIDE,Dépense Loyers et immobilier
5996,2026-03-17,39,2,1947.91,CARTE,VALIDE,Facture F-2026-25588
5997,2026-03-17,63,4,772.39,VIREMENT,VALIDE,Facture F-2026-92715
5998,2026-03-17,11,5,1289.29,MOBILE_MONEY,VALIDE,Facture F-2026-27619
5999,2026-03-17,19,4,763.28,VIREMENT,VALIDE,Facture F-2026-74163
6000,2026-03-17,16,5,889.08,CARTE,VALIDE,Facture F-2026-33126
6001,2026-03-17,NULL,11,836.64,MOBILE_MONEY,VALIDE,Dépense Transport et logistique
6002,2026-03-17,NULL,7,1450.08,VIREMENT,VALIDE,Dépense Loyers et immobilier
6003,2026-03-17,NULL,13,2961.21,CARTE,VALIDE,Dépense Impôts et taxes
6004,2026-03-17,NULL,7,3641.57,CARTE,VALIDE,Dépense Loyers et immobilier
6005,2026-03-18,9,2,2013.03,VIREMENT,VALIDE,Facture F-2026-65711
6006,2026-03-18,41,2,534.50,CARTE,VALIDE,Facture F-2026-27760
6007,2026-03-18,35,3,151.89,ESPECES,VALIDE,Facture F-2026-68017
6008,2026-03-18,48,4,568.48,CARTE,VALIDE,Facture F-2026-90251
6009,2026-03-18,10,1,2126.92,CHEQUE,VALIDE,Facture F-2026-50725
6010,2026-03-18,NULL,13,1684.45,MOBILE_MONEY,EN_ATTENTE,Dépense Impôts et taxes
6011,2026-03-18,NULL,11,3871.13,CARTE,VALIDE,Dépense Transport et logistique
6012,2026-03-18,NULL,14,3006.33,MOBILE_MONEY,VALIDE,Dépense Informatique et logiciels
6013,2026-03-18,NULL,15,448.49,VIREMENT,VALIDE,Dépense Intérêts et frais bancaires
6014,2026-03-19,42,4,1018.88,ESPECES,VALIDE,Facture F-2026-65144
6015,2026-03-19,7,5,402.24,CARTE,VALIDE,Facture F-2026-19333
6016,2026-03-19,56,2,983.97,CHEQUE,VALIDE,Facture F-2026-07305
6017,2026-03-19,61,4,1051.05,MOBILE_MONEY,VALIDE,Facture F-2026-63309
6018,2026-03-19,NULL,13,2611.90,ESPECES,VALIDE,Dépense Impôts et taxes
6019,2026-03-19,NULL,11,3190.10,VIREMENT,VALIDE,Dépense Transport et logistique
6020,2026-03-19,NULL,9,397.21,ESPECES,VALIDE,Dépense Fournitures et consommables
6021,2026-03-20,19,4,459.91,CARTE,VALIDE,Facture F-2026-16234
6022,2026-03-20,35,5,593.06,ESPECES,VALIDE,Facture F-2026-54688
6023,2026-03-20,47,2,1786.36,MOBILE_MONEY,VALIDE,Facture F-2026-59040
6024,2026-03-20,NULL,12,2046.45,CARTE,VALIDE,Dépense Assurances
6025,2026-03-20,NULL,13,5191.72,CARTE,VALIDE,Dépense Impôts et taxes
6026,2026-03-20,NULL,10,1868.73,MOBILE_MONEY,VALIDE,Dépense Énergie et eau
6027,2026-03-20,NULL,12,1877.05,MOBILE_MONEY,VALIDE,Dépense Assurances
6028,2026-03-21,3,2,274.43,CARTE,EN_ATTENTE,Facture F-2026-59666
6029,2026-03-21,1,4,928.46,VIREMENT,VALIDE,Facture F-2026-78252
6030,2026-03-21,46,3,171.91,VIREMENT,VALIDE,Facture F-2026-99344
6031,2026-03-21,4,2,1488.85,CARTE,VALIDE,Facture F-2026-50281
6032,2026-03-21,7,2,1219.92,CHEQUE,VALIDE,Facture F-2026-69121
6033,2026-03-21,59,4,292.92,MOBILE_MONEY,VALIDE,Facture F-2026-98810
6034,2026-03-21,12,4,1182.14,VIREMENT,VALIDE,Facture F-2026-42273
6035,2026-03-21,60,3,143.23,ESPECES,VALIDE,Facture F-2026-62382
6036,2026-03-21,NULL,8,7834.50,ESPECES,VALIDE,Dépense Marketing et publicité
6037,2026-03-21,NULL,14,3372.50,VIREMENT,VALIDE,Dépense Informatique et logiciels
6038,2026-03-22,59,2,1268.93,VIREMENT,EN_ATTENTE,Facture F-2026-77884
6039,2026-03-22,7,4,629.31,CHEQUE,VALIDE,Facture F-2026-65628
6040,2026-03-22,38,3,155.71,CARTE,VALIDE,Facture F-2026-05966
6041,2026-03-22,NULL,6,9801.38,MOBILE_MONEY,VALIDE,Dépense Salaires et charges sociales
6042,2026-03-23,63,3,68.65,ESPECES,VALIDE,Facture F-2026-62654
6043,2026-03-23,44,3,381.34,VIREMENT,VALIDE,Facture F-2026-31693
6044,2026-03-23,47,3,429.02,CARTE,VALIDE,Facture F-2026-58548
6045,2026-03-23,12,1,2734.13,CARTE,VALIDE,Facture F-2026-46567
6046,2026-03-23,25,1,3284.08,VIREMENT,VALIDE,Facture F-2026-70582
6047,2026-03-23,56,4,1088.87,MOBILE_MONEY,EN_ATTENTE,Facture F-2026-04384
6048,2026-03-23,12,1,5509.25,VIREMENT,EN_ATTENTE,Facture F-2026-22105
6049,2026-03-23,58,5,1143.45,VIREMENT,VALIDE,Facture F-2026-81248
6050,2026-03-23,NULL,15,756.41,MOBILE_MONEY,VALIDE,Dépense Intérêts et frais bancaires
6051,2026-03-24,51,1,6658.81,MOBILE_MONEY,VALIDE,Facture F-2026-48854
6052,2026-03-24,58,5,1245.62,VIREMENT,VALIDE,Facture F-2026-79644
6053,2026-03-24,50,3,261.52,VIREMENT,VALIDE,Facture F-2026-48725
6054,2026-03-24,47,1,3936.55,VIREMENT,VALIDE,Facture F-2026-59354
6055,2026-03-24,18,4,726.98,ESPECES,VALIDE,Facture F-2026-10860
6056,2026-03-24,NULL,9,1427.18,VIREMENT,VALIDE,Dépense Fournitures et consommables
6057,2026-03-25,9,3,57.95,ESPECES,VALIDE,Facture F-2026-67769
6058,2026-03-25,14,1,6744.52,ESPECES,EN_ATTENTE,Facture F-2026-79072
6059,2026-03-25,25,4,815.67,CHEQUE,VALIDE,Facture F-2026-64813
6060,2026-03-25,NULL,15,118.59,VIREMENT,VALIDE,Dépense Intérêts et frais bancaires
6061,2026-03-25,NULL,6,5513.11,CARTE,VALIDE,Dépense Salaires et charges sociales
6062,2026-03-25,NULL,8,1265.09,VIREMENT,VALIDE,Dépense Marketing et publicité
6063,2026-03-25,NULL,10,897.89,ESPECES,VALIDE,Dépense Énergie et eau
6064,2026-03-26,22,5,629.94,CHEQUE,VALIDE,Facture F-2026-26066
6065,2026-03-26,6,4,273.79,ESPECES,VALIDE,Facture F-2026-96539
6066,2026-03-26,17,2,1367.70,VIREMENT,VALIDE,Facture F-2026-14710
6067,2026-03-26,40,5,1014.14,VIREMENT,VALIDE,Facture F-2026-11498
6068,2026-03-26,63,4,1022.99,MOBILE_MONEY,VALIDE,Facture F-2026-61818
6069,2026-03-26,38,5,564.27,CARTE,VALIDE,Facture F-2026-00726
6070,2026-03-26,NULL,8,3930.46,MOBILE_MONEY,VALIDE,Dépense Marketing et publicité
6071,2026-03-26,NULL,7,1237.79,VIREMENT,VALIDE,Dépense Loyers et immobilier
6072,2026-03-27,7,3,130.83,VIREMENT,VALIDE,Facture F-2026-64180
6073,2026-03-27,64,2,1678.37,MOBILE_MONEY,VALIDE,Facture F-2026-16578
6074,2026-03-27,36,3,261.20,CARTE,VALIDE,Facture F-2026-78905
6075,2026-03-27,59,4,711.42,CHEQUE,VALIDE,Facture F-2026-50469
6076,2026-03-27,63,4,911.90,CARTE,VALIDE,Facture F-2026-80431
6077,2026-03-27,53,1,7016.28,CARTE,VALIDE,Facture F-2026-93776
6078,2026-03-27,20,3,141.89,ESPECES,EN_ATTENTE,Facture F-2026-60406
6079,2026-03-27,NULL,10,1221.04,VIREMENT,VALIDE,Dépense Énergie et eau
6080,2026-03-27,NULL,6,1831.92,ESPECES,VALIDE,Dépense Salaires et charges sociales
6081,2026-03-27,NULL,9,2469.59,ESPECES,VALIDE,Dépense Fournitures et consommables
6082,2026-03-27,NULL,10,1837.73,VIREMENT,VALIDE,Dépense Énergie et eau
6083,2026-03-28,8,1,1472.02,CARTE,VALIDE,Facture F-2026-38780
6084,2026-03-28,15,5,885.89,CARTE,VALIDE,Facture F-2026-80762
6085,2026-03-28,61,2,1906.08,MOBILE_MONEY,VALIDE,Facture F-2026-88832
6086,2026-03-28,64,1,4046.69,ESPECES,VALIDE,Facture F-2026-33959
6087,2026-03-28,16,1,704.95,VIREMENT,VALIDE,Facture F-2026-57701
6088,2026-03-28,6,2,926.78,MOBILE_MONEY,VALIDE,Facture F-2026-58756
6089,2026-03-28,36,3,189.14,ESPECES,VALIDE,Facture F-2026-46192
6090,2026-03-28,46,3,160.47,ESPECES,VALIDE,Facture F-2026-66446
6091,2026-03-28,NULL,8,759.40,CARTE,VALIDE,Dépense Marketing et publicité
6092,2026-03-28,NULL,15,462.58,ESPECES,VALIDE,Dépense Intérêts et frais bancaires
6093,2026-03-29,60,5,1091.05,CHEQUE,VALIDE,Facture F-2026-28565
6094,2026-03-29,15,3,388.83,CARTE,EN_ATTENTE,Facture F-2026-18786
6095,2026-03-29,23,4,570.23,VIREMENT,VALIDE,Facture F-2026-72206
6096,2026-03-29,46,5,962.42,MOBILE_MONEY,VALIDE,Facture F-2026-10661
6097,2026-03-29,24,3,124.12,MOBILE_MONEY,VALIDE,Facture F-2026-63265
6098,2026-03-29,47,2,1460.51,VIREMENT,VALIDE,Facture F-2026-50712
6099,2026-03-29,5,3,379.77,CHEQUE,VALIDE,Facture F-2026-34196
6100,2026-03-29,40,5,622.97,MOBILE_MONEY,VALIDE,Facture F-2026-18489
6101,2026-03-29,NULL,11,5426.51,CARTE,VALIDE,Dépense Transport et logistique
6102,2026-03-30,12,2,2009.48,CARTE,VALIDE,Facture F-2026-04399
6103,2026-03-30,25,1,4618.43,CARTE,VALIDE,Facture F-2026-62343
6104,2026-03-30,34,3,108.30,ESPECES,VALIDE,Facture F-2026-70809
6105,2026-03-30,12,1,5560.66,VIREMENT,VALIDE,Facture F-2026-02981
6106,2026-03-30,58,5,860.62,CHEQUE,VALIDE,Facture F-2026-11612
6107,2026-03-30,NULL,6,9167.06,ESPECES,VALIDE,Dépense Salaires et charges sociales
6108,2026-03-30,NULL,10,174.11,CARTE,VALIDE,Dépense Énergie et eau
6109,2026-03-30,NULL,8,4957.62,VIREMENT,VALIDE,Dépense Marketing et publicité
6110,2026-03-30,NULL,9,525.11,ESPECES,VALIDE,Dépense Fournitures et consommables
6111,2026-03-31,4,4,215.50,ESPECES,VALIDE,Facture F-2026-96014
6112,2026-03-31,27,3,313.49,CARTE,VALIDE,Facture F-2026-66844
6113,2026-03-31,7,1,3612.31,CARTE,VALIDE,Facture F-2026-84234
6114,2026-03-31,47,4,807.95,MOBILE_MONEY,VALIDE,Facture F-2026-29122
6115,2026-03-31,NULL,6,15937.16,VIREMENT,EN_ATTENTE,Dépense Salaires et charges sociales
6116,2026-03-31,NULL,10,1773.37,CARTE,VALIDE,Dépense Énergie et eau
6117,2026-03-31,NULL,9,2050.82,CARTE,VALIDE,Dépense Fournitures et consommables
6118,2026-04-01,63,5,717.82,VIREMENT,VALIDE,Facture F-2026-43004
6119,2026-04-01,32,5,959.72,CHEQUE,VALIDE,Facture F-2026-28714
6120,2026-04-01,50,2,1901.62,CARTE,VALIDE,Facture F-2026-84874
6121,2026-04-01,65,2,271.49,CHEQUE,VALIDE,Facture F-2026-98454
6122,2026-04-01,34,1,2362.09,CARTE,VALIDE,Facture F-2026-82535
6123,2026-04-01,NULL,12,1059.50,MOBILE_MONEY,VALIDE,Dépense Assurances
6124,2026-04-02,34,4,436.58,ESPECES,VALIDE,Facture F-2026-68859
6125,2026-04-02,25,5,579.79,ESPECES,EN_ATTENTE,Facture F-2026-02170
6126,2026-04-02,37,5,360.24,MOBILE_MONEY,VALIDE,Facture F-2026-29645
6127,2026-04-02,NULL,6,16479.03,MOBILE_MONEY,VALIDE,Dépense Salaires et charges sociales
6128,2026-04-03,22,3,416.62,CARTE,VALIDE,Facture F-2026-30865
6129,2026-04-03,46,2,1297.02,ESPECES,VALIDE,Facture F-2026-28077
6130,2026-04-03,63,4,755.72,MOBILE_MONEY,VALIDE,Facture F-2026-28808
6131,2026-04-03,12,5,859.39,ESPECES,VALIDE,Facture F-2026-83349
6132,2026-04-03,NULL,12,679.83,VIREMENT,VALIDE,Dépense Assurances
6133,2026-04-03,NULL,11,330.86,MOBILE_MONEY,VALIDE,Dépense Transport et logistique
6134,2026-04-03,NULL,14,2381.50,ESPECES,VALIDE,Dépense Informatique et logiciels
6135,2026-04-04,37,1,3888.85,VIREMENT,VALIDE,Facture F-2026-13821
6136,2026-04-04,64,3,218.14,MOBILE_MONEY,VALIDE,Facture F-2026-40472
6137,2026-04-04,29,2,638.28,VIREMENT,VALIDE,Facture F-2026-47442
6138,2026-04-04,25,3,139.59,CARTE,VALIDE,Facture F-2026-92233
6139,2026-04-04,43,2,1078.63,MOBILE_MONEY,VALIDE,Facture F-2026-87044
6140,2026-04-04,34,4,905.42,MOBILE_MONEY,VALIDE,Facture F-2026-33929
6141,2026-04-04,32,5,1188.67,CHEQUE,EN_ATTENTE,Facture F-2026-54414
6142,2026-04-04,NULL,12,315.03,ESPECES,VALIDE,Dépense Assurances
6143,2026-04-04,NULL,14,2429.83,VIREMENT,VALIDE,Dépense Informatique et logiciels
6144,2026-04-04,NULL,8,6980.50,ESPECES,VALIDE,Dépense Marketing et publicité
6145,2026-04-04,NULL,11,3036.91,MOBILE_MONEY,VALIDE,Dépense Transport et logistique
6146,2026-04-05,43,4,364.17,MOBILE_MONEY,VALIDE,Facture F-2026-41853
6147,2026-04-05,59,1,3224.76,VIREMENT,VALIDE,Facture F-2026-83060
6148,2026-04-05,44,4,679.28,ESPECES,VALIDE,Facture F-2026-36765
6149,2026-04-05,23,1,3750.28,VIREMENT,VALIDE,Facture F-2026-06018
6150,2026-04-05,NULL,6,5680.85,CARTE,VALIDE,Dépense Salaires et charges sociales
6151,2026-04-05,NULL,6,9286.54,MOBILE_MONEY,VALIDE,Dépense Salaires et charges sociales
6152,2026-04-05,NULL,8,7621.89,MOBILE_MONEY,VALIDE,Dépense Marketing et publicité
6153,2026-04-06,63,3,64.96,CARTE,VALIDE,Facture F-2026-11334
6154,2026-04-06,7,1,2093.29,ESPECES,VALIDE,Facture F-2026-13688
6155,2026-04-06,51,2,535.59,VIREMENT,VALIDE,Facture F-2026-48265
6156,2026-04-06,46,2,1823.74,CARTE,VALIDE,Facture F-2026-51211
6157,2026-04-06,33,5,394.62,CARTE,VALIDE,Facture F-2026-70663
6158,2026-04-06,NULL,9,1046.00,MOBILE_MONEY,VALIDE,Dépense Fournitures et consommables
6159,2026-04-07,43,1,6354.36,ESPECES,VALIDE,Facture F-2026-65327
6160,2026-04-07,5,5,1384.26,CHEQUE,VALIDE,Facture F-2026-45337
6161,2026-04-07,19,2,1067.60,CARTE,VALIDE,Facture F-2026-46779
6162,2026-04-07,23,5,1342.79,CHEQUE,VALIDE,Facture F-2026-54436
6163,2026-04-07,42,1,861.60,ESPECES,VALIDE,Facture F-2026-72321
6164,2026-04-07,26,2,216.91,CARTE,VALIDE,Facture F-2026-68164
6165,2026-04-07,49,5,1348.32,CHEQUE,VALIDE,Facture F-2026-51617
6166,2026-04-07,NULL,7,781.37,VIREMENT,VALIDE,Dépense Loyers et immobilier
6167,2026-04-08,40,1,5414.79,CARTE,VALIDE,Facture F-2026-51363
6168,2026-04-08,31,5,1431.62,MOBILE_MONEY,VALIDE,Facture F-2026-77229
6169,2026-04-08,26,1,4265.64,CHEQUE,VALIDE,Facture F-2026-08890
6170,2026-04-08,13,5,661.35,MOBILE_MONEY,VALIDE,Facture F-2026-38058
6171,2026-04-08,NULL,6,14153.48,MOBILE_MONEY,VALIDE,Dépense Salaires et charges sociales
6172,2026-04-08,NULL,9,2291.63,VIREMENT,VALIDE,Dépense Fournitures et consommables
6173,2026-04-08,NULL,11,1226.21,CARTE,VALIDE,Dépense Transport et logistique
6174,2026-04-08,NULL,14,3220.85,CARTE,VALIDE,Dépense Informatique et logiciels
6175,2026-04-09,20,5,1039.34,CHEQUE,VALIDE,Facture F-2026-17557
6176,2026-04-09,31,3,267.52,CHEQUE,VALIDE,Facture F-2026-99099
6177,2026-04-09,24,4,986.94,CHEQUE,VALIDE,Facture F-2026-11649
6178,2026-04-09,39,5,1497.53,VIREMENT,VALIDE,Facture F-2026-25683
6179,2026-04-09,20,2,1855.25,CHEQUE,VALIDE,Facture F-2026-94752
6180,2026-04-09,47,5,1281.95,CARTE,VALIDE,Facture F-2026-34359
6181,2026-04-09,23,1,4170.88,CARTE,VALIDE,Facture F-2026-54781
6182,2026-04-09,60,4,632.55,CHEQUE,VALIDE,Facture F-2026-61557
6183,2026-04-09,NULL,9,2127.00,VIREMENT,VALIDE,Dépense Fournitures et consommables
6184,2026-04-09,NULL,6,4359.08,ESPECES,VALIDE,Dépense Salaires et charges sociales
6185,2026-04-10,27,1,6570.62,VIREMENT,VALIDE,Facture F-2026-33242
6186,2026-04-10,17,4,505.00,CHEQUE,VALIDE,Facture F-2026-27741
6187,2026-04-10,48,1,2804.80,CARTE,VALIDE,Facture F-2026-54204
6188,2026-04-10,11,1,2939.17,VIREMENT,VALIDE,Facture F-2026-61431
6189,2026-04-10,NULL,14,2102.03,VIREMENT,VALIDE,Dépense Informatique et logiciels
6190,2026-04-10,NULL,8,7022.78,CARTE,VALIDE,Dépense Marketing et publicité
6191,2026-04-11,52,5,1496.11,VIREMENT,VALIDE,Facture F-2026-56118
6192,2026-04-11,31,1,872.85,VIREMENT,VALIDE,Facture F-2026-64894
6193,2026-04-11,21,2,1894.64,CHEQUE,VALIDE,Facture F-2026-87447
6194,2026-04-11,18,3,300.35,MOBILE_MONEY,VALIDE,Facture F-2026-26029
6195,2026-04-11,55,5,803.46,MOBILE_MONEY,VALIDE,Facture F-2026-70917
6196,2026-04-11,37,5,1486.10,CARTE,VALIDE,Facture F-2026-60359
6197,2026-04-11,NULL,9,618.58,VIREMENT,VALIDE,Dépense Fournitures et consommables
6198,2026-04-12,44,2,883.20,ESPECES,VALIDE,Facture F-2026-45863
6199,2026-04-12,44,5,1417.42,ESPECES,VALIDE,Facture F-2026-33963
6200,2026-04-12,52,2,1981.99,MOBILE_MONEY,VALIDE,Facture F-2026-56196
6201,2026-04-12,NULL,13,933.90,CARTE,VALIDE,Dépense Impôts et taxes
6202,2026-04-12,NULL,10,1272.76,VIREMENT,VALIDE,Dépense Énergie et eau
6203,2026-04-13,23,5,1202.32,CARTE,VALIDE,Facture F-2026-23660
6204,2026-04-13,12,1,2991.72,VIREMENT,EN_ATTENTE,Facture F-2026-94566
6205,2026-04-13,31,3,446.55,MOBILE_MONEY,VALIDE,Facture F-2026-86295
6206,2026-04-13,23,5,1190.81,CARTE,EN_ATTENTE,Facture F-2026-74097
6207,2026-04-13,64,3,287.87,CARTE,VALIDE,Facture F-2026-85601
6208,2026-04-13,22,3,403.35,ESPECES,VALIDE,Facture F-2026-05326
6209,2026-04-13,NULL,13,1312.20,MOBILE_MONEY,VALIDE,Dépense Impôts et taxes
6210,2026-04-13,NULL,6,8557.76,MOBILE_MONEY,VALIDE,Dépense Salaires et charges sociales
6211,2026-04-13,NULL,10,1243.48,ESPECES,VALIDE,Dépense Énergie et eau
6212,2026-04-14,40,4,204.04,VIREMENT,VALIDE,Facture F-2026-44927
6213,2026-04-14,55,1,877.72,MOBILE_MONEY,VALIDE,Facture F-2026-83013
6214,2026-04-14,31,3,270.71,VIREMENT,VALIDE,Facture F-2026-15012
6215,2026-04-14,25,3,123.93,ESPECES,VALIDE,Facture F-2026-39445
6216,2026-04-14,45,4,271.38,ESPECES,EN_ATTENTE,Facture F-2026-08256
6217,2026-04-14,60,2,1904.60,VIREMENT,VALIDE,Facture F-2026-44230
6218,2026-04-14,27,2,2152.85,ESPECES,VALIDE,Facture F-2026-54332
6219,2026-04-14,25,2,759.31,ESPECES,VALIDE,Facture F-2026-00927
6220,2026-04-14,NULL,13,3599.23,ESPECES,VALIDE,Dépense Impôts et taxes
6221,2026-04-14,NULL,11,2838.40,VIREMENT,VALIDE,Dépense Transport et logistique
6222,2026-04-14,NULL,9,1789.28,MOBILE_MONEY,VALIDE,Dépense Fournitures et consommables
6223,2026-04-15,14,2,454.44,MOBILE_MONEY,VALIDE,Facture F-2026-82637
6224,2026-04-15,40,4,393.94,VIREMENT,VALIDE,Facture F-2026-63818
6225,2026-04-15,65,3,144.10,CARTE,VALIDE,Facture F-2026-25197
6226,2026-04-15,47,3,92.00,ESPECES,VALIDE,Facture F-2026-35560
6227,2026-04-15,58,5,803.73,VIREMENT,VALIDE,Facture F-2026-67413
6228,2026-04-15,8,3,177.16,VIREMENT,VALIDE,Facture F-2026-60117
6229,2026-04-15,51,2,2119.45,CARTE,VALIDE,Facture F-2026-59057
6230,2026-04-15,NULL,13,419.47,VIREMENT,VALIDE,Dépense Impôts et taxes
6231,2026-04-15,NULL,14,1507.21,ESPECES,VALIDE,Dépense Informatique et logiciels
6232,2026-04-16,64,5,830.94,VIREMENT,VALIDE,Facture F-2026-79704
6233,2026-04-16,54,3,372.24,CARTE,VALIDE,Facture F-2026-69593
6234,2026-04-16,27,4,1133.88,ESPECES,VALIDE,Facture F-2026-23778
6235,2026-04-16,28,3,384.85,VIREMENT,VALIDE,Facture F-2026-57542
6236,2026-04-17,22,1,1477.54,VIREMENT,VALIDE,Facture F-2026-92159
6237,2026-04-17,32,2,1493.01,VIREMENT,VALIDE,Facture F-2026-04973
6238,2026-04-17,35,4,658.25,VIREMENT,VALIDE,Facture F-2026-35383
6239,2026-04-17,2,5,1095.31,CARTE,VALIDE,Facture F-2026-61237
6240,2026-04-17,31,4,552.13,MOBILE_MONEY,VALIDE,Facture F-2026-95163
6241,2026-04-17,26,5,795.65,CARTE,VALIDE,Facture F-2026-13679
6242,2026-04-17,51,4,1156.63,ESPECES,VALIDE,Facture F-2026-84900
6243,2026-04-17,9,4,619.12,CARTE,VALIDE,Facture F-2026-96665
6244,2026-04-17,NULL,7,3974.48,ESPECES,VALIDE,Dépense Loyers et immobilier
6245,2026-04-18,47,4,910.47,CHEQUE,VALIDE,Facture F-2026-51916
6246,2026-04-18,25,1,2824.42,MOBILE_MONEY,VALIDE,Facture F-2026-86559
6247,2026-04-18,55,4,299.24,MOBILE_MONEY,VALIDE,Facture F-2026-69616
6248,2026-04-18,52,4,823.12,CHEQUE,EN_ATTENTE,Facture F-2026-69104
6249,2026-04-18,27,2,512.84,CARTE,VALIDE,Facture F-2026-36532
6250,2026-04-18,14,2,700.90,ESPECES,VALIDE,Facture F-2026-61929
6251,2026-04-18,3,3,229.30,CARTE,VALIDE,Facture F-2026-78105
6252,2026-04-18,NULL,6,20595.54,VIREMENT,VALIDE,Dépense Salaires et charges sociales
6253,2026-04-18,NULL,9,163.67,CARTE,VALIDE,Dépense Fournitures et consommables
6254,2026-04-19,20,3,169.43,CHEQUE,VALIDE,Facture F-2026-70887
6255,2026-04-19,50,1,2212.01,VIREMENT,VALIDE,Facture F-2026-94971
6256,2026-04-19,33,3,85.08,ESPECES,VALIDE,Facture F-2026-55441
6257,2026-04-19,38,4,1160.28,ESPECES,VALIDE,Facture F-2026-05117
6258,2026-04-19,22,4,750.20,VIREMENT,VALIDE,Facture F-2026-60848
6259,2026-04-19,57,1,7174.54,CHEQUE,VALIDE,Facture F-2026-68841
6260,2026-04-19,NULL,9,555.52,MOBILE_MONEY,VALIDE,Dépense Fournitures et consommables
6261,2026-04-19,NULL,9,485.73,VIREMENT,VALIDE,Dépense Fournitures et consommables
6262,2026-04-19,NULL,11,5801.09,ESPECES,VALIDE,Dépense Transport et logistique
6263,2026-04-19,NULL,14,4077.17,MOBILE_MONEY,VALIDE,Dépense Informatique et logiciels
6264,2026-04-20,37,2,1627.23,CARTE,VALIDE,Facture F-2026-82715
6265,2026-04-20,46,4,803.59,MOBILE_MONEY,VALIDE,Facture F-2026-56087
6266,2026-04-20,7,4,801.89,MOBILE_MONEY,VALIDE,Facture F-2026-08498
6267,2026-04-20,15,1,6169.07,ESPECES,VALIDE,Facture F-2026-87124
6268,2026-04-20,49,5,410.53,CHEQUE,VALIDE,Facture F-2026-49051
6269,2026-04-20,8,5,1291.68,ESPECES,VALIDE,Facture F-2026-00761
6270,2026-04-20,NULL,7,2143.03,VIREMENT,VALIDE,Dépense Loyers et immobilier
6271,2026-04-20,NULL,15,407.12,VIREMENT,VALIDE,Dépense Intérêts et frais bancaires
6272,2026-04-21,48,3,84.06,CHEQUE,VALIDE,Facture F-2026-18443
6273,2026-04-21,62,2,1881.95,CARTE,VALIDE,Facture F-2026-66587
6274,2026-04-21,12,3,273.34,MOBILE_MONEY,VALIDE,Facture F-2026-33498
6275,2026-04-21,3,4,556.28,CARTE,VALIDE,Facture F-2026-40499
6276,2026-04-21,3,4,432.16,ESPECES,VALIDE,Facture F-2026-51603
6277,2026-04-21,51,4,1106.90,CARTE,VALIDE,Facture F-2026-37825
6278,2026-04-21,NULL,6,2752.07,VIREMENT,VALIDE,Dépense Salaires et charges sociales
6279,2026-04-22,37,2,1374.13,ESPECES,EN_ATTENTE,Facture F-2026-71733
6280,2026-04-22,28,2,499.19,VIREMENT,VALIDE,Facture F-2026-95028
6281,2026-04-22,60,5,1157.77,VIREMENT,VALIDE,Facture F-2026-62575
6282,2026-04-22,56,3,315.44,MOBILE_MONEY,VALIDE,Facture F-2026-92942
6283,2026-04-22,36,1,4255.02,ESPECES,VALIDE,Facture F-2026-33750
6284,2026-04-22,NULL,7,4461.96,ESPECES,VALIDE,Dépense Loyers et immobilier
6285,2026-04-23,6,4,279.97,ESPECES,VALIDE,Facture F-2026-30242
6286,2026-04-23,62,2,1435.11,CARTE,VALIDE,Facture F-2026-00287
6287,2026-04-23,31,2,1151.16,CARTE,VALIDE,Facture F-2026-73720
6288,2026-04-23,45,4,277.62,ESPECES,VALIDE,Facture F-2026-13216
6289,2026-04-23,22,4,605.08,CHEQUE,VALIDE,Facture F-2026-21425
6290,2026-04-23,9,3,56.87,CARTE,VALIDE,Facture F-2026-97778
6291,2026-04-23,NULL,12,106.15,MOBILE_MONEY,VALIDE,Dépense Assurances
6292,2026-04-24,3,3,222.68,CHEQUE,VALIDE,Facture F-2026-20948
6293,2026-04-24,24,3,446.24,ESPECES,VALIDE,Facture F-2026-61721
6294,2026-04-24,45,2,1208.12,CHEQUE,VALIDE,Facture F-2026-86745
6295,2026-04-24,13,2,1904.83,CHEQUE,VALIDE,Facture F-2026-92374
6296,2026-04-24,49,2,1810.67,ESPECES,VALIDE,Facture F-2026-70049
6297,2026-04-24,9,1,3867.25,MOBILE_MONEY,VALIDE,Facture F-2026-64201
6298,2026-04-24,38,3,209.06,VIREMENT,VALIDE,Facture F-2026-25288
6299,2026-04-24,27,5,962.54,CHEQUE,VALIDE,Facture F-2026-75182
6300,2026-04-24,NULL,10,1842.19,VIREMENT,VALIDE,Dépense Énergie et eau
6301,2026-04-24,NULL,11,1272.01,MOBILE_MONEY,VALIDE,Dépense Transport et logistique
6302,2026-04-24,NULL,12,2265.70,MOBILE_MONEY,VALIDE,Dépense Assurances
6303,2026-04-25,58,2,959.05,CHEQUE,VALIDE,Facture F-2026-18966
6304,2026-04-25,52,2,472.34,VIREMENT,VALIDE,Facture F-2026-44320
6305,2026-04-25,11,5,410.05,MOBILE_MONEY,VALIDE,Facture F-2026-85048
6306,2026-04-25,11,1,2952.26,CARTE,EN_ATTENTE,Facture F-2026-15925
6307,2026-04-25,37,4,1186.50,CARTE,VALIDE,Facture F-2026-28517
6308,2026-04-25,64,3,115.90,VIREMENT,VALIDE,Facture F-2026-28001
6309,2026-04-25,NULL,15,752.24,MOBILE_MONEY,VALIDE,Dépense Intérêts et frais bancaires
6310,2026-04-25,NULL,6,7476.40,MOBILE_MONEY,VALIDE,Dépense Salaires et charges sociales
6311,2026-04-25,NULL,15,393.22,MOBILE_MONEY,VALIDE,Dépense Intérêts et frais bancaires
6312,2026-04-25,NULL,13,4556.84,MOBILE_MONEY,VALIDE,Dépense Impôts et taxes
6313,2026-04-26,8,5,1347.71,ESPECES,VALIDE,Facture F-2026-35848
6314,2026-04-26,29,4,314.96,CHEQUE,VALIDE,Facture F-2026-05070
6315,2026-04-26,23,4,821.34,ESPECES,VALIDE,Facture F-2026-15305
6316,2026-04-26,19,4,408.53,CARTE,VALIDE,Facture F-2026-11878
6317,2026-04-26,24,5,1486.50,CARTE,VALIDE,Facture F-2026-59818
6318,2026-04-26,NULL,13,4570.94,MOBILE_MONEY,VALIDE,Dépense Impôts et taxes
6319,2026-04-26,NULL,10,331.03,CARTE,VALIDE,Dépense Énergie et eau
6320,2026-04-27,23,4,775.77,ESPECES,VALIDE,Facture F-2026-54971
6321,2026-04-27,24,1,6097.86,VIREMENT,VALIDE,Facture F-2026-13925
6322,2026-04-27,5,2,1072.40,MOBILE_MONEY,VALIDE,Facture F-2026-82633
6323,2026-04-27,NULL,7,2501.31,VIREMENT,VALIDE,Dépense Loyers et immobilier
6324,2026-04-27,NULL,11,3911.36,ESPECES,EN_ATTENTE,Dépense Transport et logistique
6325,2026-04-27,NULL,14,580.49,VIREMENT,VALIDE,Dépense Informatique et logiciels
6326,2026-04-28,8,4,499.99,MOBILE_MONEY,VALIDE,Facture F-2026-04656
6327,2026-04-28,59,5,388.45,VIREMENT,VALIDE,Facture F-2026-80872
6328,2026-04-28,13,1,4709.53,CARTE,VALIDE,Facture F-2026-44233
6329,2026-04-28,42,2,2160.03,VIREMENT,VALIDE,Facture F-2026-00384
6330,2026-04-28,NULL,8,997.46,CARTE,VALIDE,Dépense Marketing et publicité
6331,2026-04-28,NULL,9,405.69,MOBILE_MONEY,VALIDE,Dépense Fournitures et consommables
6332,2026-04-28,NULL,7,2930.02,VIREMENT,VALIDE,Dépense Loyers et immobilier
6333,2026-04-29,31,5,1161.21,MOBILE_MONEY,EN_ATTENTE,Facture F-2026-27825
6334,2026-04-29,51,1,4207.56,CHEQUE,VALIDE,Facture F-2026-42400
6335,2026-04-29,29,3,277.85,CHEQUE,VALIDE,Facture F-2026-77975
6336,2026-04-29,22,5,362.41,VIREMENT,VALIDE,Facture F-2026-11207
6337,2026-04-29,59,5,1487.80,VIREMENT,VALIDE,Facture F-2026-29704
6338,2026-04-29,9,1,4817.09,MOBILE_MONEY,VALIDE,Facture F-2026-52608
6339,2026-04-29,53,4,1178.61,ESPECES,EN_ATTENTE,Facture F-2026-89379
6340,2026-04-29,NULL,9,781.10,ESPECES,VALIDE,Dépense Fournitures et consommables
6341,2026-04-30,9,2,1908.69,MOBILE_MONEY,VALIDE,Facture F-2026-74631
6342,2026-04-30,23,1,3034.44,CHEQUE,VALIDE,Facture F-2026-57312
6343,2026-04-30,26,3,323.92,CARTE,VALIDE,Facture F-2026-90963
6344,2026-04-30,23,4,1119.23,CHEQUE,VALIDE,Facture F-2026-14138
6345,2026-04-30,29,4,1069.19,ESPECES,VALIDE,Facture F-2026-89920
6346,2026-04-30,NULL,6,1359.87,VIREMENT,VALIDE,Dépense Salaires et charges sociales
6347,2026-04-30,NULL,11,4125.72,CARTE,VALIDE,Dépense Transport et logistique
6348,2026-05-01,39,3,319.23,CHEQUE,VALIDE,Facture F-2026-68249
6349,2026-05-01,6,1,3082.24,MOBILE_MONEY,EN_ATTENTE,Facture F-2026-13795
6350,2026-05-01,51,3,270.31,ESPECES,VALIDE,Facture F-2026-09526
6351,2026-05-01,4,3,386.52,MOBILE_MONEY,VALIDE,Facture F-2026-31465
6352,2026-05-01,61,2,1222.66,CARTE,VALIDE,Facture F-2026-01037
6353,2026-05-01,NULL,11,4196.64,ESPECES,VALIDE,Dépense Transport et logistique
6354,2026-05-01,NULL,8,6026.87,MOBILE_MONEY,VALIDE,Dépense Marketing et publicité
6355,2026-05-01,NULL,11,5418.45,MOBILE_MONEY,VALIDE,Dépense Transport et logistique
6356,2026-05-02,46,1,1262.32,CHEQUE,EN_ATTENTE,Facture F-2026-67680
6357,2026-05-02,63,1,2221.49,CHEQUE,VALIDE,Facture F-2026-38202
6358,2026-05-02,26,4,1061.08,CHEQUE,VALIDE,Facture F-2026-91105
6359,2026-05-02,31,5,1297.52,CARTE,VALIDE,Facture F-2026-83457
6360,2026-05-02,53,3,318.94,MOBILE_MONEY,VALIDE,Facture F-2026-46041
6361,2026-05-02,54,1,4241.18,ESPECES,VALIDE,Facture F-2026-84903
6362,2026-05-02,33,1,3914.24,VIREMENT,EN_ATTENTE,Facture F-2026-95219
6363,2026-05-02,NULL,11,896.53,VIREMENT,VALIDE,Dépense Transport et logistique
6364,2026-05-02,NULL,15,644.70,ESPECES,VALIDE,Dépense Intérêts et frais bancaires
6365,2026-05-03,35,3,68.65,CHEQUE,VALIDE,Facture F-2026-77744
6366,2026-05-03,10,1,3777.72,VIREMENT,VALIDE,Facture F-2026-26747
6367,2026-05-03,56,5,870.24,MOBILE_MONEY,VALIDE,Facture F-2026-02716
6368,2026-05-03,NULL,12,632.66,ESPECES,VALIDE,Dépense Assurances
6369,2026-05-03,NULL,11,3331.22,MOBILE_MONEY,VALIDE,Dépense Transport et logistique
6370,2026-05-03,NULL,6,19290.87,ESPECES,VALIDE,Dépense Salaires et charges sociales
6371,2026-05-03,NULL,11,2323.91,ESPECES,VALIDE,Dépense Transport et logistique
6372,2026-05-04,54,3,221.17,VIREMENT,VALIDE,Facture F-2026-98250
6373,2026-05-04,18,2,1461.32,MOBILE_MONEY,VALIDE,Facture F-2026-26747
6374,2026-05-04,1,3,183.49,CARTE,VALIDE,Facture F-2026-50976
6375,2026-05-04,5,1,555.80,VIREMENT,VALIDE,Facture F-2026-17389
6376,2026-05-04,NULL,13,4339.03,ESPECES,VALIDE,Dépense Impôts et taxes
6377,2026-05-05,1,1,6188.24,MOBILE_MONEY,VALIDE,Facture F-2026-83117
6378,2026-05-05,37,1,6058.56,CHEQUE,EN_ATTENTE,Facture F-2026-48170
6379,2026-05-05,22,1,1744.33,CHEQUE,VALIDE,Facture F-2026-11885
6380,2026-05-05,NULL,9,318.90,CARTE,VALIDE,Dépense Fournitures et consommables
6381,2026-05-05,NULL,10,576.92,VIREMENT,VALIDE,Dépense Énergie et eau
6382,2026-05-05,NULL,13,1892.53,CARTE,VALIDE,Dépense Impôts et taxes
6383,2026-05-05,NULL,15,756.60,ESPECES,VALIDE,Dépense Intérêts et frais bancaires
6384,2026-05-06,10,2,217.69,VIREMENT,VALIDE,Facture F-2026-13511
6385,2026-05-06,31,5,785.21,CHEQUE,VALIDE,Facture F-2026-75087
6386,2026-05-06,2,4,377.37,ESPECES,VALIDE,Facture F-2026-19089
6387,2026-05-06,31,2,1600.69,ESPECES,VALIDE,Facture F-2026-04909
6388,2026-05-06,64,4,207.70,ESPECES,VALIDE,Facture F-2026-88154
6389,2026-05-06,NULL,6,12609.44,VIREMENT,VALIDE,Dépense Salaires et charges sociales
6390,2026-05-06,NULL,10,81.14,MOBILE_MONEY,VALIDE,Dépense Énergie et eau
6391,2026-05-07,16,1,6954.69,CHEQUE,VALIDE,Facture F-2026-19228
6392,2026-05-07,21,5,1069.74,CARTE,VALIDE,Facture F-2026-47790
6393,2026-05-07,42,1,1760.40,CARTE,VALIDE,Facture F-2026-67052
6394,2026-05-07,16,5,1045.63,VIREMENT,VALIDE,Facture F-2026-52833
6395,2026-05-07,37,5,676.36,ESPECES,VALIDE,Facture F-2026-63579
6396,2026-05-07,39,4,1094.21,MOBILE_MONEY,VALIDE,Facture F-2026-82020
6397,2026-05-07,32,5,867.11,VIREMENT,VALIDE,Facture F-2026-09531
6398,2026-05-07,NULL,7,1984.93,MOBILE_MONEY,VALIDE,Dépense Loyers et immobilier
6399,2026-05-07,NULL,12,1371.95,ESPECES,VALIDE,Dépense Assurances
6400,2026-05-08,11,4,954.41,VIREMENT,VALIDE,Facture F-2026-55592
6401,2026-05-08,30,3,444.28,CHEQUE,VALIDE,Facture F-2026-48747
6402,2026-05-08,3,5,894.52,CARTE,VALIDE,Facture F-2026-43457
6403,2026-05-08,NULL,10,208.68,CARTE,VALIDE,Dépense Énergie et eau
6404,2026-05-08,NULL,13,2829.68,CARTE,VALIDE,Dépense Impôts et taxes
6405,2026-05-08,NULL,9,349.92,VIREMENT,VALIDE,Dépense Fournitures et consommables
6406,2026-05-08,NULL,8,1321.25,ESPECES,VALIDE,Dépense Marketing et publicité
6407,2026-05-09,13,1,6705.93,MOBILE_MONEY,VALIDE,Facture F-2026-29050
6408,2026-05-09,16,5,1147.59,VIREMENT,VALIDE,Facture F-2026-22206
6409,2026-05-09,62,1,3003.53,MOBILE_MONEY,VALIDE,Facture F-2026-99443
6410,2026-05-09,42,1,6139.29,VIREMENT,VALIDE,Facture F-2026-41736
6411,2026-05-09,NULL,7,679.50,VIREMENT,VALIDE,Dépense Loyers et immobilier
6412,2026-05-09,NULL,7,4172.02,CARTE,VALIDE,Dépense Loyers et immobilier
6413,2026-05-10,42,2,447.08,VIREMENT,VALIDE,Facture F-2026-23803
6414,2026-05-10,27,4,372.93,MOBILE_MONEY,VALIDE,Facture F-2026-04789
6415,2026-05-10,62,1,5030.39,VIREMENT,VALIDE,Facture F-2026-97292
6416,2026-05-10,NULL,7,2743.13,MOBILE_MONEY,EN_ATTENTE,Dépense Loyers et immobilier
6417,2026-05-10,NULL,15,348.43,CARTE,VALIDE,Dépense Intérêts et frais bancaires
6418,2026-05-11,26,5,572.81,VIREMENT,VALIDE,Facture F-2026-83500
6419,2026-05-11,33,4,898.85,CHEQUE,VALIDE,Facture F-2026-20846
6420,2026-05-11,10,5,1339.30,CHEQUE,VALIDE,Facture F-2026-69001
6421,2026-05-11,20,3,84.23,CARTE,VALIDE,Facture F-2026-00957
6422,2026-05-11,64,2,1503.46,MOBILE_MONEY,VALIDE,Facture F-2026-04588
6423,2026-05-11,NULL,14,1383.16,MOBILE_MONEY,VALIDE,Dépense Informatique et logiciels
6424,2026-05-11,NULL,11,3089.91,VIREMENT,VALIDE,Dépense Transport et logistique
6425,2026-05-12,33,5,1114.42,CARTE,VALIDE,Facture F-2026-47379
6426,2026-05-12,27,2,2107.68,CHEQUE,VALIDE,Facture F-2026-09764
6427,2026-05-12,28,5,662.30,CARTE,VALIDE,Facture F-2026-86168
6428,2026-05-12,14,4,942.68,CARTE,VALIDE,Facture F-2026-86612
6429,2026-05-12,54,5,877.07,VIREMENT,EN_ATTENTE,Facture F-2026-91909
6430,2026-05-12,61,2,1427.87,MOBILE_MONEY,VALIDE,Facture F-2026-58469
6431,2026-05-12,25,1,6015.93,MOBILE_MONEY,VALIDE,Facture F-2026-03199
6432,2026-05-12,NULL,15,323.46,ESPECES,VALIDE,Dépense Intérêts et frais bancaires
6433,2026-05-12,NULL,12,2694.75,VIREMENT,VALIDE,Dépense Assurances
6434,2026-05-13,60,3,387.89,CHEQUE,VALIDE,Facture F-2026-02299
6435,2026-05-13,37,2,1857.37,CHEQUE,VALIDE,Facture F-2026-94032
6436,2026-05-13,38,4,1024.55,ESPECES,VALIDE,Facture F-2026-19831
6437,2026-05-13,48,2,1977.57,ESPECES,VALIDE,Facture F-2026-27861
6438,2026-05-13,59,1,874.26,MOBILE_MONEY,VALIDE,Facture F-2026-69412
6439,2026-05-13,62,2,438.33,ESPECES,VALIDE,Facture F-2026-72832
6440,2026-05-13,10,2,2035.65,VIREMENT,VALIDE,Facture F-2026-66107
6441,2026-05-13,9,1,4385.39,CARTE,VALIDE,Facture F-2026-71777
6442,2026-05-13,NULL,10,1123.24,ESPECES,VALIDE,Dépense Énergie et eau
6443,2026-05-13,NULL,15,444.37,MOBILE_MONEY,VALIDE,Dépense Intérêts et frais bancaires
6444,2026-05-13,NULL,15,568.83,ESPECES,VALIDE,Dépense Intérêts et frais bancaires
6445,2026-05-14,4,1,7219.57,CARTE,VALIDE,Facture F-2026-17536
6446,2026-05-14,35,3,207.25,MOBILE_MONEY,VALIDE,Facture F-2026-24606
6447,2026-05-14,44,1,1300.33,ESPECES,VALIDE,Facture F-2026-21354
6448,2026-05-14,10,3,85.33,MOBILE_MONEY,VALIDE,Facture F-2026-54895
6449,2026-05-14,38,5,753.01,ESPECES,VALIDE,Facture F-2026-21848
6450,2026-05-14,8,5,1194.72,ESPECES,VALIDE,Facture F-2026-04768
6451,2026-05-14,53,5,393.64,ESPECES,VALIDE,Facture F-2026-07512
6452,2026-05-14,21,3,82.82,CHEQUE,VALIDE,Facture F-2026-75674
6453,2026-05-14,NULL,12,1761.10,MOBILE_MONEY,VALIDE,Dépense Assurances
6454,2026-05-15,12,1,3032.41,CARTE,EN_ATTENTE,Facture F-2026-10287
6455,2026-05-15,31,2,754.95,VIREMENT,VALIDE,Facture F-2026-88493
6456,2026-05-15,11,1,2648.78,CARTE,VALIDE,Facture F-2026-21874
6457,2026-05-15,56,1,7093.05,CHEQUE,VALIDE,Facture F-2026-25822
6458,2026-05-15,34,2,1563.06,CARTE,VALIDE,Facture F-2026-82303
6459,2026-05-15,NULL,13,4585.57,MOBILE_MONEY,VALIDE,Dépense Impôts et taxes
6460,2026-05-15,NULL,7,864.17,VIREMENT,EN_ATTENTE,Dépense Loyers et immobilier
6461,2026-05-15,NULL,6,4649.20,MOBILE_MONEY,VALIDE,Dépense Salaires et charges sociales
6462,2026-05-16,54,2,1094.68,ESPECES,VALIDE,Facture F-2026-00798
6463,2026-05-16,61,2,1110.86,VIREMENT,VALIDE,Facture F-2026-65877
6464,2026-05-16,14,4,340.14,CHEQUE,VALIDE,Facture F-2026-34197
6465,2026-05-16,11,3,243.69,CARTE,VALIDE,Facture F-2026-72077
6466,2026-05-16,19,1,1719.53,ESPECES,VALIDE,Facture F-2026-88964
6467,2026-05-16,NULL,10,202.97,VIREMENT,VALIDE,Dépense Énergie et eau
6468,2026-05-17,14,4,1018.72,CHEQUE,VALIDE,Facture F-2026-06094
6469,2026-05-17,28,1,5915.30,ESPECES,VALIDE,Facture F-2026-42217
6470,2026-05-17,41,2,209.90,MOBILE_MONEY,VALIDE,Facture F-2026-93848
6471,2026-05-17,45,4,508.78,ESPECES,VALIDE,Facture F-2026-09765
6472,2026-05-17,46,2,836.08,ESPECES,VALIDE,Facture F-2026-68429
6473,2026-05-17,NULL,15,629.42,CARTE,VALIDE,Dépense Intérêts et frais bancaires
6474,2026-05-18,13,4,244.44,VIREMENT,VALIDE,Facture F-2026-30668
6475,2026-05-18,32,4,613.18,MOBILE_MONEY,VALIDE,Facture F-2026-74478
6476,2026-05-18,51,3,315.20,CHEQUE,VALIDE,Facture F-2026-70554
6477,2026-05-18,37,4,795.72,MOBILE_MONEY,VALIDE,Facture F-2026-93887
6478,2026-05-18,35,5,394.66,MOBILE_MONEY,VALIDE,Facture F-2026-82542
6479,2026-05-18,49,2,2186.64,MOBILE_MONEY,VALIDE,Facture F-2026-87304
6480,2026-05-18,34,5,432.12,MOBILE_MONEY,VALIDE,Facture F-2026-24787
6481,2026-05-18,NULL,15,793.78,ESPECES,VALIDE,Dépense Intérêts et frais bancaires
6482,2026-05-18,NULL,12,494.38,CARTE,VALIDE,Dépense Assurances
6483,2026-05-18,NULL,6,18568.77,MOBILE_MONEY,VALIDE,Dépense Salaires et charges sociales
6484,2026-05-19,14,1,500.33,CHEQUE,VALIDE,Facture F-2026-69647
6485,2026-05-19,25,2,206.43,ESPECES,VALIDE,Facture F-2026-99435
6486,2026-05-19,6,4,816.01,VIREMENT,VALIDE,Facture F-2026-65975
6487,2026-05-19,2,5,408.32,MOBILE_MONEY,VALIDE,Facture F-2026-87849
6488,2026-05-19,14,1,4184.76,ESPECES,VALIDE,Facture F-2026-50157
6489,2026-05-19,10,2,1744.75,MOBILE_MONEY,VALIDE,Facture F-2026-16703
6490,2026-05-19,NULL,15,436.79,VIREMENT,VALIDE,Dépense Intérêts et frais bancaires
6491,2026-05-20,33,4,658.42,ESPECES,VALIDE,Facture F-2026-49886
6492,2026-05-20,29,1,5138.99,CHEQUE,VALIDE,Facture F-2026-05262
6493,2026-05-20,62,4,1036.76,CARTE,VALIDE,Facture F-2026-62840
6494,2026-05-20,2,3,196.53,MOBILE_MONEY,VALIDE,Facture F-2026-51723
6495,2026-05-20,19,3,337.14,ESPECES,VALIDE,Facture F-2026-70507
6496,2026-05-20,38,1,3914.60,VIREMENT,VALIDE,Facture F-2026-89057
6497,2026-05-20,NULL,6,3903.55,VIREMENT,VALIDE,Dépense Salaires et charges sociales
6498,2026-05-21,54,4,965.52,ESPECES,VALIDE,Facture F-2026-43331
6499,2026-05-21,19,4,497.92,VIREMENT,VALIDE,Facture F-2026-07639
6500,2026-05-21,NULL,12,1349.35,VIREMENT,VALIDE,Dépense Assurances
6501,2026-05-21,NULL,15,185.43,ESPECES,EN_ATTENTE,Dépense Intérêts et frais bancaires
6502,2026-05-21,NULL,10,1718.62,MOBILE_MONEY,VALIDE,Dépense Énergie et eau
6503,2026-05-21,NULL,13,1376.25,CARTE,VALIDE,Dépense Impôts et taxes
6504,2026-05-22,50,5,430.59,CHEQUE,VALIDE,Facture F-2026-09825
6505,2026-05-22,20,3,433.70,ESPECES,EN_ATTENTE,Facture F-2026-79270
6506,2026-05-22,8,4,713.10,ESPECES,VALIDE,Facture F-2026-88362
6507,2026-05-22,50,3,194.67,ESPECES,EN_ATTENTE,Facture F-2026-79480
6508,2026-05-22,NULL,11,4747.71,VIREMENT,VALIDE,Dépense Transport et logistique
6509,2026-05-22,NULL,14,1870.23,VIREMENT,VALIDE,Dépense Informatique et logiciels
6510,2026-05-23,31,4,634.51,ESPECES,VALIDE,Facture F-2026-36904
6511,2026-05-23,6,1,2815.02,CHEQUE,VALIDE,Facture F-2026-67898
6512,2026-05-23,35,5,1431.74,MOBILE_MONEY,VALIDE,Facture F-2026-52974
6513,2026-05-23,59,2,1401.15,MOBILE_MONEY,VALIDE,Facture F-2026-51765
6514,2026-05-23,NULL,8,1108.39,VIREMENT,VALIDE,Dépense Marketing et publicité
6515,2026-05-23,NULL,6,18323.52,CARTE,VALIDE,Dépense Salaires et charges sociales
6516,2026-05-24,2,2,1120.63,MOBILE_MONEY,VALIDE,Facture F-2026-75198
6517,2026-05-24,12,3,224.63,CHEQUE,VALIDE,Facture F-2026-37696
6518,2026-05-24,63,1,5862.12,CARTE,VALIDE,Facture F-2026-36982
6519,2026-05-24,NULL,11,2021.14,VIREMENT,VALIDE,Dépense Transport et logistique
6520,2026-05-24,NULL,11,669.65,MOBILE_MONEY,VALIDE,Dépense Transport et logistique
6521,2026-05-24,NULL,13,5024.80,MOBILE_MONEY,VALIDE,Dépense Impôts et taxes
6522,2026-05-25,42,2,976.54,CHEQUE,VALIDE,Facture F-2026-62565
6523,2026-05-25,20,1,3384.52,ESPECES,EN_ATTENTE,Facture F-2026-85651
6524,2026-05-25,59,4,327.36,CARTE,VALIDE,Facture F-2026-27193
6525,2026-05-25,5,1,6346.85,CARTE,VALIDE,Facture F-2026-58919
6526,2026-05-25,51,3,190.92,VIREMENT,VALIDE,Facture F-2026-03004
6527,2026-05-25,NULL,11,4171.40,MOBILE_MONEY,VALIDE,Dépense Transport et logistique
6528,2026-05-25,NULL,11,2834.58,VIREMENT,VALIDE,Dépense Transport et logistique
6529,2026-05-26,20,1,2112.80,ESPECES,VALIDE,Facture F-2026-02679
6530,2026-05-26,48,2,1278.80,CHEQUE,VALIDE,Facture F-2026-14434
6531,2026-05-26,49,3,213.54,CHEQUE,VALIDE,Facture F-2026-50055
6532,2026-05-26,55,1,653.99,MOBILE_MONEY,VALIDE,Facture F-2026-84939
6533,2026-05-26,1,3,257.50,CARTE,VALIDE,Facture F-2026-07753
6534,2026-05-26,NULL,8,498.97,ESPECES,VALIDE,Dépense Marketing et publicité
6535,2026-05-26,NULL,9,2195.90,VIREMENT,VALIDE,Dépense Fournitures et consommables
6536,2026-05-26,NULL,14,4476.91,VIREMENT,VALIDE,Dépense Informatique et logiciels
6537,2026-05-27,19,4,563.82,MOBILE_MONEY,VALIDE,Facture F-2026-14419
6538,2026-05-27,60,1,2902.13,CHEQUE,VALIDE,Facture F-2026-08748
6539,2026-05-27,35,4,557.22,CHEQUE,VALIDE,Facture F-2026-17367
6540,2026-05-27,39,2,760.18,CARTE,VALIDE,Facture F-2026-62064
6541,2026-05-27,58,5,981.81,CARTE,VALIDE,Facture F-2026-72036
6542,2026-05-27,NULL,9,1177.28,MOBILE_MONEY,VALIDE,Dépense Fournitures et consommables
6543,2026-05-27,NULL,8,2275.04,ESPECES,VALIDE,Dépense Marketing et publicité
6544,2026-05-27,NULL,7,2277.63,ESPECES,VALIDE,Dépense Loyers et immobilier
6545,2026-05-28,2,3,227.59,ESPECES,VALIDE,Facture F-2026-11219
6546,2026-05-28,23,1,2668.40,MOBILE_MONEY,VALIDE,Facture F-2026-77911
6547,2026-05-28,56,4,538.79,MOBILE_MONEY,EN_ATTENTE,Facture F-2026-23829
6548,2026-05-28,16,5,537.35,CHEQUE,VALIDE,Facture F-2026-39489
6549,2026-05-28,55,5,1247.26,MOBILE_MONEY,VALIDE,Facture F-2026-18710
6550,2026-05-28,52,3,257.02,MOBILE_MONEY,VALIDE,Facture F-2026-93291
6551,2026-05-28,16,4,554.55,CARTE,VALIDE,Facture F-2026-04807
6552,2026-05-28,29,4,212.59,CHEQUE,VALIDE,Facture F-2026-14051
6553,2026-05-28,NULL,10,1082.49,CARTE,VALIDE,Dépense Énergie et eau
6554,2026-05-28,NULL,10,571.06,MOBILE_MONEY,VALIDE,Dépense Énergie et eau
6555,2026-05-28,NULL,7,1829.12,ESPECES,VALIDE,Dépense Loyers et immobilier
6556,2026-05-29,37,5,1478.34,CARTE,VALIDE,Facture F-2026-34856
6557,2026-05-29,42,3,284.95,CARTE,VALIDE,Facture F-2026-91671
6558,2026-05-29,32,5,1330.27,MOBILE_MONEY,VALIDE,Facture F-2026-56880
6559,2026-05-29,NULL,11,2651.42,ESPECES,VALIDE,Dépense Transport et logistique
6560,2026-05-30,21,5,1357.23,MOBILE_MONEY,VALIDE,Facture F-2026-63400
6561,2026-05-30,10,1,5460.85,CARTE,VALIDE,Facture F-2026-75938
6562,2026-05-30,4,1,790.92,CARTE,VALIDE,Facture F-2026-49586
6563,2026-05-30,39,1,6768.24,CHEQUE,VALIDE,Facture F-2026-61203
6564,2026-05-30,48,2,1635.50,CHEQUE,VALIDE,Facture F-2026-03100
6565,2026-05-30,NULL,8,6893.13,MOBILE_MONEY,EN_ATTENTE,Dépense Marketing et publicité
6566,2026-05-30,NULL,13,2025.24,VIREMENT,VALIDE,Dépense Impôts et taxes
6567,2026-05-31,35,1,2799.86,CARTE,VALIDE,Facture F-2026-79133
6568,2026-05-31,21,5,1200.20,CHEQUE,VALIDE,Facture F-2026-78479
6569,2026-05-31,23,1,3923.32,MOBILE_MONEY,VALIDE,Facture F-2026-85214
6570,2026-05-31,NULL,9,1965.25,VIREMENT,VALIDE,Dépense Fournitures et consommables
6571,2026-05-31,NULL,8,2333.89,MOBILE_MONEY,VALIDE,Dépense Marketing et publicité
6572,2026-06-01,26,4,992.31,MOBILE_MONEY,VALIDE,Facture F-2026-08854
6573,2026-06-01,59,1,3122.58,CHEQUE,VALIDE,Facture F-2026-41653
6574,2026-06-01,33,4,581.84,CHEQUE,VALIDE,Facture F-2026-60059
6575,2026-06-01,23,2,238.39,CARTE,VALIDE,Facture F-2026-67478
6576,2026-06-01,NULL,6,1391.55,CARTE,VALIDE,Dépense Salaires et charges sociales
6577,2026-06-01,NULL,9,899.37,ESPECES,VALIDE,Dépense Fournitures et consommables
6578,2026-06-02,59,5,438.34,CHEQUE,VALIDE,Facture F-2026-33721
6579,2026-06-02,46,5,1124.13,ESPECES,VALIDE,Facture F-2026-50111
6580,2026-06-02,30,5,692.48,CARTE,VALIDE,Facture F-2026-34169
6581,2026-06-02,NULL,15,447.65,MOBILE_MONEY,VALIDE,Dépense Intérêts et frais bancaires
6582,2026-06-02,NULL,14,4094.24,MOBILE_MONEY,VALIDE,Dépense Informatique et logiciels
6583,2026-06-02,NULL,9,2392.89,VIREMENT,VALIDE,Dépense Fournitures et consommables
6584,2026-06-02,NULL,14,1581.67,CARTE,VALIDE,Dépense Informatique et logiciels
6585,2026-06-03,60,3,430.83,CARTE,EN_ATTENTE,Facture F-2026-68975
6586,2026-06-03,6,2,1692.30,VIREMENT,EN_ATTENTE,Facture F-2026-06289
6587,2026-06-03,23,1,3564.35,CARTE,VALIDE,Facture F-2026-58575
6588,2026-06-03,3,5,676.34,CARTE,VALIDE,Facture F-2026-39087
6589,2026-06-03,32,1,661.39,CARTE,VALIDE,Facture F-2026-68268
6590,2026-06-03,43,3,310.51,ESPECES,VALIDE,Facture F-2026-82152
6591,2026-06-03,2,1,6231.90,MOBILE_MONEY,VALIDE,Facture F-2026-58616
6592,2026-06-03,1,5,474.10,VIREMENT,VALIDE,Facture F-2026-32963
6593,2026-06-03,NULL,11,4938.53,MOBILE_MONEY,VALIDE,Dépense Transport et logistique
6594,2026-06-04,23,1,5284.62,MOBILE_MONEY,VALIDE,Facture F-2026-89622
6595,2026-06-04,25,4,232.36,VIREMENT,VALIDE,Facture F-2026-64826
6596,2026-06-04,26,1,5996.05,CARTE,VALIDE,Facture F-2026-64370
6597,2026-06-04,35,2,1708.13,MOBILE_MONEY,VALIDE,Facture F-2026-61103
6598,2026-06-04,18,2,1517.01,ESPECES,VALIDE,Facture F-2026-29873
6599,2026-06-04,55,5,689.13,MOBILE_MONEY,VALIDE,Facture F-2026-43126
6600,2026-06-04,NULL,9,394.12,MOBILE_MONEY,VALIDE,Dépense Fournitures et consommables
6601,2026-06-04,NULL,8,771.05,CARTE,VALIDE,Dépense Marketing et publicité
6602,2026-06-04,NULL,12,928.87,ESPECES,VALIDE,Dépense Assurances
6603,2026-06-05,15,1,5394.06,CHEQUE,VALIDE,Facture F-2026-67745
6604,2026-06-05,58,4,278.36,ESPECES,VALIDE,Facture F-2026-57994
6605,2026-06-05,33,4,539.61,CHEQUE,VALIDE,Facture F-2026-28873
6606,2026-06-05,52,4,982.72,CARTE,VALIDE,Facture F-2026-27188
6607,2026-06-05,NULL,12,1777.63,ESPECES,VALIDE,Dépense Assurances
6608,2026-06-05,NULL,8,6842.08,CARTE,VALIDE,Dépense Marketing et publicité
6609,2026-06-05,NULL,15,165.64,CARTE,VALIDE,Dépense Intérêts et frais bancaires
6610,2026-06-05,NULL,8,5973.47,CARTE,VALIDE,Dépense Marketing et publicité
6611,2026-06-06,10,2,213.14,CHEQUE,VALIDE,Facture F-2026-92979
6612,2026-06-06,41,3,309.52,CHEQUE,VALIDE,Facture F-2026-01575
6613,2026-06-06,24,4,990.72,CHEQUE,VALIDE,Facture F-2026-53437
6614,2026-06-06,NULL,8,6560.96,MOBILE_MONEY,VALIDE,Dépense Marketing et publicité
6615,2026-06-07,59,2,1954.32,CHEQUE,VALIDE,Facture F-2026-41570
6616,2026-06-07,42,1,5363.69,ESPECES,VALIDE,Facture F-2026-02466
6617,2026-06-07,9,1,4076.97,CARTE,VALIDE,Facture F-2026-02452
6618,2026-06-07,22,3,130.26,ESPECES,VALIDE,Facture F-2026-48622
6619,2026-06-07,55,2,1011.52,CARTE,VALIDE,Facture F-2026-53102
6620,2026-06-07,NULL,7,2930.90,CARTE,VALIDE,Dépense Loyers et immobilier
6621,2026-06-07,NULL,8,2635.50,CARTE,VALIDE,Dépense Marketing et publicité
6622,2026-06-08,15,4,1190.43,CARTE,VALIDE,Facture F-2026-53808
6623,2026-06-08,46,2,1567.52,MOBILE_MONEY,VALIDE,Facture F-2026-95117
6624,2026-06-08,22,2,2153.63,ESPECES,VALIDE,Facture F-2026-07541
6625,2026-06-08,46,5,986.76,CHEQUE,VALIDE,Facture F-2026-75428
6626,2026-06-08,25,3,169.40,CHEQUE,VALIDE,Facture F-2026-81193
6627,2026-06-08,9,3,108.12,VIREMENT,VALIDE,Facture F-2026-12281
6628,2026-06-08,12,3,201.85,MOBILE_MONEY,EN_ATTENTE,Facture F-2026-40945
6629,2026-06-08,NULL,7,1350.70,ESPECES,VALIDE,Dépense Loyers et immobilier
6630,2026-06-08,NULL,10,1149.63,ESPECES,VALIDE,Dépense Énergie et eau
6631,2026-06-08,NULL,11,2649.65,MOBILE_MONEY,VALIDE,Dépense Transport et logistique
6632,2026-06-08,NULL,6,11941.28,ESPECES,VALIDE,Dépense Salaires et charges sociales
6633,2026-06-09,60,5,1232.74,CARTE,VALIDE,Facture F-2026-97341
6634,2026-06-09,13,4,300.75,CARTE,VALIDE,Facture F-2026-96166
6635,2026-06-09,32,3,63.29,CARTE,VALIDE,Facture F-2026-40349
6636,2026-06-09,57,1,6159.11,MOBILE_MONEY,VALIDE,Facture F-2026-52862
6637,2026-06-09,33,4,869.02,VIREMENT,VALIDE,Facture F-2026-80009
6638,2026-06-09,57,2,1335.18,ESPECES,VALIDE,Facture F-2026-50465
6639,2026-06-09,3,1,6415.12,VIREMENT,VALIDE,Facture F-2026-67684
6640,2026-06-09,NULL,8,7248.04,MOBILE_MONEY,VALIDE,Dépense Marketing et publicité
6641,2026-06-09,NULL,10,1126.99,VIREMENT,VALIDE,Dépense Énergie et eau
6642,2026-06-10,58,1,2766.83,CHEQUE,VALIDE,Facture F-2026-58115
6643,2026-06-10,15,3,193.21,ESPECES,VALIDE,Facture F-2026-39063
6644,2026-06-10,23,1,3315.64,MOBILE_MONEY,VALIDE,Facture F-2026-00769
6645,2026-06-10,NULL,12,177.09,VIREMENT,VALIDE,Dépense Assurances
6646,2026-06-11,11,4,1176.30,VIREMENT,EN_ATTENTE,Facture F-2026-16701
6647,2026-06-11,47,4,873.34,CHEQUE,VALIDE,Facture F-2026-80916
6648,2026-06-11,29,5,614.54,CARTE,VALIDE,Facture F-2026-93148
6649,2026-06-11,44,2,1105.95,CHEQUE,EN_ATTENTE,Facture F-2026-50512
6650,2026-06-11,52,2,581.10,CARTE,VALIDE,Facture F-2026-24527
6651,2026-06-11,21,3,179.99,ESPECES,VALIDE,Facture F-2026-40275
6652,2026-06-11,NULL,8,4137.17,ESPECES,VALIDE,Dépense Marketing et publicité
6653,2026-06-11,NULL,13,498.87,ESPECES,VALIDE,Dépense Impôts et taxes
6654,2026-06-11,NULL,15,450.88,VIREMENT,VALIDE,Dépense Intérêts et frais bancaires
6655,2026-06-11,NULL,7,4345.65,ESPECES,VALIDE,Dépense Loyers et immobilier
6656,2026-06-12,16,3,237.11,MOBILE_MONEY,VALIDE,Facture F-2026-66547
6657,2026-06-12,2,3,404.01,VIREMENT,VALIDE,Facture F-2026-60512
6658,2026-06-12,53,3,233.20,CHEQUE,VALIDE,Facture F-2026-55905
6659,2026-06-12,51,5,534.04,MOBILE_MONEY,VALIDE,Facture F-2026-45497
6660,2026-06-12,26,4,883.73,CARTE,VALIDE,Facture F-2026-35863
6661,2026-06-12,44,3,342.60,CHEQUE,VALIDE,Facture F-2026-35094
6662,2026-06-12,12,2,455.20,CARTE,VALIDE,Facture F-2026-00671
6663,2026-06-12,11,5,646.17,CHEQUE,VALIDE,Facture F-2026-61043
6664,2026-06-12,NULL,15,649.52,ESPECES,VALIDE,Dépense Intérêts et frais bancaires
6665,2026-06-12,NULL,8,6677.13,CARTE,VALIDE,Dépense Marketing et publicité
6666,2026-06-13,16,3,411.51,CARTE,VALIDE,Facture F-2026-72432
6667,2026-06-13,61,4,1007.76,MOBILE_MONEY,EN_ATTENTE,Facture F-2026-05814
6668,2026-06-13,21,1,2549.64,MOBILE_MONEY,VALIDE,Facture F-2026-24107
6669,2026-06-13,32,4,682.72,ESPECES,VALIDE,Facture F-2026-33115
6670,2026-06-13,43,2,780.16,ESPECES,VALIDE,Facture F-2026-69968
6671,2026-06-13,27,4,1144.76,MOBILE_MONEY,VALIDE,Facture F-2026-54515
6672,2026-06-13,43,4,482.48,ESPECES,VALIDE,Facture F-2026-04150
6673,2026-06-13,47,3,411.49,VIREMENT,VALIDE,Facture F-2026-74921
6674,2026-06-13,NULL,14,2154.70,ESPECES,VALIDE,Dépense Informatique et logiciels
6675,2026-06-14,53,5,1082.91,VIREMENT,VALIDE,Facture F-2026-52652
6676,2026-06-14,57,1,996.22,ESPECES,VALIDE,Facture F-2026-65064
6677,2026-06-14,32,5,1234.58,CHEQUE,VALIDE,Facture F-2026-27595
6678,2026-06-14,1,1,4101.20,CARTE,VALIDE,Facture F-2026-69062
6679,2026-06-14,40,2,205.98,VIREMENT,VALIDE,Facture F-2026-82846
6680,2026-06-14,NULL,9,1514.45,MOBILE_MONEY,VALIDE,Dépense Fournitures et consommables
6681,2026-06-14,NULL,15,90.00,VIREMENT,VALIDE,Dépense Intérêts et frais bancaires
6682,2026-06-15,37,4,837.61,MOBILE_MONEY,VALIDE,Facture F-2026-78190
6683,2026-06-15,36,5,1490.11,ESPECES,VALIDE,Facture F-2026-90173
6684,2026-06-15,32,3,81.67,ESPECES,VALIDE,Facture F-2026-21010
6685,2026-06-15,54,1,6243.68,MOBILE_MONEY,VALIDE,Facture F-2026-49797
6686,2026-06-15,NULL,10,710.42,MOBILE_MONEY,VALIDE,Dépense Énergie et eau
6687,2026-06-15,NULL,11,3715.57,CARTE,EN_ATTENTE,Dépense Transport et logistique
6688,2026-06-15,NULL,8,7624.37,CARTE,VALIDE,Dépense Marketing et publicité
6689,2026-06-16,35,5,1395.57,CARTE,VALIDE,Facture F-2026-32236
6690,2026-06-16,64,5,1389.62,CARTE,VALIDE,Facture F-2026-61717
6691,2026-06-16,34,2,1668.04,ESPECES,EN_ATTENTE,Facture F-2026-80397
6692,2026-06-16,54,5,962.40,CHEQUE,VALIDE,Facture F-2026-64152
6693,2026-06-16,NULL,9,196.44,CARTE,VALIDE,Dépense Fournitures et consommables
6694,2026-06-16,NULL,10,2029.88,VIREMENT,VALIDE,Dépense Énergie et eau
6695,2026-06-16,NULL,13,4219.17,ESPECES,VALIDE,Dépense Impôts et taxes
6696,2026-06-16,NULL,10,1567.82,VIREMENT,VALIDE,Dépense Énergie et eau
6697,2026-06-17,56,1,5772.16,MOBILE_MONEY,VALIDE,Facture F-2026-77089
6698,2026-06-17,46,4,903.59,CHEQUE,VALIDE,Facture F-2026-54293
6699,2026-06-17,NULL,14,1750.83,VIREMENT,VALIDE,Dépense Informatique et logiciels
6700,2026-06-17,NULL,13,712.65,ESPECES,VALIDE,Dépense Impôts et taxes
6701,2026-06-18,11,4,632.08,VIREMENT,VALIDE,Facture F-2026-77987
6702,2026-06-18,36,5,1298.16,CHEQUE,VALIDE,Facture F-2026-44597
6703,2026-06-18,33,4,421.54,CARTE,VALIDE,Facture F-2026-53811
6704,2026-06-18,40,4,287.68,CHEQUE,VALIDE,Facture F-2026-80505
6705,2026-06-18,NULL,10,1015.77,MOBILE_MONEY,VALIDE,Dépense Énergie et eau
6706,2026-06-18,NULL,7,4289.54,MOBILE_MONEY,VALIDE,Dépense Loyers et immobilier
6707,2026-06-18,NULL,8,3104.33,VIREMENT,VALIDE,Dépense Marketing et publicité
6708,2026-06-19,18,4,213.69,VIREMENT,VALIDE,Facture F-2026-06187
6709,2026-06-19,44,5,806.73,CARTE,VALIDE,Facture F-2026-69039
6710,2026-06-19,34,1,2107.83,CARTE,VALIDE,Facture F-2026-75462
6711,2026-06-19,38,3,127.63,ESPECES,VALIDE,Facture F-2026-04777
6712,2026-06-19,52,4,809.29,ESPECES,VALIDE,Facture F-2026-80315
6713,2026-06-19,56,4,542.49,MOBILE_MONEY,VALIDE,Facture F-2026-70827
6714,2026-06-19,57,2,525.53,ESPECES,VALIDE,Facture F-2026-99415
6715,2026-06-19,27,2,613.92,ESPECES,VALIDE,Facture F-2026-28640
6716,2026-06-19,NULL,11,406.99,VIREMENT,VALIDE,Dépense Transport et logistique
6717,2026-06-19,NULL,14,4452.25,MOBILE_MONEY,VALIDE,Dépense Informatique et logiciels
6718,2026-06-20,17,4,1138.54,CHEQUE,VALIDE,Facture F-2026-32745
6719,2026-06-20,18,5,1289.27,CHEQUE,VALIDE,Facture F-2026-55453
6720,2026-06-20,36,3,215.75,CHEQUE,VALIDE,Facture F-2026-21625
6721,2026-06-20,6,3,358.12,MOBILE_MONEY,VALIDE,Facture F-2026-76709
6722,2026-06-20,6,3,448.07,MOBILE_MONEY,VALIDE,Facture F-2026-67374
6723,2026-06-20,19,4,672.29,VIREMENT,VALIDE,Facture F-2026-93150
6724,2026-06-20,40,5,801.10,VIREMENT,VALIDE,Facture F-2026-27365
6725,2026-06-20,NULL,6,10728.11,CARTE,VALIDE,Dépense Salaires et charges sociales
6726,2026-06-20,NULL,11,323.32,ESPECES,VALIDE,Dépense Transport et logistique
6727,2026-06-20,NULL,8,6838.26,CARTE,VALIDE,Dépense Marketing et publicité
6728,2026-06-21,3,4,540.59,CHEQUE,VALIDE,Facture F-2026-79796
6729,2026-06-21,43,4,611.38,CARTE,VALIDE,Facture F-2026-79884
6730,2026-06-21,NULL,6,17104.95,VIREMENT,EN_ATTENTE,Dépense Salaires et charges sociales
6731,2026-06-21,NULL,7,4042.81,ESPECES,VALIDE,Dépense Loyers et immobilier
6732,2026-06-21,NULL,15,783.40,MOBILE_MONEY,VALIDE,Dépense Intérêts et frais bancaires
6733,2026-06-21,NULL,9,1810.16,MOBILE_MONEY,VALIDE,Dépense Fournitures et consommables
6734,2026-06-22,9,4,1004.28,MOBILE_MONEY,VALIDE,Facture F-2026-07847
6735,2026-06-22,47,4,378.84,CARTE,VALIDE,Facture F-2026-05019
6736,2026-06-22,18,4,508.92,MOBILE_MONEY,VALIDE,Facture F-2026-67070
6737,2026-06-22,25,2,257.93,VIREMENT,VALIDE,Facture F-2026-86321
6738,2026-06-22,NULL,14,1359.49,MOBILE_MONEY,VALIDE,Dépense Informatique et logiciels
6739,2026-06-22,NULL,9,226.21,ESPECES,VALIDE,Dépense Fournitures et consommables
6740,2026-06-22,NULL,10,1387.29,MOBILE_MONEY,VALIDE,Dépense Énergie et eau
6741,2026-06-23,39,1,7091.06,CHEQUE,VALIDE,Facture F-2026-15851
6742,2026-06-23,9,1,2596.80,ESPECES,VALIDE,Facture F-2026-63078
6743,2026-06-23,41,1,6036.43,VIREMENT,VALIDE,Facture F-2026-89382
6744,2026-06-23,NULL,6,19622.83,MOBILE_MONEY,VALIDE,Dépense Salaires et charges sociales
6745,2026-06-23,NULL,9,2425.67,VIREMENT,VALIDE,Dépense Fournitures et consommables
6746,2026-06-23,NULL,6,17359.13,MOBILE_MONEY,VALIDE,Dépense Salaires et charges sociales
6747,2026-06-24,29,5,1152.68,VIREMENT,VALIDE,Facture F-2026-71005
6748,2026-06-24,33,1,1164.68,MOBILE_MONEY,VALIDE,Facture F-2026-08158
6749,2026-06-24,28,1,5480.35,CARTE,VALIDE,Facture F-2026-62643
6750,2026-06-24,3,5,630.02,CARTE,EN_ATTENTE,Facture F-2026-35955
6751,2026-06-24,NULL,11,2347.08,VIREMENT,VALIDE,Dépense Transport et logistique
6752,2026-06-24,NULL,10,1484.78,VIREMENT,VALIDE,Dépense Énergie et eau
6753,2026-06-24,NULL,15,53.73,ESPECES,VALIDE,Dépense Intérêts et frais bancaires
6754,2026-06-25,39,3,230.56,VIREMENT,VALIDE,Facture F-2026-52832
6755,2026-06-25,50,3,204.01,VIREMENT,VALIDE,Facture F-2026-39125
6756,2026-06-25,37,2,1670.42,CHEQUE,VALIDE,Facture F-2026-68985
6757,2026-06-25,25,4,1043.05,CHEQUE,VALIDE,Facture F-2026-68035
6758,2026-06-25,46,5,1057.69,ESPECES,VALIDE,Facture F-2026-29909
6759,2026-06-25,28,1,7118.87,CARTE,VALIDE,Facture F-2026-70501
6760,2026-06-25,NULL,15,365.80,MOBILE_MONEY,VALIDE,Dépense Intérêts et frais bancaires
6761,2026-06-25,NULL,7,1543.23,ESPECES,VALIDE,Dépense Loyers et immobilier
6762,2026-06-25,NULL,6,18339.48,MOBILE_MONEY,VALIDE,Dépense Salaires et charges sociales
6763,2026-06-25,NULL,8,1714.51,MOBILE_MONEY,VALIDE,Dépense Marketing et publicité
6764,2026-06-26,46,3,132.82,VIREMENT,VALIDE,Facture F-2026-32028
6765,2026-06-26,35,1,2822.22,ESPECES,VALIDE,Facture F-2026-17226
6766,2026-06-26,27,1,3915.65,MOBILE_MONEY,VALIDE,Facture F-2026-10900
6767,2026-06-26,41,2,2093.16,ESPECES,VALIDE,Facture F-2026-49401
6768,2026-06-26,8,1,2069.12,VIREMENT,VALIDE,Facture F-2026-42902
6769,2026-06-26,34,2,1222.06,ESPECES,VALIDE,Facture F-2026-11798
6770,2026-06-26,8,4,682.14,CHEQUE,VALIDE,Facture F-2026-16366
6771,2026-06-26,NULL,14,632.71,VIREMENT,VALIDE,Dépense Informatique et logiciels
6772,2026-06-26,NULL,11,2357.24,ESPECES,VALIDE,Dépense Transport et logistique
6773,2026-06-26,NULL,12,1740.27,VIREMENT,VALIDE,Dépense Assurances
6774,2026-06-27,20,1,2175.71,CHEQUE,VALIDE,Facture F-2026-47901
6775,2026-06-27,15,1,5509.33,ESPECES,VALIDE,Facture F-2026-35062
6776,2026-06-27,64,5,830.70,VIREMENT,VALIDE,Facture F-2026-08406
6777,2026-06-27,10,4,888.71,CHEQUE,VALIDE,Facture F-2026-22683
6778,2026-06-27,38,4,1152.19,CARTE,EN_ATTENTE,Facture F-2026-59658
6779,2026-06-27,NULL,9,842.97,ESPECES,VALIDE,Dépense Fournitures et consommables
6780,2026-06-27,NULL,12,1808.35,CARTE,VALIDE,Dépense Assurances
6781,2026-06-27,NULL,13,4518.90,VIREMENT,VALIDE,Dépense Impôts et taxes
6782,2026-06-27,NULL,11,4334.90,MOBILE_MONEY,VALIDE,Dépense Transport et logistique
6783,2026-06-28,49,5,391.84,ESPECES,VALIDE,Facture F-2026-68636
6784,2026-06-28,5,1,2520.33,CARTE,VALIDE,Facture F-2026-05441
6785,2026-06-28,54,3,191.89,CARTE,VALIDE,Facture F-2026-48837
6786,2026-06-28,8,4,624.00,MOBILE_MONEY,VALIDE,Facture F-2026-83070
6787,2026-06-28,18,5,872.71,ESPECES,VALIDE,Facture F-2026-25119
6788,2026-06-28,17,1,2249.69,MOBILE_MONEY,VALIDE,Facture F-2026-84679
6789,2026-06-28,NULL,10,656.08,VIREMENT,VALIDE,Dépense Énergie et eau
6790,2026-06-28,NULL,10,1231.88,CARTE,VALIDE,Dépense Énergie et eau
6791,2026-06-28,NULL,15,435.10,ESPECES,VALIDE,Dépense Intérêts et frais bancaires
6792,2026-06-29,26,5,703.59,ESPECES,VALIDE,Facture F-2026-66671
6793,2026-06-29,36,5,320.78,VIREMENT,VALIDE,Facture F-2026-50067
6794,2026-06-29,17,2,635.97,CHEQUE,VALIDE,Facture F-2026-66254
6795,2026-06-29,50,3,121.60,ESPECES,VALIDE,Facture F-2026-82042
6796,2026-06-29,39,5,945.63,CHEQUE,VALIDE,Facture F-2026-68391
6797,2026-06-29,NULL,12,746.68,CARTE,VALIDE,Dépense Assurances
6798,2026-06-29,NULL,14,3766.79,CARTE,VALIDE,Dépense Informatique et logiciels
6799,2026-06-29,NULL,12,465.27,VIREMENT,VALIDE,Dépense Assurances
6800,2026-06-30,50,2,2106.91,ESPECES,VALIDE,Facture F-2026-16203
6801,2026-06-30,65,4,1063.01,VIREMENT,VALIDE,Facture F-2026-90830
6802,2026-06-30,65,3,179.21,CARTE,VALIDE,Facture F-2026-84135
6803,2026-06-30,48,2,2050.70,CARTE,VALIDE,Facture F-2026-61897
6804,2026-06-30,62,1,2157.52,VIREMENT,VALIDE,Facture F-2026-97896
6805,2026-06-30,5,2,1730.93,MOBILE_MONEY,VALIDE,Facture F-2026-85661
6806,2026-06-30,NULL,13,1308.50,CARTE,VALIDE,Dépense Impôts et taxes
6807,2026-06-30,NULL,14,1071.48,CARTE,VALIDE,Dépense Informatique et logiciels
6808,2026-06-30,NULL,8,1453.06,ESPECES,EN_ATTENTE,Dépense Marketing et publicité
6809,2026-06-30,NULL,13,3753.71,ESPECES,VALIDE,Dépense Impôts et taxes
6810,2026-07-01,60,2,1907.66,VIREMENT,VALIDE,Facture F-2026-55401
6811,2026-07-01,27,2,1042.76,VIREMENT,VALIDE,Facture F-2026-54852
6812,2026-07-01,52,3,239.61,MOBILE_MONEY,VALIDE,Facture F-2026-67077
6813,2026-07-01,6,1,3230.28,CARTE,EN_ATTENTE,Facture F-2026-78404
6814,2026-07-01,57,4,584.41,ESPECES,VALIDE,Facture F-2026-36721
6815,2026-07-01,21,1,2994.79,VIREMENT,VALIDE,Facture F-2026-95983
6816,2026-07-01,11,1,5859.92,ESPECES,VALIDE,Facture F-2026-25863
6817,2026-07-01,NULL,11,662.25,VIREMENT,VALIDE,Dépense Transport et logistique
6818,2026-07-01,NULL,12,2816.15,ESPECES,VALIDE,Dépense Assurances
6819,2026-07-02,61,4,775.84,MOBILE_MONEY,VALIDE,Facture F-2026-61766
6820,2026-07-02,64,2,651.33,CARTE,VALIDE,Facture F-2026-93083
6821,2026-07-02,22,3,210.35,MOBILE_MONEY,VALIDE,Facture F-2026-32730
6822,2026-07-02,10,5,593.78,CARTE,VALIDE,Facture F-2026-06645
6823,2026-07-02,16,1,7052.20,CHEQUE,EN_ATTENTE,Facture F-2026-45992
6824,2026-07-02,52,1,6539.69,VIREMENT,VALIDE,Facture F-2026-79044
6825,2026-07-02,19,1,607.87,VIREMENT,VALIDE,Facture F-2026-10111
6826,2026-07-02,NULL,14,3761.33,MOBILE_MONEY,VALIDE,Dépense Informatique et logiciels
6827,2026-07-02,NULL,6,2581.94,VIREMENT,VALIDE,Dépense Salaires et charges sociales
6828,2026-07-02,NULL,12,2818.54,ESPECES,VALIDE,Dépense Assurances
6829,2026-07-02,NULL,9,2118.42,VIREMENT,VALIDE,Dépense Fournitures et consommables
6830,2026-07-03,27,1,4310.09,CHEQUE,VALIDE,Facture F-2026-09960
6831,2026-07-03,21,2,1405.71,ESPECES,VALIDE,Facture F-2026-04483
6832,2026-07-03,58,4,844.14,MOBILE_MONEY,VALIDE,Facture F-2026-22970
6833,2026-07-03,NULL,8,5459.57,VIREMENT,VALIDE,Dépense Marketing et publicité
6834,2026-07-04,28,5,496.82,CARTE,VALIDE,Facture F-2026-35161
6835,2026-07-04,26,5,659.18,MOBILE_MONEY,VALIDE,Facture F-2026-22111
6836,2026-07-04,6,4,368.86,ESPECES,VALIDE,Facture F-2026-30200
6837,2026-07-04,37,5,440.21,VIREMENT,VALIDE,Facture F-2026-41888
6838,2026-07-04,21,3,62.33,CHEQUE,VALIDE,Facture F-2026-91111
6839,2026-07-04,30,5,951.62,VIREMENT,VALIDE,Facture F-2026-60557
6840,2026-07-04,NULL,9,2400.67,MOBILE_MONEY,VALIDE,Dépense Fournitures et consommables
6841,2026-07-05,20,1,3480.94,CHEQUE,EN_ATTENTE,Facture F-2026-51440
6842,2026-07-05,6,2,1077.80,ESPECES,VALIDE,Facture F-2026-87955
6843,2026-07-05,1,4,1028.52,VIREMENT,VALIDE,Facture F-2026-10530
6844,2026-07-05,21,5,1247.71,MOBILE_MONEY,VALIDE,Facture F-2026-67108
6845,2026-07-05,46,2,1121.41,MOBILE_MONEY,VALIDE,Facture F-2026-66372
6846,2026-07-05,36,1,3253.32,ESPECES,VALIDE,Facture F-2026-19366
6847,2026-07-05,5,2,908.41,MOBILE_MONEY,VALIDE,Facture F-2026-25811
6848,2026-07-05,4,5,786.15,CHEQUE,VALIDE,Facture F-2026-22628
6849,2026-07-05,NULL,9,988.40,MOBILE_MONEY,VALIDE,Dépense Fournitures et consommables
6850,2026-07-05,NULL,6,6922.22,VIREMENT,VALIDE,Dépense Salaires et charges sociales
6851,2026-07-05,NULL,11,4956.97,MOBILE_MONEY,VALIDE,Dépense Transport et logistique
6852,2026-07-05,NULL,6,4973.24,CARTE,VALIDE,Dépense Salaires et charges sociales
6853,2026-07-06,6,3,318.48,ESPECES,VALIDE,Facture F-2026-63717
6854,2026-07-06,31,5,1161.75,MOBILE_MONEY,VALIDE,Facture F-2026-95414
6855,2026-07-06,20,1,3303.21,CARTE,VALIDE,Facture F-2026-42220
6856,2026-07-06,11,2,2151.70,CHEQUE,VALIDE,Facture F-2026-46300
6857,2026-07-06,11,2,1890.63,CARTE,VALIDE,Facture F-2026-77235
6858,2026-07-06,9,3,116.02,MOBILE_MONEY,VALIDE,Facture F-2026-53726
6859,2026-07-06,37,4,1121.65,MOBILE_MONEY,VALIDE,Facture F-2026-75450
6860,2026-07-06,14,1,5765.81,ESPECES,VALIDE,Facture F-2026-70725
6861,2026-07-06,NULL,10,1647.92,MOBILE_MONEY,VALIDE,Dépense Énergie et eau
6862,2026-07-07,33,5,1233.44,ESPECES,VALIDE,Facture F-2026-51564
6863,2026-07-07,54,4,260.54,VIREMENT,VALIDE,Facture F-2026-31353
6864,2026-07-07,5,5,1468.15,CARTE,VALIDE,Facture F-2026-26237
6865,2026-07-07,40,1,6041.66,CARTE,VALIDE,Facture F-2026-24148
6866,2026-07-07,38,3,243.37,VIREMENT,VALIDE,Facture F-2026-61633
6867,2026-07-07,NULL,8,3301.40,VIREMENT,VALIDE,Dépense Marketing et publicité
6868,2026-07-07,NULL,14,4155.72,ESPECES,VALIDE,Dépense Informatique et logiciels
6869,2026-07-07,NULL,11,4608.00,CARTE,VALIDE,Dépense Transport et logistique
6870,2026-07-08,32,4,780.88,ESPECES,VALIDE,Facture F-2026-23833
6871,2026-07-08,3,4,1165.86,ESPECES,VALIDE,Facture F-2026-41456
6872,2026-07-08,40,3,194.42,MOBILE_MONEY,VALIDE,Facture F-2026-31541
6873,2026-07-08,37,3,181.18,MOBILE_MONEY,VALIDE,Facture F-2026-47824
6874,2026-07-08,NULL,13,4847.69,ESPECES,VALIDE,Dépense Impôts et taxes
6875,2026-07-09,62,2,1871.79,VIREMENT,VALIDE,Facture F-2026-21081
6876,2026-07-09,12,3,141.99,CARTE,VALIDE,Facture F-2026-63201
6877,2026-07-09,20,1,3403.67,ESPECES,VALIDE,Facture F-2026-05649
6878,2026-07-09,29,5,799.49,MOBILE_MONEY,VALIDE,Facture F-2026-01344
6879,2026-07-09,45,4,389.91,CHEQUE,VALIDE,Facture F-2026-44044
6880,2026-07-09,16,4,284.70,VIREMENT,VALIDE,Facture F-2026-85092
6881,2026-07-09,NULL,10,1028.91,ESPECES,VALIDE,Dépense Énergie et eau
6882,2026-07-09,NULL,7,2997.89,MOBILE_MONEY,VALIDE,Dépense Loyers et immobilier
6883,2026-07-09,NULL,6,9263.94,ESPECES,VALIDE,Dépense Salaires et charges sociales
6884,2026-07-10,46,2,1149.81,VIREMENT,VALIDE,Facture F-2026-78135
6885,2026-07-10,23,4,714.53,VIREMENT,EN_ATTENTE,Facture F-2026-92453
6886,2026-07-10,24,3,250.42,MOBILE_MONEY,VALIDE,Facture F-2026-54836
6887,2026-07-10,16,2,281.15,CARTE,VALIDE,Facture F-2026-03318
6888,2026-07-10,9,5,412.65,VIREMENT,VALIDE,Facture F-2026-53671
6889,2026-07-10,39,5,846.34,VIREMENT,VALIDE,Facture F-2026-41736
6890,2026-07-10,14,2,565.03,CHEQUE,VALIDE,Facture F-2026-16572
6891,2026-07-10,43,5,1269.71,CHEQUE,VALIDE,Facture F-2026-25483
6892,2026-07-10,NULL,6,17152.62,CARTE,VALIDE,Dépense Salaires et charges sociales
6893,2026-07-10,NULL,11,903.80,VIREMENT,VALIDE,Dépense Transport et logistique
6894,2026-07-10,NULL,7,2429.29,VIREMENT,VALIDE,Dépense Loyers et immobilier
6895,2026-07-10,NULL,15,654.20,VIREMENT,VALIDE,Dépense Intérêts et frais bancaires
6896,2026-07-11,52,4,296.63,CARTE,VALIDE,Facture F-2026-65972
6897,2026-07-11,60,5,1069.16,CARTE,VALIDE,Facture F-2026-22010
6898,2026-07-11,57,4,437.66,VIREMENT,EN_ATTENTE,Facture F-2026-87393
6899,2026-07-11,NULL,7,2088.72,CARTE,EN_ATTENTE,Dépense Loyers et immobilier
6900,2026-07-12,23,1,2050.95,MOBILE_MONEY,VALIDE,Facture F-2026-53126
6901,2026-07-12,14,5,520.24,CHEQUE,VALIDE,Facture F-2026-19146
6902,2026-07-12,9,5,1308.30,ESPECES,EN_ATTENTE,Facture F-2026-77880
6903,2026-07-12,25,4,837.35,ESPECES,VALIDE,Facture F-2026-49995
6904,2026-07-12,39,4,329.86,CHEQUE,VALIDE,Facture F-2026-77671
6905,2026-07-12,NULL,13,285.52,CARTE,VALIDE,Dépense Impôts et taxes
6906,2026-07-13,20,3,448.07,CARTE,VALIDE,Facture F-2026-18559
6907,2026-07-13,10,5,1374.58,ESPECES,VALIDE,Facture F-2026-47418
6908,2026-07-13,2,3,303.39,MOBILE_MONEY,VALIDE,Facture F-2026-46025
6909,2026-07-13,64,4,1101.30,VIREMENT,VALIDE,Facture F-2026-18267
6910,2026-07-13,56,5,1073.23,CARTE,VALIDE,Facture F-2026-14516
6911,2026-07-13,62,5,401.32,MOBILE_MONEY,VALIDE,Facture F-2026-00268
6912,2026-07-13,35,3,103.95,CHEQUE,VALIDE,Facture F-2026-61200
6913,2026-07-13,NULL,13,4325.60,CARTE,VALIDE,Dépense Impôts et taxes
6914,2026-07-13,NULL,15,245.20,MOBILE_MONEY,VALIDE,Dépense Intérêts et frais bancaires
6915,2026-07-13,NULL,6,15372.39,ESPECES,VALIDE,Dépense Salaires et charges sociales
6916,2026-07-13,NULL,9,2072.72,MOBILE_MONEY,VALIDE,Dépense Fournitures et consommables
6917,2026-07-14,46,2,1882.49,VIREMENT,VALIDE,Facture F-2026-32623
6918,2026-07-14,20,2,1662.06,ESPECES,VALIDE,Facture F-2026-60433
6919,2026-07-14,13,5,1410.23,ESPECES,VALIDE,Facture F-2026-74544
6920,2026-07-14,60,4,900.34,MOBILE_MONEY,VALIDE,Facture F-2026-61805
6921,2026-07-14,7,2,820.83,CARTE,VALIDE,Facture F-2026-56642
6922,2026-07-14,NULL,8,1646.47,VIREMENT,VALIDE,Dépense Marketing et publicité
6923,2026-07-14,NULL,11,6135.54,CARTE,VALIDE,Dépense Transport et logistique
6924,2026-07-15,50,3,195.19,MOBILE_MONEY,VALIDE,Facture F-2026-19274
6925,2026-07-15,50,1,4680.65,MOBILE_MONEY,VALIDE,Facture F-2026-65939
6926,2026-07-15,58,3,325.00,CHEQUE,VALIDE,Facture F-2026-23454
6927,2026-07-15,14,3,159.65,CHEQUE,VALIDE,Facture F-2026-06446
6928,2026-07-15,30,3,309.31,ESPECES,VALIDE,Facture F-2026-91268
6929,2026-07-15,52,5,306.32,CARTE,VALIDE,Facture F-2026-52943
6930,2026-07-15,28,2,1168.15,CARTE,VALIDE,Facture F-2026-99526
6931,2026-07-15,NULL,10,258.71,ESPECES,VALIDE,Dépense Énergie et eau
6932,2026-07-15,NULL,13,4048.15,VIREMENT,VALIDE,Dépense Impôts et taxes
6933,2026-07-15,NULL,12,1571.70,MOBILE_MONEY,VALIDE,Dépense Assurances
6934,2026-07-16,32,3,337.57,ESPECES,VALIDE,Facture F-2026-30215
6935,2026-07-16,42,2,728.13,CARTE,VALIDE,Facture F-2026-12393
6936,2026-07-16,15,4,1157.58,MOBILE_MONEY,VALIDE,Facture F-2026-13145
6937,2026-07-16,8,1,3707.87,CARTE,VALIDE,Facture F-2026-76309
6938,2026-07-16,NULL,7,404.42,VIREMENT,VALIDE,Dépense Loyers et immobilier
6939,2026-07-16,NULL,13,742.49,MOBILE_MONEY,VALIDE,Dépense Impôts et taxes
6940,2026-07-17,45,4,509.03,MOBILE_MONEY,VALIDE,Facture F-2026-72905
6941,2026-07-17,33,3,429.94,CARTE,VALIDE,Facture F-2026-27352
6942,2026-07-17,29,5,1066.63,ESPECES,VALIDE,Facture F-2026-20367
6943,2026-07-17,41,5,1019.56,MOBILE_MONEY,VALIDE,Facture F-2026-07379
6944,2026-07-17,36,5,1351.17,VIREMENT,EN_ATTENTE,Facture F-2026-25000
6945,2026-07-17,14,5,404.45,MOBILE_MONEY,VALIDE,Facture F-2026-90536
6946,2026-07-17,47,5,1414.68,MOBILE_MONEY,VALIDE,Facture F-2026-33141
6947,2026-07-17,NULL,8,2158.77,CARTE,VALIDE,Dépense Marketing et publicité
6948,2026-07-18,15,2,859.57,CHEQUE,VALIDE,Facture F-2026-30202
6949,2026-07-18,3,2,2189.90,ESPECES,VALIDE,Facture F-2026-95809
6950,2026-07-18,30,3,402.23,ESPECES,VALIDE,Facture F-2026-27423
6951,2026-07-18,NULL,9,2484.97,ESPECES,VALIDE,Dépense Fournitures et consommables
6952,2026-07-18,NULL,9,513.40,MOBILE_MONEY,VALIDE,Dépense Fournitures et consommables
6953,2026-07-18,NULL,8,5925.79,MOBILE_MONEY,VALIDE,Dépense Marketing et publicité
6954,2026-07-19,7,1,1957.19,VIREMENT,VALIDE,Facture F-2026-37422
6955,2026-07-19,38,1,3592.18,VIREMENT,VALIDE,Facture F-2026-74718
6956,2026-07-19,59,1,3613.87,VIREMENT,VALIDE,Facture F-2026-51071
6957,2026-07-19,3,2,703.96,CHEQUE,VALIDE,Facture F-2026-96704
6958,2026-07-19,48,4,698.60,CHEQUE,VALIDE,Facture F-2026-11125
6959,2026-07-19,51,2,640.97,VIREMENT,VALIDE,Facture F-2026-60827
6960,2026-07-19,56,1,6581.12,CARTE,EN_ATTENTE,Facture F-2026-53138
6961,2026-07-19,NULL,11,3250.65,MOBILE_MONEY,VALIDE,Dépense Transport et logistique
6962,2026-07-19,NULL,7,3938.70,ESPECES,VALIDE,Dépense Loyers et immobilier
6963,2026-07-20,8,3,74.08,MOBILE_MONEY,VALIDE,Facture F-2026-14008
6964,2026-07-20,43,3,60.73,MOBILE_MONEY,VALIDE,Facture F-2026-49640
6965,2026-07-20,30,2,377.10,VIREMENT,VALIDE,Facture F-2026-83275
6966,2026-07-20,7,1,1580.60,CHEQUE,VALIDE,Facture F-2026-77428
6967,2026-07-20,4,2,1095.60,VIREMENT,VALIDE,Facture F-2026-50755
6968,2026-07-20,NULL,7,4037.21,MOBILE_MONEY,VALIDE,Dépense Loyers et immobilier
6969,2026-07-20,NULL,11,2750.86,VIREMENT,VALIDE,Dépense Transport et logistique
6970,2026-07-21,62,3,243.84,ESPECES,VALIDE,Facture F-2026-80187
6971,2026-07-21,59,1,2566.99,VIREMENT,VALIDE,Facture F-2026-65378
6972,2026-07-21,59,5,385.32,VIREMENT,VALIDE,Facture F-2026-06381
6973,2026-07-21,27,5,621.77,CHEQUE,VALIDE,Facture F-2026-18144
6974,2026-07-21,4,4,339.07,VIREMENT,VALIDE,Facture F-2026-67310
6975,2026-07-21,27,4,1164.28,VIREMENT,VALIDE,Facture F-2026-36315
6976,2026-07-21,NULL,10,1212.85,ESPECES,VALIDE,Dépense Énergie et eau
6977,2026-07-21,NULL,14,2730.51,CARTE,VALIDE,Dépense Informatique et logiciels
6978,2026-07-21,NULL,14,1011.88,CARTE,VALIDE,Dépense Informatique et logiciels
6979,2026-07-21,NULL,12,573.17,VIREMENT,EN_ATTENTE,Dépense Assurances
6980,2026-07-22,46,1,2129.13,ESPECES,VALIDE,Facture F-2026-78767
6981,2026-07-22,19,3,383.82,VIREMENT,VALIDE,Facture F-2026-21592
6982,2026-07-22,19,3,315.14,CARTE,VALIDE,Facture F-2026-04278
6983,2026-07-22,63,4,1176.27,CHEQUE,VALIDE,Facture F-2026-79861
6984,2026-07-22,NULL,9,1029.37,VIREMENT,VALIDE,Dépense Fournitures et consommables
6985,2026-07-23,39,1,4206.28,CHEQUE,VALIDE,Facture F-2026-66785
6986,2026-07-23,59,2,961.27,MOBILE_MONEY,VALIDE,Facture F-2026-70428
6987,2026-07-23,14,2,751.69,CHEQUE,EN_ATTENTE,Facture F-2026-70422
6988,2026-07-23,47,2,1138.03,MOBILE_MONEY,VALIDE,Facture F-2026-66002
6989,2026-07-23,60,4,426.65,CARTE,VALIDE,Facture F-2026-65907
6990,2026-07-23,54,2,267.87,ESPECES,VALIDE,Facture F-2026-38475
6991,2026-07-23,44,1,6409.89,ESPECES,VALIDE,Facture F-2026-08121
6992,2026-07-23,NULL,10,1247.88,ESPECES,VALIDE,Dépense Énergie et eau
6993,2026-07-23,NULL,14,3398.24,VIREMENT,VALIDE,Dépense Informatique et logiciels
6994,2026-07-23,NULL,13,4219.98,ESPECES,VALIDE,Dépense Impôts et taxes
6995,2026-07-23,NULL,14,2350.92,CARTE,VALIDE,Dépense Informatique et logiciels
6996,2026-07-24,22,1,4308.42,CHEQUE,VALIDE,Facture F-2026-60495
6997,2026-07-24,48,5,1409.09,CARTE,VALIDE,Facture F-2026-89060
6998,2026-07-24,33,4,826.36,VIREMENT,EN_ATTENTE,Facture F-2026-77491
6999,2026-07-24,7,4,676.16,CHEQUE,VALIDE,Facture F-2026-24245
7000,2026-07-24,NULL,13,4122.82,ESPECES,VALIDE,Dépense Impôts et taxes
7001,2026-07-24,NULL,9,2174.54,VIREMENT,VALIDE,Dépense Fournitures et consommables
7002,2026-07-24,NULL,12,2594.02,VIREMENT,VALIDE,Dépense Assurances
7003,2026-07-25,62,4,789.88,MOBILE_MONEY,VALIDE,Facture F-2026-13854
7004,2026-07-25,18,5,906.17,VIREMENT,VALIDE,Facture F-2026-82306
7005,2026-07-25,3,1,6827.25,CARTE,EN_ATTENTE,Facture F-2026-68331
7006,2026-07-25,46,1,866.67,MOBILE_MONEY,VALIDE,Facture F-2026-77219
7007,2026-07-25,NULL,14,2161.85,MOBILE_MONEY,VALIDE,Dépense Informatique et logiciels
7008,2026-07-25,NULL,9,2176.11,MOBILE_MONEY,VALIDE,Dépense Fournitures et consommables
7009,2026-07-25,NULL,11,4730.38,ESPECES,VALIDE,Dépense Transport et logistique
7010,2026-07-26,1,2,230.32,VIREMENT,VALIDE,Facture F-2026-94030
7011,2026-07-26,58,2,977.24,CARTE,VALIDE,Facture F-2026-55132
7012,2026-07-26,40,4,291.05,CHEQUE,VALIDE,Facture F-2026-42501
7013,2026-07-26,25,5,430.30,MOBILE_MONEY,VALIDE,Facture F-2026-00694
7014,2026-07-26,NULL,15,584.18,MOBILE_MONEY,VALIDE,Dépense Intérêts et frais bancaires
7015,2026-07-26,NULL,13,908.26,ESPECES,VALIDE,Dépense Impôts et taxes
7016,2026-07-27,37,3,86.18,MOBILE_MONEY,VALIDE,Facture F-2026-78423
7017,2026-07-27,27,4,976.85,CHEQUE,VALIDE,Facture F-2026-88701
7018,2026-07-27,60,3,54.37,ESPECES,VALIDE,Facture F-2026-88767
7019,2026-07-27,44,4,514.43,CHEQUE,VALIDE,Facture F-2026-96952
7020,2026-07-27,34,2,1649.89,CARTE,VALIDE,Facture F-2026-46317
7021,2026-07-27,NULL,15,801.05,MOBILE_MONEY,VALIDE,Dépense Intérêts et frais bancaires
7022,2026-07-27,NULL,11,459.05,ESPECES,VALIDE,Dépense Transport et logistique
7023,2026-07-27,NULL,13,3865.41,VIREMENT,VALIDE,Dépense Impôts et taxes
7024,2026-07-27,NULL,6,16796.62,VIREMENT,VALIDE,Dépense Salaires et charges sociales
7025,2026-07-28,50,1,3951.78,CARTE,VALIDE,Facture F-2026-46827
7026,2026-07-28,41,3,414.28,MOBILE_MONEY,VALIDE,Facture F-2026-12190
7027,2026-07-28,32,5,897.09,MOBILE_MONEY,VALIDE,Facture F-2026-38381
7028,2026-07-28,48,2,1207.95,VIREMENT,VALIDE,Facture F-2026-18918
7029,2026-07-28,54,1,6879.86,MOBILE_MONEY,VALIDE,Facture F-2026-22009
7030,2026-07-28,51,4,995.51,CHEQUE,VALIDE,Facture F-2026-67610
7031,2026-07-28,26,2,463.07,CHEQUE,VALIDE,Facture F-2026-54203
7032,2026-07-28,59,5,1252.57,CHEQUE,VALIDE,Facture F-2026-55501
7033,2026-07-28,NULL,7,1646.90,CARTE,VALIDE,Dépense Loyers et immobilier
7034,2026-07-29,34,3,67.01,CARTE,VALIDE,Facture F-2026-84436
7035,2026-07-29,3,5,850.33,ESPECES,VALIDE,Facture F-2026-01016
7036,2026-07-29,57,2,572.65,VIREMENT,VALIDE,Facture F-2026-77108
7037,2026-07-29,NULL,10,1225.14,VIREMENT,VALIDE,Dépense Énergie et eau
7038,2026-07-29,NULL,8,1942.70,ESPECES,VALIDE,Dépense Marketing et publicité
7039,2026-07-29,NULL,10,1308.33,MOBILE_MONEY,VALIDE,Dépense Énergie et eau
7040,2026-07-29,NULL,7,4387.07,MOBILE_MONEY,VALIDE,Dépense Loyers et immobilier
7041,2026-07-30,60,4,384.20,CARTE,EN_ATTENTE,Facture F-2026-44663
7042,2026-07-30,39,5,313.54,CARTE,VALIDE,Facture F-2026-22045
7043,2026-07-30,13,3,152.61,MOBILE_MONEY,VALIDE,Facture F-2026-64608
7044,2026-07-30,44,3,355.77,CHEQUE,VALIDE,Facture F-2026-03373
7045,2026-07-30,7,1,3239.38,VIREMENT,VALIDE,Facture F-2026-77835
7046,2026-07-30,NULL,7,3664.97,VIREMENT,VALIDE,Dépense Loyers et immobilier
7047,2026-07-30,NULL,7,3493.34,CARTE,VALIDE,Dépense Loyers et immobilier
7048,2026-07-30,NULL,14,3241.09,ESPECES,VALIDE,Dépense Informatique et logiciels
7049,2026-07-31,39,1,6340.27,CARTE,VALIDE,Facture F-2026-90216
7050,2026-07-31,41,1,7156.42,ESPECES,VALIDE,Facture F-2026-19289
7051,2026-07-31,34,5,466.60,CARTE,VALIDE,Facture F-2026-71089
7052,2026-07-31,11,5,555.00,CARTE,VALIDE,Facture F-2026-08322
7053,2026-07-31,49,5,1152.61,ESPECES,VALIDE,Facture F-2026-41864
7054,2026-07-31,20,2,1384.14,ESPECES,EN_ATTENTE,Facture F-2026-99713
7055,2026-07-31,1,4,812.77,ESPECES,EN_ATTENTE,Facture F-2026-12976
7056,2026-07-31,25,2,1793.73,CHEQUE,VALIDE,Facture F-2026-30965
7057,2026-07-31,NULL,7,1196.83,ESPECES,VALIDE,Dépense Loyers et immobilier
7058,2026-07-31,NULL,8,7946.03,CARTE,VALIDE,Dépense Marketing et publicité
7059,2026-07-31,NULL,11,3054.00,ESPECES,VALIDE,Dépense Transport et logistique
7060,2026-07-31,NULL,12,1827.81,ESPECES,VALIDE,Dépense Assurances
7061,2026-08-01,16,5,937.45,VIREMENT,VALIDE,Facture F-2026-57388
7062,2026-08-01,48,5,305.09,VIREMENT,VALIDE,Facture F-2026-05158
7063,2026-08-01,31,4,347.41,CARTE,VALIDE,Facture F-2026-13811
7064,2026-08-01,NULL,6,15342.02,VIREMENT,VALIDE,Dépense Salaires et charges sociales
7065,2026-08-01,NULL,7,619.58,VIREMENT,VALIDE,Dépense Loyers et immobilier
7066,2026-08-02,26,2,208.61,CARTE,VALIDE,Facture F-2026-98856
7067,2026-08-02,27,4,1186.57,MOBILE_MONEY,VALIDE,Facture F-2026-11889
7068,2026-08-02,7,5,1301.59,CHEQUE,VALIDE,Facture F-2026-31450
7069,2026-08-02,32,5,1188.18,VIREMENT,VALIDE,Facture F-2026-29515
7070,2026-08-02,45,2,1130.75,VIREMENT,VALIDE,Facture F-2026-23823
7071,2026-08-02,NULL,9,1045.45,MOBILE_MONEY,VALIDE,Dépense Fournitures et consommables
7072,2026-08-02,NULL,10,1793.99,CARTE,VALIDE,Dépense Énergie et eau
7073,2026-08-03,4,2,954.13,CARTE,VALIDE,Facture F-2026-74245
7074,2026-08-03,48,2,1119.98,CARTE,VALIDE,Facture F-2026-09549
7075,2026-08-03,53,2,966.49,CARTE,EN_ATTENTE,Facture F-2026-47309
7076,2026-08-03,12,1,4388.70,ESPECES,VALIDE,Facture F-2026-93373
7077,2026-08-03,34,4,760.00,MOBILE_MONEY,VALIDE,Facture F-2026-90152
7078,2026-08-03,NULL,15,637.27,MOBILE_MONEY,VALIDE,Dépense Intérêts et frais bancaires
7079,2026-08-03,NULL,15,481.45,CARTE,VALIDE,Dépense Intérêts et frais bancaires
7080,2026-08-03,NULL,6,7212.60,VIREMENT,VALIDE,Dépense Salaires et charges sociales
7081,2026-08-04,32,2,1443.27,ESPECES,VALIDE,Facture F-2026-68870
7082,2026-08-04,11,5,625.42,ESPECES,EN_ATTENTE,Facture F-2026-87154
7083,2026-08-04,44,1,1893.52,CARTE,VALIDE,Facture F-2026-18624
7084,2026-08-04,12,4,858.81,MOBILE_MONEY,VALIDE,Facture F-2026-02213
7085,2026-08-04,22,1,3633.92,MOBILE_MONEY,VALIDE,Facture F-2026-75941
7086,2026-08-04,28,1,5380.67,CHEQUE,VALIDE,Facture F-2026-42250
7087,2026-08-04,NULL,7,4708.12,VIREMENT,VALIDE,Dépense Loyers et immobilier
7088,2026-08-04,NULL,11,981.61,VIREMENT,VALIDE,Dépense Transport et logistique
7089,2026-08-05,8,4,654.68,CARTE,VALIDE,Facture F-2026-34115
7090,2026-08-05,29,1,6785.73,CARTE,VALIDE,Facture F-2026-41852
7091,2026-08-05,54,2,1111.78,MOBILE_MONEY,VALIDE,Facture F-2026-67959
7092,2026-08-05,25,5,617.56,VIREMENT,VALIDE,Facture F-2026-90631
7093,2026-08-05,40,1,6461.06,ESPECES,VALIDE,Facture F-2026-51528
7094,2026-08-05,36,3,116.05,ESPECES,VALIDE,Facture F-2026-87244
7095,2026-08-05,NULL,13,3435.86,VIREMENT,VALIDE,Dépense Impôts et taxes
7096,2026-08-06,7,3,330.60,CHEQUE,VALIDE,Facture F-2026-74399
7097,2026-08-06,38,2,1846.69,CARTE,VALIDE,Facture F-2026-76576
7098,2026-08-06,10,3,163.30,CHEQUE,VALIDE,Facture F-2026-99446
7099,2026-08-06,NULL,11,3595.63,MOBILE_MONEY,VALIDE,Dépense Transport et logistique
7100,2026-08-07,13,4,1033.25,ESPECES,VALIDE,Facture F-2026-18127
7101,2026-08-07,26,5,1461.07,ESPECES,VALIDE,Facture F-2026-01612
7102,2026-08-07,46,3,390.54,CARTE,VALIDE,Facture F-2026-67670
7103,2026-08-07,NULL,14,4250.24,VIREMENT,VALIDE,Dépense Informatique et logiciels
7104,2026-08-07,NULL,6,10762.30,CARTE,VALIDE,Dépense Salaires et charges sociales
7105,2026-08-08,26,5,929.17,MOBILE_MONEY,VALIDE,Facture F-2026-67243
7106,2026-08-08,29,5,894.13,CARTE,VALIDE,Facture F-2026-07692
7107,2026-08-08,59,1,3242.90,CARTE,VALIDE,Facture F-2026-68745
7108,2026-08-08,5,4,650.34,CHEQUE,VALIDE,Facture F-2026-55202
7109,2026-08-08,10,2,1524.77,CARTE,EN_ATTENTE,Facture F-2026-42361
7110,2026-08-08,34,2,1429.06,CHEQUE,VALIDE,Facture F-2026-03609
7111,2026-08-08,55,5,567.59,CARTE,VALIDE,Facture F-2026-32572
7112,2026-08-08,NULL,7,4051.57,MOBILE_MONEY,VALIDE,Dépense Loyers et immobilier
7113,2026-08-09,22,1,3315.89,CHEQUE,VALIDE,Facture F-2026-05200
7114,2026-08-09,41,3,218.07,CHEQUE,VALIDE,Facture F-2026-07589
7115,2026-08-09,34,4,504.39,VIREMENT,VALIDE,Facture F-2026-34042
7116,2026-08-09,63,4,595.17,CARTE,VALIDE,Facture F-2026-06479
7117,2026-08-09,7,1,2597.68,VIREMENT,VALIDE,Facture F-2026-60028
7118,2026-08-09,55,2,660.83,ESPECES,VALIDE,Facture F-2026-87296
7119,2026-08-09,54,4,245.55,MOBILE_MONEY,EN_ATTENTE,Facture F-2026-35522
7120,2026-08-09,NULL,13,4457.93,VIREMENT,VALIDE,Dépense Impôts et taxes
7121,2026-08-09,NULL,6,17814.77,MOBILE_MONEY,VALIDE,Dépense Salaires et charges sociales
7122,2026-08-09,NULL,13,2218.50,ESPECES,VALIDE,Dépense Impôts et taxes
7123,2026-08-10,59,3,335.55,CARTE,VALIDE,Facture F-2026-68070
7124,2026-08-10,34,2,1479.81,CARTE,VALIDE,Facture F-2026-99985
7125,2026-08-10,52,3,170.52,MOBILE_MONEY,VALIDE,Facture F-2026-45749
7126,2026-08-10,30,5,750.63,ESPECES,VALIDE,Facture F-2026-10717
7127,2026-08-10,2,3,321.17,MOBILE_MONEY,VALIDE,Facture F-2026-68191
7128,2026-08-10,NULL,15,289.83,MOBILE_MONEY,VALIDE,Dépense Intérêts et frais bancaires
7129,2026-08-11,23,3,445.71,ESPECES,VALIDE,Facture F-2026-46000
7130,2026-08-11,20,5,1154.71,VIREMENT,VALIDE,Facture F-2026-50295
7131,2026-08-11,43,5,1204.50,CHEQUE,VALIDE,Facture F-2026-09388
7132,2026-08-11,18,2,972.85,ESPECES,VALIDE,Facture F-2026-20909
7133,2026-08-11,60,5,1295.40,ESPECES,VALIDE,Facture F-2026-79634
7134,2026-08-11,52,5,862.17,CARTE,VALIDE,Facture F-2026-77823
7135,2026-08-11,NULL,10,1043.54,CARTE,VALIDE,Dépense Énergie et eau
7136,2026-08-11,NULL,7,945.79,VIREMENT,VALIDE,Dépense Loyers et immobilier
7137,2026-08-11,NULL,15,814.97,MOBILE_MONEY,VALIDE,Dépense Intérêts et frais bancaires
7138,2026-08-11,NULL,8,1395.73,VIREMENT,VALIDE,Dépense Marketing et publicité
7139,2026-08-12,7,3,124.96,MOBILE_MONEY,VALIDE,Facture F-2026-92816
7140,2026-08-12,13,4,748.28,CARTE,VALIDE,Facture F-2026-19930
7141,2026-08-12,24,3,50.99,MOBILE_MONEY,VALIDE,Facture F-2026-89053
7142,2026-08-12,NULL,9,1670.64,CARTE,VALIDE,Dépense Fournitures et consommables
7143,2026-08-13,51,2,540.09,VIREMENT,VALIDE,Facture F-2026-23032
7144,2026-08-13,36,3,198.15,VIREMENT,VALIDE,Facture F-2026-00071
7145,2026-08-13,56,4,1161.75,CARTE,VALIDE,Facture F-2026-61453
7146,2026-08-13,NULL,13,3201.62,ESPECES,VALIDE,Dépense Impôts et taxes
7147,2026-08-13,NULL,9,760.76,ESPECES,EN_ATTENTE,Dépense Fournitures et consommables
7148,2026-08-14,34,3,114.04,MOBILE_MONEY,VALIDE,Facture F-2026-63370
7149,2026-08-14,59,3,377.28,ESPECES,VALIDE,Facture F-2026-21663
7150,2026-08-14,38,1,5766.80,CHEQUE,VALIDE,Facture F-2026-05817
7151,2026-08-14,9,2,1963.09,CARTE,VALIDE,Facture F-2026-57929
7152,2026-08-14,30,1,1389.70,VIREMENT,VALIDE,Facture F-2026-39273
7153,2026-08-14,48,2,1245.68,ESPECES,VALIDE,Facture F-2026-64101
7154,2026-08-14,49,3,111.83,VIREMENT,EN_ATTENTE,Facture F-2026-92650
7155,2026-08-14,33,3,112.88,CHEQUE,VALIDE,Facture F-2026-18236
7156,2026-08-14,NULL,12,1074.95,VIREMENT,EN_ATTENTE,Dépense Assurances
7157,2026-08-15,15,1,6800.40,CARTE,VALIDE,Facture F-2026-64020
7158,2026-08-15,64,1,2737.84,ESPECES,VALIDE,Facture F-2026-04086
7159,2026-08-15,36,2,1709.95,CARTE,VALIDE,Facture F-2026-48282
7160,2026-08-15,NULL,7,2097.40,VIREMENT,VALIDE,Dépense Loyers et immobilier
7161,2026-08-15,NULL,15,220.90,ESPECES,VALIDE,Dépense Intérêts et frais bancaires
7162,2026-08-15,NULL,10,1396.16,ESPECES,VALIDE,Dépense Énergie et eau
7163,2026-08-16,7,4,767.30,CHEQUE,VALIDE,Facture F-2026-86803
7164,2026-08-16,33,2,1919.56,CARTE,VALIDE,Facture F-2026-70911
7165,2026-08-16,28,3,277.21,CARTE,VALIDE,Facture F-2026-85644
7166,2026-08-16,NULL,9,2012.93,CARTE,VALIDE,Dépense Fournitures et consommables
7167,2026-08-16,NULL,8,3075.05,MOBILE_MONEY,VALIDE,Dépense Marketing et publicité
7168,2026-08-17,57,4,331.13,CHEQUE,VALIDE,Facture F-2026-77426
7169,2026-08-17,14,2,428.07,ESPECES,VALIDE,Facture F-2026-84462
7170,2026-08-17,10,1,4950.42,MOBILE_MONEY,VALIDE,Facture F-2026-60796
7171,2026-08-17,16,1,1539.30,MOBILE_MONEY,VALIDE,Facture F-2026-18010
7172,2026-08-17,38,5,427.87,MOBILE_MONEY,VALIDE,Facture F-2026-39921
7173,2026-08-17,17,4,414.33,CHEQUE,VALIDE,Facture F-2026-27968
7174,2026-08-17,NULL,12,986.99,MOBILE_MONEY,VALIDE,Dépense Assurances
7175,2026-08-17,NULL,12,2513.25,CARTE,VALIDE,Dépense Assurances
7176,2026-08-18,5,4,541.56,ESPECES,VALIDE,Facture F-2026-99438
7177,2026-08-18,39,2,280.76,CHEQUE,VALIDE,Facture F-2026-14469
7178,2026-08-18,30,3,267.92,VIREMENT,VALIDE,Facture F-2026-94139
7179,2026-08-18,36,4,876.80,CHEQUE,VALIDE,Facture F-2026-21424
7180,2026-08-18,54,5,809.72,VIREMENT,VALIDE,Facture F-2026-87553
7181,2026-08-18,20,4,363.01,VIREMENT,VALIDE,Facture F-2026-94372
7182,2026-08-18,48,3,106.17,VIREMENT,VALIDE,Facture F-2026-62530
7183,2026-08-18,NULL,10,1473.56,CARTE,VALIDE,Dépense Énergie et eau
7184,2026-08-18,NULL,15,325.04,ESPECES,VALIDE,Dépense Intérêts et frais bancaires
7185,2026-08-18,NULL,8,937.86,VIREMENT,VALIDE,Dépense Marketing et publicité
7186,2026-08-18,NULL,11,5091.16,CARTE,VALIDE,Dépense Transport et logistique
7187,2026-08-19,13,2,672.48,CARTE,VALIDE,Facture F-2026-20376
7188,2026-08-19,54,5,831.55,ESPECES,VALIDE,Facture F-2026-35891
7189,2026-08-19,57,5,738.04,VIREMENT,VALIDE,Facture F-2026-44501
7190,2026-08-19,8,4,679.43,CHEQUE,VALIDE,Facture F-2026-96618
7191,2026-08-19,12,5,799.52,ESPECES,VALIDE,Facture F-2026-32383
7192,2026-08-19,60,5,1040.00,CHEQUE,VALIDE,Facture F-2026-15397
7193,2026-08-19,36,1,5369.86,CARTE,VALIDE,Facture F-2026-84409
7194,2026-08-19,NULL,6,7005.74,MOBILE_MONEY,VALIDE,Dépense Salaires et charges sociales
7195,2026-08-19,NULL,7,3255.55,MOBILE_MONEY,VALIDE,Dépense Loyers et immobilier
7196,2026-08-19,NULL,7,3004.33,CARTE,VALIDE,Dépense Loyers et immobilier
7197,2026-08-20,32,3,394.66,MOBILE_MONEY,VALIDE,Facture F-2026-11982
7198,2026-08-20,15,4,1198.48,ESPECES,VALIDE,Facture F-2026-68897
7199,2026-08-20,33,3,446.94,CARTE,VALIDE,Facture F-2026-27039
7200,2026-08-20,10,5,1213.08,ESPECES,VALIDE,Facture F-2026-26210
7201,2026-08-20,13,3,117.09,CHEQUE,VALIDE,Facture F-2026-21924
7202,2026-08-20,NULL,13,1957.61,VIREMENT,VALIDE,Dépense Impôts et taxes
7203,2026-08-21,46,2,1200.76,ESPECES,VALIDE,Facture F-2026-23700
7204,2026-08-21,58,1,1094.86,ESPECES,VALIDE,Facture F-2026-39388
7205,2026-08-21,44,4,246.69,CHEQUE,VALIDE,Facture F-2026-64807
7206,2026-08-21,50,5,1445.22,MOBILE_MONEY,VALIDE,Facture F-2026-22751
7207,2026-08-21,17,3,248.97,VIREMENT,VALIDE,Facture F-2026-74772
7208,2026-08-21,45,4,243.13,MOBILE_MONEY,VALIDE,Facture F-2026-03250
7209,2026-08-21,52,2,1804.99,CHEQUE,VALIDE,Facture F-2026-04231
7210,2026-08-21,7,2,1722.75,CARTE,VALIDE,Facture F-2026-06337
7211,2026-08-21,NULL,14,1668.66,CARTE,VALIDE,Dépense Informatique et logiciels
7212,2026-08-22,59,5,1191.68,CHEQUE,VALIDE,Facture F-2026-57531
7213,2026-08-22,49,3,162.47,CHEQUE,VALIDE,Facture F-2026-16618
7214,2026-08-22,49,2,1375.64,CHEQUE,VALIDE,Facture F-2026-22898
7215,2026-08-22,65,2,2170.03,MOBILE_MONEY,VALIDE,Facture F-2026-05468
7216,2026-08-22,60,3,188.05,CHEQUE,VALIDE,Facture F-2026-24826
7217,2026-08-22,NULL,10,1491.13,MOBILE_MONEY,VALIDE,Dépense Énergie et eau
7218,2026-08-22,NULL,7,1748.63,ESPECES,VALIDE,Dépense Loyers et immobilier
7219,2026-08-22,NULL,9,1959.97,CARTE,VALIDE,Dépense Fournitures et consommables
7220,2026-08-22,NULL,9,2447.13,CARTE,VALIDE,Dépense Fournitures et consommables
7221,2026-08-23,43,4,486.35,ESPECES,VALIDE,Facture F-2026-43194
7222,2026-08-23,31,3,318.78,MOBILE_MONEY,EN_ATTENTE,Facture F-2026-07795
7223,2026-08-23,21,1,2257.50,MOBILE_MONEY,VALIDE,Facture F-2026-56554
7224,2026-08-23,47,5,1454.68,CARTE,VALIDE,Facture F-2026-56372
7225,2026-08-23,25,3,241.89,MOBILE_MONEY,VALIDE,Facture F-2026-72619
7226,2026-08-23,44,5,837.91,MOBILE_MONEY,VALIDE,Facture F-2026-90807
7227,2026-08-23,12,4,737.69,VIREMENT,VALIDE,Facture F-2026-89634
7228,2026-08-23,NULL,8,2782.35,CARTE,VALIDE,Dépense Marketing et publicité
7229,2026-08-23,NULL,13,4115.09,CARTE,VALIDE,Dépense Impôts et taxes
7230,2026-08-23,NULL,8,3901.45,VIREMENT,VALIDE,Dépense Marketing et publicité
7231,2026-08-23,NULL,8,5047.21,VIREMENT,VALIDE,Dépense Marketing et publicité
7232,2026-08-24,62,4,932.12,CHEQUE,VALIDE,Facture F-2026-57602
7233,2026-08-24,19,3,140.91,MOBILE_MONEY,VALIDE,Facture F-2026-07336
7234,2026-08-24,12,3,233.14,CARTE,VALIDE,Facture F-2026-09491
7235,2026-08-24,26,3,179.97,CARTE,VALIDE,Facture F-2026-05559
7236,2026-08-24,49,5,1258.98,CARTE,VALIDE,Facture F-2026-15529
7237,2026-08-24,NULL,15,237.95,MOBILE_MONEY,VALIDE,Dépense Intérêts et frais bancaires
7238,2026-08-24,NULL,10,1418.67,CARTE,VALIDE,Dépense Énergie et eau
7239,2026-08-25,46,1,2761.57,ESPECES,VALIDE,Facture F-2026-15512
7240,2026-08-25,12,2,2031.06,ESPECES,EN_ATTENTE,Facture F-2026-97424
7241,2026-08-25,41,4,1173.54,VIREMENT,VALIDE,Facture F-2026-53123
7242,2026-08-25,1,5,630.77,CHEQUE,VALIDE,Facture F-2026-67423
7243,2026-08-25,14,2,826.17,MOBILE_MONEY,VALIDE,Facture F-2026-02658
7244,2026-08-25,62,4,1119.69,VIREMENT,VALIDE,Facture F-2026-21020
7245,2026-08-25,NULL,13,2090.37,MOBILE_MONEY,VALIDE,Dépense Impôts et taxes
7246,2026-08-25,NULL,8,3511.11,MOBILE_MONEY,VALIDE,Dépense Marketing et publicité
7247,2026-08-26,50,1,5204.62,CARTE,VALIDE,Facture F-2026-76987
7248,2026-08-26,57,5,1317.78,ESPECES,EN_ATTENTE,Facture F-2026-56048
7249,2026-08-26,23,4,1116.72,CHEQUE,VALIDE,Facture F-2026-12325
7250,2026-08-26,42,1,1805.88,ESPECES,VALIDE,Facture F-2026-39350
7251,2026-08-26,46,1,7464.51,CARTE,VALIDE,Facture F-2026-92212
7252,2026-08-26,NULL,13,3108.99,ESPECES,VALIDE,Dépense Impôts et taxes
7253,2026-08-26,NULL,15,816.80,VIREMENT,VALIDE,Dépense Intérêts et frais bancaires
7254,2026-08-26,NULL,6,15528.89,CARTE,VALIDE,Dépense Salaires et charges sociales
7255,2026-08-27,61,4,633.23,MOBILE_MONEY,VALIDE,Facture F-2026-83739
7256,2026-08-27,58,4,553.03,MOBILE_MONEY,VALIDE,Facture F-2026-34670
7257,2026-08-27,9,5,470.15,VIREMENT,VALIDE,Facture F-2026-33999
7258,2026-08-27,49,4,674.05,CARTE,VALIDE,Facture F-2026-04137
7259,2026-08-27,NULL,13,4228.26,ESPECES,VALIDE,Dépense Impôts et taxes
7260,2026-08-27,NULL,6,6027.91,ESPECES,VALIDE,Dépense Salaires et charges sociales
7261,2026-08-27,NULL,12,955.51,CARTE,VALIDE,Dépense Assurances
7262,2026-08-27,NULL,6,20527.44,ESPECES,VALIDE,Dépense Salaires et charges sociales
7263,2026-08-28,14,1,5367.43,CARTE,VALIDE,Facture F-2026-29537
7264,2026-08-28,64,5,1483.89,CHEQUE,VALIDE,Facture F-2026-80480
7265,2026-08-28,29,1,5342.61,MOBILE_MONEY,VALIDE,Facture F-2026-25849
7266,2026-08-28,31,3,53.24,VIREMENT,VALIDE,Facture F-2026-01422
7267,2026-08-28,19,1,1991.20,ESPECES,VALIDE,Facture F-2026-89962
7268,2026-08-28,60,3,55.21,ESPECES,VALIDE,Facture F-2026-13751
7269,2026-08-28,50,3,239.95,VIREMENT,VALIDE,Facture F-2026-02585
7270,2026-08-28,NULL,6,10244.66,ESPECES,VALIDE,Dépense Salaires et charges sociales
7271,2026-08-29,64,3,115.48,CHEQUE,VALIDE,Facture F-2026-09657
7272,2026-08-29,34,3,401.93,MOBILE_MONEY,VALIDE,Facture F-2026-87546
7273,2026-08-29,38,1,5734.53,CHEQUE,VALIDE,Facture F-2026-38414
7274,2026-08-29,44,2,673.57,CARTE,VALIDE,Facture F-2026-17634
7275,2026-08-29,21,1,825.35,CARTE,VALIDE,Facture F-2026-66753
7276,2026-08-29,22,3,144.40,CARTE,VALIDE,Facture F-2026-40699
7277,2026-08-29,NULL,7,988.48,MOBILE_MONEY,VALIDE,Dépense Loyers et immobilier
7278,2026-08-29,NULL,15,275.80,MOBILE_MONEY,VALIDE,Dépense Intérêts et frais bancaires
7279,2026-08-30,54,4,1083.28,VIREMENT,VALIDE,Facture F-2026-68532
7280,2026-08-30,47,2,1273.29,CHEQUE,VALIDE,Facture F-2026-14276
7281,2026-08-30,48,3,183.74,ESPECES,VALIDE,Facture F-2026-03850
7282,2026-08-30,29,3,326.81,ESPECES,VALIDE,Facture F-2026-00217
7283,2026-08-30,13,1,6484.08,CHEQUE,VALIDE,Facture F-2026-01626
7284,2026-08-30,26,1,5416.08,ESPECES,VALIDE,Facture F-2026-08185
7285,2026-08-30,NULL,12,1942.64,VIREMENT,VALIDE,Dépense Assurances
7286,2026-08-31,39,5,536.02,ESPECES,VALIDE,Facture F-2026-35713
7287,2026-08-31,61,2,349.18,MOBILE_MONEY,VALIDE,Facture F-2026-80947
7288,2026-08-31,25,3,214.72,CARTE,VALIDE,Facture F-2026-86453
7289,2026-08-31,52,1,5456.49,MOBILE_MONEY,VALIDE,Facture F-2026-21329
7290,2026-08-31,NULL,7,1361.39,CARTE,VALIDE,Dépense Loyers et immobilier
7291,2026-09-01,18,4,324.87,MOBILE_MONEY,VALIDE,Facture F-2026-89273
7292,2026-09-01,52,3,248.60,CHEQUE,VALIDE,Facture F-2026-14424
7293,2026-09-01,61,5,306.72,CARTE,VALIDE,Facture F-2026-97375
7294,2026-09-01,NULL,7,4668.89,MOBILE_MONEY,VALIDE,Dépense Loyers et immobilier
7295,2026-09-02,54,1,4868.20,ESPECES,VALIDE,Facture F-2026-44155
7296,2026-09-02,19,2,1437.97,CARTE,VALIDE,Facture F-2026-62065
7297,2026-09-02,56,2,729.56,CHEQUE,VALIDE,Facture F-2026-32774
7298,2026-09-02,55,2,391.53,ESPECES,VALIDE,Facture F-2026-43640
7299,2026-09-02,27,4,1033.79,VIREMENT,VALIDE,Facture F-2026-17874
7300,2026-09-02,9,1,2101.67,VIREMENT,VALIDE,Facture F-2026-92412
7301,2026-09-02,10,1,1729.29,MOBILE_MONEY,EN_ATTENTE,Facture F-2026-43282
7302,2026-09-02,NULL,6,14838.98,VIREMENT,VALIDE,Dépense Salaires et charges sociales
7303,2026-09-02,NULL,6,10028.63,ESPECES,VALIDE,Dépense Salaires et charges sociales
7304,2026-09-02,NULL,12,1293.43,VIREMENT,VALIDE,Dépense Assurances
7305,2026-09-02,NULL,7,2510.27,MOBILE_MONEY,VALIDE,Dépense Loyers et immobilier
7306,2026-09-03,6,1,6285.63,CHEQUE,VALIDE,Facture F-2026-96654
7307,2026-09-03,8,1,4613.01,VIREMENT,VALIDE,Facture F-2026-15877
7308,2026-09-03,56,1,1110.82,VIREMENT,VALIDE,Facture F-2026-29900
7309,2026-09-03,11,3,289.25,MOBILE_MONEY,VALIDE,Facture F-2026-94306
7310,2026-09-03,6,2,704.54,CARTE,VALIDE,Facture F-2026-52212
7311,2026-09-03,46,3,111.03,CHEQUE,VALIDE,Facture F-2026-09878
7312,2026-09-03,36,1,2130.94,CHEQUE,VALIDE,Facture F-2026-14039
7313,2026-09-03,33,4,357.23,CHEQUE,VALIDE,Facture F-2026-16412
7314,2026-09-03,NULL,13,3129.22,VIREMENT,VALIDE,Dépense Impôts et taxes
7315,2026-09-03,NULL,7,1564.38,ESPECES,VALIDE,Dépense Loyers et immobilier
7316,2026-09-04,52,3,267.16,VIREMENT,VALIDE,Facture F-2026-73254
7317,2026-09-04,45,4,264.12,CARTE,VALIDE,Facture F-2026-02910
7318,2026-09-04,25,1,4556.02,VIREMENT,VALIDE,Facture F-2026-29165
7319,2026-09-04,NULL,9,147.15,MOBILE_MONEY,VALIDE,Dépense Fournitures et consommables
7320,2026-09-04,NULL,13,4249.00,VIREMENT,VALIDE,Dépense Impôts et taxes
7321,2026-09-04,NULL,9,857.54,VIREMENT,VALIDE,Dépense Fournitures et consommables
7322,2026-09-05,57,4,564.45,CHEQUE,VALIDE,Facture F-2026-71973
7323,2026-09-05,10,2,2117.83,CHEQUE,VALIDE,Facture F-2026-80719
7324,2026-09-05,36,1,1683.69,ESPECES,VALIDE,Facture F-2026-27893
7325,2026-09-05,NULL,7,581.07,ESPECES,VALIDE,Dépense Loyers et immobilier
7326,2026-09-06,25,5,349.69,VIREMENT,VALIDE,Facture F-2026-47793
7327,2026-09-06,48,4,953.05,MOBILE_MONEY,VALIDE,Facture F-2026-86177
7328,2026-09-06,56,2,1069.49,MOBILE_MONEY,VALIDE,Facture F-2026-58554
7329,2026-09-06,53,2,2063.47,CARTE,VALIDE,Facture F-2026-65985
7330,2026-09-06,44,3,360.18,CHEQUE,VALIDE,Facture F-2026-22221
7331,2026-09-06,40,3,306.51,VIREMENT,VALIDE,Facture F-2026-20427
7332,2026-09-06,NULL,15,332.56,CARTE,VALIDE,Dépense Intérêts et frais bancaires
7333,2026-09-07,50,1,5710.51,CHEQUE,VALIDE,Facture F-2026-26245
7334,2026-09-07,32,1,2123.86,CHEQUE,VALIDE,Facture F-2026-57329
7335,2026-09-07,35,3,164.24,CARTE,VALIDE,Facture F-2026-69546
7336,2026-09-07,51,2,1690.32,CHEQUE,VALIDE,Facture F-2026-73759
7337,2026-09-07,46,1,7126.97,CARTE,VALIDE,Facture F-2026-06848
7338,2026-09-07,NULL,7,1459.33,VIREMENT,VALIDE,Dépense Loyers et immobilier
7339,2026-09-07,NULL,12,474.09,ESPECES,VALIDE,Dépense Assurances
7340,2026-09-07,NULL,12,1964.86,ESPECES,VALIDE,Dépense Assurances
7341,2026-09-07,NULL,8,4825.75,MOBILE_MONEY,VALIDE,Dépense Marketing et publicité
7342,2026-09-08,4,2,1188.55,VIREMENT,VALIDE,Facture F-2026-04704
7343,2026-09-08,13,5,696.20,ESPECES,VALIDE,Facture F-2026-25940
7344,2026-09-08,37,5,515.22,MOBILE_MONEY,VALIDE,Facture F-2026-90308
7345,2026-09-08,46,3,77.32,CHEQUE,EN_ATTENTE,Facture F-2026-53473
7346,2026-09-08,37,3,255.60,CHEQUE,VALIDE,Facture F-2026-81665
7347,2026-09-08,48,1,4224.99,MOBILE_MONEY,VALIDE,Facture F-2026-23627
7348,2026-09-08,25,4,210.04,MOBILE_MONEY,VALIDE,Facture F-2026-18206
7349,2026-09-08,NULL,12,1042.24,VIREMENT,VALIDE,Dépense Assurances
7350,2026-09-08,NULL,9,827.73,VIREMENT,VALIDE,Dépense Fournitures et consommables
7351,2026-09-08,NULL,10,1162.14,VIREMENT,VALIDE,Dépense Énergie et eau
7352,2026-09-09,15,3,329.32,CHEQUE,VALIDE,Facture F-2026-74652
7353,2026-09-09,42,4,1084.24,CHEQUE,VALIDE,Facture F-2026-47897
7354,2026-09-09,52,4,205.12,CARTE,VALIDE,Facture F-2026-50952
7355,2026-09-09,NULL,6,19192.42,VIREMENT,VALIDE,Dépense Salaires et charges sociales
7356,2026-09-10,48,5,1445.19,VIREMENT,VALIDE,Facture F-2026-10747
7357,2026-09-10,50,5,745.30,MOBILE_MONEY,VALIDE,Facture F-2026-84246
7358,2026-09-10,50,5,586.72,CHEQUE,VALIDE,Facture F-2026-38684
7359,2026-09-10,65,5,852.90,CARTE,VALIDE,Facture F-2026-22697
7360,2026-09-10,50,5,499.65,VIREMENT,VALIDE,Facture F-2026-44517
7361,2026-09-10,5,4,481.90,CARTE,VALIDE,Facture F-2026-95434
7362,2026-09-10,1,1,4027.84,VIREMENT,VALIDE,Facture F-2026-71516
7363,2026-09-10,31,5,993.08,MOBILE_MONEY,VALIDE,Facture F-2026-47675
7364,2026-09-10,NULL,6,4822.20,VIREMENT,VALIDE,Dépense Salaires et charges sociales
7365,2026-09-10,NULL,11,349.74,VIREMENT,VALIDE,Dépense Transport et logistique
7366,2026-09-10,NULL,8,849.73,MOBILE_MONEY,VALIDE,Dépense Marketing et publicité
7367,2026-09-11,25,1,3729.57,ESPECES,VALIDE,Facture F-2026-09237
7368,2026-09-11,25,4,887.72,ESPECES,VALIDE,Facture F-2026-14318
7369,2026-09-11,20,1,923.91,CHEQUE,VALIDE,Facture F-2026-38049
7370,2026-09-11,45,5,937.77,ESPECES,VALIDE,Facture F-2026-99539
7371,2026-09-11,15,2,1021.52,MOBILE_MONEY,VALIDE,Facture F-2026-06759
7372,2026-09-11,47,2,1018.01,CARTE,VALIDE,Facture F-2026-50251
7373,2026-09-11,41,5,1040.83,CARTE,VALIDE,Facture F-2026-19580
7374,2026-09-11,NULL,15,362.35,CARTE,VALIDE,Dépense Intérêts et frais bancaires
7375,2026-09-11,NULL,8,5308.10,MOBILE_MONEY,EN_ATTENTE,Dépense Marketing et publicité
7376,2026-09-11,NULL,14,1293.13,VIREMENT,VALIDE,Dépense Informatique et logiciels
7377,2026-09-12,46,3,60.23,VIREMENT,EN_ATTENTE,Facture F-2026-27725
7378,2026-09-12,2,1,4847.96,CARTE,VALIDE,Facture F-2026-26098
7379,2026-09-12,43,4,437.33,CARTE,VALIDE,Facture F-2026-76694
7380,2026-09-12,51,1,6331.12,MOBILE_MONEY,VALIDE,Facture F-2026-60147
7381,2026-09-12,NULL,8,4097.95,ESPECES,VALIDE,Dépense Marketing et publicité
7382,2026-09-13,46,3,321.31,ESPECES,VALIDE,Facture F-2026-71763
7383,2026-09-13,64,4,231.16,CHEQUE,VALIDE,Facture F-2026-73729
7384,2026-09-13,31,2,915.46,MOBILE_MONEY,VALIDE,Facture F-2026-26977
7385,2026-09-13,18,2,1536.65,MOBILE_MONEY,VALIDE,Facture F-2026-60338
7386,2026-09-13,36,3,165.48,CARTE,VALIDE,Facture F-2026-25857
7387,2026-09-13,40,5,813.27,CARTE,VALIDE,Facture F-2026-49694
7388,2026-09-13,25,4,790.80,CARTE,VALIDE,Facture F-2026-47759
7389,2026-09-13,NULL,14,2280.78,CARTE,VALIDE,Dépense Informatique et logiciels
7390,2026-09-13,NULL,14,597.69,VIREMENT,VALIDE,Dépense Informatique et logiciels
7391,2026-09-13,NULL,12,1061.67,VIREMENT,VALIDE,Dépense Assurances
7392,2026-09-14,29,1,5311.14,ESPECES,VALIDE,Facture F-2026-03818
7393,2026-09-14,58,1,6197.48,MOBILE_MONEY,EN_ATTENTE,Facture F-2026-40620
7394,2026-09-14,45,4,291.55,MOBILE_MONEY,VALIDE,Facture F-2026-65568
7395,2026-09-14,5,2,1681.19,VIREMENT,VALIDE,Facture F-2026-12332
7396,2026-09-14,36,5,1248.92,VIREMENT,VALIDE,Facture F-2026-14450
7397,2026-09-14,14,5,567.19,CHEQUE,VALIDE,Facture F-2026-88936
7398,2026-09-14,59,4,540.97,VIREMENT,VALIDE,Facture F-2026-13401
7399,2026-09-14,NULL,15,224.16,MOBILE_MONEY,VALIDE,Dépense Intérêts et frais bancaires
7400,2026-09-14,NULL,6,1907.52,CARTE,VALIDE,Dépense Salaires et charges sociales
7401,2026-09-14,NULL,6,4524.37,MOBILE_MONEY,VALIDE,Dépense Salaires et charges sociales
7402,2026-09-14,NULL,10,1231.80,VIREMENT,VALIDE,Dépense Énergie et eau
7403,2026-09-15,32,1,2401.22,MOBILE_MONEY,VALIDE,Facture F-2026-35733
7404,2026-09-15,13,3,303.00,CHEQUE,VALIDE,Facture F-2026-97067
7405,2026-09-15,5,5,765.04,CARTE,VALIDE,Facture F-2026-81716
7406,2026-09-15,5,4,418.71,CHEQUE,VALIDE,Facture F-2026-69384
7407,2026-09-15,NULL,13,1764.84,CARTE,VALIDE,Dépense Impôts et taxes
7408,2026-09-16,55,2,714.33,VIREMENT,VALIDE,Facture F-2026-61272
7409,2026-09-16,14,2,976.10,ESPECES,VALIDE,Facture F-2026-00321
7410,2026-09-16,37,3,158.37,ESPECES,VALIDE,Facture F-2026-38792
7411,2026-09-16,47,1,860.88,CARTE,VALIDE,Facture F-2026-06414
7412,2026-09-16,NULL,12,569.51,ESPECES,VALIDE,Dépense Assurances
7413,2026-09-16,NULL,15,470.09,ESPECES,VALIDE,Dépense Intérêts et frais bancaires
7414,2026-09-17,45,4,409.77,CARTE,VALIDE,Facture F-2026-40205
7415,2026-09-17,9,4,862.52,ESPECES,VALIDE,Facture F-2026-99927
7416,2026-09-17,52,3,167.50,ESPECES,VALIDE,Facture F-2026-92848
7417,2026-09-17,NULL,12,2845.70,ESPECES,VALIDE,Dépense Assurances
7418,2026-09-18,17,4,228.35,MOBILE_MONEY,VALIDE,Facture F-2026-60303
7419,2026-09-18,59,2,1088.51,CARTE,VALIDE,Facture F-2026-16191
7420,2026-09-18,45,1,2744.41,MOBILE_MONEY,VALIDE,Facture F-2026-03807
7421,2026-09-18,43,2,619.74,CHEQUE,VALIDE,Facture F-2026-39462
7422,2026-09-18,17,4,426.22,VIREMENT,VALIDE,Facture F-2026-90851
7423,2026-09-18,23,2,327.42,CARTE,VALIDE,Facture F-2026-96104
7424,2026-09-18,42,1,6650.42,MOBILE_MONEY,VALIDE,Facture F-2026-44512
7425,2026-09-18,43,1,5374.28,ESPECES,VALIDE,Facture F-2026-11601
7426,2026-09-18,NULL,8,5039.85,VIREMENT,VALIDE,Dépense Marketing et publicité
7427,2026-09-18,NULL,6,12642.72,CARTE,VALIDE,Dépense Salaires et charges sociales
7428,2026-09-18,NULL,14,3985.41,VIREMENT,VALIDE,Dépense Informatique et logiciels
7429,2026-09-19,43,1,6609.93,CARTE,VALIDE,Facture F-2026-31085
7430,2026-09-19,34,3,86.43,CARTE,VALIDE,Facture F-2026-46878
7431,2026-09-19,61,4,839.80,VIREMENT,VALIDE,Facture F-2026-17058
7432,2026-09-19,56,2,1098.47,VIREMENT,VALIDE,Facture F-2026-43369
7433,2026-09-19,36,1,1882.60,CARTE,EN_ATTENTE,Facture F-2026-74436
7434,2026-09-19,52,2,1908.49,CHEQUE,VALIDE,Facture F-2026-58414
7435,2026-09-19,NULL,14,831.98,CARTE,VALIDE,Dépense Informatique et logiciels
7436,2026-09-19,NULL,12,742.03,MOBILE_MONEY,VALIDE,Dépense Assurances
7437,2026-09-19,NULL,6,17918.16,ESPECES,VALIDE,Dépense Salaires et charges sociales
7438,2026-09-20,45,5,987.76,CARTE,VALIDE,Facture F-2026-58378
7439,2026-09-20,55,2,740.54,CARTE,VALIDE,Facture F-2026-51541
7440,2026-09-20,30,5,598.31,MOBILE_MONEY,VALIDE,Facture F-2026-66117
7441,2026-09-20,NULL,15,593.24,VIREMENT,VALIDE,Dépense Intérêts et frais bancaires
7442,2026-09-20,NULL,7,923.71,ESPECES,VALIDE,Dépense Loyers et immobilier
7443,2026-09-21,36,4,809.49,CARTE,VALIDE,Facture F-2026-70823
7444,2026-09-21,31,5,1011.56,CHEQUE,VALIDE,Facture F-2026-58655
7445,2026-09-21,12,5,1427.74,CHEQUE,VALIDE,Facture F-2026-84112
7446,2026-09-21,21,1,948.74,MOBILE_MONEY,VALIDE,Facture F-2026-95466
7447,2026-09-21,48,3,85.37,VIREMENT,VALIDE,Facture F-2026-45533
7448,2026-09-21,35,2,1243.93,ESPECES,VALIDE,Facture F-2026-81484
7449,2026-09-21,64,4,1028.15,ESPECES,VALIDE,Facture F-2026-52282
7450,2026-09-21,48,5,408.40,CHEQUE,VALIDE,Facture F-2026-63772
7451,2026-09-21,NULL,9,826.65,VIREMENT,VALIDE,Dépense Fournitures et consommables
7452,2026-09-21,NULL,12,846.99,VIREMENT,EN_ATTENTE,Dépense Assurances
7453,2026-09-21,NULL,7,3769.49,CARTE,VALIDE,Dépense Loyers et immobilier
7454,2026-09-21,NULL,11,775.98,CARTE,VALIDE,Dépense Transport et logistique
7455,2026-09-22,51,5,792.97,CARTE,VALIDE,Facture F-2026-81149
7456,2026-09-22,50,1,2511.61,CHEQUE,VALIDE,Facture F-2026-32456
7457,2026-09-22,14,2,868.55,CARTE,VALIDE,Facture F-2026-22589
7458,2026-09-22,19,1,6465.09,ESPECES,EN_ATTENTE,Facture F-2026-99906
7459,2026-09-22,NULL,14,405.87,VIREMENT,VALIDE,Dépense Informatique et logiciels
7460,2026-09-22,NULL,11,160.48,MOBILE_MONEY,VALIDE,Dépense Transport et logistique
7461,2026-09-22,NULL,10,1601.29,CARTE,VALIDE,Dépense Énergie et eau
7462,2026-09-22,NULL,11,3318.22,CARTE,VALIDE,Dépense Transport et logistique
7463,2026-09-23,37,4,769.77,CARTE,VALIDE,Facture F-2026-06688
7464,2026-09-23,19,4,527.95,CHEQUE,VALIDE,Facture F-2026-27425
7465,2026-09-23,38,1,5029.01,ESPECES,VALIDE,Facture F-2026-05922
7466,2026-09-23,64,2,525.85,VIREMENT,VALIDE,Facture F-2026-08784
7467,2026-09-24,26,1,3121.20,CARTE,VALIDE,Facture F-2026-00825
7468,2026-09-24,44,3,328.55,CARTE,VALIDE,Facture F-2026-24835
7469,2026-09-24,11,4,650.59,ESPECES,VALIDE,Facture F-2026-10389
7470,2026-09-24,11,3,179.67,MOBILE_MONEY,VALIDE,Facture F-2026-52571
7471,2026-09-24,41,2,969.30,VIREMENT,VALIDE,Facture F-2026-43231
7472,2026-09-24,55,3,422.39,CHEQUE,VALIDE,Facture F-2026-52118
7473,2026-09-24,25,1,2553.21,CHEQUE,VALIDE,Facture F-2026-29343
7474,2026-09-24,37,2,2020.15,MOBILE_MONEY,VALIDE,Facture F-2026-28937
7475,2026-09-24,NULL,7,1036.43,VIREMENT,VALIDE,Dépense Loyers et immobilier
7476,2026-09-24,NULL,9,976.29,ESPECES,VALIDE,Dépense Fournitures et consommables
7477,2026-09-24,NULL,12,227.10,ESPECES,VALIDE,Dépense Assurances
7478,2026-09-24,NULL,11,2885.55,VIREMENT,VALIDE,Dépense Transport et logistique
7479,2026-09-25,48,1,1010.13,MOBILE_MONEY,VALIDE,Facture F-2026-32936
7480,2026-09-25,19,3,57.00,VIREMENT,VALIDE,Facture F-2026-34495
7481,2026-09-25,NULL,9,150.63,MOBILE_MONEY,VALIDE,Dépense Fournitures et consommables
7482,2026-09-25,NULL,11,5978.34,MOBILE_MONEY,EN_ATTENTE,Dépense Transport et logistique
7483,2026-09-25,NULL,12,158.07,ESPECES,VALIDE,Dépense Assurances
7484,2026-09-25,NULL,7,2514.61,VIREMENT,VALIDE,Dépense Loyers et immobilier
7485,2026-09-26,59,3,318.07,CARTE,VALIDE,Facture F-2026-33461
7486,2026-09-26,23,4,902.55,CARTE,VALIDE,Facture F-2026-86900
7487,2026-09-26,NULL,11,2425.99,ESPECES,VALIDE,Dépense Transport et logistique
7488,2026-09-26,NULL,9,857.51,VIREMENT,VALIDE,Dépense Fournitures et consommables
7489,2026-09-26,NULL,12,853.10,VIREMENT,EN_ATTENTE,Dépense Assurances
7490,2026-09-26,NULL,7,3780.77,CARTE,VALIDE,Dépense Loyers et immobilier
7491,2026-09-27,15,2,945.48,CHEQUE,VALIDE,Facture F-2026-00391
7492,2026-09-27,52,3,173.57,CHEQUE,VALIDE,Facture F-2026-61289
7493,2026-09-27,23,2,304.05,CHEQUE,VALIDE,Facture F-2026-54080
7494,2026-09-27,45,5,1345.65,MOBILE_MONEY,VALIDE,Facture F-2026-17255
7495,2026-09-27,NULL,7,1238.74,CARTE,VALIDE,Dépense Loyers et immobilier
7496,2026-09-27,NULL,11,479.24,MOBILE_MONEY,EN_ATTENTE,Dépense Transport et logistique
7497,2026-09-27,NULL,7,2706.40,ESPECES,VALIDE,Dépense Loyers et immobilier
7498,2026-09-28,7,5,350.32,ESPECES,VALIDE,Facture F-2026-70982
7499,2026-09-28,43,2,615.47,MOBILE_MONEY,VALIDE,Facture F-2026-06780
7500,2026-09-28,45,5,896.31,MOBILE_MONEY,VALIDE,Facture F-2026-69624
7501,2026-09-28,31,4,390.99,CARTE,VALIDE,Facture F-2026-70460
7502,2026-09-28,19,1,2020.37,CARTE,VALIDE,Facture F-2026-56869
7503,2026-09-28,16,4,1038.50,CHEQUE,VALIDE,Facture F-2026-14950
7504,2026-09-28,NULL,10,709.56,MOBILE_MONEY,VALIDE,Dépense Énergie et eau
7505,2026-09-28,NULL,8,7739.69,MOBILE_MONEY,VALIDE,Dépense Marketing et publicité
7506,2026-09-29,34,3,190.58,CHEQUE,VALIDE,Facture F-2026-73999
7507,2026-09-29,38,2,1835.12,CARTE,VALIDE,Facture F-2026-24130
7508,2026-09-29,61,5,1341.79,VIREMENT,VALIDE,Facture F-2026-34679
7509,2026-09-29,37,5,377.61,CHEQUE,VALIDE,Facture F-2026-24117
7510,2026-09-29,NULL,7,1958.55,CARTE,VALIDE,Dépense Loyers et immobilier
7511,2026-09-29,NULL,6,8367.96,ESPECES,VALIDE,Dépense Salaires et charges sociales
7512,2026-09-29,NULL,13,1438.98,MOBILE_MONEY,VALIDE,Dépense Impôts et taxes
7513,2026-09-30,44,2,845.58,VIREMENT,VALIDE,Facture F-2026-39365
7514,2026-09-30,22,1,3145.46,CARTE,VALIDE,Facture F-2026-28627
7515,2026-09-30,NULL,12,467.68,VIREMENT,VALIDE,Dépense Assurances
7516,2026-09-30,NULL,8,6464.09,CARTE,VALIDE,Dépense Marketing et publicité
7517,2026-10-01,36,3,416.06,VIREMENT,VALIDE,Facture F-2026-94247
7518,2026-10-01,54,1,5548.20,ESPECES,VALIDE,Facture F-2026-63615
7519,2026-10-01,19,3,102.44,ESPECES,VALIDE,Facture F-2026-96257
7520,2026-10-01,32,5,1259.61,CARTE,VALIDE,Facture F-2026-95216
7521,2026-10-01,12,5,864.59,MOBILE_MONEY,VALIDE,Facture F-2026-62387
7522,2026-10-01,NULL,13,4366.53,MOBILE_MONEY,VALIDE,Dépense Impôts et taxes
7523,2026-10-01,NULL,10,1428.65,CARTE,VALIDE,Dépense Énergie et eau
7524,2026-10-02,13,1,4284.19,VIREMENT,VALIDE,Facture F-2026-13653
7525,2026-10-02,8,1,2456.94,CARTE,VALIDE,Facture F-2026-31578
7526,2026-10-02,50,3,126.58,MOBILE_MONEY,VALIDE,Facture F-2026-67837
7527,2026-10-02,NULL,6,6706.75,VIREMENT,VALIDE,Dépense Salaires et charges sociales
7528,2026-10-03,29,5,758.76,CHEQUE,VALIDE,Facture F-2026-54619
7529,2026-10-03,53,3,273.40,CARTE,VALIDE,Facture F-2026-02684
7530,2026-10-03,39,2,2094.61,CHEQUE,EN_ATTENTE,Facture F-2026-32271
7531,2026-10-03,14,3,335.43,MOBILE_MONEY,VALIDE,Facture F-2026-91239
7532,2026-10-03,33,3,100.36,CARTE,VALIDE,Facture F-2026-05650
7533,2026-10-03,NULL,12,1410.55,ESPECES,VALIDE,Dépense Assurances
7534,2026-10-03,NULL,9,1055.35,MOBILE_MONEY,VALIDE,Dépense Fournitures et consommables
7535,2026-10-03,NULL,8,8094.00,ESPECES,VALIDE,Dépense Marketing et publicité
7536,2026-10-03,NULL,6,4678.97,CARTE,VALIDE,Dépense Salaires et charges sociales
7537,2026-10-04,21,4,494.63,MOBILE_MONEY,VALIDE,Facture F-2026-37465
7538,2026-10-04,1,5,934.12,MOBILE_MONEY,VALIDE,Facture F-2026-94720
7539,2026-10-04,30,2,1179.62,CHEQUE,VALIDE,Facture F-2026-12419
7540,2026-10-04,NULL,11,3349.53,VIREMENT,VALIDE,Dépense Transport et logistique
7541,2026-10-04,NULL,8,1263.32,CARTE,EN_ATTENTE,Dépense Marketing et publicité
7542,2026-10-04,NULL,7,2660.25,ESPECES,VALIDE,Dépense Loyers et immobilier
7543,2026-10-05,64,4,1006.50,VIREMENT,VALIDE,Facture F-2026-93642
7544,2026-10-05,49,5,330.24,CARTE,VALIDE,Facture F-2026-85913
7545,2026-10-05,60,1,2436.74,CARTE,VALIDE,Facture F-2026-57325
7546,2026-10-05,36,1,4491.86,CARTE,VALIDE,Facture F-2026-64737
7547,2026-10-05,6,5,329.11,CARTE,VALIDE,Facture F-2026-69024
7548,2026-10-05,NULL,8,1024.68,ESPECES,VALIDE,Dépense Marketing et publicité
7549,2026-10-06,46,3,55.38,MOBILE_MONEY,VALIDE,Facture F-2026-17591
7550,2026-10-06,38,2,583.00,MOBILE_MONEY,VALIDE,Facture F-2026-86416
7551,2026-10-06,30,4,653.35,VIREMENT,VALIDE,Facture F-2026-30315
7552,2026-10-06,42,4,230.38,CARTE,VALIDE,Facture F-2026-61463
7553,2026-10-06,NULL,14,930.69,CARTE,VALIDE,Dépense Informatique et logiciels
7554,2026-10-06,NULL,12,594.72,ESPECES,VALIDE,Dépense Assurances
7555,2026-10-07,21,2,1803.27,CHEQUE,VALIDE,Facture F-2026-34850
7556,2026-10-07,17,5,1104.53,VIREMENT,VALIDE,Facture F-2026-10683
7557,2026-10-07,63,5,593.44,CHEQUE,VALIDE,Facture F-2026-58447
7558,2026-10-07,45,5,1189.46,VIREMENT,VALIDE,Facture F-2026-27651
7559,2026-10-07,22,5,490.99,ESPECES,VALIDE,Facture F-2026-73156
7560,2026-10-07,NULL,6,18356.91,ESPECES,VALIDE,Dépense Salaires et charges sociales
7561,2026-10-07,NULL,11,2129.81,CARTE,VALIDE,Dépense Transport et logistique
7562,2026-10-07,NULL,10,575.03,MOBILE_MONEY,VALIDE,Dépense Énergie et eau
7563,2026-10-07,NULL,15,741.55,ESPECES,VALIDE,Dépense Intérêts et frais bancaires
7564,2026-10-08,41,2,1263.75,CARTE,VALIDE,Facture F-2026-85022
7565,2026-10-08,63,3,163.53,CHEQUE,VALIDE,Facture F-2026-11826
7566,2026-10-08,23,2,1647.38,MOBILE_MONEY,VALIDE,Facture F-2026-46256
7567,2026-10-08,42,2,1386.93,ESPECES,VALIDE,Facture F-2026-67496
7568,2026-10-08,2,3,411.95,ESPECES,VALIDE,Facture F-2026-32964
7569,2026-10-08,51,1,3439.12,MOBILE_MONEY,VALIDE,Facture F-2026-64485
7570,2026-10-08,55,1,5673.22,MOBILE_MONEY,VALIDE,Facture F-2026-62044
7571,2026-10-08,NULL,15,799.97,MOBILE_MONEY,VALIDE,Dépense Intérêts et frais bancaires
7572,2026-10-08,NULL,13,771.27,MOBILE_MONEY,EN_ATTENTE,Dépense Impôts et taxes
7573,2026-10-08,NULL,9,1573.40,VIREMENT,VALIDE,Dépense Fournitures et consommables
7574,2026-10-08,NULL,13,422.26,VIREMENT,VALIDE,Dépense Impôts et taxes
7575,2026-10-09,11,3,194.04,ESPECES,VALIDE,Facture F-2026-81820
7576,2026-10-09,48,3,183.01,CARTE,VALIDE,Facture F-2026-38908
7577,2026-10-09,59,3,146.58,CHEQUE,VALIDE,Facture F-2026-42939
7578,2026-10-09,NULL,8,2666.61,ESPECES,EN_ATTENTE,Dépense Marketing et publicité
7579,2026-10-09,NULL,10,1847.44,VIREMENT,VALIDE,Dépense Énergie et eau
7580,2026-10-09,NULL,12,1676.56,VIREMENT,VALIDE,Dépense Assurances
7581,2026-10-10,32,2,606.75,CARTE,VALIDE,Facture F-2026-71826
7582,2026-10-10,2,3,365.74,VIREMENT,VALIDE,Facture F-2026-52066
7583,2026-10-10,8,2,1407.04,ESPECES,VALIDE,Facture F-2026-81567
7584,2026-10-10,39,3,343.21,CARTE,VALIDE,Facture F-2026-31745
7585,2026-10-10,46,4,524.09,ESPECES,VALIDE,Facture F-2026-04931
7586,2026-10-10,49,1,1743.96,MOBILE_MONEY,VALIDE,Facture F-2026-10530
7587,2026-10-10,NULL,6,12513.54,MOBILE_MONEY,VALIDE,Dépense Salaires et charges sociales
7588,2026-10-10,NULL,9,820.62,VIREMENT,VALIDE,Dépense Fournitures et consommables
7589,2026-10-10,NULL,8,1731.61,CARTE,EN_ATTENTE,Dépense Marketing et publicité
7590,2026-10-10,NULL,6,19681.44,MOBILE_MONEY,VALIDE,Dépense Salaires et charges sociales
7591,2026-10-11,26,3,298.75,CHEQUE,VALIDE,Facture F-2026-64597
7592,2026-10-11,4,3,238.57,ESPECES,VALIDE,Facture F-2026-64486
7593,2026-10-11,7,3,153.07,CARTE,VALIDE,Facture F-2026-28473
7594,2026-10-11,15,5,1135.08,CHEQUE,VALIDE,Facture F-2026-30511
7595,2026-10-11,NULL,15,40.87,CARTE,VALIDE,Dépense Intérêts et frais bancaires
7596,2026-10-11,NULL,8,4794.08,ESPECES,VALIDE,Dépense Marketing et publicité
7597,2026-10-11,NULL,8,1148.93,ESPECES,VALIDE,Dépense Marketing et publicité
7598,2026-10-12,37,5,728.57,ESPECES,VALIDE,Facture F-2026-49836
7599,2026-10-12,23,3,52.62,VIREMENT,EN_ATTENTE,Facture F-2026-28624
7600,2026-10-12,18,2,1589.70,VIREMENT,VALIDE,Facture F-2026-81278
7601,2026-10-12,65,3,247.81,VIREMENT,VALIDE,Facture F-2026-01426
7602,2026-10-12,4,2,1393.46,CARTE,VALIDE,Facture F-2026-65748
7603,2026-10-12,11,2,468.12,ESPECES,VALIDE,Facture F-2026-35487
7604,2026-10-12,NULL,8,4102.39,MOBILE_MONEY,VALIDE,Dépense Marketing et publicité
7605,2026-10-12,NULL,13,3478.32,CARTE,VALIDE,Dépense Impôts et taxes
7606,2026-10-12,NULL,7,2643.80,ESPECES,VALIDE,Dépense Loyers et immobilier
7607,2026-10-12,NULL,10,698.61,CARTE,VALIDE,Dépense Énergie et eau
7608,2026-10-13,30,5,750.11,ESPECES,VALIDE,Facture F-2026-98173
7609,2026-10-13,15,2,1005.93,ESPECES,VALIDE,Facture F-2026-97683
7610,2026-10-13,NULL,12,727.24,MOBILE_MONEY,VALIDE,Dépense Assurances
7611,2026-10-13,NULL,9,2442.80,CARTE,VALIDE,Dépense Fournitures et consommables
7612,2026-10-14,47,5,1202.68,MOBILE_MONEY,VALIDE,Facture F-2026-32614
7613,2026-10-14,3,2,1428.11,CHEQUE,VALIDE,Facture F-2026-12337
7614,2026-10-14,61,4,873.39,CHEQUE,VALIDE,Facture F-2026-14379
7615,2026-10-14,4,1,7421.64,CHEQUE,VALIDE,Facture F-2026-38232
7616,2026-10-14,6,2,1509.90,CARTE,EN_ATTENTE,Facture F-2026-64910
7617,2026-10-14,12,1,6288.97,ESPECES,VALIDE,Facture F-2026-72211
7618,2026-10-14,25,4,966.86,VIREMENT,VALIDE,Facture F-2026-69153
7619,2026-10-14,NULL,10,1035.73,MOBILE_MONEY,VALIDE,Dépense Énergie et eau
7620,2026-10-14,NULL,15,738.12,VIREMENT,VALIDE,Dépense Intérêts et frais bancaires
7621,2026-10-14,NULL,11,5661.84,VIREMENT,VALIDE,Dépense Transport et logistique
7622,2026-10-14,NULL,13,4522.45,MOBILE_MONEY,VALIDE,Dépense Impôts et taxes
7623,2026-10-15,12,5,550.78,CHEQUE,VALIDE,Facture F-2026-85717
7624,2026-10-15,58,5,1196.49,VIREMENT,VALIDE,Facture F-2026-58770
7625,2026-10-15,39,1,5909.13,VIREMENT,VALIDE,Facture F-2026-65662
7626,2026-10-15,13,3,305.17,CARTE,VALIDE,Facture F-2026-81175
7627,2026-10-15,58,1,3624.73,ESPECES,VALIDE,Facture F-2026-95974
7628,2026-10-15,64,4,796.83,CARTE,VALIDE,Facture F-2026-00072
7629,2026-10-15,NULL,11,712.24,VIREMENT,VALIDE,Dépense Transport et logistique
7630,2026-10-15,NULL,6,20462.78,MOBILE_MONEY,VALIDE,Dépense Salaires et charges sociales
7631,2026-10-16,60,3,106.31,CARTE,VALIDE,Facture F-2026-81783
7632,2026-10-16,12,1,4229.15,CHEQUE,VALIDE,Facture F-2026-75736
7633,2026-10-16,40,1,3904.09,MOBILE_MONEY,VALIDE,Facture F-2026-27708
7634,2026-10-16,18,1,2543.60,CARTE,VALIDE,Facture F-2026-28095
7635,2026-10-16,64,2,718.46,VIREMENT,VALIDE,Facture F-2026-53508
7636,2026-10-16,50,2,2119.72,MOBILE_MONEY,VALIDE,Facture F-2026-34344
7637,2026-10-16,NULL,10,213.75,VIREMENT,EN_ATTENTE,Dépense Énergie et eau
7638,2026-10-16,NULL,8,311.51,MOBILE_MONEY,VALIDE,Dépense Marketing et publicité
7639,2026-10-16,NULL,6,16141.18,VIREMENT,VALIDE,Dépense Salaires et charges sociales
7640,2026-10-17,25,3,218.71,MOBILE_MONEY,VALIDE,Facture F-2026-14069
7641,2026-10-17,2,1,6309.78,CHEQUE,VALIDE,Facture F-2026-06729
7642,2026-10-17,33,3,397.43,MOBILE_MONEY,VALIDE,Facture F-2026-41536
7643,2026-10-17,7,1,2466.09,MOBILE_MONEY,VALIDE,Facture F-2026-12001
7644,2026-10-17,54,5,986.15,CARTE,VALIDE,Facture F-2026-46949
7645,2026-10-17,52,5,798.73,CARTE,VALIDE,Facture F-2026-82596
7646,2026-10-17,38,3,321.10,VIREMENT,VALIDE,Facture F-2026-09048
7647,2026-10-17,NULL,8,7716.56,MOBILE_MONEY,VALIDE,Dépense Marketing et publicité
7648,2026-10-17,NULL,7,2513.15,VIREMENT,VALIDE,Dépense Loyers et immobilier
7649,2026-10-17,NULL,10,997.42,CARTE,VALIDE,Dépense Énergie et eau
7650,2026-10-18,35,1,2349.91,CHEQUE,VALIDE,Facture F-2026-29808
7651,2026-10-18,50,5,330.13,VIREMENT,VALIDE,Facture F-2026-52763
7652,2026-10-18,13,4,905.61,MOBILE_MONEY,VALIDE,Facture F-2026-19001
7653,2026-10-18,NULL,7,3355.56,VIREMENT,EN_ATTENTE,Dépense Loyers et immobilier
7654,2026-10-18,NULL,9,892.92,ESPECES,VALIDE,Dépense Fournitures et consommables
7655,2026-10-19,62,4,1027.95,VIREMENT,VALIDE,Facture F-2026-71902
7656,2026-10-19,42,4,1091.65,VIREMENT,VALIDE,Facture F-2026-23410
7657,2026-10-19,25,3,306.57,ESPECES,VALIDE,Facture F-2026-64156
7658,2026-10-19,NULL,8,2840.56,CARTE,EN_ATTENTE,Dépense Marketing et publicité
7659,2026-10-20,27,4,246.36,CHEQUE,VALIDE,Facture F-2026-15700
7660,2026-10-20,40,3,362.77,VIREMENT,VALIDE,Facture F-2026-22125
7661,2026-10-20,9,1,1831.69,VIREMENT,VALIDE,Facture F-2026-69137
7662,2026-10-20,35,4,660.13,CARTE,VALIDE,Facture F-2026-91802
7663,2026-10-20,3,1,5750.48,CHEQUE,VALIDE,Facture F-2026-66062
7664,2026-10-20,17,4,518.39,CARTE,VALIDE,Facture F-2026-48658
7665,2026-10-20,12,3,182.52,ESPECES,VALIDE,Facture F-2026-22234
7666,2026-10-20,26,1,6940.77,CARTE,VALIDE,Facture F-2026-89462
7667,2026-10-20,NULL,11,297.76,ESPECES,VALIDE,Dépense Transport et logistique
7668,2026-10-20,NULL,9,1432.03,VIREMENT,VALIDE,Dépense Fournitures et consommables
7669,2026-10-20,NULL,7,2116.95,ESPECES,VALIDE,Dépense Loyers et immobilier
7670,2026-10-21,25,4,226.99,VIREMENT,VALIDE,Facture F-2026-95001
7671,2026-10-21,63,4,709.32,CHEQUE,EN_ATTENTE,Facture F-2026-01382
7672,2026-10-21,57,4,221.47,CARTE,VALIDE,Facture F-2026-64423
7673,2026-10-21,1,1,3631.37,CHEQUE,VALIDE,Facture F-2026-51103
7674,2026-10-21,23,2,1439.55,CARTE,VALIDE,Facture F-2026-76161
7675,2026-10-21,65,3,291.19,CARTE,VALIDE,Facture F-2026-30627
7676,2026-10-21,NULL,12,1958.92,VIREMENT,VALIDE,Dépense Assurances
7677,2026-10-21,NULL,15,706.77,ESPECES,VALIDE,Dépense Intérêts et frais bancaires
7678,2026-10-21,NULL,11,4142.77,ESPECES,VALIDE,Dépense Transport et logistique
7679,2026-10-22,22,5,1315.38,ESPECES,EN_ATTENTE,Facture F-2026-68187
7680,2026-10-22,6,2,1631.92,ESPECES,VALIDE,Facture F-2026-58932
7681,2026-10-22,64,2,1822.04,CARTE,VALIDE,Facture F-2026-01201
7682,2026-10-22,NULL,13,761.78,MOBILE_MONEY,VALIDE,Dépense Impôts et taxes
7683,2026-10-23,8,4,403.88,MOBILE_MONEY,VALIDE,Facture F-2026-11405
7684,2026-10-23,3,2,880.92,CHEQUE,VALIDE,Facture F-2026-80808
7685,2026-10-23,27,3,196.89,CHEQUE,VALIDE,Facture F-2026-19584
7686,2026-10-23,59,2,1456.34,CARTE,VALIDE,Facture F-2026-08257
7687,2026-10-23,22,3,83.03,CHEQUE,VALIDE,Facture F-2026-07327
7688,2026-10-23,62,2,320.30,VIREMENT,VALIDE,Facture F-2026-07135
7689,2026-10-23,5,5,1211.05,MOBILE_MONEY,VALIDE,Facture F-2026-88601
7690,2026-10-23,22,5,1119.76,CHEQUE,VALIDE,Facture F-2026-67009
7691,2026-10-23,NULL,14,2815.94,MOBILE_MONEY,VALIDE,Dépense Informatique et logiciels
7692,2026-10-24,10,1,2526.16,VIREMENT,VALIDE,Facture F-2026-83171
7693,2026-10-24,8,5,1307.39,MOBILE_MONEY,VALIDE,Facture F-2026-59701
7694,2026-10-24,39,5,668.40,CHEQUE,VALIDE,Facture F-2026-34365
7695,2026-10-24,62,2,1344.33,CARTE,VALIDE,Facture F-2026-57102
7696,2026-10-24,NULL,7,2888.73,MOBILE_MONEY,VALIDE,Dépense Loyers et immobilier
7697,2026-10-24,NULL,6,16285.49,MOBILE_MONEY,VALIDE,Dépense Salaires et charges sociales
7698,2026-10-25,35,4,631.06,ESPECES,VALIDE,Facture F-2026-17143
7699,2026-10-25,2,2,580.82,CHEQUE,VALIDE,Facture F-2026-46564
7700,2026-10-25,NULL,7,1905.91,CARTE,VALIDE,Dépense Loyers et immobilier
7701,2026-10-25,NULL,8,6873.31,CARTE,VALIDE,Dépense Marketing et publicité
7702,2026-10-25,NULL,14,1993.45,ESPECES,VALIDE,Dépense Informatique et logiciels
7703,2026-10-26,61,3,101.25,CHEQUE,VALIDE,Facture F-2026-02268
7704,2026-10-26,20,2,1513.86,VIREMENT,VALIDE,Facture F-2026-62615
7705,2026-10-26,42,2,794.28,CHEQUE,VALIDE,Facture F-2026-59692
7706,2026-10-26,11,2,1463.23,ESPECES,VALIDE,Facture F-2026-59683
7707,2026-10-26,62,4,676.24,CARTE,VALIDE,Facture F-2026-93964
7708,2026-10-26,59,4,487.07,MOBILE_MONEY,VALIDE,Facture F-2026-71871
7709,2026-10-26,58,5,1477.71,CARTE,VALIDE,Facture F-2026-40159
7710,2026-10-26,14,4,1172.09,CARTE,VALIDE,Facture F-2026-61599
7711,2026-10-26,NULL,12,1666.76,VIREMENT,VALIDE,Dépense Assurances
7712,2026-10-26,NULL,8,7464.78,VIREMENT,VALIDE,Dépense Marketing et publicité
7713,2026-10-27,61,5,1138.68,ESPECES,VALIDE,Facture F-2026-52170
7714,2026-10-27,18,2,650.14,CHEQUE,VALIDE,Facture F-2026-64940
7715,2026-10-27,33,3,449.48,ESPECES,VALIDE,Facture F-2026-06255
7716,2026-10-27,8,3,166.73,MOBILE_MONEY,VALIDE,Facture F-2026-69222
7717,2026-10-27,55,5,617.86,VIREMENT,VALIDE,Facture F-2026-97394
7718,2026-10-27,NULL,15,396.07,ESPECES,VALIDE,Dépense Intérêts et frais bancaires
7719,2026-10-27,NULL,12,1377.10,CARTE,VALIDE,Dépense Assurances
7720,2026-10-28,61,4,820.97,MOBILE_MONEY,VALIDE,Facture F-2026-42477
7721,2026-10-28,59,4,823.33,VIREMENT,VALIDE,Facture F-2026-63488
7722,2026-10-28,65,5,365.70,CARTE,VALIDE,Facture F-2026-55171
7723,2026-10-28,37,1,5405.26,CHEQUE,VALIDE,Facture F-2026-07474
7724,2026-10-28,13,5,644.06,ESPECES,VALIDE,Facture F-2026-07304
7725,2026-10-28,53,4,454.56,CARTE,VALIDE,Facture F-2026-83775
7726,2026-10-28,NULL,14,3651.32,VIREMENT,VALIDE,Dépense Informatique et logiciels
7727,2026-10-29,54,1,525.15,CHEQUE,VALIDE,Facture F-2026-79765
7728,2026-10-29,43,4,655.26,VIREMENT,VALIDE,Facture F-2026-94157
7729,2026-10-29,30,1,1106.73,VIREMENT,VALIDE,Facture F-2026-10308
7730,2026-10-29,41,2,396.72,MOBILE_MONEY,VALIDE,Facture F-2026-49787
7731,2026-10-29,43,4,548.34,CHEQUE,VALIDE,Facture F-2026-22566
7732,2026-10-29,39,5,768.88,MOBILE_MONEY,VALIDE,Facture F-2026-60106
7733,2026-10-29,NULL,13,914.34,VIREMENT,VALIDE,Dépense Impôts et taxes
7734,2026-10-29,NULL,11,1181.74,CARTE,VALIDE,Dépense Transport et logistique
7735,2026-10-29,NULL,8,7454.37,MOBILE_MONEY,EN_ATTENTE,Dépense Marketing et publicité
7736,2026-10-30,27,1,4189.76,ESPECES,VALIDE,Facture F-2026-47612
7737,2026-10-30,10,3,135.70,ESPECES,VALIDE,Facture F-2026-15005
7738,2026-10-30,2,5,823.75,CARTE,VALIDE,Facture F-2026-60975
7739,2026-10-30,29,3,377.96,ESPECES,VALIDE,Facture F-2026-14145
7740,2026-10-30,12,2,2055.17,MOBILE_MONEY,VALIDE,Facture F-2026-71825
7741,2026-10-30,NULL,15,528.21,VIREMENT,VALIDE,Dépense Intérêts et frais bancaires
7742,2026-10-30,NULL,10,307.12,CARTE,VALIDE,Dépense Énergie et eau
7743,2026-10-31,36,1,2992.57,MOBILE_MONEY,VALIDE,Facture F-2026-40131
7744,2026-10-31,9,1,3561.82,MOBILE_MONEY,VALIDE,Facture F-2026-64081
7745,2026-10-31,49,4,720.20,CARTE,VALIDE,Facture F-2026-71697
7746,2026-10-31,5,4,595.80,MOBILE_MONEY,VALIDE,Facture F-2026-33378
7747,2026-10-31,50,4,740.64,ESPECES,VALIDE,Facture F-2026-68666
7748,2026-10-31,34,4,659.66,CARTE,VALIDE,Facture F-2026-30496
7749,2026-10-31,NULL,7,3626.54,MOBILE_MONEY,VALIDE,Dépense Loyers et immobilier
7750,2026-11-01,13,3,282.65,CHEQUE,VALIDE,Facture F-2026-75089
7751,2026-11-01,49,4,1137.58,ESPECES,VALIDE,Facture F-2026-42160
7752,2026-11-01,NULL,15,690.87,CARTE,VALIDE,Dépense Intérêts et frais bancaires
7753,2026-11-01,NULL,13,1878.80,CARTE,VALIDE,Dépense Impôts et taxes
7754,2026-11-01,NULL,10,1015.76,CARTE,VALIDE,Dépense Énergie et eau
7755,2026-11-02,49,3,109.01,VIREMENT,VALIDE,Facture F-2026-34023
7756,2026-11-02,10,4,1038.77,CARTE,VALIDE,Facture F-2026-87710
7757,2026-11-02,37,4,1122.10,MOBILE_MONEY,EN_ATTENTE,Facture F-2026-15157
7758,2026-11-02,3,3,322.10,ESPECES,VALIDE,Facture F-2026-30836
7759,2026-11-02,57,3,310.96,CARTE,VALIDE,Facture F-2026-21088
7760,2026-11-02,43,3,405.34,MOBILE_MONEY,VALIDE,Facture F-2026-56762
7761,2026-11-02,NULL,10,1945.87,CARTE,VALIDE,Dépense Énergie et eau
7762,2026-11-03,34,4,935.05,CARTE,VALIDE,Facture F-2026-96843
7763,2026-11-03,53,5,553.68,ESPECES,VALIDE,Facture F-2026-22286
7764,2026-11-03,29,5,1171.65,ESPECES,EN_ATTENTE,Facture F-2026-23731
7765,2026-11-03,54,5,789.31,ESPECES,VALIDE,Facture F-2026-33057
7766,2026-11-03,NULL,6,7465.55,MOBILE_MONEY,VALIDE,Dépense Salaires et charges sociales
7767,2026-11-04,32,2,738.99,ESPECES,VALIDE,Facture F-2026-35102
7768,2026-11-04,37,1,3667.29,ESPECES,VALIDE,Facture F-2026-14547
7769,2026-11-04,26,3,165.06,CARTE,EN_ATTENTE,Facture F-2026-32664
7770,2026-11-04,NULL,15,424.67,VIREMENT,VALIDE,Dépense Intérêts et frais bancaires
7771,2026-11-04,NULL,13,3547.76,MOBILE_MONEY,VALIDE,Dépense Impôts et taxes
7772,2026-11-05,47,4,766.25,MOBILE_MONEY,VALIDE,Facture F-2026-52030
7773,2026-11-05,29,5,517.32,ESPECES,VALIDE,Facture F-2026-85996
7774,2026-11-05,21,5,1080.68,ESPECES,VALIDE,Facture F-2026-49603
7775,2026-11-05,34,1,4707.43,ESPECES,VALIDE,Facture F-2026-25151
7776,2026-11-05,10,1,1944.26,CARTE,VALIDE,Facture F-2026-69800
7777,2026-11-05,42,2,437.98,VIREMENT,VALIDE,Facture F-2026-89640
7778,2026-11-05,41,3,346.56,CHEQUE,VALIDE,Facture F-2026-78590
7779,2026-11-05,44,4,699.98,VIREMENT,VALIDE,Facture F-2026-70467
7780,2026-11-05,NULL,14,2543.78,CARTE,VALIDE,Dépense Informatique et logiciels
7781,2026-11-06,3,2,1173.83,CARTE,VALIDE,Facture F-2026-08698
7782,2026-11-06,35,5,1260.31,ESPECES,VALIDE,Facture F-2026-64743
7783,2026-11-06,11,2,492.97,MOBILE_MONEY,VALIDE,Facture F-2026-80415
7784,2026-11-06,8,2,1522.71,CHEQUE,VALIDE,Facture F-2026-53626
7785,2026-11-06,56,1,7395.33,CHEQUE,VALIDE,Facture F-2026-96588
7786,2026-11-06,NULL,9,874.25,ESPECES,VALIDE,Dépense Fournitures et consommables
7787,2026-11-06,NULL,13,411.29,VIREMENT,EN_ATTENTE,Dépense Impôts et taxes
7788,2026-11-06,NULL,7,1208.27,VIREMENT,VALIDE,Dépense Loyers et immobilier
7789,2026-11-06,NULL,6,17819.09,VIREMENT,VALIDE,Dépense Salaires et charges sociales
7790,2026-11-07,65,5,592.12,ESPECES,VALIDE,Facture F-2026-83541
7791,2026-11-07,5,5,1029.72,CARTE,EN_ATTENTE,Facture F-2026-51558
7792,2026-11-07,63,2,1986.41,CARTE,VALIDE,Facture F-2026-89914
7793,2026-11-07,49,5,369.98,VIREMENT,VALIDE,Facture F-2026-60534
7794,2026-11-07,33,5,1352.83,CHEQUE,VALIDE,Facture F-2026-47737
7795,2026-11-07,55,5,1066.78,ESPECES,VALIDE,Facture F-2026-79697
7796,2026-11-07,NULL,6,12746.04,CARTE,VALIDE,Dépense Salaires et charges sociales
7797,2026-11-07,NULL,10,477.01,MOBILE_MONEY,VALIDE,Dépense Énergie et eau
7798,2026-11-08,32,3,405.25,CARTE,VALIDE,Facture F-2026-90905
7799,2026-11-08,62,3,107.46,CHEQUE,VALIDE,Facture F-2026-00434
7800,2026-11-08,58,1,6823.91,ESPECES,VALIDE,Facture F-2026-15699
7801,2026-11-08,NULL,7,2947.31,ESPECES,VALIDE,Dépense Loyers et immobilier
7802,2026-11-08,NULL,15,454.76,MOBILE_MONEY,VALIDE,Dépense Intérêts et frais bancaires
7803,2026-11-09,57,5,978.35,CARTE,VALIDE,Facture F-2026-55384
7804,2026-11-09,25,3,314.66,CHEQUE,VALIDE,Facture F-2026-18468
7805,2026-11-09,26,5,1480.95,MOBILE_MONEY,VALIDE,Facture F-2026-32345
7806,2026-11-09,63,2,1437.56,CARTE,VALIDE,Facture F-2026-97133
7807,2026-11-09,NULL,14,2436.39,ESPECES,VALIDE,Dépense Informatique et logiciels
7808,2026-11-09,NULL,15,475.50,VIREMENT,VALIDE,Dépense Intérêts et frais bancaires
7809,2026-11-09,NULL,10,810.35,VIREMENT,VALIDE,Dépense Énergie et eau
7810,2026-11-10,60,2,1731.48,VIREMENT,VALIDE,Facture F-2026-48535
7811,2026-11-10,38,1,6320.12,MOBILE_MONEY,VALIDE,Facture F-2026-80120
7812,2026-11-10,30,4,1167.17,ESPECES,VALIDE,Facture F-2026-42148
7813,2026-11-10,11,5,468.86,MOBILE_MONEY,VALIDE,Facture F-2026-25132
7814,2026-11-10,25,4,1183.59,VIREMENT,VALIDE,Facture F-2026-32397
7815,2026-11-10,NULL,11,1644.58,ESPECES,VALIDE,Dépense Transport et logistique
7816,2026-11-10,NULL,9,984.24,CARTE,VALIDE,Dépense Fournitures et consommables
7817,2026-11-10,NULL,12,2105.96,ESPECES,VALIDE,Dépense Assurances
7818,2026-11-10,NULL,6,10349.86,ESPECES,VALIDE,Dépense Salaires et charges sociales
7819,2026-11-11,53,2,399.13,VIREMENT,VALIDE,Facture F-2026-43506
7820,2026-11-11,28,4,1173.32,VIREMENT,VALIDE,Facture F-2026-97277
7821,2026-11-11,44,5,974.60,ESPECES,VALIDE,Facture F-2026-23271
7822,2026-11-11,33,1,2967.63,CARTE,VALIDE,Facture F-2026-53340
7823,2026-11-11,NULL,6,8610.85,CARTE,VALIDE,Dépense Salaires et charges sociales
7824,2026-11-11,NULL,9,1549.00,CARTE,VALIDE,Dépense Fournitures et consommables
7825,2026-11-11,NULL,11,2350.70,CARTE,VALIDE,Dépense Transport et logistique
7826,2026-11-12,39,2,321.89,ESPECES,VALIDE,Facture F-2026-55007
7827,2026-11-12,40,1,6916.80,CHEQUE,VALIDE,Facture F-2026-59696
7828,2026-11-12,58,3,383.66,VIREMENT,VALIDE,Facture F-2026-99247
7829,2026-11-12,41,1,5699.82,VIREMENT,VALIDE,Facture F-2026-03459
7830,2026-11-12,21,2,1656.00,CARTE,VALIDE,Facture F-2026-70175
7831,2026-11-12,55,3,231.23,CARTE,VALIDE,Facture F-2026-59803
7832,2026-11-12,48,3,430.89,VIREMENT,VALIDE,Facture F-2026-82376
7833,2026-11-12,NULL,10,806.12,VIREMENT,VALIDE,Dépense Énergie et eau
7834,2026-11-12,NULL,15,399.92,MOBILE_MONEY,VALIDE,Dépense Intérêts et frais bancaires
7835,2026-11-12,NULL,14,1320.00,VIREMENT,VALIDE,Dépense Informatique et logiciels
7836,2026-11-12,NULL,8,890.36,MOBILE_MONEY,VALIDE,Dépense Marketing et publicité
7837,2026-11-13,19,3,381.52,CHEQUE,VALIDE,Facture F-2026-04320
7838,2026-11-13,1,4,339.18,VIREMENT,VALIDE,Facture F-2026-82891
7839,2026-11-13,47,2,1870.79,MOBILE_MONEY,VALIDE,Facture F-2026-10413
7840,2026-11-13,35,1,1373.52,CHEQUE,VALIDE,Facture F-2026-27026
7841,2026-11-13,25,5,708.09,CHEQUE,VALIDE,Facture F-2026-73491
7842,2026-11-13,NULL,11,5107.63,VIREMENT,VALIDE,Dépense Transport et logistique
7843,2026-11-13,NULL,13,975.09,ESPECES,VALIDE,Dépense Impôts et taxes
7844,2026-11-13,NULL,8,7049.45,VIREMENT,VALIDE,Dépense Marketing et publicité
7845,2026-11-13,NULL,8,5178.88,MOBILE_MONEY,VALIDE,Dépense Marketing et publicité
7846,2026-11-14,26,2,2151.85,ESPECES,VALIDE,Facture F-2026-40222
7847,2026-11-14,23,3,125.36,CHEQUE,VALIDE,Facture F-2026-09305
7848,2026-11-14,57,5,1322.06,MOBILE_MONEY,VALIDE,Facture F-2026-97241
7849,2026-11-14,2,5,443.64,CARTE,VALIDE,Facture F-2026-41943
7850,2026-11-14,28,1,5291.60,MOBILE_MONEY,VALIDE,Facture F-2026-81789
7851,2026-11-14,29,4,1085.29,CHEQUE,VALIDE,Facture F-2026-29148
7852,2026-11-14,21,2,1880.17,CHEQUE,VALIDE,Facture F-2026-19529
7853,2026-11-14,NULL,8,2786.97,ESPECES,VALIDE,Dépense Marketing et publicité
7854,2026-11-14,NULL,15,739.09,ESPECES,VALIDE,Dépense Intérêts et frais bancaires
7855,2026-11-14,NULL,9,556.82,CARTE,VALIDE,Dépense Fournitures et consommables
7856,2026-11-14,NULL,10,1282.99,VIREMENT,VALIDE,Dépense Énergie et eau
7857,2026-11-15,51,5,403.33,VIREMENT,VALIDE,Facture F-2026-08767
7858,2026-11-15,48,5,1245.77,CARTE,VALIDE,Facture F-2026-16989
7859,2026-11-15,48,2,2054.88,CARTE,VALIDE,Facture F-2026-89721
7860,2026-11-15,41,4,293.86,CHEQUE,VALIDE,Facture F-2026-92953
7861,2026-11-15,13,4,758.59,ESPECES,VALIDE,Facture F-2026-58862
7862,2026-11-15,NULL,7,4714.84,CARTE,VALIDE,Dépense Loyers et immobilier
7863,2026-11-16,51,2,297.86,CARTE,VALIDE,Facture F-2026-73205
7864,2026-11-16,34,1,1429.61,CARTE,VALIDE,Facture F-2026-54544
7865,2026-11-16,8,1,1453.51,CARTE,VALIDE,Facture F-2026-15997
7866,2026-11-16,63,2,2087.73,CARTE,VALIDE,Facture F-2026-93632
7867,2026-11-16,49,1,3210.04,CARTE,VALIDE,Facture F-2026-37369
7868,2026-11-16,56,4,1074.13,ESPECES,VALIDE,Facture F-2026-83190
7869,2026-11-16,NULL,12,1657.91,VIREMENT,EN_ATTENTE,Dépense Assurances
7870,2026-11-16,NULL,15,593.30,MOBILE_MONEY,VALIDE,Dépense Intérêts et frais bancaires
7871,2026-11-16,NULL,6,17814.58,MOBILE_MONEY,VALIDE,Dépense Salaires et charges sociales
7872,2026-11-17,59,1,7016.37,VIREMENT,VALIDE,Facture F-2026-02128
7873,2026-11-17,19,1,2141.87,CHEQUE,VALIDE,Facture F-2026-02253
7874,2026-11-17,NULL,13,2283.42,CARTE,VALIDE,Dépense Impôts et taxes
7875,2026-11-18,58,2,1357.68,ESPECES,EN_ATTENTE,Facture F-2026-68833
7876,2026-11-18,60,1,7444.75,VIREMENT,VALIDE,Facture F-2026-66615
7877,2026-11-18,59,5,979.59,CHEQUE,VALIDE,Facture F-2026-77748
7878,2026-11-18,20,5,1192.62,MOBILE_MONEY,VALIDE,Facture F-2026-22329
7879,2026-11-18,12,3,119.29,VIREMENT,VALIDE,Facture F-2026-63741
7880,2026-11-18,NULL,11,5421.45,CARTE,EN_ATTENTE,Dépense Transport et logistique
7881,2026-11-18,NULL,8,253.05,ESPECES,VALIDE,Dépense Marketing et publicité
7882,2026-11-18,NULL,13,3822.41,ESPECES,VALIDE,Dépense Impôts et taxes
7883,2026-11-19,52,5,396.17,CHEQUE,VALIDE,Facture F-2026-55493
7884,2026-11-19,55,1,6592.82,MOBILE_MONEY,VALIDE,Facture F-2026-32522
7885,2026-11-19,28,4,261.04,VIREMENT,VALIDE,Facture F-2026-36812
7886,2026-11-19,1,2,835.71,CHEQUE,VALIDE,Facture F-2026-91251
7887,2026-11-19,NULL,10,312.68,MOBILE_MONEY,VALIDE,Dépense Énergie et eau
7888,2026-11-20,26,3,246.05,CHEQUE,VALIDE,Facture F-2026-90100
7889,2026-11-20,57,4,388.53,VIREMENT,VALIDE,Facture F-2026-30334
7890,2026-11-20,23,2,2121.05,CHEQUE,VALIDE,Facture F-2026-27134
7891,2026-11-20,13,3,358.17,VIREMENT,VALIDE,Facture F-2026-47247
7892,2026-11-20,51,3,290.51,ESPECES,VALIDE,Facture F-2026-34193
7893,2026-11-20,23,4,926.04,MOBILE_MONEY,VALIDE,Facture F-2026-10294
7894,2026-11-20,NULL,14,2358.21,CARTE,VALIDE,Dépense Informatique et logiciels
7895,2026-11-20,NULL,9,1283.49,MOBILE_MONEY,VALIDE,Dépense Fournitures et consommables
7896,2026-11-20,NULL,9,1341.26,ESPECES,VALIDE,Dépense Fournitures et consommables
7897,2026-11-20,NULL,7,4522.87,MOBILE_MONEY,VALIDE,Dépense Loyers et immobilier
7898,2026-11-21,5,4,645.33,MOBILE_MONEY,VALIDE,Facture F-2026-38435
7899,2026-11-21,63,3,260.85,CARTE,VALIDE,Facture F-2026-32146
7900,2026-11-21,12,2,644.07,VIREMENT,EN_ATTENTE,Facture F-2026-95155
7901,2026-11-21,45,3,405.52,CARTE,VALIDE,Facture F-2026-09596
7902,2026-11-21,NULL,15,776.59,MOBILE_MONEY,EN_ATTENTE,Dépense Intérêts et frais bancaires
7903,2026-11-22,58,1,3505.01,VIREMENT,VALIDE,Facture F-2026-75569
7904,2026-11-22,8,1,2995.85,VIREMENT,VALIDE,Facture F-2026-35439
7905,2026-11-22,65,3,342.41,VIREMENT,VALIDE,Facture F-2026-00386
7906,2026-11-22,NULL,9,168.33,CARTE,VALIDE,Dépense Fournitures et consommables
7907,2026-11-23,50,1,6016.04,CHEQUE,VALIDE,Facture F-2026-85550
7908,2026-11-23,15,4,1057.99,ESPECES,VALIDE,Facture F-2026-27997
7909,2026-11-23,4,4,1139.40,CHEQUE,VALIDE,Facture F-2026-45165
7910,2026-11-23,4,3,367.16,MOBILE_MONEY,VALIDE,Facture F-2026-96024
7911,2026-11-23,37,1,4475.75,CHEQUE,VALIDE,Facture F-2026-59896
7912,2026-11-23,NULL,11,1340.66,ESPECES,VALIDE,Dépense Transport et logistique
7913,2026-11-23,NULL,13,2227.73,CARTE,VALIDE,Dépense Impôts et taxes
7914,2026-11-24,27,5,499.76,ESPECES,VALIDE,Facture F-2026-62326
7915,2026-11-24,4,3,244.99,VIREMENT,VALIDE,Facture F-2026-82112
7916,2026-11-24,33,3,343.30,ESPECES,VALIDE,Facture F-2026-67009
7917,2026-11-24,26,5,690.81,CARTE,VALIDE,Facture F-2026-02554
7918,2026-11-24,9,2,2116.50,VIREMENT,VALIDE,Facture F-2026-78763
7919,2026-11-24,NULL,13,4048.28,CARTE,VALIDE,Dépense Impôts et taxes
7920,2026-11-25,48,5,1218.34,MOBILE_MONEY,VALIDE,Facture F-2026-66692
7921,2026-11-25,51,2,1839.55,CARTE,VALIDE,Facture F-2026-74963
7922,2026-11-25,57,1,2350.71,CHEQUE,VALIDE,Facture F-2026-10890
7923,2026-11-25,48,5,571.71,CHEQUE,VALIDE,Facture F-2026-88251
7924,2026-11-25,53,5,726.91,MOBILE_MONEY,VALIDE,Facture F-2026-93239
7925,2026-11-25,NULL,6,17425.26,ESPECES,VALIDE,Dépense Salaires et charges sociales
7926,2026-11-25,NULL,6,18069.12,CARTE,VALIDE,Dépense Salaires et charges sociales
7927,2026-11-25,NULL,12,2981.35,MOBILE_MONEY,VALIDE,Dépense Assurances
7928,2026-11-25,NULL,15,581.78,ESPECES,VALIDE,Dépense Intérêts et frais bancaires
7929,2026-11-26,45,2,693.96,VIREMENT,VALIDE,Facture F-2026-59734
7930,2026-11-26,1,2,2168.67,ESPECES,VALIDE,Facture F-2026-73573
7931,2026-11-26,60,5,383.78,CHEQUE,VALIDE,Facture F-2026-84403
7932,2026-11-26,50,1,4883.30,CARTE,VALIDE,Facture F-2026-41550
7933,2026-11-26,37,1,2542.32,VIREMENT,VALIDE,Facture F-2026-30641
7934,2026-11-26,59,1,760.26,CARTE,VALIDE,Facture F-2026-84629
7935,2026-11-26,7,1,1289.98,CHEQUE,VALIDE,Facture F-2026-90479
7936,2026-11-26,NULL,8,1521.90,CARTE,VALIDE,Dépense Marketing et publicité
7937,2026-11-26,NULL,11,1224.12,CARTE,VALIDE,Dépense Transport et logistique
7938,2026-11-26,NULL,15,712.02,VIREMENT,VALIDE,Dépense Intérêts et frais bancaires
7939,2026-11-26,NULL,6,9327.55,ESPECES,VALIDE,Dépense Salaires et charges sociales
7940,2026-11-27,29,2,1412.73,MOBILE_MONEY,VALIDE,Facture F-2026-19764
7941,2026-11-27,50,2,2181.79,CARTE,VALIDE,Facture F-2026-50620
7942,2026-11-27,12,4,1134.35,CHEQUE,EN_ATTENTE,Facture F-2026-75162
7943,2026-11-27,10,3,176.40,MOBILE_MONEY,VALIDE,Facture F-2026-91603
7944,2026-11-27,24,4,1137.09,CARTE,VALIDE,Facture F-2026-54462
7945,2026-11-27,31,1,2307.39,MOBILE_MONEY,VALIDE,Facture F-2026-56257
7946,2026-11-27,8,5,1111.87,CARTE,VALIDE,Facture F-2026-02650
7947,2026-11-27,NULL,11,4886.31,VIREMENT,VALIDE,Dépense Transport et logistique
7948,2026-11-27,NULL,6,15360.38,ESPECES,EN_ATTENTE,Dépense Salaires et charges sociales
7949,2026-11-28,21,3,63.92,VIREMENT,VALIDE,Facture F-2026-43821
7950,2026-11-28,33,5,1014.03,MOBILE_MONEY,VALIDE,Facture F-2026-91524
7951,2026-11-28,38,2,385.59,CARTE,VALIDE,Facture F-2026-41473
7952,2026-11-28,29,5,797.06,ESPECES,VALIDE,Facture F-2026-41441
7953,2026-11-28,2,2,856.14,CHEQUE,EN_ATTENTE,Facture F-2026-38733
7954,2026-11-28,44,4,258.95,CARTE,VALIDE,Facture F-2026-63376
7955,2026-11-28,5,2,524.37,ESPECES,VALIDE,Facture F-2026-71148
7956,2026-11-28,NULL,13,3200.15,ESPECES,VALIDE,Dépense Impôts et taxes
7957,2026-11-28,NULL,14,4471.20,VIREMENT,VALIDE,Dépense Informatique et logiciels
7958,2026-11-28,NULL,10,1252.93,CARTE,VALIDE,Dépense Énergie et eau
7959,2026-11-28,NULL,6,15058.34,CARTE,VALIDE,Dépense Salaires et charges sociales
7960,2026-11-29,36,3,84.38,MOBILE_MONEY,VALIDE,Facture F-2026-65072
7961,2026-11-29,35,1,3060.41,VIREMENT,VALIDE,Facture F-2026-22291
7962,2026-11-29,34,1,3837.84,MOBILE_MONEY,VALIDE,Facture F-2026-46821
7963,2026-11-29,NULL,9,103.87,MOBILE_MONEY,EN_ATTENTE,Dépense Fournitures et consommables
7964,2026-11-29,NULL,6,17299.82,ESPECES,VALIDE,Dépense Salaires et charges sociales
7965,2026-11-29,NULL,10,152.86,CARTE,VALIDE,Dépense Énergie et eau
7966,2026-11-30,52,2,2185.11,VIREMENT,VALIDE,Facture F-2026-22627
7967,2026-11-30,35,4,723.36,ESPECES,VALIDE,Facture F-2026-80608
7968,2026-11-30,19,2,976.08,CARTE,VALIDE,Facture F-2026-45596
7969,2026-11-30,55,3,409.95,VIREMENT,VALIDE,Facture F-2026-05517
7970,2026-11-30,2,2,1046.66,CHEQUE,VALIDE,Facture F-2026-19885
7971,2026-11-30,47,5,318.85,ESPECES,VALIDE,Facture F-2026-85940
7972,2026-11-30,39,4,255.69,CARTE,VALIDE,Facture F-2026-19810
7973,2026-11-30,NULL,11,1601.00,CARTE,VALIDE,Dépense Transport et logistique
7974,2026-12-01,21,1,3872.09,CHEQUE,VALIDE,Facture F-2026-39368
7975,2026-12-01,6,2,1502.27,VIREMENT,VALIDE,Facture F-2026-01254
7976,2026-12-01,23,4,922.23,MOBILE_MONEY,VALIDE,Facture F-2026-33077
7977,2026-12-01,45,2,998.07,ESPECES,VALIDE,Facture F-2026-24845
7978,2026-12-01,39,2,461.12,VIREMENT,VALIDE,Facture F-2026-42961
7979,2026-12-01,27,5,536.93,CARTE,VALIDE,Facture F-2026-05875
7980,2026-12-01,NULL,9,1656.69,MOBILE_MONEY,VALIDE,Dépense Fournitures et consommables
7981,2026-12-01,NULL,11,1999.85,CARTE,VALIDE,Dépense Transport et logistique
7982,2026-12-01,NULL,15,488.59,VIREMENT,VALIDE,Dépense Intérêts et frais bancaires
7983,2026-12-02,6,1,2675.66,ESPECES,VALIDE,Facture F-2026-86741
7984,2026-12-02,59,2,1422.04,CHEQUE,VALIDE,Facture F-2026-60644
7985,2026-12-02,28,4,355.32,VIREMENT,EN_ATTENTE,Facture F-2026-89510
7986,2026-12-02,60,2,1480.53,CARTE,EN_ATTENTE,Facture F-2026-44563
7987,2026-12-02,65,1,6084.30,ESPECES,VALIDE,Facture F-2026-28973
7988,2026-12-02,36,1,3852.75,CARTE,VALIDE,Facture F-2026-41107
7989,2026-12-02,41,3,216.39,MOBILE_MONEY,VALIDE,Facture F-2026-62773
7990,2026-12-02,NULL,7,3828.48,ESPECES,VALIDE,Dépense Loyers et immobilier
7991,2026-12-02,NULL,8,1229.65,ESPECES,VALIDE,Dépense Marketing et publicité
7992,2026-12-02,NULL,9,152.09,CARTE,VALIDE,Dépense Fournitures et consommables
7993,2026-12-03,59,5,1181.41,MOBILE_MONEY,VALIDE,Facture F-2026-63650
7994,2026-12-03,54,3,232.42,MOBILE_MONEY,VALIDE,Facture F-2026-23075
7995,2026-12-03,39,2,594.51,ESPECES,VALIDE,Facture F-2026-45288
7996,2026-12-03,46,4,896.65,MOBILE_MONEY,VALIDE,Facture F-2026-36762
7997,2026-12-03,35,2,1494.96,CARTE,VALIDE,Facture F-2026-24742
7998,2026-12-03,23,4,1093.62,ESPECES,VALIDE,Facture F-2026-80554
7999,2026-12-03,NULL,11,970.28,VIREMENT,VALIDE,Dépense Transport et logistique
8000,2026-12-03,NULL,9,750.73,ESPECES,VALIDE,Dépense Fournitures et consommables
8001,2026-12-03,NULL,12,719.65,VIREMENT,VALIDE,Dépense Assurances
8002,2026-12-04,11,3,106.76,MOBILE_MONEY,VALIDE,Facture F-2026-67821
8003,2026-12-04,61,5,1084.72,ESPECES,VALIDE,Facture F-2026-25834
8004,2026-12-04,7,4,390.31,MOBILE_MONEY,VALIDE,Facture F-2026-34300
8005,2026-12-04,53,5,456.32,MOBILE_MONEY,VALIDE,Facture F-2026-48712
8006,2026-12-04,21,5,1131.10,ESPECES,VALIDE,Facture F-2026-56794
8007,2026-12-04,44,1,1518.82,VIREMENT,VALIDE,Facture F-2026-29329
8008,2026-12-04,NULL,7,3556.49,ESPECES,VALIDE,Dépense Loyers et immobilier
8009,2026-12-05,24,3,60.56,VIREMENT,VALIDE,Facture F-2026-69551
8010,2026-12-05,20,2,1527.39,VIREMENT,VALIDE,Facture F-2026-23604
8011,2026-12-05,29,2,1206.03,ESPECES,VALIDE,Facture F-2026-85860
8012,2026-12-05,57,4,472.32,CHEQUE,VALIDE,Facture F-2026-08983
8013,2026-12-05,NULL,15,583.88,ESPECES,VALIDE,Dépense Intérêts et frais bancaires
8014,2026-12-05,NULL,14,1731.01,ESPECES,VALIDE,Dépense Informatique et logiciels
8015,2026-12-06,23,3,216.31,CHEQUE,VALIDE,Facture F-2026-53819
8016,2026-12-06,34,1,3948.06,VIREMENT,VALIDE,Facture F-2026-99339
8017,2026-12-06,48,2,1403.95,CARTE,VALIDE,Facture F-2026-57821
8018,2026-12-06,44,5,1159.42,MOBILE_MONEY,VALIDE,Facture F-2026-39012
8019,2026-12-06,22,5,1451.27,VIREMENT,VALIDE,Facture F-2026-71870
8020,2026-12-06,36,5,1362.50,CARTE,VALIDE,Facture F-2026-03542
8021,2026-12-06,NULL,9,296.59,MOBILE_MONEY,VALIDE,Dépense Fournitures et consommables
8022,2026-12-06,NULL,7,4338.31,MOBILE_MONEY,VALIDE,Dépense Loyers et immobilier
8023,2026-12-06,NULL,15,89.81,ESPECES,EN_ATTENTE,Dépense Intérêts et frais bancaires
8024,2026-12-06,NULL,12,2956.95,ESPECES,VALIDE,Dépense Assurances
8025,2026-12-07,60,3,121.58,CARTE,VALIDE,Facture F-2026-36337
8026,2026-12-07,36,2,1713.47,ESPECES,VALIDE,Facture F-2026-35070
8027,2026-12-07,52,3,160.77,VIREMENT,VALIDE,Facture F-2026-02468
8028,2026-12-07,NULL,8,1479.63,ESPECES,VALIDE,Dépense Marketing et publicité
8029,2026-12-08,49,1,2048.92,ESPECES,VALIDE,Facture F-2026-35927
8030,2026-12-08,30,3,342.19,CARTE,VALIDE,Facture F-2026-69638
8031,2026-12-08,17,2,1190.17,CHEQUE,VALIDE,Facture F-2026-09318
8032,2026-12-08,64,1,5832.62,CHEQUE,VALIDE,Facture F-2026-14290
8033,2026-12-08,47,3,166.36,MOBILE_MONEY,VALIDE,Facture F-2026-06570
8034,2026-12-08,16,1,7066.45,VIREMENT,VALIDE,Facture F-2026-24787
8035,2026-12-08,25,3,304.73,CARTE,VALIDE,Facture F-2026-45216
8036,2026-12-08,NULL,7,1071.48,MOBILE_MONEY,VALIDE,Dépense Loyers et immobilier
8037,2026-12-08,NULL,6,20515.35,MOBILE_MONEY,VALIDE,Dépense Salaires et charges sociales
8038,2026-12-09,62,1,2426.43,CHEQUE,VALIDE,Facture F-2026-65058
8039,2026-12-09,17,4,520.79,CARTE,EN_ATTENTE,Facture F-2026-48219
8040,2026-12-09,10,1,3075.86,CHEQUE,VALIDE,Facture F-2026-31352
8041,2026-12-09,40,2,421.21,CARTE,VALIDE,Facture F-2026-97434
8042,2026-12-09,NULL,12,878.45,CARTE,VALIDE,Dépense Assurances
8043,2026-12-09,NULL,15,331.04,CARTE,VALIDE,Dépense Intérêts et frais bancaires
8044,2026-12-09,NULL,12,1364.54,VIREMENT,VALIDE,Dépense Assurances
8045,2026-12-10,29,2,1074.84,VIREMENT,VALIDE,Facture F-2026-27771
8046,2026-12-10,12,4,1104.83,CARTE,VALIDE,Facture F-2026-96872
8047,2026-12-10,39,1,4369.80,CARTE,VALIDE,Facture F-2026-25760
8048,2026-12-10,62,2,1560.39,CHEQUE,VALIDE,Facture F-2026-78975
8049,2026-12-10,NULL,10,1358.14,VIREMENT,VALIDE,Dépense Énergie et eau
8050,2026-12-10,NULL,15,124.32,CARTE,VALIDE,Dépense Intérêts et frais bancaires
8051,2026-12-10,NULL,13,382.99,VIREMENT,VALIDE,Dépense Impôts et taxes
8052,2026-12-11,47,2,1572.69,CARTE,VALIDE,Facture F-2026-71652
8053,2026-12-11,23,4,843.48,CHEQUE,VALIDE,Facture F-2026-87138
8054,2026-12-11,13,5,379.45,MOBILE_MONEY,VALIDE,Facture F-2026-01289
8055,2026-12-11,49,4,658.85,CHEQUE,VALIDE,Facture F-2026-08425
8056,2026-12-11,NULL,10,507.99,VIREMENT,VALIDE,Dépense Énergie et eau
8057,2026-12-11,NULL,8,3988.07,ESPECES,VALIDE,Dépense Marketing et publicité
8058,2026-12-12,36,5,435.13,CARTE,EN_ATTENTE,Facture F-2026-26776
8059,2026-12-12,42,1,6986.44,CHEQUE,VALIDE,Facture F-2026-07333
8060,2026-12-12,7,4,674.43,VIREMENT,VALIDE,Facture F-2026-71662
8061,2026-12-12,10,4,963.33,ESPECES,VALIDE,Facture F-2026-88929
8062,2026-12-12,53,2,440.05,MOBILE_MONEY,VALIDE,Facture F-2026-04170
8063,2026-12-12,4,3,428.54,VIREMENT,VALIDE,Facture F-2026-72009
8064,2026-12-12,NULL,6,19686.47,MOBILE_MONEY,VALIDE,Dépense Salaires et charges sociales
8065,2026-12-12,NULL,14,2635.80,MOBILE_MONEY,VALIDE,Dépense Informatique et logiciels
8066,2026-12-12,NULL,9,502.37,MOBILE_MONEY,VALIDE,Dépense Fournitures et consommables
8067,2026-12-12,NULL,14,3141.81,ESPECES,VALIDE,Dépense Informatique et logiciels
8068,2026-12-13,60,4,722.56,CHEQUE,VALIDE,Facture F-2026-11685
8069,2026-12-13,48,1,4600.23,CHEQUE,VALIDE,Facture F-2026-55264
8070,2026-12-13,38,4,1172.08,MOBILE_MONEY,VALIDE,Facture F-2026-32097
8071,2026-12-13,25,1,5396.07,MOBILE_MONEY,VALIDE,Facture F-2026-43443
8072,2026-12-13,15,2,612.02,VIREMENT,VALIDE,Facture F-2026-26401
8073,2026-12-13,NULL,11,3131.22,MOBILE_MONEY,VALIDE,Dépense Transport et logistique
8074,2026-12-14,20,1,3832.00,VIREMENT,VALIDE,Facture F-2026-93388
8075,2026-12-14,42,5,945.13,CARTE,VALIDE,Facture F-2026-31443
8076,2026-12-14,1,1,3754.23,VIREMENT,VALIDE,Facture F-2026-14091
8077,2026-12-14,38,3,82.20,VIREMENT,VALIDE,Facture F-2026-77771
8078,2026-12-14,39,5,302.66,VIREMENT,VALIDE,Facture F-2026-36065
8079,2026-12-14,17,2,1110.19,CARTE,VALIDE,Facture F-2026-60825
8080,2026-12-14,NULL,9,1425.51,VIREMENT,VALIDE,Dépense Fournitures et consommables
8081,2026-12-15,43,2,336.47,MOBILE_MONEY,VALIDE,Facture F-2026-30724
8082,2026-12-15,51,2,1865.35,MOBILE_MONEY,VALIDE,Facture F-2026-26376
8083,2026-12-15,2,2,233.88,VIREMENT,VALIDE,Facture F-2026-98773
8084,2026-12-15,15,2,1040.78,CHEQUE,VALIDE,Facture F-2026-27601
8085,2026-12-15,NULL,15,227.36,VIREMENT,VALIDE,Dépense Intérêts et frais bancaires
8086,2026-12-16,14,5,718.65,MOBILE_MONEY,VALIDE,Facture F-2026-50803
8087,2026-12-16,9,3,82.20,MOBILE_MONEY,VALIDE,Facture F-2026-38368
8088,2026-12-16,40,4,980.77,VIREMENT,VALIDE,Facture F-2026-30291
8089,2026-12-16,9,2,212.22,CARTE,VALIDE,Facture F-2026-78672
8090,2026-12-16,43,1,2338.55,CHEQUE,VALIDE,Facture F-2026-95935
8091,2026-12-16,36,3,164.32,VIREMENT,VALIDE,Facture F-2026-62165
8092,2026-12-16,16,2,1326.06,MOBILE_MONEY,VALIDE,Facture F-2026-19532
8093,2026-12-16,NULL,10,1150.50,CARTE,VALIDE,Dépense Énergie et eau
8094,2026-12-17,17,5,1103.90,CHEQUE,VALIDE,Facture F-2026-52474
8095,2026-12-17,9,4,621.63,CARTE,VALIDE,Facture F-2026-77485
8096,2026-12-17,40,1,3932.40,MOBILE_MONEY,VALIDE,Facture F-2026-63083
8097,2026-12-17,19,2,1600.29,VIREMENT,VALIDE,Facture F-2026-32348
8098,2026-12-17,28,4,305.62,CHEQUE,VALIDE,Facture F-2026-91458
8099,2026-12-17,26,3,314.89,MOBILE_MONEY,VALIDE,Facture F-2026-18697
8100,2026-12-17,56,1,563.07,ESPECES,VALIDE,Facture F-2026-07501
8101,2026-12-17,NULL,11,4568.03,MOBILE_MONEY,VALIDE,Dépense Transport et logistique
8102,2026-12-18,27,2,355.57,ESPECES,VALIDE,Facture F-2026-00765
8103,2026-12-18,36,4,792.27,CHEQUE,VALIDE,Facture F-2026-39504
8104,2026-12-18,4,3,425.55,CHEQUE,VALIDE,Facture F-2026-81189
8105,2026-12-18,NULL,7,3866.96,ESPECES,VALIDE,Dépense Loyers et immobilier
8106,2026-12-18,NULL,13,2041.75,ESPECES,VALIDE,Dépense Impôts et taxes
8107,2026-12-18,NULL,11,151.13,VIREMENT,VALIDE,Dépense Transport et logistique
8108,2026-12-19,31,4,239.33,CHEQUE,VALIDE,Facture F-2026-50922
8109,2026-12-19,11,1,3245.04,CARTE,VALIDE,Facture F-2026-48118
8110,2026-12-19,16,3,290.83,MOBILE_MONEY,VALIDE,Facture F-2026-05760
8111,2026-12-19,43,4,1192.65,CHEQUE,VALIDE,Facture F-2026-39199
8112,2026-12-19,50,2,1539.20,CARTE,VALIDE,Facture F-2026-24663
8113,2026-12-19,NULL,12,1504.03,CARTE,VALIDE,Dépense Assurances
8114,2026-12-19,NULL,14,3137.15,ESPECES,VALIDE,Dépense Informatique et logiciels
8115,2026-12-20,56,3,231.35,CARTE,VALIDE,Facture F-2026-12481
8116,2026-12-20,59,1,3020.94,CARTE,VALIDE,Facture F-2026-19010
8117,2026-12-20,37,4,1145.61,CARTE,VALIDE,Facture F-2026-61366
8118,2026-12-20,50,3,143.51,MOBILE_MONEY,VALIDE,Facture F-2026-38053
8119,2026-12-20,24,3,185.22,CHEQUE,VALIDE,Facture F-2026-13611
8120,2026-12-20,30,2,459.57,VIREMENT,VALIDE,Facture F-2026-16998
8121,2026-12-20,8,4,631.27,MOBILE_MONEY,VALIDE,Facture F-2026-59294
8122,2026-12-20,NULL,9,308.29,MOBILE_MONEY,VALIDE,Dépense Fournitures et consommables
8123,2026-12-21,44,5,1271.18,MOBILE_MONEY,VALIDE,Facture F-2026-87871
8124,2026-12-21,65,3,194.40,VIREMENT,VALIDE,Facture F-2026-35964
8125,2026-12-21,39,2,2163.13,MOBILE_MONEY,VALIDE,Facture F-2026-17848
8126,2026-12-21,46,3,115.08,VIREMENT,VALIDE,Facture F-2026-78891
8127,2026-12-21,26,2,2042.84,CARTE,VALIDE,Facture F-2026-06174
8128,2026-12-21,11,1,4740.12,CHEQUE,VALIDE,Facture F-2026-31140
8129,2026-12-21,NULL,15,288.11,ESPECES,VALIDE,Dépense Intérêts et frais bancaires
8130,2026-12-22,13,5,521.89,VIREMENT,VALIDE,Facture F-2026-77270
8131,2026-12-22,1,4,212.08,CARTE,VALIDE,Facture F-2026-75125
8132,2026-12-22,64,3,259.32,CHEQUE,VALIDE,Facture F-2026-08601
8133,2026-12-22,14,4,1145.71,MOBILE_MONEY,VALIDE,Facture F-2026-46697
8134,2026-12-22,17,2,728.56,VIREMENT,VALIDE,Facture F-2026-52814
8135,2026-12-22,40,1,6887.15,CHEQUE,VALIDE,Facture F-2026-69525
8136,2026-12-22,17,2,1129.86,ESPECES,VALIDE,Facture F-2026-84566
8137,2026-12-22,NULL,8,3611.42,ESPECES,VALIDE,Dépense Marketing et publicité
8138,2026-12-22,NULL,9,1845.06,VIREMENT,VALIDE,Dépense Fournitures et consommables
8139,2026-12-22,NULL,12,1370.89,ESPECES,VALIDE,Dépense Assurances
8140,2026-12-22,NULL,10,831.26,VIREMENT,VALIDE,Dépense Énergie et eau
8141,2026-12-23,4,1,6734.90,CHEQUE,VALIDE,Facture F-2026-06952
8142,2026-12-23,15,4,275.71,CARTE,VALIDE,Facture F-2026-13873
8143,2026-12-23,23,1,2610.79,CARTE,VALIDE,Facture F-2026-85202
8144,2026-12-23,6,1,574.34,VIREMENT,VALIDE,Facture F-2026-04499
8145,2026-12-23,NULL,9,1306.02,CARTE,VALIDE,Dépense Fournitures et consommables
8146,2026-12-23,NULL,7,3213.11,VIREMENT,VALIDE,Dépense Loyers et immobilier
8147,2026-12-24,23,3,214.14,CHEQUE,VALIDE,Facture F-2026-43010
8148,2026-12-24,4,5,1132.16,CARTE,VALIDE,Facture F-2026-29237
8149,2026-12-24,30,5,1138.11,ESPECES,VALIDE,Facture F-2026-51147
8150,2026-12-24,36,4,1102.96,MOBILE_MONEY,VALIDE,Facture F-2026-32607
8151,2026-12-24,51,2,1804.64,VIREMENT,VALIDE,Facture F-2026-61955
8152,2026-12-24,59,5,1072.01,MOBILE_MONEY,VALIDE,Facture F-2026-72040
8153,2026-12-24,NULL,13,3474.18,MOBILE_MONEY,VALIDE,Dépense Impôts et taxes
8154,2026-12-25,17,5,668.05,CHEQUE,VALIDE,Facture F-2026-11289
8155,2026-12-25,14,4,1098.62,MOBILE_MONEY,VALIDE,Facture F-2026-12080
8156,2026-12-25,3,1,7166.58,CARTE,VALIDE,Facture F-2026-52003
8157,2026-12-25,34,5,490.22,MOBILE_MONEY,VALIDE,Facture F-2026-20894
8158,2026-12-25,NULL,15,464.73,CARTE,VALIDE,Dépense Intérêts et frais bancaires
8159,2026-12-26,33,2,1062.72,CHEQUE,VALIDE,Facture F-2026-61045
8160,2026-12-26,21,1,3837.38,MOBILE_MONEY,VALIDE,Facture F-2026-89789
8161,2026-12-26,33,5,1173.11,ESPECES,VALIDE,Facture F-2026-28005
8162,2026-12-26,44,5,1047.96,MOBILE_MONEY,VALIDE,Facture F-2026-31480
8163,2026-12-26,26,4,1128.90,MOBILE_MONEY,VALIDE,Facture F-2026-09623
8164,2026-12-26,61,1,4065.23,CARTE,VALIDE,Facture F-2026-87557
8165,2026-12-26,NULL,6,10064.09,VIREMENT,VALIDE,Dépense Salaires et charges sociales
8166,2026-12-26,NULL,6,19271.98,MOBILE_MONEY,VALIDE,Dépense Salaires et charges sociales
8167,2026-12-26,NULL,11,809.17,CARTE,VALIDE,Dépense Transport et logistique
8168,2026-12-26,NULL,14,2271.06,CARTE,VALIDE,Dépense Informatique et logiciels
8169,2026-12-27,23,3,108.96,CHEQUE,VALIDE,Facture F-2026-57922
8170,2026-12-27,35,5,372.94,ESPECES,VALIDE,Facture F-2026-66381
8171,2026-12-27,17,4,502.05,CHEQUE,VALIDE,Facture F-2026-48899
8172,2026-12-27,10,4,735.84,MOBILE_MONEY,VALIDE,Facture F-2026-25821
8173,2026-12-27,47,2,1516.78,CHEQUE,VALIDE,Facture F-2026-98479
8174,2026-12-27,NULL,7,2029.99,VIREMENT,EN_ATTENTE,Dépense Loyers et immobilier
8175,2026-12-27,NULL,6,20369.94,ESPECES,VALIDE,Dépense Salaires et charges sociales
8176,2026-12-27,NULL,15,550.86,MOBILE_MONEY,VALIDE,Dépense Intérêts et frais bancaires
8177,2026-12-27,NULL,10,1802.57,ESPECES,VALIDE,Dépense Énergie et eau
8178,2026-12-28,27,1,4831.00,ESPECES,VALIDE,Facture F-2026-09580
8179,2026-12-28,47,3,201.34,ESPECES,VALIDE,Facture F-2026-66087
8180,2026-12-28,21,2,1790.81,MOBILE_MONEY,VALIDE,Facture F-2026-61223
8181,2026-12-28,NULL,11,4274.39,ESPECES,VALIDE,Dépense Transport et logistique
8182,2026-12-28,NULL,14,4265.68,ESPECES,VALIDE,Dépense Informatique et logiciels
8183,2026-12-29,49,1,2221.37,CARTE,VALIDE,Facture F-2026-98861
8184,2026-12-29,52,3,174.50,CHEQUE,VALIDE,Facture F-2026-19339
8185,2026-12-29,10,2,1629.31,ESPECES,VALIDE,Facture F-2026-36583
8186,2026-12-29,51,5,1486.03,CHEQUE,VALIDE,Facture F-2026-97637
8187,2026-12-29,40,2,470.95,MOBILE_MONEY,VALIDE,Facture F-2026-97949
8188,2026-12-29,27,3,308.24,VIREMENT,VALIDE,Facture F-2026-89970
8189,2026-12-29,50,5,439.15,VIREMENT,VALIDE,Facture F-2026-38076
8190,2026-12-29,NULL,12,725.80,CARTE,VALIDE,Dépense Assurances
8191,2026-12-29,NULL,14,4149.26,VIREMENT,VALIDE,Dépense Informatique et logiciels
8192,2026-12-29,NULL,7,1053.51,MOBILE_MONEY,VALIDE,Dépense Loyers et immobilier
8193,2026-12-29,NULL,7,2110.60,VIREMENT,VALIDE,Dépense Loyers et immobilier
8194,2026-12-30,32,3,446.87,ESPECES,VALIDE,Facture F-2026-22780
8195,2026-12-30,3,5,754.87,MOBILE_MONEY,VALIDE,Facture F-2026-78676
8196,2026-12-30,46,3,149.63,VIREMENT,VALIDE,Facture F-2026-33112
8197,2026-12-30,2,4,491.24,VIREMENT,VALIDE,Facture F-2026-46460
8198,2026-12-30,10,4,1029.71,VIREMENT,VALIDE,Facture F-2026-32431
8199,2026-12-30,21,4,794.06,CARTE,VALIDE,Facture F-2026-72742
8200,2026-12-30,31,2,919.18,CHEQUE,VALIDE,Facture F-2026-06121
8201,2026-12-30,NULL,10,957.80,VIREMENT,VALIDE,Dépense Énergie et eau
8202,2026-12-30,NULL,8,7614.57,ESPECES,VALIDE,Dépense Marketing et publicité
8203,2026-12-30,NULL,6,18128.53,ESPECES,VALIDE,Dépense Salaires et charges sociales
8204,2026-12-30,NULL,15,199.13,MOBILE_MONEY,VALIDE,Dépense Intérêts et frais bancaires
8205,2026-12-31,40,3,167.32,CARTE,VALIDE,Facture F-2026-60452
8206,2026-12-31,46,3,405.29,CHEQUE,VALIDE,Facture F-2026-96111
8207,2026-12-31,NULL,8,7404.65,MOBILE_MONEY,EN_ATTENTE,Dépense Marketing et publicité
8208,2026-12-31,NULL,15,315.33,VIREMENT,VALIDE,Dépense Intérêts et frais bancaires
8209,2026-12-31,NULL,10,1357.99,MOBILE_MONEY,VALIDE,Dépense Énergie et eau
8210,2026-12-31,NULL,6,17393.42,VIREMENT,VALIDE,Dépense Salaires et charges sociales
8211,2027-01-01,35,5,1083.19,ESPECES,VALIDE,Facture F-2027-57249
8212,2027-01-01,27,4,341.33,VIREMENT,VALIDE,Facture F-2027-03938
8213,2027-01-01,9,4,887.50,CARTE,VALIDE,Facture F-2027-02069
8214,2027-01-01,NULL,9,354.21,ESPECES,VALIDE,Dépense Fournitures et consommables
8215,2027-01-01,NULL,14,3134.83,VIREMENT,VALIDE,Dépense Informatique et logiciels
8216,2027-01-02,56,4,1068.45,CARTE,VALIDE,Facture F-2027-43544
8217,2027-01-02,55,4,505.40,VIREMENT,VALIDE,Facture F-2027-95106
8218,2027-01-02,52,4,970.01,VIREMENT,VALIDE,Facture F-2027-40179
8219,2027-01-02,1,2,780.96,CARTE,VALIDE,Facture F-2027-91933
8220,2027-01-02,25,3,283.44,CARTE,VALIDE,Facture F-2027-57336
8221,2027-01-02,NULL,12,828.34,VIREMENT,VALIDE,Dépense Assurances
8222,2027-01-02,NULL,6,8783.68,ESPECES,VALIDE,Dépense Salaires et charges sociales
8223,2027-01-03,9,2,1697.98,ESPECES,VALIDE,Facture F-2027-20562
8224,2027-01-03,13,2,1977.84,MOBILE_MONEY,VALIDE,Facture F-2027-92713
8225,2027-01-03,63,5,1476.16,VIREMENT,VALIDE,Facture F-2027-65851
8226,2027-01-03,53,1,4573.43,MOBILE_MONEY,VALIDE,Facture F-2027-94526
8227,2027-01-03,13,3,342.57,CARTE,VALIDE,Facture F-2027-20567
8228,2027-01-03,NULL,12,228.93,CARTE,VALIDE,Dépense Assurances
8229,2027-01-04,43,1,6375.22,MOBILE_MONEY,VALIDE,Facture F-2027-18380
8230,2027-01-04,61,4,770.74,ESPECES,VALIDE,Facture F-2027-76229
8231,2027-01-04,21,4,639.76,CHEQUE,VALIDE,Facture F-2027-41008
8232,2027-01-04,3,2,1061.01,CHEQUE,VALIDE,Facture F-2027-15318
8233,2027-01-04,55,4,440.12,MOBILE_MONEY,EN_ATTENTE,Facture F-2027-52544
8234,2027-01-04,NULL,10,128.22,MOBILE_MONEY,VALIDE,Dépense Énergie et eau
8235,2027-01-04,NULL,8,894.66,VIREMENT,VALIDE,Dépense Marketing et publicité
8236,2027-01-05,64,4,1149.19,VIREMENT,VALIDE,Facture F-2027-96241
8237,2027-01-05,7,5,905.53,MOBILE_MONEY,VALIDE,Facture F-2027-08293
8238,2027-01-05,5,2,1310.89,VIREMENT,VALIDE,Facture F-2027-44083
8239,2027-01-05,NULL,13,4652.95,CARTE,VALIDE,Dépense Impôts et taxes
8240,2027-01-05,NULL,11,3904.87,MOBILE_MONEY,VALIDE,Dépense Transport et logistique
8241,2027-01-05,NULL,9,1695.37,CARTE,VALIDE,Dépense Fournitures et consommables
8242,2027-01-06,51,4,991.26,MOBILE_MONEY,VALIDE,Facture F-2027-47595
8243,2027-01-06,9,3,93.39,ESPECES,VALIDE,Facture F-2027-75610
8244,2027-01-06,15,2,698.33,VIREMENT,VALIDE,Facture F-2027-47763
8245,2027-01-06,48,5,503.55,MOBILE_MONEY,VALIDE,Facture F-2027-20089
8246,2027-01-06,21,5,1045.80,CHEQUE,VALIDE,Facture F-2027-60771
8247,2027-01-06,61,1,1729.37,CHEQUE,VALIDE,Facture F-2027-23736
8248,2027-01-06,NULL,11,1321.65,CARTE,VALIDE,Dépense Transport et logistique
8249,2027-01-06,NULL,15,307.72,MOBILE_MONEY,VALIDE,Dépense Intérêts et frais bancaires
8250,2027-01-07,56,1,1781.06,VIREMENT,VALIDE,Facture F-2027-03246
8251,2027-01-07,23,1,3789.78,VIREMENT,VALIDE,Facture F-2027-21977
8252,2027-01-07,1,5,625.88,MOBILE_MONEY,VALIDE,Facture F-2027-72034
8253,2027-01-07,NULL,15,181.66,MOBILE_MONEY,VALIDE,Dépense Intérêts et frais bancaires
8254,2027-01-08,60,5,1298.21,MOBILE_MONEY,VALIDE,Facture F-2027-23621
8255,2027-01-08,61,4,688.84,MOBILE_MONEY,VALIDE,Facture F-2027-46126
8256,2027-01-08,13,1,4994.09,VIREMENT,VALIDE,Facture F-2027-08363
8257,2027-01-08,16,4,275.92,VIREMENT,VALIDE,Facture F-2027-56609
8258,2027-01-08,NULL,8,7573.40,CARTE,VALIDE,Dépense Marketing et publicité
8259,2027-01-08,NULL,9,924.89,ESPECES,VALIDE,Dépense Fournitures et consommables
8260,2027-01-09,60,1,650.91,MOBILE_MONEY,VALIDE,Facture F-2027-20186
8261,2027-01-09,2,5,669.22,ESPECES,VALIDE,Facture F-2027-24336
8262,2027-01-09,58,4,438.26,VIREMENT,VALIDE,Facture F-2027-36974
8263,2027-01-09,51,2,1745.59,CARTE,VALIDE,Facture F-2027-36452
8264,2027-01-09,27,2,460.84,MOBILE_MONEY,VALIDE,Facture F-2027-62206
8265,2027-01-09,NULL,14,359.58,MOBILE_MONEY,VALIDE,Dépense Informatique et logiciels
8266,2027-01-09,NULL,6,10513.63,CARTE,VALIDE,Dépense Salaires et charges sociales
8267,2027-01-10,23,3,71.24,CHEQUE,EN_ATTENTE,Facture F-2027-44247
8268,2027-01-10,60,1,3609.02,CHEQUE,VALIDE,Facture F-2027-93558
8269,2027-01-10,53,5,624.88,CHEQUE,VALIDE,Facture F-2027-47628
8270,2027-01-10,34,1,7457.73,VIREMENT,VALIDE,Facture F-2027-70947
8271,2027-01-10,49,3,56.57,VIREMENT,VALIDE,Facture F-2027-39312
8272,2027-01-10,18,3,394.44,CHEQUE,VALIDE,Facture F-2027-48748
8273,2027-01-10,41,4,465.33,ESPECES,EN_ATTENTE,Facture F-2027-86200
8274,2027-01-10,NULL,15,526.67,MOBILE_MONEY,VALIDE,Dépense Intérêts et frais bancaires
8275,2027-01-11,22,5,321.73,ESPECES,VALIDE,Facture F-2027-39261
8276,2027-01-11,61,3,209.67,MOBILE_MONEY,VALIDE,Facture F-2027-31092
8277,2027-01-11,56,3,278.54,CHEQUE,VALIDE,Facture F-2027-01493
8278,2027-01-11,NULL,12,2339.24,MOBILE_MONEY,VALIDE,Dépense Assurances
8279,2027-01-12,59,1,6612.21,CHEQUE,VALIDE,Facture F-2027-39044
8280,2027-01-12,13,1,5791.26,MOBILE_MONEY,VALIDE,Facture F-2027-54120
8281,2027-01-12,10,4,969.12,MOBILE_MONEY,VALIDE,Facture F-2027-83787
8282,2027-01-12,NULL,10,199.22,CARTE,VALIDE,Dépense Énergie et eau
8283,2027-01-12,NULL,14,4385.66,ESPECES,VALIDE,Dépense Informatique et logiciels
8284,2027-01-12,NULL,9,2222.98,VIREMENT,VALIDE,Dépense Fournitures et consommables
8285,2027-01-12,NULL,13,1877.01,MOBILE_MONEY,VALIDE,Dépense Impôts et taxes
8286,2027-01-13,3,3,322.17,CARTE,EN_ATTENTE,Facture F-2027-29975
8287,2027-01-13,12,2,694.86,MOBILE_MONEY,VALIDE,Facture F-2027-22451
8288,2027-01-13,28,1,814.43,MOBILE_MONEY,VALIDE,Facture F-2027-60483
8289,2027-01-13,22,3,194.56,VIREMENT,VALIDE,Facture F-2027-89029
8290,2027-01-13,56,4,327.92,VIREMENT,VALIDE,Facture F-2027-68843
8291,2027-01-13,NULL,8,3931.87,CARTE,VALIDE,Dépense Marketing et publicité
8292,2027-01-13,NULL,10,2024.01,MOBILE_MONEY,VALIDE,Dépense Énergie et eau
8293,2027-01-13,NULL,7,1664.67,VIREMENT,VALIDE,Dépense Loyers et immobilier
8294,2027-01-13,NULL,10,1077.65,MOBILE_MONEY,VALIDE,Dépense Énergie et eau
8295,2027-01-14,46,2,970.39,CHEQUE,VALIDE,Facture F-2027-64956
8296,2027-01-14,50,2,1751.39,MOBILE_MONEY,VALIDE,Facture F-2027-60077
8297,2027-01-14,30,3,417.69,ESPECES,VALIDE,Facture F-2027-37921
8298,2027-01-14,NULL,11,571.93,MOBILE_MONEY,VALIDE,Dépense Transport et logistique
8299,2027-01-14,NULL,10,1791.95,MOBILE_MONEY,VALIDE,Dépense Énergie et eau
8300,2027-01-14,NULL,7,2380.28,MOBILE_MONEY,VALIDE,Dépense Loyers et immobilier
8301,2027-01-14,NULL,13,1478.74,CARTE,VALIDE,Dépense Impôts et taxes
8302,2027-01-15,1,1,3631.64,MOBILE_MONEY,VALIDE,Facture F-2027-40350
8303,2027-01-15,55,4,530.92,CHEQUE,VALIDE,Facture F-2027-45712
8304,2027-01-15,25,3,138.65,CARTE,VALIDE,Facture F-2027-13243
8305,2027-01-15,6,3,428.48,ESPECES,VALIDE,Facture F-2027-08999
8306,2027-01-15,NULL,7,2679.26,CARTE,VALIDE,Dépense Loyers et immobilier
8307,2027-01-16,1,3,386.97,CARTE,VALIDE,Facture F-2027-60581
8308,2027-01-16,7,5,989.80,VIREMENT,VALIDE,Facture F-2027-96835
8309,2027-01-16,56,5,817.62,MOBILE_MONEY,VALIDE,Facture F-2027-94590
8310,2027-01-16,25,4,1123.08,MOBILE_MONEY,VALIDE,Facture F-2027-23711
8311,2027-01-16,41,2,761.84,CHEQUE,EN_ATTENTE,Facture F-2027-50960
8312,2027-01-16,NULL,7,3356.91,VIREMENT,VALIDE,Dépense Loyers et immobilier
8313,2027-01-16,NULL,6,14798.38,ESPECES,VALIDE,Dépense Salaires et charges sociales
8314,2027-01-17,6,1,1082.62,MOBILE_MONEY,VALIDE,Facture F-2027-89133
8315,2027-01-17,28,5,1080.41,CHEQUE,VALIDE,Facture F-2027-85120
8316,2027-01-17,21,2,1090.50,VIREMENT,VALIDE,Facture F-2027-88733
8317,2027-01-17,NULL,15,208.10,ESPECES,VALIDE,Dépense Intérêts et frais bancaires
8318,2027-01-17,NULL,6,12949.75,CARTE,VALIDE,Dépense Salaires et charges sociales
8319,2027-01-17,NULL,6,9340.17,ESPECES,VALIDE,Dépense Salaires et charges sociales
8320,2027-01-18,49,3,441.44,CARTE,VALIDE,Facture F-2027-59576
8321,2027-01-18,53,1,5423.24,CARTE,VALIDE,Facture F-2027-05076
8322,2027-01-18,28,4,1137.52,CARTE,VALIDE,Facture F-2027-98438
8323,2027-01-18,13,1,6475.49,CHEQUE,VALIDE,Facture F-2027-66716
8324,2027-01-18,64,1,2800.66,ESPECES,VALIDE,Facture F-2027-98715
8325,2027-01-18,34,1,2641.07,CHEQUE,VALIDE,Facture F-2027-23974
8326,2027-01-18,3,4,1110.49,ESPECES,VALIDE,Facture F-2027-19290
8327,2027-01-18,NULL,13,849.13,ESPECES,VALIDE,Dépense Impôts et taxes
8328,2027-01-18,NULL,14,3049.23,ESPECES,EN_ATTENTE,Dépense Informatique et logiciels
8329,2027-01-18,NULL,9,1938.85,MOBILE_MONEY,VALIDE,Dépense Fournitures et consommables
8330,2027-01-18,NULL,8,6996.26,CARTE,VALIDE,Dépense Marketing et publicité
8331,2027-01-19,9,5,1416.75,ESPECES,VALIDE,Facture F-2027-22168
8332,2027-01-19,13,1,3621.23,CHEQUE,VALIDE,Facture F-2027-64230
8333,2027-01-19,55,1,5701.01,MOBILE_MONEY,EN_ATTENTE,Facture F-2027-28391
8334,2027-01-19,NULL,13,2724.83,CARTE,VALIDE,Dépense Impôts et taxes
8335,2027-01-20,60,1,1546.06,ESPECES,VALIDE,Facture F-2027-97453
8336,2027-01-20,41,4,209.34,MOBILE_MONEY,VALIDE,Facture F-2027-82048
8337,2027-01-20,35,4,451.48,ESPECES,VALIDE,Facture F-2027-04147
8338,2027-01-20,29,2,661.38,ESPECES,VALIDE,Facture F-2027-93784
8339,2027-01-20,NULL,12,2980.20,VIREMENT,VALIDE,Dépense Assurances
8340,2027-01-20,NULL,7,1304.04,VIREMENT,VALIDE,Dépense Loyers et immobilier
8341,2027-01-20,NULL,13,1171.07,MOBILE_MONEY,VALIDE,Dépense Impôts et taxes
8342,2027-01-21,42,3,256.44,CHEQUE,VALIDE,Facture F-2027-27368
8343,2027-01-21,13,2,850.23,CARTE,VALIDE,Facture F-2027-00484
8344,2027-01-21,53,1,4350.33,CHEQUE,VALIDE,Facture F-2027-45967
8345,2027-01-21,NULL,12,883.27,MOBILE_MONEY,VALIDE,Dépense Assurances
8346,2027-01-21,NULL,10,1561.89,CARTE,VALIDE,Dépense Énergie et eau
8347,2027-01-22,22,3,176.89,CHEQUE,VALIDE,Facture F-2027-66794
8348,2027-01-22,60,5,1057.96,VIREMENT,VALIDE,Facture F-2027-04917
8349,2027-01-22,42,4,1123.99,MOBILE_MONEY,VALIDE,Facture F-2027-73748
8350,2027-01-22,24,5,343.43,ESPECES,VALIDE,Facture F-2027-52047
8351,2027-01-22,46,4,737.00,CARTE,VALIDE,Facture F-2027-53293
8352,2027-01-22,8,5,1170.99,CARTE,VALIDE,Facture F-2027-44028
8353,2027-01-22,35,1,1665.48,MOBILE_MONEY,VALIDE,Facture F-2027-29851
8354,2027-01-22,6,1,6312.75,VIREMENT,VALIDE,Facture F-2027-81347
8355,2027-01-22,NULL,9,1908.99,ESPECES,VALIDE,Dépense Fournitures et consommables
8356,2027-01-22,NULL,15,127.69,MOBILE_MONEY,VALIDE,Dépense Intérêts et frais bancaires
8357,2027-01-22,NULL,13,4492.36,CARTE,VALIDE,Dépense Impôts et taxes
8358,2027-01-22,NULL,12,1705.12,CARTE,VALIDE,Dépense Assurances
8359,2027-01-23,43,3,266.10,VIREMENT,VALIDE,Facture F-2027-94026
8360,2027-01-23,1,5,488.50,CARTE,VALIDE,Facture F-2027-03802
8361,2027-01-23,10,4,947.32,CARTE,VALIDE,Facture F-2027-76972
8362,2027-01-23,NULL,11,299.95,CARTE,VALIDE,Dépense Transport et logistique
8363,2027-01-23,NULL,6,16926.87,MOBILE_MONEY,VALIDE,Dépense Salaires et charges sociales
8364,2027-01-23,NULL,13,4118.52,CARTE,VALIDE,Dépense Impôts et taxes
8365,2027-01-24,46,5,1337.43,ESPECES,VALIDE,Facture F-2027-68449
8366,2027-01-24,34,5,1336.91,VIREMENT,VALIDE,Facture F-2027-68287
8367,2027-01-24,22,3,149.17,ESPECES,VALIDE,Facture F-2027-72582
8368,2027-01-24,2,3,365.18,VIREMENT,VALIDE,Facture F-2027-15381
8369,2027-01-24,53,3,318.08,MOBILE_MONEY,VALIDE,Facture F-2027-35883
8370,2027-01-24,62,3,261.02,CARTE,VALIDE,Facture F-2027-44432
8371,2027-01-24,NULL,6,4306.61,MOBILE_MONEY,VALIDE,Dépense Salaires et charges sociales
8372,2027-01-24,NULL,10,332.51,ESPECES,VALIDE,Dépense Énergie et eau
8373,2027-01-24,NULL,15,403.15,VIREMENT,VALIDE,Dépense Intérêts et frais bancaires
8374,2027-01-25,10,4,699.91,MOBILE_MONEY,VALIDE,Facture F-2027-42766
8375,2027-01-25,4,5,1106.08,CHEQUE,VALIDE,Facture F-2027-09443
8376,2027-01-25,14,5,679.40,CHEQUE,VALIDE,Facture F-2027-91568
8377,2027-01-25,65,2,1969.90,MOBILE_MONEY,EN_ATTENTE,Facture F-2027-27229
8378,2027-01-25,59,1,1091.49,CARTE,VALIDE,Facture F-2027-11365
8379,2027-01-25,25,2,1906.84,VIREMENT,VALIDE,Facture F-2027-65585
8380,2027-01-25,NULL,9,1997.07,MOBILE_MONEY,VALIDE,Dépense Fournitures et consommables
8381,2027-01-25,NULL,11,5481.20,CARTE,VALIDE,Dépense Transport et logistique
8382,2027-01-25,NULL,10,743.71,CARTE,VALIDE,Dépense Énergie et eau
8383,2027-01-26,48,3,435.06,VIREMENT,VALIDE,Facture F-2027-38025
8384,2027-01-26,17,4,444.31,ESPECES,VALIDE,Facture F-2027-80992
8385,2027-01-26,43,2,1382.98,CARTE,VALIDE,Facture F-2027-35898
8386,2027-01-26,9,3,178.42,VIREMENT,VALIDE,Facture F-2027-57214
8387,2027-01-26,46,5,1344.87,ESPECES,VALIDE,Facture F-2027-29274
8388,2027-01-26,NULL,8,7702.81,ESPECES,VALIDE,Dépense Marketing et publicité
8389,2027-01-26,NULL,15,364.19,VIREMENT,VALIDE,Dépense Intérêts et frais bancaires
8390,2027-01-26,NULL,8,5443.13,CARTE,VALIDE,Dépense Marketing et publicité
8391,2027-01-27,34,2,1183.81,VIREMENT,VALIDE,Facture F-2027-22201
8392,2027-01-27,32,4,754.41,CHEQUE,VALIDE,Facture F-2027-23173
8393,2027-01-27,47,1,2926.08,CHEQUE,VALIDE,Facture F-2027-83107
8394,2027-01-27,NULL,8,7606.69,VIREMENT,VALIDE,Dépense Marketing et publicité
8395,2027-01-27,NULL,13,449.05,CARTE,VALIDE,Dépense Impôts et taxes
8396,2027-01-27,NULL,7,2295.36,CARTE,VALIDE,Dépense Loyers et immobilier
8397,2027-01-28,62,2,1773.92,VIREMENT,VALIDE,Facture F-2027-34149
8398,2027-01-28,56,5,709.88,MOBILE_MONEY,VALIDE,Facture F-2027-29675
8399,2027-01-28,51,5,408.42,CARTE,VALIDE,Facture F-2027-13916
8400,2027-01-28,54,1,7339.01,VIREMENT,VALIDE,Facture F-2027-63182
8401,2027-01-28,56,5,815.00,MOBILE_MONEY,VALIDE,Facture F-2027-56753
8402,2027-01-28,24,1,6108.00,VIREMENT,VALIDE,Facture F-2027-56111
8403,2027-01-28,54,3,292.87,VIREMENT,VALIDE,Facture F-2027-03956
8404,2027-01-28,NULL,11,4858.87,ESPECES,VALIDE,Dépense Transport et logistique
8405,2027-01-28,NULL,14,823.62,CARTE,VALIDE,Dépense Informatique et logiciels
8406,2027-01-28,NULL,6,2990.11,ESPECES,VALIDE,Dépense Salaires et charges sociales
8407,2027-01-28,NULL,6,14105.10,MOBILE_MONEY,VALIDE,Dépense Salaires et charges sociales
8408,2027-01-29,33,1,4094.36,MOBILE_MONEY,VALIDE,Facture F-2027-47395
8409,2027-01-29,22,4,591.79,MOBILE_MONEY,VALIDE,Facture F-2027-65121
8410,2027-01-29,9,4,1004.56,MOBILE_MONEY,VALIDE,Facture F-2027-70928
8411,2027-01-29,57,1,5705.14,CARTE,VALIDE,Facture F-2027-67816
8412,2027-01-29,57,2,591.64,CARTE,VALIDE,Facture F-2027-88433
8413,2027-01-29,9,2,1339.28,MOBILE_MONEY,VALIDE,Facture F-2027-61714
8414,2027-01-29,11,1,6138.74,CARTE,VALIDE,Facture F-2027-06072
8415,2027-01-29,42,5,658.06,CHEQUE,VALIDE,Facture F-2027-17801
8416,2027-01-29,NULL,10,1371.29,ESPECES,VALIDE,Dépense Énergie et eau
8417,2027-01-30,12,1,5479.34,CHEQUE,VALIDE,Facture F-2027-52611
8418,2027-01-30,64,2,2108.91,CARTE,VALIDE,Facture F-2027-75472
8419,2027-01-30,22,2,1625.53,MOBILE_MONEY,VALIDE,Facture F-2027-22207
8420,2027-01-30,16,1,4889.47,CARTE,VALIDE,Facture F-2027-96281
8421,2027-01-30,42,2,746.35,ESPECES,VALIDE,Facture F-2027-96093
8422,2027-01-30,18,2,1513.40,ESPECES,VALIDE,Facture F-2027-74516
8423,2027-01-30,35,5,1258.05,ESPECES,VALIDE,Facture F-2027-98993
8424,2027-01-30,NULL,11,3061.12,MOBILE_MONEY,EN_ATTENTE,Dépense Transport et logistique
8425,2027-01-30,NULL,11,4489.98,MOBILE_MONEY,VALIDE,Dépense Transport et logistique
8426,2027-01-30,NULL,14,205.68,VIREMENT,VALIDE,Dépense Informatique et logiciels
8427,2027-01-31,38,3,241.39,MOBILE_MONEY,VALIDE,Facture F-2027-23846
8428,2027-01-31,42,3,366.51,MOBILE_MONEY,VALIDE,Facture F-2027-94282
8429,2027-01-31,51,1,4178.66,CHEQUE,VALIDE,Facture F-2027-24782
8430,2027-01-31,44,3,404.75,ESPECES,VALIDE,Facture F-2027-75811
8431,2027-01-31,NULL,13,4765.74,VIREMENT,VALIDE,Dépense Impôts et taxes
8432,2027-02-01,63,2,1952.43,MOBILE_MONEY,VALIDE,Facture F-2027-33604
8433,2027-02-01,43,4,246.19,CARTE,VALIDE,Facture F-2027-21987
8434,2027-02-01,34,2,1878.95,CHEQUE,VALIDE,Facture F-2027-56234
8435,2027-02-01,4,1,6150.91,VIREMENT,VALIDE,Facture F-2027-95734
8436,2027-02-01,NULL,6,14130.03,MOBILE_MONEY,VALIDE,Dépense Salaires et charges sociales
8437,2027-02-01,NULL,10,1560.02,VIREMENT,VALIDE,Dépense Énergie et eau
8438,2027-02-01,NULL,10,915.59,VIREMENT,VALIDE,Dépense Énergie et eau
8439,2027-02-02,59,3,157.91,CARTE,VALIDE,Facture F-2027-70318
8440,2027-02-02,30,2,883.02,MOBILE_MONEY,VALIDE,Facture F-2027-66353
8441,2027-02-02,38,2,2060.10,CHEQUE,VALIDE,Facture F-2027-87837
8442,2027-02-02,NULL,15,168.24,VIREMENT,VALIDE,Dépense Intérêts et frais bancaires
8443,2027-02-02,NULL,15,428.88,ESPECES,VALIDE,Dépense Intérêts et frais bancaires
8444,2027-02-02,NULL,10,1775.11,ESPECES,VALIDE,Dépense Énergie et eau
8445,2027-02-02,NULL,13,4943.16,MOBILE_MONEY,VALIDE,Dépense Impôts et taxes
8446,2027-02-03,5,2,1216.88,VIREMENT,VALIDE,Facture F-2027-96962
8447,2027-02-03,49,1,2781.53,VIREMENT,VALIDE,Facture F-2027-41782
8448,2027-02-03,51,3,308.33,MOBILE_MONEY,VALIDE,Facture F-2027-04677
8449,2027-02-03,NULL,8,971.77,CARTE,VALIDE,Dépense Marketing et publicité
8450,2027-02-04,30,1,975.13,MOBILE_MONEY,VALIDE,Facture F-2027-43405
8451,2027-02-04,39,5,338.82,CHEQUE,VALIDE,Facture F-2027-93875
8452,2027-02-04,41,1,6435.55,CARTE,VALIDE,Facture F-2027-47777
8453,2027-02-04,12,5,478.06,ESPECES,VALIDE,Facture F-2027-32960
8454,2027-02-04,NULL,12,750.31,ESPECES,VALIDE,Dépense Assurances
8455,2027-02-04,NULL,12,473.11,CARTE,VALIDE,Dépense Assurances
8456,2027-02-04,NULL,7,3708.07,CARTE,VALIDE,Dépense Loyers et immobilier
8457,2027-02-05,23,2,2174.53,ESPECES,VALIDE,Facture F-2027-31775
8458,2027-02-05,54,5,598.46,VIREMENT,VALIDE,Facture F-2027-37690
8459,2027-02-05,57,2,1695.54,ESPECES,VALIDE,Facture F-2027-00511
8460,2027-02-05,29,1,6773.23,CARTE,VALIDE,Facture F-2027-12033
8461,2027-02-05,20,5,1162.45,CARTE,VALIDE,Facture F-2027-46175
8462,2027-02-05,29,3,248.35,CARTE,VALIDE,Facture F-2027-99242
8463,2027-02-05,52,2,2052.46,ESPECES,VALIDE,Facture F-2027-30816
8464,2027-02-05,NULL,8,2301.48,ESPECES,VALIDE,Dépense Marketing et publicité
8465,2027-02-05,NULL,14,743.40,CARTE,VALIDE,Dépense Informatique et logiciels
8466,2027-02-05,NULL,12,2003.60,VIREMENT,VALIDE,Dépense Assurances
8467,2027-02-06,10,5,375.64,VIREMENT,VALIDE,Facture F-2027-46049
8468,2027-02-06,21,4,557.66,VIREMENT,VALIDE,Facture F-2027-47193
8469,2027-02-06,45,5,1494.22,ESPECES,VALIDE,Facture F-2027-82113
8470,2027-02-06,NULL,6,2638.50,VIREMENT,VALIDE,Dépense Salaires et charges sociales
8471,2027-02-07,49,2,1418.59,CARTE,VALIDE,Facture F-2027-51896
8472,2027-02-07,63,4,908.92,VIREMENT,VALIDE,Facture F-2027-11424
8473,2027-02-07,65,3,268.05,VIREMENT,VALIDE,Facture F-2027-14744
8474,2027-02-07,24,1,2571.10,VIREMENT,VALIDE,Facture F-2027-88489
8475,2027-02-07,NULL,7,2904.63,MOBILE_MONEY,VALIDE,Dépense Loyers et immobilier
8476,2027-02-07,NULL,11,4683.79,ESPECES,VALIDE,Dépense Transport et logistique
8477,2027-02-08,45,2,1845.96,MOBILE_MONEY,VALIDE,Facture F-2027-51609
8478,2027-02-08,48,2,2027.10,VIREMENT,VALIDE,Facture F-2027-61560
8479,2027-02-08,20,4,810.20,CHEQUE,VALIDE,Facture F-2027-18416
8480,2027-02-08,9,2,1447.03,CHEQUE,VALIDE,Facture F-2027-06935
8481,2027-02-08,58,4,790.07,MOBILE_MONEY,VALIDE,Facture F-2027-75889
8482,2027-02-08,NULL,13,810.25,VIREMENT,VALIDE,Dépense Impôts et taxes
8483,2027-02-08,NULL,14,3120.33,VIREMENT,VALIDE,Dépense Informatique et logiciels
8484,2027-02-08,NULL,11,5850.13,VIREMENT,VALIDE,Dépense Transport et logistique
8485,2027-02-08,NULL,9,2261.49,CARTE,EN_ATTENTE,Dépense Fournitures et consommables
8486,2027-02-09,33,5,1195.03,CHEQUE,VALIDE,Facture F-2027-34814
8487,2027-02-09,1,1,523.99,CHEQUE,VALIDE,Facture F-2027-45351
8488,2027-02-09,56,4,571.95,CARTE,VALIDE,Facture F-2027-74945
8489,2027-02-09,NULL,14,2320.43,VIREMENT,VALIDE,Dépense Informatique et logiciels
8490,2027-02-10,61,4,473.46,VIREMENT,VALIDE,Facture F-2027-26405
8491,2027-02-10,44,5,1124.67,VIREMENT,VALIDE,Facture F-2027-18583
8492,2027-02-10,NULL,9,1618.89,CARTE,VALIDE,Dépense Fournitures et consommables
8493,2027-02-11,31,4,510.23,CHEQUE,VALIDE,Facture F-2027-58517
8494,2027-02-11,24,3,263.45,CARTE,VALIDE,Facture F-2027-46581
8495,2027-02-11,58,4,638.43,ESPECES,VALIDE,Facture F-2027-19994
8496,2027-02-11,62,3,121.03,CHEQUE,VALIDE,Facture F-2027-63406
8497,2027-02-11,55,4,1118.62,MOBILE_MONEY,VALIDE,Facture F-2027-65394
8498,2027-02-11,54,1,5240.34,ESPECES,VALIDE,Facture F-2027-27292
8499,2027-02-11,15,5,1121.88,MOBILE_MONEY,VALIDE,Facture F-2027-89564
8500,2027-02-11,24,2,521.00,VIREMENT,VALIDE,Facture F-2027-77825
8501,2027-02-11,NULL,8,4453.01,VIREMENT,VALIDE,Dépense Marketing et publicité
8502,2027-02-11,NULL,9,974.74,CARTE,VALIDE,Dépense Fournitures et consommables
8503,2027-02-11,NULL,13,2077.35,VIREMENT,VALIDE,Dépense Impôts et taxes
8504,2027-02-11,NULL,9,2382.19,MOBILE_MONEY,VALIDE,Dépense Fournitures et consommables
8505,2027-02-12,26,4,916.88,CHEQUE,VALIDE,Facture F-2027-02551
8506,2027-02-12,45,4,344.32,CHEQUE,VALIDE,Facture F-2027-34077
8507,2027-02-12,42,1,6281.99,ESPECES,VALIDE,Facture F-2027-91892
8508,2027-02-12,NULL,6,6696.84,ESPECES,VALIDE,Dépense Salaires et charges sociales
8509,2027-02-12,NULL,6,16663.52,VIREMENT,VALIDE,Dépense Salaires et charges sociales
8510,2027-02-12,NULL,13,3601.79,ESPECES,VALIDE,Dépense Impôts et taxes
8511,2027-02-13,64,2,750.33,CARTE,VALIDE,Facture F-2027-92001
8512,2027-02-13,30,3,420.11,MOBILE_MONEY,VALIDE,Facture F-2027-09981
8513,2027-02-13,32,5,956.77,MOBILE_MONEY,EN_ATTENTE,Facture F-2027-08147
8514,2027-02-13,29,1,5998.85,MOBILE_MONEY,VALIDE,Facture F-2027-13680
8515,2027-02-13,23,4,664.32,VIREMENT,VALIDE,Facture F-2027-06370
8516,2027-02-13,41,5,564.56,ESPECES,VALIDE,Facture F-2027-00882
8517,2027-02-13,29,2,786.50,CHEQUE,VALIDE,Facture F-2027-28176
8518,2027-02-13,NULL,14,585.50,VIREMENT,VALIDE,Dépense Informatique et logiciels
8519,2027-02-13,NULL,7,2703.14,VIREMENT,VALIDE,Dépense Loyers et immobilier
8520,2027-02-13,NULL,14,2711.30,CARTE,VALIDE,Dépense Informatique et logiciels
8521,2027-02-14,42,1,536.09,ESPECES,VALIDE,Facture F-2027-17095
8522,2027-02-14,58,3,439.00,VIREMENT,VALIDE,Facture F-2027-41757
8523,2027-02-14,29,3,270.23,MOBILE_MONEY,VALIDE,Facture F-2027-97496
8524,2027-02-14,57,3,325.02,VIREMENT,VALIDE,Facture F-2027-31647
8525,2027-02-14,51,3,144.49,ESPECES,VALIDE,Facture F-2027-00493
8526,2027-02-14,54,5,544.97,VIREMENT,VALIDE,Facture F-2027-46940
8527,2027-02-14,NULL,9,1312.62,MOBILE_MONEY,VALIDE,Dépense Fournitures et consommables
8528,2027-02-14,NULL,7,3196.90,MOBILE_MONEY,EN_ATTENTE,Dépense Loyers et immobilier
8529,2027-02-14,NULL,12,704.13,CARTE,VALIDE,Dépense Assurances
8530,2027-02-14,NULL,15,739.43,VIREMENT,VALIDE,Dépense Intérêts et frais bancaires
8531,2027-02-15,41,3,266.56,MOBILE_MONEY,VALIDE,Facture F-2027-00478
8532,2027-02-15,65,4,351.53,ESPECES,VALIDE,Facture F-2027-55768
8533,2027-02-15,25,5,809.23,MOBILE_MONEY,VALIDE,Facture F-2027-09993
8534,2027-02-15,55,5,1115.53,ESPECES,VALIDE,Facture F-2027-92565
8535,2027-02-15,20,4,872.63,CARTE,VALIDE,Facture F-2027-38692
8536,2027-02-15,17,3,368.02,MOBILE_MONEY,VALIDE,Facture F-2027-47514
8537,2027-02-15,42,3,262.92,VIREMENT,VALIDE,Facture F-2027-75468
8538,2027-02-15,NULL,7,1277.02,VIREMENT,VALIDE,Dépense Loyers et immobilier
8539,2027-02-15,NULL,9,252.05,ESPECES,VALIDE,Dépense Fournitures et consommables
8540,2027-02-16,45,4,396.64,CHEQUE,VALIDE,Facture F-2027-67737
8541,2027-02-16,9,1,4427.78,CARTE,VALIDE,Facture F-2027-90200
8542,2027-02-16,55,4,294.46,ESPECES,VALIDE,Facture F-2027-80450
8543,2027-02-16,43,3,71.84,CARTE,VALIDE,Facture F-2027-31306
8544,2027-02-16,13,4,310.38,ESPECES,VALIDE,Facture F-2027-54310
8545,2027-02-16,25,4,1043.62,CHEQUE,VALIDE,Facture F-2027-73717
8546,2027-02-16,NULL,13,951.80,VIREMENT,VALIDE,Dépense Impôts et taxes
8547,2027-02-17,62,4,797.91,CHEQUE,VALIDE,Facture F-2027-94630
8548,2027-02-17,16,1,1746.62,CARTE,VALIDE,Facture F-2027-79032
8549,2027-02-17,44,1,6600.15,CARTE,VALIDE,Facture F-2027-99436
8550,2027-02-17,NULL,6,16023.41,VIREMENT,VALIDE,Dépense Salaires et charges sociales
8551,2027-02-18,43,1,6105.45,CHEQUE,VALIDE,Facture F-2027-56051
8552,2027-02-18,46,1,2616.63,VIREMENT,EN_ATTENTE,Facture F-2027-14500
8553,2027-02-18,23,3,72.05,VIREMENT,VALIDE,Facture F-2027-34254
8554,2027-02-18,8,2,1943.57,ESPECES,VALIDE,Facture F-2027-92845
8555,2027-02-18,1,1,4527.80,ESPECES,VALIDE,Facture F-2027-31881
8556,2027-02-18,37,4,883.82,MOBILE_MONEY,EN_ATTENTE,Facture F-2027-49324
8557,2027-02-18,25,1,3205.46,MOBILE_MONEY,VALIDE,Facture F-2027-62582
8558,2027-02-19,52,1,5120.44,MOBILE_MONEY,VALIDE,Facture F-2027-70780
8559,2027-02-19,53,4,906.74,ESPECES,VALIDE,Facture F-2027-26594
8560,2027-02-19,29,2,1116.50,ESPECES,VALIDE,Facture F-2027-96378
8561,2027-02-19,NULL,6,19130.78,ESPECES,VALIDE,Dépense Salaires et charges sociales
8562,2027-02-19,NULL,12,592.10,MOBILE_MONEY,VALIDE,Dépense Assurances
8563,2027-02-20,51,1,4504.22,VIREMENT,VALIDE,Facture F-2027-54291
8564,2027-02-20,65,1,4485.24,MOBILE_MONEY,VALIDE,Facture F-2027-31348
8565,2027-02-20,39,5,583.59,CARTE,VALIDE,Facture F-2027-20887
8566,2027-02-20,63,4,879.94,ESPECES,VALIDE,Facture F-2027-42993
8567,2027-02-20,8,5,1439.67,VIREMENT,VALIDE,Facture F-2027-52149
8568,2027-02-20,61,3,108.34,CARTE,VALIDE,Facture F-2027-08852
8569,2027-02-20,9,4,783.58,CHEQUE,VALIDE,Facture F-2027-51647
8570,2027-02-20,60,4,729.59,CHEQUE,VALIDE,Facture F-2027-67422
8571,2027-02-20,NULL,10,420.32,CARTE,VALIDE,Dépense Énergie et eau
8572,2027-02-21,7,3,446.10,CARTE,VALIDE,Facture F-2027-54704
8573,2027-02-21,19,5,844.62,MOBILE_MONEY,VALIDE,Facture F-2027-40301
8574,2027-02-21,52,3,358.42,VIREMENT,VALIDE,Facture F-2027-88388
8575,2027-02-21,NULL,10,2050.74,ESPECES,VALIDE,Dépense Énergie et eau
8576,2027-02-22,38,5,562.93,VIREMENT,VALIDE,Facture F-2027-00772
8577,2027-02-22,48,5,1284.93,VIREMENT,VALIDE,Facture F-2027-17818
8578,2027-02-22,8,3,448.90,VIREMENT,VALIDE,Facture F-2027-32805
8579,2027-02-22,44,4,349.74,CARTE,VALIDE,Facture F-2027-79804
8580,2027-02-22,48,4,954.78,MOBILE_MONEY,VALIDE,Facture F-2027-99962
8581,2027-02-22,30,3,379.02,CARTE,VALIDE,Facture F-2027-46457
8582,2027-02-22,65,5,709.04,ESPECES,VALIDE,Facture F-2027-89917
8583,2027-02-22,58,2,1190.34,ESPECES,VALIDE,Facture F-2027-02406
8584,2027-02-22,NULL,10,327.83,CARTE,VALIDE,Dépense Énergie et eau
8585,2027-02-23,49,4,750.76,CHEQUE,VALIDE,Facture F-2027-55087
8586,2027-02-23,43,2,1111.55,CARTE,VALIDE,Facture F-2027-98106
8587,2027-02-23,50,1,3111.12,CHEQUE,VALIDE,Facture F-2027-29170
8588,2027-02-23,9,3,228.22,CHEQUE,VALIDE,Facture F-2027-27016
8589,2027-02-23,NULL,10,2014.89,MOBILE_MONEY,VALIDE,Dépense Énergie et eau
8590,2027-02-24,40,5,573.40,CHEQUE,VALIDE,Facture F-2027-55433
8591,2027-02-24,13,4,852.39,ESPECES,VALIDE,Facture F-2027-75734
8592,2027-02-24,20,1,1664.69,VIREMENT,VALIDE,Facture F-2027-92937
8593,2027-02-24,34,1,3052.23,CARTE,EN_ATTENTE,Facture F-2027-19580
8594,2027-02-24,12,4,832.04,CARTE,VALIDE,Facture F-2027-69136
8595,2027-02-24,NULL,6,9703.50,CARTE,VALIDE,Dépense Salaires et charges sociales
8596,2027-02-24,NULL,10,318.58,VIREMENT,VALIDE,Dépense Énergie et eau
8597,2027-02-24,NULL,12,2001.30,MOBILE_MONEY,VALIDE,Dépense Assurances
8598,2027-02-25,52,5,958.09,VIREMENT,VALIDE,Facture F-2027-30513
8599,2027-02-25,14,4,373.09,MOBILE_MONEY,VALIDE,Facture F-2027-05197
8600,2027-02-25,1,3,357.64,MOBILE_MONEY,VALIDE,Facture F-2027-50622
8601,2027-02-25,NULL,8,6674.57,VIREMENT,EN_ATTENTE,Dépense Marketing et publicité
8602,2027-02-26,2,3,368.94,VIREMENT,VALIDE,Facture F-2027-19963
8603,2027-02-26,44,2,1354.93,MOBILE_MONEY,VALIDE,Facture F-2027-95874
8604,2027-02-26,64,2,1811.32,CHEQUE,VALIDE,Facture F-2027-95843
8605,2027-02-26,39,1,5035.51,ESPECES,VALIDE,Facture F-2027-33586
8606,2027-02-26,3,5,1220.45,CARTE,VALIDE,Facture F-2027-60551
8607,2027-02-26,59,1,841.14,MOBILE_MONEY,VALIDE,Facture F-2027-81554
8608,2027-02-26,45,3,118.39,ESPECES,VALIDE,Facture F-2027-08676
8609,2027-02-26,NULL,6,17267.51,VIREMENT,VALIDE,Dépense Salaires et charges sociales
8610,2027-02-26,NULL,8,3723.21,CARTE,VALIDE,Dépense Marketing et publicité
8611,2027-02-27,44,5,1448.01,CHEQUE,VALIDE,Facture F-2027-52435
8612,2027-02-27,56,5,996.09,VIREMENT,VALIDE,Facture F-2027-04305
8613,2027-02-27,15,3,324.80,CHEQUE,VALIDE,Facture F-2027-50741
8614,2027-02-27,14,1,4727.29,VIREMENT,VALIDE,Facture F-2027-58325
8615,2027-02-27,43,1,635.88,MOBILE_MONEY,VALIDE,Facture F-2027-08879
8616,2027-02-27,58,1,2619.90,ESPECES,VALIDE,Facture F-2027-66813
8617,2027-02-27,16,5,1109.92,VIREMENT,VALIDE,Facture F-2027-25110
8618,2027-02-27,NULL,7,3888.09,MOBILE_MONEY,VALIDE,Dépense Loyers et immobilier
8619,2027-02-27,NULL,15,781.48,VIREMENT,VALIDE,Dépense Intérêts et frais bancaires
8620,2027-02-28,60,3,437.22,MOBILE_MONEY,VALIDE,Facture F-2027-31140
8621,2027-02-28,15,1,586.93,CHEQUE,VALIDE,Facture F-2027-05900
8622,2027-02-28,34,3,431.67,CARTE,VALIDE,Facture F-2027-85051
8623,2027-02-28,38,1,6364.99,MOBILE_MONEY,EN_ATTENTE,Facture F-2027-29589
8624,2027-02-28,36,2,1898.73,ESPECES,VALIDE,Facture F-2027-10430
8625,2027-02-28,58,4,729.46,CARTE,VALIDE,Facture F-2027-81987
8626,2027-02-28,NULL,15,200.16,MOBILE_MONEY,VALIDE,Dépense Intérêts et frais bancaires
8627,2027-02-28,NULL,10,1554.98,VIREMENT,VALIDE,Dépense Énergie et eau
8628,2027-03-01,44,1,1077.10,CHEQUE,VALIDE,Facture F-2027-99640
8629,2027-03-01,1,3,137.73,MOBILE_MONEY,VALIDE,Facture F-2027-86918
8630,2027-03-01,32,3,115.25,CARTE,VALIDE,Facture F-2027-90454
8631,2027-03-01,11,4,709.73,MOBILE_MONEY,VALIDE,Facture F-2027-68300
8632,2027-03-01,NULL,12,1332.20,ESPECES,VALIDE,Dépense Assurances
8633,2027-03-01,NULL,6,3325.91,CARTE,VALIDE,Dépense Salaires et charges sociales
8634,2027-03-02,56,5,714.74,MOBILE_MONEY,VALIDE,Facture F-2027-46166
8635,2027-03-02,57,2,1385.00,VIREMENT,VALIDE,Facture F-2027-67390
8636,2027-03-02,53,3,174.68,CHEQUE,VALIDE,Facture F-2027-18017
8637,2027-03-02,NULL,14,1142.47,VIREMENT,VALIDE,Dépense Informatique et logiciels
8638,2027-03-02,NULL,12,2688.92,CARTE,VALIDE,Dépense Assurances
8639,2027-03-02,NULL,10,664.96,VIREMENT,EN_ATTENTE,Dépense Énergie et eau
8640,2027-03-03,25,4,934.86,ESPECES,VALIDE,Facture F-2027-71003
8641,2027-03-03,9,4,879.24,VIREMENT,VALIDE,Facture F-2027-71119
8642,2027-03-03,8,1,3699.51,CARTE,VALIDE,Facture F-2027-14601
8643,2027-03-03,50,4,1064.99,MOBILE_MONEY,VALIDE,Facture F-2027-23092
8644,2027-03-03,15,2,2122.62,CHEQUE,VALIDE,Facture F-2027-89562
8645,2027-03-03,NULL,12,2672.72,VIREMENT,VALIDE,Dépense Assurances
8646,2027-03-04,34,5,487.14,ESPECES,VALIDE,Facture F-2027-79516
8647,2027-03-04,53,1,6827.06,CHEQUE,VALIDE,Facture F-2027-69910
8648,2027-03-04,51,5,1482.42,CHEQUE,VALIDE,Facture F-2027-94834
8649,2027-03-04,38,5,589.73,MOBILE_MONEY,VALIDE,Facture F-2027-67775
8650,2027-03-04,NULL,8,4427.51,MOBILE_MONEY,VALIDE,Dépense Marketing et publicité
8651,2027-03-04,NULL,6,7604.43,CARTE,VALIDE,Dépense Salaires et charges sociales
8652,2027-03-05,52,5,653.46,MOBILE_MONEY,VALIDE,Facture F-2027-44412
8653,2027-03-05,16,5,823.47,VIREMENT,VALIDE,Facture F-2027-33478
8654,2027-03-05,50,5,1448.02,ESPECES,VALIDE,Facture F-2027-69278
8655,2027-03-05,53,5,434.40,CARTE,VALIDE,Facture F-2027-28079
8656,2027-03-05,24,4,1061.21,MOBILE_MONEY,VALIDE,Facture F-2027-75965
8657,2027-03-05,64,5,718.64,CHEQUE,VALIDE,Facture F-2027-11238
8658,2027-03-05,22,1,3281.06,MOBILE_MONEY,VALIDE,Facture F-2027-33916
8659,2027-03-05,NULL,9,2114.17,CARTE,VALIDE,Dépense Fournitures et consommables
8660,2027-03-05,NULL,12,2154.70,MOBILE_MONEY,VALIDE,Dépense Assurances
8661,2027-03-06,29,3,218.01,MOBILE_MONEY,VALIDE,Facture F-2027-60046
8662,2027-03-06,36,2,2028.25,CHEQUE,VALIDE,Facture F-2027-74952
8663,2027-03-06,48,5,1072.91,CARTE,VALIDE,Facture F-2027-59777
8664,2027-03-06,53,1,5081.51,CARTE,VALIDE,Facture F-2027-01136
8665,2027-03-06,62,2,1288.31,MOBILE_MONEY,VALIDE,Facture F-2027-80754
8666,2027-03-06,25,2,1816.85,VIREMENT,VALIDE,Facture F-2027-99326
8667,2027-03-06,52,2,2040.36,CARTE,VALIDE,Facture F-2027-12709
8668,2027-03-06,56,2,1245.90,MOBILE_MONEY,VALIDE,Facture F-2027-87838
8669,2027-03-06,NULL,8,6005.82,CARTE,VALIDE,Dépense Marketing et publicité
8670,2027-03-07,27,1,4722.04,VIREMENT,VALIDE,Facture F-2027-20108
8671,2027-03-07,7,2,1167.30,VIREMENT,VALIDE,Facture F-2027-95067
8672,2027-03-07,64,5,1457.16,MOBILE_MONEY,VALIDE,Facture F-2027-46271
8673,2027-03-07,13,1,6077.86,MOBILE_MONEY,VALIDE,Facture F-2027-66945
8674,2027-03-07,NULL,7,3317.99,CARTE,VALIDE,Dépense Loyers et immobilier
8675,2027-03-07,NULL,9,496.33,VIREMENT,VALIDE,Dépense Fournitures et consommables
8676,2027-03-07,NULL,6,14438.35,ESPECES,VALIDE,Dépense Salaires et charges sociales
8677,2027-03-08,18,5,928.48,ESPECES,VALIDE,Facture F-2027-67087
8678,2027-03-08,51,5,303.16,ESPECES,EN_ATTENTE,Facture F-2027-18856
8679,2027-03-08,46,4,708.19,MOBILE_MONEY,VALIDE,Facture F-2027-44985
8680,2027-03-08,28,3,244.11,CARTE,VALIDE,Facture F-2027-73355
8681,2027-03-08,65,4,256.98,CARTE,VALIDE,Facture F-2027-77145
8682,2027-03-08,NULL,12,1922.20,VIREMENT,VALIDE,Dépense Assurances
8683,2027-03-08,NULL,9,1407.37,CARTE,VALIDE,Dépense Fournitures et consommables
8684,2027-03-08,NULL,12,847.71,VIREMENT,VALIDE,Dépense Assurances
8685,2027-03-09,46,4,623.35,CHEQUE,VALIDE,Facture F-2027-03671
8686,2027-03-09,13,5,749.03,CARTE,VALIDE,Facture F-2027-61811
8687,2027-03-09,29,2,1002.72,CARTE,VALIDE,Facture F-2027-18487
8688,2027-03-09,50,4,1039.98,CHEQUE,VALIDE,Facture F-2027-08862
8689,2027-03-09,56,5,1237.99,ESPECES,VALIDE,Facture F-2027-37338
8690,2027-03-09,8,3,137.01,VIREMENT,VALIDE,Facture F-2027-25826
8691,2027-03-09,NULL,14,1530.64,MOBILE_MONEY,VALIDE,Dépense Informatique et logiciels
8692,2027-03-09,NULL,7,1158.55,ESPECES,EN_ATTENTE,Dépense Loyers et immobilier
8693,2027-03-10,24,2,365.16,CARTE,VALIDE,Facture F-2027-43473
8694,2027-03-10,61,3,227.59,MOBILE_MONEY,VALIDE,Facture F-2027-07955
8695,2027-03-10,55,1,1695.09,VIREMENT,VALIDE,Facture F-2027-26779
8696,2027-03-10,NULL,8,6054.67,MOBILE_MONEY,VALIDE,Dépense Marketing et publicité
8697,2027-03-10,NULL,15,672.43,ESPECES,VALIDE,Dépense Intérêts et frais bancaires
8698,2027-03-10,NULL,15,53.35,ESPECES,VALIDE,Dépense Intérêts et frais bancaires
8699,2027-03-10,NULL,11,1984.91,VIREMENT,VALIDE,Dépense Transport et logistique
8700,2027-03-11,51,5,333.37,CHEQUE,VALIDE,Facture F-2027-60326
8701,2027-03-11,1,1,4251.57,MOBILE_MONEY,VALIDE,Facture F-2027-78658
8702,2027-03-11,33,1,7335.98,VIREMENT,VALIDE,Facture F-2027-40745
8703,2027-03-11,43,2,439.61,CHEQUE,VALIDE,Facture F-2027-18890
8704,2027-03-11,NULL,10,1006.31,VIREMENT,VALIDE,Dépense Énergie et eau
8705,2027-03-12,45,2,1197.89,MOBILE_MONEY,VALIDE,Facture F-2027-98879
8706,2027-03-12,23,4,957.80,ESPECES,VALIDE,Facture F-2027-34436
8707,2027-03-12,44,5,962.03,VIREMENT,VALIDE,Facture F-2027-16748
8708,2027-03-12,8,2,1446.52,CHEQUE,VALIDE,Facture F-2027-92579
8709,2027-03-12,19,4,782.84,ESPECES,VALIDE,Facture F-2027-46406
8710,2027-03-12,49,3,225.65,ESPECES,VALIDE,Facture F-2027-50780
8711,2027-03-12,NULL,12,832.10,CARTE,VALIDE,Dépense Assurances
8712,2027-03-12,NULL,10,1754.95,VIREMENT,VALIDE,Dépense Énergie et eau
8713,2027-03-13,17,5,731.92,VIREMENT,VALIDE,Facture F-2027-67679
8714,2027-03-13,28,5,842.42,ESPECES,VALIDE,Facture F-2027-73501
8715,2027-03-13,56,1,1953.98,CHEQUE,VALIDE,Facture F-2027-30446
8716,2027-03-13,9,2,2189.31,VIREMENT,VALIDE,Facture F-2027-66333
8717,2027-03-13,21,2,1756.96,ESPECES,VALIDE,Facture F-2027-49932
8718,2027-03-13,30,2,433.40,MOBILE_MONEY,VALIDE,Facture F-2027-18190
8719,2027-03-13,NULL,7,4301.46,MOBILE_MONEY,VALIDE,Dépense Loyers et immobilier
8720,2027-03-14,53,4,425.91,CHEQUE,VALIDE,Facture F-2027-53125
8721,2027-03-14,17,5,698.75,ESPECES,VALIDE,Facture F-2027-40052
8722,2027-03-14,14,2,642.15,MOBILE_MONEY,VALIDE,Facture F-2027-40222
8723,2027-03-14,51,2,1547.83,CARTE,EN_ATTENTE,Facture F-2027-54016
8724,2027-03-14,6,3,364.58,VIREMENT,VALIDE,Facture F-2027-42293
8725,2027-03-14,22,1,2370.56,VIREMENT,VALIDE,Facture F-2027-76648
8726,2027-03-14,32,5,949.06,MOBILE_MONEY,VALIDE,Facture F-2027-86736
8727,2027-03-14,NULL,10,895.04,CARTE,VALIDE,Dépense Énergie et eau
8728,2027-03-14,NULL,7,1205.59,CARTE,VALIDE,Dépense Loyers et immobilier
8729,2027-03-14,NULL,11,1316.87,CARTE,VALIDE,Dépense Transport et logistique
8730,2027-03-15,22,2,1955.58,CARTE,VALIDE,Facture F-2027-50792
8731,2027-03-15,10,2,1615.62,ESPECES,VALIDE,Facture F-2027-20092
8732,2027-03-15,50,2,2141.14,CHEQUE,VALIDE,Facture F-2027-12690
8733,2027-03-15,31,5,861.16,VIREMENT,VALIDE,Facture F-2027-49667
8734,2027-03-15,11,3,125.60,CHEQUE,VALIDE,Facture F-2027-06496
8735,2027-03-15,50,1,2276.66,VIREMENT,VALIDE,Facture F-2027-47615
8736,2027-03-15,NULL,8,7137.51,VIREMENT,VALIDE,Dépense Marketing et publicité
8737,2027-03-15,NULL,7,365.41,MOBILE_MONEY,VALIDE,Dépense Loyers et immobilier
8738,2027-03-15,NULL,8,606.93,ESPECES,EN_ATTENTE,Dépense Marketing et publicité
8739,2027-03-16,56,1,5378.63,MOBILE_MONEY,VALIDE,Facture F-2027-44064
8740,2027-03-16,54,3,382.78,CHEQUE,VALIDE,Facture F-2027-46294
8741,2027-03-16,20,2,1111.33,MOBILE_MONEY,VALIDE,Facture F-2027-87788
8742,2027-03-16,1,3,227.89,MOBILE_MONEY,VALIDE,Facture F-2027-28129
8743,2027-03-16,4,4,1123.19,ESPECES,VALIDE,Facture F-2027-71890
8744,2027-03-16,60,5,427.94,MOBILE_MONEY,VALIDE,Facture F-2027-47286
8745,2027-03-16,NULL,12,350.99,ESPECES,VALIDE,Dépense Assurances
8746,2027-03-17,54,4,479.13,CHEQUE,VALIDE,Facture F-2027-73483
8747,2027-03-17,49,5,1177.27,CHEQUE,VALIDE,Facture F-2027-24955
8748,2027-03-17,54,2,538.27,CARTE,VALIDE,Facture F-2027-80835
8749,2027-03-17,NULL,14,2153.18,CARTE,VALIDE,Dépense Informatique et logiciels
8750,2027-03-17,NULL,10,1769.68,MOBILE_MONEY,VALIDE,Dépense Énergie et eau
8751,2027-03-17,NULL,14,4513.59,MOBILE_MONEY,VALIDE,Dépense Informatique et logiciels
8752,2027-03-18,16,5,564.85,CARTE,VALIDE,Facture F-2027-98811
8753,2027-03-18,28,3,314.13,CARTE,VALIDE,Facture F-2027-96274
8754,2027-03-18,63,2,1655.14,ESPECES,VALIDE,Facture F-2027-61137
8755,2027-03-18,19,3,97.94,ESPECES,EN_ATTENTE,Facture F-2027-97511
8756,2027-03-18,16,4,494.06,CHEQUE,VALIDE,Facture F-2027-30591
8757,2027-03-18,NULL,9,2469.26,MOBILE_MONEY,VALIDE,Dépense Fournitures et consommables
8758,2027-03-18,NULL,7,471.28,ESPECES,VALIDE,Dépense Loyers et immobilier
8759,2027-03-19,1,2,1946.07,VIREMENT,VALIDE,Facture F-2027-75504
8760,2027-03-19,42,1,4933.23,ESPECES,VALIDE,Facture F-2027-15646
8761,2027-03-19,17,5,808.42,ESPECES,VALIDE,Facture F-2027-69328
8762,2027-03-19,13,3,295.21,ESPECES,VALIDE,Facture F-2027-96284
8763,2027-03-19,NULL,9,345.09,ESPECES,VALIDE,Dépense Fournitures et consommables
8764,2027-03-19,NULL,7,3432.68,CARTE,VALIDE,Dépense Loyers et immobilier
8765,2027-03-19,NULL,14,1689.19,VIREMENT,VALIDE,Dépense Informatique et logiciels
8766,2027-03-20,14,4,301.90,VIREMENT,VALIDE,Facture F-2027-03880
8767,2027-03-20,53,3,168.91,CARTE,VALIDE,Facture F-2027-52976
8768,2027-03-20,43,3,416.86,CARTE,EN_ATTENTE,Facture F-2027-16832
8769,2027-03-20,NULL,12,1594.85,ESPECES,VALIDE,Dépense Assurances
8770,2027-03-20,NULL,9,142.47,MOBILE_MONEY,VALIDE,Dépense Fournitures et consommables
8771,2027-03-20,NULL,12,1529.62,MOBILE_MONEY,VALIDE,Dépense Assurances
8772,2027-03-21,54,5,775.75,CARTE,VALIDE,Facture F-2027-86058
8773,2027-03-21,20,4,397.17,MOBILE_MONEY,VALIDE,Facture F-2027-44209
8774,2027-03-21,44,3,263.08,MOBILE_MONEY,VALIDE,Facture F-2027-18612
8775,2027-03-21,60,5,1363.64,MOBILE_MONEY,VALIDE,Facture F-2027-04960
8776,2027-03-21,NULL,14,1668.89,VIREMENT,VALIDE,Dépense Informatique et logiciels
8777,2027-03-21,NULL,14,943.44,MOBILE_MONEY,VALIDE,Dépense Informatique et logiciels
8778,2027-03-22,32,5,968.41,VIREMENT,VALIDE,Facture F-2027-88688
8779,2027-03-22,24,2,2170.68,CARTE,VALIDE,Facture F-2027-68862
8780,2027-03-22,61,2,1064.19,MOBILE_MONEY,VALIDE,Facture F-2027-99659
8781,2027-03-22,20,1,2949.29,VIREMENT,EN_ATTENTE,Facture F-2027-06870
8782,2027-03-22,17,1,7477.60,VIREMENT,VALIDE,Facture F-2027-11695
8783,2027-03-22,16,5,796.68,MOBILE_MONEY,VALIDE,Facture F-2027-93306
8784,2027-03-22,NULL,8,5111.94,ESPECES,VALIDE,Dépense Marketing et publicité
8785,2027-03-22,NULL,11,5994.23,VIREMENT,VALIDE,Dépense Transport et logistique
8786,2027-03-22,NULL,10,1016.16,CARTE,VALIDE,Dépense Énergie et eau
8787,2027-03-22,NULL,15,601.42,CARTE,VALIDE,Dépense Intérêts et frais bancaires
8788,2027-03-23,59,3,333.32,VIREMENT,EN_ATTENTE,Facture F-2027-00346
8789,2027-03-23,62,4,534.53,VIREMENT,VALIDE,Facture F-2027-34781
8790,2027-03-23,NULL,6,6214.04,CARTE,VALIDE,Dépense Salaires et charges sociales
8791,2027-03-23,NULL,11,5136.42,MOBILE_MONEY,VALIDE,Dépense Transport et logistique
8792,2027-03-23,NULL,13,4740.05,ESPECES,VALIDE,Dépense Impôts et taxes
8793,2027-03-24,3,2,385.54,ESPECES,VALIDE,Facture F-2027-28458
8794,2027-03-24,25,1,5043.89,ESPECES,VALIDE,Facture F-2027-25895
8795,2027-03-24,44,3,387.88,MOBILE_MONEY,VALIDE,Facture F-2027-94407
8796,2027-03-24,NULL,15,80.82,MOBILE_MONEY,VALIDE,Dépense Intérêts et frais bancaires
8797,2027-03-24,NULL,12,2139.53,ESPECES,VALIDE,Dépense Assurances
8798,2027-03-24,NULL,6,7075.43,MOBILE_MONEY,VALIDE,Dépense Salaires et charges sociales
8799,2027-03-24,NULL,10,301.61,VIREMENT,VALIDE,Dépense Énergie et eau
8800,2027-03-25,18,1,1581.69,ESPECES,VALIDE,Facture F-2027-54586
8801,2027-03-25,9,3,60.19,ESPECES,VALIDE,Facture F-2027-03892
8802,2027-03-25,23,2,1933.06,CHEQUE,VALIDE,Facture F-2027-88286
8803,2027-03-25,23,3,423.87,CARTE,VALIDE,Facture F-2027-57512
8804,2027-03-25,NULL,12,2747.21,VIREMENT,EN_ATTENTE,Dépense Assurances
8805,2027-03-26,19,1,6830.75,ESPECES,VALIDE,Facture F-2027-02739
8806,2027-03-26,46,5,1079.74,MOBILE_MONEY,VALIDE,Facture F-2027-02532
8807,2027-03-26,60,2,910.91,VIREMENT,VALIDE,Facture F-2027-22512
8808,2027-03-26,43,5,1113.07,VIREMENT,VALIDE,Facture F-2027-39719
8809,2027-03-26,55,4,573.79,MOBILE_MONEY,VALIDE,Facture F-2027-95241
8810,2027-03-26,18,2,1474.01,VIREMENT,VALIDE,Facture F-2027-95849
8811,2027-03-26,27,1,6657.85,VIREMENT,VALIDE,Facture F-2027-88029
8812,2027-03-26,61,5,1372.24,MOBILE_MONEY,VALIDE,Facture F-2027-30852
8813,2027-03-26,NULL,6,3760.04,MOBILE_MONEY,VALIDE,Dépense Salaires et charges sociales
8814,2027-03-26,NULL,6,6597.04,MOBILE_MONEY,VALIDE,Dépense Salaires et charges sociales
8815,2027-03-27,35,5,1373.11,MOBILE_MONEY,VALIDE,Facture F-2027-27405
8816,2027-03-27,25,3,263.89,CARTE,VALIDE,Facture F-2027-24826
8817,2027-03-27,52,1,5010.44,CARTE,VALIDE,Facture F-2027-40306
8818,2027-03-27,13,3,260.96,MOBILE_MONEY,VALIDE,Facture F-2027-46554
8819,2027-03-27,39,2,1688.82,ESPECES,VALIDE,Facture F-2027-19504
8820,2027-03-27,NULL,11,4034.00,VIREMENT,VALIDE,Dépense Transport et logistique
8821,2027-03-28,12,3,224.49,CHEQUE,VALIDE,Facture F-2027-44996
8822,2027-03-28,55,4,507.07,VIREMENT,VALIDE,Facture F-2027-83187
8823,2027-03-28,4,5,926.19,MOBILE_MONEY,VALIDE,Facture F-2027-22720
8824,2027-03-28,47,2,1730.04,VIREMENT,EN_ATTENTE,Facture F-2027-30619
8825,2027-03-28,48,2,1494.70,CARTE,VALIDE,Facture F-2027-59053
8826,2027-03-28,NULL,7,3544.56,CARTE,VALIDE,Dépense Loyers et immobilier
8827,2027-03-28,NULL,15,673.70,MOBILE_MONEY,VALIDE,Dépense Intérêts et frais bancaires
8828,2027-03-29,48,2,1409.42,CARTE,VALIDE,Facture F-2027-94936
8829,2027-03-29,1,1,4252.39,MOBILE_MONEY,VALIDE,Facture F-2027-33793
8830,2027-03-29,43,5,892.09,CHEQUE,VALIDE,Facture F-2027-85399
8831,2027-03-29,37,2,453.27,CARTE,EN_ATTENTE,Facture F-2027-20589
8832,2027-03-29,54,1,4689.95,CHEQUE,VALIDE,Facture F-2027-19380
8833,2027-03-29,54,4,294.72,MOBILE_MONEY,VALIDE,Facture F-2027-73686
8834,2027-03-29,NULL,7,2573.17,ESPECES,VALIDE,Dépense Loyers et immobilier
8835,2027-03-29,NULL,9,212.97,VIREMENT,VALIDE,Dépense Fournitures et consommables
8836,2027-03-30,61,4,780.56,MOBILE_MONEY,VALIDE,Facture F-2027-12563
8837,2027-03-30,5,5,1080.63,CARTE,VALIDE,Facture F-2027-14422
8838,2027-03-30,28,4,1009.67,ESPECES,VALIDE,Facture F-2027-07637
8839,2027-03-30,32,4,415.60,ESPECES,VALIDE,Facture F-2027-71944
8840,2027-03-30,3,1,1102.28,CARTE,VALIDE,Facture F-2027-46376
8841,2027-03-30,22,5,1281.67,VIREMENT,VALIDE,Facture F-2027-48283
8842,2027-03-30,NULL,13,4866.83,MOBILE_MONEY,VALIDE,Dépense Impôts et taxes
8843,2027-03-30,NULL,9,2305.74,CARTE,VALIDE,Dépense Fournitures et consommables
8844,2027-03-30,NULL,9,253.05,VIREMENT,VALIDE,Dépense Fournitures et consommables
8845,2027-03-31,54,3,256.25,CHEQUE,VALIDE,Facture F-2027-42652
8846,2027-03-31,36,4,633.81,CARTE,VALIDE,Facture F-2027-87365
8847,2027-03-31,26,5,945.42,VIREMENT,VALIDE,Facture F-2027-19269
8848,2027-03-31,42,4,492.60,MOBILE_MONEY,VALIDE,Facture F-2027-75483
8849,2027-03-31,35,1,1601.36,ESPECES,VALIDE,Facture F-2027-33484
8850,2027-03-31,18,1,1779.60,CHEQUE,VALIDE,Facture F-2027-97656
8851,2027-03-31,48,1,2400.81,CHEQUE,VALIDE,Facture F-2027-88680
8852,2027-03-31,11,2,1670.77,MOBILE_MONEY,VALIDE,Facture F-2027-38202
8853,2027-03-31,NULL,7,3640.47,VIREMENT,VALIDE,Dépense Loyers et immobilier
8854,2027-04-01,33,1,3050.14,ESPECES,VALIDE,Facture F-2027-14867
8855,2027-04-01,55,5,1015.81,MOBILE_MONEY,VALIDE,Facture F-2027-63718
8856,2027-04-01,28,1,6792.87,ESPECES,VALIDE,Facture F-2027-11870
8857,2027-04-01,59,3,95.78,VIREMENT,VALIDE,Facture F-2027-37570
8858,2027-04-01,65,1,6926.82,CARTE,VALIDE,Facture F-2027-87443
8859,2027-04-01,43,3,411.98,VIREMENT,VALIDE,Facture F-2027-65258
8860,2027-04-01,NULL,11,360.83,ESPECES,VALIDE,Dépense Transport et logistique
8861,2027-04-01,NULL,8,6840.54,CARTE,VALIDE,Dépense Marketing et publicité
8862,2027-04-01,NULL,14,1270.78,ESPECES,VALIDE,Dépense Informatique et logiciels
8863,2027-04-01,NULL,6,13662.73,VIREMENT,VALIDE,Dépense Salaires et charges sociales
8864,2027-04-02,49,4,1128.74,CARTE,VALIDE,Facture F-2027-59139
8865,2027-04-02,24,3,267.15,ESPECES,VALIDE,Facture F-2027-91866
8866,2027-04-02,19,2,1792.85,CARTE,VALIDE,Facture F-2027-77025
8867,2027-04-02,20,1,1302.26,VIREMENT,VALIDE,Facture F-2027-60179
8868,2027-04-02,43,5,1046.90,MOBILE_MONEY,VALIDE,Facture F-2027-36158
8869,2027-04-02,51,1,3231.97,CHEQUE,VALIDE,Facture F-2027-73460
8870,2027-04-02,17,2,1055.56,ESPECES,VALIDE,Facture F-2027-46955
8871,2027-04-02,NULL,11,6061.84,VIREMENT,VALIDE,Dépense Transport et logistique
8872,2027-04-03,9,1,2231.95,ESPECES,VALIDE,Facture F-2027-98517
8873,2027-04-03,24,2,2174.55,CARTE,VALIDE,Facture F-2027-71301
8874,2027-04-03,62,3,245.15,ESPECES,VALIDE,Facture F-2027-35388
8875,2027-04-03,8,3,144.87,MOBILE_MONEY,VALIDE,Facture F-2027-29293
8876,2027-04-03,10,2,489.05,CHEQUE,VALIDE,Facture F-2027-59553
8877,2027-04-03,21,1,3993.91,CARTE,VALIDE,Facture F-2027-33535
8878,2027-04-03,NULL,12,2158.22,MOBILE_MONEY,VALIDE,Dépense Assurances
8879,2027-04-04,64,3,301.12,VIREMENT,VALIDE,Facture F-2027-99595
8880,2027-04-04,10,3,225.45,ESPECES,VALIDE,Facture F-2027-50253
8881,2027-04-04,5,5,1033.11,CARTE,VALIDE,Facture F-2027-43300
8882,2027-04-04,62,2,2145.98,CARTE,VALIDE,Facture F-2027-99191
8883,2027-04-04,39,3,226.49,MOBILE_MONEY,VALIDE,Facture F-2027-32222
8884,2027-04-04,NULL,9,1468.99,VIREMENT,VALIDE,Dépense Fournitures et consommables
8885,2027-04-05,20,3,175.11,CARTE,VALIDE,Facture F-2027-94512
8886,2027-04-05,15,1,1238.31,CHEQUE,VALIDE,Facture F-2027-93255
8887,2027-04-05,47,5,1377.39,CHEQUE,VALIDE,Facture F-2027-46405
8888,2027-04-05,33,2,986.06,VIREMENT,VALIDE,Facture F-2027-41430
8889,2027-04-05,28,2,412.41,VIREMENT,VALIDE,Facture F-2027-48196
8890,2027-04-05,62,3,174.71,MOBILE_MONEY,VALIDE,Facture F-2027-80946
8891,2027-04-05,58,2,1409.82,VIREMENT,VALIDE,Facture F-2027-25949
8892,2027-04-05,43,4,391.42,ESPECES,VALIDE,Facture F-2027-13674
8893,2027-04-05,NULL,10,1520.75,MOBILE_MONEY,VALIDE,Dépense Énergie et eau
8894,2027-04-05,NULL,11,5981.54,CARTE,VALIDE,Dépense Transport et logistique
8895,2027-04-05,NULL,14,4349.51,CARTE,VALIDE,Dépense Informatique et logiciels
8896,2027-04-06,50,2,1907.64,CARTE,VALIDE,Facture F-2027-06886
8897,2027-04-06,4,2,1251.32,MOBILE_MONEY,VALIDE,Facture F-2027-82768
8898,2027-04-06,20,3,388.34,VIREMENT,VALIDE,Facture F-2027-43839
8899,2027-04-06,55,2,1139.22,CHEQUE,VALIDE,Facture F-2027-08565
8900,2027-04-06,59,2,1815.67,CARTE,VALIDE,Facture F-2027-77577
8901,2027-04-06,23,5,1428.77,ESPECES,VALIDE,Facture F-2027-16423
8902,2027-04-06,3,5,835.99,CARTE,VALIDE,Facture F-2027-47014
8903,2027-04-06,56,3,422.17,ESPECES,VALIDE,Facture F-2027-92176
8904,2027-04-06,NULL,7,3208.71,VIREMENT,VALIDE,Dépense Loyers et immobilier
8905,2027-04-06,NULL,10,744.58,MOBILE_MONEY,VALIDE,Dépense Énergie et eau
8906,2027-04-07,64,2,1885.74,MOBILE_MONEY,EN_ATTENTE,Facture F-2027-14836
8907,2027-04-07,55,3,380.58,ESPECES,VALIDE,Facture F-2027-78457
8908,2027-04-07,39,3,124.90,CARTE,VALIDE,Facture F-2027-21189
8909,2027-04-07,46,4,725.90,CHEQUE,VALIDE,Facture F-2027-82402
8910,2027-04-07,NULL,14,725.72,MOBILE_MONEY,VALIDE,Dépense Informatique et logiciels
8911,2027-04-08,31,2,602.95,ESPECES,VALIDE,Facture F-2027-20082
8912,2027-04-08,36,3,225.89,ESPECES,VALIDE,Facture F-2027-31616
8913,2027-04-08,40,2,467.25,MOBILE_MONEY,VALIDE,Facture F-2027-59026
8914,2027-04-08,45,3,424.28,CARTE,VALIDE,Facture F-2027-49815
8915,2027-04-08,13,4,927.42,VIREMENT,VALIDE,Facture F-2027-13555
8916,2027-04-08,NULL,14,3807.51,CARTE,VALIDE,Dépense Informatique et logiciels
8917,2027-04-08,NULL,11,4675.44,VIREMENT,VALIDE,Dépense Transport et logistique
8918,2027-04-09,37,5,1225.03,MOBILE_MONEY,VALIDE,Facture F-2027-34982
8919,2027-04-09,54,4,1005.02,CARTE,VALIDE,Facture F-2027-82342
8920,2027-04-09,51,2,416.02,CHEQUE,VALIDE,Facture F-2027-58567
8921,2027-04-09,50,4,881.81,MOBILE_MONEY,VALIDE,Facture F-2027-77844
8922,2027-04-09,10,4,844.11,CHEQUE,VALIDE,Facture F-2027-64367
8923,2027-04-09,NULL,14,955.97,VIREMENT,VALIDE,Dépense Informatique et logiciels
8924,2027-04-09,NULL,10,1465.21,VIREMENT,VALIDE,Dépense Énergie et eau
8925,2027-04-10,48,1,3348.57,VIREMENT,VALIDE,Facture F-2027-71151
8926,2027-04-10,57,2,1676.64,CARTE,VALIDE,Facture F-2027-60319
8927,2027-04-10,30,3,404.85,MOBILE_MONEY,VALIDE,Facture F-2027-04948
8928,2027-04-10,54,1,4094.15,VIREMENT,VALIDE,Facture F-2027-65755
8929,2027-04-10,24,1,4748.30,CHEQUE,VALIDE,Facture F-2027-20177
8930,2027-04-10,31,4,689.17,MOBILE_MONEY,VALIDE,Facture F-2027-13398
8931,2027-04-10,43,4,661.82,CARTE,VALIDE,Facture F-2027-85067
8932,2027-04-10,52,2,497.98,ESPECES,VALIDE,Facture F-2027-51512
8933,2027-04-10,NULL,6,4464.96,ESPECES,VALIDE,Dépense Salaires et charges sociales
8934,2027-04-10,NULL,15,273.14,ESPECES,EN_ATTENTE,Dépense Intérêts et frais bancaires
8935,2027-04-10,NULL,10,198.16,CARTE,VALIDE,Dépense Énergie et eau
8936,2027-04-11,20,2,1602.14,VIREMENT,VALIDE,Facture F-2027-34353
8937,2027-04-11,15,5,947.07,ESPECES,VALIDE,Facture F-2027-51699
8938,2027-04-11,29,5,531.29,MOBILE_MONEY,VALIDE,Facture F-2027-25053
8939,2027-04-11,40,5,815.03,CARTE,VALIDE,Facture F-2027-94045
8940,2027-04-11,8,5,1061.14,VIREMENT,VALIDE,Facture F-2027-28035
8941,2027-04-11,60,2,1205.85,ESPECES,VALIDE,Facture F-2027-11559
8942,2027-04-11,38,3,101.16,VIREMENT,VALIDE,Facture F-2027-04726
8943,2027-04-11,25,5,539.57,MOBILE_MONEY,VALIDE,Facture F-2027-53055
8944,2027-04-11,NULL,8,4150.75,ESPECES,VALIDE,Dépense Marketing et publicité
8945,2027-04-11,NULL,9,540.93,VIREMENT,VALIDE,Dépense Fournitures et consommables
8946,2027-04-11,NULL,15,506.79,MOBILE_MONEY,VALIDE,Dépense Intérêts et frais bancaires
8947,2027-04-12,14,5,1008.90,CHEQUE,VALIDE,Facture F-2027-68552
8948,2027-04-12,33,2,1310.13,MOBILE_MONEY,VALIDE,Facture F-2027-23350
8949,2027-04-12,46,3,67.54,ESPECES,VALIDE,Facture F-2027-45717
8950,2027-04-12,2,4,263.32,VIREMENT,VALIDE,Facture F-2027-31398
8951,2027-04-12,5,3,112.96,CARTE,VALIDE,Facture F-2027-48181
8952,2027-04-12,58,1,2139.84,CHEQUE,VALIDE,Facture F-2027-10145
8953,2027-04-12,17,2,827.67,VIREMENT,VALIDE,Facture F-2027-33837
8954,2027-04-12,61,3,404.73,ESPECES,VALIDE,Facture F-2027-41284
8955,2027-04-12,NULL,15,584.79,ESPECES,VALIDE,Dépense Intérêts et frais bancaires
8956,2027-04-12,NULL,10,866.99,CARTE,VALIDE,Dépense Énergie et eau
8957,2027-04-12,NULL,12,2644.30,ESPECES,VALIDE,Dépense Assurances
8958,2027-04-13,31,2,937.87,VIREMENT,VALIDE,Facture F-2027-40766
8959,2027-04-13,27,2,258.73,MOBILE_MONEY,VALIDE,Facture F-2027-80509
8960,2027-04-13,38,5,1381.65,VIREMENT,VALIDE,Facture F-2027-45768
8961,2027-04-13,32,1,6672.46,CARTE,VALIDE,Facture F-2027-26216
8962,2027-04-13,65,4,894.91,ESPECES,VALIDE,Facture F-2027-36704
8963,2027-04-13,24,2,2079.64,CARTE,VALIDE,Facture F-2027-71806
8964,2027-04-13,44,4,232.81,MOBILE_MONEY,VALIDE,Facture F-2027-93700
8965,2027-04-13,NULL,6,8882.78,ESPECES,VALIDE,Dépense Salaires et charges sociales
8966,2027-04-13,NULL,11,3643.71,VIREMENT,VALIDE,Dépense Transport et logistique
8967,2027-04-13,NULL,7,2606.03,VIREMENT,VALIDE,Dépense Loyers et immobilier
8968,2027-04-13,NULL,12,2375.62,VIREMENT,VALIDE,Dépense Assurances
8969,2027-04-14,52,4,276.34,CHEQUE,VALIDE,Facture F-2027-72579
8970,2027-04-14,2,5,974.26,VIREMENT,VALIDE,Facture F-2027-38719
8971,2027-04-14,13,5,753.46,CARTE,VALIDE,Facture F-2027-89037
8972,2027-04-14,61,1,2737.96,CHEQUE,VALIDE,Facture F-2027-74334
8973,2027-04-14,20,1,1873.82,MOBILE_MONEY,VALIDE,Facture F-2027-84536
8974,2027-04-14,NULL,7,3387.35,VIREMENT,VALIDE,Dépense Loyers et immobilier
8975,2027-04-14,NULL,6,10764.03,ESPECES,EN_ATTENTE,Dépense Salaires et charges sociales
8976,2027-04-15,9,5,1357.76,CARTE,VALIDE,Facture F-2027-21017
8977,2027-04-15,40,3,331.33,CARTE,VALIDE,Facture F-2027-96378
8978,2027-04-15,22,1,4139.96,ESPECES,VALIDE,Facture F-2027-44637
8979,2027-04-15,11,3,166.79,VIREMENT,VALIDE,Facture F-2027-37106
8980,2027-04-15,38,5,385.30,CHEQUE,VALIDE,Facture F-2027-61509
8981,2027-04-15,34,1,2960.82,VIREMENT,VALIDE,Facture F-2027-47987
8982,2027-04-15,53,5,913.70,VIREMENT,VALIDE,Facture F-2027-59512
8983,2027-04-15,49,1,3190.73,CARTE,VALIDE,Facture F-2027-34073
8984,2027-04-15,NULL,8,2488.27,MOBILE_MONEY,VALIDE,Dépense Marketing et publicité
8985,2027-04-15,NULL,6,8532.64,MOBILE_MONEY,VALIDE,Dépense Salaires et charges sociales
8986,2027-04-15,NULL,8,2009.26,CARTE,VALIDE,Dépense Marketing et publicité
8987,2027-04-16,59,5,1159.98,CARTE,VALIDE,Facture F-2027-47565
8988,2027-04-16,46,3,147.00,MOBILE_MONEY,VALIDE,Facture F-2027-47624
8989,2027-04-16,7,4,604.69,CARTE,VALIDE,Facture F-2027-59828
8990,2027-04-16,27,3,343.18,CHEQUE,VALIDE,Facture F-2027-54574
8991,2027-04-16,51,2,258.21,VIREMENT,VALIDE,Facture F-2027-93559
8992,2027-04-16,45,5,1163.92,ESPECES,VALIDE,Facture F-2027-87417
8993,2027-04-16,NULL,8,454.26,ESPECES,VALIDE,Dépense Marketing et publicité
8994,2027-04-16,NULL,7,745.98,ESPECES,VALIDE,Dépense Loyers et immobilier
8995,2027-04-17,53,5,1017.07,VIREMENT,VALIDE,Facture F-2027-98370
8996,2027-04-17,3,5,574.98,CARTE,VALIDE,Facture F-2027-77821
8997,2027-04-17,NULL,9,1975.18,CARTE,VALIDE,Dépense Fournitures et consommables
8998,2027-04-17,NULL,8,213.24,CARTE,VALIDE,Dépense Marketing et publicité
8999,2027-04-17,NULL,7,3626.08,CARTE,VALIDE,Dépense Loyers et immobilier
9000,2027-04-18,39,1,3625.13,CHEQUE,VALIDE,Facture F-2027-76291
9001,2027-04-18,39,1,3738.95,VIREMENT,VALIDE,Facture F-2027-50953
9002,2027-04-18,57,1,5924.60,VIREMENT,VALIDE,Facture F-2027-55777
9003,2027-04-18,23,5,679.54,MOBILE_MONEY,VALIDE,Facture F-2027-88709
9004,2027-04-18,57,4,456.00,ESPECES,VALIDE,Facture F-2027-14917
9005,2027-04-18,24,1,2597.55,CARTE,VALIDE,Facture F-2027-98340
9006,2027-04-18,NULL,10,255.19,MOBILE_MONEY,VALIDE,Dépense Énergie et eau
9007,2027-04-19,6,2,978.35,CARTE,VALIDE,Facture F-2027-58432
9008,2027-04-19,15,2,2022.50,MOBILE_MONEY,VALIDE,Facture F-2027-32292
9009,2027-04-19,17,2,1286.59,VIREMENT,VALIDE,Facture F-2027-36728
9010,2027-04-19,60,4,939.38,MOBILE_MONEY,VALIDE,Facture F-2027-28389
9011,2027-04-19,49,4,740.02,MOBILE_MONEY,VALIDE,Facture F-2027-28965
9012,2027-04-19,22,5,440.95,MOBILE_MONEY,VALIDE,Facture F-2027-84526
9013,2027-04-19,NULL,15,221.04,CARTE,VALIDE,Dépense Intérêts et frais bancaires
9014,2027-04-19,NULL,11,4109.88,MOBILE_MONEY,VALIDE,Dépense Transport et logistique
9015,2027-04-20,58,3,122.53,CHEQUE,VALIDE,Facture F-2027-89194
9016,2027-04-20,39,4,205.51,CARTE,VALIDE,Facture F-2027-13196
9017,2027-04-20,35,3,401.48,ESPECES,VALIDE,Facture F-2027-35866
9018,2027-04-20,NULL,14,3338.44,VIREMENT,VALIDE,Dépense Informatique et logiciels
9019,2027-04-20,NULL,12,1208.33,VIREMENT,VALIDE,Dépense Assurances
9020,2027-04-20,NULL,7,3639.20,ESPECES,VALIDE,Dépense Loyers et immobilier
9021,2027-04-21,33,1,1251.22,CHEQUE,VALIDE,Facture F-2027-37637
9022,2027-04-21,27,2,453.43,MOBILE_MONEY,VALIDE,Facture F-2027-96430
9023,2027-04-21,39,5,601.88,MOBILE_MONEY,EN_ATTENTE,Facture F-2027-30267
9024,2027-04-21,22,2,1964.33,ESPECES,VALIDE,Facture F-2027-37787
9025,2027-04-21,19,4,605.84,ESPECES,VALIDE,Facture F-2027-69248
9026,2027-04-21,NULL,14,1710.51,ESPECES,VALIDE,Dépense Informatique et logiciels
9027,2027-04-21,NULL,10,1136.12,CARTE,VALIDE,Dépense Énergie et eau
9028,2027-04-22,7,4,798.47,MOBILE_MONEY,VALIDE,Facture F-2027-23305
9029,2027-04-22,33,1,3256.63,VIREMENT,VALIDE,Facture F-2027-70484
9030,2027-04-22,22,5,1462.64,ESPECES,VALIDE,Facture F-2027-14994
9031,2027-04-22,8,2,1525.42,MOBILE_MONEY,VALIDE,Facture F-2027-55096
9032,2027-04-22,39,5,798.80,CARTE,VALIDE,Facture F-2027-12073
9033,2027-04-22,NULL,15,454.28,VIREMENT,VALIDE,Dépense Intérêts et frais bancaires
9034,2027-04-22,NULL,12,1684.23,ESPECES,VALIDE,Dépense Assurances
9035,2027-04-23,50,5,1293.85,MOBILE_MONEY,VALIDE,Facture F-2027-92926
9036,2027-04-23,55,5,823.47,CHEQUE,VALIDE,Facture F-2027-18133
9037,2027-04-23,57,3,407.03,MOBILE_MONEY,VALIDE,Facture F-2027-69852
9038,2027-04-23,NULL,13,3640.46,CARTE,VALIDE,Dépense Impôts et taxes
9039,2027-04-23,NULL,12,2783.85,CARTE,VALIDE,Dépense Assurances
9040,2027-04-23,NULL,14,1736.90,CARTE,VALIDE,Dépense Informatique et logiciels
9041,2027-04-23,NULL,12,2371.84,CARTE,VALIDE,Dépense Assurances
9042,2027-04-24,64,2,2124.21,MOBILE_MONEY,VALIDE,Facture F-2027-06725
9043,2027-04-24,31,4,431.93,CHEQUE,VALIDE,Facture F-2027-06483
9044,2027-04-24,42,3,237.87,CHEQUE,VALIDE,Facture F-2027-61669
9045,2027-04-24,NULL,8,1891.05,ESPECES,VALIDE,Dépense Marketing et publicité
9046,2027-04-24,NULL,6,13024.39,MOBILE_MONEY,VALIDE,Dépense Salaires et charges sociales
9047,2027-04-24,NULL,12,2037.53,MOBILE_MONEY,VALIDE,Dépense Assurances
9048,2027-04-25,34,5,1200.12,MOBILE_MONEY,VALIDE,Facture F-2027-83781
9049,2027-04-25,4,5,1273.86,CHEQUE,VALIDE,Facture F-2027-73162
9050,2027-04-25,NULL,9,2192.64,CARTE,VALIDE,Dépense Fournitures et consommables
9051,2027-04-26,32,3,317.19,ESPECES,VALIDE,Facture F-2027-33913
9052,2027-04-26,32,1,1450.74,MOBILE_MONEY,VALIDE,Facture F-2027-53135
9053,2027-04-26,4,3,323.09,CARTE,VALIDE,Facture F-2027-74458
9054,2027-04-26,NULL,9,2052.39,VIREMENT,VALIDE,Dépense Fournitures et consommables
9055,2027-04-26,NULL,13,3537.82,MOBILE_MONEY,EN_ATTENTE,Dépense Impôts et taxes
9056,2027-04-26,NULL,12,172.73,ESPECES,VALIDE,Dépense Assurances
9057,2027-04-26,NULL,8,4428.43,MOBILE_MONEY,VALIDE,Dépense Marketing et publicité
9058,2027-04-27,26,1,3870.70,MOBILE_MONEY,VALIDE,Facture F-2027-53643
9059,2027-04-27,7,3,392.35,CARTE,VALIDE,Facture F-2027-75851
9060,2027-04-27,58,5,1373.58,ESPECES,EN_ATTENTE,Facture F-2027-89002
9061,2027-04-27,14,1,3883.51,MOBILE_MONEY,VALIDE,Facture F-2027-34315
9062,2027-04-27,64,5,897.54,CARTE,VALIDE,Facture F-2027-12875
9063,2027-04-27,18,5,927.30,ESPECES,VALIDE,Facture F-2027-02447
9064,2027-04-27,25,1,4976.01,CARTE,VALIDE,Facture F-2027-48414
9065,2027-04-27,NULL,8,3290.76,VIREMENT,VALIDE,Dépense Marketing et publicité
9066,2027-04-27,NULL,14,2409.47,VIREMENT,VALIDE,Dépense Informatique et logiciels
9067,2027-04-27,NULL,13,3618.88,VIREMENT,VALIDE,Dépense Impôts et taxes
9068,2027-04-27,NULL,6,12366.07,CARTE,VALIDE,Dépense Salaires et charges sociales
9069,2027-04-28,53,2,267.94,ESPECES,VALIDE,Facture F-2027-83136
9070,2027-04-28,53,2,1973.78,ESPECES,VALIDE,Facture F-2027-10197
9071,2027-04-28,42,3,213.17,ESPECES,VALIDE,Facture F-2027-02840
9072,2027-04-28,28,3,286.44,MOBILE_MONEY,VALIDE,Facture F-2027-43250
9073,2027-04-28,46,4,915.89,CARTE,VALIDE,Facture F-2027-36765
9074,2027-04-28,NULL,7,3540.51,CARTE,VALIDE,Dépense Loyers et immobilier
9075,2027-04-29,64,5,784.17,CARTE,VALIDE,Facture F-2027-10515
9076,2027-04-29,19,5,1073.65,CHEQUE,VALIDE,Facture F-2027-75887
9077,2027-04-29,41,3,206.18,VIREMENT,VALIDE,Facture F-2027-14983
9078,2027-04-29,8,3,58.02,MOBILE_MONEY,VALIDE,Facture F-2027-47405
9079,2027-04-29,5,4,434.58,VIREMENT,VALIDE,Facture F-2027-29863
9080,2027-04-29,4,3,258.24,ESPECES,VALIDE,Facture F-2027-20910
9081,2027-04-29,53,2,595.53,VIREMENT,VALIDE,Facture F-2027-37958
9082,2027-04-29,NULL,13,2522.32,CARTE,VALIDE,Dépense Impôts et taxes
9083,2027-04-29,NULL,6,14704.04,ESPECES,VALIDE,Dépense Salaires et charges sociales
9084,2027-04-30,21,1,3290.50,VIREMENT,EN_ATTENTE,Facture F-2027-33228
9085,2027-04-30,33,5,1262.36,VIREMENT,VALIDE,Facture F-2027-11352
9086,2027-04-30,NULL,11,4414.94,ESPECES,VALIDE,Dépense Transport et logistique
9087,2027-04-30,NULL,12,758.40,VIREMENT,VALIDE,Dépense Assurances
9088,2027-04-30,NULL,7,4593.58,ESPECES,VALIDE,Dépense Loyers et immobilier
9089,2027-05-01,46,4,441.56,CHEQUE,VALIDE,Facture F-2027-14047
9090,2027-05-01,62,5,405.16,CHEQUE,VALIDE,Facture F-2027-65320
9091,2027-05-01,7,4,847.73,CHEQUE,VALIDE,Facture F-2027-49063
9092,2027-05-01,5,5,1023.16,CARTE,VALIDE,Facture F-2027-96819
9093,2027-05-01,NULL,14,1773.05,CARTE,VALIDE,Dépense Informatique et logiciels
9094,2027-05-01,NULL,12,224.00,CARTE,VALIDE,Dépense Assurances
9095,2027-05-01,NULL,12,1060.62,ESPECES,VALIDE,Dépense Assurances
9096,2027-05-01,NULL,12,889.22,VIREMENT,EN_ATTENTE,Dépense Assurances
9097,2027-05-02,15,2,1169.88,CARTE,VALIDE,Facture F-2027-92235
9098,2027-05-02,33,5,1397.15,MOBILE_MONEY,VALIDE,Facture F-2027-09492
9099,2027-05-02,32,4,395.20,CHEQUE,EN_ATTENTE,Facture F-2027-53416
9100,2027-05-02,63,3,152.70,CARTE,VALIDE,Facture F-2027-78706
9101,2027-05-02,NULL,11,5891.86,MOBILE_MONEY,VALIDE,Dépense Transport et logistique
9102,2027-05-02,NULL,12,1125.67,ESPECES,VALIDE,Dépense Assurances
9103,2027-05-02,NULL,13,3916.36,ESPECES,VALIDE,Dépense Impôts et taxes
9104,2027-05-03,60,2,1855.31,ESPECES,VALIDE,Facture F-2027-14228
9105,2027-05-03,11,4,847.91,CHEQUE,VALIDE,Facture F-2027-39514
9106,2027-05-03,54,1,1224.54,CHEQUE,VALIDE,Facture F-2027-19594
9107,2027-05-03,NULL,7,1356.57,CARTE,VALIDE,Dépense Loyers et immobilier
9108,2027-05-04,61,5,395.17,MOBILE_MONEY,VALIDE,Facture F-2027-24328
9109,2027-05-04,30,1,7084.02,CHEQUE,VALIDE,Facture F-2027-05433
9110,2027-05-04,14,2,627.12,ESPECES,VALIDE,Facture F-2027-31582
9111,2027-05-04,45,4,412.00,ESPECES,VALIDE,Facture F-2027-65460
9112,2027-05-04,60,5,1039.29,CHEQUE,VALIDE,Facture F-2027-25028
9113,2027-05-04,22,3,203.54,ESPECES,VALIDE,Facture F-2027-08717
9114,2027-05-04,NULL,12,1777.74,CARTE,VALIDE,Dépense Assurances
9115,2027-05-04,NULL,14,444.87,MOBILE_MONEY,VALIDE,Dépense Informatique et logiciels
9116,2027-05-04,NULL,6,16318.63,VIREMENT,VALIDE,Dépense Salaires et charges sociales
9117,2027-05-05,19,1,1761.79,MOBILE_MONEY,VALIDE,Facture F-2027-43966
9118,2027-05-05,46,4,855.66,VIREMENT,VALIDE,Facture F-2027-80029
9119,2027-05-05,57,2,1404.76,VIREMENT,VALIDE,Facture F-2027-45759
9120,2027-05-05,NULL,7,2100.95,CARTE,VALIDE,Dépense Loyers et immobilier
9121,2027-05-05,NULL,8,3403.19,MOBILE_MONEY,VALIDE,Dépense Marketing et publicité
9122,2027-05-06,61,1,3461.93,CARTE,VALIDE,Facture F-2027-28119
9123,2027-05-06,64,4,825.80,CHEQUE,VALIDE,Facture F-2027-35892
9124,2027-05-06,54,2,2157.03,VIREMENT,VALIDE,Facture F-2027-43932
9125,2027-05-06,53,3,358.30,CHEQUE,VALIDE,Facture F-2027-54646
9126,2027-05-06,4,2,661.28,CARTE,VALIDE,Facture F-2027-45190
9127,2027-05-06,NULL,10,2001.31,ESPECES,VALIDE,Dépense Énergie et eau
9128,2027-05-07,9,3,138.23,CHEQUE,VALIDE,Facture F-2027-93731
9129,2027-05-07,52,4,1002.71,MOBILE_MONEY,VALIDE,Facture F-2027-25995
9130,2027-05-07,NULL,7,3686.51,VIREMENT,VALIDE,Dépense Loyers et immobilier
9131,2027-05-08,51,3,168.07,CHEQUE,VALIDE,Facture F-2027-43153
9132,2027-05-08,38,4,768.12,CHEQUE,VALIDE,Facture F-2027-52389
9133,2027-05-08,36,2,326.55,VIREMENT,VALIDE,Facture F-2027-01789
9134,2027-05-08,42,2,573.06,ESPECES,VALIDE,Facture F-2027-71416
9135,2027-05-08,8,2,1883.83,MOBILE_MONEY,EN_ATTENTE,Facture F-2027-18116
9136,2027-05-08,61,4,743.33,VIREMENT,VALIDE,Facture F-2027-63409
9137,2027-05-08,22,3,166.94,ESPECES,VALIDE,Facture F-2027-70508
9138,2027-05-08,33,4,533.09,CHEQUE,VALIDE,Facture F-2027-58872
9139,2027-05-08,NULL,14,3173.14,ESPECES,VALIDE,Dépense Informatique et logiciels
9140,2027-05-09,53,3,167.51,ESPECES,VALIDE,Facture F-2027-97246
9141,2027-05-09,57,2,747.30,CHEQUE,VALIDE,Facture F-2027-22551
9142,2027-05-09,29,2,1192.49,ESPECES,VALIDE,Facture F-2027-75619
9143,2027-05-09,NULL,10,1119.37,CARTE,VALIDE,Dépense Énergie et eau
9144,2027-05-09,NULL,13,2077.19,ESPECES,VALIDE,Dépense Impôts et taxes
9145,2027-05-09,NULL,8,4002.77,CARTE,VALIDE,Dépense Marketing et publicité
9146,2027-05-09,NULL,8,2827.09,VIREMENT,VALIDE,Dépense Marketing et publicité
9147,2027-05-10,7,1,2940.15,CARTE,VALIDE,Facture F-2027-11042
9148,2027-05-10,6,2,1358.36,ESPECES,VALIDE,Facture F-2027-40433
9149,2027-05-10,40,5,437.59,ESPECES,VALIDE,Facture F-2027-73643
9150,2027-05-10,NULL,9,252.65,CARTE,VALIDE,Dépense Fournitures et consommables
9151,2027-05-10,NULL,6,13801.67,ESPECES,VALIDE,Dépense Salaires et charges sociales
9152,2027-05-10,NULL,6,14722.04,ESPECES,VALIDE,Dépense Salaires et charges sociales
9153,2027-05-10,NULL,13,899.14,ESPECES,VALIDE,Dépense Impôts et taxes
9154,2027-05-11,41,5,571.66,MOBILE_MONEY,VALIDE,Facture F-2027-48869
9155,2027-05-11,58,2,1366.45,MOBILE_MONEY,VALIDE,Facture F-2027-33110
9156,2027-05-11,22,2,1928.63,VIREMENT,VALIDE,Facture F-2027-91758
9157,2027-05-11,NULL,7,2979.87,MOBILE_MONEY,VALIDE,Dépense Loyers et immobilier
9158,2027-05-11,NULL,10,1846.31,MOBILE_MONEY,VALIDE,Dépense Énergie et eau
9159,2027-05-11,NULL,11,1614.25,VIREMENT,VALIDE,Dépense Transport et logistique
9160,2027-05-11,NULL,12,1161.66,ESPECES,VALIDE,Dépense Assurances
9161,2027-05-12,52,4,1107.62,VIREMENT,EN_ATTENTE,Facture F-2027-07529
9162,2027-05-12,24,1,3874.34,VIREMENT,VALIDE,Facture F-2027-38372
9163,2027-05-12,31,2,997.73,MOBILE_MONEY,VALIDE,Facture F-2027-78874
9164,2027-05-12,8,2,1639.31,CHEQUE,VALIDE,Facture F-2027-40059
9165,2027-05-12,44,1,6266.28,VIREMENT,EN_ATTENTE,Facture F-2027-17161
9166,2027-05-12,13,4,1193.06,VIREMENT,VALIDE,Facture F-2027-18547
9167,2027-05-12,31,3,96.01,ESPECES,VALIDE,Facture F-2027-33534
9168,2027-05-12,NULL,10,112.68,CARTE,VALIDE,Dépense Énergie et eau
9169,2027-05-13,52,3,271.90,CARTE,VALIDE,Facture F-2027-79649
9170,2027-05-13,60,2,1806.27,CHEQUE,VALIDE,Facture F-2027-00597
9171,2027-05-13,62,4,568.17,CHEQUE,VALIDE,Facture F-2027-90344
9172,2027-05-13,32,4,701.81,MOBILE_MONEY,VALIDE,Facture F-2027-40352
9173,2027-05-13,29,1,6982.29,MOBILE_MONEY,VALIDE,Facture F-2027-99190
9174,2027-05-13,4,3,81.62,CHEQUE,VALIDE,Facture F-2027-20419
9175,2027-05-13,NULL,9,1377.34,ESPECES,VALIDE,Dépense Fournitures et consommables
9176,2027-05-13,NULL,6,12679.56,CARTE,VALIDE,Dépense Salaires et charges sociales
9177,2027-05-14,13,4,364.80,MOBILE_MONEY,VALIDE,Facture F-2027-36489
9178,2027-05-14,61,1,1160.46,VIREMENT,VALIDE,Facture F-2027-06024
9179,2027-05-14,47,3,382.84,MOBILE_MONEY,VALIDE,Facture F-2027-91245
9180,2027-05-14,61,4,675.79,ESPECES,VALIDE,Facture F-2027-84972
9181,2027-05-14,20,5,971.22,CHEQUE,VALIDE,Facture F-2027-29064
9182,2027-05-14,NULL,9,1214.50,ESPECES,VALIDE,Dépense Fournitures et consommables
9183,2027-05-15,49,3,182.71,VIREMENT,VALIDE,Facture F-2027-05000
9184,2027-05-15,61,5,558.07,MOBILE_MONEY,VALIDE,Facture F-2027-06361
9185,2027-05-15,38,4,826.07,VIREMENT,VALIDE,Facture F-2027-50368
9186,2027-05-15,37,3,267.59,MOBILE_MONEY,VALIDE,Facture F-2027-75439
9187,2027-05-15,53,1,694.86,CARTE,VALIDE,Facture F-2027-12717
9188,2027-05-15,60,1,3478.44,ESPECES,VALIDE,Facture F-2027-41209
9189,2027-05-15,NULL,15,150.72,MOBILE_MONEY,VALIDE,Dépense Intérêts et frais bancaires
9190,2027-05-16,14,1,7083.30,MOBILE_MONEY,VALIDE,Facture F-2027-02273
9191,2027-05-16,34,1,2135.17,CARTE,EN_ATTENTE,Facture F-2027-21481
9192,2027-05-16,40,5,924.51,CARTE,VALIDE,Facture F-2027-51061
9193,2027-05-16,47,1,3478.30,MOBILE_MONEY,VALIDE,Facture F-2027-33611
9194,2027-05-16,2,5,1104.17,CARTE,VALIDE,Facture F-2027-89883
9195,2027-05-16,52,3,242.46,MOBILE_MONEY,VALIDE,Facture F-2027-14880
9196,2027-05-16,60,1,3036.27,CARTE,VALIDE,Facture F-2027-14624
9197,2027-05-16,NULL,12,3030.89,VIREMENT,VALIDE,Dépense Assurances
9198,2027-05-16,NULL,12,2074.03,ESPECES,VALIDE,Dépense Assurances
9199,2027-05-16,NULL,15,149.82,ESPECES,VALIDE,Dépense Intérêts et frais bancaires
9200,2027-05-16,NULL,13,2514.49,ESPECES,VALIDE,Dépense Impôts et taxes
9201,2027-05-17,49,2,1621.65,ESPECES,VALIDE,Facture F-2027-92697
9202,2027-05-17,44,5,1111.96,CHEQUE,VALIDE,Facture F-2027-97664
9203,2027-05-17,62,3,51.56,CHEQUE,VALIDE,Facture F-2027-01647
9204,2027-05-17,16,2,1016.03,ESPECES,VALIDE,Facture F-2027-66698
9205,2027-05-17,47,4,578.87,ESPECES,VALIDE,Facture F-2027-01648
9206,2027-05-17,56,1,5408.06,MOBILE_MONEY,VALIDE,Facture F-2027-11653
9207,2027-05-17,NULL,14,1712.89,MOBILE_MONEY,VALIDE,Dépense Informatique et logiciels
9208,2027-05-17,NULL,12,756.89,MOBILE_MONEY,VALIDE,Dépense Assurances
9209,2027-05-18,25,4,726.18,CHEQUE,VALIDE,Facture F-2027-94027
9210,2027-05-18,2,3,206.11,CARTE,VALIDE,Facture F-2027-25808
9211,2027-05-18,12,4,683.95,VIREMENT,VALIDE,Facture F-2027-45526
9212,2027-05-18,52,1,6559.68,VIREMENT,VALIDE,Facture F-2027-31727
9213,2027-05-18,37,4,873.98,ESPECES,VALIDE,Facture F-2027-28387
9214,2027-05-18,NULL,9,1551.14,ESPECES,VALIDE,Dépense Fournitures et consommables
9215,2027-05-19,49,4,946.55,VIREMENT,VALIDE,Facture F-2027-53980
9216,2027-05-19,13,1,3632.81,VIREMENT,VALIDE,Facture F-2027-98515
9217,2027-05-19,16,2,1148.60,CHEQUE,VALIDE,Facture F-2027-13478
9218,2027-05-19,52,4,236.68,CHEQUE,VALIDE,Facture F-2027-63794
9219,2027-05-19,40,2,468.97,CHEQUE,VALIDE,Facture F-2027-23290
9220,2027-05-19,8,3,395.65,CARTE,VALIDE,Facture F-2027-12120
9221,2027-05-19,3,1,7055.88,VIREMENT,VALIDE,Facture F-2027-02952
9222,2027-05-19,57,1,5921.44,CHEQUE,VALIDE,Facture F-2027-84168
9223,2027-05-19,NULL,6,6029.31,VIREMENT,VALIDE,Dépense Salaires et charges sociales
9224,2027-05-19,NULL,12,1793.33,CARTE,VALIDE,Dépense Assurances
9225,2027-05-19,NULL,10,1837.02,MOBILE_MONEY,VALIDE,Dépense Énergie et eau
9226,2027-05-20,7,4,785.74,CARTE,VALIDE,Facture F-2027-57872
9227,2027-05-20,49,1,3730.66,CHEQUE,VALIDE,Facture F-2027-80424
9228,2027-05-20,17,1,6401.13,CHEQUE,VALIDE,Facture F-2027-15024
9229,2027-05-20,NULL,9,772.62,CARTE,EN_ATTENTE,Dépense Fournitures et consommables
9230,2027-05-20,NULL,8,665.96,ESPECES,VALIDE,Dépense Marketing et publicité
9231,2027-05-20,NULL,9,326.62,MOBILE_MONEY,VALIDE,Dépense Fournitures et consommables
9232,2027-05-21,37,1,5967.22,MOBILE_MONEY,VALIDE,Facture F-2027-39692
9233,2027-05-21,12,2,369.38,VIREMENT,EN_ATTENTE,Facture F-2027-87525
9234,2027-05-21,25,2,797.55,CHEQUE,VALIDE,Facture F-2027-75461
9235,2027-05-21,NULL,6,3318.04,VIREMENT,VALIDE,Dépense Salaires et charges sociales
9236,2027-05-21,NULL,14,289.43,VIREMENT,VALIDE,Dépense Informatique et logiciels
9237,2027-05-22,3,5,625.70,ESPECES,VALIDE,Facture F-2027-87501
9238,2027-05-22,45,1,2182.31,VIREMENT,VALIDE,Facture F-2027-98223
9239,2027-05-22,4,1,2031.92,VIREMENT,VALIDE,Facture F-2027-22155
9240,2027-05-22,42,4,440.08,MOBILE_MONEY,VALIDE,Facture F-2027-31215
9241,2027-05-22,NULL,10,1724.19,ESPECES,VALIDE,Dépense Énergie et eau
9242,2027-05-22,NULL,13,4501.76,CARTE,VALIDE,Dépense Impôts et taxes
9243,2027-05-22,NULL,13,1450.70,VIREMENT,VALIDE,Dépense Impôts et taxes
9244,2027-05-23,17,1,4989.23,CARTE,VALIDE,Facture F-2027-67412
9245,2027-05-23,19,4,624.28,VIREMENT,VALIDE,Facture F-2027-36089
9246,2027-05-23,54,3,201.50,CHEQUE,VALIDE,Facture F-2027-88711
9247,2027-05-23,13,4,834.02,VIREMENT,VALIDE,Facture F-2027-49957
9248,2027-05-23,NULL,10,1415.10,MOBILE_MONEY,VALIDE,Dépense Énergie et eau
9249,2027-05-24,15,3,374.13,ESPECES,VALIDE,Facture F-2027-78434
9250,2027-05-24,43,5,1346.44,CARTE,VALIDE,Facture F-2027-86660
9251,2027-05-24,24,2,2043.93,CHEQUE,VALIDE,Facture F-2027-20601
9252,2027-05-24,38,3,265.45,CARTE,VALIDE,Facture F-2027-75653
9253,2027-05-24,47,1,529.03,CARTE,VALIDE,Facture F-2027-63176
9254,2027-05-24,NULL,9,705.96,VIREMENT,VALIDE,Dépense Fournitures et consommables
9255,2027-05-24,NULL,12,1642.44,CARTE,EN_ATTENTE,Dépense Assurances
9256,2027-05-25,59,4,850.50,CHEQUE,VALIDE,Facture F-2027-24910
9257,2027-05-25,42,5,934.82,VIREMENT,VALIDE,Facture F-2027-46776
9258,2027-05-25,50,2,1687.96,CHEQUE,VALIDE,Facture F-2027-20382
9259,2027-05-25,26,5,979.01,ESPECES,VALIDE,Facture F-2027-19597
9260,2027-05-25,NULL,14,988.55,CARTE,VALIDE,Dépense Informatique et logiciels
9261,2027-05-25,NULL,6,6664.66,ESPECES,VALIDE,Dépense Salaires et charges sociales
9262,2027-05-25,NULL,13,3884.84,MOBILE_MONEY,VALIDE,Dépense Impôts et taxes
9263,2027-05-26,58,4,704.65,CHEQUE,VALIDE,Facture F-2027-70835
9264,2027-05-26,19,5,1247.83,VIREMENT,EN_ATTENTE,Facture F-2027-12232
9265,2027-05-26,49,3,225.80,ESPECES,VALIDE,Facture F-2027-61505
9266,2027-05-26,NULL,12,2739.95,VIREMENT,VALIDE,Dépense Assurances
9267,2027-05-26,NULL,10,1648.77,MOBILE_MONEY,VALIDE,Dépense Énergie et eau
9268,2027-05-26,NULL,12,489.34,ESPECES,VALIDE,Dépense Assurances
9269,2027-05-27,31,5,1351.38,CARTE,VALIDE,Facture F-2027-02433
9270,2027-05-27,9,1,4398.02,CARTE,VALIDE,Facture F-2027-85020
9271,2027-05-27,22,3,408.95,CHEQUE,VALIDE,Facture F-2027-55030
9272,2027-05-27,62,4,1118.33,CHEQUE,VALIDE,Facture F-2027-53758
9273,2027-05-27,20,3,364.31,MOBILE_MONEY,VALIDE,Facture F-2027-71988
9274,2027-05-27,41,3,219.97,VIREMENT,VALIDE,Facture F-2027-56466
9275,2027-05-27,5,1,6762.95,MOBILE_MONEY,VALIDE,Facture F-2027-78445
9276,2027-05-27,NULL,8,5682.45,MOBILE_MONEY,VALIDE,Dépense Marketing et publicité
9277,2027-05-27,NULL,11,5420.47,MOBILE_MONEY,VALIDE,Dépense Transport et logistique
9278,2027-05-27,NULL,6,2998.13,ESPECES,VALIDE,Dépense Salaires et charges sociales
9279,2027-05-27,NULL,13,990.55,MOBILE_MONEY,VALIDE,Dépense Impôts et taxes
9280,2027-05-28,58,2,786.50,CARTE,VALIDE,Facture F-2027-58464
9281,2027-05-28,42,2,872.71,CHEQUE,VALIDE,Facture F-2027-93722
9282,2027-05-28,51,2,2014.22,CARTE,VALIDE,Facture F-2027-16299
9283,2027-05-28,41,1,928.00,CHEQUE,VALIDE,Facture F-2027-59023
9284,2027-05-28,41,3,318.81,ESPECES,VALIDE,Facture F-2027-74415
9285,2027-05-28,64,2,493.10,MOBILE_MONEY,VALIDE,Facture F-2027-32155
9286,2027-05-28,39,4,1041.30,ESPECES,VALIDE,Facture F-2027-38051
9287,2027-05-28,3,1,1190.77,ESPECES,VALIDE,Facture F-2027-46891
9288,2027-05-28,NULL,6,12614.87,ESPECES,VALIDE,Dépense Salaires et charges sociales
9289,2027-05-28,NULL,10,850.83,CARTE,VALIDE,Dépense Énergie et eau
9290,2027-05-29,27,4,831.94,CHEQUE,VALIDE,Facture F-2027-77117
9291,2027-05-29,22,1,2340.10,CHEQUE,VALIDE,Facture F-2027-53042
9292,2027-05-29,36,1,5100.06,CARTE,VALIDE,Facture F-2027-54933
9293,2027-05-29,21,5,1058.59,VIREMENT,VALIDE,Facture F-2027-51428
9294,2027-05-29,14,2,2117.96,VIREMENT,VALIDE,Facture F-2027-91903
9295,2027-05-29,48,1,2925.88,MOBILE_MONEY,VALIDE,Facture F-2027-41533
9296,2027-05-29,32,2,931.68,CHEQUE,EN_ATTENTE,Facture F-2027-73478
9297,2027-05-29,24,3,170.21,VIREMENT,VALIDE,Facture F-2027-78443
9298,2027-05-29,NULL,7,532.22,CARTE,VALIDE,Dépense Loyers et immobilier
9299,2027-05-29,NULL,15,386.20,VIREMENT,VALIDE,Dépense Intérêts et frais bancaires
9300,2027-05-30,64,5,377.75,MOBILE_MONEY,VALIDE,Facture F-2027-00410
9301,2027-05-30,42,4,216.26,MOBILE_MONEY,VALIDE,Facture F-2027-75517
9302,2027-05-30,50,2,598.47,CHEQUE,VALIDE,Facture F-2027-94539
9303,2027-05-30,37,1,4434.56,CHEQUE,VALIDE,Facture F-2027-30505
9304,2027-05-30,7,2,1958.05,CHEQUE,EN_ATTENTE,Facture F-2027-79172
9305,2027-05-30,9,4,750.18,VIREMENT,VALIDE,Facture F-2027-76083
9306,2027-05-30,12,5,519.46,ESPECES,EN_ATTENTE,Facture F-2027-06529
9307,2027-05-30,8,1,3187.79,MOBILE_MONEY,VALIDE,Facture F-2027-56152
9308,2027-05-30,NULL,6,7551.46,ESPECES,VALIDE,Dépense Salaires et charges sociales
9309,2027-05-30,NULL,11,1032.42,ESPECES,VALIDE,Dépense Transport et logistique
9310,2027-05-30,NULL,15,626.14,MOBILE_MONEY,VALIDE,Dépense Intérêts et frais bancaires
9311,2027-05-30,NULL,9,2116.32,MOBILE_MONEY,VALIDE,Dépense Fournitures et consommables
9312,2027-05-31,48,1,4898.21,MOBILE_MONEY,EN_ATTENTE,Facture F-2027-15903
9313,2027-05-31,1,3,263.16,MOBILE_MONEY,VALIDE,Facture F-2027-71895
9314,2027-05-31,48,3,420.37,CARTE,VALIDE,Facture F-2027-13708
9315,2027-05-31,5,4,443.04,CARTE,VALIDE,Facture F-2027-63372
9316,2027-05-31,53,5,566.17,MOBILE_MONEY,VALIDE,Facture F-2027-96763
9317,2027-05-31,51,5,358.87,ESPECES,VALIDE,Facture F-2027-43438
9318,2027-05-31,38,4,748.37,ESPECES,VALIDE,Facture F-2027-39136
9319,2027-05-31,NULL,10,1796.79,ESPECES,VALIDE,Dépense Énergie et eau
9320,2027-05-31,NULL,15,531.66,VIREMENT,VALIDE,Dépense Intérêts et frais bancaires
9321,2027-05-31,NULL,7,3812.92,MOBILE_MONEY,VALIDE,Dépense Loyers et immobilier
9322,2027-06-01,9,3,183.61,ESPECES,VALIDE,Facture F-2027-31317
9323,2027-06-01,35,5,1492.72,CHEQUE,EN_ATTENTE,Facture F-2027-80828
9324,2027-06-01,59,5,1359.92,VIREMENT,VALIDE,Facture F-2027-16867
9325,2027-06-01,10,2,1701.79,CARTE,VALIDE,Facture F-2027-72272
9326,2027-06-01,9,1,3970.51,CHEQUE,VALIDE,Facture F-2027-12769
9327,2027-06-02,62,3,92.37,VIREMENT,VALIDE,Facture F-2027-13021
9328,2027-06-02,1,3,299.65,ESPECES,VALIDE,Facture F-2027-48226
9329,2027-06-02,25,1,3296.93,VIREMENT,VALIDE,Facture F-2027-40337
9330,2027-06-02,47,1,697.59,CHEQUE,VALIDE,Facture F-2027-23301
9331,2027-06-02,41,1,6779.99,ESPECES,VALIDE,Facture F-2027-97252
9332,2027-06-02,13,3,328.82,ESPECES,VALIDE,Facture F-2027-18981
9333,2027-06-02,39,3,324.81,VIREMENT,VALIDE,Facture F-2027-72928
9334,2027-06-02,31,1,7391.64,ESPECES,EN_ATTENTE,Facture F-2027-82625
9335,2027-06-02,NULL,7,3839.30,MOBILE_MONEY,VALIDE,Dépense Loyers et immobilier
9336,2027-06-02,NULL,14,2853.63,MOBILE_MONEY,VALIDE,Dépense Informatique et logiciels
9337,2027-06-02,NULL,14,1802.31,MOBILE_MONEY,VALIDE,Dépense Informatique et logiciels
9338,2027-06-02,NULL,6,13071.85,VIREMENT,VALIDE,Dépense Salaires et charges sociales
9339,2027-06-03,42,2,663.93,ESPECES,VALIDE,Facture F-2027-23754
9340,2027-06-03,7,5,1013.41,MOBILE_MONEY,VALIDE,Facture F-2027-81489
9341,2027-06-03,47,4,902.87,MOBILE_MONEY,VALIDE,Facture F-2027-16626
9342,2027-06-03,16,1,5844.91,VIREMENT,VALIDE,Facture F-2027-45350
9343,2027-06-03,3,3,356.03,CARTE,VALIDE,Facture F-2027-17014
9344,2027-06-03,21,5,1096.26,CHEQUE,VALIDE,Facture F-2027-66749
9345,2027-06-03,NULL,9,141.80,MOBILE_MONEY,VALIDE,Dépense Fournitures et consommables
9346,2027-06-03,NULL,14,2673.93,CARTE,VALIDE,Dépense Informatique et logiciels
9347,2027-06-03,NULL,15,311.79,MOBILE_MONEY,VALIDE,Dépense Intérêts et frais bancaires
9348,2027-06-03,NULL,8,5719.26,MOBILE_MONEY,VALIDE,Dépense Marketing et publicité
9349,2027-06-04,44,3,100.60,MOBILE_MONEY,VALIDE,Facture F-2027-88069
9350,2027-06-04,3,2,579.91,ESPECES,VALIDE,Facture F-2027-34391
9351,2027-06-04,20,3,87.51,ESPECES,VALIDE,Facture F-2027-31915
9352,2027-06-04,51,5,347.60,CARTE,VALIDE,Facture F-2027-08282
9353,2027-06-04,31,4,320.97,MOBILE_MONEY,VALIDE,Facture F-2027-39411
9354,2027-06-04,4,4,505.37,CHEQUE,VALIDE,Facture F-2027-98471
9355,2027-06-04,55,3,252.36,ESPECES,VALIDE,Facture F-2027-65842
9356,2027-06-04,NULL,7,662.60,VIREMENT,VALIDE,Dépense Loyers et immobilier
9357,2027-06-04,NULL,13,4453.55,VIREMENT,VALIDE,Dépense Impôts et taxes
9358,2027-06-04,NULL,6,11558.54,VIREMENT,VALIDE,Dépense Salaires et charges sociales
9359,2027-06-05,65,2,877.05,ESPECES,VALIDE,Facture F-2027-59289
9360,2027-06-05,12,2,1582.94,MOBILE_MONEY,VALIDE,Facture F-2027-66985
9361,2027-06-05,7,3,132.53,VIREMENT,VALIDE,Facture F-2027-70025
9362,2027-06-05,7,2,1700.76,VIREMENT,VALIDE,Facture F-2027-29444
9363,2027-06-05,41,1,6220.06,MOBILE_MONEY,VALIDE,Facture F-2027-27492
9364,2027-06-05,NULL,13,1453.74,MOBILE_MONEY,VALIDE,Dépense Impôts et taxes
9365,2027-06-06,12,1,4346.43,CARTE,VALIDE,Facture F-2027-88592
9366,2027-06-06,39,5,816.47,ESPECES,VALIDE,Facture F-2027-99916
9367,2027-06-06,20,3,112.10,CHEQUE,VALIDE,Facture F-2027-81371
9368,2027-06-06,17,4,258.92,ESPECES,VALIDE,Facture F-2027-31933
9369,2027-06-06,57,2,753.39,CHEQUE,VALIDE,Facture F-2027-69652
9370,2027-06-06,41,5,624.38,MOBILE_MONEY,VALIDE,Facture F-2027-11506
9371,2027-06-06,16,1,6514.17,CARTE,VALIDE,Facture F-2027-33409
9372,2027-06-06,NULL,15,314.96,MOBILE_MONEY,VALIDE,Dépense Intérêts et frais bancaires
9373,2027-06-06,NULL,12,215.29,CARTE,VALIDE,Dépense Assurances
9374,2027-06-06,NULL,10,2030.92,VIREMENT,EN_ATTENTE,Dépense Énergie et eau
9375,2027-06-07,13,1,3545.49,MOBILE_MONEY,VALIDE,Facture F-2027-60667
9376,2027-06-07,55,3,219.76,CHEQUE,VALIDE,Facture F-2027-93918
9377,2027-06-07,25,5,756.62,MOBILE_MONEY,EN_ATTENTE,Facture F-2027-39454
9378,2027-06-07,28,4,1155.46,MOBILE_MONEY,VALIDE,Facture F-2027-94270
9379,2027-06-07,64,2,1746.33,ESPECES,VALIDE,Facture F-2027-64280
9380,2027-06-07,10,1,5077.67,CARTE,VALIDE,Facture F-2027-89131
9381,2027-06-07,13,3,157.74,CHEQUE,VALIDE,Facture F-2027-57065
9382,2027-06-07,NULL,9,986.68,CARTE,VALIDE,Dépense Fournitures et consommables
9383,2027-06-07,NULL,10,1072.07,CARTE,VALIDE,Dépense Énergie et eau
9384,2027-06-08,39,4,324.33,CHEQUE,VALIDE,Facture F-2027-50069
9385,2027-06-08,42,1,1324.33,CHEQUE,VALIDE,Facture F-2027-56935
9386,2027-06-08,65,1,4318.98,VIREMENT,VALIDE,Facture F-2027-05513
9387,2027-06-08,8,3,135.25,CHEQUE,VALIDE,Facture F-2027-98071
9388,2027-06-08,11,2,435.12,CARTE,VALIDE,Facture F-2027-85204
9389,2027-06-08,57,3,395.47,VIREMENT,EN_ATTENTE,Facture F-2027-27750
9390,2027-06-08,51,1,4068.67,ESPECES,VALIDE,Facture F-2027-68205
9391,2027-06-08,NULL,12,1605.25,ESPECES,VALIDE,Dépense Assurances
9392,2027-06-08,NULL,10,1960.82,CARTE,VALIDE,Dépense Énergie et eau
9393,2027-06-08,NULL,6,4745.70,ESPECES,VALIDE,Dépense Salaires et charges sociales
9394,2027-06-09,48,5,1174.29,VIREMENT,VALIDE,Facture F-2027-51318
9395,2027-06-09,16,4,1147.23,VIREMENT,VALIDE,Facture F-2027-04901
9396,2027-06-09,16,3,353.94,VIREMENT,VALIDE,Facture F-2027-89313
9397,2027-06-09,44,1,1653.30,ESPECES,EN_ATTENTE,Facture F-2027-85532
9398,2027-06-09,54,1,6817.74,ESPECES,VALIDE,Facture F-2027-22690
9399,2027-06-09,24,5,729.09,ESPECES,VALIDE,Facture F-2027-81475
9400,2027-06-09,48,4,935.76,CARTE,VALIDE,Facture F-2027-50419
9401,2027-06-09,NULL,7,4565.38,MOBILE_MONEY,VALIDE,Dépense Loyers et immobilier
9402,2027-06-09,NULL,6,19722.35,ESPECES,VALIDE,Dépense Salaires et charges sociales
9403,2027-06-09,NULL,6,21059.58,ESPECES,VALIDE,Dépense Salaires et charges sociales
9404,2027-06-10,14,3,368.19,ESPECES,VALIDE,Facture F-2027-49351
9405,2027-06-10,49,4,1019.54,MOBILE_MONEY,VALIDE,Facture F-2027-93216
9406,2027-06-10,61,5,1296.08,CARTE,VALIDE,Facture F-2027-41268
9407,2027-06-10,35,2,1358.80,CHEQUE,VALIDE,Facture F-2027-55793
9408,2027-06-10,NULL,7,993.12,ESPECES,VALIDE,Dépense Loyers et immobilier
9409,2027-06-11,20,5,1424.90,VIREMENT,VALIDE,Facture F-2027-62747
9410,2027-06-11,9,1,4049.65,VIREMENT,VALIDE,Facture F-2027-92667
9411,2027-06-11,62,1,2787.28,CHEQUE,VALIDE,Facture F-2027-93648
9412,2027-06-11,52,2,256.66,MOBILE_MONEY,VALIDE,Facture F-2027-97610
9413,2027-06-11,49,5,1444.04,MOBILE_MONEY,VALIDE,Facture F-2027-50505
9414,2027-06-11,NULL,9,1651.47,VIREMENT,VALIDE,Dépense Fournitures et consommables
9415,2027-06-11,NULL,12,1643.04,CARTE,VALIDE,Dépense Assurances
9416,2027-06-11,NULL,12,3087.74,ESPECES,VALIDE,Dépense Assurances
9417,2027-06-12,61,4,824.55,MOBILE_MONEY,VALIDE,Facture F-2027-64921
9418,2027-06-12,4,3,229.14,VIREMENT,VALIDE,Facture F-2027-15356
9419,2027-06-12,58,5,1270.26,ESPECES,VALIDE,Facture F-2027-05694
9420,2027-06-12,NULL,15,391.54,CARTE,VALIDE,Dépense Intérêts et frais bancaires
9421,2027-06-12,NULL,8,4264.82,CARTE,VALIDE,Dépense Marketing et publicité
9422,2027-06-13,16,1,1129.97,ESPECES,VALIDE,Facture F-2027-84509
9423,2027-06-13,28,4,973.60,ESPECES,EN_ATTENTE,Facture F-2027-67314
9424,2027-06-13,49,1,2575.07,CARTE,VALIDE,Facture F-2027-96877
9425,2027-06-13,14,2,963.79,CARTE,VALIDE,Facture F-2027-23606
9426,2027-06-13,18,5,743.81,VIREMENT,VALIDE,Facture F-2027-87789
9427,2027-06-13,8,4,497.09,CHEQUE,EN_ATTENTE,Facture F-2027-59484
9428,2027-06-13,NULL,7,1449.23,VIREMENT,VALIDE,Dépense Loyers et immobilier
9429,2027-06-13,NULL,9,1679.00,VIREMENT,VALIDE,Dépense Fournitures et consommables
9430,2027-06-13,NULL,12,2621.06,ESPECES,VALIDE,Dépense Assurances
9431,2027-06-14,10,1,1570.65,CARTE,VALIDE,Facture F-2027-82232
9432,2027-06-14,11,1,3513.00,VIREMENT,VALIDE,Facture F-2027-01745
9433,2027-06-14,60,2,938.75,ESPECES,EN_ATTENTE,Facture F-2027-93257
9434,2027-06-14,22,3,206.53,ESPECES,VALIDE,Facture F-2027-83756
9435,2027-06-14,35,5,584.38,CARTE,VALIDE,Facture F-2027-05946
9436,2027-06-14,10,2,2051.67,CARTE,VALIDE,Facture F-2027-67406
9437,2027-06-14,60,5,1005.12,CARTE,VALIDE,Facture F-2027-17956
9438,2027-06-14,54,3,326.40,CHEQUE,VALIDE,Facture F-2027-51401
9439,2027-06-14,NULL,14,1819.10,ESPECES,VALIDE,Dépense Informatique et logiciels
9440,2027-06-14,NULL,8,818.07,ESPECES,EN_ATTENTE,Dépense Marketing et publicité
9441,2027-06-15,15,2,889.09,VIREMENT,VALIDE,Facture F-2027-45852
9442,2027-06-15,2,5,886.15,CARTE,VALIDE,Facture F-2027-40833
9443,2027-06-15,35,5,1282.83,CHEQUE,VALIDE,Facture F-2027-50578
9444,2027-06-15,44,1,2102.77,VIREMENT,VALIDE,Facture F-2027-25697
9445,2027-06-15,48,2,1715.94,MOBILE_MONEY,VALIDE,Facture F-2027-40739
9446,2027-06-15,31,5,962.18,VIREMENT,VALIDE,Facture F-2027-63489
9447,2027-06-15,51,4,881.13,CARTE,VALIDE,Facture F-2027-80534
9448,2027-06-15,NULL,10,1091.58,MOBILE_MONEY,VALIDE,Dépense Énergie et eau
9449,2027-06-15,NULL,8,1115.69,MOBILE_MONEY,VALIDE,Dépense Marketing et publicité
9450,2027-06-15,NULL,13,2001.07,MOBILE_MONEY,VALIDE,Dépense Impôts et taxes
9451,2027-06-15,NULL,11,2931.55,VIREMENT,VALIDE,Dépense Transport et logistique
9452,2027-06-16,51,2,334.28,CHEQUE,VALIDE,Facture F-2027-07315
9453,2027-06-16,32,2,1047.75,CHEQUE,VALIDE,Facture F-2027-74583
9454,2027-06-16,25,5,449.51,VIREMENT,VALIDE,Facture F-2027-97703
9455,2027-06-16,3,2,264.66,VIREMENT,VALIDE,Facture F-2027-85107
9456,2027-06-16,44,4,291.46,VIREMENT,VALIDE,Facture F-2027-92927
9457,2027-06-16,20,2,1893.51,VIREMENT,VALIDE,Facture F-2027-85794
9458,2027-06-16,9,2,1426.79,ESPECES,VALIDE,Facture F-2027-75567
9459,2027-06-16,NULL,6,19432.55,MOBILE_MONEY,VALIDE,Dépense Salaires et charges sociales
9460,2027-06-17,37,3,246.62,ESPECES,VALIDE,Facture F-2027-89824
9461,2027-06-17,9,5,1178.06,CARTE,VALIDE,Facture F-2027-74136
9462,2027-06-17,31,3,366.57,ESPECES,VALIDE,Facture F-2027-79020
9463,2027-06-17,NULL,8,1268.11,VIREMENT,VALIDE,Dépense Marketing et publicité
9464,2027-06-17,NULL,6,4551.29,VIREMENT,VALIDE,Dépense Salaires et charges sociales
9465,2027-06-17,NULL,14,3194.34,MOBILE_MONEY,VALIDE,Dépense Informatique et logiciels
9466,2027-06-18,23,1,2369.19,MOBILE_MONEY,VALIDE,Facture F-2027-81255
9467,2027-06-18,46,4,838.52,ESPECES,VALIDE,Facture F-2027-28533
9468,2027-06-18,10,5,1158.02,ESPECES,VALIDE,Facture F-2027-72545
9469,2027-06-18,NULL,10,242.44,CARTE,VALIDE,Dépense Énergie et eau
9470,2027-06-19,42,1,554.11,ESPECES,VALIDE,Facture F-2027-90869
9471,2027-06-19,5,5,840.41,CHEQUE,VALIDE,Facture F-2027-66590
9472,2027-06-19,17,5,1188.56,ESPECES,VALIDE,Facture F-2027-06947
9473,2027-06-19,43,3,275.45,ESPECES,VALIDE,Facture F-2027-41220
9474,2027-06-19,57,3,76.32,ESPECES,VALIDE,Facture F-2027-27454
9475,2027-06-19,2,5,512.77,MOBILE_MONEY,VALIDE,Facture F-2027-88836
9476,2027-06-19,NULL,15,378.74,CARTE,VALIDE,Dépense Intérêts et frais bancaires
9477,2027-06-20,62,4,659.34,CHEQUE,EN_ATTENTE,Facture F-2027-60910
9478,2027-06-20,42,5,933.73,CHEQUE,VALIDE,Facture F-2027-04730
9479,2027-06-20,65,5,882.05,MOBILE_MONEY,VALIDE,Facture F-2027-31513
9480,2027-06-20,3,5,516.04,ESPECES,VALIDE,Facture F-2027-09542
9481,2027-06-20,NULL,12,218.36,ESPECES,VALIDE,Dépense Assurances
9482,2027-06-20,NULL,6,15723.62,ESPECES,VALIDE,Dépense Salaires et charges sociales
9483,2027-06-20,NULL,10,1138.40,ESPECES,VALIDE,Dépense Énergie et eau
9484,2027-06-20,NULL,6,3384.50,MOBILE_MONEY,VALIDE,Dépense Salaires et charges sociales
9485,2027-06-21,43,3,356.17,CHEQUE,VALIDE,Facture F-2027-04737
9486,2027-06-21,27,4,1092.11,ESPECES,EN_ATTENTE,Facture F-2027-74843
9487,2027-06-21,8,3,113.59,MOBILE_MONEY,VALIDE,Facture F-2027-23925
9488,2027-06-21,39,4,1194.49,CHEQUE,EN_ATTENTE,Facture F-2027-70851
9489,2027-06-21,7,2,1702.99,VIREMENT,VALIDE,Facture F-2027-71469
9490,2027-06-21,58,4,781.47,MOBILE_MONEY,VALIDE,Facture F-2027-28548
9491,2027-06-21,NULL,15,455.82,CARTE,VALIDE,Dépense Intérêts et frais bancaires
9492,2027-06-21,NULL,15,206.77,ESPECES,EN_ATTENTE,Dépense Intérêts et frais bancaires
9493,2027-06-21,NULL,12,3053.33,VIREMENT,VALIDE,Dépense Assurances
9494,2027-06-21,NULL,7,1700.70,ESPECES,VALIDE,Dépense Loyers et immobilier
9495,2027-06-22,40,2,568.84,CHEQUE,VALIDE,Facture F-2027-02717
9496,2027-06-22,9,1,4412.21,CARTE,VALIDE,Facture F-2027-21705
9497,2027-06-22,8,1,1217.96,ESPECES,VALIDE,Facture F-2027-00024
9498,2027-06-22,54,5,603.64,VIREMENT,VALIDE,Facture F-2027-84584
9499,2027-06-22,5,3,355.95,CHEQUE,VALIDE,Facture F-2027-22164
9500,2027-06-22,38,1,5835.34,VIREMENT,VALIDE,Facture F-2027-84460
9501,2027-06-22,NULL,13,4301.12,CARTE,VALIDE,Dépense Impôts et taxes
9502,2027-06-23,63,5,662.49,CARTE,VALIDE,Facture F-2027-69829
9503,2027-06-23,15,2,891.52,VIREMENT,VALIDE,Facture F-2027-46985
9504,2027-06-23,15,5,742.30,MOBILE_MONEY,VALIDE,Facture F-2027-04959
9505,2027-06-23,NULL,6,18821.06,VIREMENT,VALIDE,Dépense Salaires et charges sociales
9506,2027-06-23,NULL,9,1020.78,VIREMENT,VALIDE,Dépense Fournitures et consommables
9507,2027-06-23,NULL,14,3149.61,CARTE,VALIDE,Dépense Informatique et logiciels
9508,2027-06-23,NULL,6,18139.74,MOBILE_MONEY,VALIDE,Dépense Salaires et charges sociales
9509,2027-06-24,4,2,782.17,ESPECES,EN_ATTENTE,Facture F-2027-59595
9510,2027-06-24,1,4,972.64,CHEQUE,VALIDE,Facture F-2027-07393
9511,2027-06-24,53,2,1083.56,ESPECES,VALIDE,Facture F-2027-13569
9512,2027-06-24,52,4,223.94,MOBILE_MONEY,VALIDE,Facture F-2027-14877
9513,2027-06-24,33,5,918.24,CHEQUE,VALIDE,Facture F-2027-31935
9514,2027-06-24,3,5,518.61,ESPECES,VALIDE,Facture F-2027-34154
9515,2027-06-24,16,5,1042.68,VIREMENT,VALIDE,Facture F-2027-17616
9516,2027-06-24,34,1,4488.86,MOBILE_MONEY,VALIDE,Facture F-2027-93402
9517,2027-06-24,NULL,6,19080.93,CARTE,VALIDE,Dépense Salaires et charges sociales
9518,2027-06-25,17,5,1147.64,MOBILE_MONEY,VALIDE,Facture F-2027-57786
9519,2027-06-25,22,2,2188.03,CHEQUE,VALIDE,Facture F-2027-65673
9520,2027-06-25,44,3,349.45,ESPECES,VALIDE,Facture F-2027-35588
9521,2027-06-25,24,5,492.76,VIREMENT,VALIDE,Facture F-2027-41856
9522,2027-06-25,NULL,11,5362.55,VIREMENT,VALIDE,Dépense Transport et logistique
9523,2027-06-25,NULL,10,1653.83,VIREMENT,VALIDE,Dépense Énergie et eau
9524,2027-06-26,21,3,376.16,VIREMENT,VALIDE,Facture F-2027-85174
9525,2027-06-26,44,5,1287.93,VIREMENT,VALIDE,Facture F-2027-22357
9526,2027-06-26,62,3,117.36,ESPECES,VALIDE,Facture F-2027-71977
9527,2027-06-26,20,2,1458.33,CARTE,VALIDE,Facture F-2027-52003
9528,2027-06-26,62,5,363.45,CHEQUE,VALIDE,Facture F-2027-29780
9529,2027-06-26,47,5,1260.34,CHEQUE,VALIDE,Facture F-2027-16770
9530,2027-06-26,63,5,437.36,VIREMENT,VALIDE,Facture F-2027-71494
9531,2027-06-26,19,4,560.49,MOBILE_MONEY,VALIDE,Facture F-2027-64338
9532,2027-06-26,NULL,7,3705.98,VIREMENT,EN_ATTENTE,Dépense Loyers et immobilier
9533,2027-06-26,NULL,6,20514.51,ESPECES,VALIDE,Dépense Salaires et charges sociales
9534,2027-06-26,NULL,8,6677.73,VIREMENT,VALIDE,Dépense Marketing et publicité
9535,2027-06-27,60,1,2445.58,ESPECES,EN_ATTENTE,Facture F-2027-26858
9536,2027-06-27,28,1,7326.41,VIREMENT,VALIDE,Facture F-2027-46815
9537,2027-06-27,55,1,608.67,CHEQUE,VALIDE,Facture F-2027-39861
9538,2027-06-27,49,1,1459.10,CHEQUE,VALIDE,Facture F-2027-23507
9539,2027-06-27,NULL,7,1245.10,MOBILE_MONEY,VALIDE,Dépense Loyers et immobilier
9540,2027-06-27,NULL,13,4009.78,CARTE,VALIDE,Dépense Impôts et taxes
9541,2027-06-27,NULL,10,377.36,VIREMENT,VALIDE,Dépense Énergie et eau
9542,2027-06-28,29,1,5843.11,VIREMENT,VALIDE,Facture F-2027-80240
9543,2027-06-28,33,3,363.20,MOBILE_MONEY,VALIDE,Facture F-2027-97633
9544,2027-06-28,26,5,662.31,MOBILE_MONEY,VALIDE,Facture F-2027-99384
9545,2027-06-28,57,4,203.91,VIREMENT,VALIDE,Facture F-2027-92662
9546,2027-06-28,14,1,3476.63,CARTE,VALIDE,Facture F-2027-06743
9547,2027-06-28,32,2,1060.69,VIREMENT,VALIDE,Facture F-2027-63828
9548,2027-06-28,NULL,15,481.49,ESPECES,VALIDE,Dépense Intérêts et frais bancaires
9549,2027-06-28,NULL,13,3998.14,VIREMENT,VALIDE,Dépense Impôts et taxes
9550,2027-06-29,3,2,935.02,ESPECES,VALIDE,Facture F-2027-63927
9551,2027-06-29,29,5,972.90,CHEQUE,VALIDE,Facture F-2027-53908
9552,2027-06-29,56,5,1035.09,ESPECES,VALIDE,Facture F-2027-51291
9553,2027-06-29,34,2,2151.35,MOBILE_MONEY,VALIDE,Facture F-2027-14422
9554,2027-06-29,6,1,1494.79,MOBILE_MONEY,VALIDE,Facture F-2027-10458
9555,2027-06-29,12,1,4532.93,VIREMENT,VALIDE,Facture F-2027-12759
9556,2027-06-29,53,5,900.78,CHEQUE,VALIDE,Facture F-2027-09725
9557,2027-06-29,NULL,6,4845.23,CARTE,VALIDE,Dépense Salaires et charges sociales
9558,2027-06-29,NULL,9,2330.86,ESPECES,VALIDE,Dépense Fournitures et consommables
9559,2027-06-29,NULL,14,2042.43,VIREMENT,VALIDE,Dépense Informatique et logiciels
9560,2027-06-30,35,3,386.68,MOBILE_MONEY,VALIDE,Facture F-2027-10181
9561,2027-06-30,27,5,528.15,VIREMENT,VALIDE,Facture F-2027-89318
9562,2027-06-30,48,1,3543.61,ESPECES,VALIDE,Facture F-2027-80589
9563,2027-06-30,NULL,13,2527.50,ESPECES,VALIDE,Dépense Impôts et taxes
9564,2027-07-01,59,2,1364.39,CARTE,VALIDE,Facture F-2027-74059
9565,2027-07-01,65,3,331.54,ESPECES,VALIDE,Facture F-2027-26948
9566,2027-07-01,7,4,341.90,MOBILE_MONEY,EN_ATTENTE,Facture F-2027-38208
9567,2027-07-01,18,4,469.53,CHEQUE,VALIDE,Facture F-2027-27799
9568,2027-07-01,28,4,357.16,VIREMENT,EN_ATTENTE,Facture F-2027-96142
9569,2027-07-01,NULL,7,4268.53,ESPECES,VALIDE,Dépense Loyers et immobilier
9570,2027-07-01,NULL,14,3744.36,MOBILE_MONEY,VALIDE,Dépense Informatique et logiciels
9571,2027-07-01,NULL,13,946.14,VIREMENT,VALIDE,Dépense Impôts et taxes
9572,2027-07-02,9,1,4601.50,CHEQUE,VALIDE,Facture F-2027-51553
9573,2027-07-02,59,4,610.75,MOBILE_MONEY,VALIDE,Facture F-2027-87527
9574,2027-07-02,10,3,81.57,ESPECES,VALIDE,Facture F-2027-89136
9575,2027-07-02,56,2,287.22,CARTE,VALIDE,Facture F-2027-02589
9576,2027-07-02,6,1,2995.84,ESPECES,VALIDE,Facture F-2027-42763
9577,2027-07-02,6,3,54.43,CHEQUE,VALIDE,Facture F-2027-86202
9578,2027-07-02,NULL,14,2300.58,CARTE,VALIDE,Dépense Informatique et logiciels
9579,2027-07-02,NULL,10,462.33,VIREMENT,VALIDE,Dépense Énergie et eau
9580,2027-07-03,43,5,1165.88,VIREMENT,VALIDE,Facture F-2027-77843
9581,2027-07-03,16,2,709.66,VIREMENT,VALIDE,Facture F-2027-82540
9582,2027-07-03,41,1,991.31,VIREMENT,VALIDE,Facture F-2027-19851
9583,2027-07-03,29,1,1475.29,ESPECES,VALIDE,Facture F-2027-13404
9584,2027-07-03,10,2,1858.13,CHEQUE,VALIDE,Facture F-2027-66914
9585,2027-07-03,9,2,2095.82,CHEQUE,VALIDE,Facture F-2027-91634
9586,2027-07-03,NULL,12,1625.67,VIREMENT,VALIDE,Dépense Assurances
9587,2027-07-03,NULL,10,452.21,VIREMENT,EN_ATTENTE,Dépense Énergie et eau
9588,2027-07-04,62,5,1451.88,CHEQUE,VALIDE,Facture F-2027-19788
9589,2027-07-04,51,2,389.20,CARTE,VALIDE,Facture F-2027-17541
9590,2027-07-04,32,2,1773.65,VIREMENT,VALIDE,Facture F-2027-62322
9591,2027-07-04,37,3,187.10,VIREMENT,VALIDE,Facture F-2027-55201
9592,2027-07-04,NULL,8,2169.65,VIREMENT,VALIDE,Dépense Marketing et publicité
9593,2027-07-04,NULL,12,2703.24,CARTE,VALIDE,Dépense Assurances
9594,2027-07-04,NULL,15,67.57,ESPECES,VALIDE,Dépense Intérêts et frais bancaires
9595,2027-07-04,NULL,12,2649.72,VIREMENT,VALIDE,Dépense Assurances
9596,2027-07-05,43,1,6104.55,MOBILE_MONEY,VALIDE,Facture F-2027-32370
9597,2027-07-05,18,3,448.44,CHEQUE,VALIDE,Facture F-2027-05118
9598,2027-07-05,60,3,178.39,CARTE,VALIDE,Facture F-2027-34300
9599,2027-07-05,NULL,6,20892.47,CARTE,VALIDE,Dépense Salaires et charges sociales
9600,2027-07-05,NULL,12,2584.28,VIREMENT,VALIDE,Dépense Assurances
9601,2027-07-05,NULL,10,428.14,MOBILE_MONEY,VALIDE,Dépense Énergie et eau
9602,2027-07-05,NULL,9,1360.23,MOBILE_MONEY,VALIDE,Dépense Fournitures et consommables
9603,2027-07-06,9,4,678.70,ESPECES,VALIDE,Facture F-2027-62839
9604,2027-07-06,46,5,1231.31,ESPECES,VALIDE,Facture F-2027-16099
9605,2027-07-06,48,3,172.76,CHEQUE,VALIDE,Facture F-2027-46420
9606,2027-07-06,9,4,752.42,VIREMENT,VALIDE,Facture F-2027-85575
9607,2027-07-06,60,2,1614.46,MOBILE_MONEY,VALIDE,Facture F-2027-08489
9608,2027-07-06,50,1,6288.48,MOBILE_MONEY,VALIDE,Facture F-2027-29874
9609,2027-07-06,NULL,12,1545.12,MOBILE_MONEY,VALIDE,Dépense Assurances
9610,2027-07-06,NULL,9,1458.87,CARTE,VALIDE,Dépense Fournitures et consommables
9611,2027-07-06,NULL,15,163.80,VIREMENT,VALIDE,Dépense Intérêts et frais bancaires
9612,2027-07-06,NULL,10,457.29,VIREMENT,VALIDE,Dépense Énergie et eau
9613,2027-07-07,15,3,210.38,ESPECES,VALIDE,Facture F-2027-83501
9614,2027-07-07,26,4,821.53,MOBILE_MONEY,VALIDE,Facture F-2027-50328
9615,2027-07-07,27,5,423.58,VIREMENT,VALIDE,Facture F-2027-95396
9616,2027-07-07,16,5,1156.81,VIREMENT,VALIDE,Facture F-2027-24003
9617,2027-07-07,54,1,6053.84,VIREMENT,VALIDE,Facture F-2027-67204
9618,2027-07-07,60,2,989.76,VIREMENT,VALIDE,Facture F-2027-11936
9619,2027-07-07,NULL,15,788.36,MOBILE_MONEY,VALIDE,Dépense Intérêts et frais bancaires
9620,2027-07-07,NULL,9,194.29,ESPECES,VALIDE,Dépense Fournitures et consommables
9621,2027-07-08,32,4,418.13,ESPECES,VALIDE,Facture F-2027-34709
9622,2027-07-08,12,1,6010.87,ESPECES,VALIDE,Facture F-2027-39513
9623,2027-07-08,36,1,2448.01,CHEQUE,VALIDE,Facture F-2027-04308
9624,2027-07-08,3,3,396.56,ESPECES,VALIDE,Facture F-2027-03660
9625,2027-07-08,NULL,15,616.14,VIREMENT,VALIDE,Dépense Intérêts et frais bancaires
9626,2027-07-08,NULL,10,1094.63,VIREMENT,VALIDE,Dépense Énergie et eau
9627,2027-07-08,NULL,13,1262.76,ESPECES,VALIDE,Dépense Impôts et taxes
9628,2027-07-08,NULL,15,209.91,CARTE,EN_ATTENTE,Dépense Intérêts et frais bancaires
9629,2027-07-09,31,3,401.10,VIREMENT,VALIDE,Facture F-2027-10452
9630,2027-07-09,37,4,688.02,CARTE,VALIDE,Facture F-2027-21457
9631,2027-07-09,28,3,396.28,MOBILE_MONEY,VALIDE,Facture F-2027-11708
9632,2027-07-09,42,1,4622.13,ESPECES,VALIDE,Facture F-2027-51161
9633,2027-07-09,2,4,1169.25,VIREMENT,VALIDE,Facture F-2027-58298
9634,2027-07-09,NULL,15,379.38,MOBILE_MONEY,VALIDE,Dépense Intérêts et frais bancaires
9635,2027-07-09,NULL,8,5625.55,CARTE,VALIDE,Dépense Marketing et publicité
9636,2027-07-09,NULL,9,1576.86,ESPECES,VALIDE,Dépense Fournitures et consommables
9637,2027-07-10,40,1,839.59,CHEQUE,VALIDE,Facture F-2027-97249
9638,2027-07-10,46,3,430.04,CARTE,VALIDE,Facture F-2027-75874
9639,2027-07-10,28,3,255.86,CHEQUE,VALIDE,Facture F-2027-69754
9640,2027-07-10,NULL,6,20006.15,VIREMENT,VALIDE,Dépense Salaires et charges sociales
9641,2027-07-10,NULL,14,1582.46,ESPECES,VALIDE,Dépense Informatique et logiciels
9642,2027-07-11,42,1,1026.77,VIREMENT,VALIDE,Facture F-2027-62830
9643,2027-07-11,55,3,285.78,CARTE,VALIDE,Facture F-2027-10549
9644,2027-07-11,29,5,722.83,VIREMENT,VALIDE,Facture F-2027-30942
9645,2027-07-11,46,3,426.13,VIREMENT,VALIDE,Facture F-2027-97349
9646,2027-07-12,47,3,82.83,VIREMENT,VALIDE,Facture F-2027-29158
9647,2027-07-12,4,5,664.72,CHEQUE,VALIDE,Facture F-2027-49150
9648,2027-07-12,12,1,4003.30,CARTE,VALIDE,Facture F-2027-83486
9649,2027-07-12,56,5,1115.50,VIREMENT,VALIDE,Facture F-2027-95861
9650,2027-07-12,46,2,1349.10,VIREMENT,EN_ATTENTE,Facture F-2027-19133
9651,2027-07-12,65,4,1011.20,CHEQUE,VALIDE,Facture F-2027-65710
9652,2027-07-12,33,1,2169.46,MOBILE_MONEY,VALIDE,Facture F-2027-66610
9653,2027-07-12,39,2,2166.63,CHEQUE,VALIDE,Facture F-2027-91289
9654,2027-07-12,NULL,14,3850.22,MOBILE_MONEY,VALIDE,Dépense Informatique et logiciels
9655,2027-07-12,NULL,15,222.71,ESPECES,VALIDE,Dépense Intérêts et frais bancaires
9656,2027-07-12,NULL,9,2384.66,MOBILE_MONEY,VALIDE,Dépense Fournitures et consommables
9657,2027-07-13,51,5,640.60,ESPECES,VALIDE,Facture F-2027-20899
9658,2027-07-13,31,3,374.68,MOBILE_MONEY,VALIDE,Facture F-2027-37452
9659,2027-07-13,11,1,4981.42,MOBILE_MONEY,VALIDE,Facture F-2027-57317
9660,2027-07-13,4,3,280.52,CHEQUE,VALIDE,Facture F-2027-23184
9661,2027-07-13,45,2,1352.27,ESPECES,VALIDE,Facture F-2027-74668
9662,2027-07-13,63,2,324.88,VIREMENT,VALIDE,Facture F-2027-07421
9663,2027-07-13,8,5,1433.30,VIREMENT,VALIDE,Facture F-2027-30662
9664,2027-07-13,NULL,10,1744.26,MOBILE_MONEY,VALIDE,Dépense Énergie et eau
9665,2027-07-13,NULL,14,2405.42,MOBILE_MONEY,VALIDE,Dépense Informatique et logiciels
9666,2027-07-13,NULL,11,564.44,ESPECES,VALIDE,Dépense Transport et logistique
9667,2027-07-13,NULL,10,261.74,MOBILE_MONEY,VALIDE,Dépense Énergie et eau
9668,2027-07-14,33,2,1681.54,CHEQUE,VALIDE,Facture F-2027-81101
9669,2027-07-14,40,1,7482.88,CHEQUE,VALIDE,Facture F-2027-87366
9670,2027-07-14,41,4,343.40,CHEQUE,VALIDE,Facture F-2027-72859
9671,2027-07-14,51,5,1412.32,MOBILE_MONEY,VALIDE,Facture F-2027-40119
9672,2027-07-14,NULL,11,1693.18,MOBILE_MONEY,VALIDE,Dépense Transport et logistique
9673,2027-07-14,NULL,7,1963.20,ESPECES,EN_ATTENTE,Dépense Loyers et immobilier
9674,2027-07-14,NULL,14,380.83,VIREMENT,VALIDE,Dépense Informatique et logiciels
9675,2027-07-15,26,1,4257.73,CHEQUE,VALIDE,Facture F-2027-87631
9676,2027-07-15,48,4,860.12,ESPECES,VALIDE,Facture F-2027-28865
9677,2027-07-15,8,5,989.88,CHEQUE,VALIDE,Facture F-2027-10519
9678,2027-07-15,NULL,9,2316.16,MOBILE_MONEY,VALIDE,Dépense Fournitures et consommables
9679,2027-07-15,NULL,14,1276.36,ESPECES,VALIDE,Dépense Informatique et logiciels
9680,2027-07-15,NULL,9,2365.24,VIREMENT,VALIDE,Dépense Fournitures et consommables
9681,2027-07-15,NULL,9,474.64,ESPECES,VALIDE,Dépense Fournitures et consommables
9682,2027-07-16,10,3,147.40,VIREMENT,VALIDE,Facture F-2027-42318
9683,2027-07-16,53,1,7266.29,CARTE,VALIDE,Facture F-2027-80484
9684,2027-07-16,11,2,1895.74,CARTE,EN_ATTENTE,Facture F-2027-65986
9685,2027-07-16,NULL,6,4191.18,MOBILE_MONEY,VALIDE,Dépense Salaires et charges sociales
9686,2027-07-17,55,5,796.07,ESPECES,VALIDE,Facture F-2027-76356
9687,2027-07-17,32,5,992.03,CARTE,VALIDE,Facture F-2027-53294
9688,2027-07-17,62,1,3176.50,CARTE,VALIDE,Facture F-2027-11766
9689,2027-07-17,40,5,345.76,CHEQUE,VALIDE,Facture F-2027-95420
9690,2027-07-17,NULL,14,4518.90,VIREMENT,VALIDE,Dépense Informatique et logiciels
9691,2027-07-18,17,2,453.96,CHEQUE,VALIDE,Facture F-2027-18013
9692,2027-07-18,49,2,2090.64,MOBILE_MONEY,VALIDE,Facture F-2027-85788
9693,2027-07-18,9,4,921.06,CHEQUE,VALIDE,Facture F-2027-44058
9694,2027-07-18,NULL,10,2049.55,ESPECES,VALIDE,Dépense Énergie et eau
9695,2027-07-18,NULL,12,1405.40,CARTE,VALIDE,Dépense Assurances
9696,2027-07-19,53,3,230.21,CHEQUE,VALIDE,Facture F-2027-48556
9697,2027-07-19,26,5,354.68,VIREMENT,VALIDE,Facture F-2027-25535
9698,2027-07-19,39,4,1132.25,MOBILE_MONEY,VALIDE,Facture F-2027-40724
9699,2027-07-19,44,5,827.30,ESPECES,VALIDE,Facture F-2027-18800
9700,2027-07-19,50,3,225.35,VIREMENT,VALIDE,Facture F-2027-57242
9701,2027-07-19,45,5,1231.65,CHEQUE,VALIDE,Facture F-2027-78332
9702,2027-07-19,NULL,10,492.55,CARTE,VALIDE,Dépense Énergie et eau
9703,2027-07-19,NULL,13,2992.57,CARTE,VALIDE,Dépense Impôts et taxes
9704,2027-07-19,NULL,9,1754.11,MOBILE_MONEY,VALIDE,Dépense Fournitures et consommables
9705,2027-07-19,NULL,9,1813.03,ESPECES,VALIDE,Dépense Fournitures et consommables
9706,2027-07-20,7,3,386.16,VIREMENT,VALIDE,Facture F-2027-94553
9707,2027-07-20,48,3,83.39,CHEQUE,VALIDE,Facture F-2027-80915
9708,2027-07-20,38,4,305.41,ESPECES,VALIDE,Facture F-2027-17075
9709,2027-07-20,64,1,4643.13,CARTE,VALIDE,Facture F-2027-60484
9710,2027-07-20,NULL,8,5131.13,ESPECES,VALIDE,Dépense Marketing et publicité
9711,2027-07-20,NULL,13,5007.00,CARTE,VALIDE,Dépense Impôts et taxes
9712,2027-07-20,NULL,13,1415.68,CARTE,VALIDE,Dépense Impôts et taxes
9713,2027-07-20,NULL,13,222.41,CARTE,VALIDE,Dépense Impôts et taxes
9714,2027-07-21,65,3,205.77,MOBILE_MONEY,VALIDE,Facture F-2027-49364
9715,2027-07-21,46,4,772.11,VIREMENT,VALIDE,Facture F-2027-74663
9716,2027-07-21,53,3,385.62,CARTE,VALIDE,Facture F-2027-08785
9717,2027-07-21,31,3,336.56,MOBILE_MONEY,VALIDE,Facture F-2027-63136
9718,2027-07-21,53,2,2172.25,MOBILE_MONEY,VALIDE,Facture F-2027-15924
9719,2027-07-21,56,2,1118.34,CARTE,VALIDE,Facture F-2027-17433
9720,2027-07-21,22,3,416.21,CARTE,VALIDE,Facture F-2027-87284
9721,2027-07-21,11,4,743.02,ESPECES,VALIDE,Facture F-2027-83831
9722,2027-07-21,NULL,9,2309.65,VIREMENT,VALIDE,Dépense Fournitures et consommables
9723,2027-07-21,NULL,7,3030.57,CARTE,VALIDE,Dépense Loyers et immobilier
9724,2027-07-22,36,2,1737.64,MOBILE_MONEY,VALIDE,Facture F-2027-19137
9725,2027-07-22,59,1,1985.91,VIREMENT,VALIDE,Facture F-2027-53131
9726,2027-07-22,31,2,1575.66,VIREMENT,VALIDE,Facture F-2027-91507
9727,2027-07-22,NULL,15,804.63,MOBILE_MONEY,VALIDE,Dépense Intérêts et frais bancaires
9728,2027-07-22,NULL,8,7609.56,VIREMENT,VALIDE,Dépense Marketing et publicité
9729,2027-07-22,NULL,8,2049.68,CARTE,VALIDE,Dépense Marketing et publicité
9730,2027-07-23,53,2,2016.56,CHEQUE,VALIDE,Facture F-2027-58921
9731,2027-07-23,65,3,330.76,ESPECES,EN_ATTENTE,Facture F-2027-75435
9732,2027-07-23,NULL,11,839.51,VIREMENT,VALIDE,Dépense Transport et logistique
9733,2027-07-23,NULL,14,4273.00,VIREMENT,VALIDE,Dépense Informatique et logiciels
9734,2027-07-24,50,2,206.22,MOBILE_MONEY,VALIDE,Facture F-2027-69030
9735,2027-07-24,41,2,350.45,CARTE,VALIDE,Facture F-2027-72938
9736,2027-07-24,23,3,140.77,MOBILE_MONEY,VALIDE,Facture F-2027-07037
9737,2027-07-24,43,5,711.12,MOBILE_MONEY,VALIDE,Facture F-2027-27343
9738,2027-07-24,NULL,9,1158.47,MOBILE_MONEY,EN_ATTENTE,Dépense Fournitures et consommables
9739,2027-07-24,NULL,15,325.59,CARTE,VALIDE,Dépense Intérêts et frais bancaires
9740,2027-07-24,NULL,8,5589.49,ESPECES,VALIDE,Dépense Marketing et publicité
9741,2027-07-24,NULL,11,1958.56,CARTE,VALIDE,Dépense Transport et logistique
9742,2027-07-25,12,5,647.56,MOBILE_MONEY,VALIDE,Facture F-2027-57635
9743,2027-07-25,16,5,522.12,ESPECES,VALIDE,Facture F-2027-47385
9744,2027-07-25,48,4,943.68,ESPECES,VALIDE,Facture F-2027-11212
9745,2027-07-25,NULL,15,355.46,MOBILE_MONEY,VALIDE,Dépense Intérêts et frais bancaires
9746,2027-07-25,NULL,6,19053.80,CARTE,VALIDE,Dépense Salaires et charges sociales
9747,2027-07-26,42,5,1207.39,CHEQUE,VALIDE,Facture F-2027-74370
9748,2027-07-26,23,4,774.87,ESPECES,VALIDE,Facture F-2027-08599
9749,2027-07-26,17,4,334.06,CARTE,VALIDE,Facture F-2027-30414
9750,2027-07-26,42,2,754.50,ESPECES,VALIDE,Facture F-2027-43232
9751,2027-07-26,65,2,514.28,MOBILE_MONEY,VALIDE,Facture F-2027-45996
9752,2027-07-26,NULL,12,1275.29,VIREMENT,VALIDE,Dépense Assurances
9753,2027-07-26,NULL,11,1331.05,CARTE,VALIDE,Dépense Transport et logistique
9754,2027-07-26,NULL,11,1004.61,CARTE,VALIDE,Dépense Transport et logistique
9755,2027-07-27,51,2,449.53,VIREMENT,VALIDE,Facture F-2027-63561
9756,2027-07-27,47,1,1986.91,CHEQUE,VALIDE,Facture F-2027-42166
9757,2027-07-27,53,4,365.33,MOBILE_MONEY,VALIDE,Facture F-2027-34104
9758,2027-07-27,57,1,6399.06,CARTE,VALIDE,Facture F-2027-87179
9759,2027-07-27,NULL,6,20642.65,MOBILE_MONEY,VALIDE,Dépense Salaires et charges sociales
9760,2027-07-27,NULL,10,1147.07,VIREMENT,VALIDE,Dépense Énergie et eau
9761,2027-07-27,NULL,6,15846.52,ESPECES,VALIDE,Dépense Salaires et charges sociales
9762,2027-07-28,12,3,173.93,VIREMENT,VALIDE,Facture F-2027-00517
9763,2027-07-28,17,4,484.59,ESPECES,VALIDE,Facture F-2027-54181
9764,2027-07-28,34,5,375.39,MOBILE_MONEY,VALIDE,Facture F-2027-73033
9765,2027-07-28,7,3,108.37,MOBILE_MONEY,VALIDE,Facture F-2027-85604
9766,2027-07-28,33,3,154.29,CARTE,VALIDE,Facture F-2027-03219
9767,2027-07-28,NULL,11,5588.61,MOBILE_MONEY,VALIDE,Dépense Transport et logistique
9768,2027-07-28,NULL,11,6098.73,VIREMENT,VALIDE,Dépense Transport et logistique
9769,2027-07-28,NULL,11,942.68,MOBILE_MONEY,VALIDE,Dépense Transport et logistique
9770,2027-07-28,NULL,7,4496.00,ESPECES,VALIDE,Dépense Loyers et immobilier
9771,2027-07-29,10,4,1020.79,CHEQUE,VALIDE,Facture F-2027-19708
9772,2027-07-29,24,3,66.25,ESPECES,VALIDE,Facture F-2027-27683
9773,2027-07-29,11,3,62.63,CARTE,EN_ATTENTE,Facture F-2027-63548
9774,2027-07-29,15,1,591.45,VIREMENT,VALIDE,Facture F-2027-36067
9775,2027-07-29,41,1,5442.72,VIREMENT,VALIDE,Facture F-2027-32703
9776,2027-07-29,NULL,15,469.06,VIREMENT,EN_ATTENTE,Dépense Intérêts et frais bancaires
9777,2027-07-29,NULL,13,3482.64,MOBILE_MONEY,EN_ATTENTE,Dépense Impôts et taxes
9778,2027-07-30,49,5,1280.15,MOBILE_MONEY,VALIDE,Facture F-2027-60401
9779,2027-07-30,57,3,338.96,CHEQUE,VALIDE,Facture F-2027-70516
9780,2027-07-30,17,1,638.81,MOBILE_MONEY,VALIDE,Facture F-2027-56455
9781,2027-07-30,NULL,8,4393.63,ESPECES,VALIDE,Dépense Marketing et publicité
9782,2027-07-31,8,2,1932.43,CARTE,VALIDE,Facture F-2027-55141
9783,2027-07-31,28,1,811.24,MOBILE_MONEY,VALIDE,Facture F-2027-19793
9784,2027-07-31,21,5,1078.76,ESPECES,VALIDE,Facture F-2027-40724
9785,2027-07-31,24,2,1874.45,VIREMENT,VALIDE,Facture F-2027-71571
9786,2027-07-31,1,4,338.56,CHEQUE,VALIDE,Facture F-2027-93158
9787,2027-07-31,6,2,830.42,ESPECES,EN_ATTENTE,Facture F-2027-52579
9788,2027-07-31,NULL,10,509.21,MOBILE_MONEY,VALIDE,Dépense Énergie et eau
9789,2027-08-01,52,4,1150.72,CHEQUE,VALIDE,Facture F-2027-51120
9790,2027-08-01,11,3,113.64,VIREMENT,VALIDE,Facture F-2027-07070
9791,2027-08-01,45,3,323.31,MOBILE_MONEY,VALIDE,Facture F-2027-45745
9792,2027-08-01,51,1,5927.41,ESPECES,VALIDE,Facture F-2027-96981
9793,2027-08-01,13,5,878.12,MOBILE_MONEY,VALIDE,Facture F-2027-44694
9794,2027-08-01,32,1,7144.83,ESPECES,VALIDE,Facture F-2027-74339
9795,2027-08-01,NULL,8,7859.26,ESPECES,VALIDE,Dépense Marketing et publicité
9796,2027-08-02,32,1,2535.87,VIREMENT,VALIDE,Facture F-2027-55989
9797,2027-08-02,6,4,345.37,CHEQUE,VALIDE,Facture F-2027-57909
9798,2027-08-02,4,2,607.97,MOBILE_MONEY,VALIDE,Facture F-2027-47391
9799,2027-08-02,12,2,2018.72,ESPECES,VALIDE,Facture F-2027-54679
9800,2027-08-02,48,5,317.36,ESPECES,VALIDE,Facture F-2027-72890
9801,2027-08-02,9,3,147.61,ESPECES,VALIDE,Facture F-2027-79360
9802,2027-08-02,54,3,362.05,CHEQUE,VALIDE,Facture F-2027-32891
9803,2027-08-02,33,4,627.80,CHEQUE,VALIDE,Facture F-2027-18650
9804,2027-08-02,NULL,15,45.52,CARTE,VALIDE,Dépense Intérêts et frais bancaires
9805,2027-08-02,NULL,6,20104.33,CARTE,VALIDE,Dépense Salaires et charges sociales
9806,2027-08-02,NULL,10,2063.41,ESPECES,VALIDE,Dépense Énergie et eau
9807,2027-08-03,35,5,1407.77,CARTE,VALIDE,Facture F-2027-74137
9808,2027-08-03,49,2,1302.20,CHEQUE,EN_ATTENTE,Facture F-2027-58469
9809,2027-08-03,52,4,1061.26,CHEQUE,VALIDE,Facture F-2027-66424
9810,2027-08-03,59,5,963.79,MOBILE_MONEY,VALIDE,Facture F-2027-46704
9811,2027-08-03,33,2,962.14,CHEQUE,VALIDE,Facture F-2027-94910
9812,2027-08-03,NULL,13,2119.46,VIREMENT,EN_ATTENTE,Dépense Impôts et taxes
9813,2027-08-04,32,3,355.49,ESPECES,VALIDE,Facture F-2027-01895
9814,2027-08-04,63,2,476.73,MOBILE_MONEY,EN_ATTENTE,Facture F-2027-31429
9815,2027-08-04,36,2,1895.87,ESPECES,VALIDE,Facture F-2027-46603
9816,2027-08-04,2,2,688.16,VIREMENT,VALIDE,Facture F-2027-45770
9817,2027-08-04,60,3,126.78,ESPECES,VALIDE,Facture F-2027-39170
9818,2027-08-04,43,5,720.19,CHEQUE,VALIDE,Facture F-2027-27504
9819,2027-08-05,26,4,812.19,ESPECES,VALIDE,Facture F-2027-64368
9820,2027-08-05,62,2,1414.31,VIREMENT,VALIDE,Facture F-2027-49770
9821,2027-08-05,4,5,946.14,VIREMENT,VALIDE,Facture F-2027-05015
9822,2027-08-05,35,2,1468.29,VIREMENT,VALIDE,Facture F-2027-80623
9823,2027-08-05,NULL,6,14792.66,MOBILE_MONEY,VALIDE,Dépense Salaires et charges sociales
9824,2027-08-05,NULL,12,2921.08,ESPECES,VALIDE,Dépense Assurances
9825,2027-08-05,NULL,14,2570.10,VIREMENT,VALIDE,Dépense Informatique et logiciels
9826,2027-08-06,34,4,552.71,CHEQUE,VALIDE,Facture F-2027-40295
9827,2027-08-06,56,2,1483.63,CARTE,VALIDE,Facture F-2027-49653
9828,2027-08-06,61,1,3482.10,CARTE,VALIDE,Facture F-2027-39156
9829,2027-08-06,NULL,10,1388.23,VIREMENT,VALIDE,Dépense Énergie et eau
9830,2027-08-06,NULL,8,2718.35,MOBILE_MONEY,VALIDE,Dépense Marketing et publicité
9831,2027-08-06,NULL,12,1919.05,MOBILE_MONEY,VALIDE,Dépense Assurances
9832,2027-08-07,43,5,1256.25,MOBILE_MONEY,VALIDE,Facture F-2027-18561
9833,2027-08-07,44,2,1454.67,MOBILE_MONEY,VALIDE,Facture F-2027-76010
9834,2027-08-07,6,2,1470.19,ESPECES,VALIDE,Facture F-2027-63205
9835,2027-08-07,42,2,701.29,VIREMENT,VALIDE,Facture F-2027-90456
9836,2027-08-07,8,3,393.52,CARTE,VALIDE,Facture F-2027-70719
9837,2027-08-07,22,4,801.98,CARTE,EN_ATTENTE,Facture F-2027-67382
9838,2027-08-07,57,1,6034.95,ESPECES,EN_ATTENTE,Facture F-2027-03090
9839,2027-08-07,48,5,1195.74,ESPECES,VALIDE,Facture F-2027-89270
9840,2027-08-07,NULL,10,1264.65,MOBILE_MONEY,VALIDE,Dépense Énergie et eau
9841,2027-08-07,NULL,13,4020.07,MOBILE_MONEY,VALIDE,Dépense Impôts et taxes
9842,2027-08-07,NULL,11,6068.16,MOBILE_MONEY,VALIDE,Dépense Transport et logistique
9843,2027-08-07,NULL,10,528.71,CARTE,VALIDE,Dépense Énergie et eau
9844,2027-08-08,46,2,1829.98,CARTE,VALIDE,Facture F-2027-25597
9845,2027-08-08,49,4,801.38,VIREMENT,VALIDE,Facture F-2027-66934
9846,2027-08-08,NULL,7,4688.47,VIREMENT,VALIDE,Dépense Loyers et immobilier
9847,2027-08-08,NULL,8,5884.70,VIREMENT,VALIDE,Dépense Marketing et publicité
9848,2027-08-08,NULL,7,4198.50,MOBILE_MONEY,VALIDE,Dépense Loyers et immobilier
9849,2027-08-09,5,3,351.06,MOBILE_MONEY,VALIDE,Facture F-2027-17228
9850,2027-08-09,40,4,394.11,VIREMENT,VALIDE,Facture F-2027-23027
9851,2027-08-09,60,3,449.73,CARTE,VALIDE,Facture F-2027-73668
9852,2027-08-09,19,3,416.67,CHEQUE,VALIDE,Facture F-2027-42536
9853,2027-08-09,47,4,355.54,MOBILE_MONEY,VALIDE,Facture F-2027-44672
9854,2027-08-09,30,2,596.83,ESPECES,VALIDE,Facture F-2027-44393
9855,2027-08-09,39,4,792.48,VIREMENT,VALIDE,Facture F-2027-46204
9856,2027-08-09,64,1,5306.80,CARTE,VALIDE,Facture F-2027-14276
9857,2027-08-09,NULL,8,1817.49,VIREMENT,VALIDE,Dépense Marketing et publicité
9858,2027-08-09,NULL,9,63.24,VIREMENT,VALIDE,Dépense Fournitures et consommables
9859,2027-08-10,4,4,515.97,CARTE,VALIDE,Facture F-2027-64752
9860,2027-08-10,55,3,242.56,CHEQUE,VALIDE,Facture F-2027-02765
9861,2027-08-10,NULL,9,1747.27,CARTE,VALIDE,Dépense Fournitures et consommables
9862,2027-08-10,NULL,12,1193.51,MOBILE_MONEY,VALIDE,Dépense Assurances
9863,2027-08-11,65,4,1172.86,ESPECES,VALIDE,Facture F-2027-67091
9864,2027-08-11,19,5,1299.69,VIREMENT,VALIDE,Facture F-2027-36338
9865,2027-08-11,2,2,1090.58,ESPECES,VALIDE,Facture F-2027-68706
9866,2027-08-11,61,5,1116.33,CHEQUE,VALIDE,Facture F-2027-56431
9867,2027-08-11,23,2,394.70,CHEQUE,VALIDE,Facture F-2027-80750
9868,2027-08-11,NULL,10,706.14,ESPECES,VALIDE,Dépense Énergie et eau
9869,2027-08-11,NULL,13,4319.51,CARTE,VALIDE,Dépense Impôts et taxes
9870,2027-08-12,34,1,795.38,VIREMENT,VALIDE,Facture F-2027-34059
9871,2027-08-12,47,4,506.03,VIREMENT,VALIDE,Facture F-2027-13367
9872,2027-08-12,42,5,1259.34,CHEQUE,VALIDE,Facture F-2027-01817
9873,2027-08-12,13,1,6171.64,CHEQUE,VALIDE,Facture F-2027-78654
9874,2027-08-12,25,5,371.51,ESPECES,VALIDE,Facture F-2027-85600
9875,2027-08-12,NULL,15,443.91,MOBILE_MONEY,VALIDE,Dépense Intérêts et frais bancaires
9876,2027-08-12,NULL,10,733.96,MOBILE_MONEY,VALIDE,Dépense Énergie et eau
9877,2027-08-13,45,3,392.79,ESPECES,VALIDE,Facture F-2027-95650
9878,2027-08-13,39,1,5324.99,CARTE,VALIDE,Facture F-2027-79595
9879,2027-08-13,50,1,5323.50,CHEQUE,VALIDE,Facture F-2027-66901
9880,2027-08-13,13,3,308.84,CARTE,VALIDE,Facture F-2027-52368
9881,2027-08-13,62,3,132.75,ESPECES,VALIDE,Facture F-2027-83502
9882,2027-08-13,15,5,616.17,ESPECES,VALIDE,Facture F-2027-15765
9883,2027-08-13,32,1,6343.57,VIREMENT,VALIDE,Facture F-2027-20722
9884,2027-08-13,43,3,402.13,MOBILE_MONEY,VALIDE,Facture F-2027-23732
9885,2027-08-13,NULL,13,4288.48,VIREMENT,VALIDE,Dépense Impôts et taxes
9886,2027-08-13,NULL,15,637.46,CARTE,VALIDE,Dépense Intérêts et frais bancaires
9887,2027-08-14,17,4,245.53,VIREMENT,VALIDE,Facture F-2027-82919
9888,2027-08-14,46,3,114.71,VIREMENT,VALIDE,Facture F-2027-32646
9889,2027-08-14,58,5,906.44,CHEQUE,VALIDE,Facture F-2027-53637
9890,2027-08-14,NULL,11,2259.36,VIREMENT,VALIDE,Dépense Transport et logistique
9891,2027-08-14,NULL,13,4377.47,VIREMENT,VALIDE,Dépense Impôts et taxes
9892,2027-08-14,NULL,8,7486.32,CARTE,VALIDE,Dépense Marketing et publicité
9893,2027-08-14,NULL,8,6727.29,MOBILE_MONEY,VALIDE,Dépense Marketing et publicité
9894,2027-08-15,17,3,289.72,ESPECES,VALIDE,Facture F-2027-52790
9895,2027-08-15,53,5,765.45,ESPECES,VALIDE,Facture F-2027-46781
9896,2027-08-15,42,1,1866.13,MOBILE_MONEY,VALIDE,Facture F-2027-04667
9897,2027-08-15,NULL,8,5035.25,VIREMENT,EN_ATTENTE,Dépense Marketing et publicité
9898,2027-08-15,NULL,6,20804.57,MOBILE_MONEY,VALIDE,Dépense Salaires et charges sociales
9899,2027-08-16,65,5,530.22,CARTE,VALIDE,Facture F-2027-62546
9900,2027-08-16,23,4,1007.79,ESPECES,VALIDE,Facture F-2027-04812
9901,2027-08-16,2,1,711.49,CARTE,VALIDE,Facture F-2027-79093
9902,2027-08-16,41,4,546.08,VIREMENT,VALIDE,Facture F-2027-14219
9903,2027-08-16,NULL,7,3143.69,MOBILE_MONEY,VALIDE,Dépense Loyers et immobilier
9904,2027-08-16,NULL,13,4367.60,CARTE,EN_ATTENTE,Dépense Impôts et taxes
9905,2027-08-16,NULL,6,4848.14,MOBILE_MONEY,VALIDE,Dépense Salaires et charges sociales
9906,2027-08-17,60,3,78.03,MOBILE_MONEY,VALIDE,Facture F-2027-36079
9907,2027-08-17,49,2,1533.31,CARTE,VALIDE,Facture F-2027-87177
9908,2027-08-17,21,3,365.48,MOBILE_MONEY,VALIDE,Facture F-2027-62145
9909,2027-08-17,21,3,146.11,MOBILE_MONEY,VALIDE,Facture F-2027-25197
9910,2027-08-17,NULL,15,609.50,ESPECES,VALIDE,Dépense Intérêts et frais bancaires
9911,2027-08-17,NULL,15,112.76,MOBILE_MONEY,VALIDE,Dépense Intérêts et frais bancaires
9912,2027-08-17,NULL,13,5040.49,ESPECES,VALIDE,Dépense Impôts et taxes
9913,2027-08-17,NULL,11,4761.01,MOBILE_MONEY,VALIDE,Dépense Transport et logistique
9914,2027-08-18,2,2,713.25,CARTE,VALIDE,Facture F-2027-32444
9915,2027-08-18,63,4,680.53,VIREMENT,VALIDE,Facture F-2027-31082
9916,2027-08-18,40,3,250.18,CHEQUE,VALIDE,Facture F-2027-39747
9917,2027-08-18,5,1,1916.75,CARTE,VALIDE,Facture F-2027-19139
9918,2027-08-18,21,3,385.65,MOBILE_MONEY,VALIDE,Facture F-2027-57704
9919,2027-08-18,18,1,2978.37,MOBILE_MONEY,VALIDE,Facture F-2027-55158
9920,2027-08-18,64,3,164.38,MOBILE_MONEY,VALIDE,Facture F-2027-80764
9921,2027-08-18,NULL,6,16720.72,MOBILE_MONEY,VALIDE,Dépense Salaires et charges sociales
9922,2027-08-19,11,3,159.79,ESPECES,VALIDE,Facture F-2027-75602
9923,2027-08-19,4,5,1073.08,ESPECES,VALIDE,Facture F-2027-20772
9924,2027-08-19,45,4,620.99,VIREMENT,EN_ATTENTE,Facture F-2027-20044
9925,2027-08-19,23,4,533.98,CARTE,VALIDE,Facture F-2027-77827
9926,2027-08-19,34,5,1130.33,ESPECES,VALIDE,Facture F-2027-49177
9927,2027-08-19,NULL,12,514.56,ESPECES,VALIDE,Dépense Assurances
9928,2027-08-19,NULL,12,404.17,MOBILE_MONEY,VALIDE,Dépense Assurances
9929,2027-08-20,34,5,1058.25,CARTE,VALIDE,Facture F-2027-16967
9930,2027-08-20,61,4,756.78,ESPECES,VALIDE,Facture F-2027-60484
9931,2027-08-20,58,1,518.43,MOBILE_MONEY,VALIDE,Facture F-2027-02403
9932,2027-08-20,22,3,130.96,ESPECES,VALIDE,Facture F-2027-14659
9933,2027-08-20,5,1,606.40,CARTE,VALIDE,Facture F-2027-14092
9934,2027-08-20,15,5,730.32,ESPECES,VALIDE,Facture F-2027-10077
9935,2027-08-20,64,5,642.33,MOBILE_MONEY,VALIDE,Facture F-2027-31437
9936,2027-08-20,NULL,9,505.69,VIREMENT,EN_ATTENTE,Dépense Fournitures et consommables
9937,2027-08-20,NULL,9,837.01,VIREMENT,VALIDE,Dépense Fournitures et consommables
9938,2027-08-21,7,1,3242.80,VIREMENT,VALIDE,Facture F-2027-97479
9939,2027-08-21,53,3,213.85,CHEQUE,VALIDE,Facture F-2027-67142
9940,2027-08-21,1,1,700.40,ESPECES,VALIDE,Facture F-2027-30035
9941,2027-08-21,12,1,6434.32,CHEQUE,VALIDE,Facture F-2027-66747
9942,2027-08-21,1,2,1128.04,CHEQUE,EN_ATTENTE,Facture F-2027-54233
9943,2027-08-21,29,3,429.61,CARTE,VALIDE,Facture F-2027-45363
9944,2027-08-21,51,3,294.79,MOBILE_MONEY,VALIDE,Facture F-2027-22083
9945,2027-08-21,NULL,8,1432.20,CARTE,VALIDE,Dépense Marketing et publicité
9946,2027-08-21,NULL,12,863.30,ESPECES,VALIDE,Dépense Assurances
9947,2027-08-21,NULL,6,17642.86,VIREMENT,VALIDE,Dépense Salaires et charges sociales
9948,2027-08-21,NULL,15,687.27,VIREMENT,VALIDE,Dépense Intérêts et frais bancaires
9949,2027-08-22,49,3,146.97,VIREMENT,VALIDE,Facture F-2027-06220
9950,2027-08-22,39,5,413.85,CARTE,VALIDE,Facture F-2027-95288
9951,2027-08-22,20,1,3381.30,ESPECES,VALIDE,Facture F-2027-40992
9952,2027-08-22,65,3,310.32,CARTE,VALIDE,Facture F-2027-91273
9953,2027-08-22,9,3,430.52,CHEQUE,VALIDE,Facture F-2027-58914
9954,2027-08-22,5,3,308.24,VIREMENT,VALIDE,Facture F-2027-22904
9955,2027-08-22,NULL,15,660.37,MOBILE_MONEY,VALIDE,Dépense Intérêts et frais bancaires
9956,2027-08-22,NULL,10,1704.82,MOBILE_MONEY,VALIDE,Dépense Énergie et eau
9957,2027-08-22,NULL,6,17033.18,VIREMENT,VALIDE,Dépense Salaires et charges sociales
9958,2027-08-22,NULL,13,1607.87,CARTE,VALIDE,Dépense Impôts et taxes
9959,2027-08-23,2,5,665.98,CARTE,VALIDE,Facture F-2027-00655
9960,2027-08-23,57,1,6329.65,CARTE,VALIDE,Facture F-2027-59293
9961,2027-08-23,22,4,980.71,CARTE,VALIDE,Facture F-2027-52218
9962,2027-08-23,50,2,267.81,CARTE,VALIDE,Facture F-2027-33591
9963,2027-08-23,12,5,785.52,VIREMENT,VALIDE,Facture F-2027-06548
9964,2027-08-23,63,3,255.60,CHEQUE,VALIDE,Facture F-2027-11831
9965,2027-08-23,NULL,9,2496.01,MOBILE_MONEY,EN_ATTENTE,Dépense Fournitures et consommables
9966,2027-08-23,NULL,6,21063.44,VIREMENT,VALIDE,Dépense Salaires et charges sociales
9967,2027-08-23,NULL,8,1517.43,VIREMENT,VALIDE,Dépense Marketing et publicité
9968,2027-08-24,15,5,435.17,VIREMENT,EN_ATTENTE,Facture F-2027-98025
9969,2027-08-24,14,4,344.57,VIREMENT,EN_ATTENTE,Facture F-2027-25004
9970,2027-08-24,2,5,563.83,ESPECES,VALIDE,Facture F-2027-39255
9971,2027-08-24,5,3,54.06,VIREMENT,VALIDE,Facture F-2027-63324
9972,2027-08-24,49,3,98.23,ESPECES,VALIDE,Facture F-2027-12794
9973,2027-08-24,39,5,1474.95,MOBILE_MONEY,VALIDE,Facture F-2027-44221
9974,2027-08-24,NULL,11,1544.06,VIREMENT,VALIDE,Dépense Transport et logistique
9975,2027-08-24,NULL,13,5098.72,MOBILE_MONEY,VALIDE,Dépense Impôts et taxes
9976,2027-08-24,NULL,7,3239.65,MOBILE_MONEY,VALIDE,Dépense Loyers et immobilier
9977,2027-08-25,7,5,1431.48,VIREMENT,VALIDE,Facture F-2027-43408
9978,2027-08-25,46,3,390.79,CARTE,VALIDE,Facture F-2027-68002
9979,2027-08-25,56,2,528.10,MOBILE_MONEY,VALIDE,Facture F-2027-73178
9980,2027-08-25,43,2,462.07,VIREMENT,VALIDE,Facture F-2027-10551
9981,2027-08-25,30,2,567.48,CARTE,VALIDE,Facture F-2027-31078
9982,2027-08-25,6,1,3236.51,ESPECES,VALIDE,Facture F-2027-19772
9983,2027-08-25,NULL,7,2462.20,CARTE,VALIDE,Dépense Loyers et immobilier
9984,2027-08-25,NULL,6,9683.28,VIREMENT,VALIDE,Dépense Salaires et charges sociales
9985,2027-08-26,40,1,3753.09,VIREMENT,VALIDE,Facture F-2027-23298
9986,2027-08-26,53,1,5670.84,VIREMENT,VALIDE,Facture F-2027-66022
9987,2027-08-26,30,5,1013.44,CARTE,VALIDE,Facture F-2027-72544
9988,2027-08-26,NULL,15,241.40,ESPECES,VALIDE,Dépense Intérêts et frais bancaires
9989,2027-08-26,NULL,8,4098.10,ESPECES,VALIDE,Dépense Marketing et publicité
9990,2027-08-27,43,5,996.52,CHEQUE,VALIDE,Facture F-2027-77503
9991,2027-08-27,13,1,5290.42,VIREMENT,VALIDE,Facture F-2027-93580
9992,2027-08-27,18,2,1534.21,MOBILE_MONEY,VALIDE,Facture F-2027-25628
9993,2027-08-27,8,5,1070.81,ESPECES,VALIDE,Facture F-2027-09614
9994,2027-08-27,NULL,6,6121.90,MOBILE_MONEY,EN_ATTENTE,Dépense Salaires et charges sociales
9995,2027-08-28,47,2,1831.74,CARTE,VALIDE,Facture F-2027-39662
9996,2027-08-28,54,1,1070.30,ESPECES,VALIDE,Facture F-2027-43865
9997,2027-08-28,34,4,480.84,ESPECES,VALIDE,Facture F-2027-80343
9998,2027-08-28,21,1,1599.31,MOBILE_MONEY,VALIDE,Facture F-2027-34103
9999,2027-08-28,29,1,6892.48,ESPECES,VALIDE,Facture F-2027-68233
10000,2027-08-28,18,5,1234.02,VIREMENT,VALIDE,Facture F-2027-19380
10001,2027-08-28,NULL,11,3979.53,VIREMENT,VALIDE,Dépense Transport et logistique
10002,2027-08-28,NULL,10,1842.38,CARTE,VALIDE,Dépense Énergie et eau
10003,2027-08-29,25,4,1152.36,VIREMENT,VALIDE,Facture F-2027-98158
10004,2027-08-29,63,3,85.56,ESPECES,VALIDE,Facture F-2027-70593
10005,2027-08-29,25,4,1016.70,CARTE,VALIDE,Facture F-2027-73485
10006,2027-08-29,2,5,1015.82,MOBILE_MONEY,VALIDE,Facture F-2027-25106
10007,2027-08-29,21,4,949.83,MOBILE_MONEY,VALIDE,Facture F-2027-88613
10008,2027-08-29,25,5,862.33,MOBILE_MONEY,VALIDE,Facture F-2027-90216
10009,2027-08-29,NULL,10,1153.65,MOBILE_MONEY,VALIDE,Dépense Énergie et eau
10010,2027-08-29,NULL,11,5024.48,VIREMENT,VALIDE,Dépense Transport et logistique
10011,2027-08-29,NULL,15,641.14,CARTE,VALIDE,Dépense Intérêts et frais bancaires
10012,2027-08-30,50,4,1101.27,CARTE,VALIDE,Facture F-2027-80681
10013,2027-08-30,35,1,938.18,ESPECES,VALIDE,Facture F-2027-66227
10014,2027-08-30,14,4,345.94,VIREMENT,VALIDE,Facture F-2027-92987
10015,2027-08-30,36,2,2112.78,MOBILE_MONEY,VALIDE,Facture F-2027-75477
10016,2027-08-30,35,3,52.67,VIREMENT,VALIDE,Facture F-2027-52842
10017,2027-08-30,NULL,8,7409.17,MOBILE_MONEY,VALIDE,Dépense Marketing et publicité
10018,2027-08-31,19,2,1207.46,MOBILE_MONEY,VALIDE,Facture F-2027-99875
10019,2027-08-31,7,3,133.84,CARTE,VALIDE,Facture F-2027-33982
10020,2027-08-31,30,2,978.27,MOBILE_MONEY,VALIDE,Facture F-2027-55799
10021,2027-08-31,62,5,1427.38,ESPECES,EN_ATTENTE,Facture F-2027-83993
10022,2027-08-31,6,5,1078.35,VIREMENT,VALIDE,Facture F-2027-93737
10023,2027-08-31,29,1,934.29,MOBILE_MONEY,VALIDE,Facture F-2027-11251
10024,2027-08-31,44,3,254.14,CARTE,VALIDE,Facture F-2027-05570
10025,2027-08-31,NULL,9,507.27,CARTE,VALIDE,Dépense Fournitures et consommables
10026,2027-08-31,NULL,9,2033.59,VIREMENT,VALIDE,Dépense Fournitures et consommables
10027,2027-08-31,NULL,15,414.46,MOBILE_MONEY,VALIDE,Dépense Intérêts et frais bancaires
10028,2027-09-01,7,3,70.14,MOBILE_MONEY,VALIDE,Facture F-2027-51664
10029,2027-09-01,10,4,713.30,VIREMENT,VALIDE,Facture F-2027-27545
10030,2027-09-01,22,1,4572.56,MOBILE_MONEY,VALIDE,Facture F-2027-24570
10031,2027-09-01,NULL,14,1566.84,MOBILE_MONEY,VALIDE,Dépense Informatique et logiciels
10032,2027-09-01,NULL,9,530.77,ESPECES,VALIDE,Dépense Fournitures et consommables
10033,2027-09-01,NULL,14,810.90,MOBILE_MONEY,VALIDE,Dépense Informatique et logiciels
10034,2027-09-01,NULL,12,2793.20,MOBILE_MONEY,VALIDE,Dépense Assurances
10035,2027-09-02,47,3,131.13,MOBILE_MONEY,VALIDE,Facture F-2027-08739
10036,2027-09-02,2,4,319.27,CARTE,VALIDE,Facture F-2027-82321
10037,2027-09-02,25,3,115.85,VIREMENT,VALIDE,Facture F-2027-68897
10038,2027-09-02,1,4,402.48,CARTE,VALIDE,Facture F-2027-05379
10039,2027-09-02,NULL,8,6122.01,MOBILE_MONEY,VALIDE,Dépense Marketing et publicité
10040,2027-09-02,NULL,14,847.08,VIREMENT,VALIDE,Dépense Informatique et logiciels
10041,2027-09-03,9,3,443.34,ESPECES,VALIDE,Facture F-2027-10339
10042,2027-09-03,51,3,301.03,VIREMENT,VALIDE,Facture F-2027-56704
10043,2027-09-03,17,3,242.96,CHEQUE,VALIDE,Facture F-2027-84960
10044,2027-09-03,31,3,110.84,CARTE,VALIDE,Facture F-2027-38870
10045,2027-09-03,NULL,7,4208.41,CARTE,VALIDE,Dépense Loyers et immobilier
10046,2027-09-03,NULL,8,5149.92,VIREMENT,VALIDE,Dépense Marketing et publicité
10047,2027-09-04,57,2,924.40,CHEQUE,VALIDE,Facture F-2027-01225
10048,2027-09-04,38,3,177.46,CARTE,VALIDE,Facture F-2027-75950
10049,2027-09-04,19,2,1229.39,CHEQUE,VALIDE,Facture F-2027-48395
10050,2027-09-04,40,3,381.57,VIREMENT,VALIDE,Facture F-2027-14185
10051,2027-09-04,NULL,13,2663.32,CARTE,VALIDE,Dépense Impôts et taxes
10052,2027-09-04,NULL,12,2296.32,VIREMENT,VALIDE,Dépense Assurances
10053,2027-09-04,NULL,15,132.67,ESPECES,VALIDE,Dépense Intérêts et frais bancaires
10054,2027-09-05,47,5,341.12,VIREMENT,VALIDE,Facture F-2027-03577
10055,2027-09-05,37,4,839.72,ESPECES,VALIDE,Facture F-2027-44742
10056,2027-09-05,44,4,729.80,MOBILE_MONEY,VALIDE,Facture F-2027-56874
10057,2027-09-05,63,5,312.17,MOBILE_MONEY,VALIDE,Facture F-2027-90745
10058,2027-09-05,9,1,1686.42,MOBILE_MONEY,EN_ATTENTE,Facture F-2027-26856
10059,2027-09-05,NULL,6,15255.82,MOBILE_MONEY,VALIDE,Dépense Salaires et charges sociales
10060,2027-09-06,52,5,338.97,MOBILE_MONEY,VALIDE,Facture F-2027-39215
10061,2027-09-06,63,1,5795.17,VIREMENT,VALIDE,Facture F-2027-30737
10062,2027-09-06,55,4,1133.54,CHEQUE,VALIDE,Facture F-2027-01255
10063,2027-09-06,34,5,1316.19,CHEQUE,VALIDE,Facture F-2027-35700
10064,2027-09-06,49,3,56.28,CARTE,VALIDE,Facture F-2027-36967
10065,2027-09-06,NULL,14,2116.83,CARTE,VALIDE,Dépense Informatique et logiciels
10066,2027-09-06,NULL,15,814.16,MOBILE_MONEY,VALIDE,Dépense Intérêts et frais bancaires
10067,2027-09-06,NULL,6,1814.49,ESPECES,VALIDE,Dépense Salaires et charges sociales
10068,2027-09-06,NULL,15,93.29,MOBILE_MONEY,VALIDE,Dépense Intérêts et frais bancaires
10069,2027-09-07,17,4,431.69,CARTE,VALIDE,Facture F-2027-36541
10070,2027-09-07,27,4,1161.62,CHEQUE,EN_ATTENTE,Facture F-2027-45783
10071,2027-09-07,8,1,2600.19,CHEQUE,VALIDE,Facture F-2027-76300
10072,2027-09-07,12,5,521.72,ESPECES,VALIDE,Facture F-2027-45966
10073,2027-09-07,27,4,986.76,VIREMENT,VALIDE,Facture F-2027-27721
10074,2027-09-07,NULL,7,1873.82,ESPECES,VALIDE,Dépense Loyers et immobilier
10075,2027-09-07,NULL,14,573.05,CARTE,VALIDE,Dépense Informatique et logiciels
10076,2027-09-07,NULL,11,6033.27,CARTE,VALIDE,Dépense Transport et logistique
10077,2027-09-07,NULL,11,2900.62,CARTE,VALIDE,Dépense Transport et logistique
10078,2027-09-08,63,5,346.47,ESPECES,VALIDE,Facture F-2027-11401
10079,2027-09-08,11,4,888.19,MOBILE_MONEY,VALIDE,Facture F-2027-55526
10080,2027-09-08,37,5,636.18,MOBILE_MONEY,VALIDE,Facture F-2027-97033
10081,2027-09-08,3,3,231.63,CARTE,VALIDE,Facture F-2027-71828
10082,2027-09-08,59,2,1914.06,CARTE,VALIDE,Facture F-2027-67686
10083,2027-09-08,24,5,498.03,CARTE,VALIDE,Facture F-2027-93502
10084,2027-09-08,44,5,1106.96,MOBILE_MONEY,VALIDE,Facture F-2027-60186
10085,2027-09-08,63,2,1748.97,ESPECES,VALIDE,Facture F-2027-97195
10086,2027-09-08,NULL,13,3119.83,CARTE,VALIDE,Dépense Impôts et taxes
10087,2027-09-08,NULL,15,173.92,CARTE,VALIDE,Dépense Intérêts et frais bancaires
10088,2027-09-08,NULL,11,5518.47,MOBILE_MONEY,VALIDE,Dépense Transport et logistique
10089,2027-09-09,4,5,674.06,CHEQUE,VALIDE,Facture F-2027-52255
10090,2027-09-09,17,3,268.09,CARTE,VALIDE,Facture F-2027-66220
10091,2027-09-09,62,4,560.95,MOBILE_MONEY,VALIDE,Facture F-2027-63292
10092,2027-09-09,64,1,2998.35,CARTE,VALIDE,Facture F-2027-70058
10093,2027-09-09,NULL,10,1984.60,VIREMENT,VALIDE,Dépense Énergie et eau
10094,2027-09-10,50,4,231.88,VIREMENT,VALIDE,Facture F-2027-18504
10095,2027-09-10,57,5,1139.55,CARTE,VALIDE,Facture F-2027-89427
10096,2027-09-10,4,3,309.36,CARTE,VALIDE,Facture F-2027-47783
10097,2027-09-10,NULL,12,1431.94,ESPECES,VALIDE,Dépense Assurances
10098,2027-09-11,25,2,1899.50,VIREMENT,VALIDE,Facture F-2027-48793
10099,2027-09-11,17,5,854.20,CARTE,VALIDE,Facture F-2027-04065
10100,2027-09-11,21,5,1371.25,CHEQUE,VALIDE,Facture F-2027-64567
10101,2027-09-11,28,2,766.28,CHEQUE,VALIDE,Facture F-2027-27588
10102,2027-09-11,52,4,1017.31,VIREMENT,VALIDE,Facture F-2027-67459
10103,2027-09-11,NULL,14,1583.10,MOBILE_MONEY,VALIDE,Dépense Informatique et logiciels
10104,2027-09-11,NULL,10,779.24,CARTE,VALIDE,Dépense Énergie et eau
10105,2027-09-11,NULL,6,7244.88,MOBILE_MONEY,VALIDE,Dépense Salaires et charges sociales
10106,2027-09-12,7,5,1452.53,ESPECES,VALIDE,Facture F-2027-36531
10107,2027-09-12,48,3,424.76,MOBILE_MONEY,EN_ATTENTE,Facture F-2027-28172
10108,2027-09-12,56,1,6531.82,VIREMENT,VALIDE,Facture F-2027-31663
10109,2027-09-12,NULL,11,3079.10,MOBILE_MONEY,VALIDE,Dépense Transport et logistique
10110,2027-09-12,NULL,6,4335.97,CARTE,VALIDE,Dépense Salaires et charges sociales
10111,2027-09-13,51,4,1110.11,ESPECES,VALIDE,Facture F-2027-33777
10112,2027-09-13,25,1,5077.75,MOBILE_MONEY,VALIDE,Facture F-2027-82209
10113,2027-09-13,16,4,451.11,CHEQUE,VALIDE,Facture F-2027-65571
10114,2027-09-13,60,2,1130.46,ESPECES,VALIDE,Facture F-2027-24101
10115,2027-09-13,39,4,1148.33,VIREMENT,VALIDE,Facture F-2027-61577
10116,2027-09-13,11,1,5901.61,MOBILE_MONEY,VALIDE,Facture F-2027-55968
10117,2027-09-13,NULL,13,800.01,MOBILE_MONEY,VALIDE,Dépense Impôts et taxes
10118,2027-09-13,NULL,11,611.93,VIREMENT,VALIDE,Dépense Transport et logistique
10119,2027-09-14,27,2,1950.10,VIREMENT,VALIDE,Facture F-2027-90632
10120,2027-09-14,56,1,6853.34,CARTE,VALIDE,Facture F-2027-03143
10121,2027-09-14,40,4,1017.04,CHEQUE,VALIDE,Facture F-2027-99203
10122,2027-09-14,7,3,162.49,ESPECES,VALIDE,Facture F-2027-77615
10123,2027-09-14,26,4,922.58,VIREMENT,VALIDE,Facture F-2027-14974
10124,2027-09-14,35,1,1115.16,CHEQUE,VALIDE,Facture F-2027-24686
10125,2027-09-14,NULL,12,947.67,MOBILE_MONEY,VALIDE,Dépense Assurances
10126,2027-09-14,NULL,15,713.39,VIREMENT,VALIDE,Dépense Intérêts et frais bancaires
10127,2027-09-15,37,4,617.57,CHEQUE,EN_ATTENTE,Facture F-2027-77084
10128,2027-09-15,54,4,404.82,CARTE,VALIDE,Facture F-2027-08763
10129,2027-09-15,22,4,690.29,CHEQUE,VALIDE,Facture F-2027-73685
10130,2027-09-15,23,1,3409.41,CHEQUE,VALIDE,Facture F-2027-11558
10131,2027-09-15,14,3,258.80,CARTE,VALIDE,Facture F-2027-25761
10132,2027-09-15,NULL,6,6384.89,ESPECES,VALIDE,Dépense Salaires et charges sociales
10133,2027-09-15,NULL,7,1224.27,VIREMENT,EN_ATTENTE,Dépense Loyers et immobilier
10134,2027-09-16,28,2,416.95,CHEQUE,VALIDE,Facture F-2027-87841
10135,2027-09-16,16,3,226.65,CARTE,VALIDE,Facture F-2027-37715
10136,2027-09-16,7,1,3166.44,CHEQUE,VALIDE,Facture F-2027-01431
10137,2027-09-16,NULL,15,167.63,ESPECES,VALIDE,Dépense Intérêts et frais bancaires
10138,2027-09-17,18,1,1437.97,CHEQUE,VALIDE,Facture F-2027-50447
10139,2027-09-17,10,4,721.84,CARTE,VALIDE,Facture F-2027-63395
10140,2027-09-17,4,4,1063.08,CARTE,VALIDE,Facture F-2027-77414
10141,2027-09-17,16,3,364.29,MOBILE_MONEY,VALIDE,Facture F-2027-42112
10142,2027-09-17,6,1,1974.65,CARTE,VALIDE,Facture F-2027-28098
10143,2027-09-17,NULL,15,680.78,VIREMENT,VALIDE,Dépense Intérêts et frais bancaires
10144,2027-09-17,NULL,14,1687.66,CARTE,VALIDE,Dépense Informatique et logiciels
10145,2027-09-17,NULL,6,10517.42,VIREMENT,VALIDE,Dépense Salaires et charges sociales
10146,2027-09-18,50,1,3682.41,ESPECES,VALIDE,Facture F-2027-48873
10147,2027-09-18,49,4,1010.20,MOBILE_MONEY,VALIDE,Facture F-2027-27632
10148,2027-09-18,51,3,166.86,CHEQUE,VALIDE,Facture F-2027-94245
10149,2027-09-18,4,5,724.19,CHEQUE,VALIDE,Facture F-2027-39058
10150,2027-09-18,NULL,6,3718.32,CARTE,VALIDE,Dépense Salaires et charges sociales
10151,2027-09-18,NULL,13,5147.52,VIREMENT,VALIDE,Dépense Impôts et taxes
10152,2027-09-19,22,5,1327.38,CHEQUE,VALIDE,Facture F-2027-76836
10153,2027-09-19,56,1,1540.24,ESPECES,VALIDE,Facture F-2027-07035
10154,2027-09-19,27,5,614.47,MOBILE_MONEY,EN_ATTENTE,Facture F-2027-32437
10155,2027-09-19,NULL,7,2498.42,ESPECES,VALIDE,Dépense Loyers et immobilier
10156,2027-09-19,NULL,6,16713.44,MOBILE_MONEY,VALIDE,Dépense Salaires et charges sociales
10157,2027-09-20,11,4,935.32,MOBILE_MONEY,VALIDE,Facture F-2027-92735
10158,2027-09-20,45,2,1221.22,VIREMENT,VALIDE,Facture F-2027-82598
10159,2027-09-20,2,4,203.01,MOBILE_MONEY,VALIDE,Facture F-2027-41680
10160,2027-09-20,6,2,1380.21,CHEQUE,VALIDE,Facture F-2027-30827
10161,2027-09-20,30,4,462.69,CHEQUE,VALIDE,Facture F-2027-75636
10162,2027-09-20,NULL,8,1600.08,VIREMENT,VALIDE,Dépense Marketing et publicité
10163,2027-09-20,NULL,8,5019.69,CARTE,VALIDE,Dépense Marketing et publicité
10164,2027-09-20,NULL,10,1083.84,CARTE,VALIDE,Dépense Énergie et eau
10165,2027-09-21,2,5,814.37,VIREMENT,VALIDE,Facture F-2027-05606
10166,2027-09-21,11,3,208.74,CARTE,VALIDE,Facture F-2027-11942
10167,2027-09-21,7,5,1287.25,MOBILE_MONEY,VALIDE,Facture F-2027-13927
10168,2027-09-21,12,5,459.18,CARTE,VALIDE,Facture F-2027-51549
10169,2027-09-21,37,1,5762.90,VIREMENT,VALIDE,Facture F-2027-88517
10170,2027-09-21,3,4,1164.28,MOBILE_MONEY,VALIDE,Facture F-2027-18245
10171,2027-09-21,25,1,2736.42,ESPECES,VALIDE,Facture F-2027-93173
10172,2027-09-21,NULL,6,16076.42,CARTE,VALIDE,Dépense Salaires et charges sociales
10173,2027-09-21,NULL,14,1441.44,CARTE,EN_ATTENTE,Dépense Informatique et logiciels
10174,2027-09-21,NULL,9,1443.23,VIREMENT,VALIDE,Dépense Fournitures et consommables
10175,2027-09-21,NULL,11,1753.37,ESPECES,VALIDE,Dépense Transport et logistique
10176,2027-09-22,12,4,863.19,CHEQUE,VALIDE,Facture F-2027-92687
10177,2027-09-22,9,3,418.10,CARTE,VALIDE,Facture F-2027-25560
10178,2027-09-22,46,3,70.11,ESPECES,VALIDE,Facture F-2027-09285
10179,2027-09-22,16,1,6804.97,VIREMENT,VALIDE,Facture F-2027-22369
10180,2027-09-22,44,3,432.93,CHEQUE,VALIDE,Facture F-2027-82414
10181,2027-09-22,61,3,122.63,VIREMENT,VALIDE,Facture F-2027-95884
10182,2027-09-22,65,5,335.13,MOBILE_MONEY,VALIDE,Facture F-2027-87585
10183,2027-09-22,31,1,2536.77,CARTE,VALIDE,Facture F-2027-08806
10184,2027-09-22,NULL,10,1728.72,ESPECES,VALIDE,Dépense Énergie et eau
10185,2027-09-22,NULL,13,959.73,ESPECES,VALIDE,Dépense Impôts et taxes
10186,2027-09-23,65,1,6363.91,ESPECES,VALIDE,Facture F-2027-65654
10187,2027-09-23,39,3,219.28,ESPECES,VALIDE,Facture F-2027-35380
10188,2027-09-23,56,2,456.59,CHEQUE,VALIDE,Facture F-2027-59533
10189,2027-09-23,28,5,1043.02,VIREMENT,VALIDE,Facture F-2027-77560
10190,2027-09-23,10,3,156.41,ESPECES,VALIDE,Facture F-2027-92065
10191,2027-09-23,NULL,7,4419.13,CARTE,VALIDE,Dépense Loyers et immobilier
10192,2027-09-23,NULL,7,4013.76,ESPECES,VALIDE,Dépense Loyers et immobilier
10193,2027-09-23,NULL,14,2604.19,ESPECES,VALIDE,Dépense Informatique et logiciels
10194,2027-09-24,61,1,1326.44,ESPECES,VALIDE,Facture F-2027-01553
10195,2027-09-24,4,3,442.41,CHEQUE,EN_ATTENTE,Facture F-2027-70034
10196,2027-09-24,31,2,1074.56,ESPECES,EN_ATTENTE,Facture F-2027-96060
10197,2027-09-24,3,3,224.35,VIREMENT,VALIDE,Facture F-2027-58548
10198,2027-09-24,NULL,14,296.58,CARTE,VALIDE,Dépense Informatique et logiciels
10199,2027-09-25,63,3,111.81,VIREMENT,VALIDE,Facture F-2027-36354
10200,2027-09-25,36,2,1731.03,ESPECES,VALIDE,Facture F-2027-35261
10201,2027-09-25,25,3,215.04,ESPECES,VALIDE,Facture F-2027-05430
10202,2027-09-25,58,5,1461.18,VIREMENT,VALIDE,Facture F-2027-39623
10203,2027-09-25,35,1,2068.15,CHEQUE,VALIDE,Facture F-2027-23618
10204,2027-09-25,55,3,321.04,CARTE,VALIDE,Facture F-2027-29952
10205,2027-09-25,NULL,7,3177.08,CARTE,VALIDE,Dépense Loyers et immobilier
10206,2027-09-26,29,2,2134.47,CHEQUE,VALIDE,Facture F-2027-81759
10207,2027-09-26,6,3,88.40,CHEQUE,VALIDE,Facture F-2027-68391
10208,2027-09-26,41,1,5672.95,CHEQUE,VALIDE,Facture F-2027-82498
10209,2027-09-26,25,3,209.18,VIREMENT,VALIDE,Facture F-2027-96805
10210,2027-09-26,47,5,1246.74,MOBILE_MONEY,VALIDE,Facture F-2027-84680
10211,2027-09-26,63,2,1966.82,VIREMENT,VALIDE,Facture F-2027-77312
10212,2027-09-26,NULL,14,367.41,MOBILE_MONEY,VALIDE,Dépense Informatique et logiciels
10213,2027-09-26,NULL,6,5534.69,VIREMENT,EN_ATTENTE,Dépense Salaires et charges sociales
10214,2027-09-27,13,5,444.77,CHEQUE,VALIDE,Facture F-2027-25096
10215,2027-09-27,33,3,115.48,VIREMENT,VALIDE,Facture F-2027-44950
10216,2027-09-27,7,2,1492.38,MOBILE_MONEY,VALIDE,Facture F-2027-80140
10217,2027-09-27,17,2,715.43,CHEQUE,VALIDE,Facture F-2027-14113
10218,2027-09-27,27,4,952.59,CARTE,VALIDE,Facture F-2027-79139
10219,2027-09-27,30,4,1169.56,ESPECES,VALIDE,Facture F-2027-38715
10220,2027-09-27,37,2,1781.91,CHEQUE,VALIDE,Facture F-2027-35799
10221,2027-09-27,NULL,14,3277.33,ESPECES,EN_ATTENTE,Dépense Informatique et logiciels
10222,2027-09-28,10,3,155.50,MOBILE_MONEY,VALIDE,Facture F-2027-46283
10223,2027-09-28,47,2,2010.34,CARTE,VALIDE,Facture F-2027-94125
10224,2027-09-28,62,5,1350.22,VIREMENT,VALIDE,Facture F-2027-88244
10225,2027-09-28,27,4,401.47,CARTE,VALIDE,Facture F-2027-46616
10226,2027-09-28,58,3,67.68,MOBILE_MONEY,VALIDE,Facture F-2027-54987
10227,2027-09-28,55,5,910.87,ESPECES,VALIDE,Facture F-2027-62305
10228,2027-09-28,35,3,135.18,MOBILE_MONEY,VALIDE,Facture F-2027-88504
10229,2027-09-28,NULL,8,353.03,ESPECES,VALIDE,Dépense Marketing et publicité
10230,2027-09-28,NULL,12,517.80,MOBILE_MONEY,EN_ATTENTE,Dépense Assurances
10231,2027-09-28,NULL,11,4554.17,VIREMENT,VALIDE,Dépense Transport et logistique
10232,2027-09-28,NULL,7,4068.78,MOBILE_MONEY,VALIDE,Dépense Loyers et immobilier
10233,2027-09-29,26,2,2126.91,CARTE,VALIDE,Facture F-2027-65097
10234,2027-09-29,21,3,146.44,ESPECES,VALIDE,Facture F-2027-09319
10235,2027-09-29,25,2,2032.57,ESPECES,VALIDE,Facture F-2027-68291
10236,2027-09-29,15,1,7049.63,CARTE,VALIDE,Facture F-2027-18566
10237,2027-09-29,57,4,501.61,ESPECES,VALIDE,Facture F-2027-90494
10238,2027-09-29,11,1,2538.24,CHEQUE,VALIDE,Facture F-2027-44997
10239,2027-09-29,65,4,1144.89,CHEQUE,VALIDE,Facture F-2027-38445
10240,2027-09-29,NULL,14,1792.56,ESPECES,VALIDE,Dépense Informatique et logiciels
10241,2027-09-29,NULL,10,1300.36,VIREMENT,VALIDE,Dépense Énergie et eau
10242,2027-09-29,NULL,10,716.24,ESPECES,VALIDE,Dépense Énergie et eau
10243,2027-09-30,40,5,491.38,ESPECES,VALIDE,Facture F-2027-63360
10244,2027-09-30,49,5,1412.38,CARTE,EN_ATTENTE,Facture F-2027-49486
10245,2027-09-30,8,2,1392.65,ESPECES,VALIDE,Facture F-2027-34916
10246,2027-09-30,33,4,594.71,VIREMENT,VALIDE,Facture F-2027-43426
10247,2027-09-30,21,4,582.20,MOBILE_MONEY,VALIDE,Facture F-2027-97645
10248,2027-09-30,48,2,1455.32,CHEQUE,VALIDE,Facture F-2027-39305
10249,2027-09-30,60,3,189.13,CHEQUE,VALIDE,Facture F-2027-58332
10250,2027-09-30,NULL,12,1195.25,CARTE,VALIDE,Dépense Assurances
10251,2027-09-30,NULL,15,444.09,MOBILE_MONEY,VALIDE,Dépense Intérêts et frais bancaires
10252,2027-10-01,45,1,6153.35,ESPECES,VALIDE,Facture F-2027-35823
10253,2027-10-01,51,2,1708.34,VIREMENT,VALIDE,Facture F-2027-29491
10254,2027-10-01,37,3,190.70,CARTE,VALIDE,Facture F-2027-06556
10255,2027-10-01,50,4,659.11,ESPECES,VALIDE,Facture F-2027-03259
10256,2027-10-01,22,2,1792.68,ESPECES,VALIDE,Facture F-2027-45914
10257,2027-10-01,NULL,12,132.16,MOBILE_MONEY,VALIDE,Dépense Assurances
10258,2027-10-01,NULL,12,2826.08,VIREMENT,VALIDE,Dépense Assurances
10259,2027-10-01,NULL,6,15576.83,ESPECES,VALIDE,Dépense Salaires et charges sociales
10260,2027-10-01,NULL,10,1037.13,CARTE,VALIDE,Dépense Énergie et eau
10261,2027-10-02,60,2,2111.23,CARTE,VALIDE,Facture F-2027-05426
10262,2027-10-02,23,1,3665.94,MOBILE_MONEY,VALIDE,Facture F-2027-58769
10263,2027-10-02,12,4,690.55,CARTE,VALIDE,Facture F-2027-15877
10264,2027-10-02,56,4,454.89,CHEQUE,VALIDE,Facture F-2027-95637
10265,2027-10-02,31,3,435.03,VIREMENT,VALIDE,Facture F-2027-70409
10266,2027-10-02,NULL,13,3925.95,CARTE,VALIDE,Dépense Impôts et taxes
10267,2027-10-02,NULL,12,2101.58,VIREMENT,VALIDE,Dépense Assurances
10268,2027-10-02,NULL,10,138.76,ESPECES,VALIDE,Dépense Énergie et eau
10269,2027-10-02,NULL,6,5314.01,MOBILE_MONEY,VALIDE,Dépense Salaires et charges sociales
10270,2027-10-03,16,2,918.87,ESPECES,VALIDE,Facture F-2027-52742
10271,2027-10-03,23,2,1329.34,CARTE,VALIDE,Facture F-2027-88151
10272,2027-10-03,26,4,363.02,MOBILE_MONEY,VALIDE,Facture F-2027-34049
10273,2027-10-03,NULL,14,2138.40,ESPECES,VALIDE,Dépense Informatique et logiciels
10274,2027-10-03,NULL,6,15995.43,ESPECES,VALIDE,Dépense Salaires et charges sociales
10275,2027-10-03,NULL,12,2467.24,CARTE,VALIDE,Dépense Assurances
10276,2027-10-03,NULL,7,817.75,MOBILE_MONEY,VALIDE,Dépense Loyers et immobilier
10277,2027-10-04,46,2,1158.52,CHEQUE,VALIDE,Facture F-2027-69627
10278,2027-10-04,46,4,419.19,CARTE,VALIDE,Facture F-2027-63545
10279,2027-10-04,62,5,1268.67,MOBILE_MONEY,VALIDE,Facture F-2027-28007
10280,2027-10-04,NULL,14,3961.65,MOBILE_MONEY,VALIDE,Dépense Informatique et logiciels
10281,2027-10-05,14,4,1078.74,CARTE,VALIDE,Facture F-2027-13057
10282,2027-10-05,37,2,1522.61,VIREMENT,VALIDE,Facture F-2027-78030
10283,2027-10-05,32,4,303.26,VIREMENT,VALIDE,Facture F-2027-70454
10284,2027-10-05,40,5,571.37,MOBILE_MONEY,EN_ATTENTE,Facture F-2027-97321
10285,2027-10-05,25,4,1128.02,MOBILE_MONEY,VALIDE,Facture F-2027-75606
10286,2027-10-05,NULL,7,813.75,CARTE,VALIDE,Dépense Loyers et immobilier
10287,2027-10-05,NULL,13,879.52,VIREMENT,VALIDE,Dépense Impôts et taxes
10288,2027-10-05,NULL,13,286.10,MOBILE_MONEY,VALIDE,Dépense Impôts et taxes
10289,2027-10-05,NULL,9,989.46,CARTE,VALIDE,Dépense Fournitures et consommables
10290,2027-10-06,23,1,3572.30,ESPECES,VALIDE,Facture F-2027-66846
10291,2027-10-06,41,5,680.52,MOBILE_MONEY,VALIDE,Facture F-2027-48951
10292,2027-10-06,64,3,222.65,MOBILE_MONEY,VALIDE,Facture F-2027-18428
10293,2027-10-06,NULL,9,2218.44,ESPECES,VALIDE,Dépense Fournitures et consommables
10294,2027-10-06,NULL,7,3198.52,ESPECES,VALIDE,Dépense Loyers et immobilier
10295,2027-10-06,NULL,13,3637.04,ESPECES,VALIDE,Dépense Impôts et taxes
10296,2027-10-06,NULL,6,15322.77,CARTE,VALIDE,Dépense Salaires et charges sociales
10297,2027-10-07,53,3,254.64,VIREMENT,EN_ATTENTE,Facture F-2027-12918
10298,2027-10-07,42,3,431.33,ESPECES,VALIDE,Facture F-2027-46019
10299,2027-10-07,30,5,782.68,CHEQUE,VALIDE,Facture F-2027-98817
10300,2027-10-07,29,4,333.45,ESPECES,VALIDE,Facture F-2027-72532
10301,2027-10-07,2,4,411.31,CARTE,VALIDE,Facture F-2027-85491
10302,2027-10-07,65,2,235.58,ESPECES,VALIDE,Facture F-2027-08484
10303,2027-10-07,NULL,13,3134.88,ESPECES,VALIDE,Dépense Impôts et taxes
10304,2027-10-07,NULL,13,4007.05,CARTE,VALIDE,Dépense Impôts et taxes
10305,2027-10-08,38,3,279.56,CHEQUE,VALIDE,Facture F-2027-05541
10306,2027-10-08,59,5,349.41,ESPECES,VALIDE,Facture F-2027-57820
10307,2027-10-08,63,4,1168.14,CHEQUE,VALIDE,Facture F-2027-73899
10308,2027-10-08,47,5,1072.60,CARTE,VALIDE,Facture F-2027-73709
10309,2027-10-08,60,1,3865.32,CHEQUE,VALIDE,Facture F-2027-05261
10310,2027-10-08,55,2,2198.11,ESPECES,VALIDE,Facture F-2027-85868
10311,2027-10-08,NULL,7,2024.94,MOBILE_MONEY,VALIDE,Dépense Loyers et immobilier
10312,2027-10-08,NULL,9,1540.63,MOBILE_MONEY,VALIDE,Dépense Fournitures et consommables
10313,2027-10-09,56,1,6338.44,ESPECES,VALIDE,Facture F-2027-35600
10314,2027-10-09,37,1,3642.22,CARTE,VALIDE,Facture F-2027-33215
10315,2027-10-09,54,4,1004.27,ESPECES,VALIDE,Facture F-2027-62654
10316,2027-10-09,12,1,6512.82,CARTE,VALIDE,Facture F-2027-36037
10317,2027-10-09,60,2,903.24,VIREMENT,VALIDE,Facture F-2027-70354
10318,2027-10-09,32,2,1111.94,MOBILE_MONEY,VALIDE,Facture F-2027-02230
10319,2027-10-09,NULL,8,2485.12,ESPECES,VALIDE,Dépense Marketing et publicité
10320,2027-10-09,NULL,8,2520.98,ESPECES,VALIDE,Dépense Marketing et publicité
10321,2027-10-09,NULL,15,756.54,ESPECES,VALIDE,Dépense Intérêts et frais bancaires
10322,2027-10-10,31,3,437.31,CARTE,VALIDE,Facture F-2027-84146
10323,2027-10-10,58,1,1676.54,ESPECES,VALIDE,Facture F-2027-24923
10324,2027-10-10,39,1,5576.58,VIREMENT,VALIDE,Facture F-2027-90283
10325,2027-10-10,35,4,903.30,ESPECES,VALIDE,Facture F-2027-83381
10326,2027-10-10,NULL,6,13651.76,CARTE,VALIDE,Dépense Salaires et charges sociales
10327,2027-10-10,NULL,8,7559.97,CARTE,VALIDE,Dépense Marketing et publicité
10328,2027-10-11,5,5,755.97,CARTE,EN_ATTENTE,Facture F-2027-78628
10329,2027-10-11,62,4,951.36,CARTE,VALIDE,Facture F-2027-42137
10330,2027-10-11,2,5,1106.54,ESPECES,VALIDE,Facture F-2027-04209
10331,2027-10-11,2,1,576.71,CHEQUE,VALIDE,Facture F-2027-86486
10332,2027-10-11,61,1,2642.33,CHEQUE,VALIDE,Facture F-2027-01449
10333,2027-10-11,22,4,834.68,CHEQUE,VALIDE,Facture F-2027-96637
10334,2027-10-11,34,4,719.20,MOBILE_MONEY,VALIDE,Facture F-2027-05406
10335,2027-10-11,NULL,11,5023.95,MOBILE_MONEY,VALIDE,Dépense Transport et logistique
10336,2027-10-11,NULL,12,1962.78,VIREMENT,VALIDE,Dépense Assurances
10337,2027-10-11,NULL,11,2988.54,CARTE,VALIDE,Dépense Transport et logistique
10338,2027-10-11,NULL,9,2355.14,CARTE,VALIDE,Dépense Fournitures et consommables
10339,2027-10-12,2,1,6771.47,ESPECES,VALIDE,Facture F-2027-56199
10340,2027-10-12,5,3,321.29,CHEQUE,EN_ATTENTE,Facture F-2027-62168
10341,2027-10-12,28,5,911.78,CHEQUE,VALIDE,Facture F-2027-05489
10342,2027-10-12,NULL,8,1963.64,MOBILE_MONEY,VALIDE,Dépense Marketing et publicité
10343,2027-10-12,NULL,15,157.92,MOBILE_MONEY,VALIDE,Dépense Intérêts et frais bancaires
10344,2027-10-13,42,4,379.71,CARTE,VALIDE,Facture F-2027-16870
10345,2027-10-13,65,2,310.62,CARTE,VALIDE,Facture F-2027-27992
10346,2027-10-13,8,4,370.99,VIREMENT,VALIDE,Facture F-2027-17719
10347,2027-10-13,6,3,383.14,VIREMENT,VALIDE,Facture F-2027-85262
10348,2027-10-13,NULL,10,937.49,MOBILE_MONEY,VALIDE,Dépense Énergie et eau
10349,2027-10-13,NULL,14,2539.39,CARTE,VALIDE,Dépense Informatique et logiciels
10350,2027-10-14,46,1,4138.39,CHEQUE,VALIDE,Facture F-2027-40086
10351,2027-10-14,65,4,278.41,MOBILE_MONEY,VALIDE,Facture F-2027-07265
10352,2027-10-14,56,1,2080.02,VIREMENT,EN_ATTENTE,Facture F-2027-00066
10353,2027-10-14,NULL,11,4556.15,ESPECES,VALIDE,Dépense Transport et logistique
10354,2027-10-14,NULL,7,2049.07,VIREMENT,VALIDE,Dépense Loyers et immobilier
10355,2027-10-14,NULL,13,1433.66,VIREMENT,VALIDE,Dépense Impôts et taxes
10356,2027-10-15,25,4,736.35,VIREMENT,VALIDE,Facture F-2027-68129
10357,2027-10-15,19,4,617.22,CHEQUE,VALIDE,Facture F-2027-09670
10358,2027-10-15,25,3,171.05,CHEQUE,VALIDE,Facture F-2027-17442
10359,2027-10-15,55,1,7247.96,MOBILE_MONEY,VALIDE,Facture F-2027-04317
10360,2027-10-15,52,5,326.39,ESPECES,VALIDE,Facture F-2027-31092
10361,2027-10-15,61,4,530.64,CARTE,EN_ATTENTE,Facture F-2027-29265
10362,2027-10-15,NULL,11,591.30,MOBILE_MONEY,VALIDE,Dépense Transport et logistique
10363,2027-10-15,NULL,12,1046.89,VIREMENT,VALIDE,Dépense Assurances
10364,2027-10-16,11,4,947.23,VIREMENT,VALIDE,Facture F-2027-71104
10365,2027-10-16,54,4,969.74,ESPECES,VALIDE,Facture F-2027-42968
10366,2027-10-16,48,1,5012.95,CARTE,VALIDE,Facture F-2027-23850
10367,2027-10-16,NULL,12,962.08,VIREMENT,VALIDE,Dépense Assurances
10368,2027-10-16,NULL,11,1207.25,CARTE,VALIDE,Dépense Transport et logistique
10369,2027-10-17,8,1,2830.47,MOBILE_MONEY,VALIDE,Facture F-2027-86117
10370,2027-10-17,49,5,456.99,MOBILE_MONEY,VALIDE,Facture F-2027-99176
10371,2027-10-17,40,2,357.32,MOBILE_MONEY,VALIDE,Facture F-2027-62885
10372,2027-10-17,NULL,7,3523.57,CARTE,VALIDE,Dépense Loyers et immobilier
10373,2027-10-17,NULL,13,1309.44,CARTE,VALIDE,Dépense Impôts et taxes
10374,2027-10-17,NULL,14,2448.88,CARTE,VALIDE,Dépense Informatique et logiciels
10375,2027-10-18,59,4,901.68,CHEQUE,VALIDE,Facture F-2027-00983
10376,2027-10-18,64,4,294.67,CARTE,VALIDE,Facture F-2027-39821
10377,2027-10-18,9,1,3739.47,CARTE,VALIDE,Facture F-2027-73745
10378,2027-10-18,11,5,527.69,MOBILE_MONEY,VALIDE,Facture F-2027-15399
10379,2027-10-18,24,5,1386.22,ESPECES,VALIDE,Facture F-2027-72745
10380,2027-10-18,10,5,451.05,MOBILE_MONEY,VALIDE,Facture F-2027-33483
10381,2027-10-18,61,2,1174.85,MOBILE_MONEY,VALIDE,Facture F-2027-42940
10382,2027-10-18,NULL,12,317.49,VIREMENT,VALIDE,Dépense Assurances
10383,2027-10-19,44,3,296.15,ESPECES,VALIDE,Facture F-2027-77012
10384,2027-10-19,18,4,427.14,CHEQUE,VALIDE,Facture F-2027-30747
10385,2027-10-19,7,3,158.10,ESPECES,VALIDE,Facture F-2027-08667
10386,2027-10-19,9,3,149.94,ESPECES,VALIDE,Facture F-2027-94733
10387,2027-10-19,8,4,409.96,CHEQUE,VALIDE,Facture F-2027-50619
10388,2027-10-19,24,4,898.39,CHEQUE,VALIDE,Facture F-2027-02565
10389,2027-10-19,NULL,14,4351.09,CARTE,VALIDE,Dépense Informatique et logiciels
10390,2027-10-19,NULL,15,688.47,MOBILE_MONEY,VALIDE,Dépense Intérêts et frais bancaires
10391,2027-10-20,33,4,845.57,MOBILE_MONEY,VALIDE,Facture F-2027-56730
10392,2027-10-20,60,3,53.12,ESPECES,VALIDE,Facture F-2027-22408
10393,2027-10-20,22,2,284.36,VIREMENT,VALIDE,Facture F-2027-62185
10394,2027-10-20,53,1,5151.92,ESPECES,VALIDE,Facture F-2027-66618
10395,2027-10-20,NULL,6,12308.60,ESPECES,VALIDE,Dépense Salaires et charges sociales
10396,2027-10-21,52,3,302.00,CHEQUE,EN_ATTENTE,Facture F-2027-84581
10397,2027-10-21,17,5,737.95,CARTE,VALIDE,Facture F-2027-83172
10398,2027-10-21,59,1,2510.57,MOBILE_MONEY,VALIDE,Facture F-2027-39911
10399,2027-10-21,NULL,15,421.19,ESPECES,VALIDE,Dépense Intérêts et frais bancaires
10400,2027-10-21,NULL,13,4427.72,MOBILE_MONEY,VALIDE,Dépense Impôts et taxes
10401,2027-10-22,44,2,992.33,MOBILE_MONEY,VALIDE,Facture F-2027-20403
10402,2027-10-22,54,4,275.29,CARTE,VALIDE,Facture F-2027-85716
10403,2027-10-22,9,4,664.21,VIREMENT,VALIDE,Facture F-2027-53734
10404,2027-10-22,61,4,695.38,VIREMENT,VALIDE,Facture F-2027-46663
10405,2027-10-22,28,5,590.49,CHEQUE,VALIDE,Facture F-2027-10741
10406,2027-10-22,56,2,1315.24,ESPECES,VALIDE,Facture F-2027-10846
10407,2027-10-22,48,3,229.51,CHEQUE,VALIDE,Facture F-2027-42262
10408,2027-10-22,46,1,7118.85,CARTE,VALIDE,Facture F-2027-52816
10409,2027-10-22,NULL,7,3792.96,CARTE,VALIDE,Dépense Loyers et immobilier
10410,2027-10-22,NULL,7,3217.29,MOBILE_MONEY,VALIDE,Dépense Loyers et immobilier
10411,2027-10-22,NULL,6,7047.83,VIREMENT,VALIDE,Dépense Salaires et charges sociales
10412,2027-10-22,NULL,14,345.44,ESPECES,VALIDE,Dépense Informatique et logiciels
10413,2027-10-23,2,1,974.21,VIREMENT,VALIDE,Facture F-2027-14185
10414,2027-10-23,60,2,1767.31,ESPECES,VALIDE,Facture F-2027-89912
10415,2027-10-23,55,5,888.31,VIREMENT,VALIDE,Facture F-2027-29467
10416,2027-10-23,21,4,861.90,CHEQUE,VALIDE,Facture F-2027-53551
10417,2027-10-23,55,4,314.67,CHEQUE,VALIDE,Facture F-2027-62897
10418,2027-10-23,NULL,7,2754.82,ESPECES,VALIDE,Dépense Loyers et immobilier
10419,2027-10-23,NULL,11,4079.98,VIREMENT,VALIDE,Dépense Transport et logistique
10420,2027-10-23,NULL,11,6045.28,ESPECES,VALIDE,Dépense Transport et logistique
10421,2027-10-24,10,1,3865.26,CARTE,VALIDE,Facture F-2027-63476
10422,2027-10-24,16,1,1191.12,MOBILE_MONEY,VALIDE,Facture F-2027-93261
10423,2027-10-24,8,2,1099.43,VIREMENT,VALIDE,Facture F-2027-70635
10424,2027-10-24,39,1,4172.98,MOBILE_MONEY,VALIDE,Facture F-2027-44716
10425,2027-10-24,17,3,341.89,VIREMENT,VALIDE,Facture F-2027-96872
10426,2027-10-24,48,5,1345.50,CARTE,VALIDE,Facture F-2027-10008
10427,2027-10-24,3,5,986.39,VIREMENT,EN_ATTENTE,Facture F-2027-09151
10428,2027-10-24,NULL,7,4309.15,ESPECES,VALIDE,Dépense Loyers et immobilier
10429,2027-10-24,NULL,13,3436.01,VIREMENT,VALIDE,Dépense Impôts et taxes
10430,2027-10-25,45,3,92.00,VIREMENT,VALIDE,Facture F-2027-51836
10431,2027-10-25,45,1,2373.22,MOBILE_MONEY,VALIDE,Facture F-2027-08948
10432,2027-10-25,51,2,741.11,CARTE,VALIDE,Facture F-2027-38233
10433,2027-10-25,64,2,667.84,ESPECES,VALIDE,Facture F-2027-71841
10434,2027-10-25,62,3,234.08,CHEQUE,VALIDE,Facture F-2027-19876
10435,2027-10-25,NULL,6,5860.43,MOBILE_MONEY,VALIDE,Dépense Salaires et charges sociales
10436,2027-10-25,NULL,15,132.41,VIREMENT,VALIDE,Dépense Intérêts et frais bancaires
10437,2027-10-26,47,4,877.25,CARTE,VALIDE,Facture F-2027-26662
10438,2027-10-26,65,1,4125.23,ESPECES,VALIDE,Facture F-2027-95970
10439,2027-10-26,41,1,6245.98,MOBILE_MONEY,VALIDE,Facture F-2027-71270
10440,2027-10-26,NULL,9,2037.88,CARTE,VALIDE,Dépense Fournitures et consommables
10441,2027-10-26,NULL,10,685.18,CARTE,VALIDE,Dépense Énergie et eau
10442,2027-10-27,23,1,3728.84,CHEQUE,VALIDE,Facture F-2027-76103
10443,2027-10-27,30,4,203.37,CARTE,VALIDE,Facture F-2027-56777
10444,2027-10-27,44,4,491.58,ESPECES,VALIDE,Facture F-2027-53723
10445,2027-10-27,57,4,450.81,ESPECES,VALIDE,Facture F-2027-28994
10446,2027-10-27,65,4,818.80,CHEQUE,VALIDE,Facture F-2027-93217
10447,2027-10-27,NULL,9,2409.51,VIREMENT,VALIDE,Dépense Fournitures et consommables
10448,2027-10-27,NULL,15,705.46,CARTE,VALIDE,Dépense Intérêts et frais bancaires
10449,2027-10-27,NULL,8,3852.82,VIREMENT,VALIDE,Dépense Marketing et publicité
10450,2027-10-28,53,4,1066.89,VIREMENT,VALIDE,Facture F-2027-34368
10451,2027-10-28,30,5,1030.74,ESPECES,VALIDE,Facture F-2027-73030
10452,2027-10-28,34,2,1282.21,CARTE,VALIDE,Facture F-2027-20723
10453,2027-10-28,1,2,307.83,VIREMENT,VALIDE,Facture F-2027-30710
10454,2027-10-28,NULL,15,647.91,CARTE,VALIDE,Dépense Intérêts et frais bancaires
10455,2027-10-28,NULL,6,16924.66,CARTE,VALIDE,Dépense Salaires et charges sociales
10456,2027-10-29,50,5,1394.03,MOBILE_MONEY,VALIDE,Facture F-2027-78232
10457,2027-10-29,13,5,551.60,CHEQUE,VALIDE,Facture F-2027-78011
10458,2027-10-29,27,5,491.69,ESPECES,VALIDE,Facture F-2027-07860
10459,2027-10-29,65,2,590.60,ESPECES,VALIDE,Facture F-2027-97300
10460,2027-10-29,58,2,822.32,MOBILE_MONEY,VALIDE,Facture F-2027-07433
10461,2027-10-29,NULL,9,166.20,CARTE,VALIDE,Dépense Fournitures et consommables
10462,2027-10-29,NULL,12,2798.61,ESPECES,VALIDE,Dépense Assurances
10463,2027-10-29,NULL,15,438.93,CARTE,VALIDE,Dépense Intérêts et frais bancaires
10464,2027-10-30,48,5,517.12,VIREMENT,VALIDE,Facture F-2027-83853
10465,2027-10-30,50,5,600.52,VIREMENT,VALIDE,Facture F-2027-80411
10466,2027-10-30,42,3,272.63,MOBILE_MONEY,VALIDE,Facture F-2027-77055
10467,2027-10-30,8,5,1393.16,CARTE,EN_ATTENTE,Facture F-2027-33071
10468,2027-10-30,13,3,307.35,CARTE,VALIDE,Facture F-2027-81830
10469,2027-10-30,58,3,69.00,MOBILE_MONEY,VALIDE,Facture F-2027-49305
10470,2027-10-30,NULL,8,1715.49,ESPECES,VALIDE,Dépense Marketing et publicité
10471,2027-10-30,NULL,6,13365.52,MOBILE_MONEY,VALIDE,Dépense Salaires et charges sociales
10472,2027-10-31,41,1,5436.11,VIREMENT,VALIDE,Facture F-2027-83481
10473,2027-10-31,24,3,73.01,CHEQUE,EN_ATTENTE,Facture F-2027-47208
10474,2027-10-31,30,1,5551.78,VIREMENT,VALIDE,Facture F-2027-47351
10475,2027-10-31,NULL,11,4626.40,ESPECES,VALIDE,Dépense Transport et logistique
10476,2027-10-31,NULL,14,2309.95,VIREMENT,VALIDE,Dépense Informatique et logiciels
10477,2027-11-01,33,4,620.73,CHEQUE,VALIDE,Facture F-2027-44803
10478,2027-11-01,20,4,496.86,VIREMENT,VALIDE,Facture F-2027-99549
10479,2027-11-01,9,1,4394.18,CARTE,VALIDE,Facture F-2027-02319
10480,2027-11-01,8,2,1889.88,CHEQUE,VALIDE,Facture F-2027-05612
10481,2027-11-01,62,2,1345.51,CARTE,VALIDE,Facture F-2027-70031
10482,2027-11-01,35,5,1358.96,ESPECES,VALIDE,Facture F-2027-16453
10483,2027-11-01,19,4,362.24,CARTE,VALIDE,Facture F-2027-84547
10484,2027-11-01,NULL,11,5558.33,ESPECES,VALIDE,Dépense Transport et logistique
10485,2027-11-01,NULL,13,3654.61,ESPECES,VALIDE,Dépense Impôts et taxes
10486,2027-11-01,NULL,13,570.55,CARTE,VALIDE,Dépense Impôts et taxes
10487,2027-11-02,3,3,413.05,ESPECES,EN_ATTENTE,Facture F-2027-94225
10488,2027-11-02,39,3,244.92,CHEQUE,VALIDE,Facture F-2027-97364
10489,2027-11-02,18,2,1527.12,ESPECES,VALIDE,Facture F-2027-62535
10490,2027-11-02,53,4,1034.84,CARTE,VALIDE,Facture F-2027-82821
10491,2027-11-02,45,3,89.50,CHEQUE,VALIDE,Facture F-2027-74549
10492,2027-11-02,22,1,2907.70,ESPECES,VALIDE,Facture F-2027-43605
10493,2027-11-02,51,1,6117.62,VIREMENT,VALIDE,Facture F-2027-81838
10494,2027-11-02,NULL,11,3087.02,VIREMENT,EN_ATTENTE,Dépense Transport et logistique
10495,2027-11-02,NULL,8,7409.55,MOBILE_MONEY,VALIDE,Dépense Marketing et publicité
10496,2027-11-02,NULL,12,2347.60,CARTE,VALIDE,Dépense Assurances
10497,2027-11-03,42,4,1109.75,ESPECES,VALIDE,Facture F-2027-17197
10498,2027-11-03,24,3,80.11,CARTE,VALIDE,Facture F-2027-13356
10499,2027-11-03,17,3,329.09,ESPECES,VALIDE,Facture F-2027-65077
10500,2027-11-03,9,4,1020.27,VIREMENT,EN_ATTENTE,Facture F-2027-16796
10501,2027-11-03,61,4,791.51,VIREMENT,VALIDE,Facture F-2027-75871
10502,2027-11-03,NULL,15,185.88,VIREMENT,VALIDE,Dépense Intérêts et frais bancaires
10503,2027-11-03,NULL,10,2072.22,VIREMENT,VALIDE,Dépense Énergie et eau
10504,2027-11-04,5,5,1121.14,VIREMENT,VALIDE,Facture F-2027-52670
10505,2027-11-04,14,2,2143.43,CARTE,VALIDE,Facture F-2027-85573
10506,2027-11-04,6,4,408.79,ESPECES,VALIDE,Facture F-2027-78284
10507,2027-11-04,NULL,8,7036.49,CARTE,VALIDE,Dépense Marketing et publicité
10508,2027-11-05,56,5,884.01,CHEQUE,EN_ATTENTE,Facture F-2027-43830
10509,2027-11-05,58,1,2711.44,MOBILE_MONEY,VALIDE,Facture F-2027-28256
10510,2027-11-05,41,1,6383.48,VIREMENT,VALIDE,Facture F-2027-69633
10511,2027-11-05,24,2,2080.66,CARTE,VALIDE,Facture F-2027-61939
10512,2027-11-05,27,2,810.37,ESPECES,VALIDE,Facture F-2027-92894
10513,2027-11-05,5,3,298.63,MOBILE_MONEY,VALIDE,Facture F-2027-20520
10514,2027-11-05,55,1,6859.74,ESPECES,VALIDE,Facture F-2027-36348
10515,2027-11-05,NULL,14,748.49,VIREMENT,VALIDE,Dépense Informatique et logiciels
10516,2027-11-05,NULL,6,20128.90,ESPECES,VALIDE,Dépense Salaires et charges sociales
10517,2027-11-06,43,4,431.26,CARTE,VALIDE,Facture F-2027-79553
10518,2027-11-06,29,2,802.47,CHEQUE,VALIDE,Facture F-2027-06764
10519,2027-11-06,57,5,1353.29,CARTE,VALIDE,Facture F-2027-89219
10520,2027-11-06,48,2,1851.89,VIREMENT,VALIDE,Facture F-2027-47196
10521,2027-11-06,39,3,350.21,MOBILE_MONEY,VALIDE,Facture F-2027-55162
10522,2027-11-06,43,5,1108.30,VIREMENT,VALIDE,Facture F-2027-82353
10523,2027-11-06,15,1,5533.48,ESPECES,VALIDE,Facture F-2027-23350
10524,2027-11-06,NULL,13,403.67,VIREMENT,VALIDE,Dépense Impôts et taxes
10525,2027-11-06,NULL,10,1155.97,ESPECES,VALIDE,Dépense Énergie et eau
10526,2027-11-07,40,4,389.68,CHEQUE,VALIDE,Facture F-2027-50510
10527,2027-11-07,64,1,4411.24,MOBILE_MONEY,EN_ATTENTE,Facture F-2027-08314
10528,2027-11-07,59,2,1776.92,CHEQUE,VALIDE,Facture F-2027-39781
10529,2027-11-07,18,3,401.87,CARTE,VALIDE,Facture F-2027-33692
10530,2027-11-07,NULL,15,187.41,MOBILE_MONEY,VALIDE,Dépense Intérêts et frais bancaires
10531,2027-11-07,NULL,10,1001.57,MOBILE_MONEY,VALIDE,Dépense Énergie et eau
10532,2027-11-07,NULL,6,17290.06,ESPECES,VALIDE,Dépense Salaires et charges sociales
10533,2027-11-07,NULL,12,2115.77,ESPECES,VALIDE,Dépense Assurances
10534,2027-11-08,14,3,159.00,CHEQUE,EN_ATTENTE,Facture F-2027-78777
10535,2027-11-08,18,4,391.83,VIREMENT,EN_ATTENTE,Facture F-2027-09521
10536,2027-11-08,62,2,2182.11,MOBILE_MONEY,VALIDE,Facture F-2027-72908
10537,2027-11-08,22,3,114.40,ESPECES,VALIDE,Facture F-2027-41478
10538,2027-11-08,14,3,278.29,ESPECES,VALIDE,Facture F-2027-00528
10539,2027-11-08,16,4,462.85,VIREMENT,VALIDE,Facture F-2027-04750
10540,2027-11-08,50,3,72.16,CHEQUE,VALIDE,Facture F-2027-26200
10541,2027-11-08,34,5,1479.38,CHEQUE,VALIDE,Facture F-2027-94758
10542,2027-11-08,NULL,11,3918.78,VIREMENT,VALIDE,Dépense Transport et logistique
10543,2027-11-09,19,5,1092.34,VIREMENT,VALIDE,Facture F-2027-56184
10544,2027-11-09,1,5,605.62,CARTE,VALIDE,Facture F-2027-89182
10545,2027-11-09,36,5,513.76,MOBILE_MONEY,VALIDE,Facture F-2027-47733
10546,2027-11-09,61,5,317.35,ESPECES,VALIDE,Facture F-2027-05215
10547,2027-11-09,8,3,134.66,CHEQUE,VALIDE,Facture F-2027-82242
10548,2027-11-09,15,3,260.70,VIREMENT,VALIDE,Facture F-2027-20604
10549,2027-11-09,34,2,2024.40,CARTE,VALIDE,Facture F-2027-20920
10550,2027-11-09,NULL,10,1316.66,CARTE,VALIDE,Dépense Énergie et eau
10551,2027-11-09,NULL,12,2285.67,CARTE,VALIDE,Dépense Assurances
10552,2027-11-09,NULL,11,2367.65,VIREMENT,VALIDE,Dépense Transport et logistique
10553,2027-11-09,NULL,9,381.67,ESPECES,VALIDE,Dépense Fournitures et consommables
10554,2027-11-10,1,5,803.06,VIREMENT,VALIDE,Facture F-2027-40785
10555,2027-11-10,47,5,1040.05,CHEQUE,VALIDE,Facture F-2027-14514
10556,2027-11-10,21,4,559.74,VIREMENT,VALIDE,Facture F-2027-09312
10557,2027-11-10,10,5,352.21,CHEQUE,VALIDE,Facture F-2027-21146
10558,2027-11-10,10,1,2548.85,VIREMENT,VALIDE,Facture F-2027-09921
10559,2027-11-10,NULL,11,5059.73,VIREMENT,VALIDE,Dépense Transport et logistique
10560,2027-11-10,NULL,10,111.76,VIREMENT,VALIDE,Dépense Énergie et eau
10561,2027-11-11,34,3,400.50,ESPECES,VALIDE,Facture F-2027-36321
10562,2027-11-11,65,4,317.25,MOBILE_MONEY,VALIDE,Facture F-2027-83260
10563,2027-11-11,47,3,148.50,MOBILE_MONEY,VALIDE,Facture F-2027-00770
10564,2027-11-11,58,2,735.75,MOBILE_MONEY,VALIDE,Facture F-2027-13074
10565,2027-11-11,36,5,1205.52,ESPECES,VALIDE,Facture F-2027-83018
10566,2027-11-11,NULL,12,1720.45,ESPECES,VALIDE,Dépense Assurances
10567,2027-11-11,NULL,9,1186.46,CARTE,VALIDE,Dépense Fournitures et consommables
10568,2027-11-11,NULL,13,1488.57,CARTE,EN_ATTENTE,Dépense Impôts et taxes
10569,2027-11-12,28,4,299.45,CHEQUE,VALIDE,Facture F-2027-68157
10570,2027-11-12,41,4,1119.41,CHEQUE,VALIDE,Facture F-2027-15641
10571,2027-11-12,13,2,2096.44,VIREMENT,VALIDE,Facture F-2027-07605
10572,2027-11-12,11,3,189.64,CARTE,VALIDE,Facture F-2027-34653
10573,2027-11-12,34,1,2063.01,CARTE,VALIDE,Facture F-2027-77727
10574,2027-11-12,33,2,1008.84,CARTE,VALIDE,Facture F-2027-67957
10575,2027-11-12,29,2,868.52,MOBILE_MONEY,VALIDE,Facture F-2027-92072
10576,2027-11-12,25,3,277.29,CHEQUE,VALIDE,Facture F-2027-11834
10577,2027-11-12,NULL,12,2138.16,MOBILE_MONEY,VALIDE,Dépense Assurances
10578,2027-11-12,NULL,10,1905.73,MOBILE_MONEY,VALIDE,Dépense Énergie et eau
10579,2027-11-12,NULL,12,1256.29,ESPECES,VALIDE,Dépense Assurances
10580,2027-11-12,NULL,8,5547.29,MOBILE_MONEY,VALIDE,Dépense Marketing et publicité
10581,2027-11-13,11,4,980.04,MOBILE_MONEY,VALIDE,Facture F-2027-53193
10582,2027-11-13,11,2,1700.73,VIREMENT,VALIDE,Facture F-2027-05007
10583,2027-11-13,7,2,1673.52,MOBILE_MONEY,VALIDE,Facture F-2027-68558
10584,2027-11-13,16,4,442.16,MOBILE_MONEY,VALIDE,Facture F-2027-33606
10585,2027-11-13,30,1,529.29,CARTE,VALIDE,Facture F-2027-57797
10586,2027-11-13,NULL,13,3491.51,ESPECES,EN_ATTENTE,Dépense Impôts et taxes
10587,2027-11-14,61,5,1218.50,CHEQUE,VALIDE,Facture F-2027-77288
10588,2027-11-14,52,1,6769.48,CHEQUE,VALIDE,Facture F-2027-46522
10589,2027-11-14,32,5,895.11,MOBILE_MONEY,VALIDE,Facture F-2027-65324
10590,2027-11-14,44,5,997.90,MOBILE_MONEY,VALIDE,Facture F-2027-30676
10591,2027-11-14,27,5,865.10,VIREMENT,VALIDE,Facture F-2027-51788
10592,2027-11-14,35,3,217.18,VIREMENT,VALIDE,Facture F-2027-71905
10593,2027-11-14,NULL,6,8482.79,MOBILE_MONEY,VALIDE,Dépense Salaires et charges sociales
10594,2027-11-15,33,3,352.63,VIREMENT,VALIDE,Facture F-2027-45391
10595,2027-11-15,2,4,296.90,MOBILE_MONEY,VALIDE,Facture F-2027-25108
10596,2027-11-15,6,4,302.67,VIREMENT,VALIDE,Facture F-2027-02302
10597,2027-11-15,NULL,15,427.25,CARTE,VALIDE,Dépense Intérêts et frais bancaires
10598,2027-11-15,NULL,10,1584.79,CARTE,VALIDE,Dépense Énergie et eau
10599,2027-11-15,NULL,7,617.86,CARTE,VALIDE,Dépense Loyers et immobilier
10600,2027-11-15,NULL,11,4618.08,VIREMENT,EN_ATTENTE,Dépense Transport et logistique
10601,2027-11-16,18,3,351.74,ESPECES,VALIDE,Facture F-2027-30582
10602,2027-11-16,33,5,1332.16,CARTE,VALIDE,Facture F-2027-60775
10603,2027-11-16,5,2,595.06,CARTE,VALIDE,Facture F-2027-90899
10604,2027-11-16,NULL,7,2135.82,ESPECES,VALIDE,Dépense Loyers et immobilier
10605,2027-11-16,NULL,15,507.37,ESPECES,VALIDE,Dépense Intérêts et frais bancaires
10606,2027-11-17,41,4,1073.49,CHEQUE,VALIDE,Facture F-2027-81991
10607,2027-11-17,10,1,3197.32,CARTE,VALIDE,Facture F-2027-77507
10608,2027-11-17,47,5,488.76,MOBILE_MONEY,VALIDE,Facture F-2027-14372
10609,2027-11-17,21,4,495.48,CHEQUE,VALIDE,Facture F-2027-13851
10610,2027-11-17,44,3,97.77,ESPECES,VALIDE,Facture F-2027-54927
10611,2027-11-17,NULL,14,2272.56,VIREMENT,VALIDE,Dépense Informatique et logiciels
10612,2027-11-17,NULL,14,3031.84,VIREMENT,VALIDE,Dépense Informatique et logiciels
10613,2027-11-18,29,5,593.72,MOBILE_MONEY,VALIDE,Facture F-2027-83925
10614,2027-11-18,54,3,330.11,VIREMENT,VALIDE,Facture F-2027-52250
10615,2027-11-18,5,3,344.80,CARTE,VALIDE,Facture F-2027-45469
10616,2027-11-18,15,4,1189.72,CARTE,VALIDE,Facture F-2027-49411
10617,2027-11-18,24,4,675.93,VIREMENT,VALIDE,Facture F-2027-26572
10618,2027-11-18,55,1,6261.76,ESPECES,VALIDE,Facture F-2027-90139
10619,2027-11-18,47,3,102.65,VIREMENT,VALIDE,Facture F-2027-53212
10620,2027-11-18,NULL,14,4044.78,ESPECES,VALIDE,Dépense Informatique et logiciels
10621,2027-11-19,32,5,1290.20,MOBILE_MONEY,VALIDE,Facture F-2027-29709
10622,2027-11-19,44,4,415.10,MOBILE_MONEY,VALIDE,Facture F-2027-90610
10623,2027-11-19,9,5,1204.31,ESPECES,VALIDE,Facture F-2027-35325
10624,2027-11-19,29,2,773.51,MOBILE_MONEY,VALIDE,Facture F-2027-75082
10625,2027-11-19,NULL,10,1573.92,CARTE,VALIDE,Dépense Énergie et eau
10626,2027-11-19,NULL,11,2972.57,ESPECES,EN_ATTENTE,Dépense Transport et logistique
10627,2027-11-19,NULL,13,2054.49,VIREMENT,EN_ATTENTE,Dépense Impôts et taxes
10628,2027-11-20,25,4,801.20,ESPECES,VALIDE,Facture F-2027-72865
10629,2027-11-20,37,4,786.79,CARTE,VALIDE,Facture F-2027-17296
10630,2027-11-20,50,1,4783.61,VIREMENT,VALIDE,Facture F-2027-02794
10631,2027-11-20,22,2,1802.26,MOBILE_MONEY,VALIDE,Facture F-2027-64917
10632,2027-11-20,16,2,1201.04,CARTE,VALIDE,Facture F-2027-46854
10633,2027-11-20,39,5,1011.73,VIREMENT,VALIDE,Facture F-2027-80877
10634,2027-11-20,54,4,367.64,CARTE,VALIDE,Facture F-2027-86686
10635,2027-11-20,NULL,10,922.05,ESPECES,VALIDE,Dépense Énergie et eau
10636,2027-11-20,NULL,14,2279.19,CARTE,VALIDE,Dépense Informatique et logiciels
10637,2027-11-20,NULL,8,4821.26,MOBILE_MONEY,VALIDE,Dépense Marketing et publicité
10638,2027-11-21,42,3,325.63,ESPECES,VALIDE,Facture F-2027-00853
10639,2027-11-21,22,4,817.15,MOBILE_MONEY,VALIDE,Facture F-2027-62868
10640,2027-11-21,46,4,549.65,VIREMENT,VALIDE,Facture F-2027-42542
10641,2027-11-21,26,1,4375.58,CARTE,VALIDE,Facture F-2027-07437
10642,2027-11-21,36,5,1330.26,MOBILE_MONEY,VALIDE,Facture F-2027-18295
10643,2027-11-21,58,5,1228.76,MOBILE_MONEY,VALIDE,Facture F-2027-72754
10644,2027-11-21,22,4,772.96,ESPECES,VALIDE,Facture F-2027-31162
10645,2027-11-21,63,5,1346.43,MOBILE_MONEY,VALIDE,Facture F-2027-47970
10646,2027-11-21,NULL,9,1491.62,MOBILE_MONEY,VALIDE,Dépense Fournitures et consommables
10647,2027-11-21,NULL,11,1992.66,VIREMENT,VALIDE,Dépense Transport et logistique
10648,2027-11-22,21,5,331.51,MOBILE_MONEY,VALIDE,Facture F-2027-79691
10649,2027-11-22,33,2,878.05,VIREMENT,VALIDE,Facture F-2027-87960
10650,2027-11-22,18,3,294.74,CARTE,VALIDE,Facture F-2027-83036
10651,2027-11-22,20,3,382.93,MOBILE_MONEY,VALIDE,Facture F-2027-47222
10652,2027-11-22,NULL,14,3934.31,VIREMENT,VALIDE,Dépense Informatique et logiciels
10653,2027-11-22,NULL,15,52.87,VIREMENT,VALIDE,Dépense Intérêts et frais bancaires
10654,2027-11-22,NULL,9,660.77,ESPECES,VALIDE,Dépense Fournitures et consommables
10655,2027-11-22,NULL,13,2056.18,MOBILE_MONEY,VALIDE,Dépense Impôts et taxes
10656,2027-11-23,33,2,1971.77,CHEQUE,VALIDE,Facture F-2027-77934
10657,2027-11-23,61,3,156.72,CHEQUE,VALIDE,Facture F-2027-51678
10658,2027-11-23,56,4,443.56,ESPECES,VALIDE,Facture F-2027-17999
10659,2027-11-23,64,2,2179.97,VIREMENT,VALIDE,Facture F-2027-47587
10660,2027-11-23,NULL,9,2145.72,ESPECES,VALIDE,Dépense Fournitures et consommables
10661,2027-11-23,NULL,6,16254.05,CARTE,VALIDE,Dépense Salaires et charges sociales
10662,2027-11-24,55,3,294.87,CHEQUE,VALIDE,Facture F-2027-53251
10663,2027-11-24,34,5,449.34,CHEQUE,VALIDE,Facture F-2027-02529
10664,2027-11-24,58,2,699.09,CARTE,VALIDE,Facture F-2027-77122
10665,2027-11-24,49,1,5496.52,ESPECES,VALIDE,Facture F-2027-06011
10666,2027-11-24,NULL,7,1302.96,CARTE,EN_ATTENTE,Dépense Loyers et immobilier
10667,2027-11-24,NULL,11,3911.68,VIREMENT,EN_ATTENTE,Dépense Transport et logistique
10668,2027-11-25,51,5,567.14,CARTE,VALIDE,Facture F-2027-58139
10669,2027-11-25,57,2,1003.26,MOBILE_MONEY,VALIDE,Facture F-2027-01275
10670,2027-11-25,52,4,840.20,CARTE,VALIDE,Facture F-2027-52506
10671,2027-11-25,31,1,2816.43,CARTE,VALIDE,Facture F-2027-87601
10672,2027-11-25,NULL,14,2959.96,CARTE,VALIDE,Dépense Informatique et logiciels
10673,2027-11-25,NULL,7,3621.08,ESPECES,VALIDE,Dépense Loyers et immobilier
10674,2027-11-26,20,2,1899.47,VIREMENT,VALIDE,Facture F-2027-43346
10675,2027-11-26,17,3,337.94,VIREMENT,VALIDE,Facture F-2027-16236
10676,2027-11-26,20,1,923.61,MOBILE_MONEY,VALIDE,Facture F-2027-12923
10677,2027-11-26,64,2,343.02,CHEQUE,VALIDE,Facture F-2027-45885
10678,2027-11-26,41,3,165.42,VIREMENT,VALIDE,Facture F-2027-19202
10679,2027-11-26,53,5,754.52,CARTE,VALIDE,Facture F-2027-62968
10680,2027-11-26,7,4,322.28,VIREMENT,VALIDE,Facture F-2027-49430
10681,2027-11-26,11,1,3477.73,CHEQUE,VALIDE,Facture F-2027-66412
10682,2027-11-26,NULL,9,2216.61,VIREMENT,VALIDE,Dépense Fournitures et consommables
10683,2027-11-26,NULL,13,3104.85,CARTE,VALIDE,Dépense Impôts et taxes
10684,2027-11-27,39,2,2134.27,CARTE,VALIDE,Facture F-2027-18086
10685,2027-11-27,12,5,352.61,CARTE,VALIDE,Facture F-2027-09722
10686,2027-11-27,51,4,222.28,CHEQUE,VALIDE,Facture F-2027-06092
10687,2027-11-27,NULL,15,345.08,VIREMENT,VALIDE,Dépense Intérêts et frais bancaires
10688,2027-11-27,NULL,12,1920.41,MOBILE_MONEY,VALIDE,Dépense Assurances
10689,2027-11-27,NULL,15,252.16,ESPECES,VALIDE,Dépense Intérêts et frais bancaires
10690,2027-11-27,NULL,7,2942.31,CARTE,VALIDE,Dépense Loyers et immobilier
10691,2027-11-28,19,5,992.36,CARTE,VALIDE,Facture F-2027-93632
10692,2027-11-28,58,5,1040.95,CARTE,VALIDE,Facture F-2027-74180
10693,2027-11-28,38,2,1871.13,MOBILE_MONEY,VALIDE,Facture F-2027-22828
10694,2027-11-28,51,4,986.62,MOBILE_MONEY,VALIDE,Facture F-2027-66079
10695,2027-11-28,4,1,2004.60,VIREMENT,VALIDE,Facture F-2027-67440
10696,2027-11-28,35,2,1593.78,ESPECES,VALIDE,Facture F-2027-34967
10697,2027-11-28,NULL,11,2750.74,VIREMENT,VALIDE,Dépense Transport et logistique
10698,2027-11-29,10,1,3683.72,CHEQUE,VALIDE,Facture F-2027-92253
10699,2027-11-29,31,5,1257.92,ESPECES,VALIDE,Facture F-2027-13601
10700,2027-11-29,46,5,318.31,CHEQUE,VALIDE,Facture F-2027-03170
10701,2027-11-29,31,3,373.63,MOBILE_MONEY,VALIDE,Facture F-2027-08089
10702,2027-11-29,48,4,481.86,VIREMENT,VALIDE,Facture F-2027-22895
10703,2027-11-29,37,1,5256.86,ESPECES,VALIDE,Facture F-2027-54490
10704,2027-11-29,17,1,5554.79,VIREMENT,EN_ATTENTE,Facture F-2027-90376
10705,2027-11-29,NULL,6,3603.00,VIREMENT,VALIDE,Dépense Salaires et charges sociales
10706,2027-11-29,NULL,12,1572.45,CARTE,VALIDE,Dépense Assurances
10707,2027-11-30,26,4,858.78,MOBILE_MONEY,VALIDE,Facture F-2027-90101
10708,2027-11-30,3,3,274.95,MOBILE_MONEY,VALIDE,Facture F-2027-08395
10709,2027-11-30,59,3,123.83,MOBILE_MONEY,VALIDE,Facture F-2027-56947
10710,2027-11-30,2,2,382.63,MOBILE_MONEY,VALIDE,Facture F-2027-81063
10711,2027-11-30,58,2,1530.41,CARTE,VALIDE,Facture F-2027-87775
10712,2027-11-30,25,3,314.44,CHEQUE,VALIDE,Facture F-2027-09694
10713,2027-11-30,20,5,1158.70,CARTE,VALIDE,Facture F-2027-11370
10714,2027-11-30,NULL,6,6014.61,CARTE,VALIDE,Dépense Salaires et charges sociales
10715,2027-11-30,NULL,11,1684.75,VIREMENT,EN_ATTENTE,Dépense Transport et logistique
10716,2027-11-30,NULL,13,4171.17,ESPECES,VALIDE,Dépense Impôts et taxes
10717,2027-12-01,54,2,455.28,CARTE,VALIDE,Facture F-2027-36740
10718,2027-12-01,28,2,576.56,CHEQUE,VALIDE,Facture F-2027-20213
10719,2027-12-01,21,3,370.67,CHEQUE,VALIDE,Facture F-2027-43916
10720,2027-12-01,34,1,808.41,CARTE,VALIDE,Facture F-2027-28223
10721,2027-12-01,13,3,356.53,CHEQUE,VALIDE,Facture F-2027-79629
10722,2027-12-01,29,3,303.08,CARTE,VALIDE,Facture F-2027-33963
10723,2027-12-01,8,5,445.80,CHEQUE,VALIDE,Facture F-2027-17886
10724,2027-12-01,NULL,12,2246.95,CARTE,VALIDE,Dépense Assurances
10725,2027-12-02,34,3,105.38,CARTE,VALIDE,Facture F-2027-23304
10726,2027-12-02,58,4,474.35,MOBILE_MONEY,VALIDE,Facture F-2027-99667
10727,2027-12-02,6,1,3147.71,VIREMENT,VALIDE,Facture F-2027-58932
10728,2027-12-02,48,5,1423.09,MOBILE_MONEY,VALIDE,Facture F-2027-72705
10729,2027-12-02,39,4,864.93,CHEQUE,VALIDE,Facture F-2027-25559
10730,2027-12-02,11,3,73.95,CHEQUE,VALIDE,Facture F-2027-85908
10731,2027-12-02,37,4,1095.88,CARTE,VALIDE,Facture F-2027-22450
10732,2027-12-02,53,4,1175.52,CARTE,VALIDE,Facture F-2027-12673
10733,2027-12-02,NULL,6,8007.92,VIREMENT,VALIDE,Dépense Salaires et charges sociales
10734,2027-12-02,NULL,9,883.42,VIREMENT,VALIDE,Dépense Fournitures et consommables
10735,2027-12-02,NULL,14,153.24,CARTE,VALIDE,Dépense Informatique et logiciels
10736,2027-12-03,31,1,1855.15,VIREMENT,VALIDE,Facture F-2027-04382
10737,2027-12-03,3,2,1185.77,CARTE,VALIDE,Facture F-2027-46578
10738,2027-12-03,35,3,403.83,ESPECES,VALIDE,Facture F-2027-32373
10739,2027-12-03,19,1,2217.50,CARTE,VALIDE,Facture F-2027-80541
10740,2027-12-03,27,2,2035.28,VIREMENT,VALIDE,Facture F-2027-83587
10741,2027-12-03,28,1,4173.46,CARTE,VALIDE,Facture F-2027-14272
10742,2027-12-03,61,3,149.66,ESPECES,EN_ATTENTE,Facture F-2027-93913
10743,2027-12-03,33,3,84.09,ESPECES,VALIDE,Facture F-2027-93557
10744,2027-12-03,NULL,12,1276.04,MOBILE_MONEY,VALIDE,Dépense Assurances
10745,2027-12-03,NULL,6,19539.69,ESPECES,VALIDE,Dépense Salaires et charges sociales
10746,2027-12-04,44,2,1198.91,CHEQUE,VALIDE,Facture F-2027-64794
10747,2027-12-04,44,4,355.77,ESPECES,VALIDE,Facture F-2027-44053
10748,2027-12-04,12,2,211.13,ESPECES,VALIDE,Facture F-2027-55453
10749,2027-12-04,61,1,2677.49,CHEQUE,VALIDE,Facture F-2027-06175
10750,2027-12-04,43,3,287.04,VIREMENT,VALIDE,Facture F-2027-29269
10751,2027-12-04,21,2,1936.99,CARTE,VALIDE,Facture F-2027-83492
10752,2027-12-04,NULL,13,1370.60,CARTE,VALIDE,Dépense Impôts et taxes
10753,2027-12-04,NULL,11,1704.22,VIREMENT,VALIDE,Dépense Transport et logistique
10754,2027-12-05,7,1,7214.81,ESPECES,VALIDE,Facture F-2027-52582
10755,2027-12-05,12,5,346.39,VIREMENT,VALIDE,Facture F-2027-95625
10756,2027-12-05,40,1,5644.53,VIREMENT,VALIDE,Facture F-2027-53893
10757,2027-12-05,15,4,996.86,CARTE,VALIDE,Facture F-2027-28310
10758,2027-12-05,NULL,8,7080.53,VIREMENT,VALIDE,Dépense Marketing et publicité
10759,2027-12-05,NULL,9,200.30,ESPECES,VALIDE,Dépense Fournitures et consommables
10760,2027-12-05,NULL,11,4009.96,CARTE,VALIDE,Dépense Transport et logistique
10761,2027-12-05,NULL,10,673.67,CARTE,VALIDE,Dépense Énergie et eau
10762,2027-12-06,56,3,369.98,MOBILE_MONEY,VALIDE,Facture F-2027-98087
10763,2027-12-06,26,2,529.49,MOBILE_MONEY,VALIDE,Facture F-2027-30346
10764,2027-12-06,16,3,405.74,VIREMENT,VALIDE,Facture F-2027-66579
10765,2027-12-06,22,3,156.13,CHEQUE,VALIDE,Facture F-2027-70534
10766,2027-12-06,NULL,13,2977.64,ESPECES,VALIDE,Dépense Impôts et taxes
10767,2027-12-06,NULL,9,1499.80,CARTE,VALIDE,Dépense Fournitures et consommables
10768,2027-12-06,NULL,6,8931.86,VIREMENT,VALIDE,Dépense Salaires et charges sociales
10769,2027-12-06,NULL,15,263.43,ESPECES,EN_ATTENTE,Dépense Intérêts et frais bancaires
10770,2027-12-07,9,5,351.44,CHEQUE,VALIDE,Facture F-2027-28629
10771,2027-12-07,5,4,1186.11,MOBILE_MONEY,VALIDE,Facture F-2027-79524
10772,2027-12-07,18,1,1440.41,CHEQUE,VALIDE,Facture F-2027-56094
10773,2027-12-07,NULL,7,3744.24,ESPECES,VALIDE,Dépense Loyers et immobilier
10774,2027-12-07,NULL,15,45.08,VIREMENT,VALIDE,Dépense Intérêts et frais bancaires
10775,2027-12-08,28,3,233.10,MOBILE_MONEY,VALIDE,Facture F-2027-28005
10776,2027-12-08,64,5,1476.15,CHEQUE,VALIDE,Facture F-2027-37047
10777,2027-12-08,28,2,578.35,CHEQUE,VALIDE,Facture F-2027-15386
10778,2027-12-08,27,2,2074.22,ESPECES,VALIDE,Facture F-2027-77691
10779,2027-12-08,57,3,65.27,MOBILE_MONEY,EN_ATTENTE,Facture F-2027-10417
10780,2027-12-08,9,2,1816.85,MOBILE_MONEY,VALIDE,Facture F-2027-04690
10781,2027-12-08,7,4,784.64,CARTE,VALIDE,Facture F-2027-73643
10782,2027-12-08,NULL,12,1969.06,CARTE,VALIDE,Dépense Assurances
10783,2027-12-09,54,1,7397.76,ESPECES,VALIDE,Facture F-2027-39465
10784,2027-12-09,38,4,859.91,MOBILE_MONEY,VALIDE,Facture F-2027-41784
10785,2027-12-09,9,4,856.33,CARTE,VALIDE,Facture F-2027-02745
10786,2027-12-09,16,3,366.93,CHEQUE,VALIDE,Facture F-2027-58173
10787,2027-12-09,9,5,1203.98,ESPECES,VALIDE,Facture F-2027-21353
10788,2027-12-09,22,2,1075.87,MOBILE_MONEY,VALIDE,Facture F-2027-99058
10789,2027-12-09,49,1,2656.33,ESPECES,VALIDE,Facture F-2027-81853
10790,2027-12-09,NULL,11,3042.69,ESPECES,VALIDE,Dépense Transport et logistique
10791,2027-12-09,NULL,12,2100.76,CARTE,VALIDE,Dépense Assurances
10792,2027-12-10,2,3,221.52,VIREMENT,VALIDE,Facture F-2027-26670
10793,2027-12-10,39,4,1101.04,VIREMENT,VALIDE,Facture F-2027-34068
10794,2027-12-10,17,1,1403.87,CHEQUE,VALIDE,Facture F-2027-81943
10795,2027-12-10,4,4,352.39,ESPECES,EN_ATTENTE,Facture F-2027-59850
10796,2027-12-10,12,4,693.57,CARTE,VALIDE,Facture F-2027-93814
10797,2027-12-10,49,4,811.17,VIREMENT,VALIDE,Facture F-2027-23012
10798,2027-12-10,NULL,12,2043.80,VIREMENT,VALIDE,Dépense Assurances
10799,2027-12-10,NULL,11,6080.39,VIREMENT,VALIDE,Dépense Transport et logistique
10800,2027-12-11,21,3,141.38,CARTE,VALIDE,Facture F-2027-12059
10801,2027-12-11,58,5,1387.98,ESPECES,VALIDE,Facture F-2027-67120
10802,2027-12-11,41,3,262.18,CARTE,VALIDE,Facture F-2027-56343
10803,2027-12-11,46,5,1356.47,CHEQUE,VALIDE,Facture F-2027-63705
10804,2027-12-11,48,3,81.63,MOBILE_MONEY,VALIDE,Facture F-2027-39985
10805,2027-12-11,60,4,896.19,MOBILE_MONEY,VALIDE,Facture F-2027-62099
10806,2027-12-11,NULL,7,3052.66,VIREMENT,EN_ATTENTE,Dépense Loyers et immobilier
10807,2027-12-11,NULL,13,3325.89,CARTE,VALIDE,Dépense Impôts et taxes
10808,2027-12-12,44,4,1189.62,MOBILE_MONEY,VALIDE,Facture F-2027-65517
10809,2027-12-12,33,4,611.26,ESPECES,VALIDE,Facture F-2027-31637
10810,2027-12-12,52,5,438.48,MOBILE_MONEY,VALIDE,Facture F-2027-47598
10811,2027-12-12,NULL,7,3182.71,ESPECES,VALIDE,Dépense Loyers et immobilier
10812,2027-12-12,NULL,12,762.34,ESPECES,VALIDE,Dépense Assurances
10813,2027-12-13,54,2,776.18,CHEQUE,VALIDE,Facture F-2027-67752
10814,2027-12-13,45,2,1052.46,CHEQUE,VALIDE,Facture F-2027-04574
10815,2027-12-13,61,5,525.31,CARTE,VALIDE,Facture F-2027-16122
10816,2027-12-13,50,3,240.80,VIREMENT,VALIDE,Facture F-2027-99393
10817,2027-12-13,49,3,92.29,VIREMENT,VALIDE,Facture F-2027-82519
10818,2027-12-13,55,2,995.64,VIREMENT,VALIDE,Facture F-2027-14035
10819,2027-12-13,59,1,2778.64,ESPECES,VALIDE,Facture F-2027-46242
10820,2027-12-13,26,3,162.94,CARTE,VALIDE,Facture F-2027-41744
10821,2027-12-13,NULL,12,2630.40,VIREMENT,VALIDE,Dépense Assurances
10822,2027-12-13,NULL,15,113.21,CARTE,VALIDE,Dépense Intérêts et frais bancaires
10823,2027-12-13,NULL,13,4659.28,MOBILE_MONEY,VALIDE,Dépense Impôts et taxes
10824,2027-12-13,NULL,14,943.04,ESPECES,VALIDE,Dépense Informatique et logiciels
10825,2027-12-14,26,2,791.21,MOBILE_MONEY,VALIDE,Facture F-2027-59244
10826,2027-12-14,30,1,1366.40,CHEQUE,VALIDE,Facture F-2027-71450
10827,2027-12-14,9,5,405.99,CHEQUE,VALIDE,Facture F-2027-91676
10828,2027-12-14,37,2,2184.51,ESPECES,VALIDE,Facture F-2027-62865
10829,2027-12-14,NULL,10,681.40,CARTE,EN_ATTENTE,Dépense Énergie et eau
10830,2027-12-14,NULL,9,751.29,ESPECES,VALIDE,Dépense Fournitures et consommables
10831,2027-12-15,38,4,1041.03,MOBILE_MONEY,VALIDE,Facture F-2027-83883
10832,2027-12-15,8,5,1244.37,MOBILE_MONEY,VALIDE,Facture F-2027-68823
10833,2027-12-15,33,3,435.69,MOBILE_MONEY,VALIDE,Facture F-2027-66938
10834,2027-12-15,26,4,1136.56,MOBILE_MONEY,VALIDE,Facture F-2027-25619
10835,2027-12-15,56,4,317.61,MOBILE_MONEY,VALIDE,Facture F-2027-34385
10836,2027-12-15,12,2,586.19,ESPECES,VALIDE,Facture F-2027-38030
10837,2027-12-15,NULL,15,556.31,CARTE,VALIDE,Dépense Intérêts et frais bancaires
10838,2027-12-16,33,5,1001.45,CARTE,VALIDE,Facture F-2027-67387
10839,2027-12-16,65,3,351.30,MOBILE_MONEY,EN_ATTENTE,Facture F-2027-27075
10840,2027-12-16,63,1,2936.55,CARTE,VALIDE,Facture F-2027-02410
10841,2027-12-16,NULL,10,1894.40,ESPECES,VALIDE,Dépense Énergie et eau
10842,2027-12-16,NULL,13,4973.00,MOBILE_MONEY,VALIDE,Dépense Impôts et taxes
10843,2027-12-16,NULL,13,3131.08,VIREMENT,EN_ATTENTE,Dépense Impôts et taxes
10844,2027-12-17,13,4,1052.76,CHEQUE,VALIDE,Facture F-2027-42887
10845,2027-12-17,4,5,1060.11,CARTE,EN_ATTENTE,Facture F-2027-76760
10846,2027-12-17,31,3,320.81,CHEQUE,VALIDE,Facture F-2027-55756
10847,2027-12-17,46,3,91.92,MOBILE_MONEY,VALIDE,Facture F-2027-52545
10848,2027-12-17,40,4,310.11,CARTE,VALIDE,Facture F-2027-00538
10849,2027-12-17,52,1,3703.98,CARTE,VALIDE,Facture F-2027-61177
10850,2027-12-17,NULL,13,1200.38,ESPECES,EN_ATTENTE,Dépense Impôts et taxes
10851,2027-12-17,NULL,12,2997.14,ESPECES,VALIDE,Dépense Assurances
10852,2027-12-17,NULL,9,2067.96,CARTE,VALIDE,Dépense Fournitures et consommables
10853,2027-12-18,9,5,1392.19,CHEQUE,VALIDE,Facture F-2027-95453
10854,2027-12-18,36,4,860.60,ESPECES,EN_ATTENTE,Facture F-2027-10623
10855,2027-12-18,14,2,416.03,CARTE,VALIDE,Facture F-2027-93384
10856,2027-12-18,NULL,15,563.25,MOBILE_MONEY,VALIDE,Dépense Intérêts et frais bancaires
10857,2027-12-18,NULL,8,725.39,CARTE,VALIDE,Dépense Marketing et publicité
10858,2027-12-19,8,2,1908.02,CHEQUE,VALIDE,Facture F-2027-23223
10859,2027-12-19,30,3,436.61,ESPECES,EN_ATTENTE,Facture F-2027-76721
10860,2027-12-19,7,4,628.77,VIREMENT,VALIDE,Facture F-2027-82557
10861,2027-12-19,24,2,1610.41,VIREMENT,VALIDE,Facture F-2027-36042
10862,2027-12-19,3,3,419.59,MOBILE_MONEY,VALIDE,Facture F-2027-72046
10863,2027-12-19,NULL,6,2779.01,VIREMENT,VALIDE,Dépense Salaires et charges sociales
10864,2027-12-20,63,5,1483.91,CARTE,VALIDE,Facture F-2027-44810
10865,2027-12-20,34,4,466.54,VIREMENT,VALIDE,Facture F-2027-78030
10866,2027-12-20,52,2,773.04,ESPECES,VALIDE,Facture F-2027-06187
10867,2027-12-20,37,4,736.39,ESPECES,VALIDE,Facture F-2027-83479
10868,2027-12-20,21,4,774.18,CHEQUE,VALIDE,Facture F-2027-02658
10869,2027-12-20,13,5,744.30,CARTE,VALIDE,Facture F-2027-51777
10870,2027-12-20,NULL,6,16417.40,ESPECES,VALIDE,Dépense Salaires et charges sociales
10871,2027-12-20,NULL,8,3810.73,MOBILE_MONEY,VALIDE,Dépense Marketing et publicité
10872,2027-12-20,NULL,7,1485.17,CARTE,VALIDE,Dépense Loyers et immobilier
10873,2027-12-21,43,1,6026.40,MOBILE_MONEY,VALIDE,Facture F-2027-50997
10874,2027-12-21,13,2,492.06,CARTE,VALIDE,Facture F-2027-63279
10875,2027-12-21,48,1,2484.13,CARTE,VALIDE,Facture F-2027-20118
10876,2027-12-21,38,2,503.90,MOBILE_MONEY,VALIDE,Facture F-2027-30387
10877,2027-12-21,NULL,6,5778.73,VIREMENT,VALIDE,Dépense Salaires et charges sociales
10878,2027-12-22,18,4,242.96,CHEQUE,VALIDE,Facture F-2027-58442
10879,2027-12-22,8,4,466.03,VIREMENT,VALIDE,Facture F-2027-25444
10880,2027-12-22,4,4,1177.07,MOBILE_MONEY,VALIDE,Facture F-2027-39697
10881,2027-12-22,20,1,1759.10,ESPECES,VALIDE,Facture F-2027-72492
10882,2027-12-22,NULL,14,2579.43,MOBILE_MONEY,VALIDE,Dépense Informatique et logiciels
10883,2027-12-22,NULL,13,309.25,MOBILE_MONEY,VALIDE,Dépense Impôts et taxes
10884,2027-12-22,NULL,7,429.40,VIREMENT,VALIDE,Dépense Loyers et immobilier
10885,2027-12-23,21,3,101.24,CHEQUE,VALIDE,Facture F-2027-61868
10886,2027-12-23,57,2,769.16,CARTE,EN_ATTENTE,Facture F-2027-37349
10887,2027-12-23,19,4,582.23,VIREMENT,VALIDE,Facture F-2027-07278
10888,2027-12-23,NULL,7,1671.82,VIREMENT,VALIDE,Dépense Loyers et immobilier
10889,2027-12-23,NULL,9,2312.04,CARTE,VALIDE,Dépense Fournitures et consommables
10890,2027-12-23,NULL,7,3961.46,ESPECES,VALIDE,Dépense Loyers et immobilier
10891,2027-12-23,NULL,14,3142.78,VIREMENT,VALIDE,Dépense Informatique et logiciels
10892,2027-12-24,46,3,387.44,VIREMENT,VALIDE,Facture F-2027-41801
10893,2027-12-24,65,4,203.03,CARTE,VALIDE,Facture F-2027-12561
10894,2027-12-24,28,4,1018.85,MOBILE_MONEY,VALIDE,Facture F-2027-40662
10895,2027-12-24,14,4,1149.00,CHEQUE,VALIDE,Facture F-2027-08311
10896,2027-12-24,46,3,350.03,CHEQUE,VALIDE,Facture F-2027-00500
10897,2027-12-24,2,4,438.07,CHEQUE,VALIDE,Facture F-2027-97565
10898,2027-12-24,NULL,10,1540.28,ESPECES,EN_ATTENTE,Dépense Énergie et eau
10899,2027-12-24,NULL,10,125.34,MOBILE_MONEY,VALIDE,Dépense Énergie et eau
10900,2027-12-25,22,1,4880.65,MOBILE_MONEY,VALIDE,Facture F-2027-96981
10901,2027-12-25,34,3,88.93,ESPECES,VALIDE,Facture F-2027-51784
10902,2027-12-25,26,4,781.14,CHEQUE,VALIDE,Facture F-2027-71356
10903,2027-12-25,4,1,1693.32,CHEQUE,VALIDE,Facture F-2027-21442
10904,2027-12-25,NULL,7,3991.97,VIREMENT,VALIDE,Dépense Loyers et immobilier
10905,2027-12-25,NULL,7,1730.24,ESPECES,VALIDE,Dépense Loyers et immobilier
10906,2027-12-25,NULL,7,797.40,CARTE,VALIDE,Dépense Loyers et immobilier
10907,2027-12-25,NULL,10,1063.27,ESPECES,VALIDE,Dépense Énergie et eau
10908,2027-12-26,24,3,177.90,MOBILE_MONEY,VALIDE,Facture F-2027-34134
10909,2027-12-26,15,1,7290.22,CHEQUE,VALIDE,Facture F-2027-97838
10910,2027-12-26,48,4,638.85,MOBILE_MONEY,VALIDE,Facture F-2027-22247
10911,2027-12-26,NULL,11,2908.97,CARTE,VALIDE,Dépense Transport et logistique
10912,2027-12-27,63,5,1288.38,MOBILE_MONEY,VALIDE,Facture F-2027-35675
10913,2027-12-27,34,1,2164.06,ESPECES,VALIDE,Facture F-2027-12492
10914,2027-12-27,65,1,5462.84,CHEQUE,VALIDE,Facture F-2027-25829
10915,2027-12-27,33,2,1665.03,MOBILE_MONEY,VALIDE,Facture F-2027-26527
10916,2027-12-27,28,3,363.74,CHEQUE,VALIDE,Facture F-2027-19988
10917,2027-12-27,NULL,12,1236.66,MOBILE_MONEY,VALIDE,Dépense Assurances
10918,2027-12-28,60,1,1774.36,CARTE,EN_ATTENTE,Facture F-2027-38679
10919,2027-12-28,33,4,481.45,MOBILE_MONEY,EN_ATTENTE,Facture F-2027-05840
10920,2027-12-28,13,1,5854.54,CHEQUE,VALIDE,Facture F-2027-50326
10921,2027-12-28,52,4,211.33,CARTE,VALIDE,Facture F-2027-81659
10922,2027-12-28,13,1,4322.01,CARTE,VALIDE,Facture F-2027-46853
10923,2027-12-28,54,3,366.59,VIREMENT,VALIDE,Facture F-2027-27961
10924,2027-12-28,NULL,6,2705.59,CARTE,VALIDE,Dépense Salaires et charges sociales
10925,2027-12-29,3,1,7401.77,CARTE,VALIDE,Facture F-2027-44727
10926,2027-12-29,30,2,561.39,CARTE,VALIDE,Facture F-2027-28032
10927,2027-12-29,31,2,1376.41,CHEQUE,VALIDE,Facture F-2027-01990
10928,2027-12-29,9,4,910.69,MOBILE_MONEY,VALIDE,Facture F-2027-27253
10929,2027-12-29,15,3,418.00,MOBILE_MONEY,VALIDE,Facture F-2027-82655
10930,2027-12-29,NULL,11,3307.96,CARTE,VALIDE,Dépense Transport et logistique
10931,2027-12-29,NULL,14,722.98,CARTE,VALIDE,Dépense Informatique et logiciels
10932,2027-12-30,4,5,942.56,CHEQUE,VALIDE,Facture F-2027-41553
10933,2027-12-30,17,2,970.11,MOBILE_MONEY,VALIDE,Facture F-2027-09938
10934,2027-12-30,27,4,1025.15,VIREMENT,VALIDE,Facture F-2027-63437
10935,2027-12-30,9,1,3981.42,CHEQUE,VALIDE,Facture F-2027-74365
10936,2027-12-30,33,1,896.47,MOBILE_MONEY,VALIDE,Facture F-2027-97559
10937,2027-12-30,44,3,375.42,MOBILE_MONEY,VALIDE,Facture F-2027-39104
10938,2027-12-30,30,4,322.32,MOBILE_MONEY,VALIDE,Facture F-2027-78613
10939,2027-12-31,62,4,884.40,CHEQUE,VALIDE,Facture F-2027-48576
10940,2027-12-31,57,5,1210.66,MOBILE_MONEY,VALIDE,Facture F-2027-09255
10941,2027-12-31,8,4,721.02,CHEQUE,VALIDE,Facture F-2027-51372
